NAME,VAL,TYPE,EVENT_WL,EVENT_CHEM,COLLECTION_PURPOSE,CP_note,XCOORDS,YCOORDS,ZCOORDS,GW_AREA_OF_INTEREST,ELE_m_df4,Easting,Northing,ELE_m_new,Concentration,Type,Elev_flag,Unnamed: 7,ELE_m,Nearby_Wells,index_right,ID,I,J,HSU,NAME_norm,Final_Assignment
299-W10-201,2.5,CHARACTERIZATION,na,2023-04-24 13:30:00,C,,566017.2,136957.24,214.203,200-ZP,133.91899999999998,,,,,,Calc,,133.91899999999998,[],1183.0,1184.0,21.0,4.0,6_rwie,299-W10-201,UU/MU
299-W10-201,2.5,CHARACTERIZATION,na,2023-04-24 13:30:00,C,,566017.2,136957.24,214.203,200-ZP,133.91899999999998,,,,,,Calc,,133.91899999999998,[],1183.0,1184.0,21.0,4.0,6_rwie,299-W10-201,UU/MU
299-W10-201,2.5,CHARACTERIZATION,na,2023-04-24 13:30:00,C,,566017.2,136957.24,214.203,200-ZP,133.91899999999998,,,,,,Calc,,133.91899999999998,[],1183.0,1184.0,21.0,4.0,6_rwie,299-W10-201,UU/MU
299-W10-201,2.5,CHARACTERIZATION,na,2023-04-26 09:50:00,C,,566017.2,136957.24,214.203,200-ZP,128.707,,,,,,Calc,,128.707,[],1183.0,1184.0,21.0,4.0,6_rwie,299-W10-201,UU/MU
299-W10-201,2.5,CHARACTERIZATION,na,2023-04-26 09:50:00,C,,566017.2,136957.24,214.203,200-ZP,128.707,,,,,,Calc,,128.707,[],1183.0,1184.0,21.0,4.0,6_rwie,299-W10-201,UU/MU
299-W10-201,2.5,CHARACTERIZATION,na,2023-04-26 09:50:00,C,,566017.2,136957.24,214.203,200-ZP,128.707,,,,,,Calc,,128.707,[],1183.0,1184.0,21.0,4.0,6_rwie,299-W10-201,UU/MU
299-W10-202,2.5,CHARACTERIZATION,na,2023-06-20 13:10:00,C,,566015.96,136906.28,214.431,200-ZP,135.181,,,,,,Calc,,135.181,[],1242.0,1243.0,22.0,4.0,6_rwie,299-W10-202,UU/MU
299-W10-202,2.5,CHARACTERIZATION,na,2023-06-20 13:10:00,C,,566015.96,136906.28,214.431,200-ZP,135.181,,,,,,Calc,,135.181,[],1242.0,1243.0,22.0,4.0,6_rwie,299-W10-202,UU/MU
299-W10-202,2.5,CHARACTERIZATION,na,2023-06-20 13:10:00,C,,566015.96,136906.28,214.431,200-ZP,135.181,,,,,,Calc,,135.181,[],1242.0,1243.0,22.0,4.0,6_rwie,299-W10-202,UU/MU
299-W10-202,2.5,CHARACTERIZATION,na,2023-06-21 13:31:00,C,,566015.96,136906.28,214.431,200-ZP,130.154,,,,,,Calc,,130.154,[],1242.0,1243.0,22.0,4.0,6_rwie,299-W10-202,UU/MU
299-W10-202,2.5,CHARACTERIZATION,na,2023-06-21 13:31:00,C,,566015.96,136906.28,214.431,200-ZP,130.154,,,,,,Calc,,130.154,[],1242.0,1243.0,22.0,4.0,6_rwie,299-W10-202,UU/MU
299-W10-202,2.5,CHARACTERIZATION,na,2023-06-21 13:31:00,C,,566015.96,136906.28,214.431,200-ZP,130.154,,,,,,Calc,,130.154,[],1242.0,1243.0,22.0,4.0,6_rwie,299-W10-202,UU/MU
299-W10-203,1.3,CHARACTERIZATION,na,2023-09-13 12:00:00,C,,566018.8,136710.81,213.67,200-ZP,135.093,,,,,,Calc,,135.093,[],1360.0,1361.0,24.0,4.0,6_rwie,299-W10-203,UU/MU
299-W10-203,1.3,CHARACTERIZATION,na,2023-09-13 12:00:00,C,,566018.8,136710.81,213.67,200-ZP,135.093,,,,,,Calc,,135.093,[],1360.0,1361.0,24.0,4.0,6_rwie,299-W10-203,UU/MU
299-W10-203,1.3,CHARACTERIZATION,na,2023-09-13 12:00:00,C,,566018.8,136710.81,213.67,200-ZP,135.093,,,,,,Calc,,135.093,[],1360.0,1361.0,24.0,4.0,6_rwie,299-W10-203,UU/MU
299-W10-203,1.3,CHARACTERIZATION,na,2023-09-18 10:20:00,C,,566018.8,136710.81,213.67,200-ZP,128.32999999999998,,,,,,Calc,,128.32999999999998,[],1360.0,1361.0,24.0,4.0,6_rwie,299-W10-203,UU/MU
299-W10-203,1.3,CHARACTERIZATION,na,2023-09-18 10:20:00,C,,566018.8,136710.81,213.67,200-ZP,128.32999999999998,,,,,,Calc,,128.32999999999998,[],1360.0,1361.0,24.0,4.0,6_rwie,299-W10-203,UU/MU
299-W10-203,1.3,CHARACTERIZATION,na,2023-09-18 10:20:00,C,,566018.8,136710.81,213.67,200-ZP,128.32999999999998,,,,,,Calc,,128.32999999999998,[],1360.0,1361.0,24.0,4.0,6_rwie,299-W10-203,UU/MU
299-W10-203,1.83,CHARACTERIZATION,na,2023-09-19 12:20:00,C,,566018.8,136710.81,213.67,200-ZP,122.53,,,,,,Calc,,122.53,[],1360.0,1361.0,24.0,4.0,6_rwie,299-W10-203,UU/MU
299-W10-203,1.83,CHARACTERIZATION,na,2023-09-19 12:20:00,C,,566018.8,136710.81,213.67,200-ZP,122.53,,,,,,Calc,,122.53,[],1360.0,1361.0,24.0,4.0,6_rwie,299-W10-203,UU/MU
299-W10-203,1.83,CHARACTERIZATION,na,2023-09-19 12:20:00,C,,566018.8,136710.81,213.67,200-ZP,122.53,,,,,,Calc,,122.53,[],1360.0,1361.0,24.0,4.0,6_rwie,299-W10-203,UU/MU
299-W10-203,9.7,CHARACTERIZATION,na,2023-09-21 10:43:00,C,,566018.8,136710.81,213.67,200-ZP,116.866,,,,,,Calc,,116.866,[],1360.0,1361.0,24.0,4.0,6_rwie,299-W10-203,UU/MU
299-W10-203,9.7,CHARACTERIZATION,na,2023-09-21 10:43:00,C,,566018.8,136710.81,213.67,200-ZP,116.866,,,,,,Calc,,116.866,[],1360.0,1361.0,24.0,4.0,6_rwie,299-W10-203,UU/MU
299-W10-203,9.7,CHARACTERIZATION,na,2023-09-21 10:43:00,C,,566018.8,136710.81,213.67,200-ZP,116.866,,,,,,Calc,,116.866,[],1360.0,1361.0,24.0,4.0,6_rwie,299-W10-203,UU/MU
299-W10-203,7.72,CHARACTERIZATION,na,2023-09-26 12:16:00,C,,566018.8,136710.81,213.67,200-ZP,110.67,,,,,,Calc,,110.67,[],1360.0,1361.0,24.0,4.0,6_rwie,299-W10-203,UU/MU
299-W10-203,7.72,CHARACTERIZATION,na,2023-09-26 12:16:00,C,,566018.8,136710.81,213.67,200-ZP,110.67,,,,,,Calc,,110.67,[],1360.0,1361.0,24.0,4.0,6_rwie,299-W10-203,UU/MU
299-W10-203,7.72,CHARACTERIZATION,na,2023-09-26 12:16:00,C,,566018.8,136710.81,213.67,200-ZP,110.67,,,,,,Calc,,110.67,[],1360.0,1361.0,24.0,4.0,6_rwie,299-W10-203,UU/MU
299-W10-203,16.5,CHARACTERIZATION,na,2023-09-28 08:55:00,C,,566018.8,136710.81,213.67,200-ZP,104.57,,,,,,Calc,,104.57,[],1360.0,1361.0,24.0,4.0,6_rwie,299-W10-203,UU/MU
299-W10-203,16.5,CHARACTERIZATION,na,2023-09-28 08:55:00,C,,566018.8,136710.81,213.67,200-ZP,104.57,,,,,,Calc,,104.57,[],1360.0,1361.0,24.0,4.0,6_rwie,299-W10-203,UU/MU
299-W10-203,16.5,CHARACTERIZATION,na,2023-09-28 08:55:00,C,,566018.8,136710.81,213.67,200-ZP,104.57,,,,,,Calc,,104.57,[],1360.0,1361.0,24.0,4.0,6_rwie,299-W10-203,UU/MU
299-W10-203,18.5,CHARACTERIZATION,na,2023-10-03 09:02:00,C,,566018.8,136710.81,213.67,200-ZP,98.46999999999998,,,,,,Calc,,98.46999999999998,[],1360.0,1361.0,24.0,4.0,6_rwie,299-W10-203,UU/MU
299-W10-203,18.5,CHARACTERIZATION,na,2023-10-03 09:02:00,C,,566018.8,136710.81,213.67,200-ZP,98.46999999999998,,,,,,Calc,,98.46999999999998,[],1360.0,1361.0,24.0,4.0,6_rwie,299-W10-203,UU/MU
299-W10-203,18.5,CHARACTERIZATION,na,2023-10-03 09:02:00,C,,566018.8,136710.81,213.67,200-ZP,98.46999999999998,,,,,,Calc,,98.46999999999998,[],1360.0,1361.0,24.0,4.0,6_rwie,299-W10-203,UU/MU
299-W10-203,3.39,CHARACTERIZATION,na,2023-10-04 12:50:00,C,,566018.8,136710.81,213.67,200-ZP,92.37,,,,,,Calc,,92.37,[],1360.0,1361.0,24.0,4.0,6_rwie,299-W10-203,UU/MU
299-W10-203,3.39,CHARACTERIZATION,na,2023-10-04 12:50:00,C,,566018.8,136710.81,213.67,200-ZP,92.37,,,,,,Calc,,92.37,[],1360.0,1361.0,24.0,4.0,6_rwie,299-W10-203,UU/MU
299-W10-203,3.39,CHARACTERIZATION,na,2023-10-04 12:50:00,C,,566018.8,136710.81,213.67,200-ZP,92.37,,,,,,Calc,,92.37,[],1360.0,1361.0,24.0,4.0,6_rwie,299-W10-203,UU/MU
299-W10-203,2.5,CHARACTERIZATION,na,2023-10-06 09:40:00,C,,566018.8,136710.81,213.67,200-ZP,86.26999999999998,,,,,,Calc,,86.26999999999998,[],1360.0,1361.0,24.0,4.0,6_rwie,299-W10-203,UU/MU
299-W10-203,2.5,CHARACTERIZATION,na,2023-10-06 09:40:00,C,,566018.8,136710.81,213.67,200-ZP,86.26999999999998,,,,,,Calc,,86.26999999999998,[],1360.0,1361.0,24.0,4.0,6_rwie,299-W10-203,UU/MU
299-W10-203,2.5,CHARACTERIZATION,na,2023-10-06 09:40:00,C,,566018.8,136710.81,213.67,200-ZP,86.26999999999998,,,,,,Calc,,86.26999999999998,[],1360.0,1361.0,24.0,4.0,6_rwie,299-W10-203,UU/MU
299-W10-203,2.5,CHARACTERIZATION,na,2023-10-11 09:30:00,C,,566018.8,136710.81,213.67,200-ZP,80.16999999999999,,,,,,Calc,,80.16999999999999,[],1360.0,1361.0,24.0,4.0,5_rlm,299-W10-203,UU/MU
299-W10-203,2.5,CHARACTERIZATION,na,2023-10-11 09:30:00,C,,566018.8,136710.81,213.67,200-ZP,80.16999999999999,,,,,,Calc,,80.16999999999999,[],1360.0,1361.0,24.0,4.0,5_rlm,299-W10-203,UU/MU
299-W10-203,2.5,CHARACTERIZATION,na,2023-10-11 09:30:00,C,,566018.8,136710.81,213.67,200-ZP,80.16999999999999,,,,,,Calc,,80.16999999999999,[],1360.0,1361.0,24.0,4.0,5_rlm,299-W10-203,UU/MU
299-W10-203,9.35,CHARACTERIZATION,na,2023-10-18 09:50:00,C,,566018.8,136710.81,213.67,200-ZP,61.78999999999999,,,,,,Calc,,61.78999999999999,[],1360.0,1361.0,24.0,4.0,4_rwia,299-W10-203,UU/MU
299-W10-203,9.35,CHARACTERIZATION,na,2023-10-18 09:50:00,C,,566018.8,136710.81,213.67,200-ZP,61.78999999999999,,,,,,Calc,,61.78999999999999,[],1360.0,1361.0,24.0,4.0,4_rwia,299-W10-203,UU/MU
299-W10-203,9.35,CHARACTERIZATION,na,2023-10-18 09:50:00,C,,566018.8,136710.81,213.67,200-ZP,61.78999999999999,,,,,,Calc,,61.78999999999999,[],1360.0,1361.0,24.0,4.0,4_rwia,299-W10-203,UU/MU
299-W10-203,2.5,CHARACTERIZATION,na,2023-10-19 11:28:00,C,,566018.8,136710.81,213.67,200-ZP,55.839999999999975,,,,,,Calc,,55.839999999999975,[],1360.0,1361.0,24.0,4.0,4_rwia,299-W10-203,UU/MU
299-W10-203,2.5,CHARACTERIZATION,na,2023-10-19 11:28:00,C,,566018.8,136710.81,213.67,200-ZP,55.839999999999975,,,,,,Calc,,55.839999999999975,[],1360.0,1361.0,24.0,4.0,4_rwia,299-W10-203,UU/MU
299-W10-203,2.5,CHARACTERIZATION,na,2023-10-19 11:28:00,C,,566018.8,136710.81,213.67,200-ZP,55.839999999999975,,,,,,Calc,,55.839999999999975,[],1360.0,1361.0,24.0,4.0,4_rwia,299-W10-203,UU/MU
299-W10-204,2.98,CHARACTERIZATION,na,2022-07-19 10:10:00,C,,566256.17,136901.49,210.602,200-ZP,132.572,,,,,,Calc,,132.572,[],1245.0,1246.0,22.0,7.0,5_rlm,299-W10-204,UU/MU
299-W10-204,2.98,CHARACTERIZATION,na,2022-07-19 10:10:00,C,,566256.17,136901.49,210.602,200-ZP,132.572,,,,,,Calc,,132.572,[],1245.0,1246.0,22.0,7.0,5_rlm,299-W10-204,UU/MU
299-W10-204,2.98,CHARACTERIZATION,na,2022-07-19 10:10:00,C,,566256.17,136901.49,210.602,200-ZP,132.572,,,,,,Calc,,132.572,[],1245.0,1246.0,22.0,7.0,5_rlm,299-W10-204,UU/MU
299-W10-204,3.38,CHARACTERIZATION,na,2022-07-20 12:09:00,C,,566256.17,136901.49,210.602,200-ZP,126.325,,,,,,Calc,,126.325,[],1245.0,1246.0,22.0,7.0,5_rlm,299-W10-204,UU/MU
299-W10-204,3.38,CHARACTERIZATION,na,2022-07-20 12:09:00,C,,566256.17,136901.49,210.602,200-ZP,126.325,,,,,,Calc,,126.325,[],1245.0,1246.0,22.0,7.0,5_rlm,299-W10-204,UU/MU
299-W10-204,3.38,CHARACTERIZATION,na,2022-07-20 12:09:00,C,,566256.17,136901.49,210.602,200-ZP,126.325,,,,,,Calc,,126.325,[],1245.0,1246.0,22.0,7.0,5_rlm,299-W10-204,UU/MU
299-W10-205,2.5,CHARACTERIZATION,na,2022-09-20 12:35:00,C,,566785.69,137184.87,208.954,200-ZP,130.59,,,,,,Calc,,130.59,[],1073.0,1074.0,19.0,12.0,5_rlm,299-W10-205,UU/MU
299-W10-205,2.5,CHARACTERIZATION,na,2022-09-20 12:35:00,C,,566785.69,137184.87,208.954,200-ZP,130.59,,,,,,Calc,,130.59,[],1073.0,1074.0,19.0,12.0,5_rlm,299-W10-205,UU/MU
299-W10-205,2.5,CHARACTERIZATION,na,2022-09-20 12:35:00,C,,566785.69,137184.87,208.954,200-ZP,130.59,,,,,,Calc,,130.59,[],1073.0,1074.0,19.0,12.0,5_rlm,299-W10-205,UU/MU
299-W10-205,2.5,CHARACTERIZATION,na,2022-09-22 11:17:00,C,,566785.69,137184.87,208.954,200-ZP,123.304,,,,,,Calc,,123.304,[],1073.0,1074.0,19.0,12.0,5_rlm,299-W10-205,UU/MU
299-W10-205,2.5,CHARACTERIZATION,na,2022-09-22 11:17:00,C,,566785.69,137184.87,208.954,200-ZP,123.304,,,,,,Calc,,123.304,[],1073.0,1074.0,19.0,12.0,5_rlm,299-W10-205,UU/MU
299-W10-205,2.5,CHARACTERIZATION,na,2022-09-22 11:17:00,C,,566785.69,137184.87,208.954,200-ZP,123.304,,,,,,Calc,,123.304,[],1073.0,1074.0,19.0,12.0,5_rlm,299-W10-205,UU/MU
299-W10-205,2.5,CHARACTERIZATION,na,2022-09-27 12:56:00,C,,566785.69,137184.87,208.954,200-ZP,118.424,,,,,,Calc,,118.424,[],1073.0,1074.0,19.0,12.0,5_rlm,299-W10-205,UU/MU
299-W10-205,2.5,CHARACTERIZATION,na,2022-09-27 12:56:00,C,,566785.69,137184.87,208.954,200-ZP,118.424,,,,,,Calc,,118.424,[],1073.0,1074.0,19.0,12.0,5_rlm,299-W10-205,UU/MU
299-W10-205,2.5,CHARACTERIZATION,na,2022-09-27 12:56:00,C,,566785.69,137184.87,208.954,200-ZP,118.424,,,,,,Calc,,118.424,[],1073.0,1074.0,19.0,12.0,5_rlm,299-W10-205,UU/MU
299-W10-205,5.18,CHARACTERIZATION,na,2022-10-06 10:25:00,C,,566785.69,137184.87,208.954,200-ZP,111.414,,,,,,Calc,,111.414,[],1073.0,1074.0,19.0,12.0,5_rlm,299-W10-205,UU/MU
299-W10-205,5.18,CHARACTERIZATION,na,2022-10-06 10:25:00,C,,566785.69,137184.87,208.954,200-ZP,111.414,,,,,,Calc,,111.414,[],1073.0,1074.0,19.0,12.0,5_rlm,299-W10-205,UU/MU
299-W10-205,5.18,CHARACTERIZATION,na,2022-10-06 10:25:00,C,,566785.69,137184.87,208.954,200-ZP,111.414,,,,,,Calc,,111.414,[],1073.0,1074.0,19.0,12.0,5_rlm,299-W10-205,UU/MU
299-W10-205,3.41,CHARACTERIZATION,na,2022-10-12 10:53:00,C,,566785.69,137184.87,208.954,200-ZP,105.354,,,,,,Calc,,105.354,[],1073.0,1074.0,19.0,12.0,5_rlm,299-W10-205,UU/MU
299-W10-205,3.41,CHARACTERIZATION,na,2022-10-12 10:53:00,C,,566785.69,137184.87,208.954,200-ZP,105.354,,,,,,Calc,,105.354,[],1073.0,1074.0,19.0,12.0,5_rlm,299-W10-205,UU/MU
299-W10-205,3.41,CHARACTERIZATION,na,2022-10-12 10:53:00,C,,566785.69,137184.87,208.954,200-ZP,105.354,,,,,,Calc,,105.354,[],1073.0,1074.0,19.0,12.0,5_rlm,299-W10-205,UU/MU
299-W10-205,2.5,CHARACTERIZATION,na,2022-10-19 12:20:00,C,,566785.69,137184.87,208.954,200-ZP,99.254,,,,,,Calc,,99.254,[],1073.0,1074.0,19.0,12.0,4_rwia,299-W10-205,UU/MU
299-W10-205,2.5,CHARACTERIZATION,na,2022-10-19 12:20:00,C,,566785.69,137184.87,208.954,200-ZP,99.254,,,,,,Calc,,99.254,[],1073.0,1074.0,19.0,12.0,4_rwia,299-W10-205,UU/MU
299-W10-205,2.5,CHARACTERIZATION,na,2022-10-19 12:20:00,C,,566785.69,137184.87,208.954,200-ZP,99.254,,,,,,Calc,,99.254,[],1073.0,1074.0,19.0,12.0,4_rwia,299-W10-205,UU/MU
299-W10-205,2.5,CHARACTERIZATION,na,2022-10-20 13:43:00,C,,566785.69,137184.87,208.954,200-ZP,93.154,,,,,,Calc,,93.154,[],1073.0,1074.0,19.0,12.0,4_rwia,299-W10-205,UU/MU
299-W10-205,2.5,CHARACTERIZATION,na,2022-10-20 13:43:00,C,,566785.69,137184.87,208.954,200-ZP,93.154,,,,,,Calc,,93.154,[],1073.0,1074.0,19.0,12.0,4_rwia,299-W10-205,UU/MU
299-W10-205,2.5,CHARACTERIZATION,na,2022-10-20 13:43:00,C,,566785.69,137184.87,208.954,200-ZP,93.154,,,,,,Calc,,93.154,[],1073.0,1074.0,19.0,12.0,4_rwia,299-W10-205,UU/MU
299-W10-205,2.71,CHARACTERIZATION,na,2022-10-25 13:35:00,C,,566785.69,137184.87,208.954,200-ZP,87.054,,,,,,Calc,,87.054,[],1073.0,1074.0,19.0,12.0,4_rwia,299-W10-205,UU/MU
299-W10-205,2.71,CHARACTERIZATION,na,2022-10-25 13:35:00,C,,566785.69,137184.87,208.954,200-ZP,87.054,,,,,,Calc,,87.054,[],1073.0,1074.0,19.0,12.0,4_rwia,299-W10-205,UU/MU
299-W10-205,2.71,CHARACTERIZATION,na,2022-10-25 13:35:00,C,,566785.69,137184.87,208.954,200-ZP,87.054,,,,,,Calc,,87.054,[],1073.0,1074.0,19.0,12.0,4_rwia,299-W10-205,UU/MU
299-W10-205,2.5,CHARACTERIZATION,na,2022-10-26 14:03:00,C,,566785.69,137184.87,208.954,200-ZP,80.95400000000001,,,,,,Calc,,80.95400000000001,[],1073.0,1074.0,19.0,12.0,4_rwia,299-W10-205,UU/MU
299-W10-205,2.5,CHARACTERIZATION,na,2022-10-26 14:03:00,C,,566785.69,137184.87,208.954,200-ZP,80.95400000000001,,,,,,Calc,,80.95400000000001,[],1073.0,1074.0,19.0,12.0,4_rwia,299-W10-205,UU/MU
299-W10-205,2.5,CHARACTERIZATION,na,2022-10-26 14:03:00,C,,566785.69,137184.87,208.954,200-ZP,80.95400000000001,,,,,,Calc,,80.95400000000001,[],1073.0,1074.0,19.0,12.0,4_rwia,299-W10-205,UU/MU
299-W10-205,2.5,CHARACTERIZATION,na,2022-10-27 13:36:00,C,,566785.69,137184.87,208.954,200-ZP,74.85400000000001,,,,,,Calc,,74.85400000000001,[],1073.0,1074.0,19.0,12.0,4_rwia,299-W10-205,UU/MU
299-W10-205,2.5,CHARACTERIZATION,na,2022-10-27 13:36:00,C,,566785.69,137184.87,208.954,200-ZP,74.85400000000001,,,,,,Calc,,74.85400000000001,[],1073.0,1074.0,19.0,12.0,4_rwia,299-W10-205,UU/MU
299-W10-205,2.5,CHARACTERIZATION,na,2022-10-27 13:36:00,C,,566785.69,137184.87,208.954,200-ZP,74.85400000000001,,,,,,Calc,,74.85400000000001,[],1073.0,1074.0,19.0,12.0,4_rwia,299-W10-205,UU/MU
299-W10-205,2.5,CHARACTERIZATION,na,2022-11-01 09:40:00,C,,566785.69,137184.87,208.954,200-ZP,68.75400000000002,,,,,,Calc,,68.75400000000002,[],1073.0,1074.0,19.0,12.0,4_rwia,299-W10-205,UU/MU
299-W10-205,2.5,CHARACTERIZATION,na,2022-11-01 09:40:00,C,,566785.69,137184.87,208.954,200-ZP,68.75400000000002,,,,,,Calc,,68.75400000000002,[],1073.0,1074.0,19.0,12.0,4_rwia,299-W10-205,UU/MU
299-W10-205,2.5,CHARACTERIZATION,na,2022-11-01 09:40:00,C,,566785.69,137184.87,208.954,200-ZP,68.75400000000002,,,,,,Calc,,68.75400000000002,[],1073.0,1074.0,19.0,12.0,4_rwia,299-W10-205,UU/MU
299-W11-100,69.4,CHARACTERIZATION,na,2024-10-31 12:10:00,C,,567605.826,136490.562,220.618,200-ZP,96.838,,,,,,Calc,,96.838,[],1494.0,1495.0,26.0,20.0,4_rwia,299-W11-100,LU/CR
299-W11-100,69.4,CHARACTERIZATION,na,2024-10-31 12:10:00,C,,567605.826,136490.562,220.618,200-ZP,96.838,,,,,,Calc,,96.838,[],1494.0,1495.0,26.0,20.0,4_rwia,299-W11-100,LU/CR
299-W11-103,2.5,CHARACTERIZATION,na,2020-10-14 12:15:00,C,,568040.73,136482.53,223.35,200-ZP,118.62,,,,,,Calc,,118.62,['299-W11-106'],1498.0,1499.0,26.0,24.0,5_rlm,299-W11-103,NAN
299-W11-103,2.5,CHARACTERIZATION,na,2020-10-15 12:47:00,C,,568040.73,136482.53,223.35,200-ZP,112.49,,,,,,Calc,,112.49,['299-W11-106'],1498.0,1499.0,26.0,24.0,5_rlm,299-W11-103,NAN
299-W11-103,2.5,CHARACTERIZATION,na,2020-10-19 10:50:00,C,,568040.73,136482.53,223.35,200-ZP,106.292,,,,,,Calc,,106.292,['299-W11-106'],1498.0,1499.0,26.0,24.0,5_rlm,299-W11-103,NAN
299-W11-103,3.93,CHARACTERIZATION,na,2020-11-03 12:02:00,C,,568040.73,136482.53,223.35,200-ZP,100.476,,,,,,Calc,,100.476,['299-W11-106'],1498.0,1499.0,26.0,24.0,4_rwia,299-W11-103,NAN
299-W11-103,5.66,CHARACTERIZATION,na,2020-11-04 10:30:00,C,,568040.73,136482.53,223.35,200-ZP,94.13899999999998,,,,,,Calc,,94.13899999999998,['299-W11-106'],1498.0,1499.0,26.0,24.0,4_rwia,299-W11-103,NAN
299-W11-103,2.83,CHARACTERIZATION,na,2020-11-09 11:41:00,C,,568040.73,136482.53,223.35,200-ZP,87.9,,,,,,Calc,,87.9,['299-W11-106'],1498.0,1499.0,26.0,24.0,4_rwia,299-W11-103,NAN
299-W11-103,4.39,CHARACTERIZATION,na,2020-11-10 11:00:00,C,,568040.73,136482.53,223.35,200-ZP,81.83699999999999,,,,,,Calc,,81.83699999999999,['299-W11-106'],1498.0,1499.0,26.0,24.0,4_rwia,299-W11-103,NAN
299-W11-103,2.51,CHARACTERIZATION,na,2021-03-16 13:38:00,C,,568040.73,136482.53,223.35,200-ZP,67.59100000000001,,,,,,Calc,,67.59100000000001,['299-W11-106'],1498.0,1499.0,26.0,24.0,0_bslt,299-W11-103,NAN
299-W11-104,2.58,CHARACTERIZATION,na,2020-09-01 12:51:00,C,,567577.67,136581.38,219.5,200-ZP,121.117,,,,,,Calc,,121.117,['299-W11-107'],1435.0,1436.0,25.0,20.0,5_rlm,299-W11-104,NAN
299-W11-104,7.78,CHARACTERIZATION,na,2020-09-08 09:10:00,C,,567577.67,136581.38,219.5,200-ZP,115.182,,,,,,Calc,,115.182,['299-W11-107'],1435.0,1436.0,25.0,20.0,5_rlm,299-W11-104,NAN
299-W11-104,29.6,CHARACTERIZATION,na,2020-09-09 08:20:00,C,,567577.67,136581.38,219.5,200-ZP,109.111,,,,,,Calc,,109.111,['299-W11-107'],1435.0,1436.0,25.0,20.0,5_rlm,299-W11-104,NAN
299-W11-104,36.68,CHARACTERIZATION,na,2020-09-10 09:24:00,C,,567577.67,136581.38,219.5,200-ZP,102.984,,,,,,Calc,,102.984,['299-W11-107'],1435.0,1436.0,25.0,20.0,4_rwia,299-W11-104,NAN
299-W11-104,22.52,CHARACTERIZATION,na,2020-09-17 10:15:00,C,,567577.67,136581.38,219.5,200-ZP,96.772,,,,,,Calc,,96.772,['299-W11-107'],1435.0,1436.0,25.0,20.0,4_rwia,299-W11-104,NAN
299-W11-104,2.5,CHARACTERIZATION,na,2020-09-21 13:13:00,C,,567577.67,136581.38,219.5,200-ZP,90.9,,,,,,Calc,,90.9,['299-W11-107'],1435.0,1436.0,25.0,20.0,4_rwia,299-W11-104,NAN
299-W11-104,2.5,CHARACTERIZATION,na,2020-09-22 11:40:00,C,,567577.67,136581.38,219.5,200-ZP,84.69,,,,,,Calc,,84.69,['299-W11-107'],1435.0,1436.0,25.0,20.0,4_rwia,299-W11-104,NAN
299-W11-104,19.22,CHARACTERIZATION,na,2020-09-23 14:03:00,C,,567577.67,136581.38,219.5,200-ZP,78.554,,,,,,Calc,,78.554,['299-W11-107'],1435.0,1436.0,25.0,20.0,4_rwia,299-W11-104,NAN
299-W11-104,2.5,CHARACTERIZATION,na,2020-09-28 14:00:00,C,,567577.67,136581.38,219.5,200-ZP,72.32400000000001,,,,,,Calc,,72.32400000000001,['299-W11-107'],1435.0,1436.0,25.0,20.0,0_bslt,299-W11-104,NAN
299-W11-104,2.5,CHARACTERIZATION,na,2020-10-01 08:45:00,C,,567577.67,136581.38,219.5,200-ZP,66.44200000000001,,,,,,Calc,,66.44200000000001,['299-W11-107'],1435.0,1436.0,25.0,20.0,0_bslt,299-W11-104,NAN
299-W11-104,2.5,CHARACTERIZATION,na,2020-10-05 14:57:00,C,,567577.67,136581.38,219.5,200-ZP,62.781000000000006,,,,,,Calc,,62.781000000000006,['299-W11-107'],1435.0,1436.0,25.0,20.0,0_bslt,299-W11-104,NAN
299-W11-106,6.77,CHARACTERIZATION,na,2023-09-18 08:03:00,C,,568036.76,136481.53,224.191,200-ZP,118.301,,,,,,Calc,,118.301,['299-W11-106'],1498.0,1499.0,26.0,24.0,5_rlm,299-W11-106,UU/MU
299-W11-106,6.77,CHARACTERIZATION,na,2023-09-18 08:03:00,C,,568036.76,136481.53,224.191,200-ZP,118.301,,,,,,Calc,,118.301,['299-W11-106'],1498.0,1499.0,26.0,24.0,5_rlm,299-W11-106,UU/MU
299-W11-107,11.4,CHARACTERIZATION,na,2023-12-14 11:07:00,C,,567573.99,136583.6,220.427,200-ZP,65.02699999999999,,,,,,Calc,,65.02699999999999,['299-W11-107'],1435.0,1436.0,25.0,20.0,0_bslt,299-W11-107,LU/CR
299-W11-107,11.4,CHARACTERIZATION,na,2023-12-14 11:07:00,C,,567573.99,136583.6,220.427,200-ZP,65.02699999999999,,,,,,Calc,,65.02699999999999,['299-W11-107'],1435.0,1436.0,25.0,20.0,0_bslt,299-W11-107,LU/CR
299-W11-116,2.91,CHARACTERIZATION,na,2024-10-02 09:50:00,C,,567928.757,136407.124,223.02,200-ZP,114.752,,,,,,Calc,,114.752,['299-W11-116'],1556.0,1557.0,27.0,23.0,5_rlm,299-W11-116,UU/MU
299-W11-116,6.34,CHARACTERIZATION,na,2024-10-03 12:37:00,C,,567928.757,136407.124,223.02,200-ZP,108.412,,,,,,Calc,,108.412,['299-W11-116'],1556.0,1557.0,27.0,23.0,5_rlm,299-W11-116,UU/MU
299-W11-116,2.5,CHARACTERIZATION,na,2024-10-07 13:14:00,C,,567928.757,136407.124,223.02,200-ZP,102.085,,,,,,Calc,,102.085,['299-W11-116'],1556.0,1557.0,27.0,23.0,4_rwia,299-W11-116,UU/MU
299-W11-116,2.5,CHARACTERIZATION,na,2024-10-08 13:40:00,C,,567928.757,136407.124,223.02,200-ZP,95.967,,,,,,Calc,,95.967,['299-W11-116'],1556.0,1557.0,27.0,23.0,4_rwia,299-W11-116,UU/MU
299-W11-116,2.5,CHARACTERIZATION,na,2024-10-09 13:40:00,C,,567928.757,136407.124,223.02,200-ZP,89.69400000000002,,,,,,Calc,,89.69400000000002,['299-W11-116'],1556.0,1557.0,27.0,23.0,4_rwia,299-W11-116,UU/MU
299-W11-116,2.5,CHARACTERIZATION,na,2024-10-14 13:21:00,C,,567928.757,136407.124,223.02,200-ZP,83.952,,,,,,Calc,,83.952,['299-W11-116'],1556.0,1557.0,27.0,23.0,4_rwia,299-W11-116,UU/MU
299-W11-116,2.5,CHARACTERIZATION,na,2024-10-16 14:11:00,C,,567928.757,136407.124,223.02,200-ZP,77.59100000000001,,,,,,Calc,,77.59100000000001,['299-W11-116'],1556.0,1557.0,27.0,23.0,4_rwia,299-W11-116,UU/MU
299-W11-116,2.5,CHARACTERIZATION,na,2024-10-29 12:11:00,C,,567928.757,136407.124,223.02,200-ZP,65.31,,,,,,Calc,,65.31,['299-W11-116'],1556.0,1557.0,27.0,23.0,0_bslt,299-W11-116,UU/MU
299-W11-49,5.27,CHARACTERIZATION,na,2024-12-12 10:21:00,C,,567361.5,135924.72,216.771,200-ZP,112.377,,,,,,Calc,,112.377,['299-W11-49'],1846.0,1847.0,32.0,18.0,5_rlm,299-W11-49,UU/MU
299-W11-49,5.27,CHARACTERIZATION,na,2024-12-12 10:21:00,C,,567361.5,135924.72,216.771,200-ZP,112.377,,,,,,Calc,,112.377,['299-W11-49'],1846.0,1847.0,32.0,18.0,5_rlm,299-W11-49,UU/MU
299-W11-50,11.1,CHARACTERIZATION,na,2024-12-12 11:26:00,C,,566966.27,136756.64,212.974,200-ZP,106.99646,,,,,,Calc,,106.99646,"['299-W11-117', '299-W11-50']",1311.0,1312.0,23.0,14.0,5_rlm,299-W11-50,UU/MU
299-W11-50,11.1,CHARACTERIZATION,na,2024-12-12 11:26:00,C,,566966.27,136756.64,212.974,200-ZP,106.99646,,,,,,Calc,,106.99646,"['299-W11-117', '299-W11-50']",1311.0,1312.0,23.0,14.0,5_rlm,299-W11-50,UU/MU
299-W11-90,41.8,CHARACTERIZATION,na,2024-12-12 11:49:00,C,,567306.79,136519.66,218.905,200-ZP,100.1884,,,,,,Calc,,100.1884,['299-W11-90'],1491.0,1492.0,26.0,17.0,5_rlm,299-W11-90,UU/MU
299-W11-90,41.8,CHARACTERIZATION,na,2024-12-12 11:49:00,C,,567306.79,136519.66,218.905,200-ZP,100.1884,,,,,,Calc,,100.1884,['299-W11-90'],1491.0,1492.0,26.0,17.0,5_rlm,299-W11-90,UU/MU
299-W11-92,5.47,CHARACTERIZATION,na,2024-12-12 11:17:00,C,,566692.86,136351.78,205.314,200-ZP,106.28,,,,,,Calc,,106.28,['299-W11-92'],1544.0,1545.0,27.0,11.0,5_rlm,299-W11-92,UU/MU
299-W11-92,5.47,CHARACTERIZATION,na,2024-12-12 11:17:00,C,,566692.86,136351.78,205.314,200-ZP,106.28,,,,,,Calc,,106.28,['299-W11-92'],1544.0,1545.0,27.0,11.0,5_rlm,299-W11-92,UU/MU
299-W11-96,77.2,CHARACTERIZATION,na,2024-06-18 11:54:00,C,,567774.83,136772.24,221.507,200-ZP,105.04192,,,,,,Calc,,105.04192,['299-W11-96'],1319.0,1320.0,23.0,22.0,4_rwia,299-W11-96,UU/MU
299-W11-96,77.2,CHARACTERIZATION,na,2024-06-18 11:54:00,C,,567774.83,136772.24,221.507,200-ZP,105.04192,,,,,,Calc,,105.04192,['299-W11-96'],1319.0,1320.0,23.0,22.0,4_rwia,299-W11-96,UU/MU
299-W11-96,63.6,CHARACTERIZATION,na,2024-12-12 08:53:00,C,,567774.83,136772.24,221.507,200-ZP,105.04192,,,,,,Calc,,105.04192,['299-W11-96'],1319.0,1320.0,23.0,22.0,4_rwia,299-W11-96,UU/MU
299-W11-96,63.6,CHARACTERIZATION,na,2024-12-12 08:53:00,C,,567774.83,136772.24,221.507,200-ZP,105.04192,,,,,,Calc,,105.04192,['299-W11-96'],1319.0,1320.0,23.0,22.0,4_rwia,299-W11-96,UU/MU
299-W11-97,2.5,CHARACTERIZATION,na,2024-12-12 11:37:00,C,,568317.57,135875.91,224.365,200-UP,94.618468,,,,,,Calc,,94.618468,['299-W11-97'],1855.0,1856.0,32.0,27.0,5_rlm,299-W11-97,UU/MU
299-W11-98,2.5,CHARACTERIZATION,na,2023-10-16 14:05:00,C,,567596.33,136479.36,220.714,200-ZP,120.892,,,,,,Calc,,120.892,[],1494.0,1495.0,26.0,20.0,5_rlm,299-W11-98,LU/CR
299-W11-98,2.5,CHARACTERIZATION,na,2023-10-16 14:05:00,C,,567596.33,136479.36,220.714,200-ZP,120.892,,,,,,Calc,,120.892,[],1494.0,1495.0,26.0,20.0,5_rlm,299-W11-98,LU/CR
299-W11-98,2.5,CHARACTERIZATION,na,2023-10-17 13:15:00,C,,567596.33,136479.36,220.714,200-ZP,115.134,,,,,,Calc,,115.134,[],1494.0,1495.0,26.0,20.0,5_rlm,299-W11-98,LU/CR
299-W11-98,2.5,CHARACTERIZATION,na,2023-10-17 13:15:00,C,,567596.33,136479.36,220.714,200-ZP,115.134,,,,,,Calc,,115.134,[],1494.0,1495.0,26.0,20.0,5_rlm,299-W11-98,LU/CR
299-W11-98,2.5,CHARACTERIZATION,na,2023-10-19 08:41:00,C,,567596.33,136479.36,220.714,200-ZP,109.094,,,,,,Calc,,109.094,[],1494.0,1495.0,26.0,20.0,5_rlm,299-W11-98,LU/CR
299-W11-98,2.5,CHARACTERIZATION,na,2023-10-19 08:41:00,C,,567596.33,136479.36,220.714,200-ZP,109.094,,,,,,Calc,,109.094,[],1494.0,1495.0,26.0,20.0,5_rlm,299-W11-98,LU/CR
299-W11-98,2.5,CHARACTERIZATION,na,2023-10-23 13:35:00,C,,567596.33,136479.36,220.714,200-ZP,102.961,,,,,,Calc,,102.961,[],1494.0,1495.0,26.0,20.0,4_rwia,299-W11-98,LU/CR
299-W11-98,2.5,CHARACTERIZATION,na,2023-10-23 13:35:00,C,,567596.33,136479.36,220.714,200-ZP,102.961,,,,,,Calc,,102.961,[],1494.0,1495.0,26.0,20.0,4_rwia,299-W11-98,LU/CR
299-W11-98,2.5,CHARACTERIZATION,na,2023-10-24 14:01:00,C,,567596.33,136479.36,220.714,200-ZP,96.877,,,,,,Calc,,96.877,[],1494.0,1495.0,26.0,20.0,4_rwia,299-W11-98,LU/CR
299-W11-98,2.5,CHARACTERIZATION,na,2023-10-24 14:01:00,C,,567596.33,136479.36,220.714,200-ZP,96.877,,,,,,Calc,,96.877,[],1494.0,1495.0,26.0,20.0,4_rwia,299-W11-98,LU/CR
299-W11-98,10.5,CHARACTERIZATION,na,2023-10-26 10:31:00,C,,567596.33,136479.36,220.714,200-ZP,90.714,,,,,,Calc,,90.714,[],1494.0,1495.0,26.0,20.0,4_rwia,299-W11-98,LU/CR
299-W11-98,10.5,CHARACTERIZATION,na,2023-10-26 10:31:00,C,,567596.33,136479.36,220.714,200-ZP,90.714,,,,,,Calc,,90.714,[],1494.0,1495.0,26.0,20.0,4_rwia,299-W11-98,LU/CR
299-W11-98,5.6,CHARACTERIZATION,na,2023-10-27 13:01:00,C,,567596.33,136479.36,220.714,200-ZP,84.624,,,,,,Calc,,84.624,[],1494.0,1495.0,26.0,20.0,4_rwia,299-W11-98,LU/CR
299-W11-98,5.6,CHARACTERIZATION,na,2023-10-27 13:01:00,C,,567596.33,136479.36,220.714,200-ZP,84.624,,,,,,Calc,,84.624,[],1494.0,1495.0,26.0,20.0,4_rwia,299-W11-98,LU/CR
299-W11-98,11.5,CHARACTERIZATION,na,2023-10-31 11:20:00,C,,567596.33,136479.36,220.714,200-ZP,78.44300000000001,,,,,,Calc,,78.44300000000001,[],1494.0,1495.0,26.0,20.0,4_rwia,299-W11-98,LU/CR
299-W11-98,11.5,CHARACTERIZATION,na,2023-10-31 11:20:00,C,,567596.33,136479.36,220.714,200-ZP,78.44300000000001,,,,,,Calc,,78.44300000000001,[],1494.0,1495.0,26.0,20.0,4_rwia,299-W11-98,LU/CR
299-W11-98,8.0,CHARACTERIZATION,na,2023-11-01 11:21:00,C,,567596.33,136479.36,220.714,200-ZP,72.464,,,,,,Calc,,72.464,[],1494.0,1495.0,26.0,20.0,0_bslt,299-W11-98,LU/CR
299-W11-98,8.0,CHARACTERIZATION,na,2023-11-01 11:21:00,C,,567596.33,136479.36,220.714,200-ZP,72.464,,,,,,Calc,,72.464,[],1494.0,1495.0,26.0,20.0,0_bslt,299-W11-98,LU/CR
299-W11-98,5.52,CHARACTERIZATION,na,2023-11-03 11:05:00,C,,567596.33,136479.36,220.714,200-ZP,68.494,,,,,,Calc,,68.494,[],1494.0,1495.0,26.0,20.0,0_bslt,299-W11-98,LU/CR
299-W11-98,5.52,CHARACTERIZATION,na,2023-11-03 11:05:00,C,,567596.33,136479.36,220.714,200-ZP,68.494,,,,,,Calc,,68.494,[],1494.0,1495.0,26.0,20.0,0_bslt,299-W11-98,LU/CR
299-W11-98,26.9,CHARACTERIZATION,na,2023-12-19 07:41:00,C,,567596.33,136479.36,220.714,200-ZP,71.207,,,,,,Calc,,71.207,[],1494.0,1495.0,26.0,20.0,0_bslt,299-W11-98,LU/CR
299-W11-98,26.9,CHARACTERIZATION,na,2023-12-19 07:41:00,C,,567596.33,136479.36,220.714,200-ZP,71.207,,,,,,Calc,,71.207,[],1494.0,1495.0,26.0,20.0,0_bslt,299-W11-98,LU/CR
299-W11-99,12.9,CHARACTERIZATION,na,2024-08-15 16:47:00,C,,567615.778,136481.217,220.861,200-ZP,112.246,,,,,,Calc,,112.246,[],1494.0,1495.0,26.0,20.0,5_rlm,299-W11-99,LU/CR
299-W11-99,12.9,CHARACTERIZATION,na,2024-08-15 16:47:00,C,,567615.778,136481.217,220.861,200-ZP,112.246,,,,,,Calc,,112.246,[],1494.0,1495.0,26.0,20.0,5_rlm,299-W11-99,LU/CR
299-W12-5,2.5,CHARACTERIZATION,na,2020-09-28 10:26:00,C,,568101.7,136735.54,222.881,200-ZP,118.801,,,,,,Calc,,118.801,['299-W12-5'],1381.0,1382.0,24.0,25.0,5_rlm,299-W12-5,UU/MU
299-W12-5,9.32,CHARACTERIZATION,na,2020-09-29 09:21:00,C,,568101.7,136735.54,222.881,200-ZP,112.881,,,,,,Calc,,112.881,['299-W12-5'],1381.0,1382.0,24.0,25.0,5_rlm,299-W12-5,UU/MU
299-W12-5,25.34,CHARACTERIZATION,na,2020-09-30 11:03:00,C,,568101.7,136735.54,222.881,200-ZP,106.572,,,,,,Calc,,106.572,['299-W12-5'],1381.0,1382.0,24.0,25.0,4_rwia,299-W12-5,UU/MU
299-W12-5,3.74,CHARACTERIZATION,na,2020-10-01 10:49:00,C,,568101.7,136735.54,222.881,200-ZP,100.422,,,,,,Calc,,100.422,['299-W12-5'],1381.0,1382.0,24.0,25.0,4_rwia,299-W12-5,UU/MU
299-W12-5,2.5,CHARACTERIZATION,na,2020-10-05 14:12:00,C,,568101.7,136735.54,222.881,200-ZP,94.307,,,,,,Calc,,94.307,['299-W12-5'],1381.0,1382.0,24.0,25.0,4_rwia,299-W12-5,UU/MU
299-W12-5,2.5,CHARACTERIZATION,na,2020-10-06 14:14:00,C,,568101.7,136735.54,222.881,200-ZP,88.184,,,,,,Calc,,88.184,['299-W12-5'],1381.0,1382.0,24.0,25.0,4_rwia,299-W12-5,UU/MU
299-W12-5,5.93,CHARACTERIZATION,na,2020-10-07 13:31:00,C,,568101.7,136735.54,222.881,200-ZP,82.112,,,,,,Calc,,82.112,['299-W12-5'],1381.0,1382.0,24.0,25.0,4_rwia,299-W12-5,UU/MU
299-W12-5,2.5,CHARACTERIZATION,na,2020-10-12 14:27:00,C,,568101.7,136735.54,222.881,200-ZP,75.91300000000001,,,,,,Calc,,75.91300000000001,['299-W12-5'],1381.0,1382.0,24.0,25.0,0_bslt,299-W12-5,UU/MU
299-W12-5,2.5,CHARACTERIZATION,na,2020-10-14 13:40:00,C,,568101.7,136735.54,222.881,200-ZP,71.136,,,,,,Calc,,71.136,['299-W12-5'],1381.0,1382.0,24.0,25.0,0_bslt,299-W12-5,UU/MU
299-W12-5,28.8,CHARACTERIZATION,na,2021-04-19 08:20:00,C,,568101.7,136735.54,222.881,200-ZP,124.55,,,,,,Calc,,124.55,['299-W12-5'],1381.0,1382.0,24.0,25.0,5_rlm,299-W12-5,UU/MU
299-W12-6,2.5,CHARACTERIZATION,na,2024-07-02 12:45:00,C,,568139.873,136521.266,223.446,200-ZP,120.719,,,,,,Calc,,120.719,['299-W12-6'],1499.0,1500.0,26.0,25.0,5_rlm,299-W12-6,LU/CR
299-W12-6,2.5,CHARACTERIZATION,na,2024-07-02 12:45:00,C,,568139.873,136521.266,223.446,200-ZP,120.719,,,,,,Calc,,120.719,['299-W12-6'],1499.0,1500.0,26.0,25.0,5_rlm,299-W12-6,LU/CR
299-W12-6,2.5,CHARACTERIZATION,na,2024-07-15 11:55:00,C,,568139.873,136521.266,223.446,200-ZP,114.638,,,,,,Calc,,114.638,['299-W12-6'],1499.0,1500.0,26.0,25.0,5_rlm,299-W12-6,LU/CR
299-W12-6,2.5,CHARACTERIZATION,na,2024-07-15 11:55:00,C,,568139.873,136521.266,223.446,200-ZP,114.638,,,,,,Calc,,114.638,['299-W12-6'],1499.0,1500.0,26.0,25.0,5_rlm,299-W12-6,LU/CR
299-W12-6,2.5,CHARACTERIZATION,na,2024-07-16 13:20:00,C,,568139.873,136521.266,223.446,200-ZP,108.521,,,,,,Calc,,108.521,['299-W12-6'],1499.0,1500.0,26.0,25.0,5_rlm,299-W12-6,LU/CR
299-W12-6,2.5,CHARACTERIZATION,na,2024-07-16 13:20:00,C,,568139.873,136521.266,223.446,200-ZP,108.521,,,,,,Calc,,108.521,['299-W12-6'],1499.0,1500.0,26.0,25.0,5_rlm,299-W12-6,LU/CR
299-W12-6,2.5,CHARACTERIZATION,na,2024-07-17 12:10:00,C,,568139.873,136521.266,223.446,200-ZP,102.541,,,,,,Calc,,102.541,['299-W12-6'],1499.0,1500.0,26.0,25.0,4_rwia,299-W12-6,LU/CR
299-W12-6,2.5,CHARACTERIZATION,na,2024-07-17 12:10:00,C,,568139.873,136521.266,223.446,200-ZP,102.541,,,,,,Calc,,102.541,['299-W12-6'],1499.0,1500.0,26.0,25.0,4_rwia,299-W12-6,LU/CR
299-W12-6,2.5,CHARACTERIZATION,na,2024-07-18 11:52:00,C,,568139.873,136521.266,223.446,200-ZP,96.346,,,,,,Calc,,96.346,['299-W12-6'],1499.0,1500.0,26.0,25.0,4_rwia,299-W12-6,LU/CR
299-W12-6,2.5,CHARACTERIZATION,na,2024-07-18 11:52:00,C,,568139.873,136521.266,223.446,200-ZP,96.346,,,,,,Calc,,96.346,['299-W12-6'],1499.0,1500.0,26.0,25.0,4_rwia,299-W12-6,LU/CR
299-W12-6,2.5,CHARACTERIZATION,na,2024-07-22 14:12:00,C,,568139.873,136521.266,223.446,200-ZP,90.163,,,,,,Calc,,90.163,['299-W12-6'],1499.0,1500.0,26.0,25.0,4_rwia,299-W12-6,LU/CR
299-W12-6,2.5,CHARACTERIZATION,na,2024-07-22 14:12:00,C,,568139.873,136521.266,223.446,200-ZP,90.163,,,,,,Calc,,90.163,['299-W12-6'],1499.0,1500.0,26.0,25.0,4_rwia,299-W12-6,LU/CR
299-W12-6,2.5,CHARACTERIZATION,na,2024-07-23 13:45:00,C,,568139.873,136521.266,223.446,200-ZP,114.556,,,,,,Calc,,114.556,['299-W12-6'],1499.0,1500.0,26.0,25.0,5_rlm,299-W12-6,LU/CR
299-W12-6,2.5,CHARACTERIZATION,na,2024-07-23 13:45:00,C,,568139.873,136521.266,223.446,200-ZP,114.556,,,,,,Calc,,114.556,['299-W12-6'],1499.0,1500.0,26.0,25.0,5_rlm,299-W12-6,LU/CR
299-W12-6,2.5,CHARACTERIZATION,na,2024-08-12 12:50:00,C,,568139.873,136521.266,223.446,200-ZP,78.37899999999999,,,,,,Calc,,78.37899999999999,['299-W12-6'],1499.0,1500.0,26.0,25.0,0_bslt,299-W12-6,LU/CR
299-W12-6,2.5,CHARACTERIZATION,na,2024-08-12 12:50:00,C,,568139.873,136521.266,223.446,200-ZP,78.37899999999999,,,,,,Calc,,78.37899999999999,['299-W12-6'],1499.0,1500.0,26.0,25.0,0_bslt,299-W12-6,LU/CR
299-W12-6,2.5,CHARACTERIZATION,na,2024-08-15 12:56:00,C,,568139.873,136521.266,223.446,200-ZP,71.89599999999999,,,,,,Calc,,71.89599999999999,['299-W12-6'],1499.0,1500.0,26.0,25.0,0_bslt,299-W12-6,LU/CR
299-W12-6,2.5,CHARACTERIZATION,na,2024-08-15 12:56:00,C,,568139.873,136521.266,223.446,200-ZP,71.89599999999999,,,,,,Calc,,71.89599999999999,['299-W12-6'],1499.0,1500.0,26.0,25.0,0_bslt,299-W12-6,LU/CR
299-W12-6,12.2,CHARACTERIZATION,na,2024-10-30 09:12:00,C,,568139.873,136521.266,223.446,200-ZP,116.146,,,,,,Calc,,116.146,['299-W12-6'],1499.0,1500.0,26.0,25.0,5_rlm,299-W12-6,LU/CR
299-W12-6,12.2,CHARACTERIZATION,na,2024-10-30 09:12:00,C,,568139.873,136521.266,223.446,200-ZP,116.146,,,,,,Calc,,116.146,['299-W12-6'],1499.0,1500.0,26.0,25.0,5_rlm,299-W12-6,LU/CR
299-W13-3,2.5,CHARACTERIZATION,na,2023-03-14 12:52:00,C,,568846.25,135819.64,226.327,200-UP,96.607,,,,,,Calc,,96.607,[],1919.0,1920.0,33.0,32.0,5_rlm,299-W13-3,LU/CR
299-W13-3,2.5,CHARACTERIZATION,na,2023-03-14 12:52:00,C,,568846.25,135819.64,226.327,200-UP,96.607,,,,,,Calc,,96.607,[],1919.0,1920.0,33.0,32.0,5_rlm,299-W13-3,LU/CR
299-W13-3,2.5,CHARACTERIZATION,na,2023-03-15 11:16:00,C,,568846.25,135819.64,226.327,200-UP,90.728,,,,,,Calc,,90.728,[],1919.0,1920.0,33.0,32.0,5_rlm,299-W13-3,LU/CR
299-W13-3,2.5,CHARACTERIZATION,na,2023-03-15 11:16:00,C,,568846.25,135819.64,226.327,200-UP,90.728,,,,,,Calc,,90.728,[],1919.0,1920.0,33.0,32.0,5_rlm,299-W13-3,LU/CR
299-W13-3,2.5,CHARACTERIZATION,na,2023-03-16 08:48:00,C,,568846.25,135819.64,226.327,200-UP,84.65899999999999,,,,,,Calc,,84.65899999999999,[],1919.0,1920.0,33.0,32.0,4_rwia,299-W13-3,LU/CR
299-W13-3,2.5,CHARACTERIZATION,na,2023-03-16 08:48:00,C,,568846.25,135819.64,226.327,200-UP,84.65899999999999,,,,,,Calc,,84.65899999999999,[],1919.0,1920.0,33.0,32.0,4_rwia,299-W13-3,LU/CR
299-W13-3,2.5,CHARACTERIZATION,na,2023-03-20 10:25:00,C,,568846.25,135819.64,226.327,200-UP,78.536,,,,,,Calc,,78.536,[],1919.0,1920.0,33.0,32.0,0_bslt,299-W13-3,LU/CR
299-W13-3,2.5,CHARACTERIZATION,na,2023-03-20 10:25:00,C,,568846.25,135819.64,226.327,200-UP,78.536,,,,,,Calc,,78.536,[],1919.0,1920.0,33.0,32.0,0_bslt,299-W13-3,LU/CR
299-W13-3,2.5,CHARACTERIZATION,na,2023-03-21 13:35:00,C,,568846.25,135819.64,226.327,200-UP,72.46699999999998,,,,,,Calc,,72.46699999999998,[],1919.0,1920.0,33.0,32.0,0_bslt,299-W13-3,LU/CR
299-W13-3,2.5,CHARACTERIZATION,na,2023-03-21 13:35:00,C,,568846.25,135819.64,226.327,200-UP,72.46699999999998,,,,,,Calc,,72.46699999999998,[],1919.0,1920.0,33.0,32.0,0_bslt,299-W13-3,LU/CR
299-W13-3,2.5,CHARACTERIZATION,na,2023-03-22 11:30:00,C,,568846.25,135819.64,226.327,200-UP,66.38300000000001,,,,,,Calc,,66.38300000000001,[],1919.0,1920.0,33.0,32.0,0_bslt,299-W13-3,LU/CR
299-W13-3,2.5,CHARACTERIZATION,na,2023-03-22 11:30:00,C,,568846.25,135819.64,226.327,200-UP,66.38300000000001,,,,,,Calc,,66.38300000000001,[],1919.0,1920.0,33.0,32.0,0_bslt,299-W13-3,LU/CR
299-W13-3,2.5,CHARACTERIZATION,na,2023-05-04 11:30:00,C,,568846.25,135819.64,226.327,200-UP,77.52699999999999,,,,,,Calc,,77.52699999999999,[],1919.0,1920.0,33.0,32.0,0_bslt,299-W13-3,LU/CR
299-W13-3,2.5,CHARACTERIZATION,na,2023-05-04 11:30:00,C,,568846.25,135819.64,226.327,200-UP,77.52699999999999,,,,,,Calc,,77.52699999999999,[],1919.0,1920.0,33.0,32.0,0_bslt,299-W13-3,LU/CR
299-W13-5,2.5,CHARACTERIZATION,na,2023-07-18 09:03:00,C,,568110.39,135702.89,222.871,200-UP,86.87100000000001,,,,,,Calc,,86.87100000000001,['299-W13-5'],1971.0,1972.0,34.0,25.0,4_rwia,299-W13-5,LU/CR
299-W13-5,2.5,CHARACTERIZATION,na,2023-07-18 09:03:00,C,,568110.39,135702.89,222.871,200-UP,86.87100000000001,,,,,,Calc,,86.87100000000001,['299-W13-5'],1971.0,1972.0,34.0,25.0,4_rwia,299-W13-5,LU/CR
299-W14-20,9.08,CHARACTERIZATION,na,2024-12-12 09:41:00,C,,566909.22,136284.47,205.155,200-ZP,105.398436,,,,,,Calc,,105.398436,"['299-W14-35', '299-W14-20', '299-W14-82']",1605.0,1606.0,28.0,13.0,5_rlm,299-W14-20,UU/MU
299-W14-20,9.08,CHARACTERIZATION,na,2024-12-12 09:41:00,C,,566909.22,136284.47,205.155,200-ZP,105.398436,,,,,,Calc,,105.398436,"['299-W14-35', '299-W14-20', '299-W14-82']",1605.0,1606.0,28.0,13.0,5_rlm,299-W14-20,UU/MU
299-W14-21,8.04,CHARACTERIZATION,na,2024-12-12 10:34:00,C,,567721.52,135890.01,220.143,200-ZP,93.58238,,,,,,Calc,,93.58238,['299-W14-21'],1849.0,1850.0,32.0,21.0,4_rwia,299-W14-21,UU/MU
299-W14-21,8.04,CHARACTERIZATION,na,2024-12-12 10:34:00,C,,567721.52,135890.01,220.143,200-ZP,93.58238,,,,,,Calc,,93.58238,['299-W14-21'],1849.0,1850.0,32.0,21.0,4_rwia,299-W14-21,UU/MU
299-W14-24,2.5,CHARACTERIZATION,na,2023-05-25 11:10:00,C,,567161.35,135839.99,213.67,200-ZP,123.45,,,,,,Calc,,123.45,[],1903.0,1904.0,33.0,16.0,6_rwie,299-W14-24,UU/MU
299-W14-24,2.5,CHARACTERIZATION,na,2023-05-25 11:10:00,C,,567161.35,135839.99,213.67,200-ZP,123.45,,,,,,Calc,,123.45,[],1903.0,1904.0,33.0,16.0,6_rwie,299-W14-24,LU/CR
299-W14-24,2.5,CHARACTERIZATION,na,2023-06-01 11:01:00,C,,567161.35,135839.99,213.67,200-ZP,119.98999999999998,,,,,,Calc,,119.98999999999998,[],1903.0,1904.0,33.0,16.0,6_rwie,299-W14-24,UU/MU
299-W14-24,2.5,CHARACTERIZATION,na,2023-06-01 11:01:00,C,,567161.35,135839.99,213.67,200-ZP,119.98999999999998,,,,,,Calc,,119.98999999999998,[],1903.0,1904.0,33.0,16.0,6_rwie,299-W14-24,LU/CR
299-W14-24,2.5,CHARACTERIZATION,na,2023-06-05 09:55:00,C,,567161.35,135839.99,213.67,200-ZP,112.766,,,,,,Calc,,112.766,[],1903.0,1904.0,33.0,16.0,6_rwie,299-W14-24,UU/MU
299-W14-24,2.5,CHARACTERIZATION,na,2023-06-05 09:55:00,C,,567161.35,135839.99,213.67,200-ZP,112.766,,,,,,Calc,,112.766,[],1903.0,1904.0,33.0,16.0,6_rwie,299-W14-24,LU/CR
299-W14-24,2.5,CHARACTERIZATION,na,2023-06-06 10:05:00,C,,567161.35,135839.99,213.67,200-ZP,106.56,,,,,,Calc,,106.56,[],1903.0,1904.0,33.0,16.0,6_rwie,299-W14-24,UU/MU
299-W14-24,2.5,CHARACTERIZATION,na,2023-06-06 10:05:00,C,,567161.35,135839.99,213.67,200-ZP,106.56,,,,,,Calc,,106.56,[],1903.0,1904.0,33.0,16.0,6_rwie,299-W14-24,LU/CR
299-W14-24,3.05,CHARACTERIZATION,na,2023-06-07 13:41:00,C,,567161.35,135839.99,213.67,200-ZP,100.248,,,,,,Calc,,100.248,[],1903.0,1904.0,33.0,16.0,6_rwie,299-W14-24,UU/MU
299-W14-24,3.05,CHARACTERIZATION,na,2023-06-07 13:41:00,C,,567161.35,135839.99,213.67,200-ZP,100.248,,,,,,Calc,,100.248,[],1903.0,1904.0,33.0,16.0,6_rwie,299-W14-24,LU/CR
299-W14-24,2.5,CHARACTERIZATION,na,2023-06-12 08:50:00,C,,567161.35,135839.99,213.67,200-ZP,94.25,,,,,,Calc,,94.25,[],1903.0,1904.0,33.0,16.0,6_rwie,299-W14-24,UU/MU
299-W14-24,2.5,CHARACTERIZATION,na,2023-06-12 08:50:00,C,,567161.35,135839.99,213.67,200-ZP,94.25,,,,,,Calc,,94.25,[],1903.0,1904.0,33.0,16.0,6_rwie,299-W14-24,LU/CR
299-W14-24,2.5,CHARACTERIZATION,na,2023-06-13 13:45:00,C,,567161.35,135839.99,213.67,200-ZP,88.23999999999998,,,,,,Calc,,88.23999999999998,[],1903.0,1904.0,33.0,16.0,6_rwie,299-W14-24,UU/MU
299-W14-24,2.5,CHARACTERIZATION,na,2023-06-13 13:45:00,C,,567161.35,135839.99,213.67,200-ZP,88.23999999999998,,,,,,Calc,,88.23999999999998,[],1903.0,1904.0,33.0,16.0,6_rwie,299-W14-24,LU/CR
299-W14-24,2.5,CHARACTERIZATION,na,2023-06-14 12:15:00,C,,567161.35,135839.99,213.67,200-ZP,82.03,,,,,,Calc,,82.03,[],1903.0,1904.0,33.0,16.0,6_rwie,299-W14-24,UU/MU
299-W14-24,2.5,CHARACTERIZATION,na,2023-06-14 12:15:00,C,,567161.35,135839.99,213.67,200-ZP,82.03,,,,,,Calc,,82.03,[],1903.0,1904.0,33.0,16.0,6_rwie,299-W14-24,LU/CR
299-W14-24,2.5,CHARACTERIZATION,na,2023-06-22 08:03:00,C,,567161.35,135839.99,213.67,200-ZP,74.99799999999999,,,,,,Calc,,74.99799999999999,[],1903.0,1904.0,33.0,16.0,5_rlm,299-W14-24,UU/MU
299-W14-24,2.5,CHARACTERIZATION,na,2023-06-22 08:03:00,C,,567161.35,135839.99,213.67,200-ZP,74.99799999999999,,,,,,Calc,,74.99799999999999,[],1903.0,1904.0,33.0,16.0,5_rlm,299-W14-24,LU/CR
299-W14-24,2.5,CHARACTERIZATION,na,2023-06-26 11:52:00,C,,567161.35,135839.99,213.67,200-ZP,69.119,,,,,,Calc,,69.119,[],1903.0,1904.0,33.0,16.0,4_rwia,299-W14-24,UU/MU
299-W14-24,2.5,CHARACTERIZATION,na,2023-06-26 11:52:00,C,,567161.35,135839.99,213.67,200-ZP,69.119,,,,,,Calc,,69.119,[],1903.0,1904.0,33.0,16.0,4_rwia,299-W14-24,LU/CR
299-W14-24,2.5,CHARACTERIZATION,na,2023-07-05 09:28:00,C,,567161.35,135839.99,213.67,200-ZP,62.94999999999999,,,,,,Calc,,62.94999999999999,[],1903.0,1904.0,33.0,16.0,4_rwia,299-W14-24,UU/MU
299-W14-24,2.5,CHARACTERIZATION,na,2023-07-05 09:28:00,C,,567161.35,135839.99,213.67,200-ZP,62.94999999999999,,,,,,Calc,,62.94999999999999,[],1903.0,1904.0,33.0,16.0,4_rwia,299-W14-24,LU/CR
299-W14-24,2.5,CHARACTERIZATION,na,2023-07-06 13:03:00,C,,567161.35,135839.99,213.67,200-ZP,56.81999999999999,,,,,,Calc,,56.81999999999999,[],1903.0,1904.0,33.0,16.0,0_bslt,299-W14-24,UU/MU
299-W14-24,2.5,CHARACTERIZATION,na,2023-07-06 13:03:00,C,,567161.35,135839.99,213.67,200-ZP,56.81999999999999,,,,,,Calc,,56.81999999999999,[],1903.0,1904.0,33.0,16.0,0_bslt,299-W14-24,LU/CR
299-W14-24,1.3,CHARACTERIZATION,na,2023-09-21 10:52:00,C,,567161.35,135839.99,213.67,200-ZP,64.98999999999998,,,,,,Calc,,64.98999999999998,[],1903.0,1904.0,33.0,16.0,4_rwia,299-W14-24,UU/MU
299-W14-24,1.3,CHARACTERIZATION,na,2023-09-21 10:52:00,C,,567161.35,135839.99,213.67,200-ZP,64.98999999999998,,,,,,Calc,,64.98999999999998,[],1903.0,1904.0,33.0,16.0,4_rwia,299-W14-24,LU/CR
299-W14-25,3.15,CHARACTERIZATION,na,2024-07-29 13:57:00,C,,567169.051,135845.699,213.829,200-ZP,95.844,,,,,,Calc,,95.844,[],1903.0,1904.0,33.0,16.0,6_rwie,299-W14-25,UU/MU
299-W14-25,3.15,CHARACTERIZATION,na,2024-07-29 13:57:00,C,,567169.051,135845.699,213.829,200-ZP,95.844,,,,,,Calc,,95.844,[],1903.0,1904.0,33.0,16.0,6_rwie,299-W14-25,UU/MU
299-W14-27,5.88,CHARACTERIZATION,na,2020-12-08 12:30:00,C,,568000.0,136200.0,222.0,200-ZP,117.588,,,,,,Calc,,117.588,['299-W14-75'],1675.0,1676.0,29.0,24.0,5_rlm,299-W14-27,NAN
299-W14-27,2.5,CHARACTERIZATION,na,2020-12-10 12:20:00,C,,568000.0,136200.0,222.0,200-ZP,111.583,,,,,,Calc,,111.583,['299-W14-75'],1675.0,1676.0,29.0,24.0,5_rlm,299-W14-27,NAN
299-W14-27,1.3,CHARACTERIZATION,na,2020-12-14 09:57:00,C,,568000.0,136200.0,222.0,200-ZP,105.524,,,,,,Calc,,105.524,['299-W14-75'],1675.0,1676.0,29.0,24.0,5_rlm,299-W14-27,NAN
299-W14-27,8.46,CHARACTERIZATION,na,2020-12-15 10:12:00,C,,568000.0,136200.0,222.0,200-ZP,99.342,,,,,,Calc,,99.342,['299-W14-75'],1675.0,1676.0,29.0,24.0,4_rwia,299-W14-27,NAN
299-W14-27,2.5,CHARACTERIZATION,na,2020-12-17 11:51:00,C,,568000.0,136200.0,222.0,200-ZP,87.1,,,,,,Calc,,87.1,['299-W14-75'],1675.0,1676.0,29.0,24.0,4_rwia,299-W14-27,NAN
299-W14-27,2.5,CHARACTERIZATION,na,2020-12-21 11:43:00,C,,568000.0,136200.0,222.0,200-ZP,81.19999999999999,,,,,,Calc,,81.19999999999999,['299-W14-75'],1675.0,1676.0,29.0,24.0,4_rwia,299-W14-27,NAN
299-W14-27,2.5,CHARACTERIZATION,na,2020-12-22 12:50:00,C,,568000.0,136200.0,222.0,200-ZP,75.1,,,,,,Calc,,75.1,['299-W14-75'],1675.0,1676.0,29.0,24.0,0_bslt,299-W14-27,NAN
299-W14-27,2.5,CHARACTERIZATION,na,2021-01-05 14:39:00,C,,568000.0,136200.0,222.0,200-ZP,63.67500000000001,,,,,,Calc,,63.67500000000001,['299-W14-75'],1675.0,1676.0,29.0,24.0,0_bslt,299-W14-27,NAN
299-W14-28,7.86,CHARACTERIZATION,na,2023-11-29 11:00:00,C,,567471.073,136463.557,220.246,200-ZP,123.91400000000002,,,,,,Calc,,123.91400000000002,['299-W14-28'],1493.0,1494.0,26.0,19.0,5_rlm,299-W14-28,UU/MU
299-W14-28,7.86,CHARACTERIZATION,na,2023-11-29 11:00:00,C,,567471.073,136463.557,220.246,200-ZP,123.91400000000002,,,,,,Calc,,123.91400000000002,['299-W14-28'],1493.0,1494.0,26.0,19.0,5_rlm,299-W14-28,UU/MU
299-W14-28,6.02,CHARACTERIZATION,na,2023-11-30 11:32:00,C,,567471.073,136463.557,220.246,200-ZP,117.763,,,,,,Calc,,117.763,['299-W14-28'],1493.0,1494.0,26.0,19.0,5_rlm,299-W14-28,UU/MU
299-W14-28,6.02,CHARACTERIZATION,na,2023-11-30 11:32:00,C,,567471.073,136463.557,220.246,200-ZP,117.763,,,,,,Calc,,117.763,['299-W14-28'],1493.0,1494.0,26.0,19.0,5_rlm,299-W14-28,UU/MU
299-W14-28,13.4,CHARACTERIZATION,na,2023-12-04 11:25:00,C,,567471.073,136463.557,220.246,200-ZP,111.984,,,,,,Calc,,111.984,['299-W14-28'],1493.0,1494.0,26.0,19.0,5_rlm,299-W14-28,UU/MU
299-W14-28,13.4,CHARACTERIZATION,na,2023-12-04 11:25:00,C,,567471.073,136463.557,220.246,200-ZP,111.984,,,,,,Calc,,111.984,['299-W14-28'],1493.0,1494.0,26.0,19.0,5_rlm,299-W14-28,UU/MU
299-W14-28,26.5,CHARACTERIZATION,na,2023-12-05 12:46:00,C,,567471.073,136463.557,220.246,200-ZP,105.894,,,,,,Calc,,105.894,['299-W14-28'],1493.0,1494.0,26.0,19.0,5_rlm,299-W14-28,UU/MU
299-W14-28,26.5,CHARACTERIZATION,na,2023-12-05 12:46:00,C,,567471.073,136463.557,220.246,200-ZP,105.894,,,,,,Calc,,105.894,['299-W14-28'],1493.0,1494.0,26.0,19.0,5_rlm,299-W14-28,UU/MU
299-W14-28,13.9,CHARACTERIZATION,na,2023-12-07 09:30:00,C,,567471.073,136463.557,220.246,200-ZP,99.80400000000002,,,,,,Calc,,99.80400000000002,['299-W14-28'],1493.0,1494.0,26.0,19.0,4_rwia,299-W14-28,UU/MU
299-W14-28,13.9,CHARACTERIZATION,na,2023-12-07 09:30:00,C,,567471.073,136463.557,220.246,200-ZP,99.80400000000002,,,,,,Calc,,99.80400000000002,['299-W14-28'],1493.0,1494.0,26.0,19.0,4_rwia,299-W14-28,UU/MU
299-W14-28,4.93,CHARACTERIZATION,na,2023-12-08 10:40:00,C,,567471.073,136463.557,220.246,200-ZP,93.769,,,,,,Calc,,93.769,['299-W14-28'],1493.0,1494.0,26.0,19.0,4_rwia,299-W14-28,UU/MU
299-W14-28,4.93,CHARACTERIZATION,na,2023-12-08 10:40:00,C,,567471.073,136463.557,220.246,200-ZP,93.769,,,,,,Calc,,93.769,['299-W14-28'],1493.0,1494.0,26.0,19.0,4_rwia,299-W14-28,UU/MU
299-W14-28,2.5,CHARACTERIZATION,na,2023-12-12 08:31:00,C,,567471.073,136463.557,220.246,200-ZP,87.64600000000002,,,,,,Calc,,87.64600000000002,['299-W14-28'],1493.0,1494.0,26.0,19.0,4_rwia,299-W14-28,UU/MU
299-W14-28,2.5,CHARACTERIZATION,na,2023-12-12 08:31:00,C,,567471.073,136463.557,220.246,200-ZP,87.64600000000002,,,,,,Calc,,87.64600000000002,['299-W14-28'],1493.0,1494.0,26.0,19.0,4_rwia,299-W14-28,UU/MU
299-W14-28,2.5,CHARACTERIZATION,na,2023-12-21 09:17:00,C,,567471.073,136463.557,220.246,200-ZP,82.13500000000002,,,,,,Calc,,82.13500000000002,['299-W14-28'],1493.0,1494.0,26.0,19.0,4_rwia,299-W14-28,UU/MU
299-W14-28,2.5,CHARACTERIZATION,na,2023-12-21 09:17:00,C,,567471.073,136463.557,220.246,200-ZP,82.13500000000002,,,,,,Calc,,82.13500000000002,['299-W14-28'],1493.0,1494.0,26.0,19.0,4_rwia,299-W14-28,UU/MU
299-W14-28,2.5,CHARACTERIZATION,na,2024-01-05 10:30:00,C,,567471.073,136463.557,220.246,200-ZP,76.22200000000001,,,,,,Calc,,76.22200000000001,['299-W14-28'],1493.0,1494.0,26.0,19.0,4_rwia,299-W14-28,UU/MU
299-W14-28,2.5,CHARACTERIZATION,na,2024-01-05 10:30:00,C,,567471.073,136463.557,220.246,200-ZP,76.22200000000001,,,,,,Calc,,76.22200000000001,['299-W14-28'],1493.0,1494.0,26.0,19.0,4_rwia,299-W14-28,UU/MU
299-W14-28,2.5,CHARACTERIZATION,na,2024-01-09 10:27:00,C,,567471.073,136463.557,220.246,200-ZP,69.77800000000002,,,,,,Calc,,69.77800000000002,['299-W14-28'],1493.0,1494.0,26.0,19.0,0_bslt,299-W14-28,UU/MU
299-W14-28,2.5,CHARACTERIZATION,na,2024-01-09 10:27:00,C,,567471.073,136463.557,220.246,200-ZP,69.77800000000002,,,,,,Calc,,69.77800000000002,['299-W14-28'],1493.0,1494.0,26.0,19.0,0_bslt,299-W14-28,UU/MU
299-W14-28,2.5,CHARACTERIZATION,na,2024-01-11 11:15:00,C,,567471.073,136463.557,220.246,200-ZP,63.84100000000001,,,,,,Calc,,63.84100000000001,['299-W14-28'],1493.0,1494.0,26.0,19.0,0_bslt,299-W14-28,UU/MU
299-W14-28,2.5,CHARACTERIZATION,na,2024-01-11 11:15:00,C,,567471.073,136463.557,220.246,200-ZP,63.84100000000001,,,,,,Calc,,63.84100000000001,['299-W14-28'],1493.0,1494.0,26.0,19.0,0_bslt,299-W14-28,UU/MU
299-W14-28,60.3,CHARACTERIZATION,na,2024-05-22 08:25:00,C,,567471.073,136463.557,220.246,200-ZP,119.497,,,,,,Calc,,119.497,['299-W14-28'],1493.0,1494.0,26.0,19.0,5_rlm,299-W14-28,UU/MU
299-W14-28,60.3,CHARACTERIZATION,na,2024-05-22 08:25:00,C,,567471.073,136463.557,220.246,200-ZP,119.497,,,,,,Calc,,119.497,['299-W14-28'],1493.0,1494.0,26.0,19.0,5_rlm,299-W14-28,UU/MU
299-W14-29,2.5,CHARACTERIZATION,na,2024-04-25 08:10:00,C,,568068.098,136864.485,222.639,200-ZP,120.708,,,,,,Calc,,120.708,['299-W14-29'],1263.0,1264.0,22.0,25.0,5_rlm,299-W14-29,LU/CR
299-W14-29,2.5,CHARACTERIZATION,na,2024-04-25 08:10:00,C,,568068.098,136864.485,222.639,200-ZP,120.708,,,,,,Calc,,120.708,['299-W14-29'],1263.0,1264.0,22.0,25.0,5_rlm,299-W14-29,LU/CR
299-W14-29,40.4,CHARACTERIZATION,na,2024-04-25 12:46:00,C,,568068.098,136864.485,222.639,200-ZP,114.725,,,,,,Calc,,114.725,['299-W14-29'],1263.0,1264.0,22.0,25.0,5_rlm,299-W14-29,LU/CR
299-W14-29,40.4,CHARACTERIZATION,na,2024-04-25 12:46:00,C,,568068.098,136864.485,222.639,200-ZP,114.725,,,,,,Calc,,114.725,['299-W14-29'],1263.0,1264.0,22.0,25.0,5_rlm,299-W14-29,LU/CR
299-W14-29,59.5,CHARACTERIZATION,na,2024-04-26 10:35:00,C,,568068.098,136864.485,222.639,200-ZP,108.459,,,,,,Calc,,108.459,['299-W14-29'],1263.0,1264.0,22.0,25.0,4_rwia,299-W14-29,LU/CR
299-W14-29,59.5,CHARACTERIZATION,na,2024-04-26 10:35:00,C,,568068.098,136864.485,222.639,200-ZP,108.459,,,,,,Calc,,108.459,['299-W14-29'],1263.0,1264.0,22.0,25.0,4_rwia,299-W14-29,LU/CR
299-W14-29,28.0,CHARACTERIZATION,na,2024-04-29 13:55:00,C,,568068.098,136864.485,222.639,200-ZP,102.475,,,,,,Calc,,102.475,['299-W14-29'],1263.0,1264.0,22.0,25.0,4_rwia,299-W14-29,LU/CR
299-W14-29,28.0,CHARACTERIZATION,na,2024-04-29 13:55:00,C,,568068.098,136864.485,222.639,200-ZP,102.475,,,,,,Calc,,102.475,['299-W14-29'],1263.0,1264.0,22.0,25.0,4_rwia,299-W14-29,LU/CR
299-W14-29,2.5,CHARACTERIZATION,na,2024-04-30 13:21:00,C,,568068.098,136864.485,222.639,200-ZP,96.389,,,,,,Calc,,96.389,['299-W14-29'],1263.0,1264.0,22.0,25.0,4_rwia,299-W14-29,LU/CR
299-W14-29,2.5,CHARACTERIZATION,na,2024-04-30 13:21:00,C,,568068.098,136864.485,222.639,200-ZP,96.389,,,,,,Calc,,96.389,['299-W14-29'],1263.0,1264.0,22.0,25.0,4_rwia,299-W14-29,LU/CR
299-W14-29,2.5,CHARACTERIZATION,na,2024-05-02 08:33:00,C,,568068.098,136864.485,222.639,200-ZP,90.299,,,,,,Calc,,90.299,['299-W14-29'],1263.0,1264.0,22.0,25.0,4_rwia,299-W14-29,LU/CR
299-W14-29,2.5,CHARACTERIZATION,na,2024-05-02 08:33:00,C,,568068.098,136864.485,222.639,200-ZP,90.299,,,,,,Calc,,90.299,['299-W14-29'],1263.0,1264.0,22.0,25.0,4_rwia,299-W14-29,LU/CR
299-W14-29,2.5,CHARACTERIZATION,na,2024-05-03 08:09:00,C,,568068.098,136864.485,222.639,200-ZP,84.22900000000001,,,,,,Calc,,84.22900000000001,['299-W14-29'],1263.0,1264.0,22.0,25.0,4_rwia,299-W14-29,LU/CR
299-W14-29,2.5,CHARACTERIZATION,na,2024-05-03 08:09:00,C,,568068.098,136864.485,222.639,200-ZP,84.22900000000001,,,,,,Calc,,84.22900000000001,['299-W14-29'],1263.0,1264.0,22.0,25.0,4_rwia,299-W14-29,LU/CR
299-W14-29,2.5,CHARACTERIZATION,na,2024-05-06 12:55:00,C,,568068.098,136864.485,222.639,200-ZP,78.142,,,,,,Calc,,78.142,['299-W14-29'],1263.0,1264.0,22.0,25.0,0_bslt,299-W14-29,LU/CR
299-W14-29,2.5,CHARACTERIZATION,na,2024-05-06 12:55:00,C,,568068.098,136864.485,222.639,200-ZP,78.142,,,,,,Calc,,78.142,['299-W14-29'],1263.0,1264.0,22.0,25.0,0_bslt,299-W14-29,LU/CR
299-W14-29,2.5,CHARACTERIZATION,na,2024-05-08 08:06:00,C,,568068.098,136864.485,222.639,200-ZP,72.559,,,,,,Calc,,72.559,['299-W14-29'],1263.0,1264.0,22.0,25.0,0_bslt,299-W14-29,LU/CR
299-W14-29,2.5,CHARACTERIZATION,na,2024-05-08 08:06:00,C,,568068.098,136864.485,222.639,200-ZP,72.559,,,,,,Calc,,72.559,['299-W14-29'],1263.0,1264.0,22.0,25.0,0_bslt,299-W14-29,LU/CR
299-W14-29,75.8,CHARACTERIZATION,na,2024-08-05 11:55:00,C,,568068.098,136864.485,222.639,200-ZP,117.029,,,,,,Calc,,117.029,['299-W14-29'],1263.0,1264.0,22.0,25.0,5_rlm,299-W14-29,LU/CR
299-W14-29,75.8,CHARACTERIZATION,na,2024-08-05 11:55:00,C,,568068.098,136864.485,222.639,200-ZP,117.029,,,,,,Calc,,117.029,['299-W14-29'],1263.0,1264.0,22.0,25.0,5_rlm,299-W14-29,LU/CR
299-W14-30,41.3,CHARACTERIZATION,na,2023-09-06 12:20:00,C,,568093.697,136358.527,223.867,200-ZP,116.94899999999998,,,,,,Calc,,116.94899999999998,['299-W14-30'],1558.0,1559.0,27.0,25.0,5_rlm,299-W14-30,LU/CR
299-W14-30,41.3,CHARACTERIZATION,na,2023-09-06 12:20:00,C,,568093.697,136358.527,223.867,200-ZP,116.94899999999998,,,,,,Calc,,116.94899999999998,['299-W14-30'],1558.0,1559.0,27.0,25.0,5_rlm,299-W14-30,LU/CR
299-W14-30,19.0,CHARACTERIZATION,na,2023-09-11 10:31:00,C,,568093.697,136358.527,223.867,200-ZP,110.82,,,,,,Calc,,110.82,['299-W14-30'],1558.0,1559.0,27.0,25.0,5_rlm,299-W14-30,LU/CR
299-W14-30,19.0,CHARACTERIZATION,na,2023-09-11 10:31:00,C,,568093.697,136358.527,223.867,200-ZP,110.82,,,,,,Calc,,110.82,['299-W14-30'],1558.0,1559.0,27.0,25.0,5_rlm,299-W14-30,LU/CR
299-W14-30,6.71,CHARACTERIZATION,na,2023-09-14 08:40:00,C,,568093.697,136358.527,223.867,200-ZP,104.69899999999998,,,,,,Calc,,104.69899999999998,['299-W14-30'],1558.0,1559.0,27.0,25.0,5_rlm,299-W14-30,LU/CR
299-W14-30,6.71,CHARACTERIZATION,na,2023-09-14 08:40:00,C,,568093.697,136358.527,223.867,200-ZP,104.69899999999998,,,,,,Calc,,104.69899999999998,['299-W14-30'],1558.0,1559.0,27.0,25.0,5_rlm,299-W14-30,LU/CR
299-W14-30,1.3,CHARACTERIZATION,na,2023-09-18 12:05:00,C,,568093.697,136358.527,223.867,200-ZP,98.664,,,,,,Calc,,98.664,['299-W14-30'],1558.0,1559.0,27.0,25.0,4_rwia,299-W14-30,LU/CR
299-W14-30,1.3,CHARACTERIZATION,na,2023-09-18 12:05:00,C,,568093.697,136358.527,223.867,200-ZP,98.664,,,,,,Calc,,98.664,['299-W14-30'],1558.0,1559.0,27.0,25.0,4_rwia,299-W14-30,LU/CR
299-W14-30,1.3,CHARACTERIZATION,na,2023-09-21 11:46:00,C,,568093.697,136358.527,223.867,200-ZP,92.587,,,,,,Calc,,92.587,['299-W14-30'],1558.0,1559.0,27.0,25.0,4_rwia,299-W14-30,LU/CR
299-W14-30,1.3,CHARACTERIZATION,na,2023-09-21 11:46:00,C,,568093.697,136358.527,223.867,200-ZP,92.587,,,,,,Calc,,92.587,['299-W14-30'],1558.0,1559.0,27.0,25.0,4_rwia,299-W14-30,LU/CR
299-W14-30,1.3,CHARACTERIZATION,na,2023-09-26 10:08:00,C,,568093.697,136358.527,223.867,200-ZP,86.411,,,,,,Calc,,86.411,['299-W14-30'],1558.0,1559.0,27.0,25.0,4_rwia,299-W14-30,LU/CR
299-W14-30,1.3,CHARACTERIZATION,na,2023-09-26 10:08:00,C,,568093.697,136358.527,223.867,200-ZP,86.411,,,,,,Calc,,86.411,['299-W14-30'],1558.0,1559.0,27.0,25.0,4_rwia,299-W14-30,LU/CR
299-W14-30,1.3,CHARACTERIZATION,na,2023-09-27 10:30:00,C,,568093.697,136358.527,223.867,200-ZP,80.29999999999998,,,,,,Calc,,80.29999999999998,['299-W14-30'],1558.0,1559.0,27.0,25.0,4_rwia,299-W14-30,LU/CR
299-W14-30,1.3,CHARACTERIZATION,na,2023-09-27 10:30:00,C,,568093.697,136358.527,223.867,200-ZP,80.29999999999998,,,,,,Calc,,80.29999999999998,['299-W14-30'],1558.0,1559.0,27.0,25.0,4_rwia,299-W14-30,LU/CR
299-W14-30,1.3,CHARACTERIZATION,na,2023-10-02 12:15:00,C,,568093.697,136358.527,223.867,200-ZP,74.107,,,,,,Calc,,74.107,['299-W14-30'],1558.0,1559.0,27.0,25.0,0_bslt,299-W14-30,LU/CR
299-W14-30,1.3,CHARACTERIZATION,na,2023-10-02 12:15:00,C,,568093.697,136358.527,223.867,200-ZP,74.107,,,,,,Calc,,74.107,['299-W14-30'],1558.0,1559.0,27.0,25.0,0_bslt,299-W14-30,LU/CR
299-W14-30,2.5,CHARACTERIZATION,na,2023-10-04 08:40:00,C,,568093.697,136358.527,223.867,200-ZP,68.10499999999999,,,,,,Calc,,68.10499999999999,['299-W14-30'],1558.0,1559.0,27.0,25.0,0_bslt,299-W14-30,LU/CR
299-W14-30,2.5,CHARACTERIZATION,na,2023-10-04 08:40:00,C,,568093.697,136358.527,223.867,200-ZP,68.10499999999999,,,,,,Calc,,68.10499999999999,['299-W14-30'],1558.0,1559.0,27.0,25.0,0_bslt,299-W14-30,LU/CR
299-W14-30,32.0,CHARACTERIZATION,na,2024-02-28 10:15:00,C,,568093.697,136358.527,223.867,200-ZP,109.028,,,,,,Calc,,109.028,['299-W14-30'],1558.0,1559.0,27.0,25.0,5_rlm,299-W14-30,LU/CR
299-W14-30,32.0,CHARACTERIZATION,na,2024-02-28 10:15:00,C,,568093.697,136358.527,223.867,200-ZP,109.028,,,,,,Calc,,109.028,['299-W14-30'],1558.0,1559.0,27.0,25.0,5_rlm,299-W14-30,LU/CR
299-W14-31,2.5,CHARACTERIZATION,na,2024-02-29 13:46:00,C,,567778.283,136542.037,222.034,200-ZP,119.691,,,,,,Calc,,119.691,[],1496.0,1497.0,26.0,22.0,5_rlm,299-W14-31,LU/CR
299-W14-31,2.5,CHARACTERIZATION,na,2024-02-29 13:46:00,C,,567778.283,136542.037,222.034,200-ZP,119.691,,,,,,Calc,,119.691,[],1496.0,1497.0,26.0,22.0,5_rlm,299-W14-31,LU/CR
299-W14-31,4.83,CHARACTERIZATION,na,2024-03-01 10:41:00,C,,567778.283,136542.037,222.034,200-ZP,113.494,,,,,,Calc,,113.494,[],1496.0,1497.0,26.0,22.0,5_rlm,299-W14-31,LU/CR
299-W14-31,4.83,CHARACTERIZATION,na,2024-03-01 10:41:00,C,,567778.283,136542.037,222.034,200-ZP,113.494,,,,,,Calc,,113.494,[],1496.0,1497.0,26.0,22.0,5_rlm,299-W14-31,LU/CR
299-W14-31,7.56,CHARACTERIZATION,na,2024-03-04 11:30:00,C,,567778.283,136542.037,222.034,200-ZP,107.464,,,,,,Calc,,107.464,[],1496.0,1497.0,26.0,22.0,5_rlm,299-W14-31,LU/CR
299-W14-31,7.56,CHARACTERIZATION,na,2024-03-04 11:30:00,C,,567778.283,136542.037,222.034,200-ZP,107.464,,,,,,Calc,,107.464,[],1496.0,1497.0,26.0,22.0,5_rlm,299-W14-31,LU/CR
299-W14-31,3.73,CHARACTERIZATION,na,2024-03-05 11:45:00,C,,567778.283,136542.037,222.034,200-ZP,101.424,,,,,,Calc,,101.424,[],1496.0,1497.0,26.0,22.0,4_rwia,299-W14-31,LU/CR
299-W14-31,3.73,CHARACTERIZATION,na,2024-03-05 11:45:00,C,,567778.283,136542.037,222.034,200-ZP,101.424,,,,,,Calc,,101.424,[],1496.0,1497.0,26.0,22.0,4_rwia,299-W14-31,LU/CR
299-W14-31,6.44,CHARACTERIZATION,na,2024-03-06 10:25:00,C,,567778.283,136542.037,222.034,200-ZP,95.264,,,,,,Calc,,95.264,[],1496.0,1497.0,26.0,22.0,4_rwia,299-W14-31,LU/CR
299-W14-31,6.44,CHARACTERIZATION,na,2024-03-06 10:25:00,C,,567778.283,136542.037,222.034,200-ZP,95.264,,,,,,Calc,,95.264,[],1496.0,1497.0,26.0,22.0,4_rwia,299-W14-31,LU/CR
299-W14-31,8.28,CHARACTERIZATION,na,2024-03-07 11:45:00,C,,567778.283,136542.037,222.034,200-ZP,89.23399999999998,,,,,,Calc,,89.23399999999998,[],1496.0,1497.0,26.0,22.0,4_rwia,299-W14-31,LU/CR
299-W14-31,8.28,CHARACTERIZATION,na,2024-03-07 11:45:00,C,,567778.283,136542.037,222.034,200-ZP,89.23399999999998,,,,,,Calc,,89.23399999999998,[],1496.0,1497.0,26.0,22.0,4_rwia,299-W14-31,LU/CR
299-W14-31,2.5,CHARACTERIZATION,na,2024-03-08 12:05:00,C,,567778.283,136542.037,222.034,200-ZP,83.10399999999998,,,,,,Calc,,83.10399999999998,[],1496.0,1497.0,26.0,22.0,4_rwia,299-W14-31,LU/CR
299-W14-31,2.5,CHARACTERIZATION,na,2024-03-08 12:05:00,C,,567778.283,136542.037,222.034,200-ZP,83.10399999999998,,,,,,Calc,,83.10399999999998,[],1496.0,1497.0,26.0,22.0,4_rwia,299-W14-31,LU/CR
299-W14-31,2.5,CHARACTERIZATION,na,2024-03-12 14:40:00,C,,567778.283,136542.037,222.034,200-ZP,77.053,,,,,,Calc,,77.053,[],1496.0,1497.0,26.0,22.0,4_rwia,299-W14-31,LU/CR
299-W14-31,2.5,CHARACTERIZATION,na,2024-03-12 14:40:00,C,,567778.283,136542.037,222.034,200-ZP,77.053,,,,,,Calc,,77.053,[],1496.0,1497.0,26.0,22.0,4_rwia,299-W14-31,LU/CR
299-W14-31,2.5,CHARACTERIZATION,na,2024-03-14 09:55:00,C,,567778.283,136542.037,222.034,200-ZP,70.97399999999999,,,,,,Calc,,70.97399999999999,[],1496.0,1497.0,26.0,22.0,0_bslt,299-W14-31,LU/CR
299-W14-31,2.5,CHARACTERIZATION,na,2024-03-14 09:55:00,C,,567778.283,136542.037,222.034,200-ZP,70.97399999999999,,,,,,Calc,,70.97399999999999,[],1496.0,1497.0,26.0,22.0,0_bslt,299-W14-31,LU/CR
299-W14-31,2.5,CHARACTERIZATION,na,2024-03-15 10:37:00,C,,567778.283,136542.037,222.034,200-ZP,64.88399999999999,,,,,,Calc,,64.88399999999999,[],1496.0,1497.0,26.0,22.0,0_bslt,299-W14-31,LU/CR
299-W14-31,2.5,CHARACTERIZATION,na,2024-03-15 10:37:00,C,,567778.283,136542.037,222.034,200-ZP,64.88399999999999,,,,,,Calc,,64.88399999999999,[],1496.0,1497.0,26.0,22.0,0_bslt,299-W14-31,LU/CR
299-W14-31,45.6,CHARACTERIZATION,na,2024-07-01 08:45:00,C,,567778.283,136542.037,222.034,200-ZP,118.661,,,,,,Calc,,118.661,[],1496.0,1497.0,26.0,22.0,5_rlm,299-W14-31,LU/CR
299-W14-31,45.6,CHARACTERIZATION,na,2024-07-01 08:45:00,C,,567778.283,136542.037,222.034,200-ZP,118.661,,,,,,Calc,,118.661,[],1496.0,1497.0,26.0,22.0,5_rlm,299-W14-31,LU/CR
299-W14-31,39.6,CHARACTERIZATION,na,2024-12-11 10:31:00,C,,567778.283,136542.037,222.034,200-ZP,94.934204,,,,,,Calc,,94.934204,[],1496.0,1497.0,26.0,22.0,4_rwia,299-W14-31,LU/CR
299-W14-31,39.6,CHARACTERIZATION,na,2024-12-11 10:31:00,C,,567778.283,136542.037,222.034,200-ZP,94.934204,,,,,,Calc,,94.934204,[],1496.0,1497.0,26.0,22.0,4_rwia,299-W14-31,LU/CR
299-W14-32,2.5,CHARACTERIZATION,na,2023-10-05 08:35:00,C,,568127.499,136054.322,223.638,200-ZP,121.143,,,,,,Calc,,121.143,['299-W14-32'],1735.0,1736.0,30.0,25.0,5_rlm,299-W14-32,LU/CR
299-W14-32,2.5,CHARACTERIZATION,na,2023-10-05 08:35:00,C,,568127.499,136054.322,223.638,200-ZP,121.143,,,,,,Calc,,121.143,['299-W14-32'],1735.0,1736.0,30.0,25.0,5_rlm,299-W14-32,LU/CR
299-W14-32,2.5,CHARACTERIZATION,na,2023-10-05 13:40:00,C,,568127.499,136054.322,223.638,200-ZP,117.12,,,,,,Calc,,117.12,['299-W14-32'],1735.0,1736.0,30.0,25.0,5_rlm,299-W14-32,LU/CR
299-W14-32,2.5,CHARACTERIZATION,na,2023-10-05 13:40:00,C,,568127.499,136054.322,223.638,200-ZP,117.12,,,,,,Calc,,117.12,['299-W14-32'],1735.0,1736.0,30.0,25.0,5_rlm,299-W14-32,LU/CR
299-W14-32,2.5,CHARACTERIZATION,na,2023-10-09 08:58:00,C,,568127.499,136054.322,223.638,200-ZP,108.799,,,,,,Calc,,108.799,['299-W14-32'],1735.0,1736.0,30.0,25.0,5_rlm,299-W14-32,LU/CR
299-W14-32,2.5,CHARACTERIZATION,na,2023-10-09 08:58:00,C,,568127.499,136054.322,223.638,200-ZP,108.799,,,,,,Calc,,108.799,['299-W14-32'],1735.0,1736.0,30.0,25.0,5_rlm,299-W14-32,LU/CR
299-W14-32,2.5,CHARACTERIZATION,na,2023-10-10 10:20:00,C,,568127.499,136054.322,223.638,200-ZP,102.879,,,,,,Calc,,102.879,['299-W14-32'],1735.0,1736.0,30.0,25.0,5_rlm,299-W14-32,LU/CR
299-W14-32,2.5,CHARACTERIZATION,na,2023-10-10 10:20:00,C,,568127.499,136054.322,223.638,200-ZP,102.879,,,,,,Calc,,102.879,['299-W14-32'],1735.0,1736.0,30.0,25.0,5_rlm,299-W14-32,LU/CR
299-W14-32,2.5,CHARACTERIZATION,na,2023-10-16 10:10:00,C,,568127.499,136054.322,223.638,200-ZP,96.646,,,,,,Calc,,96.646,['299-W14-32'],1735.0,1736.0,30.0,25.0,4_rwia,299-W14-32,LU/CR
299-W14-32,2.5,CHARACTERIZATION,na,2023-10-16 10:10:00,C,,568127.499,136054.322,223.638,200-ZP,96.646,,,,,,Calc,,96.646,['299-W14-32'],1735.0,1736.0,30.0,25.0,4_rwia,299-W14-32,LU/CR
299-W14-32,2.5,CHARACTERIZATION,na,2023-10-17 10:37:00,C,,568127.499,136054.322,223.638,200-ZP,90.614,,,,,,Calc,,90.614,['299-W14-32'],1735.0,1736.0,30.0,25.0,4_rwia,299-W14-32,LU/CR
299-W14-32,2.5,CHARACTERIZATION,na,2023-10-17 10:37:00,C,,568127.499,136054.322,223.638,200-ZP,90.614,,,,,,Calc,,90.614,['299-W14-32'],1735.0,1736.0,30.0,25.0,4_rwia,299-W14-32,LU/CR
299-W14-32,2.5,CHARACTERIZATION,na,2023-10-19 12:05:00,C,,568127.499,136054.322,223.638,200-ZP,78.154,,,,,,Calc,,78.154,['299-W14-32'],1735.0,1736.0,30.0,25.0,4_rwia,299-W14-32,LU/CR
299-W14-32,2.5,CHARACTERIZATION,na,2023-10-19 12:05:00,C,,568127.499,136054.322,223.638,200-ZP,78.154,,,,,,Calc,,78.154,['299-W14-32'],1735.0,1736.0,30.0,25.0,4_rwia,299-W14-32,LU/CR
299-W14-32,2.5,CHARACTERIZATION,na,2023-10-30 13:35:00,C,,568127.499,136054.322,223.638,200-ZP,72.50900000000001,,,,,,Calc,,72.50900000000001,['299-W14-32'],1735.0,1736.0,30.0,25.0,0_bslt,299-W14-32,LU/CR
299-W14-32,2.5,CHARACTERIZATION,na,2023-10-30 13:35:00,C,,568127.499,136054.322,223.638,200-ZP,72.50900000000001,,,,,,Calc,,72.50900000000001,['299-W14-32'],1735.0,1736.0,30.0,25.0,0_bslt,299-W14-32,LU/CR
299-W14-32,2.5,CHARACTERIZATION,na,2023-11-01 09:00:00,C,,568127.499,136054.322,223.638,200-ZP,66.303,,,,,,Calc,,66.303,['299-W14-32'],1735.0,1736.0,30.0,25.0,0_bslt,299-W14-32,LU/CR
299-W14-32,2.5,CHARACTERIZATION,na,2023-11-01 09:00:00,C,,568127.499,136054.322,223.638,200-ZP,66.303,,,,,,Calc,,66.303,['299-W14-32'],1735.0,1736.0,30.0,25.0,0_bslt,299-W14-32,LU/CR
299-W14-32,2.5,CHARACTERIZATION,na,2024-03-04 09:05:00,C,,568127.499,136054.322,223.638,200-ZP,60.287000000000006,,,,,,Calc,,60.287000000000006,['299-W14-32'],1735.0,1736.0,30.0,25.0,0_bslt,299-W14-32,LU/CR
299-W14-32,2.5,CHARACTERIZATION,na,2024-03-04 09:05:00,C,,568127.499,136054.322,223.638,200-ZP,60.287000000000006,,,,,,Calc,,60.287000000000006,['299-W14-32'],1735.0,1736.0,30.0,25.0,0_bslt,299-W14-32,LU/CR
299-W14-33,2.5,CHARACTERIZATION,na,2020-11-10 09:00:00,C,,568101.33,135699.45,221.6,200-UP,117.39,,,,,,Calc,,117.39,['299-W13-5'],1971.0,1972.0,34.0,25.0,5_rlm,299-W14-33,NAN
299-W14-33,7.16,CHARACTERIZATION,na,2020-11-10 14:11:00,C,,568101.33,135699.45,221.6,200-UP,111.317,,,,,,Calc,,111.317,['299-W13-5'],1971.0,1972.0,34.0,25.0,5_rlm,299-W14-33,NAN
299-W14-33,4.52,CHARACTERIZATION,na,2020-11-11 10:50:00,C,,568101.33,135699.45,221.6,200-UP,105.14,,,,,,Calc,,105.14,['299-W13-5'],1971.0,1972.0,34.0,25.0,5_rlm,299-W14-33,NAN
299-W14-33,2.5,CHARACTERIZATION,na,2020-11-12 10:10:00,C,,568101.33,135699.45,221.6,200-UP,99.064,,,,,,Calc,,99.064,['299-W13-5'],1971.0,1972.0,34.0,25.0,5_rlm,299-W14-33,NAN
299-W14-33,2.5,CHARACTERIZATION,na,2020-11-17 10:53:00,C,,568101.33,135699.45,221.6,200-UP,92.938,,,,,,Calc,,92.938,['299-W13-5'],1971.0,1972.0,34.0,25.0,5_rlm,299-W14-33,NAN
299-W14-33,7.22,CHARACTERIZATION,na,2020-11-18 11:24:00,C,,568101.33,135699.45,221.6,200-UP,86.78399999999999,,,,,,Calc,,86.78399999999999,['299-W13-5'],1971.0,1972.0,34.0,25.0,4_rwia,299-W14-33,NAN
299-W14-33,6.92,CHARACTERIZATION,na,2020-11-19 11:11:00,C,,568101.33,135699.45,221.6,200-UP,80.71199999999999,,,,,,Calc,,80.71199999999999,['299-W13-5'],1971.0,1972.0,34.0,25.0,4_rwia,299-W14-33,NAN
299-W14-33,5.78,CHARACTERIZATION,na,2020-12-01 12:15:00,C,,568101.33,135699.45,221.6,200-UP,74.851,,,,,,Calc,,74.851,['299-W13-5'],1971.0,1972.0,34.0,25.0,4_rwia,299-W14-33,NAN
299-W14-33,2.5,CHARACTERIZATION,na,2020-12-03 13:14:00,C,,568101.33,135699.45,221.6,200-UP,68.93,,,,,,Calc,,68.93,['299-W13-5'],1971.0,1972.0,34.0,25.0,0_bslt,299-W14-33,NAN
299-W14-33,2.5,CHARACTERIZATION,na,2020-12-08 13:25:00,C,,568101.33,135699.45,221.6,200-UP,62.72299999999999,,,,,,Calc,,62.72299999999999,['299-W13-5'],1971.0,1972.0,34.0,25.0,0_bslt,299-W14-33,NAN
299-W14-33,2.5,CHARACTERIZATION,na,2020-12-09 13:37:00,C,,568101.33,135699.45,221.6,200-UP,58.66299999999998,,,,,,Calc,,58.66299999999998,['299-W13-5'],1971.0,1972.0,34.0,25.0,0_bslt,299-W14-33,NAN
299-W14-73,5.08,CHARACTERIZATION,na,2024-12-12 10:12:00,CNF,,567358.99,136204.58,217.507,200-ZP,97.59392,,,,,,Calc,,97.59392,['299-W14-73'],1669.0,1670.0,29.0,18.0,5_rlm,299-W14-73,UU/MU
299-W14-73,5.08,CHARACTERIZATION,na,2024-12-12 10:12:00,CNF,,567358.99,136204.58,217.507,200-ZP,97.59392,,,,,,Calc,,97.59392,['299-W14-73'],1669.0,1670.0,29.0,18.0,5_rlm,299-W14-73,UU/MU
299-W14-74,22.4,CHARACTERIZATION,na,2024-06-18 11:47:00,C,,567781.48,136381.29,222.212,200-ZP,98.823484,,,,,,Calc,,98.823484,"['299-W14-31', '299-W14-74', 'CTet-Ext-2']",1555.0,1556.0,27.0,22.0,4_rwia,299-W14-74,UU/MU
299-W14-74,22.4,CHARACTERIZATION,na,2024-06-18 11:47:00,C,,567781.48,136381.29,222.212,200-ZP,98.823484,,,,,,Calc,,98.823484,"['299-W14-31', '299-W14-74', 'CTet-Ext-2']",1555.0,1556.0,27.0,22.0,4_rwia,299-W14-74,UU/MU
299-W14-74,17.6,CHARACTERIZATION,na,2024-12-12 08:41:00,C,,567781.48,136381.29,222.212,200-ZP,98.823484,,,,,,Calc,,98.823484,"['299-W14-31', '299-W14-74', 'CTet-Ext-2']",1555.0,1556.0,27.0,22.0,4_rwia,299-W14-74,UU/MU
299-W14-74,17.6,CHARACTERIZATION,na,2024-12-12 08:41:00,C,,567781.48,136381.29,222.212,200-ZP,98.823484,,,,,,Calc,,98.823484,"['299-W14-31', '299-W14-74', 'CTet-Ext-2']",1555.0,1556.0,27.0,22.0,4_rwia,299-W14-74,UU/MU
299-W14-75,4.55,CHARACTERIZATION,na,2023-10-23 08:43:00,C,,568000.13,136204.5,223.15,200-ZP,117.17,,,,,,Calc,,117.17,['299-W14-75'],1675.0,1676.0,29.0,24.0,5_rlm,299-W14-75,LU/CR
299-W14-75,4.55,CHARACTERIZATION,na,2023-10-23 08:43:00,C,,568000.13,136204.5,223.15,200-ZP,117.17,,,,,,Calc,,117.17,['299-W14-75'],1675.0,1676.0,29.0,24.0,5_rlm,299-W14-75,LU/CR
299-W15-225,9.0,CHARACTERIZATION,na,2024-12-12 10:56:00,C,,566657.35,136108.93,205.544,200-ZP,105.786,,,,,,Calc,,105.786,['299-W15-225'],1721.0,1722.0,30.0,11.0,6_rwie,299-W15-225,UU/MU
299-W15-225,9.0,CHARACTERIZATION,na,2024-12-12 10:56:00,C,,566657.35,136108.93,205.544,200-ZP,105.786,,,,,,Calc,,105.786,['299-W15-225'],1721.0,1722.0,30.0,11.0,6_rwie,299-W15-225,UU/MU
299-W15-232,15.15,CHARACTERIZATION,na,2024-03-27 13:15:00,C,,566090.046,135729.045,213.872,200-ZP,133.74400000000003,,,,,,Calc,,133.74400000000003,[],1951.0,1952.0,34.0,5.0,6_rwie,299-W15-232,UU/MU
299-W15-232,15.15,CHARACTERIZATION,na,2024-03-27 13:15:00,C,,566090.046,135729.045,213.872,200-ZP,133.74400000000003,,,,,,Calc,,133.74400000000003,[],1951.0,1952.0,34.0,5.0,6_rwie,299-W15-232,UU/MU
299-W15-232,15.15,CHARACTERIZATION,na,2024-03-27 13:15:00,C,,566090.046,135729.045,213.872,200-ZP,133.74400000000003,,,,,,Calc,,133.74400000000003,[],1951.0,1952.0,34.0,5.0,6_rwie,299-W15-232,UU/MU
299-W15-232,2.5,CHARACTERIZATION,na,2024-03-28 11:05:00,C,,566090.046,135729.045,213.872,200-ZP,129.257,,,,,,Calc,,129.257,[],1951.0,1952.0,34.0,5.0,6_rwie,299-W15-232,UU/MU
299-W15-232,2.5,CHARACTERIZATION,na,2024-03-28 11:05:00,C,,566090.046,135729.045,213.872,200-ZP,129.257,,,,,,Calc,,129.257,[],1951.0,1952.0,34.0,5.0,6_rwie,299-W15-232,UU/MU
299-W15-232,2.5,CHARACTERIZATION,na,2024-03-28 11:05:00,C,,566090.046,135729.045,213.872,200-ZP,129.257,,,,,,Calc,,129.257,[],1951.0,1952.0,34.0,5.0,6_rwie,299-W15-232,UU/MU
299-W17-2,5.8,CHARACTERIZATION,na,2024-12-12 10:04:00,C,,566951.64,135806.21,205.181,200-ZP,109.970612,,,,,,Calc,,109.970612,['299-W17-2'],1901.0,1902.0,33.0,14.0,6_rwie,299-W17-2,UU/MU
299-W17-2,5.8,CHARACTERIZATION,na,2024-12-12 10:04:00,C,,566951.64,135806.21,205.181,200-ZP,109.970612,,,,,,Calc,,109.970612,['299-W17-2'],1901.0,1902.0,33.0,14.0,6_rwie,299-W17-2,UU/MU
299-W17-2,5.8,CHARACTERIZATION,na,2024-12-12 10:04:00,C,,566951.64,135806.21,205.181,200-ZP,109.970612,,,,,,Calc,,109.970612,['299-W17-2'],1901.0,1902.0,33.0,14.0,6_rwie,299-W17-2,UU/MU
299-W17-3,5.27,CHARACTERIZATION,na,2024-12-12 10:47:00,C,,566925.89,135325.02,206.874,200-UP,106.315,,,,,,Calc,,106.315,['299-W17-3'],2195.0,2196.0,38.0,13.0,6_rwie,299-W17-3,UU/MU
299-W17-3,5.27,CHARACTERIZATION,na,2024-12-12 10:47:00,C,,566925.89,135325.02,206.874,200-UP,106.315,,,,,,Calc,,106.315,['299-W17-3'],2195.0,2196.0,38.0,13.0,6_rwie,299-W17-3,UU/MU
299-W18-263,2.5,CHARACTERIZATION,na,2024-05-01 13:41:00,C,,566088.783,135457.955,213.345,200-ZP,133.201,,,,,,Calc,,133.201,[],2069.0,2070.0,36.0,5.0,6_rwie,299-W18-263,UU/MU
299-W18-263,14.3,CHARACTERIZATION,na,2024-05-06 14:05:00,C,,566088.783,135457.955,213.345,200-ZP,129.3,,,,,,Calc,,129.3,[],2069.0,2070.0,36.0,5.0,6_rwie,299-W18-263,UU/MU
299-W18-45,2.5,CHARACTERIZATION,na,2022-05-17 13:41:00,C,,566213.05,134976.94,208.495,200-UP,131.62400000000002,,,,,,Calc,,131.62400000000002,[],2365.0,2366.0,41.0,6.0,6_rwie,299-W18-45,UU/MU
299-W18-45,2.5,CHARACTERIZATION,na,2022-05-17 13:41:00,C,,566213.05,134976.94,208.495,200-UP,131.62400000000002,,,,,,Calc,,131.62400000000002,[],2365.0,2366.0,41.0,6.0,6_rwie,299-W18-45,UU/MU
299-W18-45,2.5,CHARACTERIZATION,na,2022-05-17 13:41:00,C,,566213.05,134976.94,208.495,200-UP,131.62400000000002,,,,,,Calc,,131.62400000000002,[],2365.0,2366.0,41.0,6.0,6_rwie,299-W18-45,UU/MU
299-W18-45,2.5,CHARACTERIZATION,na,2022-05-17 13:41:00,C,,566213.05,134976.94,208.495,200-UP,131.62400000000002,,,,,,Calc,,131.62400000000002,[],2365.0,2366.0,41.0,6.0,6_rwie,299-W18-45,UU/MU
299-W18-45,16.7,CHARACTERIZATION,na,2022-05-18 12:21:00,C,,566213.05,134976.94,208.495,200-UP,127.296,,,,,,Calc,,127.296,[],2365.0,2366.0,41.0,6.0,6_rwie,299-W18-45,UU/MU
299-W18-45,16.7,CHARACTERIZATION,na,2022-05-18 12:21:00,C,,566213.05,134976.94,208.495,200-UP,127.296,,,,,,Calc,,127.296,[],2365.0,2366.0,41.0,6.0,6_rwie,299-W18-45,UU/MU
299-W18-45,16.7,CHARACTERIZATION,na,2022-05-18 12:21:00,C,,566213.05,134976.94,208.495,200-UP,127.296,,,,,,Calc,,127.296,[],2365.0,2366.0,41.0,6.0,6_rwie,299-W18-45,UU/MU
299-W18-45,16.7,CHARACTERIZATION,na,2022-05-18 12:21:00,C,,566213.05,134976.94,208.495,200-UP,127.296,,,,,,Calc,,127.296,[],2365.0,2366.0,41.0,6.0,6_rwie,299-W18-45,UU/MU
299-W18-46,2.5,CHARACTERIZATION,na,2022-06-20 08:30:00,C,,566333.51,135008.82,210.329,200-UP,132.909,,,,,,Calc,,132.909,[],2366.0,2367.0,41.0,7.0,6_rwie,299-W18-46,UU/MU
299-W18-46,2.5,CHARACTERIZATION,na,2022-06-20 08:30:00,C,,566333.51,135008.82,210.329,200-UP,132.909,,,,,,Calc,,132.909,[],2366.0,2367.0,41.0,7.0,6_rwie,299-W18-46,UU/MU
299-W18-46,2.5,CHARACTERIZATION,na,2022-06-20 08:30:00,C,,566333.51,135008.82,210.329,200-UP,132.909,,,,,,Calc,,132.909,[],2366.0,2367.0,41.0,7.0,6_rwie,299-W18-46,UU/MU
299-W18-46,5.51,CHARACTERIZATION,na,2022-06-21 12:40:00,C,,566333.51,135008.82,210.329,200-UP,128.029,,,,,,Calc,,128.029,[],2366.0,2367.0,41.0,7.0,6_rwie,299-W18-46,UU/MU
299-W18-46,5.51,CHARACTERIZATION,na,2022-06-21 12:40:00,C,,566333.51,135008.82,210.329,200-UP,128.029,,,,,,Calc,,128.029,[],2366.0,2367.0,41.0,7.0,6_rwie,299-W18-46,UU/MU
299-W18-46,5.51,CHARACTERIZATION,na,2022-06-21 12:40:00,C,,566333.51,135008.82,210.329,200-UP,128.029,,,,,,Calc,,128.029,[],2366.0,2367.0,41.0,7.0,6_rwie,299-W18-46,UU/MU
299-W18-46,2.5,CHARACTERIZATION,na,2022-06-22 13:50:00,C,,566333.51,135008.82,210.329,200-UP,121.329,,,,,,Calc,,121.329,[],2366.0,2367.0,41.0,7.0,6_rwie,299-W18-46,UU/MU
299-W18-46,2.5,CHARACTERIZATION,na,2022-06-22 13:50:00,C,,566333.51,135008.82,210.329,200-UP,121.329,,,,,,Calc,,121.329,[],2366.0,2367.0,41.0,7.0,6_rwie,299-W18-46,UU/MU
299-W18-46,2.5,CHARACTERIZATION,na,2022-06-22 13:50:00,C,,566333.51,135008.82,210.329,200-UP,121.329,,,,,,Calc,,121.329,[],2366.0,2367.0,41.0,7.0,6_rwie,299-W18-46,UU/MU
299-W18-46,2.5,CHARACTERIZATION,na,2022-06-23 13:45:00,C,,566333.51,135008.82,210.329,200-UP,116.481,,,,,,Calc,,116.481,[],2366.0,2367.0,41.0,7.0,6_rwie,299-W18-46,UU/MU
299-W18-46,2.5,CHARACTERIZATION,na,2022-06-23 13:45:00,C,,566333.51,135008.82,210.329,200-UP,116.481,,,,,,Calc,,116.481,[],2366.0,2367.0,41.0,7.0,6_rwie,299-W18-46,UU/MU
299-W18-46,2.5,CHARACTERIZATION,na,2022-06-23 13:45:00,C,,566333.51,135008.82,210.329,200-UP,116.481,,,,,,Calc,,116.481,[],2366.0,2367.0,41.0,7.0,6_rwie,299-W18-46,UU/MU
299-W18-46,2.5,CHARACTERIZATION,na,2022-06-27 10:17:00,C,,566333.51,135008.82,210.329,200-UP,110.781,,,,,,Calc,,110.781,[],2366.0,2367.0,41.0,7.0,6_rwie,299-W18-46,UU/MU
299-W18-46,2.5,CHARACTERIZATION,na,2022-06-27 10:17:00,C,,566333.51,135008.82,210.329,200-UP,110.781,,,,,,Calc,,110.781,[],2366.0,2367.0,41.0,7.0,6_rwie,299-W18-46,UU/MU
299-W18-46,2.5,CHARACTERIZATION,na,2022-06-27 10:17:00,C,,566333.51,135008.82,210.329,200-UP,110.781,,,,,,Calc,,110.781,[],2366.0,2367.0,41.0,7.0,6_rwie,299-W18-46,UU/MU
299-W18-46,3.91,CHARACTERIZATION,na,2022-06-28 11:05:00,C,,566333.51,135008.82,210.329,200-UP,103.629,,,,,,Calc,,103.629,[],2366.0,2367.0,41.0,7.0,6_rwie,299-W18-46,UU/MU
299-W18-46,3.91,CHARACTERIZATION,na,2022-06-28 11:05:00,C,,566333.51,135008.82,210.329,200-UP,103.629,,,,,,Calc,,103.629,[],2366.0,2367.0,41.0,7.0,6_rwie,299-W18-46,UU/MU
299-W18-46,3.91,CHARACTERIZATION,na,2022-06-28 11:05:00,C,,566333.51,135008.82,210.329,200-UP,103.629,,,,,,Calc,,103.629,[],2366.0,2367.0,41.0,7.0,6_rwie,299-W18-46,UU/MU
299-W18-46,8.85,CHARACTERIZATION,na,2022-07-11 14:14:00,C,,566333.51,135008.82,210.329,200-UP,98.069,,,,,,Calc,,98.069,[],2366.0,2367.0,41.0,7.0,6_rwie,299-W18-46,UU/MU
299-W18-46,8.85,CHARACTERIZATION,na,2022-07-11 14:14:00,C,,566333.51,135008.82,210.329,200-UP,98.069,,,,,,Calc,,98.069,[],2366.0,2367.0,41.0,7.0,6_rwie,299-W18-46,UU/MU
299-W18-46,8.85,CHARACTERIZATION,na,2022-07-11 14:14:00,C,,566333.51,135008.82,210.329,200-UP,98.069,,,,,,Calc,,98.069,[],2366.0,2367.0,41.0,7.0,6_rwie,299-W18-46,UU/MU
299-W18-46,2.5,CHARACTERIZATION,na,2022-07-12 14:02:00,C,,566333.51,135008.82,210.329,200-UP,90.829,,,,,,Calc,,90.829,[],2366.0,2367.0,41.0,7.0,6_rwie,299-W18-46,UU/MU
299-W18-46,2.5,CHARACTERIZATION,na,2022-07-12 14:02:00,C,,566333.51,135008.82,210.329,200-UP,90.829,,,,,,Calc,,90.829,[],2366.0,2367.0,41.0,7.0,6_rwie,299-W18-46,UU/MU
299-W18-46,2.5,CHARACTERIZATION,na,2022-07-12 14:02:00,C,,566333.51,135008.82,210.329,200-UP,90.829,,,,,,Calc,,90.829,[],2366.0,2367.0,41.0,7.0,6_rwie,299-W18-46,UU/MU
299-W18-46,2.5,CHARACTERIZATION,na,2022-07-14 09:22:00,C,,566333.51,135008.82,210.329,200-UP,84.72900000000001,,,,,,Calc,,84.72900000000001,[],2366.0,2367.0,41.0,7.0,6_rwie,299-W18-46,UU/MU
299-W18-46,2.5,CHARACTERIZATION,na,2022-07-14 09:22:00,C,,566333.51,135008.82,210.329,200-UP,84.72900000000001,,,,,,Calc,,84.72900000000001,[],2366.0,2367.0,41.0,7.0,6_rwie,299-W18-46,UU/MU
299-W18-46,2.5,CHARACTERIZATION,na,2022-07-14 09:22:00,C,,566333.51,135008.82,210.329,200-UP,84.72900000000001,,,,,,Calc,,84.72900000000001,[],2366.0,2367.0,41.0,7.0,6_rwie,299-W18-46,UU/MU
299-W18-46,2.5,CHARACTERIZATION,na,2022-07-18 13:41:00,C,,566333.51,135008.82,210.329,200-UP,78.62900000000002,,,,,,Calc,,78.62900000000002,[],2366.0,2367.0,41.0,7.0,6_rwie,299-W18-46,UU/MU
299-W18-46,2.5,CHARACTERIZATION,na,2022-07-18 13:41:00,C,,566333.51,135008.82,210.329,200-UP,78.62900000000002,,,,,,Calc,,78.62900000000002,[],2366.0,2367.0,41.0,7.0,6_rwie,299-W18-46,UU/MU
299-W18-46,2.5,CHARACTERIZATION,na,2022-07-18 13:41:00,C,,566333.51,135008.82,210.329,200-UP,78.62900000000002,,,,,,Calc,,78.62900000000002,[],2366.0,2367.0,41.0,7.0,6_rwie,299-W18-46,UU/MU
299-W18-46,2.5,CHARACTERIZATION,na,2022-07-19 14:03:00,C,,566333.51,135008.82,210.329,200-UP,72.529,,,,,,Calc,,72.529,[],2366.0,2367.0,41.0,7.0,6_rwie,299-W18-46,UU/MU
299-W18-46,2.5,CHARACTERIZATION,na,2022-07-19 14:03:00,C,,566333.51,135008.82,210.329,200-UP,72.529,,,,,,Calc,,72.529,[],2366.0,2367.0,41.0,7.0,6_rwie,299-W18-46,UU/MU
299-W18-46,2.5,CHARACTERIZATION,na,2022-07-19 14:03:00,C,,566333.51,135008.82,210.329,200-UP,72.529,,,,,,Calc,,72.529,[],2366.0,2367.0,41.0,7.0,6_rwie,299-W18-46,UU/MU
299-W18-46,2.5,CHARACTERIZATION,na,2022-07-22 10:20:00,C,,566333.51,135008.82,210.329,200-UP,66.429,,,,,,Calc,,66.429,[],2366.0,2367.0,41.0,7.0,5_rlm,299-W18-46,UU/MU
299-W18-46,2.5,CHARACTERIZATION,na,2022-07-22 10:20:00,C,,566333.51,135008.82,210.329,200-UP,66.429,,,,,,Calc,,66.429,[],2366.0,2367.0,41.0,7.0,5_rlm,299-W18-46,UU/MU
299-W18-46,2.5,CHARACTERIZATION,na,2022-07-22 10:20:00,C,,566333.51,135008.82,210.329,200-UP,66.429,,,,,,Calc,,66.429,[],2366.0,2367.0,41.0,7.0,5_rlm,299-W18-46,UU/MU
299-W18-46,2.5,CHARACTERIZATION,na,2022-07-26 11:25:00,C,,566333.51,135008.82,210.329,200-UP,52.539000000000016,,,,,,Calc,,52.539000000000016,[],2366.0,2367.0,41.0,7.0,4_rwia,299-W18-46,UU/MU
299-W18-46,2.5,CHARACTERIZATION,na,2022-07-26 11:25:00,C,,566333.51,135008.82,210.329,200-UP,52.539000000000016,,,,,,Calc,,52.539000000000016,[],2366.0,2367.0,41.0,7.0,4_rwia,299-W18-46,UU/MU
299-W18-46,2.5,CHARACTERIZATION,na,2022-07-26 11:25:00,C,,566333.51,135008.82,210.329,200-UP,52.539000000000016,,,,,,Calc,,52.539000000000016,[],2366.0,2367.0,41.0,7.0,4_rwia,299-W18-46,UU/MU
299-W18-46,2.5,CHARACTERIZATION,na,2022-07-27 11:39:00,C,,566333.51,135008.82,210.329,200-UP,48.12900000000002,,,,,,Calc,,48.12900000000002,[],2366.0,2367.0,41.0,7.0,4_rwia,299-W18-46,UU/MU
299-W18-46,2.5,CHARACTERIZATION,na,2022-07-27 11:39:00,C,,566333.51,135008.82,210.329,200-UP,48.12900000000002,,,,,,Calc,,48.12900000000002,[],2366.0,2367.0,41.0,7.0,4_rwia,299-W18-46,UU/MU
299-W18-46,2.5,CHARACTERIZATION,na,2022-07-27 11:39:00,C,,566333.51,135008.82,210.329,200-UP,48.12900000000002,,,,,,Calc,,48.12900000000002,[],2366.0,2367.0,41.0,7.0,4_rwia,299-W18-46,UU/MU
299-W18-46,2.5,CHARACTERIZATION,na,2022-08-01 08:08:00,C,,566333.51,135008.82,210.329,200-UP,42.12900000000002,,,,,,Calc,,42.12900000000002,[],2366.0,2367.0,41.0,7.0,4_rwia,299-W18-46,UU/MU
299-W18-46,2.5,CHARACTERIZATION,na,2022-08-01 08:08:00,C,,566333.51,135008.82,210.329,200-UP,42.12900000000002,,,,,,Calc,,42.12900000000002,[],2366.0,2367.0,41.0,7.0,4_rwia,299-W18-46,UU/MU
299-W18-46,2.5,CHARACTERIZATION,na,2022-08-01 08:08:00,C,,566333.51,135008.82,210.329,200-UP,42.12900000000002,,,,,,Calc,,42.12900000000002,[],2366.0,2367.0,41.0,7.0,4_rwia,299-W18-46,UU/MU
299-W18-46,2.5,CHARACTERIZATION,na,2022-08-01 12:13:00,C,,566333.51,135008.82,210.329,200-UP,36.029,,,,,,Calc,,36.029,[],2366.0,2367.0,41.0,7.0,4_rwia,299-W18-46,UU/MU
299-W18-46,2.5,CHARACTERIZATION,na,2022-08-01 12:13:00,C,,566333.51,135008.82,210.329,200-UP,36.029,,,,,,Calc,,36.029,[],2366.0,2367.0,41.0,7.0,4_rwia,299-W18-46,UU/MU
299-W18-46,2.5,CHARACTERIZATION,na,2022-08-01 12:13:00,C,,566333.51,135008.82,210.329,200-UP,36.029,,,,,,Calc,,36.029,[],2366.0,2367.0,41.0,7.0,4_rwia,299-W18-46,UU/MU
299-W18-47,20.8,CHARACTERIZATION,na,2022-06-06 09:53:00,C,,566103.44,134978.72,205.289,200-UP,134.72799999999998,,,,,,Calc,,134.72799999999998,[],2364.0,2365.0,41.0,5.0,6_rwie,299-W18-47,UU/MU
299-W18-47,20.8,CHARACTERIZATION,na,2022-06-06 09:53:00,C,,566103.44,134978.72,205.289,200-UP,134.72799999999998,,,,,,Calc,,134.72799999999998,[],2364.0,2365.0,41.0,5.0,6_rwie,299-W18-47,UU/MU
299-W18-47,20.8,CHARACTERIZATION,na,2022-06-06 09:53:00,C,,566103.44,134978.72,205.289,200-UP,134.72799999999998,,,,,,Calc,,134.72799999999998,[],2364.0,2365.0,41.0,5.0,6_rwie,299-W18-47,UU/MU
299-W18-47,15.9,CHARACTERIZATION,na,2022-06-07 12:50:00,C,,566103.44,134978.72,205.289,200-UP,128.632,,,,,,Calc,,128.632,[],2364.0,2365.0,41.0,5.0,6_rwie,299-W18-47,UU/MU
299-W18-47,15.9,CHARACTERIZATION,na,2022-06-07 12:50:00,C,,566103.44,134978.72,205.289,200-UP,128.632,,,,,,Calc,,128.632,[],2364.0,2365.0,41.0,5.0,6_rwie,299-W18-47,UU/MU
299-W18-47,15.9,CHARACTERIZATION,na,2022-06-07 12:50:00,C,,566103.44,134978.72,205.289,200-UP,128.632,,,,,,Calc,,128.632,[],2364.0,2365.0,41.0,5.0,6_rwie,299-W18-47,UU/MU
299-W19-114,2.5,CHARACTERIZATION,na,2024-06-18 11:28:00,C,,567901.89,135013.21,214.417,200-UP,116.65616,,,,,,Calc,,116.65616,['299-W19-114'],2382.0,2383.0,41.0,23.0,6_rwie,299-W19-114,UU/MU
299-W19-114,2.5,CHARACTERIZATION,na,2024-06-18 11:28:00,C,,567901.89,135013.21,214.417,200-UP,116.65616,,,,,,Calc,,116.65616,['299-W19-114'],2382.0,2383.0,41.0,23.0,6_rwie,299-W19-114,UU/MU
299-W19-114,2.5,CHARACTERIZATION,na,2024-06-18 11:28:00,C,,567901.89,135013.21,214.417,200-UP,116.65616,,,,,,Calc,,116.65616,['299-W19-114'],2382.0,2383.0,41.0,23.0,6_rwie,299-W19-114,UU/MU
299-W19-114,2.5,CHARACTERIZATION,na,2024-06-18 11:28:00,C,,567901.89,135013.21,214.417,200-UP,116.65616,,,,,,Calc,,116.65616,['299-W19-114'],2382.0,2383.0,41.0,23.0,6_rwie,299-W19-114,UU/MU
299-W19-125,4.01,CHARACTERIZATION,na,2024-06-18 10:58:00,C,,567720.14,135090.85,216.319,200-UP,108.190572,,,,,,Calc,,108.190572,"['299-W19-113', '299-W19-125']",2321.0,2322.0,40.0,21.0,6_rwie,299-W19-125,UU/MU
299-W19-125,4.01,CHARACTERIZATION,na,2024-06-18 10:58:00,C,,567720.14,135090.85,216.319,200-UP,108.190572,,,,,,Calc,,108.190572,"['299-W19-113', '299-W19-125']",2321.0,2322.0,40.0,21.0,6_rwie,299-W19-125,UU/MU
299-W19-125,3.45,CHARACTERIZATION,na,2024-12-12 07:53:00,C,,567720.14,135090.85,216.319,200-UP,108.190572,,,,,,Calc,,108.190572,"['299-W19-113', '299-W19-125']",2321.0,2322.0,40.0,21.0,6_rwie,299-W19-125,UU/MU
299-W19-125,3.45,CHARACTERIZATION,na,2024-12-12 07:53:00,C,,567720.14,135090.85,216.319,200-UP,108.190572,,,,,,Calc,,108.190572,"['299-W19-113', '299-W19-125']",2321.0,2322.0,40.0,21.0,6_rwie,299-W19-125,UU/MU
299-W19-132,2.5,CHARACTERIZATION,na,2022-03-28 08:35:00,C,,567646.1,134691.91,213.048,200-UP,128.466,,,,,,Calc,,128.466,[],2556.0,2557.0,44.0,20.0,6_rwie,299-W19-132,UU/MU
299-W19-132,2.5,CHARACTERIZATION,na,2022-03-28 08:35:00,C,,567646.1,134691.91,213.048,200-UP,128.466,,,,,,Calc,,128.466,[],2556.0,2557.0,44.0,20.0,6_rwie,299-W19-132,UU/MU
299-W19-132,2.5,CHARACTERIZATION,na,2022-03-28 08:35:00,C,,567646.1,134691.91,213.048,200-UP,128.466,,,,,,Calc,,128.466,[],2556.0,2557.0,44.0,20.0,6_rwie,299-W19-132,UU/MU
299-W19-132,2.5,CHARACTERIZATION,na,2022-03-28 08:35:00,C,,567646.1,134691.91,213.048,200-UP,128.466,,,,,,Calc,,128.466,[],2556.0,2557.0,44.0,20.0,6_rwie,299-W19-132,UU/MU
299-W19-132,22.8,CHARACTERIZATION,na,2022-03-29 12:00:00,C,,567646.1,134691.91,213.048,200-UP,125.388,,,,,,Calc,,125.388,[],2556.0,2557.0,44.0,20.0,6_rwie,299-W19-132,UU/MU
299-W19-132,22.8,CHARACTERIZATION,na,2022-03-29 12:00:00,C,,567646.1,134691.91,213.048,200-UP,125.388,,,,,,Calc,,125.388,[],2556.0,2557.0,44.0,20.0,6_rwie,299-W19-132,UU/MU
299-W19-132,22.8,CHARACTERIZATION,na,2022-03-29 12:00:00,C,,567646.1,134691.91,213.048,200-UP,125.388,,,,,,Calc,,125.388,[],2556.0,2557.0,44.0,20.0,6_rwie,299-W19-132,UU/MU
299-W19-132,22.8,CHARACTERIZATION,na,2022-03-29 12:00:00,C,,567646.1,134691.91,213.048,200-UP,125.388,,,,,,Calc,,125.388,[],2556.0,2557.0,44.0,20.0,6_rwie,299-W19-132,UU/MU
299-W19-132,29.1,CHARACTERIZATION,na,2022-03-30 11:01:00,C,,567646.1,134691.91,213.048,200-UP,122.675,,,,,,Calc,,122.675,[],2556.0,2557.0,44.0,20.0,6_rwie,299-W19-132,UU/MU
299-W19-132,29.1,CHARACTERIZATION,na,2022-03-30 11:01:00,C,,567646.1,134691.91,213.048,200-UP,122.675,,,,,,Calc,,122.675,[],2556.0,2557.0,44.0,20.0,6_rwie,299-W19-132,UU/MU
299-W19-132,29.1,CHARACTERIZATION,na,2022-03-30 11:01:00,C,,567646.1,134691.91,213.048,200-UP,122.675,,,,,,Calc,,122.675,[],2556.0,2557.0,44.0,20.0,6_rwie,299-W19-132,UU/MU
299-W19-132,29.1,CHARACTERIZATION,na,2022-03-30 11:01:00,C,,567646.1,134691.91,213.048,200-UP,122.675,,,,,,Calc,,122.675,[],2556.0,2557.0,44.0,20.0,6_rwie,299-W19-132,UU/MU
299-W19-132,2.5,CHARACTERIZATION,na,2022-03-31 12:21:00,C,,567646.1,134691.91,213.048,200-UP,110.238,,,,,,Calc,,110.238,[],2556.0,2557.0,44.0,20.0,6_rwie,299-W19-132,UU/MU
299-W19-132,2.5,CHARACTERIZATION,na,2022-03-31 12:21:00,C,,567646.1,134691.91,213.048,200-UP,110.238,,,,,,Calc,,110.238,[],2556.0,2557.0,44.0,20.0,6_rwie,299-W19-132,UU/MU
299-W19-132,2.5,CHARACTERIZATION,na,2022-03-31 12:21:00,C,,567646.1,134691.91,213.048,200-UP,110.238,,,,,,Calc,,110.238,[],2556.0,2557.0,44.0,20.0,6_rwie,299-W19-132,UU/MU
299-W19-132,2.5,CHARACTERIZATION,na,2022-03-31 12:21:00,C,,567646.1,134691.91,213.048,200-UP,110.238,,,,,,Calc,,110.238,[],2556.0,2557.0,44.0,20.0,6_rwie,299-W19-132,UU/MU
299-W19-132,2.5,CHARACTERIZATION,na,2022-04-07 08:37:00,C,,567646.1,134691.91,213.048,200-UP,98.448,,,,,,Calc,,98.448,[],2556.0,2557.0,44.0,20.0,6_rwie,299-W19-132,UU/MU
299-W19-132,2.5,CHARACTERIZATION,na,2022-04-07 08:37:00,C,,567646.1,134691.91,213.048,200-UP,98.448,,,,,,Calc,,98.448,[],2556.0,2557.0,44.0,20.0,6_rwie,299-W19-132,UU/MU
299-W19-132,2.5,CHARACTERIZATION,na,2022-04-07 08:37:00,C,,567646.1,134691.91,213.048,200-UP,98.448,,,,,,Calc,,98.448,[],2556.0,2557.0,44.0,20.0,6_rwie,299-W19-132,UU/MU
299-W19-132,2.5,CHARACTERIZATION,na,2022-04-07 08:37:00,C,,567646.1,134691.91,213.048,200-UP,98.448,,,,,,Calc,,98.448,[],2556.0,2557.0,44.0,20.0,6_rwie,299-W19-132,UU/MU
299-W19-132,2.5,CHARACTERIZATION,na,2022-04-14 09:41:00,C,,567646.1,134691.91,213.048,200-UP,84.05799999999999,,,,,,Calc,,84.05799999999999,[],2556.0,2557.0,44.0,20.0,6_rwie,299-W19-132,UU/MU
299-W19-132,2.5,CHARACTERIZATION,na,2022-04-14 09:41:00,C,,567646.1,134691.91,213.048,200-UP,84.05799999999999,,,,,,Calc,,84.05799999999999,[],2556.0,2557.0,44.0,20.0,6_rwie,299-W19-132,UU/MU
299-W19-132,2.5,CHARACTERIZATION,na,2022-04-14 09:41:00,C,,567646.1,134691.91,213.048,200-UP,84.05799999999999,,,,,,Calc,,84.05799999999999,[],2556.0,2557.0,44.0,20.0,6_rwie,299-W19-132,UU/MU
299-W19-132,2.5,CHARACTERIZATION,na,2022-04-14 09:41:00,C,,567646.1,134691.91,213.048,200-UP,84.05799999999999,,,,,,Calc,,84.05799999999999,[],2556.0,2557.0,44.0,20.0,6_rwie,299-W19-132,UU/MU
299-W19-132,11.3,CHARACTERIZATION,na,2022-05-09 08:51:00,C,,567646.1,134691.91,213.048,200-UP,118.868,,,,,,Calc,,118.868,[],2556.0,2557.0,44.0,20.0,6_rwie,299-W19-132,UU/MU
299-W19-132,11.3,CHARACTERIZATION,na,2022-05-09 08:51:00,C,,567646.1,134691.91,213.048,200-UP,118.868,,,,,,Calc,,118.868,[],2556.0,2557.0,44.0,20.0,6_rwie,299-W19-132,UU/MU
299-W19-132,11.3,CHARACTERIZATION,na,2022-05-09 08:51:00,C,,567646.1,134691.91,213.048,200-UP,118.868,,,,,,Calc,,118.868,[],2556.0,2557.0,44.0,20.0,6_rwie,299-W19-132,UU/MU
299-W19-132,11.3,CHARACTERIZATION,na,2022-05-09 08:51:00,C,,567646.1,134691.91,213.048,200-UP,118.868,,,,,,Calc,,118.868,[],2556.0,2557.0,44.0,20.0,6_rwie,299-W19-132,UU/MU
299-W19-134,8.29,CHARACTERIZATION,na,2024-07-30 09:45:00,C,,567630.02,135018.24,215.833,200-UP,118.999464,,,,,,Calc,,118.999464,"['299-W19-113', '299-W19-134']",2379.0,2380.0,41.0,20.0,6_rwie,299-W19-134,UU/MU
299-W19-134,8.29,CHARACTERIZATION,na,2024-07-30 09:45:00,C,,567630.02,135018.24,215.833,200-UP,118.999464,,,,,,Calc,,118.999464,"['299-W19-113', '299-W19-134']",2379.0,2380.0,41.0,20.0,6_rwie,299-W19-134,UU/MU
299-W19-134,10.5,CHARACTERIZATION,na,2024-12-12 08:14:00,C,,567630.02,135018.24,215.833,200-UP,118.999464,,,,,,Calc,,118.999464,"['299-W19-113', '299-W19-134']",2379.0,2380.0,41.0,20.0,6_rwie,299-W19-134,UU/MU
299-W19-134,10.5,CHARACTERIZATION,na,2024-12-12 08:14:00,C,,567630.02,135018.24,215.833,200-UP,118.999464,,,,,,Calc,,118.999464,"['299-W19-113', '299-W19-134']",2379.0,2380.0,41.0,20.0,6_rwie,299-W19-134,UU/MU
299-W22-123,16.6,CHARACTERIZATION,na,2021-08-09 09:45:00,C,,567593.02,133914.0,208.848,200-UP,129.448,,,,,,Calc,,129.448,[],3028.0,3029.0,52.0,20.0,6_rwie,299-W22-123,UU/MU
299-W22-123,16.6,CHARACTERIZATION,na,2021-08-09 09:45:00,C,,567593.02,133914.0,208.848,200-UP,129.448,,,,,,Calc,,129.448,[],3028.0,3029.0,52.0,20.0,6_rwie,299-W22-123,UU/MU
299-W22-123,1.53,CHARACTERIZATION,na,2021-08-10 09:30:00,C,,567593.02,133914.0,208.848,200-UP,126.308,,,,,,Calc,,126.308,[],3028.0,3029.0,52.0,20.0,6_rwie,299-W22-123,UU/MU
299-W22-123,1.53,CHARACTERIZATION,na,2021-08-10 09:30:00,C,,567593.02,133914.0,208.848,200-UP,126.308,,,,,,Calc,,126.308,[],3028.0,3029.0,52.0,20.0,6_rwie,299-W22-123,UU/MU
299-W22-123,1.3,CHARACTERIZATION,na,2021-08-11 10:00:00,C,,567593.02,133914.0,208.848,200-UP,123.198,,,,,,Calc,,123.198,[],3028.0,3029.0,52.0,20.0,6_rwie,299-W22-123,UU/MU
299-W22-123,1.3,CHARACTERIZATION,na,2021-08-11 10:00:00,C,,567593.02,133914.0,208.848,200-UP,123.198,,,,,,Calc,,123.198,[],3028.0,3029.0,52.0,20.0,6_rwie,299-W22-123,UU/MU
299-W22-123,2.59,CHARACTERIZATION,na,2021-08-18 13:15:00,C,,567593.02,133914.0,208.848,200-UP,112.40900000000002,,,,,,Calc,,112.40900000000002,[],3028.0,3029.0,52.0,20.0,6_rwie,299-W22-123,UU/MU
299-W22-123,2.59,CHARACTERIZATION,na,2021-08-18 13:15:00,C,,567593.02,133914.0,208.848,200-UP,112.40900000000002,,,,,,Calc,,112.40900000000002,[],3028.0,3029.0,52.0,20.0,6_rwie,299-W22-123,UU/MU
299-W22-123,1.3,CHARACTERIZATION,na,2021-08-23 11:00:00,C,,567593.02,133914.0,208.848,200-UP,100.488,,,,,,Calc,,100.488,[],3028.0,3029.0,52.0,20.0,6_rwie,299-W22-123,UU/MU
299-W22-123,1.3,CHARACTERIZATION,na,2021-08-23 11:00:00,C,,567593.02,133914.0,208.848,200-UP,100.488,,,,,,Calc,,100.488,[],3028.0,3029.0,52.0,20.0,6_rwie,299-W22-123,UU/MU
299-W22-123,2.5,CHARACTERIZATION,na,2021-08-25 11:43:00,C,,567593.02,133914.0,208.848,200-UP,88.20800000000001,,,,,,Calc,,88.20800000000001,[],3028.0,3029.0,52.0,20.0,6_rwie,299-W22-123,UU/MU
299-W22-123,2.5,CHARACTERIZATION,na,2021-08-25 11:43:00,C,,567593.02,133914.0,208.848,200-UP,88.20800000000001,,,,,,Calc,,88.20800000000001,[],3028.0,3029.0,52.0,20.0,6_rwie,299-W22-123,UU/MU
299-W22-123,1.3,CHARACTERIZATION,na,2021-08-31 09:10:00,C,,567593.02,133914.0,208.848,200-UP,75.94800000000001,,,,,,Calc,,75.94800000000001,[],3028.0,3029.0,52.0,20.0,5_rlm,299-W22-123,UU/MU
299-W22-123,1.3,CHARACTERIZATION,na,2021-08-31 09:10:00,C,,567593.02,133914.0,208.848,200-UP,75.94800000000001,,,,,,Calc,,75.94800000000001,[],3028.0,3029.0,52.0,20.0,5_rlm,299-W22-123,UU/MU
299-W22-123,14.49,CHARACTERIZATION,na,2021-09-22 10:35:00,C,,567593.02,133914.0,208.848,200-UP,127.768,,,,,,Calc,,127.768,[],3028.0,3029.0,52.0,20.0,6_rwie,299-W22-123,UU/MU
299-W22-123,14.49,CHARACTERIZATION,na,2021-09-22 10:35:00,C,,567593.02,133914.0,208.848,200-UP,127.768,,,,,,Calc,,127.768,[],3028.0,3029.0,52.0,20.0,6_rwie,299-W22-123,UU/MU
299-W22-125,2.5,CHARACTERIZATION,na,2024-04-01 13:56:00,C,,567028.506,134253.724,205.1,200-UP,127.38,,,,,,Calc,,127.38,[],2786.0,2787.0,48.0,14.0,6_rwie,299-W22-125,UU/MU
299-W22-125,2.5,CHARACTERIZATION,na,2024-04-01 13:56:00,C,,567028.506,134253.724,205.1,200-UP,127.38,,,,,,Calc,,127.38,[],2786.0,2787.0,48.0,14.0,6_rwie,299-W22-125,UU/MU
299-W22-125,2.5,CHARACTERIZATION,na,2024-04-01 13:56:00,C,,567028.506,134253.724,205.1,200-UP,127.38,,,,,,Calc,,127.38,[],2786.0,2787.0,48.0,14.0,6_rwie,299-W22-125,UU/MU
299-W22-125,2.5,CHARACTERIZATION,na,2024-04-02 13:40:00,C,,567028.506,134253.724,205.1,200-UP,124.935,,,,,,Calc,,124.935,[],2786.0,2787.0,48.0,14.0,6_rwie,299-W22-125,UU/MU
299-W22-125,2.5,CHARACTERIZATION,na,2024-04-02 13:40:00,C,,567028.506,134253.724,205.1,200-UP,124.935,,,,,,Calc,,124.935,[],2786.0,2787.0,48.0,14.0,6_rwie,299-W22-125,UU/MU
299-W22-125,2.5,CHARACTERIZATION,na,2024-04-02 13:40:00,C,,567028.506,134253.724,205.1,200-UP,124.935,,,,,,Calc,,124.935,[],2786.0,2787.0,48.0,14.0,6_rwie,299-W22-125,UU/MU
299-W22-125,2.5,CHARACTERIZATION,na,2024-04-03 12:35:00,C,,567028.506,134253.724,205.1,200-UP,121.582,,,,,,Calc,,121.582,[],2786.0,2787.0,48.0,14.0,6_rwie,299-W22-125,UU/MU
299-W22-125,2.5,CHARACTERIZATION,na,2024-04-03 12:35:00,C,,567028.506,134253.724,205.1,200-UP,121.582,,,,,,Calc,,121.582,[],2786.0,2787.0,48.0,14.0,6_rwie,299-W22-125,UU/MU
299-W22-125,2.5,CHARACTERIZATION,na,2024-04-03 12:35:00,C,,567028.506,134253.724,205.1,200-UP,121.582,,,,,,Calc,,121.582,[],2786.0,2787.0,48.0,14.0,6_rwie,299-W22-125,UU/MU
299-W22-125,2.5,CHARACTERIZATION,na,2024-04-08 13:30:00,C,,567028.506,134253.724,205.1,200-UP,109.39,,,,,,Calc,,109.39,[],2786.0,2787.0,48.0,14.0,6_rwie,299-W22-125,UU/MU
299-W22-125,2.5,CHARACTERIZATION,na,2024-04-08 13:30:00,C,,567028.506,134253.724,205.1,200-UP,109.39,,,,,,Calc,,109.39,[],2786.0,2787.0,48.0,14.0,6_rwie,299-W22-125,UU/MU
299-W22-125,2.5,CHARACTERIZATION,na,2024-04-08 13:30:00,C,,567028.506,134253.724,205.1,200-UP,109.39,,,,,,Calc,,109.39,[],2786.0,2787.0,48.0,14.0,6_rwie,299-W22-125,UU/MU
299-W22-125,2.5,CHARACTERIZATION,na,2024-04-17 09:22:00,C,,567028.506,134253.724,205.1,200-UP,97.198,,,,,,Calc,,97.198,[],2786.0,2787.0,48.0,14.0,6_rwie,299-W22-125,UU/MU
299-W22-125,2.5,CHARACTERIZATION,na,2024-04-17 09:22:00,C,,567028.506,134253.724,205.1,200-UP,97.198,,,,,,Calc,,97.198,[],2786.0,2787.0,48.0,14.0,6_rwie,299-W22-125,UU/MU
299-W22-125,2.5,CHARACTERIZATION,na,2024-04-17 09:22:00,C,,567028.506,134253.724,205.1,200-UP,97.198,,,,,,Calc,,97.198,[],2786.0,2787.0,48.0,14.0,6_rwie,299-W22-125,UU/MU
299-W22-125,2.5,CHARACTERIZATION,na,2024-04-23 09:15:00,C,,567028.506,134253.724,205.1,200-UP,84.994,,,,,,Calc,,84.994,[],2786.0,2787.0,48.0,14.0,6_rwie,299-W22-125,UU/MU
299-W22-125,2.5,CHARACTERIZATION,na,2024-04-23 09:15:00,C,,567028.506,134253.724,205.1,200-UP,84.994,,,,,,Calc,,84.994,[],2786.0,2787.0,48.0,14.0,6_rwie,299-W22-125,UU/MU
299-W22-125,2.5,CHARACTERIZATION,na,2024-04-23 09:15:00,C,,567028.506,134253.724,205.1,200-UP,84.994,,,,,,Calc,,84.994,[],2786.0,2787.0,48.0,14.0,6_rwie,299-W22-125,UU/MU
299-W22-125,2.5,CHARACTERIZATION,na,2024-04-30 08:30:00,C,,567028.506,134253.724,205.1,200-UP,72.814,,,,,,Calc,,72.814,[],2786.0,2787.0,48.0,14.0,5_rlm,299-W22-125,UU/MU
299-W22-125,2.5,CHARACTERIZATION,na,2024-04-30 08:30:00,C,,567028.506,134253.724,205.1,200-UP,72.814,,,,,,Calc,,72.814,[],2786.0,2787.0,48.0,14.0,5_rlm,299-W22-125,UU/MU
299-W22-125,2.5,CHARACTERIZATION,na,2024-04-30 08:30:00,C,,567028.506,134253.724,205.1,200-UP,72.814,,,,,,Calc,,72.814,[],2786.0,2787.0,48.0,14.0,5_rlm,299-W22-125,UU/MU
299-W22-125,2.5,CHARACTERIZATION,na,2024-05-20 12:33:00,C,,567028.506,134253.724,205.1,200-UP,126.727,,,,,,Calc,,126.727,[],2786.0,2787.0,48.0,14.0,6_rwie,299-W22-125,UU/MU
299-W22-125,2.5,CHARACTERIZATION,na,2024-05-20 12:33:00,C,,567028.506,134253.724,205.1,200-UP,126.727,,,,,,Calc,,126.727,[],2786.0,2787.0,48.0,14.0,6_rwie,299-W22-125,UU/MU
299-W22-125,2.5,CHARACTERIZATION,na,2024-05-20 12:33:00,C,,567028.506,134253.724,205.1,200-UP,126.727,,,,,,Calc,,126.727,[],2786.0,2787.0,48.0,14.0,6_rwie,299-W22-125,UU/MU
299-W26-15,2.5,CHARACTERIZATION,na,2021-11-03 13:50:00,C,,566575.83,133391.21,202.282,200-UP,130.352,,,,,,Calc,,130.352,[],3313.0,3314.0,57.0,10.0,6_rwie,299-W26-15,UU/MU
299-W26-15,2.5,CHARACTERIZATION,na,2021-11-03 13:50:00,C,,566575.83,133391.21,202.282,200-UP,130.352,,,,,,Calc,,130.352,[],3313.0,3314.0,57.0,10.0,6_rwie,299-W26-15,UU/MU
299-W26-15,2.5,CHARACTERIZATION,na,2021-11-03 13:50:00,C,,566575.83,133391.21,202.282,200-UP,130.352,,,,,,Calc,,130.352,[],3313.0,3314.0,57.0,10.0,6_rwie,299-W26-15,UU/MU
299-W26-15,2.5,CHARACTERIZATION,na,2021-11-08 13:10:00,C,,566575.83,133391.21,202.282,200-UP,127.302,,,,,,Calc,,127.302,[],3313.0,3314.0,57.0,10.0,6_rwie,299-W26-15,UU/MU
299-W26-15,2.5,CHARACTERIZATION,na,2021-11-08 13:10:00,C,,566575.83,133391.21,202.282,200-UP,127.302,,,,,,Calc,,127.302,[],3313.0,3314.0,57.0,10.0,6_rwie,299-W26-15,UU/MU
299-W26-15,2.5,CHARACTERIZATION,na,2021-11-08 13:10:00,C,,566575.83,133391.21,202.282,200-UP,127.302,,,,,,Calc,,127.302,[],3313.0,3314.0,57.0,10.0,6_rwie,299-W26-15,UU/MU
299-W26-15,2.5,CHARACTERIZATION,na,2021-11-10 08:10:00,C,,566575.83,133391.21,202.282,200-UP,123.642,,,,,,Calc,,123.642,[],3313.0,3314.0,57.0,10.0,6_rwie,299-W26-15,UU/MU
299-W26-15,2.5,CHARACTERIZATION,na,2021-11-10 08:10:00,C,,566575.83,133391.21,202.282,200-UP,123.642,,,,,,Calc,,123.642,[],3313.0,3314.0,57.0,10.0,6_rwie,299-W26-15,UU/MU
299-W26-15,2.5,CHARACTERIZATION,na,2021-11-10 08:10:00,C,,566575.83,133391.21,202.282,200-UP,123.642,,,,,,Calc,,123.642,[],3313.0,3314.0,57.0,10.0,6_rwie,299-W26-15,UU/MU
299-W26-15,2.5,CHARACTERIZATION,na,2021-11-15 09:32:00,C,,566575.83,133391.21,202.282,200-UP,120.592,,,,,,Calc,,120.592,[],3313.0,3314.0,57.0,10.0,6_rwie,299-W26-15,UU/MU
299-W26-15,2.5,CHARACTERIZATION,na,2021-11-15 09:32:00,C,,566575.83,133391.21,202.282,200-UP,120.592,,,,,,Calc,,120.592,[],3313.0,3314.0,57.0,10.0,6_rwie,299-W26-15,UU/MU
299-W26-15,2.5,CHARACTERIZATION,na,2021-11-15 09:32:00,C,,566575.83,133391.21,202.282,200-UP,120.592,,,,,,Calc,,120.592,[],3313.0,3314.0,57.0,10.0,6_rwie,299-W26-15,UU/MU
299-W26-15,2.5,CHARACTERIZATION,na,2021-11-17 09:40:00,C,,566575.83,133391.21,202.282,200-UP,117.395,,,,,,Calc,,117.395,[],3313.0,3314.0,57.0,10.0,6_rwie,299-W26-15,UU/MU
299-W26-15,2.5,CHARACTERIZATION,na,2021-11-17 09:40:00,C,,566575.83,133391.21,202.282,200-UP,117.395,,,,,,Calc,,117.395,[],3313.0,3314.0,57.0,10.0,6_rwie,299-W26-15,UU/MU
299-W26-15,2.5,CHARACTERIZATION,na,2021-11-17 09:40:00,C,,566575.83,133391.21,202.282,200-UP,117.395,,,,,,Calc,,117.395,[],3313.0,3314.0,57.0,10.0,6_rwie,299-W26-15,UU/MU
299-W26-15,2.5,CHARACTERIZATION,na,2021-11-18 13:15:00,C,,566575.83,133391.21,202.282,200-UP,111.752,,,,,,Calc,,111.752,[],3313.0,3314.0,57.0,10.0,6_rwie,299-W26-15,UU/MU
299-W26-15,2.5,CHARACTERIZATION,na,2021-11-18 13:15:00,C,,566575.83,133391.21,202.282,200-UP,111.752,,,,,,Calc,,111.752,[],3313.0,3314.0,57.0,10.0,6_rwie,299-W26-15,UU/MU
299-W26-15,2.5,CHARACTERIZATION,na,2021-11-18 13:15:00,C,,566575.83,133391.21,202.282,200-UP,111.752,,,,,,Calc,,111.752,[],3313.0,3314.0,57.0,10.0,6_rwie,299-W26-15,UU/MU
299-W26-15,2.5,CHARACTERIZATION,na,2021-11-23 08:36:00,C,,566575.83,133391.21,202.282,200-UP,103.832,,,,,,Calc,,103.832,[],3313.0,3314.0,57.0,10.0,6_rwie,299-W26-15,UU/MU
299-W26-15,2.5,CHARACTERIZATION,na,2021-11-23 08:36:00,C,,566575.83,133391.21,202.282,200-UP,103.832,,,,,,Calc,,103.832,[],3313.0,3314.0,57.0,10.0,6_rwie,299-W26-15,UU/MU
299-W26-15,2.5,CHARACTERIZATION,na,2021-11-23 08:36:00,C,,566575.83,133391.21,202.282,200-UP,103.832,,,,,,Calc,,103.832,[],3313.0,3314.0,57.0,10.0,6_rwie,299-W26-15,UU/MU
299-W26-15,2.5,CHARACTERIZATION,na,2021-12-01 12:01:00,C,,566575.83,133391.21,202.282,200-UP,99.412,,,,,,Calc,,99.412,[],3313.0,3314.0,57.0,10.0,6_rwie,299-W26-15,UU/MU
299-W26-15,2.5,CHARACTERIZATION,na,2021-12-01 12:01:00,C,,566575.83,133391.21,202.282,200-UP,99.412,,,,,,Calc,,99.412,[],3313.0,3314.0,57.0,10.0,6_rwie,299-W26-15,UU/MU
299-W26-15,2.5,CHARACTERIZATION,na,2021-12-01 12:01:00,C,,566575.83,133391.21,202.282,200-UP,99.412,,,,,,Calc,,99.412,[],3313.0,3314.0,57.0,10.0,6_rwie,299-W26-15,UU/MU
299-W26-15,2.5,CHARACTERIZATION,na,2021-12-02 11:10:00,C,,566575.83,133391.21,202.282,200-UP,93.18200000000002,,,,,,Calc,,93.18200000000002,[],3313.0,3314.0,57.0,10.0,6_rwie,299-W26-15,UU/MU
299-W26-15,2.5,CHARACTERIZATION,na,2021-12-02 11:10:00,C,,566575.83,133391.21,202.282,200-UP,93.18200000000002,,,,,,Calc,,93.18200000000002,[],3313.0,3314.0,57.0,10.0,6_rwie,299-W26-15,UU/MU
299-W26-15,2.5,CHARACTERIZATION,na,2021-12-02 11:10:00,C,,566575.83,133391.21,202.282,200-UP,93.18200000000002,,,,,,Calc,,93.18200000000002,[],3313.0,3314.0,57.0,10.0,6_rwie,299-W26-15,UU/MU
299-W26-15,2.5,CHARACTERIZATION,na,2021-12-03 10:30:00,C,,566575.83,133391.21,202.282,200-UP,87.08200000000001,,,,,,Calc,,87.08200000000001,[],3313.0,3314.0,57.0,10.0,6_rwie,299-W26-15,UU/MU
299-W26-15,2.5,CHARACTERIZATION,na,2021-12-03 10:30:00,C,,566575.83,133391.21,202.282,200-UP,87.08200000000001,,,,,,Calc,,87.08200000000001,[],3313.0,3314.0,57.0,10.0,6_rwie,299-W26-15,UU/MU
299-W26-15,2.5,CHARACTERIZATION,na,2021-12-03 10:30:00,C,,566575.83,133391.21,202.282,200-UP,87.08200000000001,,,,,,Calc,,87.08200000000001,[],3313.0,3314.0,57.0,10.0,6_rwie,299-W26-15,UU/MU
299-W26-15,2.5,CHARACTERIZATION,na,2021-12-06 11:15:00,C,,566575.83,133391.21,202.282,200-UP,81.03200000000001,,,,,,Calc,,81.03200000000001,[],3313.0,3314.0,57.0,10.0,6_rwie,299-W26-15,UU/MU
299-W26-15,2.5,CHARACTERIZATION,na,2021-12-06 11:15:00,C,,566575.83,133391.21,202.282,200-UP,81.03200000000001,,,,,,Calc,,81.03200000000001,[],3313.0,3314.0,57.0,10.0,6_rwie,299-W26-15,UU/MU
299-W26-15,2.5,CHARACTERIZATION,na,2021-12-06 11:15:00,C,,566575.83,133391.21,202.282,200-UP,81.03200000000001,,,,,,Calc,,81.03200000000001,[],3313.0,3314.0,57.0,10.0,6_rwie,299-W26-15,UU/MU
299-W6-15,86.1,CHARACTERIZATION,na,2024-06-18 12:05:00,C,,567781.69,137076.41,221.69,200-ZP,102.08762,,,,,,Calc,,102.08762,['299-W6-15'],1142.0,1143.0,20.0,22.0,4_rwia,299-W6-15,UU/MU
299-W6-15,86.1,CHARACTERIZATION,na,2024-06-18 12:05:00,C,,567781.69,137076.41,221.69,200-ZP,102.08762,,,,,,Calc,,102.08762,['299-W6-15'],1142.0,1143.0,20.0,22.0,4_rwia,299-W6-15,UU/MU
299-W6-15,88.2,CHARACTERIZATION,na,2024-12-12 09:06:00,C,,567781.69,137076.41,221.69,200-ZP,102.08762,,,,,,Calc,,102.08762,['299-W6-15'],1142.0,1143.0,20.0,22.0,4_rwia,299-W6-15,UU/MU
299-W6-15,88.2,CHARACTERIZATION,na,2024-12-12 09:06:00,C,,567781.69,137076.41,221.69,200-ZP,102.08762,,,,,,Calc,,102.08762,['299-W6-15'],1142.0,1143.0,20.0,22.0,4_rwia,299-W6-15,UU/MU
299-W7-15,3.25,CHARACTERIZATION,na,2023-01-17 13:15:00,C,,566772.11,137635.28,210.492,200-ZP,130.942,,,,,,Calc,,130.942,[],837.0,838.0,15.0,12.0,5_rlm,299-W7-15,UU/MU
299-W7-15,3.25,CHARACTERIZATION,na,2023-01-17 13:15:00,C,,566772.11,137635.28,210.492,200-ZP,130.942,,,,,,Calc,,130.942,[],837.0,838.0,15.0,12.0,5_rlm,299-W7-15,UU/MU
299-W7-15,3.5,CHARACTERIZATION,na,2023-01-18 13:45:00,C,,566772.11,137635.28,210.492,200-ZP,124.84199999999998,,,,,,Calc,,124.84199999999998,[],837.0,838.0,15.0,12.0,5_rlm,299-W7-15,UU/MU
299-W7-15,3.5,CHARACTERIZATION,na,2023-01-18 13:45:00,C,,566772.11,137635.28,210.492,200-ZP,124.84199999999998,,,,,,Calc,,124.84199999999998,[],837.0,838.0,15.0,12.0,5_rlm,299-W7-15,UU/MU
299-W7-16,2.75,CHARACTERIZATION,na,2023-09-05 08:55:00,C,,566085.14,137265.57,210.665,200-ZP,133.733,,,,,,Calc,,133.733,[],1007.0,1008.0,18.0,5.0,6_rwie,299-W7-16,UU/MU
299-W7-16,2.75,CHARACTERIZATION,na,2023-09-05 08:55:00,C,,566085.14,137265.57,210.665,200-ZP,133.733,,,,,,Calc,,133.733,[],1007.0,1008.0,18.0,5.0,6_rwie,299-W7-16,UU/MU
299-W7-16,1.3,CHARACTERIZATION,na,2023-09-06 11:00:00,C,,566085.14,137265.57,210.665,200-ZP,128.85699999999997,,,,,,Calc,,128.85699999999997,[],1007.0,1008.0,18.0,5.0,6_rwie,299-W7-16,UU/MU
299-W7-16,1.3,CHARACTERIZATION,na,2023-09-06 11:00:00,C,,566085.14,137265.57,210.665,200-ZP,128.85699999999997,,,,,,Calc,,128.85699999999997,[],1007.0,1008.0,18.0,5.0,6_rwie,299-W7-16,UU/MU
699-32-77B,26.56,CHARACTERIZATION,na,2021-09-09 08:03:00,C,,566402.07,133172.13,200.372,200-UP,131.091,,,,,,Calc,,131.091,[],3429.0,3430.0,59.0,8.0,6_rwie,699-32-77B,UU/MU
699-32-77B,26.56,CHARACTERIZATION,na,2021-09-09 08:03:00,C,,566402.07,133172.13,200.372,200-UP,131.091,,,,,,Calc,,131.091,[],3429.0,3430.0,59.0,8.0,6_rwie,699-32-77B,UU/MU
699-32-77B,2.5,CHARACTERIZATION,na,2021-09-09 11:10:00,C,,566402.07,133172.13,200.372,200-UP,128.132,,,,,,Calc,,128.132,[],3429.0,3430.0,59.0,8.0,6_rwie,699-32-77B,UU/MU
699-32-77B,2.5,CHARACTERIZATION,na,2021-09-09 11:10:00,C,,566402.07,133172.13,200.372,200-UP,128.132,,,,,,Calc,,128.132,[],3429.0,3430.0,59.0,8.0,6_rwie,699-32-77B,UU/MU
699-32-77B,8.83,CHARACTERIZATION,na,2021-09-14 14:15:00,C,,566402.07,133172.13,200.372,200-UP,124.934,,,,,,Calc,,124.934,[],3429.0,3430.0,59.0,8.0,6_rwie,699-32-77B,UU/MU
699-32-77B,8.83,CHARACTERIZATION,na,2021-09-14 14:15:00,C,,566402.07,133172.13,200.372,200-UP,124.934,,,,,,Calc,,124.934,[],3429.0,3430.0,59.0,8.0,6_rwie,699-32-77B,UU/MU
699-32-77B,2.5,CHARACTERIZATION,na,2021-09-15 13:23:00,C,,566402.07,133172.13,200.372,200-UP,122.55700000000002,,,,,,Calc,,122.55700000000002,[],3429.0,3430.0,59.0,8.0,6_rwie,699-32-77B,UU/MU
699-32-77B,2.5,CHARACTERIZATION,na,2021-09-15 13:23:00,C,,566402.07,133172.13,200.372,200-UP,122.55700000000002,,,,,,Calc,,122.55700000000002,[],3429.0,3430.0,59.0,8.0,6_rwie,699-32-77B,UU/MU
699-32-77B,2.5,CHARACTERIZATION,na,2021-09-16 10:10:00,C,,566402.07,133172.13,200.372,200-UP,118.99200000000002,,,,,,Calc,,118.99200000000002,[],3429.0,3430.0,59.0,8.0,6_rwie,699-32-77B,UU/MU
699-32-77B,2.5,CHARACTERIZATION,na,2021-09-16 10:10:00,C,,566402.07,133172.13,200.372,200-UP,118.99200000000002,,,,,,Calc,,118.99200000000002,[],3429.0,3430.0,59.0,8.0,6_rwie,699-32-77B,UU/MU
699-32-77B,2.77,CHARACTERIZATION,na,2021-09-20 14:31:00,C,,566402.07,133172.13,200.372,200-UP,112.74200000000002,,,,,,Calc,,112.74200000000002,[],3429.0,3430.0,59.0,8.0,6_rwie,699-32-77B,UU/MU
699-32-77B,2.77,CHARACTERIZATION,na,2021-09-20 14:31:00,C,,566402.07,133172.13,200.372,200-UP,112.74200000000002,,,,,,Calc,,112.74200000000002,[],3429.0,3430.0,59.0,8.0,6_rwie,699-32-77B,UU/MU
699-32-77B,2.5,CHARACTERIZATION,na,2021-09-23 13:05:00,C,,566402.07,133172.13,200.372,200-UP,107.10200000000002,,,,,,Calc,,107.10200000000002,[],3429.0,3430.0,59.0,8.0,6_rwie,699-32-77B,UU/MU
699-32-77B,2.5,CHARACTERIZATION,na,2021-09-23 13:05:00,C,,566402.07,133172.13,200.372,200-UP,107.10200000000002,,,,,,Calc,,107.10200000000002,[],3429.0,3430.0,59.0,8.0,6_rwie,699-32-77B,UU/MU
699-32-77B,3.76,CHARACTERIZATION,na,2021-09-27 14:25:00,C,,566402.07,133172.13,200.372,200-UP,99.082,,,,,,Calc,,99.082,[],3429.0,3430.0,59.0,8.0,6_rwie,699-32-77B,UU/MU
699-32-77B,3.76,CHARACTERIZATION,na,2021-09-27 14:25:00,C,,566402.07,133172.13,200.372,200-UP,99.082,,,,,,Calc,,99.082,[],3429.0,3430.0,59.0,8.0,6_rwie,699-32-77B,UU/MU
699-32-77B,2.5,CHARACTERIZATION,na,2021-09-28 14:40:00,C,,566402.07,133172.13,200.372,200-UP,93.07200000000002,,,,,,Calc,,93.07200000000002,[],3429.0,3430.0,59.0,8.0,6_rwie,699-32-77B,UU/MU
699-32-77B,2.5,CHARACTERIZATION,na,2021-09-28 14:40:00,C,,566402.07,133172.13,200.372,200-UP,93.07200000000002,,,,,,Calc,,93.07200000000002,[],3429.0,3430.0,59.0,8.0,6_rwie,699-32-77B,UU/MU
699-32-77B,2.5,CHARACTERIZATION,na,2021-09-29 14:30:00,C,,566402.07,133172.13,200.372,200-UP,88.77200000000002,,,,,,Calc,,88.77200000000002,[],3429.0,3430.0,59.0,8.0,6_rwie,699-32-77B,UU/MU
699-32-77B,2.5,CHARACTERIZATION,na,2021-09-29 14:30:00,C,,566402.07,133172.13,200.372,200-UP,88.77200000000002,,,,,,Calc,,88.77200000000002,[],3429.0,3430.0,59.0,8.0,6_rwie,699-32-77B,UU/MU
699-32-77B,7.49,CHARACTERIZATION,na,2021-10-04 11:02:00,C,,566402.07,133172.13,200.372,200-UP,82.20200000000001,,,,,,Calc,,82.20200000000001,[],3429.0,3430.0,59.0,8.0,6_rwie,699-32-77B,UU/MU
699-32-77B,7.49,CHARACTERIZATION,na,2021-10-04 11:02:00,C,,566402.07,133172.13,200.372,200-UP,82.20200000000001,,,,,,Calc,,82.20200000000001,[],3429.0,3430.0,59.0,8.0,6_rwie,699-32-77B,UU/MU
699-32-77B,6.06,CHARACTERIZATION,na,2021-10-05 11:25:00,C,,566402.07,133172.13,200.372,200-UP,75.65200000000002,,,,,,Calc,,75.65200000000002,[],3429.0,3430.0,59.0,8.0,6_rwie,699-32-77B,UU/MU
699-32-77B,6.06,CHARACTERIZATION,na,2021-10-05 11:25:00,C,,566402.07,133172.13,200.372,200-UP,75.65200000000002,,,,,,Calc,,75.65200000000002,[],3429.0,3430.0,59.0,8.0,6_rwie,699-32-77B,UU/MU
699-40-70A,5.83,CHARACTERIZATION,na,2023-08-08 13:35:00,C,,567986.853,137401.816,220.231,200-ZP,116.031,,,,,,Calc,,116.031,['699-40-70A'],967.0,968.0,17.0,24.0,4_rwia,699-40-70A,LU/CR
699-40-70A,5.83,CHARACTERIZATION,na,2023-08-08 13:35:00,C,,567986.853,137401.816,220.231,200-ZP,116.031,,,,,,Calc,,116.031,['699-40-70A'],967.0,968.0,17.0,24.0,4_rwia,699-40-70A,LU/CR
699-40-70A,24.0,CHARACTERIZATION,na,2023-08-09 13:45:00,C,,567986.853,137401.816,220.231,200-ZP,109.831,,,,,,Calc,,109.831,['699-40-70A'],967.0,968.0,17.0,24.0,4_rwia,699-40-70A,LU/CR
699-40-70A,24.0,CHARACTERIZATION,na,2023-08-09 13:45:00,C,,567986.853,137401.816,220.231,200-ZP,109.831,,,,,,Calc,,109.831,['699-40-70A'],967.0,968.0,17.0,24.0,4_rwia,699-40-70A,LU/CR
699-40-70A,5.36,CHARACTERIZATION,na,2023-08-10 14:08:00,C,,567986.853,137401.816,220.231,200-ZP,103.741,,,,,,Calc,,103.741,['699-40-70A'],967.0,968.0,17.0,24.0,4_rwia,699-40-70A,LU/CR
699-40-70A,5.36,CHARACTERIZATION,na,2023-08-10 14:08:00,C,,567986.853,137401.816,220.231,200-ZP,103.741,,,,,,Calc,,103.741,['699-40-70A'],967.0,968.0,17.0,24.0,4_rwia,699-40-70A,LU/CR
699-40-70A,15.6,CHARACTERIZATION,na,2023-08-14 10:57:00,C,,567986.853,137401.816,220.231,200-ZP,97.659,,,,,,Calc,,97.659,['699-40-70A'],967.0,968.0,17.0,24.0,4_rwia,699-40-70A,LU/CR
699-40-70A,15.6,CHARACTERIZATION,na,2023-08-14 10:57:00,C,,567986.853,137401.816,220.231,200-ZP,97.659,,,,,,Calc,,97.659,['699-40-70A'],967.0,968.0,17.0,24.0,4_rwia,699-40-70A,LU/CR
699-40-70A,2.5,CHARACTERIZATION,na,2023-08-15 12:34:00,C,,567986.853,137401.816,220.231,200-ZP,91.15099999999998,,,,,,Calc,,91.15099999999998,['699-40-70A'],967.0,968.0,17.0,24.0,4_rwia,699-40-70A,LU/CR
699-40-70A,2.5,CHARACTERIZATION,na,2023-08-15 12:34:00,C,,567986.853,137401.816,220.231,200-ZP,91.15099999999998,,,,,,Calc,,91.15099999999998,['699-40-70A'],967.0,968.0,17.0,24.0,4_rwia,699-40-70A,LU/CR
699-40-70A,2.5,CHARACTERIZATION,na,2023-08-17 10:26:00,C,,567986.853,137401.816,220.231,200-ZP,83.501,,,,,,Calc,,83.501,['699-40-70A'],967.0,968.0,17.0,24.0,0_bslt,699-40-70A,LU/CR
699-40-70A,2.5,CHARACTERIZATION,na,2023-08-17 10:26:00,C,,567986.853,137401.816,220.231,200-ZP,83.501,,,,,,Calc,,83.501,['699-40-70A'],967.0,968.0,17.0,24.0,0_bslt,699-40-70A,LU/CR
699-40-70A,2.5,CHARACTERIZATION,na,2023-08-21 10:40:00,C,,567986.853,137401.816,220.231,200-ZP,78.904,,,,,,Calc,,78.904,['699-40-70A'],967.0,968.0,17.0,24.0,0_bslt,699-40-70A,LU/CR
699-40-70A,2.5,CHARACTERIZATION,na,2023-08-21 10:40:00,C,,567986.853,137401.816,220.231,200-ZP,78.904,,,,,,Calc,,78.904,['699-40-70A'],967.0,968.0,17.0,24.0,0_bslt,699-40-70A,LU/CR
699-40-70A,88.6,CHARACTERIZATION,na,2023-12-21 08:20:00,C,,567986.853,137401.816,220.231,200-ZP,75.131,,,,,,Calc,,75.131,['699-40-70A'],967.0,968.0,17.0,24.0,0_bslt,699-40-70A,LU/CR
699-40-70A,88.6,CHARACTERIZATION,na,2023-12-21 08:20:00,C,,567986.853,137401.816,220.231,200-ZP,75.131,,,,,,Calc,,75.131,['699-40-70A'],967.0,968.0,17.0,24.0,0_bslt,699-40-70A,LU/CR
699-44-70C,6.69,CHARACTERIZATION,na,2024-11-26 11:35:00,C,,568659.403,136809.374,225.271,200-ZP,119.57099999999998,,,,,,Calc,,119.57099999999998,[],1328.0,1329.0,23.0,31.0,5_rlm,699-44-70C,UU/MU
699-44-70C,6.69,CHARACTERIZATION,na,2024-11-26 11:35:00,C,,568659.403,136809.374,225.271,200-ZP,119.57099999999998,,,,,,Calc,,119.57099999999998,[],1328.0,1329.0,23.0,31.0,5_rlm,699-44-70C,UU/MU
699-45-65,2.5,CHARACTERIZATION,na,2023-05-16 13:13:00,C,,570000.82,137403.78,217.2,200-ZP,114.71099999999998,,,,,,Calc,,114.71099999999998,[],987.0,988.0,17.0,44.0,4_rwia,699-45-65,LU/CR
699-45-65,2.5,CHARACTERIZATION,na,2023-05-16 13:13:00,C,,570000.82,137403.78,217.2,200-ZP,114.71099999999998,,,,,,Calc,,114.71099999999998,[],987.0,988.0,17.0,44.0,4_rwia,699-45-65,LU/CR
699-45-65,4.74,CHARACTERIZATION,na,2023-05-23 09:30:00,C,,570000.82,137403.78,217.2,200-ZP,108.716,,,,,,Calc,,108.716,[],987.0,988.0,17.0,44.0,0_bslt,699-45-65,LU/CR
699-45-65,4.74,CHARACTERIZATION,na,2023-05-23 09:30:00,C,,570000.82,137403.78,217.2,200-ZP,108.716,,,,,,Calc,,108.716,[],987.0,988.0,17.0,44.0,0_bslt,699-45-65,LU/CR
699-45-65,2.5,CHARACTERIZATION,na,2023-05-24 10:03:00,C,,570000.82,137403.78,217.2,200-ZP,102.492,,,,,,Calc,,102.492,[],987.0,988.0,17.0,44.0,0_bslt,699-45-65,LU/CR
699-45-65,2.5,CHARACTERIZATION,na,2023-05-24 10:03:00,C,,570000.82,137403.78,217.2,200-ZP,102.492,,,,,,Calc,,102.492,[],987.0,988.0,17.0,44.0,0_bslt,699-45-65,LU/CR
699-45-65,2.5,CHARACTERIZATION,na,2023-05-25 09:09:00,C,,570000.82,137403.78,217.2,200-ZP,96.396,,,,,,Calc,,96.396,[],987.0,988.0,17.0,44.0,0_bslt,699-45-65,LU/CR
699-45-65,2.5,CHARACTERIZATION,na,2023-05-25 09:09:00,C,,570000.82,137403.78,217.2,200-ZP,96.396,,,,,,Calc,,96.396,[],987.0,988.0,17.0,44.0,0_bslt,699-45-65,LU/CR
699-45-65,2.5,CHARACTERIZATION,na,2023-05-30 12:45:00,C,,570000.82,137403.78,217.2,200-ZP,90.4,,,,,,Calc,,90.4,[],987.0,988.0,17.0,44.0,0_bslt,699-45-65,LU/CR
699-45-65,2.5,CHARACTERIZATION,na,2023-05-30 12:45:00,C,,570000.82,137403.78,217.2,200-ZP,90.4,,,,,,Calc,,90.4,[],987.0,988.0,17.0,44.0,0_bslt,699-45-65,LU/CR
699-45-65,10.6,CHARACTERIZATION,na,2023-06-08 09:04:00,C,,570000.82,137403.78,217.2,200-ZP,100.59,,,,,,Calc,,100.59,[],987.0,988.0,17.0,44.0,0_bslt,699-45-65,LU/CR
699-45-65,10.6,CHARACTERIZATION,na,2023-06-08 09:04:00,C,,570000.82,137403.78,217.2,200-ZP,100.59,,,,,,Calc,,100.59,[],987.0,988.0,17.0,44.0,0_bslt,699-45-65,LU/CR
699-45-67C,12.9,CHARACTERIZATION,na,2021-06-21 12:54:00,C,,569431.19,137131.75,222.785,200-ZP,107.585,,,,,,Calc,,107.585,[],1158.0,1159.0,20.0,38.0,0_bslt,699-45-67C,LU/CR
699-45-67C,12.9,CHARACTERIZATION,na,2021-06-21 12:54:00,C,,569431.19,137131.75,222.785,200-ZP,107.585,,,,,,Calc,,107.585,[],1158.0,1159.0,20.0,38.0,0_bslt,699-45-67C,LU/CR
699-46-61B,6.29,CHARACTERIZATION,na,2024-05-16 09:40:00,C,,571445.857,137435.061,212.041,200-ZP,114.533,,,,,,Calc,,114.533,[],1001.0,1002.0,17.0,58.0,0_bslt,699-46-61B,LU/CR
699-46-61B,6.29,CHARACTERIZATION,na,2024-05-16 09:40:00,C,,571445.857,137435.061,212.041,200-ZP,114.533,,,,,,Calc,,114.533,[],1001.0,1002.0,17.0,58.0,0_bslt,699-46-61B,LU/CR
699-46-70,24.9,CHARACTERIZATION,na,2021-05-24 09:20:00,C,,568697.17,137656.02,218.12,200-ZP,97.587,,,,,,Calc,,97.587,[],797.0,798.0,14.0,31.0,0_bslt,699-46-70,LU/CR
699-46-70,24.9,CHARACTERIZATION,na,2021-05-24 09:20:00,C,,568697.17,137656.02,218.12,200-ZP,97.587,,,,,,Calc,,97.587,[],797.0,798.0,14.0,31.0,0_bslt,699-46-70,LU/CR
