FID,Shape,row,col,Easting,Northing,MW_nearest,MW_Distance_m,Smw_fscore,EW_Nearest,EW_Distance_m,Sew_fscore,cr_nearest_di_m,cr_dist_cl_m,cr_comb_dist_m,cr_poly_count,cr_raw_score,cr_Spcs_fscore,tec99_nearest_di_m,tec99_dist_cl_m,tec99_comb_dist_m,tec99_poly_count,tec99_raw_score,tec99_Spcs_fscore,ctet_nearest_di_m,ctet_dist_cl_m,ctet_comb_dist_m,ctet_poly_count,ctet_raw_score,ctet_Spcs_fscore
0,Point,39,32,564050,138950,699-49-79,1850.178026,4,299-W11-50,3649.035325,0,0,0,0,0,0,0,0,0,0,0,0,0,0,0,0,0,0,0
1,Point,39,33,564150,138950,699-49-79,1757.536381,4,299-W11-50,3569.622501,0,0,0,0,0,0,0,0,0,0,0,0,0,0,0,0,0,0,0
2,Point,39,34,564250,138950,699-49-79,1665.745938,4,299-W11-50,3491.267793,0,0,0,0,0,0,0,0,0,0,0,0,0,0,0,0,0,0,0
3,Point,39,35,564350,138950,699-49-79,1574.955532,4,299-W11-50,3414.044054,0,0,0,0,0,0,0,0,0,0,0,0,0,0,0,0,0,0,0
4,Point,39,36,564450,138950,699-49-79,1485.348555,4,299-W11-50,3338.029779,0,0,0,0,0,0,0,0,0,0,0,0,0,0,0,0,0,0,0
5,Point,39,37,564550,138950,699-49-79,1397.152722,4,299-W11-50,3263.309486,0,0,0,0,0,0,0,0,0,0,0,0,0,0,0,0,0,0,0
6,Point,39,38,564650,138950,699-49-79,1310.65294,4,299-W11-50,3189.974107,0,0,0,0,0,0,0,0,0,0,0,0,0,0,0,0,0,0,0
7,Point,39,39,564750,138950,699-49-79,1226.208191,4,299-W11-50,3118.121358,0,0,0,0,0,0,0,0,0,0,0,0,0,0,0,0,0,0,0
8,Point,39,40,564850,138950,699-49-79,1144.273538,4,299-W11-50,3047.856099,0,0,0,0,0,0,0,0,0,0,0,0,0,0,0,0,0,0,0
9,Point,39,41,564950,138950,699-49-79,1065.428237,4,299-W11-50,2979.290654,0,0,0,0,0,0,0,0,0,0,0,0,0,0,0,0,0,0,0
10,Point,39,42,565050,138950,699-49-79,990.410384,4,299-W11-50,2912.545073,0,0,0,0,0,0,0,0,0,0,0,0,0,0,0,0,0,0,0
11,Point,39,43,565150,138950,699-49-79,920.156578,4,299-W11-50,2847.747321,0,0,0,0,0,0,0,0,0,0,0,0,0,0,0,0,0,0,0
12,Point,39,44,565250,138950,699-49-79,855.840831,4,299-W11-50,2785.033358,0,0,0,0,0,0,0,0,0,0,0,0,0,0,0,0,0,0,0
13,Point,39,45,565350,138950,699-49-79,798.898572,3,299-W11-50,2724.547082,0,0,0,0,0,0,0,0,0,0,0,0,0,0,0,0,0,0,0
14,Point,39,46,565450,138950,699-49-79,751.008874,3,299-W11-50,2666.440099,0,0,0,0,0,0,0,0,0,0,0,0,0,0,0,0,0,0,0
15,Point,39,47,565550,138950,699-49-79,713.995608,3,299-W11-50,2610.871273,0,0,0,0,0,0,0,0,0,0,0,0,0,0,0,0,0,0,0
16,Point,39,48,565650,138950,699-49-79,689.612303,3,299-W11-50,2558.006021,0,0,0,0,0,0,0,0,0,0,0,0,0,0,0,0,0,0,0
17,Point,39,49,565750,138950,699-49-79,679.22053,3,299-W11-50,2508.015311,0,0,0,0,0,0,0,0,0,0,0,0,0,0,0,0,0,0,0
18,Point,39,50,565850,138950,699-49-79,683.458798,3,299-W11-50,2461.074319,0,0,0,0,0,0,0,0,0,0,0,0,0,0,0,0,0,0,0
19,Point,39,51,565950,138950,699-49-79,702.062197,3,299-W11-50,2417.36071,0,0,0,0,0,0,0,0,0,0,0,0,0,0,0,0,0,0,0
20,Point,39,52,566050,138950,699-49-79,733.939186,3,299-W11-50,2377.052545,0,0,0,0,0,0,0,0,0,0,0,0,0,0,0,0,0,0,0
21,Point,39,53,566150,138950,699-49-79,777.458763,3,299-W11-50,2340.32579,0,0,0,0,0,0,0,0,0,0,0,0,0,0,0,0,0,0,0
22,Point,39,54,566250,138950,699-51-75,729.387123,3,299-W11-50,2307.351469,0,0,0,0,0,0,0,0,0,0,0,0,0,0,0,0,0,0,0
23,Point,39,55,566350,138950,699-51-75,629.595406,3,699-40-70A,2253.033831,0,0,0,0,0,0,0,0,0,0,0,0,0,0,0,0,0,0,0
24,Point,39,56,566450,138950,699-51-75,529.882228,2,699-40-70A,2181.465297,0,0,0,0,0,0,0,0,0,0,0,0,0,0,0,0,0,0,0
25,Point,39,57,566550,138950,699-51-75,430.302191,2,699-40-70A,2112.207433,0,0,0,0,0,0,0,0,0,0,0,0,0,0,0,0,0,0,0
26,Point,39,58,566650,138950,699-51-75,330.975491,1,699-40-70A,2045.494962,0,0,0,0,0,0,0,0,0,0,0,0,0,0,0,0,0,0,0
27,Point,39,59,566750,138950,699-51-75,232.227422,1,699-40-70A,1981.584982,0,0,0,0,0,0,0,0,0,0,0,0,0,0,0,0,0,0,0
28,Point,39,60,566850,138950,699-51-75,135.330616,0,699-40-70A,1920.757257,0,0,0,0,0,0,0,0,0,0,0,0,0,0,0,0,0,0,0
29,Point,39,61,566950,138950,699-51-75,51.953591,0,699-40-70A,1863.313672,0,0,0,0,0,0,0,0,0,0,0,0,0,0,0,0,0,0,0
30,Point,39,62,567050,138950,699-51-75,84.166357,0,699-40-70A,1809.576537,0,0,0,0,0,0,0,0,0,0,0,0,0,0,0,0,0,0,0
31,Point,39,63,567150,138950,699-51-75,177.394407,0,699-40-70A,1759.885406,0,0,0,0,0,0,0,0,0,0,0,0,0,0,0,0,0,0,0
32,Point,39,64,567250,138950,699-51-75,275.415278,1,699-40-70A,1714.592092,0,0,0,0,0,0,0,0,0,0,0,0,0,0,0,0,0,0,0
33,Point,39,65,567350,138950,699-50-74,303.419385,1,699-40-70A,1674.053596,0,0,0,0,0,0,0,0,0,0,0,0,0,0,0,0,0,0,0
34,Point,39,66,567450,138950,699-50-74,316.479578,1,699-40-70A,1638.622849,0,0,0,0,0,0,0,0,0,0,0,0,0,0,0,0,0,0,0
35,Point,39,67,567550,138950,699-50-74,358.127524,1,699-40-70A,1608.637387,0,0,0,0,0,0,0,0,0,0,0,0,0,0,0,0,0,0,0
36,Point,39,68,567650,138950,699-50-74,419.942048,2,699-40-70A,1584.4064,0,0,0,0,0,0,0,0,0,0,0,0,0,0,0,0,0,0,0
37,Point,39,69,567750,138950,699-50-74,494.416144,2,699-40-70A,1566.197,0,0,0,0,0,0,0,0,0,0,0,0,0,0,0,0,0,0,0
38,Point,39,70,567850,138950,699-50-74,576.665695,2,699-40-70A,1554.220847,0,0,0,0,0,0,0,0,0,0,0,0,0,0,0,0,0,0,0
39,Point,39,71,567950,138950,699-50-74,663.806691,3,699-40-70A,1548.622563,0,0,0,0,0,0,0,0,0,0,0,0,0,0,0,0,0,0,0
40,Point,39,72,568050,138950,699-50-74,754.145426,3,699-40-70A,1549.471278,0,0,0,0,0,0,0,0,0,0,0,0,0,0,0,0,0,0,0
41,Point,39,73,568150,138950,699-50-74,846.658918,4,699-40-70A,1556.756449,0,0,0,0,0,0,0,0,0,0,0,0,0,0,0,0,0,0,0
42,Point,39,74,568250,138950,699-48-71,903.645201,4,699-40-70A,1570.3885,0,0,0,0,0,0,0,0,0,0,0,0,0,0,0,0,0,0,0
43,Point,39,75,568350,138950,699-48-71,893.86344,4,699-40-70A,1590.204214,0,0,0,0,0,0,0,0,0,0,0,0,0,0,0,0,0,0,0
44,Point,39,76,568450,138950,699-48-71,895.214527,4,699-40-70A,1615.976127,0,0,0,0,0,0,0,0,0,0,0,0,0,0,0,0,0,0,0
45,Point,39,77,568550,138950,699-48-71,907.648748,4,299-W5-1,1643.616664,0,0,0,0,0,0,0,0,0,0,0,0,0,0,0,0,0,0,0
46,Point,39,78,568650,138950,699-48-71,930.722004,4,299-W5-1,1659.978836,0,0,0,0,0,0,0,0,0,0,0,0,0,0,0,0,0,0,0
47,Point,39,79,568750,138950,699-48-71,963.670405,4,299-W5-1,1682.136658,0,0,0,0,0,0,0,0,0,0,0,0,0,0,0,0,0,0,0
48,Point,39,80,568850,138950,699-48-71,1005.523669,4,299-W5-1,1709.86483,0,0,0,0,0,0,0,0,0,0,0,0,0,0,0,0,0,0,0
49,Point,39,81,568950,138950,699-48-71,1055.222748,4,299-W5-1,1742.897512,0,0,0,0,0,0,0,0,0,0,0,0,0,0,0,0,0,0,0
50,Point,39,82,569050,138950,699-48-71,1111.715903,4,299-W5-1,1780.939566,0,0,0,0,0,0,0,0,0,0,0,0,0,0,0,0,0,0,0
51,Point,39,83,569150,138950,699-48-71,1174.022763,4,299-W5-1,1823.677531,0,0,0,0,0,0,0,0,0,0,0,0,0,0,0,0,0,0,0
52,Point,39,84,569250,138950,699-48-71,1241.268162,4,299-W5-1,1870.789603,0,0,0,0,0,0,0,0,0,0,0,0,0,0,0,0,0,0,0
53,Point,39,85,569350,138950,699-48-71,1312.693357,4,299-W5-1,1921.954145,0,0,0,0,0,0,0,0,0,0,0,0,0,0,0,0,0,0,0
54,Point,39,86,569450,138950,699-51-63,1230.501156,4,299-W5-1,1976.856529,0,0,0,0,0,0,0,0,0,0,0,0,0,0,0,0,0,0,0
55,Point,39,87,569550,138950,699-51-63,1131.924509,4,299-W5-1,2035.194275,0,0,0,0,0,0,0,0,0,0,0,0,0,0,0,0,0,0,0
56,Point,39,88,569650,138950,699-51-63,1033.62135,4,299-W5-1,2096.680647,0,0,0,0,0,0,0,0,0,0,0,0,0,0,0,0,0,0,0
57,Point,39,89,569750,138950,699-51-63,935.67788,4,299-W5-1,2161.046908,0,0,0,0,0,0,0,0,0,0,0,0,0,0,0,0,0,0,0
58,Point,39,90,569850,138950,699-51-63,838.220194,4,299-W5-1,2228.043477,0,0,0,0,0,0,0,0,0,0,0,0,0,0,0,0,0,0,0
59,Point,39,91,569950,138950,699-51-63,741.439879,3,299-W5-1,2297.440258,0,0,0,0,0,0,0,0,0,0,0,0,0,0,0,0,0,0,0
60,Point,39,92,570050,138950,699-51-63,645.641615,3,299-W5-1,2369.026327,0,0,0,0,0,0,0,0,0,0,0,0,0,0,0,0,0,0,0
61,Point,39,93,570150,138950,699-51-63,551.33755,2,299-W5-1,2442.609207,0,0,0,0,0,0,0,0,0,0,0,0,0,0,0,0,0,0,0
62,Point,39,94,570250,138950,699-51-63,459.448685,2,299-W5-1,2518.013848,0,0,0,0,0,0,0,0,0,0,0,0,0,0,0,0,0,0,0
63,Point,39,95,570350,138950,699-51-63,371.770217,1,299-W5-1,2595.081451,0,0,0,0,0,0,0,0,0,0,0,0,0,0,0,0,0,0,0
64,Point,39,96,570450,138950,699-51-63,292.118288,1,299-W5-1,2673.668217,0,0,0,0,0,0,0,0,0,0,0,0,0,0,0,0,0,0,0
65,Point,39,97,570550,138950,699-51-63,229.026406,1,299-W5-1,2753.644083,0,0,0,0,0,0,0,0,0,0,0,0,0,0,0,0,0,0,0
66,Point,39,98,570650,138950,699-51-63,198.929873,0,299-W5-1,2834.891486,0,0,0,0,0,0,0,0,0,0,0,0,0,0,0,0,0,0,0
67,Point,39,99,570750,138950,699-51-63,216.08585,1,299-W5-1,2917.30419,0,0,0,0,0,0,0,0,0,0,0,0,0,0,0,0,0,0,0
68,Point,39,100,570850,138950,699-51-63,271.685654,1,299-W5-1,3000.786186,0,0,0,0,0,0,0,0,0,0,0,0,0,0,0,0,0,0,0
69,Point,39,101,570950,138950,699-51-63,347.754359,1,299-W5-1,3085.250677,0,0,0,0,0,0,0,0,0,0,0,0,0,0,0,0,0,0,0
70,Point,39,102,571050,138950,699-51-63,433.65089,2,299-W5-1,3170.619141,0,0,0,0,0,0,0,0,0,0,0,0,0,0,0,0,0,0,0
71,Point,39,103,571150,138950,699-51-63,524.569437,2,299-W5-1,3256.820495,0,0,0,0,0,0,0,0,0,0,0,0,0,0,0,0,0,0,0
72,Point,39,104,571250,138950,699-51-63,618.298548,3,299-W5-1,3343.790325,0,0,0,0,0,0,0,0,0,0,0,0,0,0,0,0,0,0,0
73,Point,39,105,571350,138950,699-51-63,713.731808,3,299-W5-1,3431.470201,0,0,0,0,0,0,0,0,0,0,0,0,0,0,0,0,0,0,0
74,Point,39,106,571450,138950,699-51-63,810.267298,4,299-W5-1,3519.80706,0,0,0,0,0,0,0,0,0,0,0,0,0,0,0,0,0,0,0
75,Point,39,107,571550,138950,699-51-63,907.553356,4,299-W5-1,3608.752657,0,0,0,0,0,0,0,0,0,0,0,0,0,0,0,0,0,0,0
76,Point,39,108,571650,138950,699-47-60,996.859705,4,299-W5-1,3698.26307,0,0,0,0,0,0,0,0,0,0,0,0,0,0,0,0,0,0,0
77,Point,39,109,571750,138950,699-47-60,1019.241518,4,299-W5-1,3788.298264,0,0,0,0,0,0,0,0,0,0,0,0,0,0,0,0,0,0,0
78,Point,39,110,571850,138950,699-47-60,1050.703227,4,299-W5-1,3878.821694,0,0,0,0,0,0,0,0,0,0,0,0,0,0,0,0,0,0,0
79,Point,39,111,571950,138950,699-47-60,1090.459202,4,299-W5-1,3969.799962,0,0,0,0,0,0,0,0,0,0,0,0,0,0,0,0,0,0,0
80,Point,39,112,572050,138950,699-47-60,1137.640221,4,299-W5-1,4061.202499,0,0,0,0,0,0,0,0,0,0,0,0,0,0,0,0,0,0,0
81,Point,39,113,572150,138950,699-47-60,1191.364458,4,299-W5-1,4153.001293,0,0,0,0,0,0,0,0,0,0,0,0,0,0,0,0,0,0,0
82,Point,40,32,564050,138850,699-49-79,1815.869029,4,299-W11-50,3589.817099,0,0,0,0,0,0,0,0,0,0,0,0,0,0,0,0,0,0,0
83,Point,40,33,564150,138850,699-49-79,1721.381924,4,299-W11-50,3509.064377,0,0,0,0,0,0,0,0,0,0,0,0,0,0,0,0,0,0,0
84,Point,40,34,564250,138850,699-49-79,1627.553725,4,299-W11-50,3429.32629,0,0,0,0,0,0,0,0,0,0,0,0,0,0,0,0,0,0,0
85,Point,40,35,564350,138850,699-49-79,1534.505304,4,299-W11-50,3350.675276,0,0,0,0,0,0,0,0,0,0,0,0,0,0,0,0,0,0,0
86,Point,40,36,564450,138850,699-49-79,1442.387579,4,299-W11-50,3273.189699,0,0,0,0,0,0,0,0,0,0,0,0,0,0,0,0,0,0,0
87,Point,40,37,564550,138850,699-49-79,1351.390887,4,299-W11-50,3196.954301,0,0,0,0,0,0,0,0,0,0,0,0,0,0,0,0,0,0,0
88,Point,40,38,564650,138850,699-49-79,1261.757793,4,299-W11-50,3122.060666,0,0,0,0,0,0,0,0,0,0,0,0,0,0,0,0,0,0,0
89,Point,40,39,564750,138850,699-49-79,1173.800719,4,299-W11-50,3048.607683,0,0,0,0,0,0,0,0,0,0,0,0,0,0,0,0,0,0,0
90,Point,40,40,564850,138850,699-49-79,1087.926252,4,299-W11-50,2976.702001,0,0,0,0,0,0,0,0,0,0,0,0,0,0,0,0,0,0,0
91,Point,40,41,564950,138850,699-49-79,1004.668567,4,299-W11-50,2906.458464,0,0,0,0,0,0,0,0,0,0,0,0,0,0,0,0,0,0,0
92,Point,40,42,565050,138850,699-49-79,924.734734,4,299-W11-50,2838.000494,0,0,0,0,0,0,0,0,0,0,0,0,0,0,0,0,0,0,0
93,Point,40,43,565150,138850,699-49-79,849.064031,4,299-W11-50,2771.46041,0,0,0,0,0,0,0,0,0,0,0,0,0,0,0,0,0,0,0
94,Point,40,44,565250,138850,699-49-79,778.899948,3,299-W11-50,2706.979646,0,0,0,0,0,0,0,0,0,0,0,0,0,0,0,0,0,0,0
95,Point,40,45,565350,138850,699-49-79,715.863485,3,299-W11-50,2644.708831,0,0,0,0,0,0,0,0,0,0,0,0,0,0,0,0,0,0,0
96,Point,40,46,565450,138850,699-49-79,661.993904,3,299-W11-50,2584.807692,0,0,0,0,0,0,0,0,0,0,0,0,0,0,0,0,0,0,0
97,Point,40,47,565550,138850,699-49-79,619.686476,3,299-W11-50,2527.444718,0,0,0,0,0,0,0,0,0,0,0,0,0,0,0,0,0,0,0
98,Point,40,48,565650,138850,699-49-79,591.427704,2,299-W11-50,2472.796555,0,0,0,0,0,0,0,0,0,0,0,0,0,0,0,0,0,0,0
99,Point,40,49,565750,138850,699-49-79,579.277247,2,299-W11-50,2421.047047,0,0,0,0,0,0,0,0,0,0,0,0,0,0,0,0,0,0,0
100,Point,40,50,565850,138850,699-49-79,584.240985,2,299-W11-50,2372.385888,0,0,0,0,0,0,0,0,0,0,0,0,0,0,0,0,0,0,0
101,Point,40,51,565950,138850,699-49-79,605.898448,3,299-W11-50,2327.006833,0,0,0,0,0,0,0,0,0,0,0,0,0,0,0,0,0,0,0
102,Point,40,52,566050,138850,699-49-79,642.563871,3,299-W11-50,2285.105425,0,0,0,0,0,0,0,0,0,0,0,0,0,0,0,0,0,0,0
103,Point,40,53,566150,138850,699-49-79,691.85528,3,299-W11-50,2246.876232,0,0,0,0,0,0,0,0,0,0,0,0,0,0,0,0,0,0,0
104,Point,40,54,566250,138850,699-51-75,730.248434,3,299-W11-50,2212.509616,0,0,0,0,0,0,0,0,0,0,0,0,0,0,0,0,0,0,0
105,Point,40,55,566350,138850,699-51-75,630.593035,3,299-W11-50,2182.188077,0,0,0,0,0,0,0,0,0,0,0,0,0,0,0,0,0,0,0
106,Point,40,56,566450,138850,699-51-75,531.067204,2,699-40-70A,2111.670912,0,0,0,0,0,0,0,0,0,0,0,0,0,0,0,0,0,0,0
107,Point,40,57,566550,138850,699-51-75,431.760554,2,699-40-70A,2040.044961,0,0,0,0,0,0,0,0,0,0,0,0,0,0,0,0,0,0,0
108,Point,40,58,566650,138850,699-51-75,332.869307,1,699-40-70A,1970.891382,0,0,0,0,0,0,0,0,0,0,0,0,0,0,0,0,0,0,0
109,Point,40,59,566750,138850,699-51-75,234.918657,1,699-40-70A,1904.47952,0,0,0,0,0,0,0,0,0,0,0,0,0,0,0,0,0,0,0
110,Point,40,60,566850,138850,699-51-75,139.898447,0,699-40-70A,1841.106092,0,0,0,0,0,0,0,0,0,0,0,0,0,0,0,0,0,0,0
111,Point,40,61,566950,138850,699-51-75,62.899726,0,699-40-70A,1781.095461,0,0,0,0,0,0,0,0,0,0,0,0,0,0,0,0,0,0,0
112,Point,40,62,567050,138850,699-51-75,91.330037,0,699-40-70A,1724.798667,0,0,0,0,0,0,0,0,0,0,0,0,0,0,0,0,0,0,0
113,Point,40,63,567150,138850,699-51-75,180.903222,0,699-40-70A,1672.590757,0,0,0,0,0,0,0,0,0,0,0,0,0,0,0,0,0,0,0
114,Point,40,64,567250,138850,699-50-74,230.896781,1,699-40-70A,1624.865915,0,0,0,0,0,0,0,0,0,0,0,0,0,0,0,0,0,0,0
115,Point,40,65,567350,138850,699-50-74,203.492809,1,699-40-70A,1582.029912,0,0,0,0,0,0,0,0,0,0,0,0,0,0,0,0,0,0,0
116,Point,40,66,567450,138850,699-50-74,222.497918,1,699-40-70A,1544.489573,0,0,0,0,0,0,0,0,0,0,0,0,0,0,0,0,0,0,0
117,Point,40,67,567550,138850,699-50-74,278.570141,1,699-40-70A,1512.63923,0,0,0,0,0,0,0,0,0,0,0,0,0,0,0,0,0,0,0
118,Point,40,68,567650,138850,699-50-74,354.538183,1,699-40-70A,1486.844592,0,0,0,0,0,0,0,0,0,0,0,0,0,0,0,0,0,0,0
119,Point,40,69,567750,138850,699-50-74,440.219631,2,699-40-70A,1467.425038,0,0,0,0,0,0,0,0,0,0,0,0,0,0,0,0,0,0,0
120,Point,40,70,567850,138850,699-50-74,530.932504,2,699-40-70A,1454.635914,0,0,0,0,0,0,0,0,0,0,0,0,0,0,0,0,0,0,0
121,Point,40,71,567950,138850,699-50-74,624.488049,3,699-40-70A,1448.652837,0,0,0,0,0,0,0,0,0,0,0,0,0,0,0,0,0,0,0
122,Point,40,72,568050,138850,699-50-74,719.778663,3,699-40-70A,1449.560085,0,0,0,0,0,0,0,0,0,0,0,0,0,0,0,0,0,0,0
123,Point,40,73,568150,138850,699-50-74,816.196866,4,699-40-70A,1457.344792,0,0,0,0,0,0,0,0,0,0,0,0,0,0,0,0,0,0,0
124,Point,40,74,568250,138850,699-48-71,804.961396,4,699-40-70A,1471.897837,0,0,0,0,0,0,0,0,0,0,0,0,0,0,0,0,0,0,0
125,Point,40,75,568350,138850,699-48-71,793.964766,3,699-40-70A,1493.021313,0,0,0,0,0,0,0,0,0,0,0,0,0,0,0,0,0,0,0
126,Point,40,76,568450,138850,699-48-71,795.485543,3,699-40-70A,1520.441397,0,0,0,0,0,0,0,0,0,0,0,0,0,0,0,0,0,0,0
127,Point,40,77,568550,138850,699-48-71,809.453179,4,299-W5-1,1544.57688,0,0,0,0,0,0,0,0,0,0,0,0,0,0,0,0,0,0,0
128,Point,40,78,568650,138850,699-48-71,835.243467,4,299-W5-1,1561.976868,0,0,0,0,0,0,0,0,0,0,0,0,0,0,0,0,0,0,0
129,Point,40,79,568750,138850,699-48-71,871.807805,4,299-W5-1,1585.504884,0,0,0,0,0,0,0,0,0,0,0,0,0,0,0,0,0,0,0
130,Point,40,80,568850,138850,699-48-71,917.859493,4,299-W5-1,1614.893104,0,0,0,0,0,0,0,0,0,0,0,0,0,0,0,0,0,0,0
131,Point,40,81,568950,138850,699-48-71,972.051053,4,299-W5-1,1649.828396,0,0,0,0,0,0,0,0,0,0,0,0,0,0,0,0,0,0,0
132,Point,40,82,569050,138850,699-48-71,1033.102342,4,299-W5-1,1689.966786,0,0,0,0,0,0,0,0,0,0,0,0,0,0,0,0,0,0,0
133,Point,40,83,569150,138850,699-48-71,1099.871651,4,299-W5-1,1734.947186,0,0,0,0,0,0,0,0,0,0,0,0,0,0,0,0,0,0,0
134,Point,40,84,569250,138850,699-48-71,1171.381598,4,299-W5-1,1784.403468,0,0,0,0,0,0,0,0,0,0,0,0,0,0,0,0,0,0,0
135,Point,40,85,569350,138850,699-48-71,1246.816766,4,299-W5-1,1837.974357,0,0,0,0,0,0,0,0,0,0,0,0,0,0,0,0,0,0,0
136,Point,40,86,569450,138850,699-51-63,1250.525767,4,299-W5-1,1895.310987,0,0,0,0,0,0,0,0,0,0,0,0,0,0,0,0,0,0,0
137,Point,40,87,569550,138850,699-51-63,1153.66143,4,299-W5-1,1956.082242,0,0,0,0,0,0,0,0,0,0,0,0,0,0,0,0,0,0,0
138,Point,40,88,569650,138850,699-51-63,1057.381055,4,299-W5-1,2019.978153,0,0,0,0,0,0,0,0,0,0,0,0,0,0,0,0,0,0,0
139,Point,40,89,569750,138850,699-51-63,961.860018,4,299-W5-1,2086.711704,0,0,0,0,0,0,0,0,0,0,0,0,0,0,0,0,0,0,0
140,Point,40,90,569850,138850,699-51-63,867.349234,4,299-W5-1,2156.019419,0,0,0,0,0,0,0,0,0,0,0,0,0,0,0,0,0,0,0
141,Point,40,91,569950,138850,699-51-63,774.218764,3,299-W5-1,2227.661046,0,0,0,0,0,0,0,0,0,0,0,0,0,0,0,0,0,0,0
142,Point,40,92,570050,138850,699-51-63,683.03345,3,299-W5-1,2301.418636,0,0,0,0,0,0,0,0,0,0,0,0,0,0,0,0,0,0,0
143,Point,40,93,570150,138850,699-51-63,594.688737,2,299-W5-1,2377.095231,0,0,0,0,0,0,0,0,0,0,0,0,0,0,0,0,0,0,0
144,Point,40,94,570250,138850,699-51-63,510.661037,2,299-W5-1,2454.51334,0,0,0,0,0,0,0,0,0,0,0,0,0,0,0,0,0,0,0
145,Point,40,95,570350,138850,699-51-63,433.468216,2,299-W5-1,2533.513319,0,0,0,0,0,0,0,0,0,0,0,0,0,0,0,0,0,0,0
146,Point,40,96,570450,138850,699-51-63,367.443458,1,299-W5-1,2613.951747,0,0,0,0,0,0,0,0,0,0,0,0,0,0,0,0,0,0,0
147,Point,40,97,570550,138850,699-51-63,319.585191,1,299-W5-1,2695.69986,0,0,0,0,0,0,0,0,0,0,0,0,0,0,0,0,0,0,0
148,Point,40,98,570650,138850,699-51-63,298.755242,1,299-W5-1,2778.642067,0,0,0,0,0,0,0,0,0,0,0,0,0,0,0,0,0,0,0
149,Point,40,99,570750,138850,699-51-63,310.442739,1,299-W5-1,2862.674578,0,0,0,0,0,0,0,0,0,0,0,0,0,0,0,0,0,0,0
150,Point,40,100,570850,138850,699-51-63,351.418119,1,299-W5-1,2947.704147,0,0,0,0,0,0,0,0,0,0,0,0,0,0,0,0,0,0,0
151,Point,40,101,570950,138850,699-51-63,413.055316,2,299-W5-1,3033.646937,0,0,0,0,0,0,0,0,0,0,0,0,0,0,0,0,0,0,0
152,Point,40,102,571050,138850,699-51-63,487.580449,2,299-W5-1,3120.427493,0,0,0,0,0,0,0,0,0,0,0,0,0,0,0,0,0,0,0
153,Point,40,103,571150,138850,699-51-63,569.960257,2,299-W5-1,3207.977827,0,0,0,0,0,0,0,0,0,0,0,0,0,0,0,0,0,0,0
154,Point,40,104,571250,138850,699-51-63,657.247818,3,299-W5-1,3296.236602,0,0,0,0,0,0,0,0,0,0,0,0,0,0,0,0,0,0,0
155,Point,40,105,571350,138850,699-51-63,747.72635,3,299-W5-1,3385.148407,0,0,0,0,0,0,0,0,0,0,0,0,0,0,0,0,0,0,0
156,Point,40,106,571450,138850,699-51-63,840.36581,4,299-W5-1,3474.663111,0,0,0,0,0,0,0,0,0,0,0,0,0,0,0,0,0,0,0
157,Point,40,107,571550,138850,699-47-60,884.506457,4,299-W5-1,3564.735297,0,0,0,0,0,0,0,0,0,0,0,0,0,0,0,0,0,0,0
158,Point,40,108,571650,138850,699-47-60,898.596501,4,299-W5-1,3655.323753,0,0,0,0,0,0,0,0,0,0,0,0,0,0,0,0,0,0,0
159,Point,40,109,571750,138850,699-47-60,923.36324,4,299-W5-1,3746.391028,0,0,0,0,0,0,0,0,0,0,0,0,0,0,0,0,0,0,0
160,Point,40,110,571850,138850,699-47-60,957.978952,4,299-W5-1,3837.903039,0,0,0,0,0,0,0,0,0,0,0,0,0,0,0,0,0,0,0
161,Point,40,111,571950,138850,699-47-60,1001.422824,4,299-W5-1,3929.828716,0,0,0,0,0,0,0,0,0,0,0,0,0,0,0,0,0,0,0
162,Point,40,112,572050,138850,699-47-60,1052.602333,4,299-W5-1,4022.139696,0,0,0,0,0,0,0,0,0,0,0,0,0,0,0,0,0,0,0
163,Point,40,113,572150,138850,699-47-60,1110.44841,4,299-W5-1,4114.810049,0,0,0,0,0,0,0,0,0,0,0,0,0,0,0,0,0,0,0
164,Point,41,32,564050,138750,699-49-79,1786.505508,4,299-W11-50,3532.437516,0,0,0,0,0,0,0,0,0,0,0,0,0,0,0,0,0,0,0
165,Point,41,33,564150,138750,699-49-79,1690.377866,4,299-W11-50,3450.342128,0,0,0,0,0,0,0,0,0,0,0,0,0,0,0,0,0,0,0
166,Point,41,34,564250,138750,699-49-79,1594.726537,4,299-W11-50,3369.214568,0,0,0,0,0,0,0,0,0,0,0,0,0,0,0,0,0,0,0
167,Point,41,35,564350,138750,699-49-79,1499.642667,4,299-W11-50,3289.12645,0,0,0,0,0,0,0,0,0,0,0,0,0,0,0,0,0,0,0
168,Point,41,36,564450,138750,699-49-79,1405.241449,4,299-W11-50,3210.155573,0,0,0,0,0,0,0,0,0,0,0,0,0,0,0,0,0,0,0
169,Point,41,37,564550,138750,699-49-79,1311.670282,4,299-W11-50,3132.386439,0,0,0,0,0,0,0,0,0,0,0,0,0,0,0,0,0,0,0
170,Point,41,38,564650,138750,699-49-79,1219.120309,4,299-W11-50,3055.910798,0,0,0,0,0,0,0,0,0,0,0,0,0,0,0,0,0,0,0
171,Point,41,39,564750,138750,699-49-79,1127.842954,4,299-W11-50,2980.828207,0,0,0,0,0,0,0,0,0,0,0,0,0,0,0,0,0,0,0
172,Point,41,40,564850,138750,699-49-79,1038.17394,4,299-W11-50,2907.246602,0,0,0,0,0,0,0,0,0,0,0,0,0,0,0,0,0,0,0
173,Point,41,41,564950,138750,699-49-79,950.568529,4,299-W11-50,2835.282843,0,0,0,0,0,0,0,0,0,0,0,0,0,0,0,0,0,0,0
174,Point,41,42,565050,138750,699-49-79,865.653469,4,299-W11-50,2765.063255,0,0,0,0,0,0,0,0,0,0,0,0,0,0,0,0,0,0,0
175,Point,41,43,565150,138750,699-49-79,784.303085,3,299-W11-50,2696.724087,0,0,0,0,0,0,0,0,0,0,0,0,0,0,0,0,0,0,0
176,Point,41,44,565250,138750,699-49-79,707.747645,3,299-W11-50,2630.411907,0,0,0,0,0,0,0,0,0,0,0,0,0,0,0,0,0,0,0
177,Point,41,45,565350,138750,699-49-79,637.716339,3,299-W11-50,2566.283851,0,0,0,0,0,0,0,0,0,0,0,0,0,0,0,0,0,0,0
178,Point,41,46,565450,138750,699-49-79,576.591301,2,299-W11-50,2504.507697,0,0,0,0,0,0,0,0,0,0,0,0,0,0,0,0,0,0,0
179,Point,41,47,565550,138750,699-49-79,527.477894,2,299-W11-50,2445.261704,0,0,0,0,0,0,0,0,0,0,0,0,0,0,0,0,0,0,0
180,Point,41,48,565650,138750,699-49-79,493.971992,2,299-W11-50,2388.734142,0,0,0,0,0,0,0,0,0,0,0,0,0,0,0,0,0,0,0
181,Point,41,49,565750,138750,699-49-79,479.357621,2,299-W11-50,2335.122438,0,0,0,0,0,0,0,0,0,0,0,0,0,0,0,0,0,0,0
182,Point,41,50,565850,138750,699-49-79,485.34434,2,299-W11-50,2284.631875,0,0,0,0,0,0,0,0,0,0,0,0,0,0,0,0,0,0,0
183,Point,41,51,565950,138750,699-49-79,511.20889,2,299-W11-50,2237.473755,0,0,0,0,0,0,0,0,0,0,0,0,0,0,0,0,0,0,0
184,Point,41,52,566050,138750,699-49-79,554.174998,2,299-W11-50,2193.862986,0,0,0,0,0,0,0,0,0,0,0,0,0,0,0,0,0,0,0
185,Point,41,53,566150,138750,699-49-79,610.643373,3,299-W11-50,2154.015042,0,0,0,0,0,0,0,0,0,0,0,0,0,0,0,0,0,0,0
186,Point,41,54,566250,138750,699-49-79,677.244955,3,299-W11-50,2118.1423,0,0,0,0,0,0,0,0,0,0,0,0,0,0,0,0,0,0,0
187,Point,41,55,566350,138750,699-51-75,647.228534,3,299-W11-50,2086.449808,0,0,0,0,0,0,0,0,0,0,0,0,0,0,0,0,0,0,0
188,Point,41,56,566450,138750,699-51-75,550.717328,2,699-40-70A,2044.386764,0,0,0,0,0,0,0,0,0,0,0,0,0,0,0,0,0,0,0
189,Point,41,57,566550,138750,699-51-75,455.713041,2,699-40-70A,1970.316381,0,0,0,0,0,0,0,0,0,0,0,0,0,0,0,0,0,0,0
190,Point,41,58,566650,138750,699-51-75,363.399471,1,699-40-70A,1898.624776,0,0,0,0,0,0,0,0,0,0,0,0,0,0,0,0,0,0,0
191,Point,41,59,566750,138750,699-51-75,276.485037,1,699-40-70A,1829.591605,0,0,0,0,0,0,0,0,0,0,0,0,0,0,0,0,0,0,0
192,Point,41,60,566850,138750,699-51-75,202.061316,1,699-40-70A,1763.529087,0,0,0,0,0,0,0,0,0,0,0,0,0,0,0,0,0,0,0
193,Point,41,61,566950,138750,699-51-75,158.787832,0,699-40-70A,1700.78342,0,0,0,0,0,0,0,0,0,0,0,0,0,0,0,0,0,0,0
194,Point,41,62,567050,138750,699-51-75,172.041784,0,699-40-70A,1641.734949,0,0,0,0,0,0,0,0,0,0,0,0,0,0,0,0,0,0,0
195,Point,41,63,567150,138750,699-51-75,232.342798,1,699-40-70A,1586.796471,0,0,0,0,0,0,0,0,0,0,0,0,0,0,0,0,0,0,0
196,Point,41,64,567250,138750,699-50-74,150.530141,0,699-40-70A,1536.408943,0,0,0,0,0,0,0,0,0,0,0,0,0,0,0,0,0,0,0
197,Point,41,65,567350,138750,699-50-74,103.707875,0,699-40-70A,1491.033816,0,0,0,0,0,0,0,0,0,0,0,0,0,0,0,0,0,0,0
198,Point,41,66,567450,138750,699-50-74,137.300121,0,699-40-70A,1451.141358,0,0,0,0,0,0,0,0,0,0,0,0,0,0,0,0,0,0,0
199,Point,41,67,567550,138750,699-50-74,216.67331,1,699-40-70A,1417.194638,0,0,0,0,0,0,0,0,0,0,0,0,0,0,0,0,0,0,0
200,Point,41,68,567650,138750,699-50-74,308.290972,1,699-40-70A,1389.629462,0,0,0,0,0,0,0,0,0,0,0,0,0,0,0,0,0,0,0
201,Point,41,69,567750,138750,699-50-74,403.905092,2,699-40-70A,1368.831415,0,0,0,0,0,0,0,0,0,0,0,0,0,0,0,0,0,0,0
202,Point,41,70,567850,138750,699-50-74,501.233801,2,699-40-70A,1355.112114,0,0,0,0,0,0,0,0,0,0,0,0,0,0,0,0,0,0,0
203,Point,41,71,567950,138750,699-50-74,599.44251,2,699-40-70A,1348.6876,0,0,0,0,0,0,0,0,0,0,0,0,0,0,0,0,0,0,0
204,Point,41,72,568050,138750,699-50-74,698.159955,3,699-40-70A,1349.662047,0,0,0,0,0,0,0,0,0,0,0,0,0,0,0,0,0,0,0
205,Point,41,73,568150,138750,699-48-71,732.757701,3,699-40-70A,1358.019529,0,0,0,0,0,0,0,0,0,0,0,0,0,0,0,0,0,0,0
206,Point,41,74,568250,138750,699-48-71,706.647754,3,699-40-70A,1373.625292,0,0,0,0,0,0,0,0,0,0,0,0,0,0,0,0,0,0,0
207,Point,41,75,568350,138750,699-48-71,694.095274,3,699-40-70A,1396.236313,0,0,0,0,0,0,0,0,0,0,0,0,0,0,0,0,0,0,0
208,Point,41,76,568450,138750,699-48-71,695.834354,3,699-40-70A,1425.519288,0,0,0,0,0,0,0,0,0,0,0,0,0,0,0,0,0,0,0
209,Point,41,77,568550,138750,699-48-71,711.760247,3,299-W5-1,1445.669304,0,0,0,0,0,0,0,0,0,0,0,0,0,0,0,0,0,0,0
210,Point,41,78,568650,138750,699-48-71,740.958736,3,299-W5-1,1464.245108,0,0,0,0,0,0,0,0,0,0,0,0,0,0,0,0,0,0,0
211,Point,41,79,568750,138750,699-48-71,781.944403,3,299-W5-1,1489.317876,0,0,0,0,0,0,0,0,0,0,0,0,0,0,0,0,0,0,0
212,Point,41,80,568850,138750,699-48-71,832.979141,4,299-W5-1,1520.566255,0,0,0,0,0,0,0,0,0,0,0,0,0,0,0,0,0,0,0
213,Point,41,81,568950,138750,699-48-71,892.340433,4,299-W5-1,1557.618611,0,0,0,0,0,0,0,0,0,0,0,0,0,0,0,0,0,0,0
214,Point,41,82,569050,138750,699-48-71,958.482472,4,299-W5-1,1600.071791,0,0,0,0,0,0,0,0,0,0,0,0,0,0,0,0,0,0,0
215,Point,41,83,569150,138750,699-48-71,1030.099922,4,299-W5-1,1647.508342,0,0,0,0,0,0,0,0,0,0,0,0,0,0,0,0,0,0,0
216,Point,41,84,569250,138750,699-48-71,1106.129761,4,299-W5-1,1699.511029,0,0,0,0,0,0,0,0,0,0,0,0,0,0,0,0,0,0,0
217,Point,41,85,569350,138750,699-48-71,1185.723513,4,299-W5-1,1755.674155,0,0,0,0,0,0,0,0,0,0,0,0,0,0,0,0,0,0,0
218,Point,41,86,569450,138750,699-48-71,1268.210333,4,299-W5-1,1815.61167,0,0,0,0,0,0,0,0,0,0,0,0,0,0,0,0,0,0,0
219,Point,41,87,569550,138750,699-51-63,1183.47636,4,299-W5-1,1878.96241,0,0,0,0,0,0,0,0,0,0,0,0,0,0,0,0,0,0,0
220,Point,41,88,569650,138750,699-51-63,1089.83315,4,299-W5-1,1945.392952,0,0,0,0,0,0,0,0,0,0,0,0,0,0,0,0,0,0,0
221,Point,41,89,569750,138750,699-51-63,997.424831,4,299-W5-1,2014.598654,0,0,0,0,0,0,0,0,0,0,0,0,0,0,0,0,0,0,0
222,Point,41,90,569850,138750,699-51-63,906.629083,4,299-W5-1,2086.303366,0,0,0,0,0,0,0,0,0,0,0,0,0,0,0,0,0,0,0
223,Point,41,91,569950,138750,699-51-63,817.983065,4,299-W5-1,2160.258257,0,0,0,0,0,0,0,0,0,0,0,0,0,0,0,0,0,0,0
224,Point,41,92,570050,138750,699-51-63,732.267912,3,299-W5-1,2236.240089,0,0,0,0,0,0,0,0,0,0,0,0,0,0,0,0,0,0,0
225,Point,41,93,570150,138750,699-51-63,650.642985,3,299-W5-1,2314.049208,0,0,0,0,0,0,0,0,0,0,0,0,0,0,0,0,0,0,0
226,Point,41,94,570250,138750,699-51-63,574.853281,2,299-W5-1,2393.507413,0,0,0,0,0,0,0,0,0,0,0,0,0,0,0,0,0,0,0
227,Point,41,95,570350,138750,699-51-63,507.519748,2,299-W5-1,2474.455847,0,0,0,0,0,0,0,0,0,0,0,0,0,0,0,0,0,0,0
228,Point,41,96,570450,138750,699-51-63,452.433746,2,299-W5-1,2556.752968,0,0,0,0,0,0,0,0,0,0,0,0,0,0,0,0,0,0,0
229,Point,41,97,570550,138750,699-51-63,414.507291,2,299-W5-1,2640.272663,0,0,0,0,0,0,0,0,0,0,0,0,0,0,0,0,0,0,0
230,Point,41,98,570650,138750,699-51-63,398.668151,1,299-W5-1,2724.902519,0,0,0,0,0,0,0,0,0,0,0,0,0,0,0,0,0,0,0
231,Point,41,99,570750,138750,699-51-63,407.500055,2,299-W5-1,2810.54225,0,0,0,0,0,0,0,0,0,0,0,0,0,0,0,0,0,0,0
232,Point,41,100,570850,138750,699-51-63,439.518253,2,299-W5-1,2897.1023,0,0,0,0,0,0,0,0,0,0,0,0,0,0,0,0,0,0,0
233,Point,41,101,570950,138750,699-51-63,490.20026,2,299-W5-1,2984.502595,0,0,0,0,0,0,0,0,0,0,0,0,0,0,0,0,0,0,0
234,Point,41,102,571050,138750,699-51-63,554.451345,2,299-W5-1,3072.671433,0,0,0,0,0,0,0,0,0,0,0,0,0,0,0,0,0,0,0
235,Point,41,103,571150,138750,699-51-63,628.121242,3,299-W5-1,3161.544518,0,0,0,0,0,0,0,0,0,0,0,0,0,0,0,0,0,0,0
236,Point,41,104,571250,138750,699-51-63,708.27699,3,299-W5-1,3251.064093,0,0,0,0,0,0,0,0,0,0,0,0,0,0,0,0,0,0,0
237,Point,41,105,571350,138750,699-47-60,791.106865,3,299-W5-1,3341.178196,0,0,0,0,0,0,0,0,0,0,0,0,0,0,0,0,0,0,0
238,Point,41,106,571450,138750,699-47-60,781.648305,3,299-W5-1,3431.839993,0,0,0,0,0,0,0,0,0,0,0,0,0,0,0,0,0,0,0
239,Point,41,107,571550,138750,699-47-60,784.91915,3,299-W5-1,3523.007201,0,0,0,0,0,0,0,0,0,0,0,0,0,0,0,0,0,0,0
240,Point,41,108,571650,138750,699-47-60,800.763431,4,299-W5-1,3614.641578,0,0,0,0,0,0,0,0,0,0,0,0,0,0,0,0,0,0,0
241,Point,41,109,571750,138750,699-47-60,828.460061,4,299-W5-1,3706.708477,0,0,0,0,0,0,0,0,0,0,0,0,0,0,0,0,0,0,0
242,Point,41,110,571850,138750,699-47-60,866.873735,4,299-W5-1,3799.176455,0,0,0,0,0,0,0,0,0,0,0,0,0,0,0,0,0,0,0
243,Point,41,111,571950,138750,699-47-60,914.655166,4,299-W5-1,3892.016924,0,0,0,0,0,0,0,0,0,0,0,0,0,0,0,0,0,0,0
244,Point,41,112,572050,138750,699-47-60,970.421595,4,299-W5-1,3985.203851,0,0,0,0,0,0,0,0,0,0,0,0,0,0,0,0,0,0,0
245,Point,41,113,572150,138750,699-47-60,1032.880473,4,299-W5-1,4078.71349,0,0,0,0,0,0,0,0,0,0,0,0,0,0,0,0,0,0,0
246,Point,42,32,564050,138650,699-49-79,1762.334681,4,299-W11-50,3476.987605,0,0,0,0,0,0,0,0,0,0,0,0,0,0,0,0,0,0,0
247,Point,42,33,564150,138650,699-49-79,1664.81198,4,299-W11-50,3393.551061,0,0,0,0,0,0,0,0,0,0,0,0,0,0,0,0,0,0,0
248,Point,42,34,564250,138650,699-49-79,1567.601457,4,299-W11-50,3311.032287,0,0,0,0,0,0,0,0,0,0,0,0,0,0,0,0,0,0,0
249,Point,42,35,564350,138650,699-49-79,1470.765015,4,299-W11-50,3229.501634,0,0,0,0,0,0,0,0,0,0,0,0,0,0,0,0,0,0,0
250,Point,42,36,564450,138650,699-49-79,1374.381726,4,299-W11-50,3149.035853,0,0,0,0,0,0,0,0,0,0,0,0,0,0,0,0,0,0,0
251,Point,42,37,564550,138650,699-49-79,1278.554077,4,299-W11-50,3069.718685,0,0,0,0,0,0,0,0,0,0,0,0,0,0,0,0,0,0,0
252,Point,42,38,564650,138650,699-49-79,1183.417056,4,299-W11-50,2991.64149,0,0,0,0,0,0,0,0,0,0,0,0,0,0,0,0,0,0,0
253,Point,42,39,564750,138650,699-49-79,1089.151656,4,299-W11-50,2914.90391,0,0,0,0,0,0,0,0,0,0,0,0,0,0,0,0,0,0,0
254,Point,42,40,564850,138650,699-49-79,996.005386,4,299-W11-50,2839.614552,0,0,0,0,0,0,0,0,0,0,0,0,0,0,0,0,0,0,0
255,Point,42,41,564950,138650,699-49-79,904.324128,4,299-W11-50,2765.891683,0,0,0,0,0,0,0,0,0,0,0,0,0,0,0,0,0,0,0
256,Point,42,42,565050,138650,699-49-79,814.602682,4,299-W11-50,2693.863917,0,0,0,0,0,0,0,0,0,0,0,0,0,0,0,0,0,0,0
257,Point,42,43,565150,138650,699-49-79,727.566443,3,299-W11-50,2623.670864,0,0,0,0,0,0,0,0,0,0,0,0,0,0,0,0,0,0,0
258,Point,42,44,565250,138650,699-49-79,644.304531,3,299-W11-50,2555.463716,0,0,0,0,0,0,0,0,0,0,0,0,0,0,0,0,0,0,0
259,Point,42,45,565350,138650,699-49-79,566.483653,2,299-W11-50,2489.405713,0,0,0,0,0,0,0,0,0,0,0,0,0,0,0,0,0,0,0
260,Point,42,46,565450,138650,699-49-79,496.668027,2,299-W11-50,2425.672443,0,0,0,0,0,0,0,0,0,0,0,0,0,0,0,0,0,0,0
261,Point,42,47,565550,138650,699-49-79,438.696397,2,299-W11-50,2364.451903,0,0,0,0,0,0,0,0,0,0,0,0,0,0,0,0,0,0,0
262,Point,42,48,565650,138650,699-49-79,397.781257,1,299-W11-50,2305.944232,0,0,0,0,0,0,0,0,0,0,0,0,0,0,0,0,0,0,0
263,Point,42,49,565750,138650,699-49-79,379.48034,1,299-W11-50,2250.361038,0,0,0,0,0,0,0,0,0,0,0,0,0,0,0,0,0,0,0
264,Point,42,50,565850,138650,699-49-79,387.015153,1,299-W11-50,2197.924203,0,0,0,0,0,0,0,0,0,0,0,0,0,0,0,0,0,0,0
265,Point,42,51,565950,138650,699-49-79,418.994187,2,299-W11-50,2148.864073,0,0,0,0,0,0,0,0,0,0,0,0,0,0,0,0,0,0,0
266,Point,42,52,566050,138650,699-49-79,470.458849,2,299-W11-50,2103.416935,0,0,0,0,0,0,0,0,0,0,0,0,0,0,0,0,0,0,0
267,Point,42,53,566150,138650,699-49-79,535.823599,2,299-W11-50,2061.821719,0,0,0,0,0,0,0,0,0,0,0,0,0,0,0,0,0,0,0
268,Point,42,54,566250,138650,699-48-77C,604.263161,3,299-W11-50,2024.315885,0,0,0,0,0,0,0,0,0,0,0,0,0,0,0,0,0,0,0
269,Point,42,55,566350,138650,699-48-77C,575.624155,2,299-W11-50,1991.130534,0,0,0,0,0,0,0,0,0,0,0,0,0,0,0,0,0,0,0
270,Point,42,56,566450,138650,699-48-77C,563.51785,2,299-W11-50,1962.484854,0,0,0,0,0,0,0,0,0,0,0,0,0,0,0,0,0,0,0
271,Point,42,57,566550,138650,699-51-75,498.930432,2,699-40-70A,1903.289216,0,0,0,0,0,0,0,0,0,0,0,0,0,0,0,0,0,0,0
272,Point,42,58,566650,138650,699-51-75,416.312834,2,699-40-70A,1828.972182,0,0,0,0,0,0,0,0,0,0,0,0,0,0,0,0,0,0,0
273,Point,42,59,566750,138650,699-51-75,343.076049,1,699-40-70A,1757.204781,0,0,0,0,0,0,0,0,0,0,0,0,0,0,0,0,0,0,0
274,Point,42,60,566850,138650,699-51-75,286.506502,1,699-40-70A,1688.312187,0,0,0,0,0,0,0,0,0,0,0,0,0,0,0,0,0,0,0
275,Point,42,61,566950,138650,699-51-75,257.819269,1,699-40-70A,1622.660606,0,0,0,0,0,0,0,0,0,0,0,0,0,0,0,0,0,0,0
276,Point,42,62,567050,138650,699-51-75,266.187106,1,699-40-70A,1560.659105,0,0,0,0,0,0,0,0,0,0,0,0,0,0,0,0,0,0,0
277,Point,42,63,567150,138650,699-50-74,209.545516,1,699-40-70A,1502.759542,0,0,0,0,0,0,0,0,0,0,0,0,0,0,0,0,0,0,0
278,Point,42,64,567250,138650,699-50-74,109.568806,0,699-40-70A,1449.453567,0,0,0,0,0,0,0,0,0,0,0,0,0,0,0,0,0,0,0
279,Point,42,65,567350,138650,699-50-74,10.065948,0,699-40-70A,1401.265514,0,0,0,0,0,0,0,0,0,0,0,0,0,0,0,0,0,0,0
280,Point,42,66,567450,138650,699-50-74,90.539071,0,699-40-70A,1358.74002,0,0,0,0,0,0,0,0,0,0,0,0,0,0,0,0,0,0,0
281,Point,42,67,567550,138650,699-50-74,190.508066,0,699-40-70A,1322.423473,0,0,0,0,0,0,0,0,0,0,0,0,0,0,0,0,0,0,0
282,Point,42,68,567650,138650,699-50-74,290.498405,1,699-40-70A,1292.839217,0,0,0,0,0,0,0,0,0,0,0,0,0,0,0,0,0,0,0
283,Point,42,69,567750,138650,699-50-74,390.493692,1,699-40-70A,1270.45765,0,0,0,0,0,0,0,0,0,0,0,0,0,0,0,0,0,0,0
284,Point,42,70,567850,138650,699-50-74,490.4909,2,699-40-70A,1255.663984,0,0,0,0,0,0,0,0,0,0,0,0,0,0,0,0,0,0,0
285,Point,42,71,567950,138650,699-50-74,590.489054,2,699-40-70A,1248.727929,0,0,0,0,0,0,0,0,0,0,0,0,0,0,0,0,0,0,0
286,Point,42,72,568050,138650,699-48-71,682.57223,3,699-40-70A,1249.780317,0,0,0,0,0,0,0,0,0,0,0,0,0,0,0,0,0,0,0
287,Point,42,73,568150,138650,699-48-71,639.000821,3,699-40-70A,1258.801113,0,0,0,0,0,0,0,0,0,0,0,0,0,0,0,0,0,0,0
288,Point,42,74,568250,138650,699-48-71,608.883609,3,699-40-70A,1275.621277,0,0,0,0,0,0,0,0,0,0,0,0,0,0,0,0,0,0,0
289,Point,42,75,568350,138650,699-48-71,594.269677,2,699-40-70A,1299.938091,0,0,0,0,0,0,0,0,0,0,0,0,0,0,0,0,0,0,0
290,Point,42,76,568450,138650,699-48-71,596.299966,2,699-40-70A,1331.340843,0,0,0,0,0,0,0,0,0,0,0,0,0,0,0,0,0,0,0
291,Point,42,77,568550,138650,699-48-71,614.809604,3,299-W5-1,1346.923063,0,0,0,0,0,0,0,0,0,0,0,0,0,0,0,0,0,0,0
292,Point,42,78,568650,138650,699-48-71,648.38881,3,299-W5-1,1366.841519,0,0,0,0,0,0,0,0,0,0,0,0,0,0,0,0,0,0,0
293,Point,42,79,568750,138650,699-48-71,694.856279,3,299-W5-1,1393.667728,0,0,0,0,0,0,0,0,0,0,0,0,0,0,0,0,0,0,0
294,Point,42,80,568850,138650,699-48-71,751.826076,3,299-W5-1,1427.012171,0,0,0,0,0,0,0,0,0,0,0,0,0,0,0,0,0,0,0
295,Point,42,81,568950,138650,699-48-71,817.10443,4,299-W5-1,1466.43027,0,0,0,0,0,0,0,0,0,0,0,0,0,0,0,0,0,0,0
296,Point,42,82,569050,138650,699-48-71,888.862672,4,299-W5-1,1511.446902,0,0,0,0,0,0,0,0,0,0,0,0,0,0,0,0,0,0,0
297,Point,42,83,569150,138650,699-48-71,965.657314,4,299-W5-1,1561.577964,0,0,0,0,0,0,0,0,0,0,0,0,0,0,0,0,0,0,0
298,Point,42,84,569250,138650,699-48-71,1046.380069,4,299-W5-1,1616.347654,0,0,0,0,0,0,0,0,0,0,0,0,0,0,0,0,0,0,0
299,Point,42,85,569350,138650,699-48-71,1130.189563,4,299-W5-1,1675.301088,0,0,0,0,0,0,0,0,0,0,0,0,0,0,0,0,0,0,0
300,Point,42,86,569450,138650,699-48-71,1216.447964,4,299-W5-1,1738.012583,0,0,0,0,0,0,0,0,0,0,0,0,0,0,0,0,0,0,0
301,Point,42,87,569550,138650,699-51-63,1220.777578,4,299-W5-1,1804.09028,0,0,0,0,0,0,0,0,0,0,0,0,0,0,0,0,0,0,0
302,Point,42,88,569650,138650,699-51-63,1130.229134,4,299-W5-1,1873.177978,0,0,0,0,0,0,0,0,0,0,0,0,0,0,0,0,0,0,0
303,Point,42,89,569750,138650,699-51-63,1041.411491,4,299-W5-1,1944.954945,0,0,0,0,0,0,0,0,0,0,0,0,0,0,0,0,0,0,0
304,Point,42,90,569850,138650,699-51-63,954.807779,4,299-W5-1,2019.134403,0,0,0,0,0,0,0,0,0,0,0,0,0,0,0,0,0,0,0
305,Point,42,91,569950,138650,699-51-63,871.078581,4,299-W5-1,2095.461223,0,0,0,0,0,0,0,0,0,0,0,0,0,0,0,0,0,0,0
306,Point,42,92,570050,138650,699-51-63,791.13709,3,299-W5-1,2173.709212,0,0,0,0,0,0,0,0,0,0,0,0,0,0,0,0,0,0,0
307,Point,42,93,570150,138650,699-51-63,716.252675,3,299-W5-1,2253.678268,0,0,0,0,0,0,0,0,0,0,0,0,0,0,0,0,0,0,0
308,Point,42,94,570250,138650,699-51-63,648.180449,3,299-W5-1,2335.191585,0,0,0,0,0,0,0,0,0,0,0,0,0,0,0,0,0,0,0
309,Point,42,95,570350,138650,699-51-63,589.285919,2,299-W5-1,2418.092996,0,0,0,0,0,0,0,0,0,0,0,0,0,0,0,0,0,0,0
310,Point,42,96,570450,138650,699-51-63,542.566028,2,299-W5-1,2502.24454,0,0,0,0,0,0,0,0,0,0,0,0,0,0,0,0,0,0,0
311,Point,42,97,570550,138650,699-51-63,511.368648,2,299-W5-1,2587.524249,0,0,0,0,0,0,0,0,0,0,0,0,0,0,0,0,0,0,0
312,Point,42,98,570650,138650,699-51-63,498.615979,2,299-W5-1,2673.824178,0,0,0,0,0,0,0,0,0,0,0,0,0,0,0,0,0,0,0
313,Point,42,99,570750,138650,699-51-63,505.705344,2,299-W5-1,2761.048666,0,0,0,0,0,0,0,0,0,0,0,0,0,0,0,0,0,0,0
314,Point,42,100,570850,138650,699-51-63,531.843863,2,299-W5-1,2849.112798,0,0,0,0,0,0,0,0,0,0,0,0,0,0,0,0,0,0,0
315,Point,42,101,570950,138650,699-51-63,574.437024,2,299-W5-1,2937.941071,0,0,0,0,0,0,0,0,0,0,0,0,0,0,0,0,0,0,0
316,Point,42,102,571050,138650,699-51-63,630.15704,3,299-W5-1,3027.466224,0,0,0,0,0,0,0,0,0,0,0,0,0,0,0,0,0,0,0
317,Point,42,103,571150,138650,699-51-63,695.857668,3,299-W5-1,3117.628223,0,0,0,0,0,0,0,0,0,0,0,0,0,0,0,0,0,0,0
318,Point,42,104,571250,138650,699-47-60,717.267365,3,299-W5-1,3208.373379,0,0,0,0,0,0,0,0,0,0,0,0,0,0,0,0,0,0,0
319,Point,42,105,571350,138650,699-47-60,692.529041,3,299-W5-1,3299.653578,0,0,0,0,0,0,0,0,0,0,0,0,0,0,0,0,0,0,0
320,Point,42,106,571450,138650,699-47-60,681.704094,3,299-W5-1,3391.42562,0,0,0,0,0,0,0,0,0,0,0,0,0,0,0,0,0,0,0
321,Point,42,107,571550,138650,699-47-60,685.45202,3,299-W5-1,3483.650634,0,0,0,0,0,0,0,0,0,0,0,0,0,0,0,0,0,0,0
322,Point,42,108,571650,138650,699-47-60,703.539958,3,299-W5-1,3576.293575,0,0,0,0,0,0,0,0,0,0,0,0,0,0,0,0,0,0,0
323,Point,42,109,571750,138650,699-47-60,734.90984,3,299-W5-1,3669.32279,0,0,0,0,0,0,0,0,0,0,0,0,0,0,0,0,0,0,0
324,Point,42,110,571850,138650,699-47-60,777.9566,3,299-W5-1,3762.709627,0,0,0,0,0,0,0,0,0,0,0,0,0,0,0,0,0,0,0
325,Point,42,111,571950,138650,699-47-60,830.867301,4,299-W5-1,3856.428106,0,0,0,0,0,0,0,0,0,0,0,0,0,0,0,0,0,0,0
326,Point,42,112,572050,138650,699-47-60,891.88815,4,299-W5-1,3950.454624,0,0,0,0,0,0,0,0,0,0,0,0,0,0,0,0,0,0,0
327,Point,42,113,572150,138650,699-47-60,959.473018,4,299-W5-1,4044.767699,0,0,0,0,0,0,0,0,0,0,0,0,0,0,0,0,0,0,0
328,Point,43,32,564050,138550,699-49-79,1743.572519,4,299-W11-50,3423.561129,0,0,0,0,0,0,0,0,0,0,0,0,0,0,0,0,0,0,0
329,Point,43,33,564150,138550,699-49-79,1644.93785,4,299-W11-50,3338.789721,0,0,0,0,0,0,0,0,0,0,0,0,0,0,0,0,0,0,0
330,Point,43,34,564250,138550,699-49-79,1546.478557,4,299-W11-50,3254.882917,0,0,0,0,0,0,0,0,0,0,0,0,0,0,0,0,0,0,0
331,Point,43,35,564350,138550,699-49-79,1448.230413,4,299-W11-50,3171.909331,0,0,0,0,0,0,0,0,0,0,0,0,0,0,0,0,0,0,0
332,Point,43,36,564450,138550,699-49-79,1350.239508,4,299-W11-50,3089.944142,0,0,0,0,0,0,0,0,0,0,0,0,0,0,0,0,0,0,0
333,Point,43,37,564550,138550,699-49-79,1252.566217,4,299-W11-50,3009.069757,0,0,0,0,0,0,0,0,0,0,0,0,0,0,0,0,0,0,0
334,Point,43,38,564650,138550,699-49-79,1155.291101,4,299-W11-50,2929.376521,0,0,0,0,0,0,0,0,0,0,0,0,0,0,0,0,0,0,0
335,Point,43,39,564750,138550,699-49-79,1058.523939,4,299-W11-50,2850.963487,0,0,0,0,0,0,0,0,0,0,0,0,0,0,0,0,0,0,0
336,Point,43,40,564850,138550,699-49-79,962.41796,4,299-W11-50,2773.939221,0,0,0,0,0,0,0,0,0,0,0,0,0,0,0,0,0,0,0
337,Point,43,41,564950,138550,699-49-79,867.193017,4,299-W11-50,2698.422651,0,0,0,0,0,0,0,0,0,0,0,0,0,0,0,0,0,0,0
338,Point,43,42,565050,138550,699-49-79,773.174708,3,299-W11-50,2624.543923,0,0,0,0,0,0,0,0,0,0,0,0,0,0,0,0,0,0,0
339,Point,43,43,565150,138550,699-49-79,680.863076,3,299-W11-50,2552.445259,0,0,0,0,0,0,0,0,0,0,0,0,0,0,0,0,0,0,0
340,Point,43,44,565250,138550,699-49-79,591.058313,2,299-W11-50,2482.281773,0,0,0,0,0,0,0,0,0,0,0,0,0,0,0,0,0,0,0
341,Point,43,45,565350,138550,699-49-79,505.099326,2,299-W11-50,2414.222194,0,0,0,0,0,0,0,0,0,0,0,0,0,0,0,0,0,0,0
342,Point,43,46,565450,138550,699-49-79,425.324263,2,299-W11-50,2348.449446,0,0,0,0,0,0,0,0,0,0,0,0,0,0,0,0,0,0,0
343,Point,43,47,565550,138550,699-49-79,355.915901,1,299-W11-50,2285.161001,0,0,0,0,0,0,0,0,0,0,0,0,0,0,0,0,0,0,0
344,Point,43,48,565650,138550,699-49-79,304.05843,1,299-W11-50,2224.568903,0,0,0,0,0,0,0,0,0,0,0,0,0,0,0,0,0,0,0
345,Point,43,49,565750,138550,699-49-79,279.690774,1,299-W11-50,2166.899352,0,0,0,0,0,0,0,0,0,0,0,0,0,0,0,0,0,0,0
346,Point,43,50,565850,138550,699-49-79,289.831552,1,299-W11-50,2112.391726,0,0,0,0,0,0,0,0,0,0,0,0,0,0,0,0,0,0,0
347,Point,43,51,565950,138550,699-49-79,331.327223,1,299-W11-50,2061.296874,0,0,0,0,0,0,0,0,0,0,0,0,0,0,0,0,0,0,0
348,Point,43,52,566050,138550,699-49-79,394.402242,1,299-W11-50,2013.874575,0,0,0,0,0,0,0,0,0,0,0,0,0,0,0,0,0,0,0
349,Point,43,53,566150,138550,699-49-79,470.455661,2,299-W11-50,1970.390013,0,0,0,0,0,0,0,0,0,0,0,0,0,0,0,0,0,0,0
350,Point,43,54,566250,138550,699-48-77C,512.341847,2,299-W11-50,1931.109216,0,0,0,0,0,0,0,0,0,0,0,0,0,0,0,0,0,0,0
351,Point,43,55,566350,138550,699-48-77C,478.229409,2,299-W11-50,1896.293438,0,0,0,0,0,0,0,0,0,0,0,0,0,0,0,0,0,0,0
352,Point,43,56,566450,138550,699-48-77C,463.586635,2,299-W11-50,1866.192595,0,0,0,0,0,0,0,0,0,0,0,0,0,0,0,0,0,0,0
353,Point,43,57,566550,138550,699-48-77C,470.235864,2,699-40-70A,1839.258829,0,0,0,0,0,0,0,0,0,0,0,0,0,0,0,0,0,0,0
354,Point,43,58,566650,138550,699-51-75,484.327963,2,699-40-70A,1762.243582,0,0,0,0,0,0,0,0,0,0,0,0,0,0,0,0,0,0,0
355,Point,43,59,566750,138550,699-51-75,423.034721,2,699-40-70A,1687.64091,0,0,0,0,0,0,0,0,0,0,0,0,0,0,0,0,0,0,0
356,Point,43,60,566850,138550,699-51-75,378.606888,1,699-40-70A,1615.785023,0,0,0,0,0,0,0,0,0,0,0,0,0,0,0,0,0,0,0
357,Point,43,61,566950,138550,699-51-75,357.390509,1,699-40-70A,1547.058707,0,0,0,0,0,0,0,0,0,0,0,0,0,0,0,0,0,0,0
358,Point,43,62,567050,138550,699-50-74,324.282783,1,699-40-70A,1481.897446,0,0,0,0,0,0,0,0,0,0,0,0,0,0,0,0,0,0,0
359,Point,43,63,567150,138550,699-50-74,230.771149,1,699-40-70A,1420.791836,0,0,0,0,0,0,0,0,0,0,0,0,0,0,0,0,0,0,0
360,Point,43,64,567250,138550,699-50-74,146.12092,0,699-40-70A,1364.286935,0,0,0,0,0,0,0,0,0,0,0,0,0,0,0,0,0,0,0
361,Point,43,65,567350,138550,699-50-74,97.197342,0,699-40-70A,1312.976863,0,0,0,0,0,0,0,0,0,0,0,0,0,0,0,0,0,0,0
362,Point,43,66,567450,138550,699-50-74,132.451211,0,699-40-70A,1267.492659,0,0,0,0,0,0,0,0,0,0,0,0,0,0,0,0,0,0,0
363,Point,43,67,567550,138550,699-50-74,213.633619,1,699-40-70A,1228.4816,0,0,0,0,0,0,0,0,0,0,0,0,0,0,0,0,0,0,0
364,Point,43,68,567650,138550,699-50-74,306.16225,1,699-40-70A,1196.576968,0,0,0,0,0,0,0,0,0,0,0,0,0,0,0,0,0,0,0
365,Point,43,69,567750,138550,699-50-74,402.282641,2,699-40-70A,1172.359092,0,0,0,0,0,0,0,0,0,0,0,0,0,0,0,0,0,0,0
366,Point,43,70,567850,138550,699-50-74,499.927318,2,699-40-70A,1156.311049,0,0,0,0,0,0,0,0,0,0,0,0,0,0,0,0,0,0,0
367,Point,43,71,567950,138550,699-50-74,598.350502,2,699-40-70A,1148.775279,0,0,0,0,0,0,0,0,0,0,0,0,0,0,0,0,0,0,0
368,Point,43,72,568050,138550,699-48-71,597.739951,2,699-40-70A,1149.919146,0,0,0,0,0,0,0,0,0,0,0,0,0,0,0,0,0,0,0
369,Point,43,73,568150,138550,699-48-71,547.457988,2,699-40-70A,1159.716966,0,0,0,0,0,0,0,0,0,0,0,0,0,0,0,0,0,0,0
370,Point,43,74,568250,138550,699-48-71,511.983837,2,699-40-70A,1177.952818,0,0,0,0,0,0,0,0,0,0,0,0,0,0,0,0,0,0,0
371,Point,43,75,568350,138550,699-48-71,494.514559,2,699-40-70A,1204.243431,0,0,0,0,0,0,0,0,0,0,0,0,0,0,0,0,0,0,0
372,Point,43,76,568450,138550,699-48-71,496.952562,2,299-W5-1,1234.661791,0,0,0,0,0,0,0,0,0,0,0,0,0,0,0,0,0,0,0
373,Point,43,77,568550,138550,699-48-71,519.017388,2,299-W5-1,1248.37644,0,0,0,0,0,0,0,0,0,0,0,0,0,0,0,0,0,0,0
374,Point,43,78,568650,138550,699-48-71,558.387185,2,299-W5-1,1269.841619,0,0,0,0,0,0,0,0,0,0,0,0,0,0,0,0,0,0,0
375,Point,43,79,568750,138550,699-48-71,611.729882,3,299-W5-1,1298.673068,0,0,0,0,0,0,0,0,0,0,0,0,0,0,0,0,0,0,0
376,Point,43,80,568850,138550,699-48-71,675.744515,3,299-W5-1,1334.393397,0,0,0,0,0,0,0,0,0,0,0,0,0,0,0,0,0,0,0
377,Point,43,81,568950,138550,699-48-71,747.695024,3,299-W5-1,1376.466395,0,0,0,0,0,0,0,0,0,0,0,0,0,0,0,0,0,0,0
378,Point,43,82,569050,138550,699-48-71,825.508964,4,299-W5-1,1424.329224,0,0,0,0,0,0,0,0,0,0,0,0,0,0,0,0,0,0,0
379,Point,43,83,569150,138550,699-48-71,907.679596,4,299-W5-1,1477.419283,0,0,0,0,0,0,0,0,0,0,0,0,0,0,0,0,0,0,0
380,Point,43,84,569250,138550,699-48-71,993.126099,4,299-W5-1,1535.194365,0,0,0,0,0,0,0,0,0,0,0,0,0,0,0,0,0,0,0
381,Point,43,85,569350,138550,699-48-71,1081.071991,4,299-W5-1,1597.146123,0,0,0,0,0,0,0,0,0,0,0,0,0,0,0,0,0,0,0
382,Point,43,86,569450,138550,699-46-70,1168.740026,4,299-W5-1,1662.807787,0,0,0,0,0,0,0,0,0,0,0,0,0,0,0,0,0,0,0
383,Point,43,87,569550,138550,699-45-65,1231.689474,4,299-W5-1,1731.757413,0,0,0,0,0,0,0,0,0,0,0,0,0,0,0,0,0,0,0
384,Point,43,88,569650,138550,699-51-63,1177.751882,4,299-W5-1,1803.617958,0,0,0,0,0,0,0,0,0,0,0,0,0,0,0,0,0,0,0
385,Point,43,89,569750,138550,699-51-63,1092.803502,4,299-W5-1,1878.055307,0,0,0,0,0,0,0,0,0,0,0,0,0,0,0,0,0,0,0
386,Point,43,90,569850,138550,699-51-63,1010.613425,4,299-W5-1,1954.775112,0,0,0,0,0,0,0,0,0,0,0,0,0,0,0,0,0,0,0
387,Point,43,91,569950,138550,699-51-63,931.911742,4,299-W5-1,2033.519053,0,0,0,0,0,0,0,0,0,0,0,0,0,0,0,0,0,0,0
388,Point,43,92,570050,138550,699-51-63,857.659311,4,299-W5-1,2114.060959,0,0,0,0,0,0,0,0,0,0,0,0,0,0,0,0,0,0,0
389,Point,43,93,570150,138550,699-51-63,789.113106,3,299-W5-1,2196.203027,0,0,0,0,0,0,0,0,0,0,0,0,0,0,0,0,0,0,0
390,Point,43,94,570250,138550,699-51-63,727.887007,3,299-W5-1,2279.772299,0,0,0,0,0,0,0,0,0,0,0,0,0,0,0,0,0,0,0
391,Point,43,95,570350,138550,699-51-63,675.972998,3,299-W5-1,2364.617461,0,0,0,0,0,0,0,0,0,0,0,0,0,0,0,0,0,0,0
392,Point,43,96,570450,138550,699-51-63,635.656743,3,299-W5-1,2450.605994,0,0,0,0,0,0,0,0,0,0,0,0,0,0,0,0,0,0,0
393,Point,43,97,570550,138550,699-51-63,609.24502,3,299-W5-1,2537.621669,0,0,0,0,0,0,0,0,0,0,0,0,0,0,0,0,0,0,0
394,Point,43,98,570650,138550,699-51-63,598.581235,2,299-W5-1,2625.562366,0,0,0,0,0,0,0,0,0,0,0,0,0,0,0,0,0,0,0
395,Point,43,99,570750,138550,699-51-63,604.499375,3,299-W5-1,2714.338177,0,0,0,0,0,0,0,0,0,0,0,0,0,0,0,0,0,0,0
396,Point,43,100,570850,138550,699-51-63,626.529724,3,299-W5-1,2803.869779,0,0,0,0,0,0,0,0,0,0,0,0,0,0,0,0,0,0,0
397,Point,43,101,570950,138550,699-51-63,663.068243,3,299-W5-1,2894.08703,0,0,0,0,0,0,0,0,0,0,0,0,0,0,0,0,0,0,0
398,Point,43,102,571050,138550,699-51-63,711.884467,3,299-W5-1,2984.927761,0,0,0,0,0,0,0,0,0,0,0,0,0,0,0,0,0,0,0
399,Point,43,103,571150,138550,699-47-60,665.653718,3,299-W5-1,3076.33674,0,0,0,0,0,0,0,0,0,0,0,0,0,0,0,0,0,0,0
400,Point,43,104,571250,138550,699-47-60,623.072124,3,299-W5-1,3168.264783,0,0,0,0,0,0,0,0,0,0,0,0,0,0,0,0,0,0,0
401,Point,43,105,571350,138550,699-47-60,594.426507,2,299-W5-1,3260.667989,0,0,0,0,0,0,0,0,0,0,0,0,0,0,0,0,0,0,0
402,Point,43,106,571450,138550,699-47-60,581.779058,2,299-W5-1,3353.50708,0,0,0,0,0,0,0,0,0,0,0,0,0,0,0,0,0,0,0
403,Point,43,107,571550,138550,699-47-60,586.16625,2,299-W5-1,3446.746834,0,0,0,0,0,0,0,0,0,0,0,0,0,0,0,0,0,0,0
404,Point,43,108,571650,138550,699-47-60,607.218966,3,299-W5-1,3540.355595,0,0,0,0,0,0,0,0,0,0,0,0,0,0,0,0,0,0,0
405,Point,43,109,571750,138550,699-47-60,643.303095,3,299-W5-1,3634.304849,0,0,0,0,0,0,0,0,0,0,0,0,0,0,0,0,0,0,0
406,Point,43,110,571850,138550,699-47-60,692.071436,3,299-W5-1,3728.568859,0,0,0,0,0,0,0,0,0,0,0,0,0,0,0,0,0,0,0
407,Point,43,111,571950,138550,699-47-60,751.05717,3,299-W5-1,3823.124342,0,0,0,0,0,0,0,0,0,0,0,0,0,0,0,0,0,0,0
408,Point,43,112,572050,138550,699-47-60,818.053099,4,299-W5-1,3917.950196,0,0,0,0,0,0,0,0,0,0,0,0,0,0,0,0,0,0,0
409,Point,43,113,572150,138550,699-47-60,891.254662,4,299-W5-1,4013.027253,0,0,0,0,0,0,0,0,0,0,0,0,0,0,0,0,0,0,0
410,Point,44,32,564050,138450,699-49-79,1730.394963,4,299-W11-50,3372.254261,0,0,0,0,0,0,0,0,0,0,0,0,0,0,0,0,0,0,0
411,Point,44,33,564150,138450,699-49-79,1630.963558,4,299-W11-50,3286.159583,0,0,0,0,0,0,0,0,0,0,0,0,0,0,0,0,0,0,0
412,Point,44,34,564250,138450,699-49-79,1531.606192,4,299-W11-50,3200.873444,0,0,0,0,0,0,0,0,0,0,0,0,0,0,0,0,0,0,0
413,Point,44,35,564350,138450,699-49-79,1432.338273,4,299-W11-50,3116.462225,0,0,0,0,0,0,0,0,0,0,0,0,0,0,0,0,0,0,0
414,Point,44,36,564450,138450,699-49-79,1333.179781,4,299-W11-50,3032.998978,0,0,0,0,0,0,0,0,0,0,0,0,0,0,0,0,0,0,0
415,Point,44,37,564550,138450,699-49-79,1234.157092,4,299-W11-50,2950.56415,0,0,0,0,0,0,0,0,0,0,0,0,0,0,0,0,0,0,0
416,Point,44,38,564650,138450,699-49-79,1135.305742,4,299-W11-50,2869.246382,0,0,0,0,0,0,0,0,0,0,0,0,0,0,0,0,0,0,0
417,Point,44,39,564750,138450,699-49-79,1036.674746,4,299-W11-50,2789.143381,0,0,0,0,0,0,0,0,0,0,0,0,0,0,0,0,0,0,0
418,Point,44,40,564850,138450,699-49-79,938.333591,4,299-W11-50,2710.362854,0,0,0,0,0,0,0,0,0,0,0,0,0,0,0,0,0,0,0
419,Point,44,41,564950,138450,699-49-79,840.384036,4,299-W11-50,2633.02351,0,0,0,0,0,0,0,0,0,0,0,0,0,0,0,0,0,0,0
420,Point,44,42,565050,138450,699-49-79,742.980975,3,299-W11-50,2557.256108,0,0,0,0,0,0,0,0,0,0,0,0,0,0,0,0,0,0,0
421,Point,44,43,565150,138450,699-49-79,646.37151,3,299-W11-50,2483.204543,0,0,0,0,0,0,0,0,0,0,0,0,0,0,0,0,0,0,0
422,Point,44,44,565250,138450,699-49-79,550.973256,2,299-W11-50,2411.026919,0,0,0,0,0,0,0,0,0,0,0,0,0,0,0,0,0,0,0
423,Point,44,45,565350,138450,699-49-79,457.544456,2,299-W11-50,2340.896581,0,0,0,0,0,0,0,0,0,0,0,0,0,0,0,0,0,0,0
424,Point,44,46,565450,138450,699-49-79,367.589892,1,299-W11-50,2273.003036,0,0,0,0,0,0,0,0,0,0,0,0,0,0,0,0,0,0,0
425,Point,44,47,565550,138450,699-49-79,284.42526,1,299-W11-50,2207.552673,0,0,0,0,0,0,0,0,0,0,0,0,0,0,0,0,0,0,0
426,Point,44,48,565650,138450,699-49-79,216.039646,1,299-W11-50,2144.769172,0,0,0,0,0,0,0,0,0,0,0,0,0,0,0,0,0,0,0
427,Point,44,49,565750,138450,699-49-79,180.134752,0,299-W11-50,2084.893475,0,0,0,0,0,0,0,0,0,0,0,0,0,0,0,0,0,0,0
428,Point,44,50,565850,138450,699-49-79,195.509408,0,299-W11-50,2028.183128,0,0,0,0,0,0,0,0,0,0,0,0,0,0,0,0,0,0,0
429,Point,44,51,565950,138450,699-49-79,252.980886,1,299-W11-50,1974.910834,0,0,0,0,0,0,0,0,0,0,0,0,0,0,0,0,0,0,0
430,Point,44,52,566050,138450,699-49-79,331.322696,1,299-W11-50,1925.361993,0,0,0,0,0,0,0,0,0,0,0,0,0,0,0,0,0,0,0
431,Point,44,53,566150,138450,699-49-79,418.987027,2,299-W11-50,1879.831057,0,0,0,0,0,0,0,0,0,0,0,0,0,0,0,0,0,0,0
432,Point,44,54,566250,138450,699-48-77C,424.092405,2,299-W11-50,1838.616546,0,0,0,0,0,0,0,0,0,0,0,0,0,0,0,0,0,0,0
433,Point,44,55,566350,138450,699-48-77C,382.182637,1,299-W11-50,1802.014651,0,0,0,0,0,0,0,0,0,0,0,0,0,0,0,0,0,0,0
434,Point,44,56,566450,138450,699-48-77C,363.693233,1,299-W11-50,1770.311499,0,0,0,0,0,0,0,0,0,0,0,0,0,0,0,0,0,0,0
435,Point,44,57,566550,138450,699-48-77C,372.131654,1,299-W11-50,1743.774298,0,0,0,0,0,0,0,0,0,0,0,0,0,0,0,0,0,0,0
436,Point,44,58,566650,138450,699-48-77C,405.821596,2,699-40-70A,1698.783577,0,0,0,0,0,0,0,0,0,0,0,0,0,0,0,0,0,0,0
437,Point,44,59,566750,138450,699-48-77C,459.2389,2,699-40-70A,1621.263409,0,0,0,0,0,0,0,0,0,0,0,0,0,0,0,0,0,0,0
438,Point,44,60,566850,138450,699-51-75,473.920221,2,699-40-70A,1546.326111,0,0,0,0,0,0,0,0,0,0,0,0,0,0,0,0,0,0,0
439,Point,44,61,566950,138450,699-50-74,454.322928,2,699-40-70A,1474.365573,0,0,0,0,0,0,0,0,0,0,0,0,0,0,0,0,0,0,0
440,Point,44,62,567050,138450,699-50-74,366.749674,1,699-40-70A,1405.838981,0,0,0,0,0,0,0,0,0,0,0,0,0,0,0,0,0,0,0
441,Point,44,63,567150,138450,699-50-74,287.404459,1,699-40-70A,1341.272769,0,0,0,0,0,0,0,0,0,0,0,0,0,0,0,0,0,0,0
442,Point,44,64,567250,138450,699-50-74,225.160661,1,699-40-70A,1281.265797,0,0,0,0,0,0,0,0,0,0,0,0,0,0,0,0,0,0,0
443,Point,44,65,567350,138450,699-50-74,196.960207,0,699-40-70A,1226.48744,0,0,0,0,0,0,0,0,0,0,0,0,0,0,0,0,0,0,0
444,Point,44,66,567450,138450,699-50-74,216.539427,1,699-40-70A,1177.667543,0,0,0,0,0,0,0,0,0,0,0,0,0,0,0,0,0,0,0
445,Point,44,67,567550,138450,699-50-74,273.834482,1,699-40-70A,1135.574851,0,0,0,0,0,0,0,0,0,0,0,0,0,0,0,0,0,0,0
446,Point,44,68,567650,138450,699-50-74,350.829479,1,699-40-70A,1100.981218,0,0,0,0,0,0,0,0,0,0,0,0,0,0,0,0,0,0,0
447,Point,44,69,567750,138450,699-50-74,437.238291,2,699-40-70A,1074.611112,0,0,0,0,0,0,0,0,0,0,0,0,0,0,0,0,0,0,0
448,Point,44,70,567850,138450,699-50-74,528.463171,2,699-40-70A,1057.080149,0,0,0,0,0,0,0,0,0,0,0,0,0,0,0,0,0,0,0
449,Point,44,71,567950,138450,699-48-71,588.442052,2,699-40-70A,1048.831655,0,0,0,0,0,0,0,0,0,0,0,0,0,0,0,0,0,0,0
450,Point,44,72,568050,138450,699-48-71,518.34472,2,699-40-70A,1050.084397,0,0,0,0,0,0,0,0,0,0,0,0,0,0,0,0,0,0,0
451,Point,44,73,568150,138450,699-48-71,459.454512,2,699-40-70A,1060.804714,0,0,0,0,0,0,0,0,0,0,0,0,0,0,0,0,0,0,0
452,Point,44,74,568250,138450,699-48-71,416.552096,2,699-40-70A,1080.710896,0,0,0,0,0,0,0,0,0,0,0,0,0,0,0,0,0,0,0
453,Point,44,75,568350,138450,699-48-71,394.883336,1,699-40-70A,1109.308542,0,0,0,0,0,0,0,0,0,0,0,0,0,0,0,0,0,0,0
454,Point,44,76,568450,138450,699-48-71,397.932216,1,299-W5-1,1135.179165,0,0,0,0,0,0,0,0,0,0,0,0,0,0,0,0,0,0,0
455,Point,44,77,568550,138450,699-48-71,425.167319,2,299-W5-1,1150.080752,0,0,0,0,0,0,0,0,0,0,0,0,0,0,0,0,0,0,0
456,Point,44,78,568650,138450,699-48-71,472.424014,2,299-W5-1,1173.345532,0,0,0,0,0,0,0,0,0,0,0,0,0,0,0,0,0,0,0
457,Point,44,79,568750,138450,699-48-71,534.417111,2,299-W5-1,1204.488994,0,0,0,0,0,0,0,0,0,0,0,0,0,0,0,0,0,0,0
458,Point,44,80,568850,138450,699-48-71,606.645571,3,299-W5-1,1242.919039,0,0,0,0,0,0,0,0,0,0,0,0,0,0,0,0,0,0,0
459,Point,44,81,568950,138450,699-48-71,685.883408,3,299-W5-1,1287.983593,0,0,0,0,0,0,0,0,0,0,0,0,0,0,0,0,0,0,0
460,Point,44,82,569050,138450,699-48-71,769.969642,3,299-W5-1,1339.012971,0,0,0,0,0,0,0,0,0,0,0,0,0,0,0,0,0,0,0
461,Point,44,83,569150,138450,699-48-71,857.479124,4,299-W5-1,1395.352908,0,0,0,0,0,0,0,0,0,0,0,0,0,0,0,0,0,0,0
462,Point,44,84,569250,138450,699-48-71,947.463798,4,299-W5-1,1456.387221,0,0,0,0,0,0,0,0,0,0,0,0,0,0,0,0,0,0,0
463,Point,44,85,569350,138450,699-46-70,1027.906245,4,299-W5-1,1521.551096,0,0,0,0,0,0,0,0,0,0,0,0,0,0,0,0,0,0,0
464,Point,44,86,569450,138450,699-46-70,1094.146813,4,299-W5-1,1590.336989,0,0,0,0,0,0,0,0,0,0,0,0,0,0,0,0,0,0,0
465,Point,44,87,569550,138450,699-45-65,1139.216819,4,299-W5-1,1662.295322,0,0,0,0,0,0,0,0,0,0,0,0,0,0,0,0,0,0,0
466,Point,44,88,569650,138450,699-45-65,1103.472229,4,299-W5-1,1737.031876,0,0,0,0,0,0,0,0,0,0,0,0,0,0,0,0,0,0,0
467,Point,44,89,569750,138450,699-45-65,1075.86568,4,299-W5-1,1814.203334,0,0,0,0,0,0,0,0,0,0,0,0,0,0,0,0,0,0,0
468,Point,44,90,569850,138450,699-45-65,1057.034986,4,299-W5-1,1893.512011,0,0,0,0,0,0,0,0,0,0,0,0,0,0,0,0,0,0,0
469,Point,44,91,569950,138450,699-51-63,999.070115,4,299-W5-1,1974.700417,0,0,0,0,0,0,0,0,0,0,0,0,0,0,0,0,0,0,0
470,Point,44,92,570050,138450,699-51-63,930.194117,4,299-W5-1,2057.546047,0,0,0,0,0,0,0,0,0,0,0,0,0,0,0,0,0,0,0
471,Point,44,93,570150,138450,699-51-63,867.39904,4,299-W5-1,2141.85661,0,0,0,0,0,0,0,0,0,0,0,0,0,0,0,0,0,0,0
472,Point,44,94,570250,138450,699-51-63,812.096727,4,299-W5-1,2227.465766,0,0,0,0,0,0,0,0,0,0,0,0,0,0,0,0,0,0,0
473,Point,44,95,570350,138450,699-51-63,765.911936,3,299-W5-1,2314.229405,0,0,0,0,0,0,0,0,0,0,0,0,0,0,0,0,0,0,0
474,Point,44,96,570450,138450,699-51-63,730.575865,3,299-W5-1,2402.022426,0,0,0,0,0,0,0,0,0,0,0,0,0,0,0,0,0,0,0
475,Point,44,97,570550,138450,699-51-63,707.715405,3,299-W5-1,2490.735983,0,0,0,0,0,0,0,0,0,0,0,0,0,0,0,0,0,0,0
476,Point,44,98,570650,138450,699-51-63,698.556436,3,299-W5-1,2580.275128,0,0,0,0,0,0,0,0,0,0,0,0,0,0,0,0,0,0,0
477,Point,44,99,570750,138450,699-51-63,703.634205,3,299-W5-1,2670.556822,0,0,0,0,0,0,0,0,0,0,0,0,0,0,0,0,0,0,0
478,Point,44,100,570850,138450,699-51-63,722.648666,3,299-W5-1,2761.508236,0,0,0,0,0,0,0,0,0,0,0,0,0,0,0,0,0,0,0
479,Point,44,101,570950,138450,699-47-60,711.75366,3,299-W5-1,2853.065323,0,0,0,0,0,0,0,0,0,0,0,0,0,0,0,0,0,0,0
480,Point,44,102,571050,138450,699-47-60,641.651987,3,299-W5-1,2945.171597,0,0,0,0,0,0,0,0,0,0,0,0,0,0,0,0,0,0,0
481,Point,44,103,571150,138450,699-47-60,580.380282,2,299-W5-1,3037.777105,0,0,0,0,0,0,0,0,0,0,0,0,0,0,0,0,0,0,0
482,Point,44,104,571250,138450,699-47-60,531.004023,2,299-W5-1,3130.837546,0,0,0,0,0,0,0,0,0,0,0,0,0,0,0,0,0,0,0
483,Point,44,105,571350,138450,699-47-60,497.08075,2,299-W5-1,3224.31353,0,0,0,0,0,0,0,0,0,0,0,0,0,0,0,0,0,0,0
484,Point,44,106,571450,138450,699-47-60,481.885123,2,299-W5-1,3318.169938,0,0,0,0,0,0,0,0,0,0,0,0,0,0,0,0,0,0,0
485,Point,44,107,571550,138450,699-47-60,487.172733,2,299-W5-1,3412.37538,0,0,0,0,0,0,0,0,0,0,0,0,0,0,0,0,0,0,0
486,Point,44,108,571650,138450,699-47-60,512.309742,2,299-W5-1,3506.901729,0,0,0,0,0,0,0,0,0,0,0,0,0,0,0,0,0,0,0
487,Point,44,109,571750,138450,699-47-60,554.603707,2,299-W5-1,3601.723717,0,0,0,0,0,0,0,0,0,0,0,0,0,0,0,0,0,0,0
488,Point,44,110,571850,138450,699-47-60,610.499199,3,299-W5-1,3696.818597,0,0,0,0,0,0,0,0,0,0,0,0,0,0,0,0,0,0,0
489,Point,44,111,571950,138450,699-47-60,676.63378,3,299-W5-1,3792.165837,0,0,0,0,0,0,0,0,0,0,0,0,0,0,0,0,0,0,0
490,Point,44,112,572050,138450,699-47-60,750.304786,3,299-W5-1,3887.746872,0,0,0,0,0,0,0,0,0,0,0,0,0,0,0,0,0,0,0
491,Point,44,113,572150,138450,699-47-60,829.506644,4,299-W5-1,3983.544871,0,0,0,0,0,0,0,0,0,0,0,0,0,0,0,0,0,0,0
492,Point,45,32,564050,138350,699-49-79,1722.930158,4,299-W11-92,3313.244957,0,0,0,0,0,0,0,0,0,0,0,0,0,0,0,0,0,0,0
493,Point,45,33,564150,138350,699-49-79,1623.041506,4,299-W11-92,3234.040839,0,0,0,0,0,0,0,0,0,0,0,0,0,0,0,0,0,0,0
494,Point,45,34,564250,138350,699-49-79,1523.167466,4,299-W11-50,3149.113971,0,0,0,0,0,0,0,0,0,0,0,0,0,0,0,0,0,0,0
495,Point,45,35,564350,138350,699-49-79,1423.311115,4,299-W11-50,3063.276808,0,0,0,0,0,0,0,0,0,0,0,0,0,0,0,0,0,0,0
496,Point,45,36,564450,138350,699-49-79,1323.476456,4,299-W11-50,2978.323489,0,0,0,0,0,0,0,0,0,0,0,0,0,0,0,0,0,0,0
497,Point,45,37,564550,138350,699-49-79,1223.668799,4,299-W11-50,2894.33184,0,0,0,0,0,0,0,0,0,0,0,0,0,0,0,0,0,0,0
498,Point,45,38,564650,138350,699-49-79,1123.895337,4,299-W11-50,2811.388056,0,0,0,0,0,0,0,0,0,0,0,0,0,0,0,0,0,0,0
499,Point,45,39,564750,138350,699-49-79,1024.166065,4,299-W11-50,2729.587662,0,0,0,0,0,0,0,0,0,0,0,0,0,0,0,0,0,0,0
500,Point,45,40,564850,138350,699-49-79,924.495283,4,299-W11-50,2649.03658,0,0,0,0,0,0,0,0,0,0,0,0,0,0,0,0,0,0,0
501,Point,45,41,564950,138350,699-49-79,824.904194,4,299-W11-50,2569.852292,0,0,0,0,0,0,0,0,0,0,0,0,0,0,0,0,0,0,0
502,Point,45,42,565050,138350,699-49-79,725.425619,3,299-W11-50,2492.165083,0,0,0,0,0,0,0,0,0,0,0,0,0,0,0,0,0,0,0
503,Point,45,43,565150,138350,699-49-79,626.113192,3,299-W11-50,2416.119368,0,0,0,0,0,0,0,0,0,0,0,0,0,0,0,0,0,0,0
504,Point,45,44,565250,138350,699-49-79,527.06084,2,299-W11-50,2341.875061,0,0,0,0,0,0,0,0,0,0,0,0,0,0,0,0,0,0,0
505,Point,45,45,565350,138350,699-49-79,428.44898,2,299-W11-50,2269.608954,0,0,0,0,0,0,0,0,0,0,0,0,0,0,0,0,0,0,0
506,Point,45,46,565450,138350,699-49-79,330.671935,1,299-W11-50,2199.516038,0,0,0,0,0,0,0,0,0,0,0,0,0,0,0,0,0,0,0
507,Point,45,47,565550,138350,699-49-79,234.77506,1,299-W11-50,2131.810686,0,0,0,0,0,0,0,0,0,0,0,0,0,0,0,0,0,0,0
508,Point,45,48,565650,138350,699-49-79,144.550091,0,299-W11-50,2066.727559,0,0,0,0,0,0,0,0,0,0,0,0,0,0,0,0,0,0,0
509,Point,45,49,565750,138350,699-49-79,81.670856,0,299-W11-50,2004.522088,0,0,0,0,0,0,0,0,0,0,0,0,0,0,0,0,0,0,0
510,Point,45,50,565850,138350,699-49-79,111.55953,0,299-W11-50,1945.470329,0,0,0,0,0,0,0,0,0,0,0,0,0,0,0,0,0,0,0
511,Point,45,51,565950,138350,699-49-79,195.501736,0,299-W11-50,1889.867933,0,0,0,0,0,0,0,0,0,0,0,0,0,0,0,0,0,0,0
512,Point,45,52,566050,138350,699-49-79,289.821201,1,299-W11-50,1838.027966,0,0,0,0,0,0,0,0,0,0,0,0,0,0,0,0,0,0,0
513,Point,45,53,566150,138350,699-49-79,387.003526,1,299-W11-50,1790.277298,0,0,0,0,0,0,0,0,0,0,0,0,0,0,0,0,0,0,0
514,Point,45,54,566250,138350,699-48-77C,342.366131,1,299-W11-50,1746.951288,0,0,0,0,0,0,0,0,0,0,0,0,0,0,0,0,0,0,0
515,Point,45,55,566350,138350,699-48-77C,288.831729,1,299-W11-50,1708.386608,0,0,0,0,0,0,0,0,0,0,0,0,0,0,0,0,0,0,0
516,Point,45,56,566450,138350,699-48-77C,263.880594,1,299-W11-50,1674.912178,0,0,0,0,0,0,0,0,0,0,0,0,0,0,0,0,0,0,0
517,Point,45,57,566550,138350,699-48-77C,275.394567,1,299-W11-50,1646.838426,0,0,0,0,0,0,0,0,0,0,0,0,0,0,0,0,0,0,0
518,Point,45,58,566650,138350,699-48-77C,319.454798,1,299-W11-50,1624.445383,0,0,0,0,0,0,0,0,0,0,0,0,0,0,0,0,0,0,0
519,Point,45,59,566750,138350,699-48-77C,385.046189,1,699-40-70A,1558.479465,0,0,0,0,0,0,0,0,0,0,0,0,0,0,0,0,0,0,0
520,Point,45,60,566850,138350,699-48-77C,463.108808,2,699-40-70A,1480.367401,0,0,0,0,0,0,0,0,0,0,0,0,0,0,0,0,0,0,0
521,Point,45,61,566950,138350,699-50-74,505.722575,2,699-40-70A,1405.032755,0,0,0,0,0,0,0,0,0,0,0,0,0,0,0,0,0,0,0
522,Point,45,62,567050,138350,699-50-74,428.778875,2,699-40-70A,1332.946526,0,0,0,0,0,0,0,0,0,0,0,0,0,0,0,0,0,0,0
523,Point,45,63,567150,138350,699-50-74,363.245541,1,699-40-70A,1264.66432,0,0,0,0,0,0,0,0,0,0,0,0,0,0,0,0,0,0,0
524,Point,45,64,567250,138350,699-50-74,316.296259,1,699-40-70A,1200.835227,0,0,0,0,0,0,0,0,0,0,0,0,0,0,0,0,0,0,0
525,Point,45,65,567350,138350,699-50-74,296.882676,1,699-40-70A,1142.206042,0,0,0,0,0,0,0,0,0,0,0,0,0,0,0,0,0,0,0
526,Point,45,66,567450,138350,699-50-74,310.218187,1,699-40-70A,1089.616465,0,0,0,0,0,0,0,0,0,0,0,0,0,0,0,0,0,0,0
527,Point,45,67,567550,138350,699-50-74,352.606471,1,699-40-70A,1043.979617,0,0,0,0,0,0,0,0,0,0,0,0,0,0,0,0,0,0,0
528,Point,45,68,567650,138350,699-50-74,415.243691,2,699-40-70A,1006.24194,0,0,0,0,0,0,0,0,0,0,0,0,0,0,0,0,0,0,0
529,Point,45,69,567750,138350,699-50-74,490.431772,2,699-40-70A,977.318905,0,0,0,0,0,0,0,0,0,0,0,0,0,0,0,0,0,0,0
530,Point,45,70,567850,138350,699-50-74,573.25328,2,699-40-70A,958.009207,0,0,0,0,0,0,0,0,0,0,0,0,0,0,0,0,0,0,0
531,Point,45,71,567950,138350,699-48-71,526.927176,2,699-40-70A,948.899911,0,0,0,0,0,0,0,0,0,0,0,0,0,0,0,0,0,0,0
532,Point,45,72,568050,138350,699-48-71,447.291235,2,699-40-70A,950.2844,0,0,0,0,0,0,0,0,0,0,0,0,0,0,0,0,0,0,0
533,Point,45,73,568150,138350,699-48-71,377.474037,1,699-40-70A,962.117374,0,0,0,0,0,0,0,0,0,0,0,0,0,0,0,0,0,0,0
534,Point,45,74,568250,138350,699-48-71,323.888637,1,699-40-70A,984.021972,0,0,0,0,0,0,0,0,0,0,0,0,0,0,0,0,0,0,0
535,Point,45,75,568350,138350,699-48-71,295.501352,1,699-40-70A,1015.346562,0,0,0,0,0,0,0,0,0,0,0,0,0,0,0,0,0,0,0
536,Point,45,76,568450,138350,699-48-71,299.56343,1,299-W5-1,1035.796185,0,0,0,0,0,0,0,0,0,0,0,0,0,0,0,0,0,0,0
537,Point,45,77,568550,138350,699-48-71,334.896176,1,299-W5-1,1052.106334,0,0,0,0,0,0,0,0,0,0,0,0,0,0,0,0,0,0,0
538,Point,45,78,568650,138350,699-48-71,393.157283,1,299-W5-1,1077.488625,0,0,0,0,0,0,0,0,0,0,0,0,0,0,0,0,0,0,0
539,Point,45,79,568750,138350,699-48-71,465.821692,2,299-W5-1,1111.321617,0,0,0,0,0,0,0,0,0,0,0,0,0,0,0,0,0,0,0
540,Point,45,80,568850,138350,699-48-71,547.181002,2,299-W5-1,1152.861543,0,0,0,0,0,0,0,0,0,0,0,0,0,0,0,0,0,0,0
541,Point,45,81,568950,138350,699-48-71,633.896087,3,299-W5-1,1201.309176,0,0,0,0,0,0,0,0,0,0,0,0,0,0,0,0,0,0,0
542,Point,45,82,569050,138350,699-48-71,724.045198,3,299-W5-1,1255.865334,0,0,0,0,0,0,0,0,0,0,0,0,0,0,0,0,0,0,0
543,Point,45,83,569150,138350,699-48-71,816.491671,4,299-W5-1,1315.770397,0,0,0,0,0,0,0,0,0,0,0,0,0,0,0,0,0,0,0
544,Point,45,84,569250,138350,699-46-70,887.259404,4,299-W5-1,1380.328127,0,0,0,0,0,0,0,0,0,0,0,0,0,0,0,0,0,0,0
545,Point,45,85,569350,138350,699-46-70,952.782897,4,299-W5-1,1448.916746,0,0,0,0,0,0,0,0,0,0,0,0,0,0,0,0,0,0,0
546,Point,45,86,569450,138350,699-46-70,1023.895136,4,299-W5-1,1520.991038,0,0,0,0,0,0,0,0,0,0,0,0,0,0,0,0,0,0,0
547,Point,45,87,569550,138350,699-45-65,1048.127359,4,299-W5-1,1596.078863,0,0,0,0,0,0,0,0,0,0,0,0,0,0,0,0,0,0,0
548,Point,45,88,569650,138350,699-45-65,1009.161514,4,299-W5-1,1673.774697,0,0,0,0,0,0,0,0,0,0,0,0,0,0,0,0,0,0,0
549,Point,45,89,569750,138350,699-45-65,978.898851,4,299-W5-1,1753.731946,0,0,0,0,0,0,0,0,0,0,0,0,0,0,0,0,0,0,0
550,Point,45,90,569850,138350,699-45-65,958.16437,4,299-W5-1,1835.655125,0,0,0,0,0,0,0,0,0,0,0,0,0,0,0,0,0,0,0
551,Point,45,91,569950,138350,699-45-65,947.583749,4,299-W5-1,1919.292509,0,0,0,0,0,0,0,0,0,0,0,0,0,0,0,0,0,0,0
552,Point,45,92,570050,138350,699-45-65,947.497209,4,299-W5-1,2004.429529,0,0,0,0,0,0,0,0,0,0,0,0,0,0,0,0,0,0,0
553,Point,45,93,570150,138350,699-51-63,949.769811,4,299-W5-1,2090.883004,0,0,0,0,0,0,0,0,0,0,0,0,0,0,0,0,0,0,0
554,Point,45,94,570250,138350,699-51-63,899.545827,4,299-W5-1,2178.49621,0,0,0,0,0,0,0,0,0,0,0,0,0,0,0,0,0,0,0
555,Point,45,95,570350,138350,699-51-63,858.08082,4,299-W5-1,2267.134698,0,0,0,0,0,0,0,0,0,0,0,0,0,0,0,0,0,0,0
556,Point,45,96,570450,138350,699-51-63,826.693834,4,299-W5-1,2356.682782,0,0,0,0,0,0,0,0,0,0,0,0,0,0,0,0,0,0,0
557,Point,45,97,570550,138350,699-51-63,806.562269,4,299-W5-1,2447.040608,0,0,0,0,0,0,0,0,0,0,0,0,0,0,0,0,0,0,0
558,Point,45,98,570650,138350,699-51-63,798.537848,3,299-W5-1,2538.121695,0,0,0,0,0,0,0,0,0,0,0,0,0,0,0,0,0,0,0
559,Point,45,99,570750,138350,699-51-63,802.98362,4,299-W5-1,2629.850896,0,0,0,0,0,0,0,0,0,0,0,0,0,0,0,0,0,0,0
560,Point,45,100,570850,138350,699-47-60,731.584358,3,299-W5-1,2722.162695,0,0,0,0,0,0,0,0,0,0,0,0,0,0,0,0,0,0,0
561,Point,45,101,570950,138350,699-47-60,648.33608,3,299-W5-1,2814.999776,0,0,0,0,0,0,0,0,0,0,0,0,0,0,0,0,0,0,0
562,Point,45,102,571050,138350,699-47-60,570.494235,2,299-W5-1,2908.311836,0,0,0,0,0,0,0,0,0,0,0,0,0,0,0,0,0,0,0
563,Point,45,103,571150,138350,699-47-60,500.587327,2,299-W5-1,3002.054586,0,0,0,0,0,0,0,0,0,0,0,0,0,0,0,0,0,0,0
564,Point,45,104,571250,138350,699-47-60,442.39312,2,299-W5-1,3096.188905,0,0,0,0,0,0,0,0,0,0,0,0,0,0,0,0,0,0,0
565,Point,45,105,571350,138350,699-47-60,401.04323,2,299-W5-1,3190.680137,0,0,0,0,0,0,0,0,0,0,0,0,0,0,0,0,0,0,0
566,Point,45,106,571450,138350,699-47-60,382.046689,1,299-W5-1,3285.497487,0,0,0,0,0,0,0,0,0,0,0,0,0,0,0,0,0,0,0
567,Point,45,107,571550,138350,699-47-60,388.694832,1,299-W5-1,3380.613515,0,0,0,0,0,0,0,0,0,0,0,0,0,0,0,0,0,0,0
568,Point,45,108,571650,138350,699-47-60,419.770976,2,299-W5-1,3476.003702,0,0,0,0,0,0,0,0,0,0,0,0,0,0,0,0,0,0,0
569,Point,45,109,571750,138350,699-47-60,470.459002,2,299-W5-1,3571.646082,0,0,0,0,0,0,0,0,0,0,0,0,0,0,0,0,0,0,0
570,Point,45,110,571850,138350,699-47-60,535.215538,2,299-W5-1,3667.520925,0,0,0,0,0,0,0,0,0,0,0,0,0,0,0,0,0,0,0
571,Point,45,111,571950,138350,699-47-60,609.573353,3,299-W5-1,3763.610466,0,0,0,0,0,0,0,0,0,0,0,0,0,0,0,0,0,0,0
572,Point,45,112,572050,138350,699-47-60,690.437305,3,299-W5-1,3859.898669,0,0,0,0,0,0,0,0,0,0,0,0,0,0,0,0,0,0,0
573,Point,45,113,572150,138350,699-47-60,775.77553,3,299-W5-1,3956.371031,0,0,0,0,0,0,0,0,0,0,0,0,0,0,0,0,0,0,0
574,Point,46,32,564050,138250,699-49-79,1721.25243,4,299-W11-92,3253.912744,0,0,0,0,0,0,0,0,0,0,0,0,0,0,0,0,0,0,0
575,Point,46,33,564150,138250,699-49-79,1621.260414,4,299-W11-92,3173.228033,0,0,0,0,0,0,0,0,0,0,0,0,0,0,0,0,0,0,0
576,Point,46,34,564250,138250,699-49-79,1521.269446,4,299-W11-92,3093.671629,0,0,0,0,0,0,0,0,0,0,0,0,0,0,0,0,0,0,0
577,Point,46,35,564350,138250,699-49-79,1421.27975,4,299-W11-50,3012.472872,0,0,0,0,0,0,0,0,0,0,0,0,0,0,0,0,0,0,0
578,Point,46,36,564450,138250,699-49-79,1321.291614,4,299-W11-50,2926.044908,0,0,0,0,0,0,0,0,0,0,0,0,0,0,0,0,0,0,0
579,Point,46,37,564550,138250,699-49-79,1221.30542,4,299-W11-50,2840.507842,0,0,0,0,0,0,0,0,0,0,0,0,0,0,0,0,0,0,0
580,Point,46,38,564650,138250,699-49-79,1121.321688,4,299-W11-50,2755.94463,0,0,0,0,0,0,0,0,0,0,0,0,0,0,0,0,0,0,0
581,Point,46,39,564750,138250,699-49-79,1021.341142,4,299-W11-50,2672.447717,0,0,0,0,0,0,0,0,0,0,0,0,0,0,0,0,0,0,0
582,Point,46,40,564850,138250,699-49-79,921.364819,4,299-W11-50,2590.120229,0,0,0,0,0,0,0,0,0,0,0,0,0,0,0,0,0,0,0
583,Point,46,41,564950,138250,699-49-79,821.394259,4,299-W11-50,2509.077281,0,0,0,0,0,0,0,0,0,0,0,0,0,0,0,0,0,0,0
584,Point,46,42,565050,138250,699-49-79,721.43186,3,299-W11-50,2429.447427,0,0,0,0,0,0,0,0,0,0,0,0,0,0,0,0,0,0,0
585,Point,46,43,565150,138250,699-49-79,621.481559,3,299-W11-50,2351.374237,0,0,0,0,0,0,0,0,0,0,0,0,0,0,0,0,0,0,0
586,Point,46,44,565250,138250,699-49-79,521.550313,2,299-W11-50,2275.017979,0,0,0,0,0,0,0,0,0,0,0,0,0,0,0,0,0,0,0
587,Point,46,45,565350,138250,699-49-79,421.651668,2,299-W11-50,2200.557385,0,0,0,0,0,0,0,0,0,0,0,0,0,0,0,0,0,0,0
588,Point,46,46,565450,138250,699-49-79,321.815986,1,299-W11-50,2128.191439,0,0,0,0,0,0,0,0,0,0,0,0,0,0,0,0,0,0,0
589,Point,46,47,565550,138250,699-49-79,222.128181,1,299-W11-50,2058.141104,0,0,0,0,0,0,0,0,0,0,0,0,0,0,0,0,0,0,0
590,Point,46,48,565650,138250,699-49-79,122.94848,0,299-W11-50,1990.650849,0,0,0,0,0,0,0,0,0,0,0,0,0,0,0,0,0,0,0
591,Point,46,49,565750,138250,699-49-79,29.861828,0,299-W11-50,1925.989824,0,0,0,0,0,0,0,0,0,0,0,0,0,0,0,0,0,0,0
592,Point,46,50,565850,138250,699-49-79,81.652488,0,299-W11-50,1864.452414,0,0,0,0,0,0,0,0,0,0,0,0,0,0,0,0,0,0,0
593,Point,46,51,565950,138250,699-49-79,180.118097,0,299-W11-50,1806.357883,0,0,0,0,0,0,0,0,0,0,0,0,0,0,0,0,0,0,0
594,Point,46,52,566050,138250,699-49-79,279.674684,1,299-W11-50,1752.048744,0,0,0,0,0,0,0,0,0,0,0,0,0,0,0,0,0,0,0
595,Point,46,53,566150,138250,699-48-77C,358.281409,1,299-W11-50,1701.887424,0,0,0,0,0,0,0,0,0,0,0,0,0,0,0,0,0,0,0
596,Point,46,54,566250,138250,699-48-77C,273.083811,1,299-W11-50,1656.250827,0,0,0,0,0,0,0,0,0,0,0,0,0,0,0,0,0,0,0
597,Point,46,55,566350,138250,699-48-77C,201.950409,1,299-W11-50,1615.522455,0,0,0,0,0,0,0,0,0,0,0,0,0,0,0,0,0,0,0
598,Point,46,56,566450,138250,699-48-77C,164.295976,0,299-W11-50,1580.081897,0,0,0,0,0,0,0,0,0,0,0,0,0,0,0,0,0,0,0
599,Point,46,57,566550,138250,699-48-77C,182.215169,0,299-W11-50,1550.291844,0,0,0,0,0,0,0,0,0,0,0,0,0,0,0,0,0,0,0
600,Point,46,58,566650,138250,699-48-77C,243.744882,1,299-W11-50,1526.483148,0,0,0,0,0,0,0,0,0,0,0,0,0,0,0,0,0,0,0
601,Point,46,59,566750,138250,699-48-77C,324.993489,1,699-40-70A,1499.740458,0,0,0,0,0,0,0,0,0,0,0,0,0,0,0,0,0,0,0
602,Point,46,60,566850,138250,699-48-77C,414.523784,2,699-40-70A,1418.397279,0,0,0,0,0,0,0,0,0,0,0,0,0,0,0,0,0,0,0
603,Point,46,61,566950,138250,699-48-77C,507.975558,2,699-40-70A,1339.582114,0,0,0,0,0,0,0,0,0,0,0,0,0,0,0,0,0,0,0
604,Point,46,62,567050,138250,699-50-74,503.187165,2,699-40-70A,1263.768033,0,0,0,0,0,0,0,0,0,0,0,0,0,0,0,0,0,0,0
605,Point,46,63,567150,138250,699-50-74,448.657245,2,699-40-70A,1191.528028,0,0,0,0,0,0,0,0,0,0,0,0,0,0,0,0,0,0,0
606,Point,46,64,567250,138250,699-50-74,411.569342,2,699-40-70A,1123.551708,0,0,0,0,0,0,0,0,0,0,0,0,0,0,0,0,0,0,0
607,Point,46,65,567350,138250,699-50-74,396.844205,1,699-40-70A,1060.659154,0,0,0,0,0,0,0,0,0,0,0,0,0,0,0,0,0,0,0
608,Point,46,66,567450,138250,699-50-74,406.916851,2,699-40-70A,1003.806376,0,0,0,0,0,0,0,0,0,0,0,0,0,0,0,0,0,0,0
609,Point,46,67,567550,138250,699-50-74,440.087859,2,699-40-70A,954.073709,0,0,0,0,0,0,0,0,0,0,0,0,0,0,0,0,0,0,0
610,Point,46,68,567650,138250,699-50-74,491.704508,2,699-40-70A,912.625904,0,0,0,0,0,0,0,0,0,0,0,0,0,0,0,0,0,0,0
611,Point,46,69,567750,138250,699-50-74,556.659073,2,699-40-70A,880.633546,0,0,0,0,0,0,0,0,0,0,0,0,0,0,0,0,0,0,0
612,Point,46,70,567850,138250,699-48-71,571.509623,2,699-40-70A,859.153561,0,0,0,0,0,0,0,0,0,0,0,0,0,0,0,0,0,0,0
613,Point,46,71,567950,138250,699-48-71,478.581706,2,699-40-70A,848.984241,0,0,0,0,0,0,0,0,0,0,0,0,0,0,0,0,0,0,0
614,Point,46,72,568050,138250,699-48-71,389.175602,1,699-40-70A,850.531388,0,0,0,0,0,0,0,0,0,0,0,0,0,0,0,0,0,0,0
615,Point,46,73,568150,138250,699-48-71,306.390027,1,699-40-70A,863.732043,0,0,0,0,0,0,0,0,0,0,0,0,0,0,0,0,0,0,0
616,Point,46,74,568250,138250,699-48-71,237.259455,1,699-40-70A,888.066688,0,0,0,0,0,0,0,0,0,0,0,0,0,0,0,0,0,0,0
617,Point,46,75,568350,138250,699-48-71,196.746662,0,699-40-70A,922.654779,0,0,0,0,0,0,0,0,0,0,0,0,0,0,0,0,0,0,0
618,Point,46,76,568450,138250,699-48-71,202.79657,1,299-W5-1,936.544573,0,0,0,0,0,0,0,0,0,0,0,0,0,0,0,0,0,0,0
619,Point,46,77,568550,138250,699-48-71,252.078656,1,299-W5-1,954.552113,0,0,0,0,0,0,0,0,0,0,0,0,0,0,0,0,0,0,0
620,Point,46,78,568650,138250,699-48-71,325.516281,1,299-W5-1,982.458008,0,0,0,0,0,0,0,0,0,0,0,0,0,0,0,0,0,0,0
621,Point,46,79,568750,138250,699-48-71,410.338944,2,299-W5-1,1019.449723,0,0,0,0,0,0,0,0,0,0,0,0,0,0,0,0,0,0,0
622,Point,46,80,568850,138250,699-48-71,500.794617,2,299-W5-1,1064.580545,0,0,0,0,0,0,0,0,0,0,0,0,0,0,0,0,0,0,0
623,Point,46,81,568950,138250,699-48-71,594.316792,2,299-W5-1,1116.864243,0,0,0,0,0,0,0,0,0,0,0,0,0,0,0,0,0,0,0
624,Point,46,82,569050,138250,699-48-71,689.659082,3,299-W5-1,1175.346645,0,0,0,0,0,0,0,0,0,0,0,0,0,0,0,0,0,0,0
625,Point,46,83,569150,138250,699-46-70,746.905114,3,299-W5-1,1239.150409,0,0,0,0,0,0,0,0,0,0,0,0,0,0,0,0,0,0,0
626,Point,46,84,569250,138250,699-46-70,811.438999,4,299-W5-1,1307.496745,0,0,0,0,0,0,0,0,0,0,0,0,0,0,0,0,0,0,0
627,Point,46,85,569350,138250,699-46-70,882.609341,4,299-W5-1,1379.710744,0,0,0,0,0,0,0,0,0,0,0,0,0,0,0,0,0,0,0
628,Point,46,86,569450,138250,699-46-70,958.939648,4,299-W5-1,1455.216732,0,0,0,0,0,0,0,0,0,0,0,0,0,0,0,0,0,0,0
629,Point,46,87,569550,138250,699-45-65,958.815395,4,299-W5-1,1533.528525,0,0,0,0,0,0,0,0,0,0,0,0,0,0,0,0,0,0,0
630,Point,46,88,569650,138250,699-45-65,916.058383,4,299-W5-1,1614.237819,0,0,0,0,0,0,0,0,0,0,0,0,0,0,0,0,0,0,0
631,Point,46,89,569750,138250,699-45-65,882.609178,4,299-W5-1,1697.002574,0,0,0,0,0,0,0,0,0,0,0,0,0,0,0,0,0,0,0
632,Point,46,90,569850,138250,699-45-65,859.555095,4,299-W5-1,1781.536342,0,0,0,0,0,0,0,0,0,0,0,0,0,0,0,0,0,0,0
633,Point,46,91,569950,138250,699-45-65,847.744632,4,299-W5-1,1867.598923,0,0,0,0,0,0,0,0,0,0,0,0,0,0,0,0,0,0,0
634,Point,46,92,570050,138250,699-45-65,847.647899,4,299-W5-1,1954.988424,0,0,0,0,0,0,0,0,0,0,0,0,0,0,0,0,0,0,0
635,Point,46,93,570150,138250,699-45-65,859.268852,4,299-W5-1,2043.534618,0,0,0,0,0,0,0,0,0,0,0,0,0,0,0,0,0,0,0
636,Point,46,94,570250,138250,699-45-65,882.144524,4,299-W5-1,2133.093467,0,0,0,0,0,0,0,0,0,0,0,0,0,0,0,0,0,0,0
637,Point,46,95,570350,138250,699-45-65,915.431571,4,299-W5-1,2223.54261,0,0,0,0,0,0,0,0,0,0,0,0,0,0,0,0,0,0,0
638,Point,46,96,570450,138250,699-51-63,923.636451,4,299-W5-1,2314.777686,0,0,0,0,0,0,0,0,0,0,0,0,0,0,0,0,0,0,0
639,Point,46,97,570550,138250,699-51-63,905.662351,4,299-W5-1,2406.709317,0,0,0,0,0,0,0,0,0,0,0,0,0,0,0,0,0,0,0
640,Point,46,98,570650,138250,699-47-60,871.041946,4,299-W5-1,2499.260638,0,0,0,0,0,0,0,0,0,0,0,0,0,0,0,0,0,0,0
641,Point,46,99,570750,138250,699-47-60,777.070185,3,299-W5-1,2592.365278,0,0,0,0,0,0,0,0,0,0,0,0,0,0,0,0,0,0,0
642,Point,46,100,570850,138250,699-47-60,684.808055,3,299-W5-1,2685.965699,0,0,0,0,0,0,0,0,0,0,0,0,0,0,0,0,0,0,0
643,Point,46,101,570950,138250,699-47-60,595.051319,2,299-W5-1,2780.011823,0,0,0,0,0,0,0,0,0,0,0,0,0,0,0,0,0,0,0
644,Point,46,102,571050,138250,699-47-60,509.126774,2,299-W5-1,2874.459904,0,0,0,0,0,0,0,0,0,0,0,0,0,0,0,0,0,0,0
645,Point,46,103,571150,138250,699-47-60,429.34144,2,299-W5-1,2969.271584,0,0,0,0,0,0,0,0,0,0,0,0,0,0,0,0,0,0,0
646,Point,46,104,571250,138250,699-47-60,359.802824,1,299-W5-1,3064.413115,0,0,0,0,0,0,0,0,0,0,0,0,0,0,0,0,0,0,0
647,Point,46,105,571350,138250,699-47-60,307.541984,1,299-W5-1,3159.854702,0,0,0,0,0,0,0,0,0,0,0,0,0,0,0,0,0,0,0
648,Point,46,106,571450,138250,699-47-60,282.322639,1,299-W5-1,3255.569956,0,0,0,0,0,0,0,0,0,0,0,0,0,0,0,0,0,0,0
649,Point,46,107,571550,138250,699-47-60,291.256025,1,299-W5-1,3351.53543,0,0,0,0,0,0,0,0,0,0,0,0,0,0,0,0,0,0,0
650,Point,46,108,571650,138250,699-47-60,331.593233,1,299-W5-1,3447.73023,0,0,0,0,0,0,0,0,0,0,0,0,0,0,0,0,0,0,0
651,Point,46,109,571750,138250,699-47-60,393.799533,1,299-W5-1,3544.135683,0,0,0,0,0,0,0,0,0,0,0,0,0,0,0,0,0,0,0
652,Point,46,110,571850,138250,699-47-60,469.256936,2,299-W5-1,3640.735054,0,0,0,0,0,0,0,0,0,0,0,0,0,0,0,0,0,0,0
653,Point,46,111,571950,138250,699-47-60,552.563184,2,299-W5-1,3737.513309,0,0,0,0,0,0,0,0,0,0,0,0,0,0,0,0,0,0,0
654,Point,46,112,572050,138250,699-47-60,640.663775,3,299-W5-1,3834.456902,0,0,0,0,0,0,0,0,0,0,0,0,0,0,0,0,0,0,0
655,Point,46,113,572150,138250,699-47-60,731.829264,3,299-W5-1,3931.553603,0,0,0,0,0,0,0,0,0,0,0,0,0,0,0,0,0,0,0
656,Point,47,32,564050,138150,699-49-79,1725.378662,4,299-W11-92,3196.608226,0,0,0,0,0,0,0,0,0,0,0,0,0,0,0,0,0,0,0
657,Point,47,33,564150,138150,699-49-79,1625.640467,4,299-W11-92,3114.439299,0,0,0,0,0,0,0,0,0,0,0,0,0,0,0,0,0,0,0
658,Point,47,34,564250,138150,699-49-79,1525.936542,4,299-W11-92,3033.341416,0,0,0,0,0,0,0,0,0,0,0,0,0,0,0,0,0,0,0
659,Point,47,35,564350,138150,699-49-79,1426.274072,4,299-W11-92,2953.402808,0,0,0,0,0,0,0,0,0,0,0,0,0,0,0,0,0,0,0
660,Point,47,36,564450,138150,699-49-79,1326.662402,4,299-W11-92,2874.720186,0,0,0,0,0,0,0,0,0,0,0,0,0,0,0,0,0,0,0
661,Point,47,37,564550,138150,699-49-79,1227.113902,4,299-W11-50,2789.231579,0,0,0,0,0,0,0,0,0,0,0,0,0,0,0,0,0,0,0
662,Point,47,38,564650,138150,699-49-79,1127.645303,4,299-W11-50,2703.064706,0,0,0,0,0,0,0,0,0,0,0,0,0,0,0,0,0,0,0
663,Point,47,39,564750,138150,699-49-79,1028.279791,4,299-W11-50,2617.88174,0,0,0,0,0,0,0,0,0,0,0,0,0,0,0,0,0,0,0
664,Point,47,40,564850,138150,699-49-79,929.050445,4,299-W11-50,2533.781917,0,0,0,0,0,0,0,0,0,0,0,0,0,0,0,0,0,0,0
665,Point,47,41,564950,138150,699-49-79,830.006102,4,299-W11-50,2450.876742,0,0,0,0,0,0,0,0,0,0,0,0,0,0,0,0,0,0,0
666,Point,47,42,565050,138150,699-49-79,731.221942,3,299-W11-50,2369.291625,0,0,0,0,0,0,0,0,0,0,0,0,0,0,0,0,0,0,0
667,Point,47,43,565150,138150,699-49-79,632.819823,3,299-W11-50,2289.16771,0,0,0,0,0,0,0,0,0,0,0,0,0,0,0,0,0,0,0
668,Point,47,44,565250,138150,699-49-79,535.010588,2,299-W11-50,2210.663883,0,0,0,0,0,0,0,0,0,0,0,0,0,0,0,0,0,0,0
669,Point,47,45,565350,138150,699-49-79,438.191429,2,299-W11-50,2133.958951,0,0,0,0,0,0,0,0,0,0,0,0,0,0,0,0,0,0,0
670,Point,47,46,565450,138150,699-49-79,343.201295,1,299-W11-50,2059.253943,0,0,0,0,0,0,0,0,0,0,0,0,0,0,0,0,0,0,0
671,Point,47,47,565550,138150,699-49-79,252.116102,1,299-W11-50,1986.774472,0,0,0,0,0,0,0,0,0,0,0,0,0,0,0,0,0,0,0
672,Point,47,48,565650,138150,699-49-79,171.283183,0,299-W11-50,1916.773018,0,0,0,0,0,0,0,0,0,0,0,0,0,0,0,0,0,0,0
673,Point,47,49,565750,138150,699-49-79,122.936279,0,299-W11-50,1849.530968,0,0,0,0,0,0,0,0,0,0,0,0,0,0,0,0,0,0,0
674,Point,47,50,565850,138150,699-49-79,144.529335,0,299-W11-50,1785.360132,0,0,0,0,0,0,0,0,0,0,0,0,0,0,0,0,0,0,0
675,Point,47,51,565950,138150,699-49-79,216.018816,1,299-W11-50,1724.603375,0,0,0,0,0,0,0,0,0,0,0,0,0,0,0,0,0,0,0
676,Point,47,52,566050,138150,699-49-79,304.038696,1,299-W11-50,1667.633893,0,0,0,0,0,0,0,0,0,0,0,0,0,0,0,0,0,0,0
677,Point,47,53,566150,138150,699-48-77C,325.15499,1,299-W11-50,1614.852564,0,0,0,0,0,0,0,0,0,0,0,0,0,0,0,0,0,0,0
678,Point,47,54,566250,138150,699-48-77C,227.892448,1,299-W11-50,1566.682738,0,0,0,0,0,0,0,0,0,0,0,0,0,0,0,0,0,0,0
679,Point,47,55,566350,138150,699-48-77C,134.700288,0,299-W11-50,1523.56188,0,0,0,0,0,0,0,0,0,0,0,0,0,0,0,0,0,0,0
680,Point,47,56,566450,138150,699-48-77C,65.980055,0,299-W11-50,1485.929609,0,0,0,0,0,0,0,0,0,0,0,0,0,0,0,0,0,0,0
681,Point,47,57,566550,138150,699-48-77C,102.774353,0,299-W11-50,1454.21209,0,0,0,0,0,0,0,0,0,0,0,0,0,0,0,0,0,0,0
682,Point,47,58,566650,138150,699-48-77C,191.759661,0,299-W11-50,1428.803276,0,0,0,0,0,0,0,0,0,0,0,0,0,0,0,0,0,0,0
683,Point,47,59,566750,138150,699-48-77C,288.064173,1,299-W11-50,1410.044256,0,0,0,0,0,0,0,0,0,0,0,0,0,0,0,0,0,0,0
684,Point,47,60,566850,138150,699-48-77C,386.251431,1,699-40-70A,1360.960705,0,0,0,0,0,0,0,0,0,0,0,0,0,0,0,0,0,0,0
685,Point,47,61,566950,138150,699-48-77C,485.179727,2,699-40-70A,1278.609965,0,0,0,0,0,0,0,0,0,0,0,0,0,0,0,0,0,0,0
686,Point,47,62,567050,138150,299-W6-6,577.60577,2,699-40-70A,1198.946555,0,0,0,0,0,0,0,0,0,0,0,0,0,0,0,0,0,0,0
687,Point,47,63,567150,138150,299-W6-6,538.405448,2,699-40-70A,1122.542757,0,0,0,0,0,0,0,0,0,0,0,0,0,0,0,0,0,0,0
688,Point,47,64,567250,138150,699-50-74,508.660322,2,699-40-70A,1050.1103,0,0,0,0,0,0,0,0,0,0,0,0,0,0,0,0,0,0,0
689,Point,47,65,567350,138150,699-50-74,496.821219,2,699-40-70A,982.527883,0,0,0,0,0,0,0,0,0,0,0,0,0,0,0,0,0,0,0
690,Point,47,66,567450,138150,699-50-74,504.903281,2,699-40-70A,920.863965,0,0,0,0,0,0,0,0,0,0,0,0,0,0,0,0,0,0,0
691,Point,47,67,567550,138150,699-50-74,531.999364,2,699-40-70A,866.383196,0,0,0,0,0,0,0,0,0,0,0,0,0,0,0,0,0,0,0
692,Point,47,68,567650,138150,699-50-74,575.429686,2,699-40-70A,820.517667,0,0,0,0,0,0,0,0,0,0,0,0,0,0,0,0,0,0,0
693,Point,47,69,567750,138150,699-50-74,631.834886,3,699-40-70A,784.779358,0,0,0,0,0,0,0,0,0,0,0,0,0,0,0,0,0,0,0
694,Point,47,70,567850,138150,699-48-71,545.904249,2,699-40-70A,760.597161,0,0,0,0,0,0,0,0,0,0,0,0,0,0,0,0,0,0,0
695,Point,47,71,567950,138150,699-48-71,447.692583,2,699-40-70A,749.091077,0,0,0,0,0,0,0,0,0,0,0,0,0,0,0,0,0,0,0
696,Point,47,72,568050,138150,699-48-71,350.493722,1,699-40-70A,750.844086,0,0,0,0,0,0,0,0,0,0,0,0,0,0,0,0,0,0,0
697,Point,47,73,568150,138150,699-48-71,255.466336,1,699-40-70A,765.765135,0,0,0,0,0,0,0,0,0,0,0,0,0,0,0,0,0,0,0
698,Point,47,74,568250,138150,699-48-71,166.373823,0,699-40-70A,793.111368,0,0,0,0,0,0,0,0,0,0,0,0,0,0,0,0,0,0,0
699,Point,47,75,568350,138150,699-48-71,100.486063,0,299-W5-1,829.037838,0,0,0,0,0,0,0,0,0,0,0,0,0,0,0,0,0,0,0
700,Point,47,76,568450,138150,699-48-71,111.868891,0,299-W5-1,837.471037,0,0,0,0,0,0,0,0,0,0,0,0,0,0,0,0,0,0,0
701,Point,47,77,568550,138150,699-48-71,186.900639,0,299-W5-1,857.561506,0,0,0,0,0,0,0,0,0,0,0,0,0,0,0,0,0,0,0
702,Point,47,78,568650,138150,699-48-71,278.11697,1,299-W5-1,888.518844,0,0,0,0,0,0,0,0,0,0,0,0,0,0,0,0,0,0,0
703,Point,47,79,568750,138150,699-48-71,373.853245,1,299-W5-1,929.257627,0,0,0,0,0,0,0,0,0,0,0,0,0,0,0,0,0,0,0
704,Point,47,80,568850,138150,699-48-71,471.363394,2,299-W5-1,978.556967,0,0,0,0,0,0,0,0,0,0,0,0,0,0,0,0,0,0,0
705,Point,47,81,568950,138150,699-46-70,554.922742,2,299-W5-1,1035.194541,0,0,0,0,0,0,0,0,0,0,0,0,0,0,0,0,0,0,0
706,Point,47,82,569050,138150,699-46-70,607.046332,3,299-W5-1,1098.035399,0,0,0,0,0,0,0,0,0,0,0,0,0,0,0,0,0,0,0
707,Point,47,83,569150,138150,699-46-70,670.127786,3,299-W5-1,1166.077072,0,0,0,0,0,0,0,0,0,0,0,0,0,0,0,0,0,0,0
708,Point,47,84,569250,138150,699-46-70,741.375242,3,299-W5-1,1238.462651,0,0,0,0,0,0,0,0,0,0,0,0,0,0,0,0,0,0,0
709,Point,47,85,569350,138150,699-46-70,818.659422,4,299-W5-1,1314.4747,0,0,0,0,0,0,0,0,0,0,0,0,0,0,0,0,0,0,0
710,Point,47,86,569450,138150,699-46-70,900.427259,4,299-W5-1,1393.519909,0,0,0,0,0,0,0,0,0,0,0,0,0,0,0,0,0,0,0
711,Point,47,87,569550,138150,699-45-65,871.827369,4,299-W5-1,1475.110754,0,0,0,0,0,0,0,0,0,0,0,0,0,0,0,0,0,0,0
712,Point,47,88,569650,138150,699-45-65,824.571986,4,299-W5-1,1558.847567,0,0,0,0,0,0,0,0,0,0,0,0,0,0,0,0,0,0,0
713,Point,47,89,569750,138150,699-45-65,787.245172,3,299-W5-1,1644.402547,0,0,0,0,0,0,0,0,0,0,0,0,0,0,0,0,0,0,0
714,Point,47,90,569850,138150,699-45-65,761.308716,3,299-W5-1,1731.506205,0,0,0,0,0,0,0,0,0,0,0,0,0,0,0,0,0,0,0
715,Point,47,91,569950,138150,699-45-65,747.948501,3,299-W5-1,1819.93619,0,0,0,0,0,0,0,0,0,0,0,0,0,0,0,0,0,0,0
716,Point,47,92,570050,138150,699-45-65,747.83886,3,299-W5-1,1909.508245,0,0,0,0,0,0,0,0,0,0,0,0,0,0,0,0,0,0,0
717,Point,47,93,570150,138150,699-45-65,760.985519,3,299-W5-1,2000.068933,0,0,0,0,0,0,0,0,0,0,0,0,0,0,0,0,0,0,0
718,Point,47,94,570250,138150,699-45-65,786.724196,3,299-W5-1,2091.489837,0,0,0,0,0,0,0,0,0,0,0,0,0,0,0,0,0,0,0
719,Point,47,95,570350,138150,699-45-65,823.875574,4,299-W5-1,2183.662917,0,0,0,0,0,0,0,0,0,0,0,0,0,0,0,0,0,0,0
720,Point,47,96,570450,138150,699-45-65,870.980459,4,299-W5-1,2276.496812,0,0,0,0,0,0,0,0,0,0,0,0,0,0,0,0,0,0,0
721,Point,47,97,570550,138150,699-45-65,926.52197,4,299-W5-1,2369.913867,0,0,0,0,0,0,0,0,0,0,0,0,0,0,0,0,0,0,0
722,Point,47,98,570650,138150,699-47-60,844.073736,4,299-W5-1,2463.84775,0,0,0,0,0,0,0,0,0,0,0,0,0,0,0,0,0,0,0
723,Point,47,99,570750,138150,699-47-60,746.715791,3,299-W5-1,2558.241532,0,0,0,0,0,0,0,0,0,0,0,0,0,0,0,0,0,0,0
724,Point,47,100,570850,138150,699-47-60,650.160343,3,299-W5-1,2653.046124,0,0,0,0,0,0,0,0,0,0,0,0,0,0,0,0,0,0,0
725,Point,47,101,570950,138150,699-47-60,554.826524,2,299-W5-1,2748.219012,0,0,0,0,0,0,0,0,0,0,0,0,0,0,0,0,0,0,0
726,Point,47,102,571050,138150,699-47-60,461.472071,2,299-W5-1,2843.723217,0,0,0,0,0,0,0,0,0,0,0,0,0,0,0,0,0,0,0
727,Point,47,103,571150,138150,699-47-60,371.591809,1,299-W5-1,2939.526448,0,0,0,0,0,0,0,0,0,0,0,0,0,0,0,0,0,0,0
728,Point,47,104,571250,138150,699-47-60,288.451854,1,299-W5-1,3035.600392,0,0,0,0,0,0,0,0,0,0,0,0,0,0,0,0,0,0,0
729,Point,47,105,571350,138150,699-47-60,219.837377,1,299-W5-1,3131.920136,0,0,0,0,0,0,0,0,0,0,0,0,0,0,0,0,0,0,0
730,Point,47,106,571450,138150,699-47-60,182.90017,0,299-W5-1,3228.463681,0,0,0,0,0,0,0,0,0,0,0,0,0,0,0,0,0,0,0
731,Point,47,107,571550,138150,699-47-60,196.408941,0,299-W5-1,3325.211533,0,0,0,0,0,0,0,0,0,0,0,0,0,0,0,0,0,0,0
732,Point,47,108,571650,138150,699-47-60,252.389525,1,299-W5-1,3422.146364,0,0,0,0,0,0,0,0,0,0,0,0,0,0,0,0,0,0,0
733,Point,47,109,571750,138150,699-47-60,329.885544,1,299-W5-1,3519.252724,0,0,0,0,0,0,0,0,0,0,0,0,0,0,0,0,0,0,0
734,Point,47,110,571850,138150,699-47-60,417.071304,2,299-W5-1,3616.516796,0,0,0,0,0,0,0,0,0,0,0,0,0,0,0,0,0,0,0
735,Point,47,111,571950,138150,699-47-60,508.991623,2,299-W5-1,3713.926189,0,0,0,0,0,0,0,0,0,0,0,0,0,0,0,0,0,0,0
736,Point,47,112,572050,138150,699-47-60,603.486928,3,299-W5-1,3811.469761,0,0,0,0,0,0,0,0,0,0,0,0,0,0,0,0,0,0,0
737,Point,47,113,572150,138150,699-47-60,699.514455,3,299-W5-1,3909.137467,0,0,0,0,0,0,0,0,0,0,0,0,0,0,0,0,0,0,0
738,Point,48,32,564050,138050,699-49-79,1735.267452,4,299-W11-92,3141.442367,0,0,0,0,0,0,0,0,0,0,0,0,0,0,0,0,0,0,0
739,Point,48,33,564150,138050,699-49-79,1636.132186,4,299-W11-92,3057.791384,0,0,0,0,0,0,0,0,0,0,0,0,0,0,0,0,0,0,0
740,Point,48,34,564250,138050,699-49-79,1537.108952,4,299-W11-92,2975.149769,0,0,0,0,0,0,0,0,0,0,0,0,0,0,0,0,0,0,0
741,Point,48,35,564350,138050,699-49-79,1438.22089,4,299-W11-92,2893.604007,0,0,0,0,0,0,0,0,0,0,0,0,0,0,0,0,0,0,0
742,Point,48,36,564450,138050,699-49-79,1339.497939,4,299-W11-92,2813.249393,0,0,0,0,0,0,0,0,0,0,0,0,0,0,0,0,0,0,0
743,Point,48,37,564550,138050,699-49-79,1240.979504,4,299-W11-92,2734.190949,0,0,0,0,0,0,0,0,0,0,0,0,0,0,0,0,0,0,0
744,Point,48,38,564650,138050,699-49-79,1142.718482,4,299-W11-50,2652.901582,0,0,0,0,0,0,0,0,0,0,0,0,0,0,0,0,0,0,0
745,Point,48,39,564750,138050,699-49-79,1044.787504,4,299-W11-50,2566.053936,0,0,0,0,0,0,0,0,0,0,0,0,0,0,0,0,0,0,0
746,Point,48,40,564850,138050,699-49-79,947.288936,4,299-W11-50,2480.197331,0,0,0,0,0,0,0,0,0,0,0,0,0,0,0,0,0,0,0
747,Point,48,41,564950,138050,699-49-79,850.371524,4,299-W11-50,2395.438332,0,0,0,0,0,0,0,0,0,0,0,0,0,0,0,0,0,0,0
748,Point,48,42,565050,138050,699-49-79,754.259325,3,299-W11-50,2311.897663,0,0,0,0,0,0,0,0,0,0,0,0,0,0,0,0,0,0,0
749,Point,48,43,565150,138050,699-49-79,659.30458,3,299-W11-50,2229.712269,0,0,0,0,0,0,0,0,0,0,0,0,0,0,0,0,0,0,0
750,Point,48,44,565250,138050,699-49-79,566.090036,2,299-W11-50,2149.037646,0,0,0,0,0,0,0,0,0,0,0,0,0,0,0,0,0,0,0
751,Point,48,45,565350,138050,699-49-79,475.639915,2,299-W11-50,2070.050435,0,0,0,0,0,0,0,0,0,0,0,0,0,0,0,0,0,0,0
752,Point,48,46,565450,138050,699-49-79,389.882968,1,299-W11-50,1992.95128,0,0,0,0,0,0,0,0,0,0,0,0,0,0,0,0,0,0,0
753,Point,48,47,565550,138050,699-49-79,312.704539,1,299-W11-50,1917.967884,0,0,0,0,0,0,0,0,0,0,0,0,0,0,0,0,0,0,0
754,Point,48,48,565650,138050,699-49-79,252.110152,1,299-W11-50,1845.358177,0,0,0,0,0,0,0,0,0,0,0,0,0,0,0,0,0,0,0
755,Point,48,49,565750,138050,699-49-79,222.114675,1,299-W11-50,1775.413417,0,0,0,0,0,0,0,0,0,0,0,0,0,0,0,0,0,0,0
756,Point,48,50,565850,138050,699-49-79,234.755892,1,299-W11-50,1708.460946,0,0,0,0,0,0,0,0,0,0,0,0,0,0,0,0,0,0,0
757,Point,48,51,565950,138050,699-49-79,284.404165,1,299-W11-50,1644.866196,0,0,0,0,0,0,0,0,0,0,0,0,0,0,0,0,0,0,0
758,Point,48,52,566050,138050,699-49-79,355.894828,1,299-W11-50,1585.033376,0,0,0,0,0,0,0,0,0,0,0,0,0,0,0,0,0,0,0
759,Point,48,53,566150,138050,699-48-77C,321.070036,1,299-W11-50,1529.404068,0,0,0,0,0,0,0,0,0,0,0,0,0,0,0,0,0,0,0
760,Point,48,54,566250,138050,699-48-77C,222.025151,1,299-W11-50,1478.452841,0,0,0,0,0,0,0,0,0,0,0,0,0,0,0,0,0,0,0
761,Point,48,55,566350,138050,699-48-77C,124.516536,0,299-W11-50,1432.67889,0,0,0,0,0,0,0,0,0,0,0,0,0,0,0,0,0,0,0
762,Point,48,56,566450,138050,699-48-77C,41.395262,0,299-W11-50,1392.592834,0,0,0,0,0,0,0,0,0,0,0,0,0,0,0,0,0,0,0
763,Point,48,57,566550,138050,699-48-77C,89.00993,0,299-W11-50,1358.698201,0,0,0,0,0,0,0,0,0,0,0,0,0,0,0,0,0,0,0
764,Point,48,58,566650,138050,699-48-77C,184.74839,0,299-W11-50,1331.467913,0,0,0,0,0,0,0,0,0,0,0,0,0,0,0,0,0,0,0
765,Point,48,59,566750,138050,699-48-77C,283.445176,1,299-W11-50,1311.317201,0,0,0,0,0,0,0,0,0,0,0,0,0,0,0,0,0,0,0
766,Point,48,60,566850,138050,699-48-77C,382.818975,1,299-W11-50,1298.575682,0,0,0,0,0,0,0,0,0,0,0,0,0,0,0,0,0,0,0
767,Point,48,61,566950,138050,299-W7-15,451.262153,2,699-40-70A,1222.786425,0,0,0,0,0,0,0,0,0,0,0,0,0,0,0,0,0,0,0
768,Point,48,62,567050,138050,299-W6-6,491.296678,2,699-40-70A,1139.226071,0,0,0,0,0,0,0,0,0,0,0,0,0,0,0,0,0,0,0
769,Point,48,63,567150,138050,299-W6-6,444.549689,2,699-40-70A,1058.520402,0,0,0,0,0,0,0,0,0,0,0,0,0,0,0,0,0,0,0
770,Point,48,64,567250,138050,299-W6-6,416.984923,2,699-40-70A,981.373956,0,0,0,0,0,0,0,0,0,0,0,0,0,0,0,0,0,0,0
771,Point,48,65,567350,138050,299-W6-6,412.466273,2,699-40-70A,908.693701,0,0,0,0,0,0,0,0,0,0,0,0,0,0,0,0,0,0,0
772,Point,48,66,567450,138050,299-W6-6,431.717994,2,699-40-70A,841.637476,0,0,0,0,0,0,0,0,0,0,0,0,0,0,0,0,0,0,0
773,Point,48,67,567550,138050,299-W6-6,471.839407,2,699-40-70A,781.654042,0,0,0,0,0,0,0,0,0,0,0,0,0,0,0,0,0,0,0
774,Point,48,68,567650,138050,299-W6-6,528.095092,2,699-40-70A,730.487811,0,0,0,0,0,0,0,0,0,0,0,0,0,0,0,0,0,0,0
775,Point,48,69,567750,138050,299-W6-17,576.892767,2,699-40-70A,690.102776,0,0,0,0,0,0,0,0,0,0,0,0,0,0,0,0,0,0,0
776,Point,48,70,567850,138050,699-48-71,537.95878,2,699-40-70A,662.473578,0,0,0,0,0,0,0,0,0,0,0,0,0,0,0,0,0,0,0
777,Point,48,71,567950,138050,699-48-71,437.969004,2,699-40-70A,649.230808,0,0,0,0,0,0,0,0,0,0,0,0,0,0,0,0,0,0,0
778,Point,48,72,568050,138050,699-48-71,337.985279,1,699-40-70A,651.252671,0,0,0,0,0,0,0,0,0,0,0,0,0,0,0,0,0,0,0
779,Point,48,73,568150,138050,699-48-71,238.015228,1,699-40-70A,668.400659,0,0,0,0,0,0,0,0,0,0,0,0,0,0,0,0,0,0,0
780,Point,48,74,568250,138050,699-48-71,138.088554,0,699-40-70A,699.563322,0,0,0,0,0,0,0,0,0,0,0,0,0,0,0,0,0,0,0
781,Point,48,75,568350,138050,699-48-71,38.544116,0,299-W5-1,729.071833,0,0,0,0,0,0,0,0,0,0,0,0,0,0,0,0,0,0,0
782,Point,48,76,568450,138050,699-48-71,62.472785,0,299-W5-1,738.647234,0,0,0,0,0,0,0,0,0,0,0,0,0,0,0,0,0,0,0
783,Point,48,77,568550,138050,699-48-71,162.234549,0,299-W5-1,761.349944,0,0,0,0,0,0,0,0,0,0,0,0,0,0,0,0,0,0,0
784,Point,48,78,568650,138050,699-48-71,262.177895,1,299-W5-1,796.057622,0,0,0,0,0,0,0,0,0,0,0,0,0,0,0,0,0,0,0
785,Point,48,79,568750,138050,699-48-71,362.152522,1,299-W5-1,841.285764,0,0,0,0,0,0,0,0,0,0,0,0,0,0,0,0,0,0,0
786,Point,48,80,568850,138050,699-46-70,422.584014,2,299-W5-1,895.441644,0,0,0,0,0,0,0,0,0,0,0,0,0,0,0,0,0,0,0
787,Point,48,81,568950,138050,699-46-70,468.127386,2,299-W5-1,957.010834,0,0,0,0,0,0,0,0,0,0,0,0,0,0,0,0,0,0,0
788,Point,48,82,569050,138050,699-46-70,528.875457,2,299-W5-1,1024.657863,0,0,0,0,0,0,0,0,0,0,0,0,0,0,0,0,0,0,0
789,Point,48,83,569150,138050,699-46-70,600.229331,3,299-W5-1,1097.259193,0,0,0,0,0,0,0,0,0,0,0,0,0,0,0,0,0,0,0
790,Point,48,84,569250,138050,699-46-70,678.852892,3,299-W5-1,1173.895965,0,0,0,0,0,0,0,0,0,0,0,0,0,0,0,0,0,0,0
791,Point,48,85,569350,138050,699-46-70,762.500655,3,299-W5-1,1253.828432,0,0,0,0,0,0,0,0,0,0,0,0,0,0,0,0,0,0,0
792,Point,48,86,569450,138050,699-45-65,849.118932,4,299-W5-1,1336.465389,0,0,0,0,0,0,0,0,0,0,0,0,0,0,0,0,0,0,0
793,Point,48,87,569550,138050,699-45-65,787.933348,3,299-W5-1,1421.335195,0,0,0,0,0,0,0,0,0,0,0,0,0,0,0,0,0,0,0
794,Point,48,88,569650,138050,699-45-65,735.306032,3,299-W5-1,1508.06092,0,0,0,0,0,0,0,0,0,0,0,0,0,0,0,0,0,0,0
795,Point,48,89,569750,138050,699-45-65,693.188979,3,299-W5-1,1596.340107,0,0,0,0,0,0,0,0,0,0,0,0,0,0,0,0,0,0,0
796,Point,48,90,569850,138050,699-45-65,663.586438,3,299-W5-1,1685.928746,0,0,0,0,0,0,0,0,0,0,0,0,0,0,0,0,0,0,0
797,Point,48,91,569950,138050,699-45-65,648.215212,3,299-W5-1,1776.628756,0,0,0,0,0,0,0,0,0,0,0,0,0,0,0,0,0,0,0
798,Point,48,92,570050,138050,699-45-65,648.088698,3,299-W5-1,1868.278281,0,0,0,0,0,0,0,0,0,0,0,0,0,0,0,0,0,0,0
799,Point,48,93,570150,138050,699-45-65,663.215622,3,299-W5-1,1960.744179,0,0,0,0,0,0,0,0,0,0,0,0,0,0,0,0,0,0,0
800,Point,48,94,570250,138050,699-45-65,692.597257,3,299-W5-1,2053.916195,0,0,0,0,0,0,0,0,0,0,0,0,0,0,0,0,0,0,0
801,Point,48,95,570350,138050,699-45-65,734.52499,3,299-W5-1,2147.702432,0,0,0,0,0,0,0,0,0,0,0,0,0,0,0,0,0,0,0
802,Point,48,96,570450,138050,699-45-65,786.996163,3,299-W5-1,2242.025811,0,0,0,0,0,0,0,0,0,0,0,0,0,0,0,0,0,0,0
803,Point,48,97,570550,138050,699-45-65,848.055989,4,299-W5-1,2336.821289,0,0,0,0,0,0,0,0,0,0,0,0,0,0,0,0,0,0,0
804,Point,48,98,570650,138050,699-47-60,828.376045,4,299-W5-1,2432.033663,0,0,0,0,0,0,0,0,0,0,0,0,0,0,0,0,0,0,0
805,Point,48,99,570750,138050,699-47-60,728.924463,3,299-W5-1,2527.615821,0,0,0,0,0,0,0,0,0,0,0,0,0,0,0,0,0,0,0
806,Point,48,100,570850,138050,699-47-60,629.646625,3,299-W5-1,2623.527346,0,0,0,0,0,0,0,0,0,0,0,0,0,0,0,0,0,0,0
807,Point,48,101,570950,138050,699-47-60,530.640059,2,299-W5-1,2719.733394,0,0,0,0,0,0,0,0,0,0,0,0,0,0,0,0,0,0,0
808,Point,48,102,571050,138050,699-47-60,432.091278,2,299-W5-1,2816.203781,0,0,0,0,0,0,0,0,0,0,0,0,0,0,0,0,0,0,0
809,Point,48,103,571150,138050,699-47-60,334.405251,1,299-W5-1,2912.912243,0,0,0,0,0,0,0,0,0,0,0,0,0,0,0,0,0,0,0
810,Point,48,104,571250,138050,699-47-60,238.643819,1,299-W5-1,3009.835832,0,0,0,0,0,0,0,0,0,0,0,0,0,0,0,0,0,0,0
811,Point,48,105,571350,138050,699-47-60,148.57615,0,299-W5-1,3106.954415,0,0,0,0,0,0,0,0,0,0,0,0,0,0,0,0,0,0,0
812,Point,48,106,571450,138050,699-47-60,84.846168,0,299-W5-1,3204.250261,0,0,0,0,0,0,0,0,0,0,0,0,0,0,0,0,0,0,0
813,Point,48,107,571550,138050,699-47-60,111.008433,0,299-W5-1,3301.7077,0,0,0,0,0,0,0,0,0,0,0,0,0,0,0,0,0,0,0
814,Point,48,108,571650,138050,699-47-60,193.511943,0,299-W5-1,3399.312833,0,0,0,0,0,0,0,0,0,0,0,0,0,0,0,0,0,0,0
815,Point,48,109,571750,138050,699-47-60,287.351479,1,299-W5-1,3497.053293,0,0,0,0,0,0,0,0,0,0,0,0,0,0,0,0,0,0,0
816,Point,48,110,571850,138050,699-47-60,384.310906,1,299-W5-1,3594.918043,0,0,0,0,0,0,0,0,0,0,0,0,0,0,0,0,0,0,0
817,Point,48,111,571950,138050,699-47-60,482.51308,2,299-W5-1,3692.897201,0,0,0,0,0,0,0,0,0,0,0,0,0,0,0,0,0,0,0
818,Point,48,112,572050,138050,699-47-60,581.328541,2,299-W5-1,3790.981896,0,0,0,0,0,0,0,0,0,0,0,0,0,0,0,0,0,0,0
819,Point,48,113,572150,138050,699-47-60,680.490171,3,299-W5-1,3889.164144,0,0,0,0,0,0,0,0,0,0,0,0,0,0,0,0,0,0,0
820,Point,49,32,564050,137950,699-49-79,1750.821158,4,299-W11-92,3088.529771,0,0,0,0,0,0,0,0,0,0,0,0,0,0,0,0,0,0,0
821,Point,49,33,564150,137950,699-49-79,1652.619172,4,299-W11-92,3003.405425,0,0,0,0,0,0,0,0,0,0,0,0,0,0,0,0,0,0,0
822,Point,49,34,564250,137950,699-49-79,1554.646432,4,299-W11-92,2919.22458,0,0,0,0,0,0,0,0,0,0,0,0,0,0,0,0,0,0,0
823,Point,49,35,564350,137950,699-49-79,1456.949185,4,299-W11-92,2836.071252,0,0,0,0,0,0,0,0,0,0,0,0,0,0,0,0,0,0,0
824,Point,49,36,564450,137950,699-49-79,1359.586823,4,299-W11-92,2754.038516,0,0,0,0,0,0,0,0,0,0,0,0,0,0,0,0,0,0,0
825,Point,49,37,564550,137950,699-49-79,1262.636816,4,299-W11-92,2673.229535,0,0,0,0,0,0,0,0,0,0,0,0,0,0,0,0,0,0,0
826,Point,49,38,564650,137950,699-49-79,1166.20201,4,299-W11-92,2593.758691,0,0,0,0,0,0,0,0,0,0,0,0,0,0,0,0,0,0,0
827,Point,49,39,564750,137950,699-49-79,1070.421659,4,299-W11-92,2515.752799,0,0,0,0,0,0,0,0,0,0,0,0,0,0,0,0,0,0,0
828,Point,49,40,564850,137950,699-49-79,975.488559,4,299-W11-50,2429.548683,0,0,0,0,0,0,0,0,0,0,0,0,0,0,0,0,0,0,0
829,Point,49,41,564950,137950,699-49-79,881.676431,4,299-W11-50,2342.958131,0,0,0,0,0,0,0,0,0,0,0,0,0,0,0,0,0,0,0
830,Point,49,42,565050,137950,699-49-79,789.385032,3,299-W11-50,2257.476202,0,0,0,0,0,0,0,0,0,0,0,0,0,0,0,0,0,0,0
831,Point,49,43,565150,137950,699-49-79,699.216797,3,299-W11-50,2173.23372,0,0,0,0,0,0,0,0,0,0,0,0,0,0,0,0,0,0,0
832,Point,49,44,565250,137950,699-49-79,612.110716,3,299-W11-50,2090.38054,0,0,0,0,0,0,0,0,0,0,0,0,0,0,0,0,0,0,0
833,Point,49,45,565350,137950,699-49-79,529.579955,2,299-W11-50,2009.08855,0,0,0,0,0,0,0,0,0,0,0,0,0,0,0,0,0,0,0
834,Point,49,46,565450,137950,699-49-79,454.125895,2,299-W11-50,1929.555079,0,0,0,0,0,0,0,0,0,0,0,0,0,0,0,0,0,0,0
835,Point,49,47,565550,137950,699-49-79,389.879121,1,299-W11-50,1852.006696,0,0,0,0,0,0,0,0,0,0,0,0,0,0,0,0,0,0,0
836,Point,49,48,565650,137950,699-49-79,343.192554,1,299-W11-50,1776.703352,0,0,0,0,0,0,0,0,0,0,0,0,0,0,0,0,0,0,0
837,Point,49,49,565750,137950,699-49-79,321.802002,1,299-W11-50,1703.942723,0,0,0,0,0,0,0,0,0,0,0,0,0,0,0,0,0,0,0
838,Point,49,50,565850,137950,699-49-79,330.65379,1,299-W11-50,1634.064504,0,0,0,0,0,0,0,0,0,0,0,0,0,0,0,0,0,0,0
839,Point,49,51,565950,137950,699-49-79,367.569488,1,299-W11-50,1567.454243,0,0,0,0,0,0,0,0,0,0,0,0,0,0,0,0,0,0,0
840,Point,49,52,566050,137950,299-W7-3,394.364593,1,299-W11-50,1504.546045,0,0,0,0,0,0,0,0,0,0,0,0,0,0,0,0,0,0,0
841,Point,49,53,566150,137950,299-W7-3,342.22395,1,299-W11-50,1445.823227,0,0,0,0,0,0,0,0,0,0,0,0,0,0,0,0,0,0,0
842,Point,49,54,566250,137950,699-48-77C,258.177008,1,299-W11-50,1391.81565,0,0,0,0,0,0,0,0,0,0,0,0,0,0,0,0,0,0,0
843,Point,49,55,566350,137950,699-48-77C,181.285873,0,299-W11-50,1343.092254,0,0,0,0,0,0,0,0,0,0,0,0,0,0,0,0,0,0,0
844,Point,49,56,566450,137950,699-48-77C,138.107812,0,299-W11-50,1300.247208,0,0,0,0,0,0,0,0,0,0,0,0,0,0,0,0,0,0,0
845,Point,49,57,566550,137950,699-48-77C,159.006188,0,299-W11-50,1263.878476,0,0,0,0,0,0,0,0,0,0,0,0,0,0,0,0,0,0,0
846,Point,49,58,566650,137950,699-48-77C,226.918857,1,299-W11-50,1234.558546,0,0,0,0,0,0,0,0,0,0,0,0,0,0,0,0,0,0,0
847,Point,49,59,566750,137950,699-48-77C,312.57218,1,299-W11-50,1212.798748,0,0,0,0,0,0,0,0,0,0,0,0,0,0,0,0,0,0,0
848,Point,49,60,566850,137950,299-W7-15,324.215253,1,299-W11-50,1199.01076,0,0,0,0,0,0,0,0,0,0,0,0,0,0,0,0,0,0,0
849,Point,49,61,566950,137950,299-W7-15,361.515602,1,699-40-70A,1172.846896,0,0,0,0,0,0,0,0,0,0,0,0,0,0,0,0,0,0,0
850,Point,49,62,567050,137950,299-W6-6,411.237676,2,699-40-70A,1085.448866,0,0,0,0,0,0,0,0,0,0,0,0,0,0,0,0,0,0,0
851,Point,49,63,567150,137950,299-W6-6,354.07404,1,699-40-70A,1000.414235,0,0,0,0,0,0,0,0,0,0,0,0,0,0,0,0,0,0,0
852,Point,49,64,567250,137950,299-W6-6,318.779588,1,699-40-70A,918.399718,0,0,0,0,0,0,0,0,0,0,0,0,0,0,0,0,0,0,0
853,Point,49,65,567350,137950,299-W6-6,312.84569,1,699-40-70A,840.290094,0,0,0,0,0,0,0,0,0,0,0,0,0,0,0,0,0,0,0
854,Point,49,66,567450,137950,299-W6-6,337.823069,1,699-40-70A,767.278855,0,0,0,0,0,0,0,0,0,0,0,0,0,0,0,0,0,0,0
855,Point,49,67,567550,137950,299-W6-6,387.783994,1,699-40-70A,700.960941,0,0,0,0,0,0,0,0,0,0,0,0,0,0,0,0,0,0,0
856,Point,49,68,567650,137950,299-W6-6,454.563995,2,699-40-70A,643.409389,0,0,0,0,0,0,0,0,0,0,0,0,0,0,0,0,0,0,0
857,Point,49,69,567750,137950,299-W6-17,476.947864,2,699-40-70A,597.164166,0,0,0,0,0,0,0,0,0,0,0,0,0,0,0,0,0,0,0
858,Point,49,70,567850,137950,299-W5-2Q,462.652369,2,699-40-70A,565.008355,0,0,0,0,0,0,0,0,0,0,0,0,0,0,0,0,0,0,0
859,Point,49,71,567950,137950,299-W5-2Q,398.706928,1,699-40-70A,549.42137,0,0,0,0,0,0,0,0,0,0,0,0,0,0,0,0,0,0,0
860,Point,49,72,568050,137950,299-W5-2Q,351.976156,1,699-40-70A,551.809063,0,0,0,0,0,0,0,0,0,0,0,0,0,0,0,0,0,0,0
861,Point,49,73,568150,137950,699-48-71,260.843725,1,699-40-70A,571.946362,0,0,0,0,0,0,0,0,0,0,0,0,0,0,0,0,0,0,0
862,Point,49,74,568250,137950,699-48-71,174.518334,0,699-40-70A,608.072398,0,0,0,0,0,0,0,0,0,0,0,0,0,0,0,0,0,0,0
863,Point,49,75,568350,137950,699-48-71,113.462985,0,299-W5-1,629.116632,0,0,0,0,0,0,0,0,0,0,0,0,0,0,0,0,0,0,0
864,Point,49,76,568450,137950,699-48-71,123.656981,0,299-W5-1,640.188829,0,0,0,0,0,0,0,0,0,0,0,0,0,0,0,0,0,0,0
865,Point,49,77,568550,137950,699-48-71,194.186119,0,299-W5-1,666.255009,0,0,0,0,0,0,0,0,0,0,0,0,0,0,0,0,0,0,0
866,Point,49,78,568650,137950,699-48-71,283.06439,1,299-W5-1,705.655537,0,0,0,0,0,0,0,0,0,0,0,0,0,0,0,0,0,0,0
867,Point,49,79,568750,137950,699-46-70,298.689219,1,299-W5-1,756.309287,0,0,0,0,0,0,0,0,0,0,0,0,0,0,0,0,0,0,0
868,Point,49,80,568850,137950,699-46-70,331.332536,1,299-W5-1,816.123604,0,0,0,0,0,0,0,0,0,0,0,0,0,0,0,0,0,0,0
869,Point,49,81,568950,137950,699-46-70,387.746372,1,299-W5-1,883.239343,0,0,0,0,0,0,0,0,0,0,0,0,0,0,0,0,0,0,0
870,Point,49,82,569050,137950,699-46-70,459.252925,2,299-W5-1,956.120148,0,0,0,0,0,0,0,0,0,0,0,0,0,0,0,0,0,0,0
871,Point,49,83,569150,137950,699-46-70,539.888182,2,299-W5-1,1033.547162,0,0,0,0,0,0,0,0,0,0,0,0,0,0,0,0,0,0,0
872,Point,49,84,569250,137950,699-46-70,626.135169,3,299-W5-1,1114.573343,0,0,0,0,0,0,0,0,0,0,0,0,0,0,0,0,0,0,0
873,Point,49,85,569350,137950,699-46-70,715.968749,3,299-W5-1,1198.468914,0,0,0,0,0,0,0,0,0,0,0,0,0,0,0,0,0,0,0
874,Point,49,86,569450,137950,699-45-65,775.731243,3,299-W5-1,1284.67184,0,0,0,0,0,0,0,0,0,0,0,0,0,0,0,0,0,0,0
875,Point,49,87,569550,137950,699-45-65,708.233691,3,299-W5-1,1372.747514,0,0,0,0,0,0,0,0,0,0,0,0,0,0,0,0,0,0,0
876,Point,49,88,569650,137950,699-45-65,649.177141,3,299-W5-1,1462.357595,0,0,0,0,0,0,0,0,0,0,0,0,0,0,0,0,0,0,0
877,Point,49,89,569750,137950,699-45-65,601.054873,3,299-W5-1,1553.236536,0,0,0,0,0,0,0,0,0,0,0,0,0,0,0,0,0,0,0
878,Point,49,90,569850,137950,699-45-65,566.659475,2,299-W5-1,1645.174075,0,0,0,0,0,0,0,0,0,0,0,0,0,0,0,0,0,0,0
879,Point,49,91,569950,137950,699-45-65,548.579038,2,299-W5-1,1738.002226,0,0,0,0,0,0,0,0,0,0,0,0,0,0,0,0,0,0,0
880,Point,49,92,570050,137950,699-45-65,548.42954,2,299-W5-1,1831.58558,0,0,0,0,0,0,0,0,0,0,0,0,0,0,0,0,0,0,0
881,Point,49,93,570150,137950,699-45-65,566.225186,2,299-W5-1,1925.814045,0,0,0,0,0,0,0,0,0,0,0,0,0,0,0,0,0,0,0
882,Point,49,94,570250,137950,699-45-65,600.372352,3,299-W5-1,2020.597371,0,0,0,0,0,0,0,0,0,0,0,0,0,0,0,0,0,0,0
883,Point,49,95,570350,137950,699-45-65,648.292342,3,299-W5-1,2115.860992,0,0,0,0,0,0,0,0,0,0,0,0,0,0,0,0,0,0,0
884,Point,49,96,570450,137950,699-45-65,707.190894,3,299-W5-1,2211.542841,0,0,0,0,0,0,0,0,0,0,0,0,0,0,0,0,0,0,0
885,Point,49,97,570550,137950,699-45-65,774.567596,3,299-W5-1,2307.590895,0,0,0,0,0,0,0,0,0,0,0,0,0,0,0,0,0,0,0
886,Point,49,98,570650,137950,699-47-60,824.592792,4,299-W5-1,2403.961259,0,0,0,0,0,0,0,0,0,0,0,0,0,0,0,0,0,0,0
887,Point,49,99,570750,137950,699-47-60,724.622158,3,299-W5-1,2500.616671,0,0,0,0,0,0,0,0,0,0,0,0,0,0,0,0,0,0,0
888,Point,49,100,570850,137950,699-47-60,624.660926,3,299-W5-1,2597.52531,0,0,0,0,0,0,0,0,0,0,0,0,0,0,0,0,0,0,0
889,Point,49,101,570950,137950,699-47-60,524.714467,2,299-W5-1,2694.659856,0,0,0,0,0,0,0,0,0,0,0,0,0,0,0,0,0,0,0
890,Point,49,102,571050,137950,699-47-60,424.793211,2,299-W5-1,2791.996729,0,0,0,0,0,0,0,0,0,0,0,0,0,0,0,0,0,0,0
891,Point,49,103,571150,137950,699-47-60,324.920409,1,299-W5-1,2889.515485,0,0,0,0,0,0,0,0,0,0,0,0,0,0,0,0,0,0,0
892,Point,49,104,571250,137950,699-47-60,225.160548,1,299-W5-1,2987.198309,0,0,0,0,0,0,0,0,0,0,0,0,0,0,0,0,0,0,0
893,Point,49,105,571350,137950,699-47-60,125.782639,0,299-W5-1,3085.029617,0,0,0,0,0,0,0,0,0,0,0,0,0,0,0,0,0,0,0
894,Point,49,106,571450,137950,699-47-60,30.74528,0,299-W5-1,3182.995717,0,0,0,0,0,0,0,0,0,0,0,0,0,0,0,0,0,0,0
895,Point,49,107,571550,137950,699-47-60,77.905534,0,299-W5-1,3281.084537,0,0,0,0,0,0,0,0,0,0,0,0,0,0,0,0,0,0,0
896,Point,49,108,571650,137950,699-47-60,176.616172,0,299-W5-1,3379.285389,0,0,0,0,0,0,0,0,0,0,0,0,0,0,0,0,0,0,0
897,Point,49,109,571750,137950,699-47-60,276.255809,1,299-W5-1,3477.588782,0,0,0,0,0,0,0,0,0,0,0,0,0,0,0,0,0,0,0
898,Point,49,110,571850,137950,699-47-60,376.086788,1,299-W5-1,3575.986261,0,0,0,0,0,0,0,0,0,0,0,0,0,0,0,0,0,0,0
899,Point,49,111,571950,137950,699-47-60,475.988731,2,299-W5-1,3674.470266,0,0,0,0,0,0,0,0,0,0,0,0,0,0,0,0,0,0,0
900,Point,49,112,572050,137950,699-47-60,575.924711,2,299-W5-1,3773.034023,0,0,0,0,0,0,0,0,0,0,0,0,0,0,0,0,0,0,0
901,Point,49,113,572150,137950,699-47-60,675.879629,3,299-W5-1,3871.67144,0,0,0,0,0,0,0,0,0,0,0,0,0,0,0,0,0,0,0
902,Point,50,32,564050,137850,699-49-79,1771.890609,4,299-W11-92,3037.988174,0,0,0,0,0,0,0,0,0,0,0,0,0,0,0,0,0,0,0
903,Point,50,33,564150,137850,699-49-79,1674.924395,4,299-W11-92,2951.406469,0,0,0,0,0,0,0,0,0,0,0,0,0,0,0,0,0,0,0
904,Point,50,34,564250,137850,699-49-79,1578.336824,4,299-W11-92,2865.698545,0,0,0,0,0,0,0,0,0,0,0,0,0,0,0,0,0,0,0
905,Point,50,35,564350,137850,699-49-79,1482.201919,4,299-W11-92,2780.94519,0,0,0,0,0,0,0,0,0,0,0,0,0,0,0,0,0,0,0
906,Point,50,36,564450,137850,699-49-79,1386.613835,4,299-W11-92,2697.236391,0,0,0,0,0,0,0,0,0,0,0,0,0,0,0,0,0,0,0
907,Point,50,37,564550,137850,699-49-79,1291.693976,4,299-W11-92,2614.672474,0,0,0,0,0,0,0,0,0,0,0,0,0,0,0,0,0,0,0
908,Point,50,38,564650,137850,699-49-79,1197.601239,4,299-W11-92,2533.36538,0,0,0,0,0,0,0,0,0,0,0,0,0,0,0,0,0,0,0
909,Point,50,39,564750,137850,699-49-79,1104.547024,4,299-W11-92,2453.440064,0,0,0,0,0,0,0,0,0,0,0,0,0,0,0,0,0,0,0
910,Point,50,40,564850,137850,699-49-79,1012.817619,4,299-W11-92,2375.036031,0,0,0,0,0,0,0,0,0,0,0,0,0,0,0,0,0,0,0
911,Point,50,41,564950,137850,699-49-79,922.808176,4,299-W11-50,2293.639205,0,0,0,0,0,0,0,0,0,0,0,0,0,0,0,0,0,0,0
912,Point,50,42,565050,137850,699-49-79,835.075044,4,299-W11-50,2206.247222,0,0,0,0,0,0,0,0,0,0,0,0,0,0,0,0,0,0,0
913,Point,50,43,565150,137850,699-49-79,750.417037,3,299-W11-50,2119.97,0,0,0,0,0,0,0,0,0,0,0,0,0,0,0,0,0,0,0
914,Point,50,44,565250,137850,699-49-79,670.000842,3,299-W11-50,2034.949337,0,0,0,0,0,0,0,0,0,0,0,0,0,0,0,0,0,0,0
915,Point,50,45,565350,137850,699-49-79,595.547252,2,299-W11-50,1951.349482,0,0,0,0,0,0,0,0,0,0,0,0,0,0,0,0,0,0,0
916,Point,50,46,565450,137850,699-49-79,529.577123,2,299-W11-50,1869.361068,0,0,0,0,0,0,0,0,0,0,0,0,0,0,0,0,0,0,0
917,Point,50,47,565550,137850,699-49-79,475.633608,2,299-W11-50,1789.205634,0,0,0,0,0,0,0,0,0,0,0,0,0,0,0,0,0,0,0
918,Point,50,48,565650,137850,699-49-79,438.18116,2,299-W11-50,1711.14079,0,0,0,0,0,0,0,0,0,0,0,0,0,0,0,0,0,0,0
919,Point,50,49,565750,137850,699-49-79,421.637438,2,299-W11-50,1635.465928,0,0,0,0,0,0,0,0,0,0,0,0,0,0,0,0,0,0,0
920,Point,50,50,565850,137850,699-49-79,428.431475,2,299-W11-50,1562.528337,0,0,0,0,0,0,0,0,0,0,0,0,0,0,0,0,0,0,0
921,Point,50,51,565950,137850,299-W7-3,402.066949,2,299-W11-50,1492.729313,0,0,0,0,0,0,0,0,0,0,0,0,0,0,0,0,0,0,0
922,Point,50,52,566050,137850,299-W7-3,321.327919,1,299-W11-50,1426.529636,0,0,0,0,0,0,0,0,0,0,0,0,0,0,0,0,0,0,0
923,Point,50,53,566150,137850,299-W7-3,254.647662,1,299-W11-50,1364.453298,0,0,0,0,0,0,0,0,0,0,0,0,0,0,0,0,0,0,0
924,Point,50,54,566250,137850,299-W7-3,215.497638,1,299-W11-50,1307.087909,0,0,0,0,0,0,0,0,0,0,0,0,0,0,0,0,0,0,0
925,Point,50,55,566350,137850,299-W7-3,219.164395,1,299-W11-50,1255.0796,0,0,0,0,0,0,0,0,0,0,0,0,0,0,0,0,0,0,0
926,Point,50,56,566450,137850,699-48-77C,237.558346,1,299-W11-50,1209.119846,0,0,0,0,0,0,0,0,0,0,0,0,0,0,0,0,0,0,0
927,Point,50,57,566550,137850,699-48-77C,250.286172,1,299-W11-50,1169.921708,0,0,0,0,0,0,0,0,0,0,0,0,0,0,0,0,0,0,0
928,Point,50,58,566650,137850,299-W7-15,247.013219,1,299-W11-50,1138.183993,0,0,0,0,0,0,0,0,0,0,0,0,0,0,0,0,0,0,0
929,Point,50,59,566750,137850,299-W7-15,215.855346,1,299-W11-50,1114.544213,0,0,0,0,0,0,0,0,0,0,0,0,0,0,0,0,0,0,0
930,Point,50,60,566850,137850,299-W7-15,228.410881,1,299-W11-50,1099.524808,0,0,0,0,0,0,0,0,0,0,0,0,0,0,0,0,0,0,0
931,Point,50,61,566950,137850,299-W7-15,278.836028,1,299-W11-50,1093.481048,0,0,0,0,0,0,0,0,0,0,0,0,0,0,0,0,0,0,0
932,Point,50,62,567050,137850,299-W6-6,341.848542,1,699-40-70A,1038.538609,0,0,0,0,0,0,0,0,0,0,0,0,0,0,0,0,0,0,0
933,Point,50,63,567150,137850,299-W6-6,270.393095,1,699-40-70A,949.311246,0,0,0,0,0,0,0,0,0,0,0,0,0,0,0,0,0,0,0
934,Point,50,64,567250,137850,299-W6-6,222.181066,1,699-40-70A,862.450718,0,0,0,0,0,0,0,0,0,0,0,0,0,0,0,0,0,0,0
935,Point,50,65,567350,137850,299-W6-6,213.580022,1,699-40-70A,778.749409,0,0,0,0,0,0,0,0,0,0,0,0,0,0,0,0,0,0,0
936,Point,50,66,567450,137850,299-W6-6,248.733645,1,699-40-70A,699.342578,0,0,0,0,0,0,0,0,0,0,0,0,0,0,0,0,0,0,0
937,Point,50,67,567550,137850,299-W6-6,313.241801,1,699-40-70A,625.866952,0,0,0,0,0,0,0,0,0,0,0,0,0,0,0,0,0,0,0
938,Point,50,68,567650,137850,299-W6-6,392.902566,1,699-40-70A,560.659292,0,0,0,0,0,0,0,0,0,0,0,0,0,0,0,0,0,0,0
939,Point,50,69,567750,137850,299-W6-17,377.03218,1,699-40-70A,506.92035,0,0,0,0,0,0,0,0,0,0,0,0,0,0,0,0,0,0,0
940,Point,50,70,567850,137850,299-W6-17,385.579129,1,699-40-70A,468.612464,0,0,0,0,0,0,0,0,0,0,0,0,0,0,0,0,0,0,0
941,Point,50,71,567950,137850,299-W5-2Q,321.233894,1,699-40-70A,449.69661,0,0,0,0,0,0,0,0,0,0,0,0,0,0,0,0,0,0,0
942,Point,50,72,568050,137850,299-W5-2Q,260.981253,1,699-40-70A,452.610695,0,0,0,0,0,0,0,0,0,0,0,0,0,0,0,0,0,0,0
943,Point,50,73,568150,137850,299-W5-2Q,230.285072,1,699-40-70A,476.954758,0,0,0,0,0,0,0,0,0,0,0,0,0,0,0,0,0,0,0
944,Point,50,74,568250,137850,299-W5-2Q,240.730585,1,699-40-70A,519.726122,0,0,0,0,0,0,0,0,0,0,0,0,0,0,0,0,0,0,0
945,Point,50,75,568350,137850,699-48-71,210.385477,1,299-W5-1,529.17836,0,0,0,0,0,0,0,0,0,0,0,0,0,0,0,0,0,0,0
946,Point,50,76,568450,137850,699-48-71,216.05381,1,299-W5-1,542.29488,0,0,0,0,0,0,0,0,0,0,0,0,0,0,0,0,0,0,0
947,Point,50,77,568550,137850,699-46-70,243.489731,1,299-W5-1,572.83308,0,0,0,0,0,0,0,0,0,0,0,0,0,0,0,0,0,0,0
948,Point,50,78,568650,137850,699-46-70,199.632786,0,299-W5-1,618.216578,0,0,0,0,0,0,0,0,0,0,0,0,0,0,0,0,0,0,0
949,Point,50,79,568750,137850,699-46-70,201.045391,1,299-W5-1,675.459649,0,0,0,0,0,0,0,0,0,0,0,0,0,0,0,0,0,0,0
950,Point,50,80,568850,137850,699-46-70,246.951917,1,299-W5-1,741.821904,0,0,0,0,0,0,0,0,0,0,0,0,0,0,0,0,0,0,0
951,Point,50,81,568950,137850,699-46-70,318.671068,1,299-W5-1,815.078976,0,0,0,0,0,0,0,0,0,0,0,0,0,0,0,0,0,0,0
952,Point,50,82,569050,137850,699-46-70,402.637864,2,299-W5-1,893.536646,0,0,0,0,0,0,0,0,0,0,0,0,0,0,0,0,0,0,0
953,Point,50,83,569150,137850,699-46-70,492.628916,2,299-W5-1,975.941462,0,0,0,0,0,0,0,0,0,0,0,0,0,0,0,0,0,0,0
954,Point,50,84,569250,137850,699-46-70,585.874773,2,299-W5-1,1061.374457,0,0,0,0,0,0,0,0,0,0,0,0,0,0,0,0,0,0,0
955,Point,50,85,569350,137850,699-46-70,681.039829,3,299-W5-1,1149.160449,0,0,0,0,0,0,0,0,0,0,0,0,0,0,0,0,0,0,0
956,Point,50,86,569450,137850,699-45-65,708.882896,3,299-W5-1,1238.799313,0,0,0,0,0,0,0,0,0,0,0,0,0,0,0,0,0,0,0
957,Point,50,87,569550,137850,699-45-65,634.311407,3,299-W5-1,1329.91644,0,0,0,0,0,0,0,0,0,0,0,0,0,0,0,0,0,0,0
958,Point,50,88,569650,137850,699-45-65,567.615152,2,299-W5-1,1422.227737,0,0,0,0,0,0,0,0,0,0,0,0,0,0,0,0,0,0,0
959,Point,50,89,569750,137850,699-45-65,511.881784,2,299-W5-1,1515.515007,0,0,0,0,0,0,0,0,0,0,0,0,0,0,0,0,0,0,0
960,Point,50,90,569850,137850,699-45-65,471.019066,2,299-W5-1,1609.608566,0,0,0,0,0,0,0,0,0,0,0,0,0,0,0,0,0,0,0
961,Point,50,91,569950,137850,699-45-65,449.104621,2,299-W5-1,1704.374882,0,0,0,0,0,0,0,0,0,0,0,0,0,0,0,0,0,0,0
962,Point,50,92,570050,137850,699-45-65,448.921999,2,299-W5-1,1799.707681,0,0,0,0,0,0,0,0,0,0,0,0,0,0,0,0,0,0,0
963,Point,50,93,570150,137850,699-45-65,470.496505,2,299-W5-1,1895.521495,0,0,0,0,0,0,0,0,0,0,0,0,0,0,0,0,0,0,0
964,Point,50,94,570250,137850,699-45-65,511.08019,2,299-W5-1,1991.746906,0,0,0,0,0,0,0,0,0,0,0,0,0,0,0,0,0,0,0
965,Point,50,95,570350,137850,699-45-65,566.603001,2,299-W5-1,2088.327019,0,0,0,0,0,0,0,0,0,0,0,0,0,0,0,0,0,0,0
966,Point,50,96,570450,137850,699-45-65,633.146871,3,299-W5-1,2185.214803,0,0,0,0,0,0,0,0,0,0,0,0,0,0,0,0,0,0,0
967,Point,50,97,570550,137850,699-45-65,707.609328,3,299-W5-1,2282.371078,0,0,0,0,0,0,0,0,0,0,0,0,0,0,0,0,0,0,0
968,Point,50,98,570650,137850,699-45-65,787.748031,3,299-W5-1,2379.762958,0,0,0,0,0,0,0,0,0,0,0,0,0,0,0,0,0,0,0
969,Point,50,99,570750,137850,699-47-60,734.046097,3,299-W5-1,2477.362658,0,0,0,0,0,0,0,0,0,0,0,0,0,0,0,0,0,0,0
970,Point,50,100,570850,137850,699-47-60,635.568779,3,299-W5-1,2575.146547,0,0,0,0,0,0,0,0,0,0,0,0,0,0,0,0,0,0,0
971,Point,50,101,570950,137850,699-47-60,537.653859,2,299-W5-1,2673.094412,0,0,0,0,0,0,0,0,0,0,0,0,0,0,0,0,0,0,0
972,Point,50,102,571050,137850,699-47-60,440.67638,2,299-W5-1,2771.188867,0,0,0,0,0,0,0,0,0,0,0,0,0,0,0,0,0,0,0
973,Point,50,103,571150,137850,699-47-60,345.426797,1,299-W5-1,2869.414877,0,0,0,0,0,0,0,0,0,0,0,0,0,0,0,0,0,0,0
974,Point,50,104,571250,137850,699-47-60,253.857583,1,299-W5-1,2967.75938,0,0,0,0,0,0,0,0,0,0,0,0,0,0,0,0,0,0,0
975,Point,50,105,571350,137850,699-47-60,171.952529,0,299-W5-1,3066.210974,0,0,0,0,0,0,0,0,0,0,0,0,0,0,0,0,0,0,0
976,Point,50,106,571450,137850,699-47-60,121.209208,0,299-W5-1,3164.759665,0,0,0,0,0,0,0,0,0,0,0,0,0,0,0,0,0,0,0
977,Point,50,107,571550,137850,699-47-60,140.768151,0,299-W5-1,3263.396656,0,0,0,0,0,0,0,0,0,0,0,0,0,0,0,0,0,0,0
978,Point,50,108,571650,137850,699-47-60,211.989793,1,299-W5-1,3362.114177,0,0,0,0,0,0,0,0,0,0,0,0,0,0,0,0,0,0,0
979,Point,50,109,571750,137850,699-47-60,300.106102,1,299-W5-1,3460.905335,0,0,0,0,0,0,0,0,0,0,0,0,0,0,0,0,0,0,0
980,Point,50,110,571850,137850,699-47-60,393.938666,1,299-W5-1,3559.764,0,0,0,0,0,0,0,0,0,0,0,0,0,0,0,0,0,0,0
981,Point,50,111,571950,137850,699-47-60,490.215944,2,299-W5-1,3658.6847,0,0,0,0,0,0,0,0,0,0,0,0,0,0,0,0,0,0,0
982,Point,50,112,572050,137850,699-47-60,587.737758,2,299-W5-1,3757.662536,0,0,0,0,0,0,0,0,0,0,0,0,0,0,0,0,0,0,0
983,Point,50,113,572150,137850,699-47-60,685.973522,3,299-W5-1,3856.693109,0,0,0,0,0,0,0,0,0,0,0,0,0,0,0,0,0,0,0
984,Point,51,32,564050,137750,699-49-79,1798.281938,4,299-W11-92,2989.937817,0,0,0,0,0,0,0,0,0,0,0,0,0,0,0,0,0,0,0
985,Point,51,33,564150,137750,699-49-79,1702.81923,4,299-W11-92,2901.922836,0,0,0,0,0,0,0,0,0,0,0,0,0,0,0,0,0,0,0
986,Point,51,34,564250,137750,699-49-79,1607.908184,4,299-W11-92,2814.708537,0,0,0,0,0,0,0,0,0,0,0,0,0,0,0,0,0,0,0
987,Point,51,35,564350,137750,699-49-79,1513.652579,4,299-W11-92,2728.371703,0,0,0,0,0,0,0,0,0,0,0,0,0,0,0,0,0,0,0
988,Point,51,36,564450,137750,699-49-79,1420.182921,4,299-W11-92,2642.998325,0,0,0,0,0,0,0,0,0,0,0,0,0,0,0,0,0,0,0
989,Point,51,37,564550,137750,699-49-79,1327.665217,4,299-W11-92,2558.684847,0,0,0,0,0,0,0,0,0,0,0,0,0,0,0,0,0,0,0
990,Point,51,38,564650,137750,699-49-79,1236.3132,4,299-W11-92,2475.539567,0,0,0,0,0,0,0,0,0,0,0,0,0,0,0,0,0,0,0
991,Point,51,39,564750,137750,699-49-79,1146.405569,4,299-W11-92,2393.684221,0,0,0,0,0,0,0,0,0,0,0,0,0,0,0,0,0,0,0
992,Point,51,40,564850,137750,699-49-79,1058.310507,4,299-W11-92,2313.255746,0,0,0,0,0,0,0,0,0,0,0,0,0,0,0,0,0,0,0
993,Point,51,41,564950,137750,699-49-79,972.520709,4,299-W11-92,2234.408232,0,0,0,0,0,0,0,0,0,0,0,0,0,0,0,0,0,0,0
994,Point,51,42,565050,137750,699-49-79,889.703281,4,299-W11-92,2157.315032,0,0,0,0,0,0,0,0,0,0,0,0,0,0,0,0,0,0,0
995,Point,51,43,565150,137750,699-49-79,810.76959,4,299-W11-50,2070.169269,0,0,0,0,0,0,0,0,0,0,0,0,0,0,0,0,0,0,0
996,Point,51,44,565250,137750,699-49-79,736.968608,3,299-W11-50,1983.014574,0,0,0,0,0,0,0,0,0,0,0,0,0,0,0,0,0,0,0
997,Point,51,45,565350,137750,699-49-79,669.998604,3,299-W11-50,1897.127514,0,0,0,0,0,0,0,0,0,0,0,0,0,0,0,0,0,0,0
998,Point,51,46,565450,137750,699-49-79,612.105815,3,299-W11-50,1812.688281,0,0,0,0,0,0,0,0,0,0,0,0,0,0,0,0,0,0,0
999,Point,51,47,565550,137750,699-49-79,566.082087,2,299-W11-50,1729.9089,0,0,0,0,0,0,0,0,0,0,0,0,0,0,0,0,0,0,0
1000,Point,51,48,565650,137750,699-49-79,534.999373,2,299-W11-50,1649.039357,0,0,0,0,0,0,0,0,0,0,0,0,0,0,0,0,0,0,0
1001,Point,51,49,565750,137750,699-49-79,521.535932,2,299-W11-50,1570.374733,0,0,0,0,0,0,0,0,0,0,0,0,0,0,0,0,0,0,0
1002,Point,51,50,565850,137750,299-W7-3,455.842332,2,299-W11-50,1494.263298,0,0,0,0,0,0,0,0,0,0,0,0,0,0,0,0,0,0,0
1003,Point,51,51,565950,137750,299-W7-3,359.702699,1,299-W11-50,1421.115338,0,0,0,0,0,0,0,0,0,0,0,0,0,0,0,0,0,0,0
1004,Point,51,52,566050,137750,299-W7-3,266.420404,1,299-W11-50,1351.412151,0,0,0,0,0,0,0,0,0,0,0,0,0,0,0,0,0,0,0
1005,Point,51,53,566150,137750,299-W7-3,180.481666,0,299-W11-50,1285.714122,0,0,0,0,0,0,0,0,0,0,0,0,0,0,0,0,0,0,0
1006,Point,51,54,566250,137750,299-W7-3,119.027021,0,299-W11-50,1224.665996,0,0,0,0,0,0,0,0,0,0,0,0,0,0,0,0,0,0,0
1007,Point,51,55,566350,137750,299-W7-3,125.543745,0,299-W11-50,1168.996494,0,0,0,0,0,0,0,0,0,0,0,0,0,0,0,0,0,0,0
1008,Point,51,56,566450,137750,299-W7-3,193.274499,0,299-W11-50,1119.508286,0,0,0,0,0,0,0,0,0,0,0,0,0,0,0,0,0,0,0
1009,Point,51,57,566550,137750,299-W7-15,249.987061,1,299-W11-50,1077.05376,0,0,0,0,0,0,0,0,0,0,0,0,0,0,0,0,0,0,0
1010,Point,51,58,566650,137750,299-W7-15,167.545607,0,299-W11-50,1042.492591,0,0,0,0,0,0,0,0,0,0,0,0,0,0,0,0,0,0,0
1011,Point,51,59,566750,137750,299-W7-15,116.831205,0,299-W11-50,1016.630121,0,0,0,0,0,0,0,0,0,0,0,0,0,0,0,0,0,0,0
1012,Point,51,60,566850,137750,299-W7-15,138.663371,0,299-W11-50,1000.141391,0,0,0,0,0,0,0,0,0,0,0,0,0,0,0,0,0,0,0
1013,Point,51,61,566950,137750,299-W7-15,211.673169,1,299-W11-50,993.493232,0,0,0,0,0,0,0,0,0,0,0,0,0,0,0,0,0,0,0
1014,Point,51,62,567050,137750,299-W6-6,290.8684,1,299-W6-15,994.531922,0,0,0,0,0,0,0,0,0,0,0,0,0,0,0,0,0,0,0
1015,Point,51,63,567150,137750,299-W6-6,202.129726,1,699-40-70A,906.396735,0,0,0,0,0,0,0,0,0,0,0,0,0,0,0,0,0,0,0
1016,Point,51,64,567250,137750,299-W6-6,130.799182,0,699-40-70A,814.975117,0,0,0,0,0,0,0,0,0,0,0,0,0,0,0,0,0,0,0
1017,Point,51,65,567350,137750,299-W6-6,115.587309,0,699-40-70A,725.819428,0,0,0,0,0,0,0,0,0,0,0,0,0,0,0,0,0,0,0
1018,Point,51,66,567450,137750,299-W6-6,172.082614,0,699-40-70A,639.877521,0,0,0,0,0,0,0,0,0,0,0,0,0,0,0,0,0,0,0
1019,Point,51,67,567550,137750,299-W6-6,256.640655,1,699-40-70A,558.634623,0,0,0,0,0,0,0,0,0,0,0,0,0,0,0,0,0,0,0
1020,Point,51,68,567650,137750,299-W6-17,300.515,1,699-40-70A,484.460568,0,0,0,0,0,0,0,0,0,0,0,0,0,0,0,0,0,0,0
1021,Point,51,69,567750,137750,299-W6-17,277.177317,1,699-40-70A,421.107399,0,0,0,0,0,0,0,0,0,0,0,0,0,0,0,0,0,0,0
1022,Point,51,70,567850,137750,299-W6-17,288.6958,1,699-40-70A,374.113407,0,0,0,0,0,0,0,0,0,0,0,0,0,0,0,0,0,0,0
1023,Point,51,71,567950,137750,299-W5-2Q,259.6444,1,699-40-70A,350.128893,0,0,0,0,0,0,0,0,0,0,0,0,0,0,0,0,0,0,0
1024,Point,51,72,568050,137750,299-W5-2Q,179.81995,0,699-40-70A,353.863874,0,0,0,0,0,0,0,0,0,0,0,0,0,0,0,0,0,0,0
1025,Point,51,73,568150,137750,299-W5-2Q,131.359105,0,699-40-70A,384.511432,0,0,0,0,0,0,0,0,0,0,0,0,0,0,0,0,0,0,0
1026,Point,51,74,568250,137750,299-W5-2Q,148.913446,0,299-W5-1,436.139584,0,0,0,0,0,0,0,0,0,0,0,0,0,0,0,0,0,0,0
1027,Point,51,75,568350,137750,299-W5-2Q,217.014318,1,299-W5-1,429.26884,0,0,0,0,0,0,0,0,0,0,0,0,0,0,0,0,0,0,0
1028,Point,51,76,568450,137750,699-46-70,264.433828,1,299-W5-1,445.337779,0,0,0,0,0,0,0,0,0,0,0,0,0,0,0,0,0,0,0
1029,Point,51,77,568550,137750,699-46-70,174.617437,0,299-W5-1,482.057815,0,0,0,0,0,0,0,0,0,0,0,0,0,0,0,0,0,0,0
1030,Point,51,78,568650,137750,699-46-70,105.153456,0,299-W5-1,535.195046,0,0,0,0,0,0,0,0,0,0,0,0,0,0,0,0,0,0,0
1031,Point,51,79,568750,137750,699-46-70,107.811174,0,299-W5-1,600.40631,0,0,0,0,0,0,0,0,0,0,0,0,0,0,0,0,0,0,0
1032,Point,51,80,568850,137750,699-46-70,179.413626,0,299-W5-1,674.197105,0,0,0,0,0,0,0,0,0,0,0,0,0,0,0,0,0,0,0
1033,Point,51,81,568950,137750,699-46-70,269.73181,1,299-W5-1,754.052874,0,0,0,0,0,0,0,0,0,0,0,0,0,0,0,0,0,0,0
1034,Point,51,82,569050,137750,699-46-70,365.131825,1,299-W5-1,838.242052,0,0,0,0,0,0,0,0,0,0,0,0,0,0,0,0,0,0,0
1035,Point,51,83,569150,137750,699-46-70,462.479458,2,299-W5-1,925.582917,0,0,0,0,0,0,0,0,0,0,0,0,0,0,0,0,0,0,0
1036,Point,51,84,569250,137750,699-46-70,560.761312,2,299-W5-1,1015.262398,0,0,0,0,0,0,0,0,0,0,0,0,0,0,0,0,0,0,0
1037,Point,51,85,569350,137750,699-45-67C,623.55824,3,299-W5-1,1106.712129,0,0,0,0,0,0,0,0,0,0,0,0,0,0,0,0,0,0,0
1038,Point,51,86,569450,137750,699-45-67C,618.536077,3,299-W5-1,1199.527297,0,0,0,0,0,0,0,0,0,0,0,0,0,0,0,0,0,0,0
1039,Point,51,87,569550,137750,699-45-65,568.424983,2,299-W5-1,1293.413985,0,0,0,0,0,0,0,0,0,0,0,0,0,0,0,0,0,0,0
1040,Point,51,88,569650,137750,699-45-65,492.892443,2,299-W5-1,1388.154796,0,0,0,0,0,0,0,0,0,0,0,0,0,0,0,0,0,0,0
1041,Point,51,89,569750,137750,699-45-65,427.526562,2,299-W5-1,1483.586107,0,0,0,0,0,0,0,0,0,0,0,0,0,0,0,0,0,0,0
1042,Point,51,90,569850,137750,699-45-65,377.64396,1,299-W5-1,1579.582773,0,0,0,0,0,0,0,0,0,0,0,0,0,0,0,0,0,0,0
1043,Point,51,91,569950,137750,699-45-65,349.929937,1,299-W5-1,1676.047654,0,0,0,0,0,0,0,0,0,0,0,0,0,0,0,0,0,0,0
1044,Point,51,92,570050,137750,699-45-65,349.695526,1,299-W5-1,1772.904323,0,0,0,0,0,0,0,0,0,0,0,0,0,0,0,0,0,0,0
1045,Point,51,93,570150,137750,699-45-65,376.99199,1,299-W5-1,1870.091906,0,0,0,0,0,0,0,0,0,0,0,0,0,0,0,0,0,0,0
1046,Point,51,94,570250,137750,699-45-65,426.566479,2,299-W5-1,1967.561368,0,0,0,0,0,0,0,0,0,0,0,0,0,0,0,0,0,0,0
1047,Point,51,95,570350,137750,699-45-65,491.72651,2,299-W5-1,2065.2728,0,0,0,0,0,0,0,0,0,0,0,0,0,0,0,0,0,0,0
1048,Point,51,96,570450,137750,699-45-65,567.125172,2,299-W5-1,2163.193412,0,0,0,0,0,0,0,0,0,0,0,0,0,0,0,0,0,0,0
1049,Point,51,97,570550,137750,699-45-65,649.204868,3,299-W5-1,2261.29603,0,0,0,0,0,0,0,0,0,0,0,0,0,0,0,0,0,0,0
1050,Point,51,98,570650,137750,699-45-65,735.732941,3,299-W5-1,2359.557954,0,0,0,0,0,0,0,0,0,0,0,0,0,0,0,0,0,0,0
1051,Point,51,99,570750,137750,699-46-61,747.410619,3,299-W5-1,2457.960076,0,0,0,0,0,0,0,0,0,0,0,0,0,0,0,0,0,0,0
1052,Point,51,100,570850,137750,699-46-61,657.562646,3,299-W5-1,2556.486209,0,0,0,0,0,0,0,0,0,0,0,0,0,0,0,0,0,0,0
1053,Point,51,101,570950,137750,699-47-60,568.170813,2,299-W5-1,2655.122547,0,0,0,0,0,0,0,0,0,0,0,0,0,0,0,0,0,0,0
1054,Point,51,102,571050,137750,699-47-60,477.432793,2,299-W5-1,2753.857247,0,0,0,0,0,0,0,0,0,0,0,0,0,0,0,0,0,0,0
1055,Point,51,103,571150,137750,699-47-60,391.236594,1,299-W5-1,2852.680097,0,0,0,0,0,0,0,0,0,0,0,0,0,0,0,0,0,0,0
1056,Point,51,104,571250,137750,699-47-60,313.352952,1,299-W5-1,2951.582243,0,0,0,0,0,0,0,0,0,0,0,0,0,0,0,0,0,0,0
1057,Point,51,105,571350,137750,699-47-60,251.622877,1,299-W5-1,3050.555972,0,0,0,0,0,0,0,0,0,0,0,0,0,0,0,0,0,0,0
1058,Point,51,106,571450,137750,699-47-60,220.086511,1,299-W5-1,3149.594535,0,0,0,0,0,0,0,0,0,0,0,0,0,0,0,0,0,0,0
1059,Point,51,107,571550,137750,699-47-60,231.434812,1,299-W5-1,3248.692004,0,0,0,0,0,0,0,0,0,0,0,0,0,0,0,0,0,0,0
1060,Point,51,108,571650,137750,699-47-60,280.510378,1,299-W5-1,3347.843147,0,0,0,0,0,0,0,0,0,0,0,0,0,0,0,0,0,0,0
1061,Point,51,109,571750,137750,699-47-60,351.866555,1,299-W5-1,3447.043333,0,0,0,0,0,0,0,0,0,0,0,0,0,0,0,0,0,0,0
1062,Point,51,110,571850,137750,699-47-60,434.665472,2,299-W5-1,3546.288445,0,0,0,0,0,0,0,0,0,0,0,0,0,0,0,0,0,0,0
1063,Point,51,111,571950,137750,699-47-60,523.505561,2,299-W5-1,3645.574816,0,0,0,0,0,0,0,0,0,0,0,0,0,0,0,0,0,0,0
1064,Point,51,112,572050,137750,699-47-60,615.777616,3,299-W5-1,3744.899162,0,0,0,0,0,0,0,0,0,0,0,0,0,0,0,0,0,0,0
1065,Point,51,113,572150,137750,699-47-60,710.145106,3,299-W5-1,3844.258542,0,0,0,0,0,0,0,0,0,0,0,0,0,0,0,0,0,0,0
1066,Point,52,32,564050,137650,699-49-79,1829.764883,4,299-W11-92,2944.500662,0,0,0,0,0,0,0,0,0,0,0,0,0,0,0,0,0,0,0
1067,Point,52,33,564150,137650,699-49-79,1736.034253,4,299-W11-92,2855.085314,0,0,0,0,0,0,0,0,0,0,0,0,0,0,0,0,0,0,0
1068,Point,52,34,564250,137650,699-49-79,1643.043009,4,299-W11-92,2766.394793,0,0,0,0,0,0,0,0,0,0,0,0,0,0,0,0,0,0,0
1069,Point,52,35,564350,137650,699-49-79,1550.924153,4,299-W11-92,2678.501101,0,0,0,0,0,0,0,0,0,0,0,0,0,0,0,0,0,0,0
1070,Point,52,36,564450,137650,699-49-79,1459.842844,4,299-W11-92,2591.485317,0,0,0,0,0,0,0,0,0,0,0,0,0,0,0,0,0,0,0
1071,Point,52,37,564550,137650,699-49-79,1370.006032,4,299-W11-92,2505.438913,0,0,0,0,0,0,0,0,0,0,0,0,0,0,0,0,0,0,0
1072,Point,52,38,564650,137650,699-49-79,1281.675438,4,299-W11-92,2420.465275,0,0,0,0,0,0,0,0,0,0,0,0,0,0,0,0,0,0,0
1073,Point,52,39,564750,137650,699-49-79,1195.18506,4,299-W11-92,2336.681439,0,0,0,0,0,0,0,0,0,0,0,0,0,0,0,0,0,0,0
1074,Point,52,40,564850,137650,699-49-79,1110.964774,4,299-W11-92,2254.220075,0,0,0,0,0,0,0,0,0,0,0,0,0,0,0,0,0,0,0
1075,Point,52,41,564950,137650,699-49-79,1029.571818,4,299-W11-92,2173.231729,0,0,0,0,0,0,0,0,0,0,0,0,0,0,0,0,0,0,0
1076,Point,52,42,565050,137650,699-49-79,951.731858,4,299-W11-92,2093.887329,0,0,0,0,0,0,0,0,0,0,0,0,0,0,0,0,0,0,0
1077,Point,52,43,565150,137650,699-49-79,878.389964,4,299-W11-92,2016.380953,0,0,0,0,0,0,0,0,0,0,0,0,0,0,0,0,0,0,0
1078,Point,52,44,565250,137650,699-49-79,810.76774,4,299-W11-50,1934.857825,0,0,0,0,0,0,0,0,0,0,0,0,0,0,0,0,0,0,0
1079,Point,52,45,565350,137650,699-49-79,750.413039,3,299-W11-50,1846.732466,0,0,0,0,0,0,0,0,0,0,0,0,0,0,0,0,0,0,0
1080,Point,52,46,565450,137650,699-49-79,699.210361,3,299-W11-50,1759.876928,0,0,0,0,0,0,0,0,0,0,0,0,0,0,0,0,0,0,0
1081,Point,52,47,565550,137650,299-W7-16,658.909132,3,299-W11-50,1674.488818,0,0,0,0,0,0,0,0,0,0,0,0,0,0,0,0,0,0,0
1082,Point,52,48,565650,137650,299-W7-16,580.631763,2,299-W11-50,1590.804451,0,0,0,0,0,0,0,0,0,0,0,0,0,0,0,0,0,0,0
1083,Point,52,49,565750,137650,299-W7-16,510.005142,2,299-W11-50,1509.107287,0,0,0,0,0,0,0,0,0,0,0,0,0,0,0,0,0,0,0
1084,Point,52,50,565850,137650,299-W7-3,442.176924,2,299-W11-50,1429.738019,0,0,0,0,0,0,0,0,0,0,0,0,0,0,0,0,0,0,0
1085,Point,52,51,565950,137650,299-W7-3,342.219567,1,299-W11-50,1353.106353,0,0,0,0,0,0,0,0,0,0,0,0,0,0,0,0,0,0,0
1086,Point,52,52,566050,137650,299-W7-3,242.297404,1,299-W11-50,1279.704186,0,0,0,0,0,0,0,0,0,0,0,0,0,0,0,0,0,0,0
1087,Point,52,53,566150,137650,299-W7-3,142.484497,0,299-W11-50,1210.119334,0,0,0,0,0,0,0,0,0,0,0,0,0,0,0,0,0,0,0
1088,Point,52,54,566250,137650,299-W7-3,43.538854,0,299-W11-50,1145.047948,0,0,0,0,0,0,0,0,0,0,0,0,0,0,0,0,0,0,0
1089,Point,52,55,566350,137650,299-W7-3,59.071413,0,299-W11-50,1085.302171,0,0,0,0,0,0,0,0,0,0,0,0,0,0,0,0,0,0,0
1090,Point,52,56,566450,137650,299-W7-3,158.376866,0,299-W11-50,1031.807541,0,0,0,0,0,0,0,0,0,0,0,0,0,0,0,0,0,0,0
1091,Point,52,57,566550,137650,299-W7-15,222.597238,1,299-W11-50,985.582469,0,0,0,0,0,0,0,0,0,0,0,0,0,0,0,0,0,0,0
1092,Point,52,58,566650,137650,299-W7-15,122.994026,0,299-W11-50,947.691301,0,0,0,0,0,0,0,0,0,0,0,0,0,0,0,0,0,0,0
1093,Point,52,59,566750,137650,299-W7-15,26.561824,0,299-W11-50,919.165275,0,0,0,0,0,0,0,0,0,0,0,0,0,0,0,0,0,0,0
1094,Point,52,60,566850,137650,299-W7-15,79.268723,0,299-W11-50,900.894446,0,0,0,0,0,0,0,0,0,0,0,0,0,0,0,0,0,0,0
1095,Point,52,61,566950,137650,299-W7-15,178.497985,0,299-W11-50,893.508143,0,0,0,0,0,0,0,0,0,0,0,0,0,0,0,0,0,0,0
1096,Point,52,62,567050,137650,299-W6-6,268.976627,1,299-W11-50,897.27521,0,0,0,0,0,0,0,0,0,0,0,0,0,0,0,0,0,0,0
1097,Point,52,63,567150,137650,299-W6-6,169.116605,0,299-W6-15,853.251278,0,0,0,0,0,0,0,0,0,0,0,0,0,0,0,0,0,0,0
1098,Point,52,64,567250,137650,299-W6-6,69.659357,0,699-40-70A,777.526618,0,0,0,0,0,0,0,0,0,0,0,0,0,0,0,0,0,0,0
1099,Point,52,65,567350,137650,299-W6-6,33.232905,0,699-40-70A,683.503505,0,0,0,0,0,0,0,0,0,0,0,0,0,0,0,0,0,0,0
1100,Point,52,66,567450,137650,299-W6-6,131.743789,0,699-40-70A,591.444369,0,0,0,0,0,0,0,0,0,0,0,0,0,0,0,0,0,0,0
1101,Point,52,67,567550,137650,299-W6-6,231.534935,1,699-40-70A,502.429937,0,0,0,0,0,0,0,0,0,0,0,0,0,0,0,0,0,0,0
1102,Point,52,68,567650,137650,299-W6-17,212.092586,1,699-40-70A,418.407984,0,0,0,0,0,0,0,0,0,0,0,0,0,0,0,0,0,0,0
1103,Point,52,69,567750,137650,299-W6-17,177.485957,0,699-40-70A,343.066526,0,0,0,0,0,0,0,0,0,0,0,0,0,0,0,0,0,0,0
1104,Point,52,70,567850,137650,299-W6-17,194.985294,0,699-40-70A,283.414963,1,0,0,0,0,0,0,0,0,0,0,0,0,0,0,0,0,0,0
1105,Point,52,71,567950,137650,299-W5-2Q,227.242633,1,699-40-70A,250.905244,1,0,0,0,0,0,0,0,0,0,0,0,0,0,0,0,0,0,0
1106,Point,52,72,568050,137650,299-W5-2Q,128.682611,0,699-40-70A,256.091471,1,0,0,0,0,0,0,0,0,0,0,0,0,0,0,0,0,0,0
1107,Point,52,73,568150,137650,299-W5-2Q,38.460556,0,699-40-70A,297.005457,1,0,0,0,0,0,0,0,0,0,0,0,0,0,0,0,0,0,0
1108,Point,52,74,568250,137650,299-W5-2Q,79.99509,0,299-W5-1,338.318987,0,0,0,0,0,0,0,0,0,0,0,0,0,0,0,0,0,0,0
1109,Point,52,75,568350,137650,299-W5-2Q,176.972355,0,299-W5-1,329.414233,0,0,0,0,0,0,0,0,0,0,0,0,0,0,0,0,0,0,0
1110,Point,52,76,568450,137650,699-46-70,247.2433,1,299-W5-1,350.096754,0,0,0,0,0,0,0,0,0,0,0,0,0,0,0,0,0,0,0
1111,Point,52,77,568550,137650,699-46-70,147.293073,0,299-W5-1,395.754642,0,0,0,0,0,0,0,0,0,0,0,0,0,0,0,0,0,0,0
1112,Point,52,78,568650,137650,699-46-70,47.552595,0,299-W5-1,458.994267,0,0,0,0,0,0,0,0,0,0,0,0,0,0,0,0,0,0,0
1113,Point,52,79,568750,137650,699-46-70,53.171884,0,299-W5-1,533.600728,0,0,0,0,0,0,0,0,0,0,0,0,0,0,0,0,0,0,0
1114,Point,52,80,568850,137650,699-46-70,152.948518,0,299-W5-1,615.45409,0,0,0,0,0,0,0,0,0,0,0,0,0,0,0,0,0,0,0
1115,Point,52,81,568950,137650,699-46-70,252.901659,1,299-W5-1,702.024029,0,0,0,0,0,0,0,0,0,0,0,0,0,0,0,0,0,0,0
1116,Point,52,82,569050,137650,699-46-70,352.881353,1,299-W5-1,791.764951,0,0,0,0,0,0,0,0,0,0,0,0,0,0,0,0,0,0,0
1117,Point,52,83,569150,137650,699-46-70,452.870014,2,299-W5-1,883.711343,0,0,0,0,0,0,0,0,0,0,0,0,0,0,0,0,0,0,0
1118,Point,52,84,569250,137650,699-45-69C,514.733339,2,299-W5-1,977.24088,0,0,0,0,0,0,0,0,0,0,0,0,0,0,0,0,0,0,0
1119,Point,52,85,569350,137650,699-45-67C,524.571138,2,299-W5-1,1071.939241,0,0,0,0,0,0,0,0,0,0,0,0,0,0,0,0,0,0,0
1120,Point,52,86,569450,137650,699-45-67C,518.591244,2,299-W5-1,1167.52205,0,0,0,0,0,0,0,0,0,0,0,0,0,0,0,0,0,0,0
1121,Point,52,87,569550,137650,699-45-65,513.67593,2,299-W5-1,1263.788644,0,0,0,0,0,0,0,0,0,0,0,0,0,0,0,0,0,0,0
1122,Point,52,88,569650,137650,699-45-65,428.601168,2,299-W5-1,1360.593891,0,0,0,0,0,0,0,0,0,0,0,0,0,0,0,0,0,0,0
1123,Point,52,89,569750,137650,699-45-65,351.475406,1,299-W5-1,1457.83049,0,0,0,0,0,0,0,0,0,0,0,0,0,0,0,0,0,0,0
1124,Point,52,90,569850,137650,699-45-65,288.7403,1,299-W5-1,1555.417544,0,0,0,0,0,0,0,0,0,0,0,0,0,0,0,0,0,0,0
1125,Point,52,91,569950,137650,699-45-65,251.409946,1,299-W5-1,1653.292998,0,0,0,0,0,0,0,0,0,0,0,0,0,0,0,0,0,0,0
1126,Point,52,92,570050,137650,699-45-65,251.083573,1,299-W5-1,1751.408501,0,0,0,0,0,0,0,0,0,0,0,0,0,0,0,0,0,0,0
1127,Point,52,93,570150,137650,699-45-65,287.887063,1,299-W5-1,1849.725855,0,0,0,0,0,0,0,0,0,0,0,0,0,0,0,0,0,0,0
1128,Point,52,94,570250,137650,699-45-65,350.306952,1,299-W5-1,1948.2145,0,0,0,0,0,0,0,0,0,0,0,0,0,0,0,0,0,0,0
1129,Point,52,95,570350,137650,699-45-65,427.259828,2,299-W5-1,2046.84971,0,0,0,0,0,0,0,0,0,0,0,0,0,0,0,0,0,0,0
1130,Point,52,96,570450,137650,699-45-65,512.237211,2,299-W5-1,2145.611274,0,0,0,0,0,0,0,0,0,0,0,0,0,0,0,0,0,0,0
1131,Point,52,97,570550,137650,699-45-65,601.849616,3,299-W5-1,2244.48251,0,0,0,0,0,0,0,0,0,0,0,0,0,0,0,0,0,0,0
1132,Point,52,98,570650,137650,699-45-65,694.30466,3,299-W5-1,2343.449538,0,0,0,0,0,0,0,0,0,0,0,0,0,0,0,0,0,0,0
1133,Point,52,99,570750,137650,699-46-61,712.108583,3,299-W5-1,2442.500714,0,0,0,0,0,0,0,0,0,0,0,0,0,0,0,0,0,0,0
1134,Point,52,100,570850,137650,699-46-61,617.142312,3,299-W5-1,2541.626199,0,0,0,0,0,0,0,0,0,0,0,0,0,0,0,0,0,0,0
1135,Point,52,101,570950,137650,699-46-61,524.052128,2,299-W5-1,2640.817627,0,0,0,0,0,0,0,0,0,0,0,0,0,0,0,0,0,0,0
1136,Point,52,102,571050,137650,699-46-61,434.04681,2,299-W5-1,2740.067834,0,0,0,0,0,0,0,0,0,0,0,0,0,0,0,0,0,0,0
1137,Point,52,103,571150,137650,699-46-61,349.517715,1,299-W5-1,2839.370659,0,0,0,0,0,0,0,0,0,0,0,0,0,0,0,0,0,0,0
1138,Point,52,104,571250,137650,699-46-61,275.551508,1,299-W5-1,2938.720765,0,0,0,0,0,0,0,0,0,0,0,0,0,0,0,0,0,0,0
1139,Point,52,105,571350,137650,699-46-61,222.922931,1,299-W5-1,3038.113516,0,0,0,0,0,0,0,0,0,0,0,0,0,0,0,0,0,0,0
1140,Point,52,106,571450,137650,699-46-61,208.47214,1,299-W5-1,3137.544858,0,0,0,0,0,0,0,0,0,0,0,0,0,0,0,0,0,0,0
1141,Point,52,107,571550,137650,699-46-61B,238.839984,1,299-W5-1,3237.011235,0,0,0,0,0,0,0,0,0,0,0,0,0,0,0,0,0,0,0
1142,Point,52,108,571650,137650,699-46-61B,296.434037,1,299-W5-1,3336.509514,0,0,0,0,0,0,0,0,0,0,0,0,0,0,0,0,0,0,0
1143,Point,52,109,571750,137650,699-46-61B,372.426823,1,299-W5-1,3436.036923,0,0,0,0,0,0,0,0,0,0,0,0,0,0,0,0,0,0,0
1144,Point,52,110,571850,137650,699-46-61B,457.74484,2,299-W5-1,3535.591003,0,0,0,0,0,0,0,0,0,0,0,0,0,0,0,0,0,0,0
1145,Point,52,111,571950,137650,699-46-61B,548.050124,2,299-W5-1,3635.169561,0,0,0,0,0,0,0,0,0,0,0,0,0,0,0,0,0,0,0
1146,Point,52,112,572050,137650,699-46-61B,641.239065,3,299-W5-1,3734.77064,0,0,0,0,0,0,0,0,0,0,0,0,0,0,0,0,0,0,0
1147,Point,52,113,572150,137650,699-46-61B,736.217453,3,299-W5-1,3834.392486,0,0,0,0,0,0,0,0,0,0,0,0,0,0,0,0,0,0,0
1148,Point,53,32,564050,137550,299-W9-2,1822.668469,4,299-W11-92,2901.799467,0,0,0,0,0,0,0,0,0,0,0,0,0,0,0,0,0,0,0
1149,Point,53,33,564150,137550,299-W9-2,1730.224942,4,299-W11-92,2811.026173,0,0,0,0,0,0,0,0,0,0,0,0,0,0,0,0,0,0,0
1150,Point,53,34,564250,137550,299-W9-2,1638.669079,4,299-W11-92,2720.899878,0,0,0,0,0,0,0,0,0,0,0,0,0,0,0,0,0,0,0
1151,Point,53,35,564350,137550,299-W9-2,1548.158374,4,299-W11-92,2631.48706,0,0,0,0,0,0,0,0,0,0,0,0,0,0,0,0,0,0,0
1152,Point,53,36,564450,137550,299-W9-2,1458.887367,4,299-W11-92,2542.862983,0,0,0,0,0,0,0,0,0,0,0,0,0,0,0,0,0,0,0
1153,Point,53,37,564550,137550,299-W9-2,1371.098228,4,299-W11-92,2455.113062,0,0,0,0,0,0,0,0,0,0,0,0,0,0,0,0,0,0,0
1154,Point,53,38,564650,137550,299-W9-2,1285.094685,4,299-W11-92,2368.334467,0,0,0,0,0,0,0,0,0,0,0,0,0,0,0,0,0,0,0
1155,Point,53,39,564750,137550,299-W9-2,1201.260317,4,299-W11-92,2282.63798,0,0,0,0,0,0,0,0,0,0,0,0,0,0,0,0,0,0,0
1156,Point,53,40,564850,137550,299-W9-2,1120.082296,4,299-W11-92,2198.150165,0,0,0,0,0,0,0,0,0,0,0,0,0,0,0,0,0,0,0
1157,Point,53,41,564950,137550,299-W9-2,1042.181534,4,299-W11-92,2115.015874,0,0,0,0,0,0,0,0,0,0,0,0,0,0,0,0,0,0,0
1158,Point,53,42,565050,137550,299-W9-2,968.349291,4,299-W11-92,2033.401128,0,0,0,0,0,0,0,0,0,0,0,0,0,0,0,0,0,0,0
1159,Point,53,43,565150,137550,299-W9-2,899.587878,4,299-W11-92,1953.496391,0,0,0,0,0,0,0,0,0,0,0,0,0,0,0,0,0,0,0
1160,Point,53,44,565250,137550,299-W9-2,837.147747,4,299-W11-92,1875.520234,0,0,0,0,0,0,0,0,0,0,0,0,0,0,0,0,0,0,0
1161,Point,53,45,565350,137550,299-W9-2,782.543513,3,299-W11-92,1799.723353,0,0,0,0,0,0,0,0,0,0,0,0,0,0,0,0,0,0,0
1162,Point,53,46,565450,137550,299-W7-16,695.918993,3,299-W11-50,1711.284547,0,0,0,0,0,0,0,0,0,0,0,0,0,0,0,0,0,0,0
1163,Point,53,47,565550,137550,299-W7-16,606.032379,3,299-W11-50,1623.342478,0,0,0,0,0,0,0,0,0,0,0,0,0,0,0,0,0,0,0
1164,Point,53,48,565650,137550,299-W7-16,519.853099,2,299-W11-50,1536.875663,0,0,0,0,0,0,0,0,0,0,0,0,0,0,0,0,0,0,0
1165,Point,53,49,565750,137550,299-W7-16,439.56711,2,299-W11-50,1452.147652,0,0,0,0,0,0,0,0,0,0,0,0,0,0,0,0,0,0,0
1166,Point,53,50,565850,137550,299-W7-16,369.040979,1,299-W11-50,1369.481217,0,0,0,0,0,0,0,0,0,0,0,0,0,0,0,0,0,0,0
1167,Point,53,51,565950,137550,299-W7-16,314.90196,1,299-W11-50,1289.272974,0,0,0,0,0,0,0,0,0,0,0,0,0,0,0,0,0,0,0
1168,Point,53,52,566050,137550,299-W7-3,257.752268,1,299-W11-50,1212.011057,0,0,0,0,0,0,0,0,0,0,0,0,0,0,0,0,0,0,0
1169,Point,53,53,566150,137550,299-W7-3,167.421719,0,299-W11-50,1138.295569,0,0,0,0,0,0,0,0,0,0,0,0,0,0,0,0,0,0,0
1170,Point,53,54,566250,137550,299-W7-3,98.101131,0,299-W11-50,1068.860516,0,0,0,0,0,0,0,0,0,0,0,0,0,0,0,0,0,0,0
1171,Point,53,55,566350,137550,299-W7-3,105.913322,0,299-W11-50,1004.59385,0,0,0,0,0,0,0,0,0,0,0,0,0,0,0,0,0,0,0
1172,Point,53,56,566450,137550,299-W7-3,181.139261,0,299-W11-50,946.548891,0,0,0,0,0,0,0,0,0,0,0,0,0,0,0,0,0,0,0
1173,Point,53,57,566550,137550,299-W7-15,237.919168,1,299-W11-50,895.935713,0,0,0,0,0,0,0,0,0,0,0,0,0,0,0,0,0,0,0
1174,Point,53,58,566650,137550,299-W7-15,148.941366,0,299-W11-50,854.076579,0,0,0,0,0,0,0,0,0,0,0,0,0,0,0,0,0,0,0
1175,Point,53,59,566750,137550,299-W7-15,88.099549,0,299-W11-50,822.309432,0,0,0,0,0,0,0,0,0,0,0,0,0,0,0,0,0,0,0
1176,Point,53,60,566850,137550,299-W7-15,115.496885,0,299-W11-50,801.834648,0,0,0,0,0,0,0,0,0,0,0,0,0,0,0,0,0,0,0
1177,Point,53,61,566950,137550,299-W7-15,197.275266,0,299-W11-50,793.526813,0,0,0,0,0,0,0,0,0,0,0,0,0,0,0,0,0,0,0
1178,Point,53,62,567050,137550,299-W6-3,259.969747,1,299-W11-50,797.766133,0,0,0,0,0,0,0,0,0,0,0,0,0,0,0,0,0,0,0
1179,Point,53,63,567150,137550,299-W6-6,190.642141,0,299-W6-15,789.506013,0,0,0,0,0,0,0,0,0,0,0,0,0,0,0,0,0,0,0
1180,Point,53,64,567250,137550,299-W6-6,112.233801,0,299-W6-15,712.026505,0,0,0,0,0,0,0,0,0,0,0,0,0,0,0,0,0,0,0
1181,Point,53,65,567350,137550,299-W6-6,94.066073,0,299-W6-15,640.814906,0,0,0,0,0,0,0,0,0,0,0,0,0,0,0,0,0,0,0
1182,Point,53,66,567450,137550,299-W6-6,158.43114,0,699-40-70A,556.928758,0,0,0,0,0,0,0,0,0,0,0,0,0,0,0,0,0,0,0
1183,Point,53,67,567550,137550,299-W6-17,230.519554,1,699-40-70A,461.301465,0,0,0,0,0,0,0,0,0,0,0,0,0,0,0,0,0,0,0
1184,Point,53,68,567650,137550,299-W6-17,140.204369,0,699-40-70A,368.006035,0,0,0,0,0,0,0,0,0,0,0,0,0,0,0,0,0,0,0
1185,Point,53,69,567750,137550,299-W6-17,78.582854,0,699-40-70A,279.388335,1,0,0,0,0,0,0,0,0,0,0,0,0,0,0,0,0,0,0
1186,Point,53,70,567850,137550,299-W6-17,112.664391,0,699-40-70A,201.710787,1,0,0,0,0,0,0,0,0,0,0,0,0,0,0,0,0,0,0
1187,Point,53,71,567950,137550,699-40-70A,152.697876,0,699-40-70A,152.697876,2,0,0,0,0,0,0,0,0,0,0,0,0,0,0,0,0,0,0
1188,Point,53,72,568050,137550,299-W5-2Q,144.163846,0,699-40-70A,161.07775,2,0,0,0,0,0,0,0,0,0,0,0,0,0,0,0,0,0,0
1189,Point,53,73,568150,137550,299-W5-2Q,75.519629,0,699-40-70A,220.39837,1,0,0,0,0,0,0,0,0,0,0,0,0,0,0,0,0,0,0
1190,Point,53,74,568250,137550,299-W5-2Q,103.068979,0,299-W5-1,242.284413,1,0,0,0,0,0,0,0,0,0,0,0,0,0,0,0,0,0,0
1191,Point,53,75,568350,137550,299-W5-2Q,188.529081,0,299-W5-1,229.686171,1,0,0,0,0,0,0,0,0,0,0,0,0,0,0,0,0,0,0
1192,Point,53,76,568450,137550,699-46-70,268.948414,1,299-W5-1,258.475796,1,0,0,0,0,0,0,0,0,0,0,0,0,0,0,0,0,0,0
1193,Point,53,77,568550,137550,699-46-70,181.381502,0,299-W5-1,317.590518,0,0,0,0,0,0,0,0,0,0,0,0,0,0,0,0,0,0,0
1194,Point,53,78,568650,137550,699-46-70,116.039861,0,299-W5-1,393.595906,0,0,0,0,0,0,0,0,0,0,0,0,0,0,0,0,0,0,0
1195,Point,53,79,568750,137550,699-46-70,118.453574,0,299-W5-1,478.509913,0,0,0,0,0,0,0,0,0,0,0,0,0,0,0,0,0,0,0
1196,Point,53,80,568850,137550,699-46-70,186.003358,0,299-W5-1,568.353532,0,0,0,0,0,0,0,0,0,0,0,0,0,0,0,0,0,0,0
1197,Point,53,81,568950,137550,699-46-70,274.159168,1,299-W5-1,661.120062,0,0,0,0,0,0,0,0,0,0,0,0,0,0,0,0,0,0,0
1198,Point,53,82,569050,137550,699-45-69C,332.506256,1,299-W5-1,755.733906,0,0,0,0,0,0,0,0,0,0,0,0,0,0,0,0,0,0,0
1199,Point,53,83,569150,137550,699-45-69C,375.681262,1,299-W5-1,851.579554,0,0,0,0,0,0,0,0,0,0,0,0,0,0,0,0,0,0,0
1200,Point,53,84,569250,137550,699-45-69C,437.849758,2,299-W5-1,948.283574,0,0,0,0,0,0,0,0,0,0,0,0,0,0,0,0,0,0,0
1201,Point,53,85,569350,137550,699-45-67C,426.057365,2,299-W5-1,1045.607831,0,0,0,0,0,0,0,0,0,0,0,0,0,0,0,0,0,0,0
1202,Point,53,86,569450,137550,699-45-67C,418.672758,2,299-W5-1,1143.393955,0,0,0,0,0,0,0,0,0,0,0,0,0,0,0,0,0,0,0
1203,Point,53,87,569550,137550,699-45-67C,434.797514,2,299-W5-1,1241.532818,0,0,0,0,0,0,0,0,0,0,0,0,0,0,0,0,0,0,0
1204,Point,53,88,569650,137550,699-45-65,380.07231,1,299-W5-1,1339.946916,0,0,0,0,0,0,0,0,0,0,0,0,0,0,0,0,0,0,0
1205,Point,53,89,569750,137550,699-45-65,290.329056,1,299-W5-1,1438.579764,0,0,0,0,0,0,0,0,0,0,0,0,0,0,0,0,0,0,0
1206,Point,53,90,569850,137550,699-45-65,210.064183,1,299-W5-1,1537.38926,0,0,0,0,0,0,0,0,0,0,0,0,0,0,0,0,0,0,0
1207,Point,53,91,569950,137550,699-45-65,154.799744,0,299-W5-1,1636.343404,0,0,0,0,0,0,0,0,0,0,0,0,0,0,0,0,0,0,0
1208,Point,53,92,570050,137550,699-45-65,154.269118,0,299-W5-1,1735.417453,0,0,0,0,0,0,0,0,0,0,0,0,0,0,0,0,0,0,0
1209,Point,53,93,570150,137550,699-45-65,208.889829,1,299-W5-1,1834.591981,0,0,0,0,0,0,0,0,0,0,0,0,0,0,0,0,0,0,0
1210,Point,53,94,570250,137550,699-45-65,288.913414,1,299-W5-1,1933.851529,0,0,0,0,0,0,0,0,0,0,0,0,0,0,0,0,0,0,0
1211,Point,53,95,570350,137550,699-45-65,378.559059,1,299-W5-1,2033.183646,0,0,0,0,0,0,0,0,0,0,0,0,0,0,0,0,0,0,0
1212,Point,53,96,570450,137550,699-45-65,472.380102,2,299-W5-1,2132.57819,0,0,0,0,0,0,0,0,0,0,0,0,0,0,0,0,0,0,0
1213,Point,53,97,570550,137550,699-45-65,568.31238,2,299-W5-1,2232.026823,0,0,0,0,0,0,0,0,0,0,0,0,0,0,0,0,0,0,0
1214,Point,53,98,570650,137550,699-45-65,665.443432,3,299-W5-1,2331.522622,0,0,0,0,0,0,0,0,0,0,0,0,0,0,0,0,0,0,0
1215,Point,53,99,570750,137550,699-46-61,689.619194,3,299-W5-1,2431.059797,0,0,0,0,0,0,0,0,0,0,0,0,0,0,0,0,0,0,0
1216,Point,53,100,570850,137550,699-46-61,591.050449,2,299-W5-1,2530.633466,0,0,0,0,0,0,0,0,0,0,0,0,0,0,0,0,0,0,0
1217,Point,53,101,570950,137550,699-46-61,493.058448,2,299-W5-1,2630.239483,0,0,0,0,0,0,0,0,0,0,0,0,0,0,0,0,0,0,0
1218,Point,53,102,571050,137550,699-46-61,396.0715,1,299-W5-1,2729.874308,0,0,0,0,0,0,0,0,0,0,0,0,0,0,0,0,0,0,0
1219,Point,53,103,571150,137550,699-46-61,301.062507,1,299-W5-1,2829.534898,0,0,0,0,0,0,0,0,0,0,0,0,0,0,0,0,0,0,0
1220,Point,53,104,571250,137550,699-46-61,210.724069,1,299-W5-1,2929.218622,0,0,0,0,0,0,0,0,0,0,0,0,0,0,0,0,0,0,0
1221,Point,53,105,571350,137550,699-46-61,134.798491,0,299-W5-1,3028.923198,0,0,0,0,0,0,0,0,0,0,0,0,0,0,0,0,0,0,0
1222,Point,53,106,571450,137550,699-46-61,109.254901,0,299-W5-1,3128.64663,0,0,0,0,0,0,0,0,0,0,0,0,0,0,0,0,0,0,0
1223,Point,53,107,571550,137550,699-46-61B,155.102347,0,299-W5-1,3228.387173,0,0,0,0,0,0,0,0,0,0,0,0,0,0,0,0,0,0,0
1224,Point,53,108,571650,137550,699-46-61B,234.276201,1,299-W5-1,3328.143287,0,0,0,0,0,0,0,0,0,0,0,0,0,0,0,0,0,0,0
1225,Point,53,109,571750,137550,699-46-61B,325.136799,1,299-W5-1,3427.913613,0,0,0,0,0,0,0,0,0,0,0,0,0,0,0,0,0,0,0
1226,Point,53,110,571850,137550,699-46-61B,420.169654,2,299-W5-1,3527.696945,0,0,0,0,0,0,0,0,0,0,0,0,0,0,0,0,0,0,0
1227,Point,53,111,571950,137550,699-46-61B,517.079431,2,299-W5-1,3627.49221,0,0,0,0,0,0,0,0,0,0,0,0,0,0,0,0,0,0,0
1228,Point,53,112,572050,137550,699-46-61B,614.979462,3,299-W5-1,3727.29845,0,0,0,0,0,0,0,0,0,0,0,0,0,0,0,0,0,0,0
1229,Point,53,113,572150,137550,699-46-61B,713.462219,3,299-W5-1,3827.114806,0,0,0,0,0,0,0,0,0,0,0,0,0,0,0,0,0,0,0
1230,Point,54,32,564050,137450,299-W9-2,1787.928508,4,299-W11-92,2861.956699,0,0,0,0,0,0,0,0,0,0,0,0,0,0,0,0,0,0,0
1231,Point,54,33,564150,137450,299-W9-2,1693.589782,4,299-W11-92,2769.878002,0,0,0,0,0,0,0,0,0,0,0,0,0,0,0,0,0,0,0
1232,Point,54,34,564250,137450,299-W9-2,1599.938858,4,299-W11-92,2678.367441,0,0,0,0,0,0,0,0,0,0,0,0,0,0,0,0,0,0,0
1233,Point,54,35,564350,137450,299-W9-2,1507.103961,4,299-W11-92,2587.485294,0,0,0,0,0,0,0,0,0,0,0,0,0,0,0,0,0,0,0
1234,Point,54,36,564450,137450,299-W9-2,1415.245685,4,299-W11-92,2497.300172,0,0,0,0,0,0,0,0,0,0,0,0,0,0,0,0,0,0,0
1235,Point,54,37,564550,137450,299-W9-2,1324.567231,4,299-W11-92,2407.890394,0,0,0,0,0,0,0,0,0,0,0,0,0,0,0,0,0,0,0
1236,Point,54,38,564650,137450,299-W9-2,1235.328438,4,299-W11-92,2319.345629,0,0,0,0,0,0,0,0,0,0,0,0,0,0,0,0,0,0,0
1237,Point,54,39,564750,137450,299-W9-2,1147.865127,4,299-W11-92,2231.768838,0,0,0,0,0,0,0,0,0,0,0,0,0,0,0,0,0,0,0
1238,Point,54,40,564850,137450,299-W9-2,1062.615805,4,299-W11-92,2145.278571,0,0,0,0,0,0,0,0,0,0,0,0,0,0,0,0,0,0,0
1239,Point,54,41,564950,137450,299-W9-2,980.158329,4,299-W11-92,2060.011686,0,0,0,0,0,0,0,0,0,0,0,0,0,0,0,0,0,0,0
1240,Point,54,42,565050,137450,299-W9-2,901.259313,4,299-W11-92,1976.126552,0,0,0,0,0,0,0,0,0,0,0,0,0,0,0,0,0,0,0
1241,Point,54,43,565150,137450,299-W9-2,826.937936,4,299-W11-92,1893.806787,0,0,0,0,0,0,0,0,0,0,0,0,0,0,0,0,0,0,0
1242,Point,54,44,565250,137450,299-W9-2,758.540935,3,299-W11-92,1813.265603,0,0,0,0,0,0,0,0,0,0,0,0,0,0,0,0,0,0,0
1243,Point,54,45,565350,137450,299-W9-2,697.812546,3,299-W11-92,1734.750745,0,0,0,0,0,0,0,0,0,0,0,0,0,0,0,0,0,0,0
1244,Point,54,46,565450,137450,299-W9-2,646.91603,3,299-W11-92,1658.550014,0,0,0,0,0,0,0,0,0,0,0,0,0,0,0,0,0,0,0
1245,Point,54,47,565550,137450,299-W7-16,566.029367,2,299-W11-50,1576.885792,0,0,0,0,0,0,0,0,0,0,0,0,0,0,0,0,0,0,0
1246,Point,54,48,565650,137450,299-W7-16,472.611092,2,299-W11-50,1487.721346,0,0,0,0,0,0,0,0,0,0,0,0,0,0,0,0,0,0,0
1247,Point,54,49,565750,137450,299-W7-16,382.535285,1,299-W11-50,1400.021715,0,0,0,0,0,0,0,0,0,0,0,0,0,0,0,0,0,0,0
1248,Point,54,50,565850,137450,299-W7-16,298.839831,1,299-W11-50,1314.080212,0,0,0,0,0,0,0,0,0,0,0,0,0,0,0,0,0,0,0
1249,Point,54,51,565950,137450,299-W7-16,228.642176,1,299-W11-50,1230.265338,0,0,0,0,0,0,0,0,0,0,0,0,0,0,0,0,0,0,0
1250,Point,54,52,566050,137450,299-W7-16,187.747822,0,299-W11-50,1149.042559,0,0,0,0,0,0,0,0,0,0,0,0,0,0,0,0,0,0,0
1251,Point,54,53,566150,137450,299-W7-16,195.502543,0,299-W11-50,1071.001775,0,0,0,0,0,0,0,0,0,0,0,0,0,0,0,0,0,0,0
1252,Point,54,54,566250,137450,299-W7-3,193.266738,0,299-W11-50,996.890567,0,0,0,0,0,0,0,0,0,0,0,0,0,0,0,0,0,0,0
1253,Point,54,55,566350,137450,299-W7-4,153.457087,0,299-W11-50,927.651229,0,0,0,0,0,0,0,0,0,0,0,0,0,0,0,0,0,0,0
1254,Point,54,56,566450,137450,299-W7-4,147.630883,0,299-W11-50,864.455206,0,0,0,0,0,0,0,0,0,0,0,0,0,0,0,0,0,0,0
1255,Point,54,57,566550,137450,299-W7-4,200.101668,1,299-W11-50,808.720472,0,0,0,0,0,0,0,0,0,0,0,0,0,0,0,0,0,0,0
1256,Point,54,58,566650,137450,299-W7-15,221.899821,1,299-W11-50,762.085824,0,0,0,0,0,0,0,0,0,0,0,0,0,0,0,0,0,0,0
1257,Point,54,59,566750,137450,299-W7-15,186.594562,0,299-W11-50,726.306273,0,0,0,0,0,0,0,0,0,0,0,0,0,0,0,0,0,0,0
1258,Point,54,60,566850,137450,299-W7-15,200.986394,1,299-W11-50,703.04111,0,0,0,0,0,0,0,0,0,0,0,0,0,0,0,0,0,0,0
1259,Point,54,61,566950,137450,299-W6-3,225.934215,1,299-W11-50,693.550865,0,0,0,0,0,0,0,0,0,0,0,0,0,0,0,0,0,0,0
1260,Point,54,62,567050,137450,299-W6-3,165.56047,0,299-W11-50,698.39731,0,0,0,0,0,0,0,0,0,0,0,0,0,0,0,0,0,0,0
1261,Point,54,63,567150,137450,299-W6-3,154.18907,0,299-W11-50,717.289901,0,0,0,0,0,0,0,0,0,0,0,0,0,0,0,0,0,0,0
1262,Point,54,64,567250,137450,299-W6-3,200.345375,1,299-W6-15,649.818239,0,0,0,0,0,0,0,0,0,0,0,0,0,0,0,0,0,0,0
1263,Point,54,65,567350,137450,299-W6-6,191.291469,0,299-W6-15,570.899067,0,0,0,0,0,0,0,0,0,0,0,0,0,0,0,0,0,0,0
1264,Point,54,66,567450,137450,299-W6-6,229.879155,1,299-W6-15,499.587574,0,0,0,0,0,0,0,0,0,0,0,0,0,0,0,0,0,0,0
1265,Point,54,67,567550,137450,299-W6-17,218.662445,1,699-40-70A,439.502266,0,0,0,0,0,0,0,0,0,0,0,0,0,0,0,0,0,0,0
1266,Point,54,68,567650,137450,299-W6-17,119.713262,0,699-40-70A,340.281709,0,0,0,0,0,0,0,0,0,0,0,0,0,0,0,0,0,0,0
1267,Point,54,69,567750,137450,299-W6-17,29.142152,0,699-40-70A,241.704451,1,0,0,0,0,0,0,0,0,0,0,0,0,0,0,0,0,0,0
1268,Point,54,70,567850,137450,299-W6-17,85.832773,0,699-40-70A,145.087703,2,0,0,0,0,0,0,0,0,0,0,0,0,0,0,0,0,0,0
1269,Point,54,71,567950,137450,699-40-70A,60.661697,0,699-40-70A,60.661697,3,0,0,0,0,0,0,0,0,0,0,0,0,0,0,0,0,0,0
1270,Point,54,72,568050,137450,699-40-70A,79.430734,0,699-40-70A,79.430734,3,0,0,0,0,0,0,0,0,0,0,0,0,0,0,0,0,0,0
1271,Point,54,73,568150,137450,699-40-70A,170.113613,0,699-40-70A,170.113613,2,0,0,0,0,0,0,0,0,0,0,0,0,0,0,0,0,0,0
1272,Point,54,74,568250,137450,299-W5-2Q,186.674086,0,299-W5-1,151.471902,2,0,0,0,0,0,0,0,0,0,0,0,0,0,0,0,0,0,0
1273,Point,54,75,568350,137450,299-W5-2Q,244.473341,1,299-W5-1,130.37537,2,0,0,0,0,0,0,0,0,0,0,0,0,0,0,0,0,0,0
1274,Point,54,76,568450,137450,699-46-70,321.772046,1,299-W5-1,176.215031,2,0,0,0,0,0,0,0,0,0,0,0,0,0,0,0,0,0,0
1275,Point,54,77,568550,137450,699-46-70,253.186195,1,299-W5-1,255.158259,1,0,0,0,0,0,0,0,0,0,0,0,0,0,0,0,0,0,0
1276,Point,54,78,568650,137450,699-46-70,211.35101,1,299-W5-1,345.195216,0,0,0,0,0,0,0,0,0,0,0,0,0,0,0,0,0,0,0
1277,Point,54,79,568750,137450,699-46-70,212.685799,1,299-W5-1,439.560846,0,0,0,0,0,0,0,0,0,0,0,0,0,0,0,0,0,0,0
1278,Point,54,80,568850,137450,699-45-69C,237.002976,1,299-W5-1,535.973635,0,0,0,0,0,0,0,0,0,0,0,0,0,0,0,0,0,0,0
1279,Point,54,81,568950,137450,699-45-69C,216.209182,1,299-W5-1,633.499595,0,0,0,0,0,0,0,0,0,0,0,0,0,0,0,0,0,0,0
1280,Point,54,82,569050,137450,699-45-69C,239.42099,1,299-W5-1,731.693745,0,0,0,0,0,0,0,0,0,0,0,0,0,0,0,0,0,0,0
1281,Point,54,83,569150,137450,699-45-69C,296.476661,1,299-W5-1,830.319057,0,0,0,0,0,0,0,0,0,0,0,0,0,0,0,0,0,0,0
1282,Point,54,84,569250,137450,699-45-67C,366.214252,1,299-W5-1,929.238256,0,0,0,0,0,0,0,0,0,0,0,0,0,0,0,0,0,0,0
1283,Point,54,85,569350,137450,699-45-67C,328.443113,1,299-W5-1,1028.366538,0,0,0,0,0,0,0,0,0,0,0,0,0,0,0,0,0,0,0
1284,Point,54,86,569450,137450,699-45-67C,318.805393,1,299-W5-1,1127.648765,0,0,0,0,0,0,0,0,0,0,0,0,0,0,0,0,0,0,0
1285,Point,54,87,569550,137450,699-45-67C,339.704104,1,299-W5-1,1227.047569,0,0,0,0,0,0,0,0,0,0,0,0,0,0,0,0,0,0,0
1286,Point,54,88,569650,137450,699-45-65,353.851608,1,299-W5-1,1326.536745,0,0,0,0,0,0,0,0,0,0,0,0,0,0,0,0,0,0,0
1287,Point,54,89,569750,137450,699-45-65,255.043057,1,299-W5-1,1426.09738,0,0,0,0,0,0,0,0,0,0,0,0,0,0,0,0,0,0,0
1288,Point,54,90,569850,137450,699-45-65,157.743338,0,299-W5-1,1525.715484,0,0,0,0,0,0,0,0,0,0,0,0,0,0,0,0,0,0,0
1289,Point,54,91,569950,137450,699-45-65,68.694693,0,299-W5-1,1625.38049,0,0,0,0,0,0,0,0,0,0,0,0,0,0,0,0,0,0,0
1290,Point,54,92,570050,137450,699-45-65,67.49045,0,299-W5-1,1725.08427,0,0,0,0,0,0,0,0,0,0,0,0,0,0,0,0,0,0,0
1291,Point,54,93,570150,137450,699-45-65,156.176057,0,299-W5-1,1824.820467,0,0,0,0,0,0,0,0,0,0,0,0,0,0,0,0,0,0,0
1292,Point,54,94,570250,137450,699-45-65,253.430386,1,299-W5-1,1924.584043,0,0,0,0,0,0,0,0,0,0,0,0,0,0,0,0,0,0,0
1293,Point,54,95,570350,137450,699-45-65,352.225724,1,299-W5-1,2024.370948,0,0,0,0,0,0,0,0,0,0,0,0,0,0,0,0,0,0,0
1294,Point,54,96,570450,137450,699-45-65,451.551725,2,299-W5-1,2124.177897,0,0,0,0,0,0,0,0,0,0,0,0,0,0,0,0,0,0,0
1295,Point,54,97,570550,137450,699-45-65,551.121548,2,299-W5-1,2224.002189,0,0,0,0,0,0,0,0,0,0,0,0,0,0,0,0,0,0,0
1296,Point,54,98,570650,137450,699-44-64,610.406444,3,299-W5-1,2323.84159,0,0,0,0,0,0,0,0,0,0,0,0,0,0,0,0,0,0,0
1297,Point,54,99,570750,137450,699-44-64,659.14037,3,299-W5-1,2423.694233,0,0,0,0,0,0,0,0,0,0,0,0,0,0,0,0,0,0,0
1298,Point,54,100,570850,137450,699-46-61,581.219953,2,299-W5-1,2523.558546,0,0,0,0,0,0,0,0,0,0,0,0,0,0,0,0,0,0,0
1299,Point,54,101,570950,137450,699-46-61,481.230333,2,299-W5-1,2623.433197,0,0,0,0,0,0,0,0,0,0,0,0,0,0,0,0,0,0,0
1300,Point,54,102,571050,137450,699-46-61,381.246158,1,299-W5-1,2723.317047,0,0,0,0,0,0,0,0,0,0,0,0,0,0,0,0,0,0,0
1301,Point,54,103,571150,137450,699-46-61,281.273236,1,299-W5-1,2823.20912,0,0,0,0,0,0,0,0,0,0,0,0,0,0,0,0,0,0,0
1302,Point,54,104,571250,137450,699-46-61,181.330178,0,299-W5-1,2923.108574,0,0,0,0,0,0,0,0,0,0,0,0,0,0,0,0,0,0,0
1303,Point,54,105,571350,137450,699-46-61,81.526887,0,299-W5-1,3023.014677,0,0,0,0,0,0,0,0,0,0,0,0,0,0,0,0,0,0,0
1304,Point,54,106,571450,137450,699-46-61B,15.502844,0,299-W5-1,3122.92679,0,0,0,0,0,0,0,0,0,0,0,0,0,0,0,0,0,0,0
1305,Point,54,107,571550,137450,699-46-61B,105.209021,0,299-W5-1,3222.844355,0,0,0,0,0,0,0,0,0,0,0,0,0,0,0,0,0,0,0
1306,Point,54,108,571650,137450,699-46-61B,204.688881,1,299-W5-1,3322.76688,0,0,0,0,0,0,0,0,0,0,0,0,0,0,0,0,0,0,0
1307,Point,54,109,571750,137450,699-46-61B,304.509668,1,299-W5-1,3422.69393,0,0,0,0,0,0,0,0,0,0,0,0,0,0,0,0,0,0,0
1308,Point,54,110,571850,137450,699-46-61B,404.419013,2,299-W5-1,3522.62512,0,0,0,0,0,0,0,0,0,0,0,0,0,0,0,0,0,0,0
1309,Point,54,111,571950,137450,699-46-61B,504.364291,2,299-W5-1,3622.560108,0,0,0,0,0,0,0,0,0,0,0,0,0,0,0,0,0,0,0
1310,Point,54,112,572050,137450,699-46-61B,604.327675,3,299-W5-1,3722.498588,0,0,0,0,0,0,0,0,0,0,0,0,0,0,0,0,0,0,0
1311,Point,54,113,572150,137450,699-46-61B,704.301454,3,299-W5-1,3822.440286,0,0,0,0,0,0,0,0,0,0,0,0,0,0,0,0,0,0,0
1312,Point,55,32,564050,137350,299-W9-2,1758.196903,4,299-W11-92,2825.093299,0,0,0,0,0,0,0,0,0,0,0,0,0,0,0,0,0,0,0
1313,Point,55,33,564150,137350,299-W9-2,1662.171576,4,299-W11-92,2731.772346,0,0,0,0,0,0,0,0,0,0,0,0,0,0,0,0,0,0,0
1314,Point,55,34,564250,137350,299-W9-2,1566.643658,4,299-W11-92,2638.940725,0,0,0,0,0,0,0,0,0,0,0,0,0,0,0,0,0,0,0
1315,Point,55,35,564350,137350,299-W9-2,1471.710009,4,299-W11-92,2546.651949,0,0,0,0,0,0,0,0,0,0,0,0,0,0,0,0,0,0,0
1316,Point,55,36,564450,137350,299-W9-2,1377.493503,4,299-W11-92,2454.96724,0,0,0,0,0,0,0,0,0,0,0,0,0,0,0,0,0,0,0
1317,Point,55,37,564550,137350,299-W9-2,1284.151996,4,299-W11-92,2363.956884,0,0,0,0,0,0,0,0,0,0,0,0,0,0,0,0,0,0,0
1318,Point,55,38,564650,137350,299-W9-2,1191.891081,4,299-W11-92,2273.70186,0,0,0,0,0,0,0,0,0,0,0,0,0,0,0,0,0,0,0
1319,Point,55,39,564750,137350,299-W9-2,1100.982447,4,299-W11-92,2184.295801,0,0,0,0,0,0,0,0,0,0,0,0,0,0,0,0,0,0,0
1320,Point,55,40,564850,137350,299-W9-2,1011.790665,4,299-W11-92,2095.847358,0,0,0,0,0,0,0,0,0,0,0,0,0,0,0,0,0,0,0
1321,Point,55,41,564950,137350,299-W9-2,924.812602,4,299-W11-92,2008.483046,0,0,0,0,0,0,0,0,0,0,0,0,0,0,0,0,0,0,0
1322,Point,55,42,565050,137350,299-W9-2,840.7356,4,299-W11-92,1922.350683,0,0,0,0,0,0,0,0,0,0,0,0,0,0,0,0,0,0,0
1323,Point,55,43,565150,137350,299-W9-2,760.522419,3,299-W11-92,1837.623506,0,0,0,0,0,0,0,0,0,0,0,0,0,0,0,0,0,0,0
1324,Point,55,44,565250,137350,299-W9-2,685.530707,3,299-W11-92,1754.505101,0,0,0,0,0,0,0,0,0,0,0,0,0,0,0,0,0,0,0
1325,Point,55,45,565350,137350,299-W9-2,617.665241,3,299-W11-92,1673.235234,0,0,0,0,0,0,0,0,0,0,0,0,0,0,0,0,0,0,0
1326,Point,55,46,565450,137350,299-W9-2,559.525111,2,299-W11-92,1594.096656,0,0,0,0,0,0,0,0,0,0,0,0,0,0,0,0,0,0,0
1327,Point,55,47,565550,137350,299-W9-2,514.418458,2,299-W11-92,1517.422864,0,0,0,0,0,0,0,0,0,0,0,0,0,0,0,0,0,0,0
1328,Point,55,48,565650,137350,299-W7-16,443.255281,2,299-W11-92,1443.606646,0,0,0,0,0,0,0,0,0,0,0,0,0,0,0,0,0,0,0
1329,Point,55,49,565750,137350,299-W7-16,345.611407,1,299-W11-50,1353.288145,0,0,0,0,0,0,0,0,0,0,0,0,0,0,0,0,0,0,0
1330,Point,55,50,565850,137350,299-W7-16,249.838437,1,299-W11-50,1264.173565,0,0,0,0,0,0,0,0,0,0,0,0,0,0,0,0,0,0,0
1331,Point,55,51,565950,137350,299-W7-16,159.346304,0,299-W11-50,1176.809586,0,0,0,0,0,0,0,0,0,0,0,0,0,0,0,0,0,0,0
1332,Point,55,52,566050,137350,299-W7-16,91.450776,0,299-W11-50,1091.616601,0,0,0,0,0,0,0,0,0,0,0,0,0,0,0,0,0,0,0
1333,Point,55,53,566150,137350,299-W7-16,106.467105,0,299-W11-50,1009.144589,0,0,0,0,0,0,0,0,0,0,0,0,0,0,0,0,0,0,0
1334,Point,55,54,566250,137350,299-W7-4,164.17027,0,299-W11-50,930.117628,0,0,0,0,0,0,0,0,0,0,0,0,0,0,0,0,0,0,0
1335,Point,55,55,566350,137350,299-W7-4,72.09492,0,299-W11-50,855.490972,0,0,0,0,0,0,0,0,0,0,0,0,0,0,0,0,0,0,0
1336,Point,55,56,566450,137350,299-W7-4,58.681151,0,299-W11-50,786.518151,0,0,0,0,0,0,0,0,0,0,0,0,0,0,0,0,0,0,0
1337,Point,55,57,566550,137350,299-W7-4,147.2728,0,299-W11-50,724.815013,0,0,0,0,0,0,0,0,0,0,0,0,0,0,0,0,0,0,0
1338,Point,55,58,566650,137350,299-W10-205,213.728082,1,299-W11-50,672.385903,0,0,0,0,0,0,0,0,0,0,0,0,0,0,0,0,0,0,0
1339,Point,55,59,566750,137350,299-W10-205,168.942869,0,299-W11-50,631.544775,0,0,0,0,0,0,0,0,0,0,0,0,0,0,0,0,0,0,0
1340,Point,55,60,566850,137350,299-W10-205,177.210872,0,299-W11-50,604.64436,0,0,0,0,0,0,0,0,0,0,0,0,0,0,0,0,0,0,0
1341,Point,55,61,566950,137350,299-W6-3,175.705063,0,299-W11-50,593.583021,0,0,0,0,0,0,0,0,0,0,0,0,0,0,0,0,0,0,0
1342,Point,55,62,567050,137350,299-W6-3,85.066264,0,299-W11-50,599.238519,0,0,0,0,0,0,0,0,0,0,0,0,0,0,0,0,0,0,0
1343,Point,55,63,567150,137350,299-W6-3,60.002244,0,299-W11-50,621.154411,0,0,0,0,0,0,0,0,0,0,0,0,0,0,0,0,0,0,0
1344,Point,55,64,567250,137350,299-W6-3,141.294973,0,299-W6-15,597.951289,0,0,0,0,0,0,0,0,0,0,0,0,0,0,0,0,0,0,0
1345,Point,55,65,567350,137350,299-W6-3,237.335773,1,299-W6-15,511.08487,0,0,0,0,0,0,0,0,0,0,0,0,0,0,0,0,0,0,0
1346,Point,55,66,567450,137350,299-W6-6,317.156785,1,299-W6-15,429.964817,0,0,0,0,0,0,0,0,0,0,0,0,0,0,0,0,0,0,0
1347,Point,55,67,567550,137350,299-W6-17,249.974529,1,299-W6-15,358.513241,0,0,0,0,0,0,0,0,0,0,0,0,0,0,0,0,0,0,0
1348,Point,55,68,567650,137350,299-W6-17,170.309322,0,299-W6-15,303.634228,0,0,0,0,0,0,0,0,0,0,0,0,0,0,0,0,0,0,0
1349,Point,55,69,567750,137350,299-W6-17,124.592395,0,699-40-70A,242.454617,1,0,0,0,0,0,0,0,0,0,0,0,0,0,0,0,0,0,0
1350,Point,55,70,567850,137350,699-40-70A,146.334007,0,699-40-70A,146.334007,2,0,0,0,0,0,0,0,0,0,0,0,0,0,0,0,0,0,0
1351,Point,55,71,567950,137350,699-40-70A,63.584915,0,699-40-70A,63.584915,3,0,0,0,0,0,0,0,0,0,0,0,0,0,0,0,0,0,0
1352,Point,55,72,568050,137350,699-40-70A,81.685014,0,699-40-70A,81.685014,3,0,0,0,0,0,0,0,0,0,0,0,0,0,0,0,0,0,0
1353,Point,55,73,568150,137350,699-40-70A,171.177807,0,699-40-70A,171.177807,2,0,0,0,0,0,0,0,0,0,0,0,0,0,0,0,0,0,0
1354,Point,55,74,568250,137350,699-40-70A,268.200003,1,299-W5-1,84.768727,3,0,0,0,0,0,0,0,0,0,0,0,0,0,0,0,0,0,0
1355,Point,55,75,568350,137350,299-W5-2Q,322.476688,1,299-W5-1,35.209899,4,0,0,0,0,0,0,0,0,0,0,0,0,0,0,0,0,0,0
1356,Point,55,76,568450,137350,299-W5-2Q,385.890158,1,299-W5-1,123.66785,2,0,0,0,0,0,0,0,0,0,0,0,0,0,0,0,0,0,0
1357,Point,55,77,568550,137350,699-46-70,339.569211,1,299-W5-1,222.143505,1,0,0,0,0,0,0,0,0,0,0,0,0,0,0,0,0,0,0
1358,Point,55,78,568650,137350,699-46-70,309.634057,1,299-W5-1,321.561405,0,0,0,0,0,0,0,0,0,0,0,0,0,0,0,0,0,0,0
1359,Point,55,79,568750,137350,699-45-69C,228.815232,1,299-W5-1,421.254955,0,0,0,0,0,0,0,0,0,0,0,0,0,0,0,0,0,0,0
1360,Point,55,80,568850,137350,699-45-69C,151.434509,0,299-W5-1,521.065962,0,0,0,0,0,0,0,0,0,0,0,0,0,0,0,0,0,0,0
1361,Point,55,81,568950,137350,699-45-69C,116.225688,0,299-W5-1,620.937788,0,0,0,0,0,0,0,0,0,0,0,0,0,0,0,0,0,0,0
1362,Point,55,82,569050,137350,699-45-69C,155.191528,0,299-W5-1,720.845155,0,0,0,0,0,0,0,0,0,0,0,0,0,0,0,0,0,0,0
1363,Point,55,83,569150,137350,699-45-69C,233.79566,1,299-W5-1,820.775083,0,0,0,0,0,0,0,0,0,0,0,0,0,0,0,0,0,0,0
1364,Point,55,84,569250,137350,699-45-67C,283.659794,1,299-W5-1,920.720227,0,0,0,0,0,0,0,0,0,0,0,0,0,0,0,0,0,0,0
1365,Point,55,85,569350,137350,699-45-67C,232.86236,1,299-W5-1,1020.676118,0,0,0,0,0,0,0,0,0,0,0,0,0,0,0,0,0,0,0
1366,Point,55,86,569450,137350,699-45-67C,219.059076,1,299-W5-1,1120.639878,0,0,0,0,0,0,0,0,0,0,0,0,0,0,0,0,0,0,0
1367,Point,55,87,569550,137350,699-45-67C,248.493216,1,299-W5-1,1220.609576,0,0,0,0,0,0,0,0,0,0,0,0,0,0,0,0,0,0,0
1368,Point,55,88,569650,137350,699-45-67C,309.048343,1,299-W5-1,1320.583862,0,0,0,0,0,0,0,0,0,0,0,0,0,0,0,0,0,0,0
1369,Point,55,89,569750,137350,699-45-65,256.520878,1,299-W5-1,1420.561768,0,0,0,0,0,0,0,0,0,0,0,0,0,0,0,0,0,0,0
1370,Point,55,90,569850,137350,699-45-65,160.121706,0,299-W5-1,1520.54258,0,0,0,0,0,0,0,0,0,0,0,0,0,0,0,0,0,0,0
1371,Point,55,91,569950,137350,699-45-65,73.992978,0,299-W5-1,1620.525759,0,0,0,0,0,0,0,0,0,0,0,0,0,0,0,0,0,0,0
1372,Point,55,92,570050,137350,699-45-65,72.876339,0,299-W5-1,1720.510894,0,0,0,0,0,0,0,0,0,0,0,0,0,0,0,0,0,0,0
1373,Point,55,93,570150,137350,699-45-65,158.577933,0,299-W5-1,1820.497662,0,0,0,0,0,0,0,0,0,0,0,0,0,0,0,0,0,0,0
1374,Point,55,94,570250,137350,699-45-65,254.917557,1,299-W5-1,1920.485808,0,0,0,0,0,0,0,0,0,0,0,0,0,0,0,0,0,0,0
1375,Point,55,95,570350,137350,699-45-65,353.29727,1,299-W5-1,2020.475127,0,0,0,0,0,0,0,0,0,0,0,0,0,0,0,0,0,0,0
1376,Point,55,96,570450,137350,699-45-65,452.388064,2,299-W5-1,2120.465453,0,0,0,0,0,0,0,0,0,0,0,0,0,0,0,0,0,0,0
1377,Point,55,97,570550,137350,699-44-64,479.804155,2,299-W5-1,2220.456651,0,0,0,0,0,0,0,0,0,0,0,0,0,0,0,0,0,0,0
1378,Point,55,98,570650,137350,699-44-64,521.614827,2,299-W5-1,2320.448607,0,0,0,0,0,0,0,0,0,0,0,0,0,0,0,0,0,0,0
1379,Point,55,99,570750,137350,699-44-64,577.885826,2,299-W5-1,2420.441228,0,0,0,0,0,0,0,0,0,0,0,0,0,0,0,0,0,0,0
1380,Point,55,100,570850,137350,699-46-61,588.46634,2,299-W5-1,2520.434434,0,0,0,0,0,0,0,0,0,0,0,0,0,0,0,0,0,0,0
1381,Point,55,101,570950,137350,699-46-61,489.957787,2,299-W5-1,2620.428159,0,0,0,0,0,0,0,0,0,0,0,0,0,0,0,0,0,0,0
1382,Point,55,102,571050,137350,699-46-61,392.204836,1,299-W5-1,2720.422345,0,0,0,0,0,0,0,0,0,0,0,0,0,0,0,0,0,0,0
1383,Point,55,103,571150,137350,699-46-61,295.957148,1,299-W5-1,2820.416944,0,0,0,0,0,0,0,0,0,0,0,0,0,0,0,0,0,0,0
1384,Point,55,104,571250,137350,699-46-61,203.363304,1,299-W5-1,2920.411912,0,0,0,0,0,0,0,0,0,0,0,0,0,0,0,0,0,0,0
1385,Point,55,105,571350,137350,699-46-61,122.974116,0,299-W5-1,3020.407214,0,0,0,0,0,0,0,0,0,0,0,0,0,0,0,0,0,0,0
1386,Point,55,106,571450,137350,699-46-61B,85.161835,0,299-W5-1,3120.402816,0,0,0,0,0,0,0,0,0,0,0,0,0,0,0,0,0,0,0
1387,Point,55,107,571550,137350,699-46-61B,134.466123,0,299-W5-1,3220.398692,0,0,0,0,0,0,0,0,0,0,0,0,0,0,0,0,0,0,0
1388,Point,55,108,571650,137350,699-46-61B,221.155462,1,299-W5-1,3320.394816,0,0,0,0,0,0,0,0,0,0,0,0,0,0,0,0,0,0,0
1389,Point,55,109,571750,137350,699-46-61B,315.813771,1,299-W5-1,3420.391167,0,0,0,0,0,0,0,0,0,0,0,0,0,0,0,0,0,0,0
1390,Point,55,110,571850,137350,699-46-61B,412.997504,2,299-W5-1,3520.387725,0,0,0,0,0,0,0,0,0,0,0,0,0,0,0,0,0,0,0
1391,Point,55,111,571950,137350,699-46-61B,511.268558,2,299-W5-1,3620.384474,0,0,0,0,0,0,0,0,0,0,0,0,0,0,0,0,0,0,0
1392,Point,55,112,572050,137350,699-46-61B,610.101744,3,299-W5-1,3720.381397,0,0,0,0,0,0,0,0,0,0,0,0,0,0,0,0,0,0,0
1393,Point,55,113,572150,137350,699-46-61B,709.262108,3,299-W5-1,3820.378481,0,0,0,0,0,0,0,0,0,0,0,0,0,0,0,0,0,0,0
1394,Point,56,32,564050,137250,299-W9-2,1733.731337,4,299-W11-92,2791.327309,0,0,0,0,0,0,0,0,0,0,0,0,0,0,0,0,0,0,0
1395,Point,56,33,564150,137250,299-W9-2,1636.270867,4,299-W11-92,2696.838176,0,0,0,0,0,0,0,0,0,0,0,0,0,0,0,0,0,0,0
1396,Point,56,34,564250,137250,299-W9-2,1539.136235,4,299-W11-92,2602.76087,0,0,0,0,0,0,0,0,0,0,0,0,0,0,0,0,0,0,0
1397,Point,56,35,564350,137250,299-W9-2,1442.393272,4,299-W11-92,2509.141715,0,0,0,0,0,0,0,0,0,0,0,0,0,0,0,0,0,0,0
1398,Point,56,36,564450,137250,299-W9-2,1346.126424,4,299-W11-92,2416.033971,0,0,0,0,0,0,0,0,0,0,0,0,0,0,0,0,0,0,0
1399,Point,56,37,564550,137250,299-W9-2,1250.44566,4,299-W11-92,2323.499117,0,0,0,0,0,0,0,0,0,0,0,0,0,0,0,0,0,0,0
1400,Point,56,38,564650,137250,299-W9-2,1155.496581,4,299-W11-92,2231.608422,0,0,0,0,0,0,0,0,0,0,0,0,0,0,0,0,0,0,0
1401,Point,56,39,564750,137250,299-W9-2,1061.475553,4,299-W11-92,2140.444848,0,0,0,0,0,0,0,0,0,0,0,0,0,0,0,0,0,0,0
1402,Point,56,40,564850,137250,299-W9-2,968.652853,4,299-W11-92,2050.105399,0,0,0,0,0,0,0,0,0,0,0,0,0,0,0,0,0,0,0
1403,Point,56,41,564950,137250,299-W9-2,877.408884,4,299-W11-92,1960.703993,0,0,0,0,0,0,0,0,0,0,0,0,0,0,0,0,0,0,0
1404,Point,56,42,565050,137250,299-W9-2,788.292046,3,299-W11-92,1872.375002,0,0,0,0,0,0,0,0,0,0,0,0,0,0,0,0,0,0,0
1405,Point,56,43,565150,137250,299-W9-2,702.112776,3,299-W11-92,1785.277611,0,0,0,0,0,0,0,0,0,0,0,0,0,0,0,0,0,0,0
1406,Point,56,44,565250,137250,299-W9-2,620.097049,3,299-W11-92,1699.601173,0,0,0,0,0,0,0,0,0,0,0,0,0,0,0,0,0,0,0
1407,Point,56,45,565350,137250,299-W9-2,544.13082,2,299-W11-92,1615.571771,0,0,0,0,0,0,0,0,0,0,0,0,0,0,0,0,0,0,0
1408,Point,56,46,565450,137250,299-W9-2,477.112513,2,299-W11-92,1533.460188,0,0,0,0,0,0,0,0,0,0,0,0,0,0,0,0,0,0,0
1409,Point,56,47,565550,137250,299-W9-2,423.313536,2,299-W11-92,1453.591465,0,0,0,0,0,0,0,0,0,0,0,0,0,0,0,0,0,0,0
1410,Point,56,48,565650,137250,299-W9-2,388.268399,1,299-W11-92,1376.356112,0,0,0,0,0,0,0,0,0,0,0,0,0,0,0,0,0,0,0
1411,Point,56,49,565750,137250,299-W7-16,335.501482,1,299-W11-92,1302.222772,0,0,0,0,0,0,0,0,0,0,0,0,0,0,0,0,0,0,0
1412,Point,56,50,565850,137250,299-W7-16,235.654927,1,299-W11-50,1220.435497,0,0,0,0,0,0,0,0,0,0,0,0,0,0,0,0,0,0,0
1413,Point,56,51,565950,137250,299-W7-16,136.033983,0,299-W11-50,1129.694119,0,0,0,0,0,0,0,0,0,0,0,0,0,0,0,0,0,0,0
1414,Point,56,52,566050,137250,299-W7-16,38.434939,0,299-W11-50,1040.651144,0,0,0,0,0,0,0,0,0,0,0,0,0,0,0,0,0,0,0
1415,Point,56,53,566150,137250,299-W7-16,66.702657,0,299-W11-50,953.782366,0,0,0,0,0,0,0,0,0,0,0,0,0,0,0,0,0,0,0
1416,Point,56,54,566250,137250,299-W7-16,165.593612,0,299-W11-50,869.739503,0,0,0,0,0,0,0,0,0,0,0,0,0,0,0,0,0,0,0
1417,Point,56,55,566350,137250,299-W7-4,82.742235,0,299-W11-50,789.425616,0,0,0,0,0,0,0,0,0,0,0,0,0,0,0,0,0,0,0
1418,Point,56,56,566450,137250,299-W7-4,71.358794,0,299-W11-50,714.099995,0,0,0,0,0,0,0,0,0,0,0,0,0,0,0,0,0,0,0
1419,Point,56,57,566550,137250,299-W7-4,152.767397,0,299-W11-50,645.511272,0,0,0,0,0,0,0,0,0,0,0,0,0,0,0,0,0,0,0
1420,Point,56,58,566650,137250,299-W10-205,150.511438,0,299-W11-50,586.029694,0,0,0,0,0,0,0,0,0,0,0,0,0,0,0,0,0,0,0
1421,Point,56,59,566750,137250,299-W10-205,74.267712,0,299-W11-50,538.680613,0,0,0,0,0,0,0,0,0,0,0,0,0,0,0,0,0,0,0
1422,Point,56,60,566850,137250,299-W10-205,91.529738,0,299-W11-50,506.87553,0,0,0,0,0,0,0,0,0,0,0,0,0,0,0,0,0,0,0
1423,Point,56,61,566950,137250,299-W6-3,175.209216,0,299-W11-50,493.628203,0,0,0,0,0,0,0,0,0,0,0,0,0,0,0,0,0,0,0
1424,Point,56,62,567050,137250,299-W6-3,84.037309,0,299-W11-50,500.414631,0,0,0,0,0,0,0,0,0,0,0,0,0,0,0,0,0,0,0
1425,Point,56,63,567150,137250,299-W6-3,58.534343,0,299-W11-50,526.460637,0,0,0,0,0,0,0,0,0,0,0,0,0,0,0,0,0,0,0
1426,Point,56,64,567250,137250,299-W11-18,111.671453,0,299-W6-15,559.310061,0,0,0,0,0,0,0,0,0,0,0,0,0,0,0,0,0,0,0
1427,Point,56,65,567350,137250,299-W11-18,189.966611,0,299-W6-15,465.284584,0,0,0,0,0,0,0,0,0,0,0,0,0,0,0,0,0,0,0
1428,Point,56,66,567450,137250,299-W11-18,282.319169,1,299-W6-15,374.36846,0,0,0,0,0,0,0,0,0,0,0,0,0,0,0,0,0,0,0
1429,Point,56,67,567550,137250,299-W6-15,289.506035,1,299-W6-15,289.506035,1,0,0,0,0,0,0,0,0,0,0,0,0,0,0,0,0,0,0
1430,Point,56,68,567650,137250,299-W6-15,217.889293,1,299-W6-15,217.889293,1,0,0,0,0,0,0,0,0,0,0,0,0,0,0,0,0,0,0
1431,Point,56,69,567750,137250,299-W6-15,176.458902,0,299-W6-15,176.458902,2,0,0,0,0,0,0,0,0,0,0,0,0,0,0,0,0,0,0
1432,Point,56,70,567850,137250,299-W11-88,139.114906,0,299-W6-15,186.546895,2,0,0,0,0,0,0,0,0,0,0,0,0,0,0,0,0,0,0
1433,Point,56,71,567950,137250,699-40-70A,156.224971,0,699-40-70A,156.224971,2,0,0,0,0,0,0,0,0,0,0,0,0,0,0,0,0,0,0
1434,Point,56,72,568050,137250,699-40-70A,164.425185,0,699-40-70A,164.425185,2,0,0,0,0,0,0,0,0,0,0,0,0,0,0,0,0,0,0
1435,Point,56,73,568150,137250,699-40-70A,222.856549,1,299-W5-1,193.322883,2,0,0,0,0,0,0,0,0,0,0,0,0,0,0,0,0,0,0
1436,Point,56,74,568250,137250,699-40-70A,303.800002,1,299-W5-1,106.900594,2,0,0,0,0,0,0,0,0,0,0,0,0,0,0,0,0,0,0
1437,Point,56,75,568350,137250,699-40-70A,393.60366,1,299-W5-1,74.038753,3,0,0,0,0,0,0,0,0,0,0,0,0,0,0,0,0,0,0
1438,Point,56,76,568450,137250,299-W5-2Q,461.665695,2,299-W5-1,139.770301,2,0,0,0,0,0,0,0,0,0,0,0,0,0,0,0,0,0,0
1439,Point,56,77,568550,137250,699-45-69C,397.449884,1,299-W5-1,231.494572,1,0,0,0,0,0,0,0,0,0,0,0,0,0,0,0,0,0,0
1440,Point,56,78,568650,137250,699-45-69C,297.560768,1,299-W5-1,328.09105,0,0,0,0,0,0,0,0,0,0,0,0,0,0,0,0,0,0,0
1441,Point,56,79,568750,137250,699-45-69C,197.783747,0,299-W5-1,426.260175,0,0,0,0,0,0,0,0,0,0,0,0,0,0,0,0,0,0,0
1442,Point,56,80,568850,137250,699-45-69C,98.460198,0,299-W5-1,525.120688,0,0,0,0,0,0,0,0,0,0,0,0,0,0,0,0,0,0,0
1443,Point,56,81,568950,137250,699-45-69C,16.444163,0,299-W5-1,624.344246,0,0,0,0,0,0,0,0,0,0,0,0,0,0,0,0,0,0,0
1444,Point,56,82,569050,137250,699-45-69C,104.146102,0,299-W5-1,723.781553,0,0,0,0,0,0,0,0,0,0,0,0,0,0,0,0,0,0,0
1445,Point,56,83,569150,137250,699-45-69C,203.524963,1,299-W5-1,823.355171,0,0,0,0,0,0,0,0,0,0,0,0,0,0,0,0,0,0,0
1446,Point,56,84,569250,137250,699-45-67C,216.36284,1,299-W5-1,923.020984,0,0,0,0,0,0,0,0,0,0,0,0,0,0,0,0,0,0,0
1447,Point,56,85,569350,137250,699-45-67C,143.43946,0,299-W5-1,1022.752041,0,0,0,0,0,0,0,0,0,0,0,0,0,0,0,0,0,0,0
1448,Point,56,86,569450,137250,699-45-67C,119.736705,0,299-W5-1,1122.530951,0,0,0,0,0,0,0,0,0,0,0,0,0,0,0,0,0,0,0
1449,Point,56,87,569550,137250,699-45-67C,167.627201,0,299-W5-1,1222.345997,0,0,0,0,0,0,0,0,0,0,0,0,0,0,0,0,0,0,0
1450,Point,56,88,569650,137250,699-45-67C,248.718473,1,299-W5-1,1322.188994,0,0,0,0,0,0,0,0,0,0,0,0,0,0,0,0,0,0,0
1451,Point,56,89,569750,137250,699-45-65,294.209043,1,299-W5-1,1422.054056,0,0,0,0,0,0,0,0,0,0,0,0,0,0,0,0,0,0,0
1452,Point,56,90,569850,137250,699-45-65,215.394895,1,299-W5-1,1521.936837,0,0,0,0,0,0,0,0,0,0,0,0,0,0,0,0,0,0,0
1453,Point,56,91,569950,137250,699-45-65,161.959751,0,299-W5-1,1621.834066,0,0,0,0,0,0,0,0,0,0,0,0,0,0,0,0,0,0,0
1454,Point,56,92,570050,137250,699-45-65,161.452658,0,299-W5-1,1721.743226,0,0,0,0,0,0,0,0,0,0,0,0,0,0,0,0,0,0,0
1455,Point,56,93,570150,137250,699-45-65,214.249763,1,299-W5-1,1821.662355,0,0,0,0,0,0,0,0,0,0,0,0,0,0,0,0,0,0,0
1456,Point,56,94,570250,137250,699-45-65,292.81216,1,299-W5-1,1921.589898,0,0,0,0,0,0,0,0,0,0,0,0,0,0,0,0,0,0,0
1457,Point,56,95,570350,137250,699-44-64,354.90566,1,299-W5-1,2021.524607,0,0,0,0,0,0,0,0,0,0,0,0,0,0,0,0,0,0,0
1458,Point,56,96,570450,137250,699-44-64,357.530457,1,299-W5-1,2121.465469,0,0,0,0,0,0,0,0,0,0,0,0,0,0,0,0,0,0,0
1459,Point,56,97,570550,137250,699-44-64,386.908293,1,299-W5-1,2221.411654,0,0,0,0,0,0,0,0,0,0,0,0,0,0,0,0,0,0,0
1460,Point,56,98,570650,137250,699-44-64,437.684849,2,299-W5-1,2321.362474,0,0,0,0,0,0,0,0,0,0,0,0,0,0,0,0,0,0,0
1461,Point,56,99,570750,137250,699-44-64,503.426288,2,299-W5-1,2421.317356,0,0,0,0,0,0,0,0,0,0,0,0,0,0,0,0,0,0,0
1462,Point,56,100,570850,137250,699-44-64,579.057879,2,299-W5-1,2521.275815,0,0,0,0,0,0,0,0,0,0,0,0,0,0,0,0,0,0,0
1463,Point,56,101,570950,137250,699-46-61,518.203274,2,299-W5-1,2621.237444,0,0,0,0,0,0,0,0,0,0,0,0,0,0,0,0,0,0,0
1464,Point,56,102,571050,137250,699-46-61,426.966782,2,299-W5-1,2721.201892,0,0,0,0,0,0,0,0,0,0,0,0,0,0,0,0,0,0,0
1465,Point,56,103,571150,137250,699-46-61,340.685534,1,299-W5-1,2821.16886,0,0,0,0,0,0,0,0,0,0,0,0,0,0,0,0,0,0,0
1466,Point,56,104,571250,137250,699-46-61,264.258648,1,299-W5-1,2921.138089,0,0,0,0,0,0,0,0,0,0,0,0,0,0,0,0,0,0,0
1467,Point,56,105,571350,137250,699-46-61B,208.413383,1,299-W5-1,3021.109355,0,0,0,0,0,0,0,0,0,0,0,0,0,0,0,0,0,0,0
1468,Point,56,106,571450,137250,699-46-61B,185.107369,0,299-W5-1,3121.082462,0,0,0,0,0,0,0,0,0,0,0,0,0,0,0,0,0,0,0
1469,Point,56,107,571550,137250,699-46-61B,212.351921,1,299-W5-1,3221.057239,0,0,0,0,0,0,0,0,0,0,0,0,0,0,0,0,0,0,0
1470,Point,56,108,571650,137250,699-46-61B,275.539359,1,299-W5-1,3321.033534,0,0,0,0,0,0,0,0,0,0,0,0,0,0,0,0,0,0,0
1471,Point,56,109,571750,137250,699-46-61B,356.020418,1,299-W5-1,3421.011216,0,0,0,0,0,0,0,0,0,0,0,0,0,0,0,0,0,0,0
1472,Point,56,110,571850,137250,699-46-61B,444.498749,2,299-W5-1,3520.990164,0,0,0,0,0,0,0,0,0,0,0,0,0,0,0,0,0,0,0
1473,Point,56,111,571950,137250,699-46-61B,537.036068,2,299-W5-1,3620.970276,0,0,0,0,0,0,0,0,0,0,0,0,0,0,0,0,0,0,0
1474,Point,56,112,572050,137250,699-46-61B,631.851516,3,299-W5-1,3720.951456,0,0,0,0,0,0,0,0,0,0,0,0,0,0,0,0,0,0,0
1475,Point,56,113,572150,137250,699-46-61B,728.055587,3,299-W5-1,3820.933621,0,0,0,0,0,0,0,0,0,0,0,0,0,0,0,0,0,0,0
1476,Point,57,32,564050,137150,299-W9-2,1714.757228,4,299-W11-92,2760.772383,0,0,0,0,0,0,0,0,0,0,0,0,0,0,0,0,0,0,0
1477,Point,57,33,564150,137150,299-W9-2,1616.152947,4,299-W11-92,2665.200208,0,0,0,0,0,0,0,0,0,0,0,0,0,0,0,0,0,0,0
1478,Point,57,34,564250,137150,299-W9-2,1517.731317,4,299-W11-92,2569.965009,0,0,0,0,0,0,0,0,0,0,0,0,0,0,0,0,0,0,0
1479,Point,57,35,564350,137150,299-W9-2,1419.530327,4,299-W11-92,2475.105684,0,0,0,0,0,0,0,0,0,0,0,0,0,0,0,0,0,0,0
1480,Point,57,36,564450,137150,299-W9-2,1321.599164,4,299-W11-92,2380.667164,0,0,0,0,0,0,0,0,0,0,0,0,0,0,0,0,0,0,0
1481,Point,57,37,564550,137150,299-W9-2,1224.002594,4,299-W11-92,2286.701587,0,0,0,0,0,0,0,0,0,0,0,0,0,0,0,0,0,0,0
1482,Point,57,38,564650,137150,299-W9-2,1126.82756,4,299-W11-92,2193.269739,0,0,0,0,0,0,0,0,0,0,0,0,0,0,0,0,0,0,0
1483,Point,57,39,564750,137150,299-W9-2,1030.193355,4,299-W11-92,2100.442846,0,0,0,0,0,0,0,0,0,0,0,0,0,0,0,0,0,0,0
1484,Point,57,40,564850,137150,299-W9-2,934.267815,4,299-W11-92,2008.304795,0,0,0,0,0,0,0,0,0,0,0,0,0,0,0,0,0,0,0
1485,Point,57,41,564950,137150,299-W9-2,839.293959,4,299-W11-92,1916.954915,0,0,0,0,0,0,0,0,0,0,0,0,0,0,0,0,0,0,0
1486,Point,57,42,565050,137150,299-W9-2,745.635534,3,299-W11-92,1826.511469,0,0,0,0,0,0,0,0,0,0,0,0,0,0,0,0,0,0,0
1487,Point,57,43,565150,137150,299-W9-2,653.85805,3,299-W11-92,1737.116043,0,0,0,0,0,0,0,0,0,0,0,0,0,0,0,0,0,0,0
1488,Point,57,44,565250,137150,299-W9-2,564.879058,2,299-W11-92,1648.939098,0,0,0,0,0,0,0,0,0,0,0,0,0,0,0,0,0,0,0
1489,Point,57,45,565350,137150,299-W9-2,480.256546,2,299-W11-92,1562.186976,0,0,0,0,0,0,0,0,0,0,0,0,0,0,0,0,0,0,0
1490,Point,57,46,565450,137150,299-W9-2,402.746011,2,299-W11-92,1477.110743,0,0,0,0,0,0,0,0,0,0,0,0,0,0,0,0,0,0,0
1491,Point,57,47,565550,137150,299-W9-2,337.286747,1,299-W11-92,1394.01727,0,0,0,0,0,0,0,0,0,0,0,0,0,0,0,0,0,0,0
1492,Point,57,48,565650,137150,299-W9-2,292.096473,1,299-W11-92,1313.282966,0,0,0,0,0,0,0,0,0,0,0,0,0,0,0,0,0,0,0
1493,Point,57,49,565750,137150,299-W9-2,277.269453,1,299-W11-92,1235.37045,0,0,0,0,0,0,0,0,0,0,0,0,0,0,0,0,0,0,0
1494,Point,57,50,565850,137150,299-W10-201,255.171036,1,299-W11-92,1160.84803,0,0,0,0,0,0,0,0,0,0,0,0,0,0,0,0,0,0,0
1495,Point,57,51,565950,137150,299-W7-16,177.818009,0,299-W11-50,1089.741622,0,0,0,0,0,0,0,0,0,0,0,0,0,0,0,0,0,0,0
1496,Point,57,52,566050,137150,299-W7-16,120.794224,0,299-W11-50,997.137304,0,0,0,0,0,0,0,0,0,0,0,0,0,0,0,0,0,0,0
1497,Point,57,53,566150,137150,299-W7-16,132.526392,0,299-W11-50,906.106397,0,0,0,0,0,0,0,0,0,0,0,0,0,0,0,0,0,0,0
1498,Point,57,54,566250,137150,299-W10-31,182.402383,0,299-W11-50,817.174891,0,0,0,0,0,0,0,0,0,0,0,0,0,0,0,0,0,0,0
1499,Point,57,55,566350,137150,299-W7-4,168.804258,0,299-W11-50,731.109296,0,0,0,0,0,0,0,0,0,0,0,0,0,0,0,0,0,0,0
1500,Point,57,56,566450,137150,299-W7-4,163.52577,0,299-W11-50,649.050693,0,0,0,0,0,0,0,0,0,0,0,0,0,0,0,0,0,0,0
1501,Point,57,57,566550,137150,299-W7-4,212.100159,1,299-W11-50,572.724019,0,0,0,0,0,0,0,0,0,0,0,0,0,0,0,0,0,0,0
1502,Point,57,58,566650,137150,299-W10-205,140.098869,0,299-W11-50,504.736369,0,0,0,0,0,0,0,0,0,0,0,0,0,0,0,0,0,0,0
1503,Point,57,59,566750,137150,299-W10-205,49.896824,0,299-W11-50,448.892863,0,0,0,0,0,0,0,0,0,0,0,0,0,0,0,0,0,0,0
1504,Point,57,60,566850,137150,299-W10-205,73.155266,0,299-W11-50,410.183864,0,0,0,0,0,0,0,0,0,0,0,0,0,0,0,0,0,0,0
1505,Point,57,61,566950,137150,299-W10-205,167.969322,0,299-W11-50,393.696333,0,0,0,0,0,0,0,0,0,0,0,0,0,0,0,0,0,0,0
1506,Point,57,62,567050,137150,299-W11-18,132.414929,0,299-W11-50,402.172603,0,0,0,0,0,0,0,0,0,0,0,0,0,0,0,0,0,0,0
1507,Point,57,63,567150,137150,299-W11-18,33.919217,0,299-W11-50,434.152971,0,0,0,0,0,0,0,0,0,0,0,0,0,0,0,0,0,0,0
1508,Point,57,64,567250,137150,299-W11-18,69.045733,0,299-W11-50,485.010106,0,0,0,0,0,0,0,0,0,0,0,0,0,0,0,0,0,0,0
1509,Point,57,65,567350,137150,299-W11-18,168.475854,0,299-W6-15,437.917508,0,0,0,0,0,0,0,0,0,0,0,0,0,0,0,0,0,0,0
1510,Point,57,66,567450,137150,299-W11-43,254.008561,1,299-W6-15,339.755418,0,0,0,0,0,0,0,0,0,0,0,0,0,0,0,0,0,0,0
1511,Point,57,67,567550,137150,299-W6-15,243.096162,1,299-W6-15,243.096162,1,0,0,0,0,0,0,0,0,0,0,0,0,0,0,0,0,0,0
1512,Point,57,68,567650,137150,299-W6-15,150.856701,0,299-W6-15,150.856701,2,0,0,0,0,0,0,0,0,0,0,0,0,0,0,0,0,0,0
1513,Point,57,69,567750,137150,299-W6-15,80.123306,0,299-W6-15,80.123306,3,0,0,0,0,0,0,0,0,0,0,0,0,0,0,0,0,0,0
1514,Point,57,70,567850,137150,299-W11-88,44.395461,0,299-W6-15,100.407889,2,0,0,0,0,0,0,0,0,0,0,0,0,0,0,0,0,0,0
1515,Point,57,71,567950,137150,299-W11-88,83.886572,0,299-W6-15,183.694704,2,0,0,0,0,0,0,0,0,0,0,0,0,0,0,0,0,0,0
1516,Point,57,72,568050,137150,299-W11-88,179.172981,0,699-40-70A,259.612868,1,0,0,0,0,0,0,0,0,0,0,0,0,0,0,0,0,0,0
1517,Point,57,73,568150,137150,299-W11-88,277.793011,1,299-W12-3,229.127015,1,0,0,0,0,0,0,0,0,0,0,0,0,0,0,0,0,0,0
1518,Point,57,74,568250,137150,299-W14-29,338.536782,1,299-W12-3,167.908276,2,0,0,0,0,0,0,0,0,0,0,0,0,0,0,0,0,0,0
1519,Point,57,75,568350,137150,299-W14-29,401.232542,2,299-W12-3,154.554809,2,0,0,0,0,0,0,0,0,0,0,0,0,0,0,0,0,0,0
1520,Point,57,76,568450,137150,699-44-70C,399.84458,1,299-W12-3,198.950217,2,0,0,0,0,0,0,0,0,0,0,0,0,0,0,0,0,0,0
1521,Point,57,77,568550,137150,699-44-70C,357.764012,1,299-W12-3,274.363243,1,0,0,0,0,0,0,0,0,0,0,0,0,0,0,0,0,0,0
1522,Point,57,78,568650,137150,699-45-69C,308.714124,1,299-W12-3,361.896655,0,0,0,0,0,0,0,0,0,0,0,0,0,0,0,0,0,0,0
1523,Point,57,79,568750,137150,699-45-69C,214.19713,1,299-W5-1,453.805836,0,0,0,0,0,0,0,0,0,0,0,0,0,0,0,0,0,0,0
1524,Point,57,80,568850,137150,699-45-69C,128.282542,0,299-W5-1,547.71684,0,0,0,0,0,0,0,0,0,0,0,0,0,0,0,0,0,0,0
1525,Point,57,81,568950,137150,699-45-69C,83.859469,0,299-W5-1,643.465412,0,0,0,0,0,0,0,0,0,0,0,0,0,0,0,0,0,0,0
1526,Point,57,82,569050,137150,699-45-69C,132.696686,0,299-W5-1,740.338934,0,0,0,0,0,0,0,0,0,0,0,0,0,0,0,0,0,0,0
1527,Point,57,83,569150,137150,699-45-69C,219.509477,1,299-W5-1,837.947335,0,0,0,0,0,0,0,0,0,0,0,0,0,0,0,0,0,0,0
1528,Point,57,84,569250,137150,699-45-67C,182.106778,0,299-W5-1,936.060755,0,0,0,0,0,0,0,0,0,0,0,0,0,0,0,0,0,0,0
1529,Point,57,85,569350,137150,699-45-67C,83.215855,0,299-W5-1,1034.535518,0,0,0,0,0,0,0,0,0,0,0,0,0,0,0,0,0,0,0
1530,Point,57,86,569450,137150,699-45-67C,26.208369,0,299-W5-1,1133.277432,0,0,0,0,0,0,0,0,0,0,0,0,0,0,0,0,0,0,0
1531,Point,57,87,569550,137150,699-45-67C,120.203488,0,299-W5-1,1232.222276,0,0,0,0,0,0,0,0,0,0,0,0,0,0,0,0,0,0,0
1532,Point,57,88,569650,137150,699-45-67C,219.569758,1,299-W5-1,1331.324805,0,0,0,0,0,0,0,0,0,0,0,0,0,0,0,0,0,0,0
1533,Point,57,89,569750,137150,699-45-67C,319.331925,1,299-W5-1,1430.552249,0,0,0,0,0,0,0,0,0,0,0,0,0,0,0,0,0,0,0
1534,Point,57,90,569850,137150,699-45-65,295.213416,1,299-W5-1,1529.880302,0,0,0,0,0,0,0,0,0,0,0,0,0,0,0,0,0,0,0
1535,Point,57,91,569950,137150,699-45-65,258.818393,1,299-W5-1,1629.290562,0,0,0,0,0,0,0,0,0,0,0,0,0,0,0,0,0,0,0
1536,Point,57,92,570050,137150,699-45-65,258.501375,1,299-W5-1,1728.76885,0,0,0,0,0,0,0,0,0,0,0,0,0,0,0,0,0,0,0
1537,Point,57,93,570150,137150,699-45-65,294.378941,1,299-W5-1,1828.30406,0,0,0,0,0,0,0,0,0,0,0,0,0,0,0,0,0,0,0
1538,Point,57,94,570250,137150,699-44-64,289.091728,1,299-W5-1,1927.887377,0,0,0,0,0,0,0,0,0,0,0,0,0,0,0,0,0,0,0
1539,Point,57,95,570350,137150,699-44-64,255.820303,1,299-W5-1,2027.511711,0,0,0,0,0,0,0,0,0,0,0,0,0,0,0,0,0,0,0
1540,Point,57,96,570450,137150,699-44-64,259.44947,1,299-W5-1,2127.171299,0,0,0,0,0,0,0,0,0,0,0,0,0,0,0,0,0,0,0
1541,Point,57,97,570550,137150,699-44-64,298.636949,1,299-W5-1,2226.861409,0,0,0,0,0,0,0,0,0,0,0,0,0,0,0,0,0,0,0
1542,Point,57,98,570650,137150,699-44-64,362.01385,1,299-W5-1,2326.578118,0,0,0,0,0,0,0,0,0,0,0,0,0,0,0,0,0,0,0
1543,Point,57,99,570750,137150,699-44-64,439.231178,2,299-W5-1,2426.318144,0,0,0,0,0,0,0,0,0,0,0,0,0,0,0,0,0,0,0
1544,Point,57,100,570850,137150,699-44-64,524.208,2,299-W5-1,2526.078727,0,0,0,0,0,0,0,0,0,0,0,0,0,0,0,0,0,0,0
1545,Point,57,101,570950,137150,699-46-61,563.036973,2,299-W5-1,2625.857524,0,0,0,0,0,0,0,0,0,0,0,0,0,0,0,0,0,0,0
1546,Point,57,102,571050,137150,699-46-61,480.392166,2,299-W5-1,2725.652534,0,0,0,0,0,0,0,0,0,0,0,0,0,0,0,0,0,0,0
1547,Point,57,103,571150,137150,699-46-61,405.63855,2,299-W5-1,2825.46204,0,0,0,0,0,0,0,0,0,0,0,0,0,0,0,0,0,0,0
1548,Point,57,104,571250,137150,699-46-61,343.960221,1,299-W5-1,2925.284557,0,0,0,0,0,0,0,0,0,0,0,0,0,0,0,0,0,0,0
1549,Point,57,105,571350,137150,699-46-61B,300.746302,1,299-W5-1,3025.118797,0,0,0,0,0,0,0,0,0,0,0,0,0,0,0,0,0,0,0
1550,Point,57,106,571450,137150,699-46-61B,285.091105,1,299-W5-1,3124.963638,0,0,0,0,0,0,0,0,0,0,0,0,0,0,0,0,0,0,0
1551,Point,57,107,571550,137150,699-46-61B,303.488942,1,299-W5-1,3224.818094,0,0,0,0,0,0,0,0,0,0,0,0,0,0,0,0,0,0,0
1552,Point,57,108,571650,137150,699-46-61B,350.619649,1,299-W5-1,3324.681299,0,0,0,0,0,0,0,0,0,0,0,0,0,0,0,0,0,0,0
1553,Point,57,109,571750,137150,699-46-61B,416.848579,2,299-W5-1,3424.552487,0,0,0,0,0,0,0,0,0,0,0,0,0,0,0,0,0,0,0
1554,Point,57,110,571850,137150,699-46-61B,494.561764,2,299-W5-1,3524.430981,0,0,0,0,0,0,0,0,0,0,0,0,0,0,0,0,0,0,0
1555,Point,57,111,571950,137150,699-46-61B,579.154503,2,299-W5-1,3624.316175,0,0,0,0,0,0,0,0,0,0,0,0,0,0,0,0,0,0,0
1556,Point,57,112,572050,137150,699-46-61B,668.018367,3,299-W5-1,3724.207531,0,0,0,0,0,0,0,0,0,0,0,0,0,0,0,0,0,0,0
1557,Point,57,113,572150,137150,699-46-61B,759.655934,3,299-W5-1,3824.104567,0,0,0,0,0,0,0,0,0,0,0,0,0,0,0,0,0,0,0
1558,Point,58,32,564050,137050,299-W9-2,1701.458301,4,299-W11-92,2733.536198,0,0,0,0,0,0,0,0,0,0,0,0,0,0,0,0,0,0,0
1559,Point,58,33,564150,137050,299-W9-2,1602.035689,4,299-W11-92,2636.977085,0,0,0,0,0,0,0,0,0,0,0,0,0,0,0,0,0,0,0
1560,Point,58,34,564250,137050,299-W9-2,1502.689705,4,299-W11-92,2540.684189,0,0,0,0,0,0,0,0,0,0,0,0,0,0,0,0,0,0,0
1561,Point,58,35,564350,137050,299-W9-2,1403.436621,4,299-W11-92,2444.688968,0,0,0,0,0,0,0,0,0,0,0,0,0,0,0,0,0,0,0
1562,Point,58,36,564450,137050,299-W9-2,1304.297646,4,299-W11-92,2349.027916,0,0,0,0,0,0,0,0,0,0,0,0,0,0,0,0,0,0,0
1563,Point,58,37,564550,137050,299-W9-2,1205.300937,4,299-W11-92,2253.743585,0,0,0,0,0,0,0,0,0,0,0,0,0,0,0,0,0,0,0
1564,Point,58,38,564650,137050,299-W9-2,1106.484681,4,299-W11-92,2158.885858,0,0,0,0,0,0,0,0,0,0,0,0,0,0,0,0,0,0,0
1565,Point,58,39,564750,137050,299-W9-2,1007.901954,4,299-W11-92,2064.513538,0,0,0,0,0,0,0,0,0,0,0,0,0,0,0,0,0,0,0
1566,Point,58,40,564850,137050,299-W9-2,909.628688,4,299-W11-92,1970.696361,0,0,0,0,0,0,0,0,0,0,0,0,0,0,0,0,0,0,0
1567,Point,58,41,564950,137050,299-W9-2,811.777278,4,299-W11-92,1877.517549,0,0,0,0,0,0,0,0,0,0,0,0,0,0,0,0,0,0,0
1568,Point,58,42,565050,137050,299-W9-2,714.521063,3,299-W11-92,1785.077071,0,0,0,0,0,0,0,0,0,0,0,0,0,0,0,0,0,0,0
1569,Point,58,43,565150,137050,299-W9-2,618.141044,3,299-W11-92,1693.495836,0,0,0,0,0,0,0,0,0,0,0,0,0,0,0,0,0,0,0
1570,Point,58,44,565250,137050,299-W9-2,523.121735,2,299-W11-92,1602.92113,0,0,0,0,0,0,0,0,0,0,0,0,0,0,0,0,0,0,0
1571,Point,58,45,565350,137050,299-W9-2,430.365368,2,299-W11-92,1513.533663,0,0,0,0,0,0,0,0,0,0,0,0,0,0,0,0,0,0,0
1572,Point,58,46,565450,137050,299-W9-2,341.719695,1,299-W11-92,1425.556785,0,0,0,0,0,0,0,0,0,0,0,0,0,0,0,0,0,0,0
1573,Point,58,47,565550,137050,299-W9-2,261.400745,1,299-W11-92,1339.268512,0,0,0,0,0,0,0,0,0,0,0,0,0,0,0,0,0,0,0
1574,Point,58,48,565650,137050,299-W9-2,199.720679,0,299-W11-92,1255.01719,0,0,0,0,0,0,0,0,0,0,0,0,0,0,0,0,0,0,0
1575,Point,58,49,565750,137050,299-W9-2,177.331186,0,299-W11-92,1173.241726,0,0,0,0,0,0,0,0,0,0,0,0,0,0,0,0,0,0,0
1576,Point,58,50,565850,137050,299-W10-201,191.207368,0,299-W11-92,1094.497212,0,0,0,0,0,0,0,0,0,0,0,0,0,0,0,0,0,0,0
1577,Point,58,51,565950,137050,299-W10-201,114.543693,0,299-W11-92,1019.486218,0,0,0,0,0,0,0,0,0,0,0,0,0,0,0,0,0,0,0
1578,Point,58,52,566050,137050,299-W10-201,98.3883,0,299-W11-92,949.094383,0,0,0,0,0,0,0,0,0,0,0,0,0,0,0,0,0,0,0
1579,Point,58,53,566150,137050,299-W10-31,142.220354,0,299-W11-50,867.385037,0,0,0,0,0,0,0,0,0,0,0,0,0,0,0,0,0,0,0
1580,Point,58,54,566250,137050,299-W10-31,83.298435,0,299-W11-50,774.017314,0,0,0,0,0,0,0,0,0,0,0,0,0,0,0,0,0,0,0
1581,Point,58,55,566350,137050,299-W10-31,116.835907,0,299-W11-50,682.531173,0,0,0,0,0,0,0,0,0,0,0,0,0,0,0,0,0,0,0
1582,Point,58,56,566450,137050,299-W10-31,200.904528,1,299-W11-50,593.796937,0,0,0,0,0,0,0,0,0,0,0,0,0,0,0,0,0,0,0
1583,Point,58,57,566550,137050,299-W10-205,271.550535,1,299-W11-50,509.255145,0,0,0,0,0,0,0,0,0,0,0,0,0,0,0,0,0,0,0
1584,Point,58,58,566650,137050,299-W10-205,191.315689,0,299-W11-50,431.377796,0,0,0,0,0,0,0,0,0,0,0,0,0,0,0,0,0,0,0
1585,Point,58,59,566750,137050,299-W10-205,139.51234,0,299-W11-50,364.462347,0,0,0,0,0,0,0,0,0,0,0,0,0,0,0,0,0,0,0
1586,Point,58,60,566850,137050,299-W10-205,149.417847,0,299-W11-50,315.561092,0,0,0,0,0,0,0,0,0,0,0,0,0,0,0,0,0,0,0
1587,Point,58,61,566950,137050,299-W10-205,212.573971,1,299-W11-50,293.810828,1,0,0,0,0,0,0,0,0,0,0,0,0,0,0,0,0,0,0
1588,Point,58,62,567050,137050,299-W11-18,172.715122,0,299-W11-50,305.075077,0,0,0,0,0,0,0,0,0,0,0,0,0,0,0,0,0,0,0
1589,Point,58,63,567150,137050,299-W11-18,115.962551,0,299-W11-50,346.145638,0,0,0,0,0,0,0,0,0,0,0,0,0,0,0,0,0,0,0
1590,Point,58,64,567250,137050,299-W11-43,81.390105,0,299-W11-50,408.121064,0,0,0,0,0,0,0,0,0,0,0,0,0,0,0,0,0,0,0
1591,Point,58,65,567350,137050,299-W11-43,112.589294,0,299-W6-15,432.497103,0,0,0,0,0,0,0,0,0,0,0,0,0,0,0,0,0,0,0
1592,Point,58,66,567450,137050,299-W11-43,196.795196,0,299-W6-15,332.739754,0,0,0,0,0,0,0,0,0,0,0,0,0,0,0,0,0,0,0
1593,Point,58,67,567550,137050,299-W6-15,233.19036,1,299-W6-15,233.19036,1,0,0,0,0,0,0,0,0,0,0,0,0,0,0,0,0,0,0
1594,Point,58,68,567650,137050,299-W6-15,134.312115,0,299-W6-15,134.312115,2,0,0,0,0,0,0,0,0,0,0,0,0,0,0,0,0,0,0
1595,Point,58,69,567750,137050,299-W6-15,41.252202,0,299-W6-15,41.252202,4,0,0,0,0,0,0,0,0,0,0,0,0,0,0,0,0,0,0
1596,Point,58,70,567850,137050,299-W11-88,67.741841,0,299-W6-15,73.237587,3,0,0,0,0,0,0,0,0,0,0,0,0,0,0,0,0,0,0
1597,Point,58,71,567950,137050,299-W11-88,98.259641,0,299-W6-15,170.369434,2,0,0,0,0,0,0,0,0,0,0,0,0,0,0,0,0,0,0
1598,Point,58,72,568050,137050,299-W11-88,186.335603,0,299-W14-29,186.395689,2,0,0,0,0,0,0,0,0,0,0,0,0,0,0,0,0,0,0
1599,Point,58,73,568150,137050,299-W14-29,202.789923,1,299-W12-3,179.212692,2,0,0,0,0,0,0,0,0,0,0,0,0,0,0,0,0,0,0
1600,Point,58,74,568250,137050,299-W14-29,259.815613,1,299-W12-3,88.380931,3,0,0,0,0,0,0,0,0,0,0,0,0,0,0,0,0,0,0
1601,Point,58,75,568350,137050,299-W14-29,337.467855,1,299-W12-3,59.204637,3,0,0,0,0,0,0,0,0,0,0,0,0,0,0,0,0,0,0
1602,Point,58,76,568450,137050,699-44-70C,318.983524,1,299-W12-3,138.561138,2,0,0,0,0,0,0,0,0,0,0,0,0,0,0,0,0,0,0
1603,Point,58,77,568550,137050,699-44-70C,264.329129,1,299-W12-3,234.292956,1,0,0,0,0,0,0,0,0,0,0,0,0,0,0,0,0,0,0
1604,Point,58,78,568650,137050,699-44-70B,240.468169,1,299-W12-3,332.546522,0,0,0,0,0,0,0,0,0,0,0,0,0,0,0,0,0,0,0
1605,Point,58,79,568750,137050,699-44-70B,252.612233,1,299-W12-3,431.603046,0,0,0,0,0,0,0,0,0,0,0,0,0,0,0,0,0,0,0
1606,Point,58,80,568850,137050,699-45-69C,207.890381,1,299-W12-3,531.01336,0,0,0,0,0,0,0,0,0,0,0,0,0,0,0,0,0,0,0
1607,Point,58,81,568950,137050,699-45-69C,183.832561,0,299-W12-3,630.610172,0,0,0,0,0,0,0,0,0,0,0,0,0,0,0,0,0,0,0
1608,Point,58,82,569050,137050,699-45-69C,210.642851,1,299-W12-3,730.317184,0,0,0,0,0,0,0,0,0,0,0,0,0,0,0,0,0,0,0
1609,Point,58,83,569150,137050,699-45-69C,273.763421,1,299-W12-3,830.094687,0,0,0,0,0,0,0,0,0,0,0,0,0,0,0,0,0,0,0
1610,Point,58,84,569250,137050,699-45-67C,198.778466,0,299-W12-3,929.919991,0,0,0,0,0,0,0,0,0,0,0,0,0,0,0,0,0,0,0
1611,Point,58,85,569350,137050,699-45-67C,115.216659,0,299-W12-3,1029.779194,0,0,0,0,0,0,0,0,0,0,0,0,0,0,0,0,0,0,0
1612,Point,58,86,569450,137050,699-45-67C,83.886105,0,299-W12-3,1129.663308,0,0,0,0,0,0,0,0,0,0,0,0,0,0,0,0,0,0,0
1613,Point,58,87,569550,137050,699-45-67C,144.218163,0,299-W12-3,1229.566261,0,0,0,0,0,0,0,0,0,0,0,0,0,0,0,0,0,0,0
1614,Point,58,88,569650,137050,699-45-67C,233.582702,1,299-W12-3,1329.483805,0,0,0,0,0,0,0,0,0,0,0,0,0,0,0,0,0,0,0
1615,Point,58,89,569750,137050,699-45-67C,329.124412,1,299-W12-3,1429.412883,0,0,0,0,0,0,0,0,0,0,0,0,0,0,0,0,0,0,0
1616,Point,58,90,569850,137050,699-45-65,384.58674,1,299-W12-3,1529.351231,0,0,0,0,0,0,0,0,0,0,0,0,0,0,0,0,0,0,0
1617,Point,58,91,569950,137050,699-45-65,357.411473,1,299-W12-3,1629.297146,0,0,0,0,0,0,0,0,0,0,0,0,0,0,0,0,0,0,0
1618,Point,58,92,570050,137050,699-45-65,357.181972,1,299-W12-3,1729.249314,0,0,0,0,0,0,0,0,0,0,0,0,0,0,0,0,0,0,0
1619,Point,58,93,570150,137050,699-44-64,284.938638,1,299-W12-3,1829.20671,0,0,0,0,0,0,0,0,0,0,0,0,0,0,0,0,0,0,0
1620,Point,58,94,570250,137050,699-44-64,207.509102,1,299-W12-3,1929.168523,0,0,0,0,0,0,0,0,0,0,0,0,0,0,0,0,0,0,0
1621,Point,58,95,570350,137050,699-44-64,157.892455,0,299-W12-3,2029.134098,0,0,0,0,0,0,0,0,0,0,0,0,0,0,0,0,0,0,0
1622,Point,58,96,570450,137050,699-44-64,163.707139,0,299-W12-3,2129.102907,0,0,0,0,0,0,0,0,0,0,0,0,0,0,0,0,0,0,0
1623,Point,58,97,570550,137050,699-44-64,220.612845,1,299-W12-3,2229.074514,0,0,0,0,0,0,0,0,0,0,0,0,0,0,0,0,0,0,0
1624,Point,58,98,570650,137050,699-44-64,300.8987,1,299-W12-3,2329.048559,0,0,0,0,0,0,0,0,0,0,0,0,0,0,0,0,0,0,0
1625,Point,58,99,570750,137050,699-44-64,390.397269,1,299-W12-3,2429.02474,0,0,0,0,0,0,0,0,0,0,0,0,0,0,0,0,0,0,0
1626,Point,58,100,570850,137050,699-44-64,484.024821,2,299-W12-3,2529.002805,0,0,0,0,0,0,0,0,0,0,0,0,0,0,0,0,0,0,0
1627,Point,58,101,570950,137050,699-44-64,579.784466,2,299-W12-3,2628.982539,0,0,0,0,0,0,0,0,0,0,0,0,0,0,0,0,0,0,0
1628,Point,58,102,571050,137050,699-46-61,547.039883,2,299-W12-3,2728.963757,0,0,0,0,0,0,0,0,0,0,0,0,0,0,0,0,0,0,0
1629,Point,58,103,571150,137050,699-46-61,482.720036,2,299-W12-3,2828.946304,0,0,0,0,0,0,0,0,0,0,0,0,0,0,0,0,0,0,0
1630,Point,58,104,571250,137050,699-46-61B,432.009188,2,299-W12-3,2928.930042,0,0,0,0,0,0,0,0,0,0,0,0,0,0,0,0,0,0,0
1631,Point,58,105,571350,137050,699-46-61B,396.812976,1,299-W12-3,3028.914853,0,0,0,0,0,0,0,0,0,0,0,0,0,0,0,0,0,0,0
1632,Point,58,106,571450,137050,699-46-61B,385.083287,1,299-W12-3,3128.900636,0,0,0,0,0,0,0,0,0,0,0,0,0,0,0,0,0,0,0
1633,Point,58,107,571550,137050,699-46-61B,398.895648,1,299-W12-3,3228.887299,0,0,0,0,0,0,0,0,0,0,0,0,0,0,0,0,0,0,0
1634,Point,58,108,571650,137050,699-46-61B,435.828336,2,299-W12-3,3328.874763,0,0,0,0,0,0,0,0,0,0,0,0,0,0,0,0,0,0,0
1635,Point,58,109,571750,137050,699-46-61B,490.688229,2,299-W12-3,3428.862959,0,0,0,0,0,0,0,0,0,0,0,0,0,0,0,0,0,0,0
1636,Point,58,110,571850,137050,699-46-61B,558.214599,2,299-W12-3,3528.851823,0,0,0,0,0,0,0,0,0,0,0,0,0,0,0,0,0,0,0
1637,Point,58,111,571950,137050,699-46-61B,634.375392,3,299-W12-3,3628.841301,0,0,0,0,0,0,0,0,0,0,0,0,0,0,0,0,0,0,0
1638,Point,58,112,572050,137050,699-46-61B,716.422179,3,299-W12-3,3728.831344,0,0,0,0,0,0,0,0,0,0,0,0,0,0,0,0,0,0,0
1639,Point,58,113,572150,137050,699-46-61B,802.551767,4,299-W12-3,3828.821906,0,0,0,0,0,0,0,0,0,0,0,0,0,0,0,0,0,0,0
1640,Point,59,32,564050,136950,299-W9-2,1693.968226,4,299-W11-92,2709.718832,0,0,0,0,0,0,0,0,0,0,0,0,0,0,0,0,0,0,0
1641,Point,59,33,564150,136950,299-W9-2,1594.078527,4,299-W11-92,2612.279493,0,0,0,0,0,0,0,0,0,0,0,0,0,0,0,0,0,0,0
1642,Point,59,34,564250,136950,299-W9-2,1494.203584,4,299-W11-92,2515.041182,0,0,0,0,0,0,0,0,0,0,0,0,0,0,0,0,0,0,0
1643,Point,59,35,564350,136950,299-W9-2,1394.346567,4,299-W11-92,2418.028153,0,0,0,0,0,0,0,0,0,0,0,0,0,0,0,0,0,0,0
1644,Point,59,36,564450,136950,299-W9-2,1294.511626,4,299-W11-92,2321.268651,0,0,0,0,0,0,0,0,0,0,0,0,0,0,0,0,0,0,0
1645,Point,59,37,564550,136950,299-W9-2,1194.704294,4,299-W11-92,2224.795754,0,0,0,0,0,0,0,0,0,0,0,0,0,0,0,0,0,0,0
1646,Point,59,38,564650,136950,299-W9-2,1094.932121,4,299-W11-92,2128.648432,0,0,0,0,0,0,0,0,0,0,0,0,0,0,0,0,0,0,0
1647,Point,59,39,564750,136950,299-W9-2,995.205682,4,299-W11-92,2032.87288,0,0,0,0,0,0,0,0,0,0,0,0,0,0,0,0,0,0,0
1648,Point,59,40,564850,136950,299-W9-2,895.540256,4,299-W11-92,1937.524232,0,0,0,0,0,0,0,0,0,0,0,0,0,0,0,0,0,0,0
1649,Point,59,41,564950,136950,299-W9-2,795.958761,3,299-W11-92,1842.668757,0,0,0,0,0,0,0,0,0,0,0,0,0,0,0,0,0,0,0
1650,Point,59,42,565050,136950,299-W9-2,696.4972,3,299-W11-92,1748.386727,0,0,0,0,0,0,0,0,0,0,0,0,0,0,0,0,0,0,0
1651,Point,59,43,565150,136950,299-W9-2,597.215497,2,299-W11-92,1654.776163,0,0,0,0,0,0,0,0,0,0,0,0,0,0,0,0,0,0,0
1652,Point,59,44,565250,136950,299-W9-2,498.221186,2,299-W11-92,1561.957793,0,0,0,0,0,0,0,0,0,0,0,0,0,0,0,0,0,0,0
1653,Point,59,45,565350,136950,299-W9-2,399.727845,1,299-W11-92,1470.081681,0,0,0,0,0,0,0,0,0,0,0,0,0,0,0,0,0,0,0
1654,Point,59,46,565450,136950,299-W9-2,302.22566,1,299-W11-92,1379.336126,0,0,0,0,0,0,0,0,0,0,0,0,0,0,0,0,0,0,0
1655,Point,59,47,565550,136950,299-W9-2,207.119168,1,299-W11-92,1289.959747,0,0,0,0,0,0,0,0,0,0,0,0,0,0,0,0,0,0,0
1656,Point,59,48,565650,136950,299-W9-2,120.234561,0,299-W11-92,1202.257937,0,0,0,0,0,0,0,0,0,0,0,0,0,0,0,0,0,0,0
1657,Point,59,49,565750,136950,299-W9-2,77.552239,0,299-W11-92,1116.625339,0,0,0,0,0,0,0,0,0,0,0,0,0,0,0,0,0,0,0
1658,Point,59,50,565850,136950,299-W9-2,132.56074,0,299-W11-92,1033.576387,0,0,0,0,0,0,0,0,0,0,0,0,0,0,0,0,0,0,0
1659,Point,59,51,565950,136950,299-W10-201,67.588887,0,299-W11-92,953.786217,0,0,0,0,0,0,0,0,0,0,0,0,0,0,0,0,0,0,0
1660,Point,59,52,566050,136950,299-W10-201,33.589546,0,299-W11-92,878.143581,0,0,0,0,0,0,0,0,0,0,0,0,0,0,0,0,0,0,0
1661,Point,59,53,566150,136950,299-W10-204,116.727413,0,299-W11-92,807.814427,0,0,0,0,0,0,0,0,0,0,0,0,0,0,0,0,0,0,0
1662,Point,59,54,566250,136950,299-W10-31,24.629844,0,299-W11-50,741.910239,0,0,0,0,0,0,0,0,0,0,0,0,0,0,0,0,0,0,0
1663,Point,59,55,566350,136950,299-W10-31,85.548987,0,299-W11-50,645.892253,0,0,0,0,0,0,0,0,0,0,0,0,0,0,0,0,0,0,0
1664,Point,59,56,566450,136950,299-W10-31,184.473926,0,299-W11-50,551.291939,0,0,0,0,0,0,0,0,0,0,0,0,0,0,0,0,0,0,0
1665,Point,59,57,566550,136950,299-W10-1,243.316552,1,299-W11-50,458.986713,0,0,0,0,0,0,0,0,0,0,0,0,0,0,0,0,0,0,0
1666,Point,59,58,566650,136950,299-W10-1,215.832677,1,299-W11-50,370.695026,0,0,0,0,0,0,0,0,0,0,0,0,0,0,0,0,0,0,0
1667,Point,59,59,566750,136950,299-W10-23,153.523778,0,299-W11-50,290.104813,1,0,0,0,0,0,0,0,0,0,0,0,0,0,0,0,0,0,0
1668,Point,59,60,566850,136950,299-W11-48,108.630904,0,299-W11-50,225.625359,1,0,0,0,0,0,0,0,0,0,0,0,0,0,0,0,0,0,0
1669,Point,59,61,566950,136950,299-W11-48,124.123621,0,299-W11-50,194.043301,2,0,0,0,0,0,0,0,0,0,0,0,0,0,0,0,0,0,0
1670,Point,59,62,567050,136950,299-W11-33Q,171.313132,0,299-W11-50,210.710233,1,0,0,0,0,0,0,0,0,0,0,0,0,0,0,0,0,0,0
1671,Point,59,63,567150,136950,299-W11-33Q,111.240232,0,299-W11-50,266.729831,1,0,0,0,0,0,0,0,0,0,0,0,0,0,0,0,0,0,0
1672,Point,59,64,567250,136950,299-W11-43,28.850463,0,299-W11-50,343.352301,0,0,0,0,0,0,0,0,0,0,0,0,0,0,0,0,0,0,0
1673,Point,59,65,567350,136950,299-W11-43,82.971978,0,299-W11-107,429.442057,0,0,0,0,0,0,0,0,0,0,0,0,0,0,0,0,0,0,0
1674,Point,59,66,567450,136950,299-W11-43,181.483744,0,299-W6-15,354.961609,0,0,0,0,0,0,0,0,0,0,0,0,0,0,0,0,0,0,0
1675,Point,59,67,567550,136950,299-W6-15,263.931325,1,299-W6-15,263.931325,1,0,0,0,0,0,0,0,0,0,0,0,0,0,0,0,0,0,0
1676,Point,59,68,567650,136950,299-W6-15,182.542445,0,299-W6-15,182.542445,2,0,0,0,0,0,0,0,0,0,0,0,0,0,0,0,0,0,0
1677,Point,59,69,567750,136950,299-W6-15,130.321695,0,299-W6-15,130.321695,2,0,0,0,0,0,0,0,0,0,0,0,0,0,0,0,0,0,0
1678,Point,59,70,567850,136950,299-W6-15,143.68627,0,299-W6-15,143.68627,2,0,0,0,0,0,0,0,0,0,0,0,0,0,0,0,0,0,0
1679,Point,59,71,567950,136950,299-W14-29,145.807931,0,299-W14-29,145.807931,2,0,0,0,0,0,0,0,0,0,0,0,0,0,0,0,0,0,0
1680,Point,59,72,568050,136950,299-W14-29,87.409112,0,299-W14-29,87.409112,3,0,0,0,0,0,0,0,0,0,0,0,0,0,0,0,0,0,0
1681,Point,59,73,568150,136950,299-W14-29,118.40926,0,299-W14-29,118.40926,2,0,0,0,0,0,0,0,0,0,0,0,0,0,0,0,0,0,0
1682,Point,59,74,568250,136950,299-W14-29,201.00038,1,299-W12-3,86.192743,3,0,0,0,0,0,0,0,0,0,0,0,0,0,0,0,0,0,0
1683,Point,59,75,568350,136950,299-W14-29,294.587089,1,299-W12-3,55.885499,3,0,0,0,0,0,0,0,0,0,0,0,0,0,0,0,0,0,0
1684,Point,59,76,568450,136950,699-44-70C,252.240537,1,299-W12-3,137.17576,2,0,0,0,0,0,0,0,0,0,0,0,0,0,0,0,0,0,0
1685,Point,59,77,568550,136950,699-44-70C,178.170391,0,299-W12-3,233.476314,1,0,0,0,0,0,0,0,0,0,0,0,0,0,0,0,0,0,0
1686,Point,59,78,568650,136950,699-44-70C,140.940017,0,299-W12-3,331.971669,0,0,0,0,0,0,0,0,0,0,0,0,0,0,0,0,0,0,0
1687,Point,59,79,568750,136950,699-44-70B,160.89419,0,299-W12-3,431.160282,0,0,0,0,0,0,0,0,0,0,0,0,0,0,0,0,0,0,0
1688,Point,59,80,568850,136950,699-44-70B,227.760709,1,299-W12-3,530.653549,0,0,0,0,0,0,0,0,0,0,0,0,0,0,0,0,0,0,0
1689,Point,59,81,568950,136950,699-45-69C,283.824612,1,299-W12-3,630.307218,0,0,0,0,0,0,0,0,0,0,0,0,0,0,0,0,0,0,0
1690,Point,59,82,569050,136950,699-45-69C,301.881451,1,299-W12-3,730.055607,0,0,0,0,0,0,0,0,0,0,0,0,0,0,0,0,0,0,0
1691,Point,59,83,569150,136950,699-45-67C,334.814693,1,299-W12-3,829.864561,0,0,0,0,0,0,0,0,0,0,0,0,0,0,0,0,0,0,0
1692,Point,59,84,569250,136950,699-45-67C,256.637641,1,299-W12-3,929.714574,0,0,0,0,0,0,0,0,0,0,0,0,0,0,0,0,0,0,0
1693,Point,59,85,569350,136950,699-45-67C,199.059987,0,299-W12-3,1029.593701,0,0,0,0,0,0,0,0,0,0,0,0,0,0,0,0,0,0,0
1694,Point,59,86,569450,136950,699-45-67C,182.720767,0,299-W12-3,1129.494218,0,0,0,0,0,0,0,0,0,0,0,0,0,0,0,0,0,0,0
1695,Point,59,87,569550,136950,699-45-67C,217.137925,1,299-W12-3,1229.410911,0,0,0,0,0,0,0,0,0,0,0,0,0,0,0,0,0,0,0
1696,Point,59,88,569650,136950,699-45-67C,284.448376,1,299-W12-3,1329.340133,0,0,0,0,0,0,0,0,0,0,0,0,0,0,0,0,0,0,0
1697,Point,59,89,569750,136950,699-45-67C,366.978036,1,299-W12-3,1429.279255,0,0,0,0,0,0,0,0,0,0,0,0,0,0,0,0,0,0,0
1698,Point,59,90,569850,136950,699-45-67C,456.546688,2,299-W12-3,1529.226337,0,0,0,0,0,0,0,0,0,0,0,0,0,0,0,0,0,0,0
1699,Point,59,91,569950,136950,699-44-64,443.774748,2,299-W12-3,1629.179913,0,0,0,0,0,0,0,0,0,0,0,0,0,0,0,0,0,0,0
1700,Point,59,92,570050,136950,699-44-64,344.682502,1,299-W12-3,1729.138858,0,0,0,0,0,0,0,0,0,0,0,0,0,0,0,0,0,0,0
1701,Point,59,93,570150,136950,699-44-64,246.325044,1,299-W12-3,1829.10229,0,0,0,0,0,0,0,0,0,0,0,0,0,0,0,0,0,0,0
1702,Point,59,94,570250,136950,699-44-64,150.153346,0,299-W12-3,1929.069514,0,0,0,0,0,0,0,0,0,0,0,0,0,0,0,0,0,0,0
1703,Point,59,95,570350,136950,699-44-64,66.453197,0,299-W12-3,2029.039967,0,0,0,0,0,0,0,0,0,0,0,0,0,0,0,0,0,0,0
1704,Point,59,96,570450,136950,699-44-64,79.284471,0,299-W12-3,2129.013196,0,0,0,0,0,0,0,0,0,0,0,0,0,0,0,0,0,0,0
1705,Point,59,97,570550,136950,699-44-64,167.797579,0,299-W12-3,2228.988827,0,0,0,0,0,0,0,0,0,0,0,0,0,0,0,0,0,0,0
1706,Point,59,98,570650,136950,699-44-64,264.624314,1,299-W12-3,2328.96655,0,0,0,0,0,0,0,0,0,0,0,0,0,0,0,0,0,0,0
1707,Point,59,99,570750,136950,699-44-64,363.174927,1,299-W12-3,2428.946107,0,0,0,0,0,0,0,0,0,0,0,0,0,0,0,0,0,0,0
1708,Point,59,100,570850,136950,699-44-64,462.348383,2,299-W12-3,2528.92728,0,0,0,0,0,0,0,0,0,0,0,0,0,0,0,0,0,0,0
1709,Point,59,101,570950,136950,699-44-64,561.814941,2,299-W12-3,2628.909886,0,0,0,0,0,0,0,0,0,0,0,0,0,0,0,0,0,0,0
1710,Point,59,102,571050,136950,699-46-61,622.678596,3,299-W12-3,2728.893767,0,0,0,0,0,0,0,0,0,0,0,0,0,0,0,0,0,0,0
1711,Point,59,103,571150,136950,699-46-61,567.004968,2,299-W12-3,2828.878787,0,0,0,0,0,0,0,0,0,0,0,0,0,0,0,0,0,0,0
1712,Point,59,104,571250,136950,699-46-61B,523.110063,2,299-W12-3,2928.864829,0,0,0,0,0,0,0,0,0,0,0,0,0,0,0,0,0,0,0
1713,Point,59,105,571350,136950,699-46-61B,494.441845,2,299-W12-3,3028.851794,0,0,0,0,0,0,0,0,0,0,0,0,0,0,0,0,0,0,0
1714,Point,59,106,571450,136950,699-46-61B,485.078693,2,299-W12-3,3128.839591,0,0,0,0,0,0,0,0,0,0,0,0,0,0,0,0,0,0,0
1715,Point,59,107,571550,136950,699-46-61B,496.114844,2,299-W12-3,3228.828145,0,0,0,0,0,0,0,0,0,0,0,0,0,0,0,0,0,0,0
1716,Point,59,108,571650,136950,699-46-61B,526.268504,2,299-W12-3,3328.817386,0,0,0,0,0,0,0,0,0,0,0,0,0,0,0,0,0,0,0
1717,Point,59,109,571750,136950,699-46-61B,572.526976,2,299-W12-3,3428.807255,0,0,0,0,0,0,0,0,0,0,0,0,0,0,0,0,0,0,0
1718,Point,59,110,571850,136950,699-46-61B,631.360229,3,299-W12-3,3528.797697,0,0,0,0,0,0,0,0,0,0,0,0,0,0,0,0,0,0,0
1719,Point,59,111,571950,136950,699-46-61B,699.602986,3,299-W12-3,3628.788667,0,0,0,0,0,0,0,0,0,0,0,0,0,0,0,0,0,0,0
1720,Point,59,112,572050,136950,699-46-61B,774.77283,3,299-W12-3,3728.780121,0,0,0,0,0,0,0,0,0,0,0,0,0,0,0,0,0,0,0
1721,Point,59,113,572150,136950,699-46-61B,855.044758,4,299-W12-3,3828.772021,0,0,0,0,0,0,0,0,0,0,0,0,0,0,0,0,0,0,0
1722,Point,60,32,564050,136850,299-W9-2,1692.36413,4,299-W11-92,2689.411115,0,0,0,0,0,0,0,0,0,0,0,0,0,0,0,0,0,0,0
1723,Point,60,33,564150,136850,299-W9-2,1592.37381,4,299-W11-92,2591.208241,0,0,0,0,0,0,0,0,0,0,0,0,0,0,0,0,0,0,0
1724,Point,60,34,564250,136850,299-W9-2,1492.384786,4,299-W11-92,2493.14824,0,0,0,0,0,0,0,0,0,0,0,0,0,0,0,0,0,0,0
1725,Point,60,35,564350,136850,299-W9-2,1392.397339,4,299-W11-92,2395.248661,0,0,0,0,0,0,0,0,0,0,0,0,0,0,0,0,0,0,0
1726,Point,60,36,564450,136850,299-W9-2,1292.411834,4,299-W11-92,2297.53001,0,0,0,0,0,0,0,0,0,0,0,0,0,0,0,0,0,0,0
1727,Point,60,37,564550,136850,299-W9-2,1192.428761,4,299-W11-92,2200.016397,0,0,0,0,0,0,0,0,0,0,0,0,0,0,0,0,0,0,0
1728,Point,60,38,564650,136850,299-W9-2,1092.448786,4,299-W11-92,2102.736348,0,0,0,0,0,0,0,0,0,0,0,0,0,0,0,0,0,0,0
1729,Point,60,39,564750,136850,299-W9-2,992.472846,4,299-W11-92,2005.723846,0,0,0,0,0,0,0,0,0,0,0,0,0,0,0,0,0,0,0
1730,Point,60,40,564850,136850,299-W9-2,892.502297,4,299-W11-92,1909.019682,0,0,0,0,0,0,0,0,0,0,0,0,0,0,0,0,0,0,0
1731,Point,60,41,564950,136850,299-W9-2,792.539179,3,299-W11-92,1812.673205,0,0,0,0,0,0,0,0,0,0,0,0,0,0,0,0,0,0,0
1732,Point,60,42,565050,136850,299-W9-2,692.586709,3,299-W11-92,1716.744637,0,0,0,0,0,0,0,0,0,0,0,0,0,0,0,0,0,0,0
1733,Point,60,43,565150,136850,299-W9-2,592.650276,2,299-W11-92,1621.308159,0,0,0,0,0,0,0,0,0,0,0,0,0,0,0,0,0,0,0
1734,Point,60,44,565250,136850,299-W9-2,492.739637,2,299-W11-92,1526.456075,0,0,0,0,0,0,0,0,0,0,0,0,0,0,0,0,0,0,0
1735,Point,60,45,565350,136850,299-W9-2,392.874471,1,299-W11-92,1432.304489,0,0,0,0,0,0,0,0,0,0,0,0,0,0,0,0,0,0,0
1736,Point,60,46,565450,136850,299-W9-2,293.101262,1,299-W11-92,1339.001176,0,0,0,0,0,0,0,0,0,0,0,0,0,0,0,0,0,0,0
1737,Point,60,47,565550,136850,299-W9-2,193.562263,0,299-W11-92,1246.736599,0,0,0,0,0,0,0,0,0,0,0,0,0,0,0,0,0,0,0
1738,Point,60,48,565650,136850,299-W9-2,94.996577,0,299-W11-92,1155.759555,0,0,0,0,0,0,0,0,0,0,0,0,0,0,0,0,0,0,0
1739,Point,60,49,565750,136850,299-W9-2,24.131923,0,299-W11-92,1066.399619,0,0,0,0,0,0,0,0,0,0,0,0,0,0,0,0,0,0,0
1740,Point,60,50,565850,136850,299-W9-2,110.183255,0,299-W11-92,979.099662,0,0,0,0,0,0,0,0,0,0,0,0,0,0,0,0,0,0,0
1741,Point,60,51,565950,136850,299-W10-202,86.707324,0,299-W11-92,894.46305,0,0,0,0,0,0,0,0,0,0,0,0,0,0,0,0,0,0,0
1742,Point,60,52,566050,136850,299-W10-29,39.238603,0,299-W11-92,813.321676,0,0,0,0,0,0,0,0,0,0,0,0,0,0,0,0,0,0,0
1743,Point,60,53,566150,136850,299-W10-29,70.311222,0,299-W11-92,736.831153,0,0,0,0,0,0,0,0,0,0,0,0,0,0,0,0,0,0,0
1744,Point,60,54,566250,136850,299-W10-20,16.609801,0,299-W11-92,666.59444,0,0,0,0,0,0,0,0,0,0,0,0,0,0,0,0,0,0,0
1745,Point,60,55,566350,136850,299-W10-20,101.670475,0,299-W11-92,604.794302,0,0,0,0,0,0,0,0,0,0,0,0,0,0,0,0,0,0,0
1746,Point,60,56,566450,136850,299-W10-204,200.552459,1,299-W11-50,524.6435,0,0,0,0,0,0,0,0,0,0,0,0,0,0,0,0,0,0,0
1747,Point,60,57,566550,136850,299-W10-1,161.604283,0,299-W11-50,426.610833,0,0,0,0,0,0,0,0,0,0,0,0,0,0,0,0,0,0,0
1748,Point,60,58,566650,136850,299-W10-1,116.17549,0,299-W11-50,329.761736,0,0,0,0,0,0,0,0,0,0,0,0,0,0,0,0,0,0,0
1749,Point,60,59,566750,136850,299-W10-23,81.469935,0,299-W11-50,235.560613,1,0,0,0,0,0,0,0,0,0,0,0,0,0,0,0,0,0,0
1750,Point,60,60,566850,136850,299-W11-48,32.197411,0,299-W11-50,149.113388,2,0,0,0,0,0,0,0,0,0,0,0,0,0,0,0,0,0,0
1751,Point,60,61,566950,136850,299-W11-48,68.137165,0,299-W11-50,94.767096,3,0,0,0,0,0,0,0,0,0,0,0,0,0,0,0,0,0,0
1752,Point,60,62,567050,136850,299-W11-45,93.790592,0,299-W11-50,125.406549,2,0,0,0,0,0,0,0,0,0,0,0,0,0,0,0,0,0,0
1753,Point,60,63,567150,136850,299-W11-33Q,35.321228,0,299-W11-50,206.089307,1,0,0,0,0,0,0,0,0,0,0,0,0,0,0,0,0,0,0
1754,Point,60,64,567250,136850,299-W11-33Q,65.374224,0,299-W11-50,298.695167,1,0,0,0,0,0,0,0,0,0,0,0,0,0,0,0,0,0,0
1755,Point,60,65,567350,136850,299-W11-43,145.232053,0,299-W11-90,333.154048,0,0,0,0,0,0,0,0,0,0,0,0,0,0,0,0,0,0,0
1756,Point,60,66,567450,136850,299-W11-43,217.127495,1,299-W11-107,293.84091,1,0,0,0,0,0,0,0,0,0,0,0,0,0,0,0,0,0,0
1757,Point,60,67,567550,136850,299-W11-96,237.897344,1,299-W11-96,237.897344,1,0,0,0,0,0,0,0,0,0,0,0,0,0,0,0,0,0,0
1758,Point,60,68,567650,136850,299-W11-96,147.06851,0,299-W11-96,147.06851,2,0,0,0,0,0,0,0,0,0,0,0,0,0,0,0,0,0,0
1759,Point,60,69,567750,136850,299-W11-96,81.628099,0,299-W11-96,81.628099,3,0,0,0,0,0,0,0,0,0,0,0,0,0,0,0,0,0,0
1760,Point,60,70,567850,136850,299-W11-96,108.153347,0,299-W11-96,108.153347,2,0,0,0,0,0,0,0,0,0,0,0,0,0,0,0,0,0,0
1761,Point,60,71,567950,136850,299-W14-29,118.982994,0,299-W14-29,118.982994,2,0,0,0,0,0,0,0,0,0,0,0,0,0,0,0,0,0,0
1762,Point,60,72,568050,136850,299-W14-29,23.180872,0,299-W14-29,23.180872,4,0,0,0,0,0,0,0,0,0,0,0,0,0,0,0,0,0,0
1763,Point,60,73,568150,136850,299-W14-29,83.173029,0,299-W14-29,83.173029,3,0,0,0,0,0,0,0,0,0,0,0,0,0,0,0,0,0,0
1764,Point,60,74,568250,136850,299-W14-29,182.477815,0,299-W12-3,164.460296,2,0,0,0,0,0,0,0,0,0,0,0,0,0,0,0,0,0,0
1765,Point,60,75,568350,136850,299-W12-5,273.411744,1,299-W12-3,150.80182,2,0,0,0,0,0,0,0,0,0,0,0,0,0,0,0,0,0,0
1766,Point,60,76,568450,136850,699-44-70C,213.307497,1,299-W12-3,196.048945,2,0,0,0,0,0,0,0,0,0,0,0,0,0,0,0,0,0,0
1767,Point,60,77,568550,136850,699-44-70C,116.702563,0,299-W12-3,272.266761,1,0,0,0,0,0,0,0,0,0,0,0,0,0,0,0,0,0,0
1768,Point,60,78,568650,136850,699-44-70C,41.699979,0,299-W12-3,360.309851,0,0,0,0,0,0,0,0,0,0,0,0,0,0,0,0,0,0,0
1769,Point,60,79,568750,136850,699-44-70B,89.224103,0,299-W12-3,453.340037,0,0,0,0,0,0,0,0,0,0,0,0,0,0,0,0,0,0,0
1770,Point,60,80,568850,136850,699-44-70B,184.252383,0,299-W12-3,548.827103,0,0,0,0,0,0,0,0,0,0,0,0,0,0,0,0,0,0,0
1771,Point,60,81,568950,136850,699-44-70B,282.731216,1,299-W12-3,645.681957,0,0,0,0,0,0,0,0,0,0,0,0,0,0,0,0,0,0,0
1772,Point,60,82,569050,136850,699-43-69,370.918766,1,299-W12-3,743.370156,0,0,0,0,0,0,0,0,0,0,0,0,0,0,0,0,0,0,0
1773,Point,60,83,569150,136850,699-45-67C,398.058888,1,299-W12-3,841.601562,0,0,0,0,0,0,0,0,0,0,0,0,0,0,0,0,0,0,0
1774,Point,60,84,569250,136850,699-45-67C,334.981908,1,299-W12-3,940.205929,0,0,0,0,0,0,0,0,0,0,0,0,0,0,0,0,0,0,0
1775,Point,60,85,569350,136850,699-45-67C,293.214731,1,299-W12-3,1039.077085,0,0,0,0,0,0,0,0,0,0,0,0,0,0,0,0,0,0,0
1776,Point,60,86,569450,136850,699-45-67C,282.377192,1,299-W12-3,1138.145504,0,0,0,0,0,0,0,0,0,0,0,0,0,0,0,0,0,0,0
1777,Point,60,87,569550,136850,699-45-67C,305.775863,1,299-W12-3,1237.363806,0,0,0,0,0,0,0,0,0,0,0,0,0,0,0,0,0,0,0
1778,Point,60,88,569650,136850,699-45-67C,356.736427,1,299-W12-3,1336.698616,0,0,0,0,0,0,0,0,0,0,0,0,0,0,0,0,0,0,0
1779,Point,60,89,569750,136850,699-45-67C,425.467835,2,299-W12-3,1436.125757,0,0,0,0,0,0,0,0,0,0,0,0,0,0,0,0,0,0,0
1780,Point,60,90,569850,136850,699-45-67C,504.7622,2,299-W12-3,1535.627295,0,0,0,0,0,0,0,0,0,0,0,0,0,0,0,0,0,0,0
1781,Point,60,91,569950,136850,699-44-64,443.195247,2,299-W12-3,1635.189649,0,0,0,0,0,0,0,0,0,0,0,0,0,0,0,0,0,0,0
1782,Point,60,92,570050,136850,699-44-64,343.93608,1,299-W12-3,1734.802349,0,0,0,0,0,0,0,0,0,0,0,0,0,0,0,0,0,0,0
1783,Point,60,93,570150,136850,699-44-64,245.279488,1,299-W12-3,1834.457192,0,0,0,0,0,0,0,0,0,0,0,0,0,0,0,0,0,0,0
1784,Point,60,94,570250,136850,699-44-64,148.431895,0,299-W12-3,1934.147665,0,0,0,0,0,0,0,0,0,0,0,0,0,0,0,0,0,0,0
1785,Point,60,95,570350,136850,699-44-64,62.46621,0,299-W12-3,2033.868528,0,0,0,0,0,0,0,0,0,0,0,0,0,0,0,0,0,0,0
1786,Point,60,96,570450,136850,699-44-64,75.97386,0,299-W12-3,2133.61552,0,0,0,0,0,0,0,0,0,0,0,0,0,0,0,0,0,0,0
1787,Point,60,97,570550,136850,699-44-64,166.258917,0,299-W12-3,2233.385141,0,0,0,0,0,0,0,0,0,0,0,0,0,0,0,0,0,0,0
1788,Point,60,98,570650,136850,699-44-64,263.651337,1,299-W12-3,2333.174487,0,0,0,0,0,0,0,0,0,0,0,0,0,0,0,0,0,0,0
1789,Point,60,99,570750,136850,699-44-64,362.466588,1,299-W12-3,2432.981132,0,0,0,0,0,0,0,0,0,0,0,0,0,0,0,0,0,0,0
1790,Point,60,100,570850,136850,699-44-64,461.792191,2,299-W12-3,2532.80303,0,0,0,0,0,0,0,0,0,0,0,0,0,0,0,0,0,0,0
1791,Point,60,101,570950,136850,699-44-64,561.357308,2,299-W12-3,2632.638446,0,0,0,0,0,0,0,0,0,0,0,0,0,0,0,0,0,0,0
1792,Point,60,102,571050,136850,699-44-64,661.053725,3,299-W12-3,2732.485899,0,0,0,0,0,0,0,0,0,0,0,0,0,0,0,0,0,0,0
1793,Point,60,103,571150,136850,699-46-61B,655.612491,3,299-W12-3,2832.344116,0,0,0,0,0,0,0,0,0,0,0,0,0,0,0,0,0,0,0
1794,Point,60,104,571250,136850,699-46-61B,616.973531,3,299-W12-3,2932.211996,0,0,0,0,0,0,0,0,0,0,0,0,0,0,0,0,0,0,0
1795,Point,60,105,571350,136850,699-46-61B,592.861652,2,299-W12-3,3032.088585,0,0,0,0,0,0,0,0,0,0,0,0,0,0,0,0,0,0,0
1796,Point,60,106,571450,136850,699-46-61B,585.075669,2,299-W12-3,3131.97305,0,0,0,0,0,0,0,0,0,0,0,0,0,0,0,0,0,0,0
1797,Point,60,107,571550,136850,699-46-61B,594.257636,2,299-W12-3,3231.864661,0,0,0,0,0,0,0,0,0,0,0,0,0,0,0,0,0,0,0
1798,Point,60,108,571650,136850,699-46-61B,619.653724,3,299-W12-3,3331.762775,0,0,0,0,0,0,0,0,0,0,0,0,0,0,0,0,0,0,0
1799,Point,60,109,571750,136850,699-46-61B,659.393159,3,299-W12-3,3431.666824,0,0,0,0,0,0,0,0,0,0,0,0,0,0,0,0,0,0,0
1800,Point,60,110,571850,136850,699-46-61B,711.075199,3,299-W12-3,3531.576304,0,0,0,0,0,0,0,0,0,0,0,0,0,0,0,0,0,0,0
1801,Point,60,111,571950,136850,699-46-61B,772.305987,3,299-W12-3,3631.490767,0,0,0,0,0,0,0,0,0,0,0,0,0,0,0,0,0,0,0
1802,Point,60,112,572050,136850,699-46-61B,841.00246,4,299-W12-3,3731.409813,0,0,0,0,0,0,0,0,0,0,0,0,0,0,0,0,0,0,0
1803,Point,60,113,572150,136850,699-46-61B,915.48552,4,299-W12-3,3831.333082,0,0,0,0,0,0,0,0,0,0,0,0,0,0,0,0,0,0,0
1804,Point,61,32,564050,136750,299-W9-2,1696.662709,4,299-W11-92,2672.693052,0,0,0,0,0,0,0,0,0,0,0,0,0,0,0,0,0,0,0
1805,Point,61,33,564150,136750,299-W9-2,1596.941561,4,299-W11-92,2573.852394,0,0,0,0,0,0,0,0,0,0,0,0,0,0,0,0,0,0,0
1806,Point,61,34,564250,136750,299-W9-2,1497.25761,4,299-W11-92,2475.104876,0,0,0,0,0,0,0,0,0,0,0,0,0,0,0,0,0,0,0
1807,Point,61,35,564350,136750,299-W9-2,1397.618814,4,299-W11-92,2376.462107,0,0,0,0,0,0,0,0,0,0,0,0,0,0,0,0,0,0,0
1808,Point,61,36,564450,136750,299-W9-2,1298.035573,4,299-W11-92,2277.937696,0,0,0,0,0,0,0,0,0,0,0,0,0,0,0,0,0,0,0
1809,Point,61,37,564550,136750,299-W9-2,1198.521735,4,299-W11-92,2179.547693,0,0,0,0,0,0,0,0,0,0,0,0,0,0,0,0,0,0,0
1810,Point,61,38,564650,136750,299-W9-2,1099.096151,4,299-W11-92,2081.311161,0,0,0,0,0,0,0,0,0,0,0,0,0,0,0,0,0,0,0
1811,Point,61,39,564750,136750,299-W9-2,999.785152,4,299-W11-92,1983.250904,0,0,0,0,0,0,0,0,0,0,0,0,0,0,0,0,0,0,0
1812,Point,61,40,564850,136750,299-W9-2,900.626643,4,299-W11-92,1885.394428,0,0,0,0,0,0,0,0,0,0,0,0,0,0,0,0,0,0,0
1813,Point,61,41,564950,136750,299-W9-2,801.67721,4,299-W11-92,1787.775195,0,0,0,0,0,0,0,0,0,0,0,0,0,0,0,0,0,0,0
1814,Point,61,42,565050,136750,299-W9-2,703.025142,3,299-W11-92,1690.434308,0,0,0,0,0,0,0,0,0,0,0,0,0,0,0,0,0,0,0
1815,Point,61,43,565150,136750,299-W9-2,604.815963,3,299-W11-92,1593.422778,0,0,0,0,0,0,0,0,0,0,0,0,0,0,0,0,0,0,0
1816,Point,61,44,565250,136750,299-W9-2,507.306958,2,299-W11-92,1496.804646,0,0,0,0,0,0,0,0,0,0,0,0,0,0,0,0,0,0,0
1817,Point,61,45,565350,136750,299-W9-2,410.996776,2,299-W11-92,1400.661325,0,0,0,0,0,0,0,0,0,0,0,0,0,0,0,0,0,0,0
1818,Point,61,46,565450,136750,299-W9-2,316.980046,1,299-W11-92,1305.097754,0,0,0,0,0,0,0,0,0,0,0,0,0,0,0,0,0,0,0
1819,Point,61,47,565550,136750,299-W9-2,228.110389,1,299-W11-92,1210.251275,0,0,0,0,0,0,0,0,0,0,0,0,0,0,0,0,0,0,0
1820,Point,61,48,565650,136750,299-W9-2,153.598013,0,299-W11-92,1116.304684,0,0,0,0,0,0,0,0,0,0,0,0,0,0,0,0,0,0,0
1821,Point,61,49,565750,136750,299-W9-2,123.086757,0,299-W11-92,1023.505812,0,0,0,0,0,0,0,0,0,0,0,0,0,0,0,0,0,0,0
1822,Point,61,50,565850,136750,299-W9-2,163.426894,0,299-W11-92,932.197483,0,0,0,0,0,0,0,0,0,0,0,0,0,0,0,0,0,0,0
1823,Point,61,51,565950,136750,299-W10-203,79.178887,0,299-W11-92,842.864252,0,0,0,0,0,0,0,0,0,0,0,0,0,0,0,0,0,0,0
1824,Point,61,52,566050,136750,299-W10-30,34.472849,0,299-W11-92,756.206419,0,0,0,0,0,0,0,0,0,0,0,0,0,0,0,0,0,0,0
1825,Point,61,53,566150,136750,299-W10-30,68.06157,0,299-W11-92,673.257861,0,0,0,0,0,0,0,0,0,0,0,0,0,0,0,0,0,0,0
1826,Point,61,54,566250,136750,299-W10-20,116.607399,0,299-W11-92,595.570439,0,0,0,0,0,0,0,0,0,0,0,0,0,0,0,0,0,0,0
1827,Point,61,55,566350,136750,299-W10-20,153.812501,0,299-W11-92,525.482776,0,0,0,0,0,0,0,0,0,0,0,0,0,0,0,0,0,0,0
1828,Point,61,56,566450,136750,299-W10-1,213.654264,1,299-W11-92,466.433434,0,0,0,0,0,0,0,0,0,0,0,0,0,0,0,0,0,0,0
1829,Point,61,57,566550,136750,299-W10-1,114.144402,0,299-W11-50,416.322955,0,0,0,0,0,0,0,0,0,0,0,0,0,0,0,0,0,0,0
1830,Point,61,58,566650,136750,299-W10-1,20.242145,0,299-W11-50,316.339695,0,0,0,0,0,0,0,0,0,0,0,0,0,0,0,0,0,0,0
1831,Point,61,59,566750,136750,299-W10-28,62.872946,0,299-W11-50,216.371908,1,0,0,0,0,0,0,0,0,0,0,0,0,0,0,0,0,0,0
1832,Point,61,60,566850,136750,299-W10-24,60.286731,0,299-W11-50,116.459446,2,0,0,0,0,0,0,0.930646,49,49.930646,1,4,4,0,0,0,0,0,0
1833,Point,61,61,566950,136750,299-W11-50,17.572777,0,299-W11-50,17.572777,4,113.352827,136,249.352827,1,2,1,29.040667,145,174.040667,1,3,3,0,0,0,0,0,0
1834,Point,61,62,567050,136750,299-W11-45,62.647228,0,299-W11-50,83.992872,3,136.031852,220,356.031852,1,2,1,65.967368,233,298.967368,1,2,2,0,0,0,0,0,0
1835,Point,61,63,567150,136750,299-W11-33Q,100.602133,0,299-W11-50,183.849946,2,0,0,0,0,0,0,0,0,0,0,0,0,0,0,0,0,0,0
1836,Point,61,64,567250,136750,299-W11-33Q,114.660321,0,299-W11-90,237.237475,1,0,0,0,0,0,0,0,0,0,0,0,0,0,0,0,0,0,0
1837,Point,61,65,567350,136750,299-W11-33Q,190.192505,0,299-W11-90,234.357888,1,0,0,0,0,0,0,0,0,0,0,0,0,0,0,0,0,0,0
1838,Point,61,66,567450,136750,299-W11-107,207.515012,1,299-W11-107,207.515012,1,0,0,0,0,0,0,0,0,0,0,0,0,0,0,0,0,0,0
1839,Point,61,67,567550,136750,299-W11-107,168.120433,0,299-W11-107,168.120433,2,0,0,0,0,0,0,0,0,0,0,0,0,0,0,0,0,0,0
1840,Point,61,68,567650,136750,299-W11-96,126.795688,0,299-W11-96,126.795688,2,0,0,0,0,0,0,0,0,0,0,0,0,0,0,0,0,0,0
1841,Point,61,69,567750,136750,299-W11-96,33.333864,0,299-W11-96,33.333864,4,0,0,0,0,0,0,0,0,0,0,0,0,0,0,0,0,0,0
1842,Point,61,70,567850,136750,299-W11-96,78.390985,0,299-W11-96,78.390985,3,0,0,0,0,0,0,0,0,0,0,0,0,0,0,0,0,0,0
1843,Point,61,71,567950,136750,299-W12-5,152.387603,0,299-W14-29,164.480859,2,0,0,0,0,0,0,0,0,0,0,0,0,0,0,0,0,0,0
1844,Point,61,72,568050,136750,299-W12-5,53.684091,0,299-W14-29,115.906656,2,0,0,0,0,0,0,0,0,0,0,0,0,0,0,0,0,0,0
1845,Point,61,73,568150,136750,299-W12-5,50.418068,0,299-W14-29,140.764885,2,0,0,0,0,0,0,0,0,0,0,0,0,0,0,0,0,0,0
1846,Point,61,74,568250,136750,299-W12-5,149.003294,0,299-W12-2,153.158713,2,0,0,0,0,0,0,0,0,0,0,0,0,0,0,0,0,0,0
1847,Point,61,75,568350,136750,299-W12-5,248.72069,1,299-W12-2,144.649892,2,0,0,0,0,0,0,0,0,0,0,0,0,0,0,0,0,0,0
1848,Point,61,76,568450,136750,699-44-70C,217.657732,1,299-W12-2,195.93262,2,0,0,0,0,0,0,0,0,0,0,0,0,0,0,0,0,0,0
1849,Point,61,77,568550,136750,699-44-70C,124.476055,0,299-W12-2,275.418938,1,0,0,0,0,0,0,0,0,0,0,0,0,0,0,0,0,0,0
1850,Point,61,78,568650,136750,699-44-70C,60.113961,0,299-W12-2,365.132293,0,0,0,0,0,0,0,0,0,0,0,0,0,0,0,0,0,0,0
1851,Point,61,79,568750,136750,699-44-70B,100.17455,0,299-W12-2,459.116098,0,0,0,0,0,0,0,0,0,0,0,0,0,0,0,0,0,0,0
1852,Point,61,80,568850,136750,699-44-70B,189.797104,0,299-W12-2,555.2059,0,0,0,0,0,0,0,0,0,0,0,0,0,0,0,0,0,0,0
1853,Point,61,81,568950,136750,699-43-69,262.073904,1,299-W12-2,652.471909,0,0,0,0,0,0,0,0,0,0,0,0,0,0,0,0,0,0,0
1854,Point,61,82,569050,136750,699-43-69,274.366053,1,299-W12-2,750.456922,0,0,0,0,0,0,0,0,0,0,0,0,0,0,0,0,0,0,0
1855,Point,61,83,569150,136750,699-43-69,319.171946,1,299-W12-2,848.912005,0,0,0,0,0,0,0,0,0,0,0,0,0,0,0,0,0,0,0
1856,Point,61,84,569250,136750,699-43-69,385.311214,1,299-W12-2,947.690662,0,0,0,0,0,0,0,0,0,0,0,0,0,0,0,0,0,0,0
1857,Point,61,85,569350,136750,699-45-67C,390.288199,1,299-W12-2,1046.70129,0,0,0,0,0,0,0,0,0,0,0,0,0,0,0,0,0,0,0
1858,Point,61,86,569450,136750,699-45-67C,382.213132,1,299-W12-2,1145.88376,0,0,0,0,0,0,0,0,0,0,0,0,0,0,0,0,0,0,0
1859,Point,61,87,569550,136750,699-45-67C,399.811054,1,299-W12-2,1245.197009,0,0,0,0,0,0,0,0,0,0,0,0,0,0,0,0,0,0,0
1860,Point,61,88,569650,136750,699-45-67C,440.012362,2,299-W12-2,1344.61206,0,0,0,0,0,0,0,0,0,0,0,0,0,0,0,0,0,0,0
1861,Point,61,89,569750,136750,699-45-67C,497.36594,2,299-W12-2,1444.107888,0,0,0,0,0,0,0,0,0,0,0,0,0,0,0,0,0,0,0
1862,Point,61,90,569850,136750,699-44-64,560.390959,2,299-W12-2,1543.668874,0,0,0,0,0,0,0,0,0,0,0,0,0,0,0,0,0,0,0
1863,Point,61,91,569950,136750,699-44-64,464.659044,2,299-W12-2,1643.283174,0,0,0,0,0,0,0,0,0,0,0,0,0,0,0,0,0,0,0
1864,Point,61,92,570050,136750,699-44-64,371.184627,1,299-W12-2,1742.941649,0,0,0,0,0,0,0,0,0,0,0,0,0,0,0,0,0,0,0
1865,Point,61,93,570150,136750,699-44-64,282.219821,1,299-W12-2,1842.63713,0,0,0,0,0,0,0,0,0,0,0,0,0,0,0,0,0,0,0
1866,Point,61,94,570250,136750,699-44-64,203.75973,1,299-W12-2,1942.363918,0,0,0,0,0,0,0,0,0,0,0,0,0,0,0,0,0,0,0
1867,Point,61,95,570350,136750,699-44-64,152.931447,0,299-W12-2,2042.117428,0,0,0,0,0,0,0,0,0,0,0,0,0,0,0,0,0,0,0
1868,Point,61,96,570450,136750,699-44-64,158.927743,0,299-W12-2,2141.893926,0,0,0,0,0,0,0,0,0,0,0,0,0,0,0,0,0,0,0
1869,Point,61,97,570550,136750,699-44-64,217.089906,1,299-W12-2,2241.690342,0,0,0,0,0,0,0,0,0,0,0,0,0,0,0,0,0,0,0
1870,Point,61,98,570650,136750,699-44-64,298.325372,1,299-W12-2,2341.50413,0,0,0,0,0,0,0,0,0,0,0,0,0,0,0,0,0,0,0
1871,Point,61,99,570750,136750,699-44-64,388.417337,1,299-W12-3,2441.109418,0,0,0,0,0,0,0,0,0,0,0,0,0,0,0,0,0,0,0
1872,Point,61,100,570850,136750,699-44-64,482.429298,2,299-W12-3,2540.611971,0,0,0,0,0,0,0,0,0,0,0,0,0,0,0,0,0,0,0
1873,Point,61,101,570950,136750,699-44-64,578.453133,2,299-W12-3,2640.152115,0,0,0,0,0,0,0,0,0,0,0,0,0,0,0,0,0,0,0
1874,Point,61,102,571050,136750,699-44-64,675.631577,3,299-W12-3,2739.725751,0,0,0,0,0,0,0,0,0,0,0,0,0,0,0,0,0,0,0
1875,Point,61,103,571150,136750,699-46-61B,746.217085,3,299-W12-3,2839.329355,0,0,0,0,0,0,0,0,0,0,0,0,0,0,0,0,0,0,0
1876,Point,61,104,571250,136750,699-46-61B,712.508623,3,299-W12-3,2938.959882,0,0,0,0,0,0,0,0,0,0,0,0,0,0,0,0,0,0,0
1877,Point,61,105,571350,136750,699-46-61B,691.734876,3,299-W12-3,3038.614683,0,0,0,0,0,0,0,0,0,0,0,0,0,0,0,0,0,0,0
1878,Point,61,106,571450,136750,699-46-61B,685.073528,3,299-W12-3,3138.291444,0,0,0,0,0,0,0,0,0,0,0,0,0,0,0,0,0,0,0
1879,Point,61,107,571550,136750,699-46-61B,692.931698,3,299-W12-3,3237.988139,0,0,0,0,0,0,0,0,0,0,0,0,0,0,0,0,0,0,0
1880,Point,61,108,571650,136750,699-46-61B,714.830706,3,299-W12-3,3337.702981,0,0,0,0,0,0,0,0,0,0,0,0,0,0,0,0,0,0,0
1881,Point,61,109,571750,136750,699-46-61B,749.540885,3,299-W12-3,3437.434391,0,0,0,0,0,0,0,0,0,0,0,0,0,0,0,0,0,0,0
1882,Point,61,110,571850,136750,699-46-61B,795.386785,3,299-W12-3,3537.180966,0,0,0,0,0,0,0,0,0,0,0,0,0,0,0,0,0,0,0
1883,Point,61,111,571950,136750,699-46-61B,850.569655,4,299-W12-3,3636.941461,0,0,0,0,0,0,0,0,0,0,0,0,0,0,0,0,0,0,0
1884,Point,61,112,572050,136750,699-46-61B,913.398784,4,299-W12-3,3736.714759,0,0,0,0,0,0,0,0,0,0,0,0,0,0,0,0,0,0,0
1885,Point,61,113,572150,136750,699-46-61B,982.408234,4,299-W12-3,3836.499862,0,0,0,0,0,0,0,0,0,0,0,0,0,0,0,0,0,0,0
1886,Point,62,32,564050,136650,299-W9-2,1706.819366,4,299-W11-92,2659.632333,0,0,0,0,0,0,0,0,0,0,0,0,0,0,0,0,0,0,0
1887,Point,62,33,564150,136650,299-W9-2,1607.72832,4,299-W11-92,2560.287513,0,0,0,0,0,0,0,0,0,0,0,0,0,0,0,0,0,0,0
1888,Point,62,34,564250,136650,299-W9-2,1508.75722,4,299-W11-92,2460.995764,0,0,0,0,0,0,0,0,0,0,0,0,0,0,0,0,0,0,0
1889,Point,62,35,564350,136650,299-W9-2,1409.931328,4,299-W11-92,2361.763779,0,0,0,0,0,0,0,0,0,0,0,0,0,0,0,0,0,0,0
1890,Point,62,36,564450,136650,299-W9-2,1311.283474,4,299-W11-92,2262.599423,0,0,0,0,0,0,0,0,0,0,0,0,0,0,0,0,0,0,0
1891,Point,62,37,564550,136650,299-W9-2,1212.857102,4,299-W11-92,2163.511994,0,0,0,0,0,0,0,0,0,0,0,0,0,0,0,0,0,0,0
1892,Point,62,38,564650,136650,299-W9-2,1114.710882,4,299-W11-92,2064.512569,0,0,0,0,0,0,0,0,0,0,0,0,0,0,0,0,0,0,0
1893,Point,62,39,564750,136650,299-W9-2,1016.925931,4,299-W11-92,1965.614445,0,0,0,0,0,0,0,0,0,0,0,0,0,0,0,0,0,0,0
1894,Point,62,40,564850,136650,299-W9-2,919.617502,4,299-W11-92,1866.833723,0,0,0,0,0,0,0,0,0,0,0,0,0,0,0,0,0,0,0
1895,Point,62,41,564950,136650,299-W9-2,822.954646,4,299-W11-92,1768.190077,0,0,0,0,0,0,0,0,0,0,0,0,0,0,0,0,0,0,0
1896,Point,62,42,565050,136650,299-W9-2,727.19485,3,299-W11-92,1669.707803,0,0,0,0,0,0,0,0,0,0,0,0,0,0,0,0,0,0,0
1897,Point,62,43,565150,136650,299-W9-2,632.748251,3,299-W11-92,1571.417242,0,0,0,0,0,0,0,0,0,0,0,0,0,0,0,0,0,0,0
1898,Point,62,44,565250,136650,299-W9-2,540.303942,2,299-W11-92,1473.356762,0,0,0,0,0,0,0,0,0,0,0,0,0,0,0,0,0,0,0
1899,Point,62,45,565350,136650,299-W9-2,451.094613,2,299-W11-92,1375.57557,0,0,0,0,0,0,0,0,0,0,0,0,0,0,0,0,0,0,0
1900,Point,62,46,565450,136650,299-W9-2,367.483809,1,299-W11-92,1278.137766,0,0,0,0,0,0,0,0,0,0,0,0,0,0,0,0,0,0,0
1901,Point,62,47,565550,136650,299-W9-2,294.282772,1,299-W11-92,1181.128337,0,0,0,0,0,0,0,0,0,0,0,0,0,0,0,0,0,0,0
1902,Point,62,48,565650,136650,299-W9-2,241.16457,1,299-W11-92,1084.662228,0,0,0,0,0,0,0,0,0,0,0,0,0,0,0,0,0,0,0
1903,Point,62,49,565750,136650,299-W9-2,222.976119,1,299-W11-92,988.898452,0,0,0,0,0,0,0,0,0,0,0,0,0,0,0,0,0,0,0
1904,Point,62,50,565850,136650,299-W10-14,172.172747,0,299-W11-92,894.06272,0,0,0,0,0,0,0,0,0,0,0,0,0,0,0,0,0,0,0
1905,Point,62,51,565950,136650,299-W10-14,78.76963,0,299-W11-92,800.484946,0,0,0,0,0,0,0,0,0,0,0,0,0,0,0,0,0,0,0
1906,Point,62,52,566050,136650,299-W10-14,52.591393,0,299-W11-92,708.663635,0,0,0,0,0,0,0,0,0,0,0,0,0,0,0,0,0,0,0
1907,Point,62,53,566150,136650,299-W10-30,111.796142,0,299-W11-92,619.380455,0,0,0,0,0,0,0,0,0,0,0,0,0,0,0,0,0,0,0
1908,Point,62,54,566250,136650,299-W10-30,189.58475,0,299-W11-92,533.910243,0,0,0,0,0,0,0,0,0,0,0,0,0,0,0,0,0,0,0
1909,Point,62,55,566350,136650,299-W10-20,238.70418,1,299-W11-92,454.40967,0,0,0,0,0,0,0,0,0,0,0,0,0,0,0,0,0,0,0
1910,Point,62,56,566450,136650,299-W10-200,221.970901,1,299-W11-92,384.598684,0,0,0,0,0,0,0,0,0,0,0,0,0,0,0,0,0,0,0
1911,Point,62,57,566550,136650,299-W10-1,141.21595,0,299-W11-92,330.672267,0,0,0,0,0,0,0,0,0,0,0,0,0,0,0,0,0,0,0
1912,Point,62,58,566650,136650,299-W10-28,79.050664,0,299-W11-92,301.284165,0,0,0,0,0,0,0,0,0,0,0,0,0,0,0,0,0,0,0
1913,Point,62,59,566750,136650,299-W10-33,45.85192,0,299-W11-50,241.132334,1,0,0,0,0,0,0,0,0,0,0,0,0,0,0,0,0,0,0
1914,Point,62,60,566850,136650,299-W10-33,86.904537,0,299-W11-50,157.768192,2,2.975185,56,58.975185,1,4,2,0,0,0,0,0,0,0,0,0,0,0,0
1915,Point,62,61,566950,136650,299-W11-41,31.332795,0,299-W11-50,107.874012,2,14.981298,154,168.981298,1,3,1.5,65.459647,181,246.459647,1,2,2,0,0,0,0,0,0
1916,Point,62,62,567050,136650,299-W11-41,117.812326,0,299-W11-50,135.583194,2,40.322723,249,289.322723,1,2,1,25.859657,273,298.859657,1,2,2,0,0,0,0,0,0
1917,Point,62,63,567150,136650,299-W11-33Q,197.468957,0,299-W11-90,203.891196,1,69.294967,344,413.294967,1,1,0.5,13.740442,365,378.740442,1,2,2,0,0,0,0,0,0
1918,Point,62,64,567250,136650,299-W11-90,142.17461,0,299-W11-90,142.17461,2,98.267935,440,538.267935,1,1,0.5,53.340408,457,510.340408,1,1,1,0,0,0,0,0,0
1919,Point,62,65,567350,136650,299-W11-90,137.315766,0,299-W11-90,137.315766,2,0,0,0,0,0,0,0,0,0,0,0,0,0,0,0,0,0,0
1920,Point,62,66,567450,136650,299-W11-107,140.650205,0,299-W11-107,140.650205,2,0,0,0,0,0,0,0,0,0,0,0,0,0,0,0,0,0,0
1921,Point,62,67,567550,136650,299-W11-107,70.600851,0,299-W11-107,70.600851,3,0,0,0,0,0,0,0,0,0,0,0,0,0,0,0,0,0,0
1922,Point,62,68,567650,136650,299-W11-104,99.70122,0,299-W11-107,100.928094,2,0,0,0,0,0,0,0,0,0,0,0,0,0,0,0,0,0,0
1923,Point,62,69,567750,136650,299-W14-31,111.606171,0,299-W14-31,111.606171,2,0,0,0,0,0,0,0,0,0,0,0,0,0,0,0,0,0,0
1924,Point,62,70,567850,136650,299-W14-31,129.612258,0,299-W14-31,129.612258,2,0,0,0,0,0,0,0,0,0,0,0,0,0,0,0,0,0,0
1925,Point,62,71,567950,136650,299-W12-5,174.15505,0,299-W11-106,189.497859,2,0,0,0,0,0,0,0,0,0,0,0,0,0,0,0,0,0,0
1926,Point,62,72,568050,136650,299-W12-5,99.949895,0,299-W12-6,157.001907,2,0,0,0,0,0,0,0,0,0,0,0,0,0,0,0,0,0,0
1927,Point,62,73,568150,136650,299-W11-87,42.252295,0,299-W12-6,129.131711,2,0,0,0,0,0,0,0,0,0,0,0,0,0,0,0,0,0,0
1928,Point,62,74,568250,136650,299-W11-87,116.487151,0,299-W12-2,74.213148,3,0,0,0,0,0,0,0,0,0,0,0,0,0,0,0,0,0,0
1929,Point,62,75,568350,136650,299-W11-87,212.96304,1,299-W12-2,54.530646,3,0,0,0,0,0,0,0,0,0,0,0,0,0,0,0,0,0,0
1930,Point,62,76,568450,136650,699-44-70C,263.153355,1,299-W12-2,142.967099,2,0,0,0,0,0,0,0,0,0,0,0,0,0,0,0,0,0,0
1931,Point,62,77,568550,136650,699-44-70C,193.310859,0,299-W12-2,240.635807,1,0,0,0,0,0,0,0,0,0,0,0,0,0,0,0,0,0,0
1932,Point,62,78,568650,136650,699-44-70C,159.651146,0,299-W12-2,339.663939,0,0,0,0,0,0,0,0,0,0,0,0,0,0,0,0,0,0,0
1933,Point,62,79,568750,136650,699-44-70B,179.189677,0,299-W12-2,439.132772,0,0,0,0,0,0,0,0,0,0,0,0,0,0,0,0,0,0,0
1934,Point,62,80,568850,136650,699-43-69,199.461102,0,299-W12-2,538.798285,0,0,0,0,0,0,0,0,0,0,0,0,0,0,0,0,0,0,0
1935,Point,62,81,568950,136650,699-43-69,162.415305,0,299-W12-2,638.568392,0,0,0,0,0,0,0,0,0,0,0,0,0,0,0,0,0,0,0
1936,Point,62,82,569050,136650,699-43-69,181.583951,0,299-W12-2,738.400698,0,0,0,0,0,0,0,0,0,0,0,0,0,0,0,0,0,0,0
1937,Point,62,83,569150,136650,699-43-69,244.062966,1,299-W12-2,838.272981,0,0,0,0,0,0,0,0,0,0,0,0,0,0,0,0,0,0,0
1938,Point,62,84,569250,136650,699-43-69,325.82316,1,299-W12-2,938.172474,0,0,0,0,0,0,0,0,0,0,0,0,0,0,0,0,0,0,0
1939,Point,62,85,569350,136650,699-43-69,415.63774,2,299-W12-2,1038.091321,0,0,0,0,0,0,0,0,0,0,0,0,0,0,0,0,0,0,0
1940,Point,62,86,569450,136650,699-45-67C,482.11708,2,299-W12-2,1138.024425,0,0,0,0,0,0,0,0,0,0,0,0,0,0,0,0,0,0,0
1941,Point,62,87,569550,136650,699-45-67C,496.184319,2,299-W12-2,1237.968332,0,0,0,0,0,0,0,0,0,0,0,0,0,0,0,0,0,0,0
1942,Point,62,88,569650,136650,699-45-67C,529.113295,2,299-W12-2,1337.920622,0,0,0,0,0,0,0,0,0,0,0,0,0,0,0,0,0,0,0
1943,Point,62,89,569750,136650,699-45-67C,577.687527,2,299-W12-2,1437.879547,0,0,0,0,0,0,0,0,0,0,0,0,0,0,0,0,0,0,0
1944,Point,62,90,569850,136650,699-44-64,594.578866,2,299-W12-2,1537.843812,0,0,0,0,0,0,0,0,0,0,0,0,0,0,0,0,0,0,0
1945,Point,62,91,569950,136650,699-44-64,505.365242,2,299-W12-2,1637.812441,0,0,0,0,0,0,0,0,0,0,0,0,0,0,0,0,0,0,0
1946,Point,62,92,570050,136650,699-44-64,421.027348,2,299-W12-2,1737.784679,0,0,0,0,0,0,0,0,0,0,0,0,0,0,0,0,0,0,0
1947,Point,62,93,570150,136650,699-44-64,345.157975,1,299-W12-2,1837.759938,0,0,0,0,0,0,0,0,0,0,0,0,0,0,0,0,0,0,0
1948,Point,62,94,570250,136650,699-44-64,284.612065,1,299-W12-2,1937.737751,0,0,0,0,0,0,0,0,0,0,0,0,0,0,0,0,0,0,0
1949,Point,62,95,570350,136650,699-44-64,250.746939,1,299-W12-2,2037.717741,0,0,0,0,0,0,0,0,0,0,0,0,0,0,0,0,0,0,0
1950,Point,62,96,570450,136650,699-44-64,254.448477,1,299-W12-2,2137.699603,0,0,0,0,0,0,0,0,0,0,0,0,0,0,0,0,0,0,0
1951,Point,62,97,570550,136650,699-44-64,294.302612,1,299-W12-2,2237.683086,0,0,0,0,0,0,0,0,0,0,0,0,0,0,0,0,0,0,0
1952,Point,62,98,570650,136650,699-44-64,358.446687,1,299-W12-2,2337.667981,0,0,0,0,0,0,0,0,0,0,0,0,0,0,0,0,0,0,0
1953,Point,62,99,570750,136650,699-44-64,436.295803,2,299-W12-2,2437.654116,0,0,0,0,0,0,0,0,0,0,0,0,0,0,0,0,0,0,0
1954,Point,62,100,570850,136650,699-44-64,521.750925,2,299-W12-2,2537.641344,0,0,0,0,0,0,0,0,0,0,0,0,0,0,0,0,0,0,0
1955,Point,62,101,570950,136650,699-44-64,611.632265,3,299-W12-2,2637.62954,0,0,0,0,0,0,0,0,0,0,0,0,0,0,0,0,0,0,0
1956,Point,62,102,571050,136650,699-44-64,704.247135,3,299-W12-4,2737.607099,0,0,0,0,0,0,0,0,0,0,0,0,0,0,0,0,0,0,0
1957,Point,62,103,571150,136650,699-44-64,798.64512,3,299-W12-4,2837.077833,0,0,0,0,0,0,0,0,0,0,0,0,0,0,0,0,0,0,0
1958,Point,62,104,571250,136650,699-46-61B,809.123438,4,299-W12-4,2936.584518,0,0,0,0,0,0,0,0,0,0,0,0,0,0,0,0,0,0,0
1959,Point,62,105,571350,136650,699-46-61B,790.891483,3,299-W12-4,3036.123619,0,0,0,0,0,0,0,0,0,0,0,0,0,0,0,0,0,0,0
1960,Point,62,106,571450,136650,699-46-61B,785.071932,3,299-W12-4,3135.69205,0,0,0,0,0,0,0,0,0,0,0,0,0,0,0,0,0,0,0
1961,Point,62,107,571550,136650,699-46-61B,791.938469,3,299-W12-4,3235.287102,0,0,0,0,0,0,0,0,0,0,0,0,0,0,0,0,0,0,0
1962,Point,62,108,571650,136650,699-46-61B,811.168995,4,299-W12-4,3334.90639,0,0,0,0,0,0,0,0,0,0,0,0,0,0,0,0,0,0,0
1963,Point,62,109,571750,136650,699-46-61B,841.916705,4,299-W12-4,3434.547806,0,0,0,0,0,0,0,0,0,0,0,0,0,0,0,0,0,0,0
1964,Point,62,110,571850,136650,699-46-61B,882.97924,4,299-W12-4,3534.209477,0,0,0,0,0,0,0,0,0,0,0,0,0,0,0,0,0,0,0
1965,Point,62,111,571950,136650,699-46-61B,932.99568,4,299-W12-4,3633.889738,0,0,0,0,0,0,0,0,0,0,0,0,0,0,0,0,0,0,0
1966,Point,62,112,572050,136650,699-46-61B,990.61069,4,299-W12-4,3733.5871,0,0,0,0,0,0,0,0,0,0,0,0,0,0,0,0,0,0,0
1967,Point,62,113,572150,136650,699-46-61B,1054.579603,4,299-W12-4,3833.300227,0,0,0,0,0,0,0,0,0,0,0,0,0,0,0,0,0,0,0
1968,Point,63,32,564050,136550,299-W9-2,1722.730492,4,299-W15-225,2644.393459,0,0,0,0,0,0,0,0,0,0,0,0,0,0,0,0,0,0,0
1969,Point,63,33,564150,136550,299-W9-2,1624.610215,4,299-W15-225,2545.848929,0,0,0,0,0,0,0,0,0,0,0,0,0,0,0,0,0,0,0
1970,Point,63,34,564250,136550,299-W9-2,1526.733883,4,299-W15-225,2447.422474,0,0,0,0,0,0,0,0,0,0,0,0,0,0,0,0,0,0,0
1971,Point,63,35,564350,136550,299-W9-2,1429.151619,4,299-W15-225,2349.128938,0,0,0,0,0,0,0,0,0,0,0,0,0,0,0,0,0,0,0
1972,Point,63,36,564450,136550,299-W9-2,1331.928057,4,299-W15-225,2250.985732,0,0,0,0,0,0,0,0,0,0,0,0,0,0,0,0,0,0,0
1973,Point,63,37,564550,136550,299-W9-2,1235.147906,4,299-W11-92,2152.008399,0,0,0,0,0,0,0,0,0,0,0,0,0,0,0,0,0,0,0
1974,Point,63,38,564650,136550,299-W9-2,1138.924207,4,299-W11-92,2052.454177,0,0,0,0,0,0,0,0,0,0,0,0,0,0,0,0,0,0,0
1975,Point,63,39,564750,136550,299-W9-2,1043.410921,4,299-W11-92,1952.945506,0,0,0,0,0,0,0,0,0,0,0,0,0,0,0,0,0,0,0
1976,Point,63,40,564850,136550,299-W9-2,948.822612,4,299-W11-92,1853.489722,0,0,0,0,0,0,0,0,0,0,0,0,0,0,0,0,0,0,0
1977,Point,63,41,564950,136550,299-W9-2,855.466159,4,299-W11-92,1754.095821,0,0,0,0,0,0,0,0,0,0,0,0,0,0,0,0,0,0,0
1978,Point,63,42,565050,136550,299-W9-2,763.793395,3,299-W11-92,1654.774954,0,0,0,0,0,0,0,0,0,0,0,0,0,0,0,0,0,0,0
1979,Point,63,43,565150,136550,299-W9-2,674.491178,3,299-W11-92,1555.541111,0,0,0,0,0,0,0,0,0,0,0,0,0,0,0,0,0,0,0
1980,Point,63,44,565250,136550,299-W9-2,588.639405,2,299-W11-92,1456.41208,0,0,0,0,0,0,0,0,0,0,0,0,0,0,0,0,0,0,0
1981,Point,63,45,565350,136550,299-W9-2,507.990502,2,299-W11-92,1357.410825,0,0,0,0,0,0,0,0,0,0,0,0,0,0,0,0,0,0,0
1982,Point,63,46,565450,136550,299-W9-2,435.445002,2,299-W11-92,1258.567498,0,0,0,0,0,0,0,0,0,0,0,0,0,0,0,0,0,0,0
1983,Point,63,47,565550,136550,299-W9-2,375.726429,1,299-W11-92,1159.922475,0,0,0,0,0,0,0,0,0,0,0,0,0,0,0,0,0,0,0
1984,Point,63,48,565650,136550,299-W9-2,335.750428,1,299-W11-92,1061.53104,0,0,0,0,0,0,0,0,0,0,0,0,0,0,0,0,0,0,0
1985,Point,63,49,565750,136550,299-W10-14,273.607848,1,299-W11-92,963.470886,0,0,0,0,0,0,0,0,0,0,0,0,0,0,0,0,0,0,0
1986,Point,63,50,565850,136550,299-W10-14,177.2638,0,299-W11-92,865.854577,0,0,0,0,0,0,0,0,0,0,0,0,0,0,0,0,0,0,0
1987,Point,63,51,565950,136550,299-W10-14,89.351299,0,299-W11-92,768.851187,0,0,0,0,0,0,0,0,0,0,0,0,0,0,0,0,0,0,0
1988,Point,63,52,566050,136550,299-W10-14,67.415537,0,299-W11-92,672.725909,0,0,0,0,0,0,0,0,0,0,0,0,0,0,0,0,0,0,0
1989,Point,63,53,566150,136550,299-W10-14,145.27923,0,299-W11-92,577.917077,0,0,0,0,0,0,0,0,0,0,0,0,0,0,0,0,0,0,0
1990,Point,63,54,566250,136550,299-W10-14,240.140073,1,299-W11-92,485.19702,0,0,0,0,0,0,0,0,0,0,0,0,0,0,0,0,0,0,0
1991,Point,63,55,566350,136550,299-W10-200,236.64125,1,299-W11-92,396.035539,0,0,0,0,0,0,0,0,0,0,0,0,0,0,0,0,0,0,0
1992,Point,63,56,566450,136550,299-W10-200,148.165721,0,299-W11-92,313.483888,0,0,0,0,0,0,0,0,0,0,0,0,0,0,0,0,0,0,0
1993,Point,63,57,566550,136550,299-W10-200,88.921769,0,299-W11-92,244.336137,1,0,0,0,0,0,0,0,0,0,0,0,0,0,0,0,0,0,0
1994,Point,63,58,566650,136550,299-W10-200,117.733092,0,299-W11-92,202.800759,1,0,0,0,0,0,0,0,0,0,0,0,0,0,0,0,0,0,0
1995,Point,63,59,566750,136550,299-W10-33,64.345929,0,299-W11-92,206.291415,1,0,0,0,0,0,0,0,0,0,0,0,0,0,0,0,0,0,0
1996,Point,63,60,566850,136550,299-W10-33,97.930581,0,299-W11-50,237.105045,1,0,0,0,0,0,0,0,0,0,0,0,0,0,0,0,0,0,0
1997,Point,63,61,566950,136550,299-W11-41,128.599938,0,299-W11-50,207.279527,1,83.399584,172,255.399584,1,2,1,0,0,0,0,0,0,0,0,0,0,0,0
1998,Point,63,62,567050,136550,299-W11-41,171.569065,0,299-W11-50,222.959195,1,55.391676,278,333.391676,1,2,1,0,0,0,0,0,0,0,0,0,0,0,0
1999,Point,63,63,567150,136550,299-W11-90,159.698528,0,299-W11-90,159.698528,2,26.417805,373,399.417805,1,2,1,78.086734,404,482.086734,1,1,1,0,0,0,0,0,0
2000,Point,63,64,567250,136550,299-W11-90,64.386487,0,299-W11-90,64.386487,3,2.557312,469,471.557312,1,1,0.5,38.486882,496,534.486882,1,1,1,0,0,0,0,0,0
2001,Point,63,65,567350,136550,299-W11-90,52.797914,0,299-W11-90,52.797914,3,31.532356,565,596.532356,1,1,0.5,1.124052,588,589.124052,1,1,1,0,0,0,0,0,0
2002,Point,63,66,567450,136550,299-W14-28,88.974511,0,299-W14-28,88.974511,3,69.294972,651,720.294972,1,0,0,0,0,0,0,0,0,0,0,0,0,0,0
2003,Point,63,67,567550,136550,299-W11-107,41.28535,0,299-W11-107,41.28535,4,0,0,0,0,0,0,0,0,0,0,0,0,0,0,0,0,0,0
2004,Point,63,68,567650,136550,299-W11-100,74.055507,0,299-W11-107,83.105235,3,0,0,0,0,0,0,0,0,0,0,0,0,0,0,0,0,0,0
2005,Point,63,69,567750,136550,299-W14-31,29.382605,0,299-W14-31,29.382605,4,0,0,0,0,0,0,0,0,0,0,0,0,0,0,0,0,0,0
2006,Point,63,70,567850,136550,299-W14-31,72.157726,0,299-W14-31,72.157726,3,0,0,0,0,0,0,0,0,0,0,0,0,0,0,0,0,0,0
2007,Point,63,71,567950,136550,299-W11-106,110.523475,0,299-W11-106,110.523475,2,0,0,0,0,0,0,0,0,0,0,0,0,0,0,0,0,0,0
2008,Point,63,72,568050,136550,299-W11-103,68.103846,0,299-W11-106,69.738357,3,0,0,0,0,0,0,0,0,0,0,0,0,0,0,0,0,0,0
2009,Point,63,73,568150,136550,299-W12-6,30.466357,0,299-W12-6,30.466357,4,0,0,0,0,0,0,0,0,0,0,0,0,0,0,0,0,0,0
2010,Point,63,74,568250,136550,299-W12-6,113.813878,0,299-W12-2,86.934409,3,0,0,0,0,0,0,0,0,0,0,0,0,0,0,0,0,0,0
2011,Point,63,75,568350,136550,299-W12-6,212.082528,1,299-W12-2,70.877298,3,0,0,0,0,0,0,0,0,0,0,0,0,0,0,0,0,0,0
2012,Point,63,76,568450,136550,299-W12-6,311.455292,1,299-W12-2,149.965301,2,0,0,0,0,0,0,0,0,0,0,0,0,0,0,0,0,0,0
2013,Point,63,77,568550,136550,699-44-70C,281.50291,1,299-W12-2,244.858309,1,0,0,0,0,0,0,0,0,0,0,0,0,0,0,0,0,0,0
2014,Point,63,78,568650,136550,699-44-70C,259.544386,1,299-W12-2,342.66834,0,0,0,0,0,0,0,0,0,0,0,0,0,0,0,0,0,0,0
2015,Point,63,79,568750,136550,699-43-69,225.580875,1,299-W12-2,441.460747,0,0,0,0,0,0,0,0,0,0,0,0,0,0,0,0,0,0,0
2016,Point,63,80,568850,136550,699-43-69,132.214717,0,299-W12-2,540.69732,0,0,0,0,0,0,0,0,0,0,0,0,0,0,0,0,0,0,0
2017,Point,63,81,568950,136550,699-43-69,63.833622,0,299-W12-2,640.171533,0,0,0,0,0,0,0,0,0,0,0,0,0,0,0,0,0,0,0
2018,Point,63,82,569050,136550,699-43-69,103.289551,0,299-W12-2,739.787531,0,0,0,0,0,0,0,0,0,0,0,0,0,0,0,0,0,0,0
2019,Point,63,83,569150,136550,699-43-69,193.03557,0,299-W12-2,839.494843,0,0,0,0,0,0,0,0,0,0,0,0,0,0,0,0,0,0,0
2020,Point,63,84,569250,136550,699-43-69,289.580267,1,299-W12-2,939.264388,0,0,0,0,0,0,0,0,0,0,0,0,0,0,0,0,0,0,0
2021,Point,63,85,569350,136550,699-43-69,387.87979,1,299-W12-2,1039.078241,0,0,0,0,0,0,0,0,0,0,0,0,0,0,0,0,0,0,0
2022,Point,63,86,569450,136550,699-43-69,486.872397,2,299-W12-4,1137.951946,0,0,0,0,0,0,0,0,0,0,0,0,0,0,0,0,0,0,0
2023,Point,63,87,569550,136550,699-43-69,586.207072,2,299-W12-4,1236.710407,0,0,0,0,0,0,0,0,0,0,0,0,0,0,0,0,0,0,0
2024,Point,63,88,569650,136550,699-45-67C,621.539121,3,299-W12-4,1335.653634,0,0,0,0,0,0,0,0,0,0,0,0,0,0,0,0,0,0,0
2025,Point,63,89,569750,136550,699-45-67C,663.37989,3,299-W12-4,1434.743402,0,0,0,0,0,0,0,0,0,0,0,0,0,0,0,0,0,0,0
2026,Point,63,90,569850,136550,699-44-64,642.658562,3,299-W12-4,1533.951313,0,0,0,0,0,0,0,0,0,0,0,0,0,0,0,0,0,0,0
2027,Point,63,91,569950,136550,699-44-64,561.141718,2,299-W12-4,1633.255837,0,0,0,0,0,0,0,0,0,0,0,0,0,0,0,0,0,0,0
2028,Point,63,92,570050,136550,699-44-64,486.569653,2,299-W12-4,1732.640364,0,0,0,0,0,0,0,0,0,0,0,0,0,0,0,0,0,0,0
2029,Point,63,93,570150,136550,699-44-64,422.634626,2,299-W12-4,1832.091873,0,0,0,0,0,0,0,0,0,0,0,0,0,0,0,0,0,0,0
2030,Point,63,94,570250,136550,699-44-64,374.819993,1,299-W12-4,1931.600018,0,0,0,0,0,0,0,0,0,0,0,0,0,0,0,0,0,0,0
2031,Point,63,95,570350,136550,699-44-64,349.799982,1,299-W12-4,2031.156476,0,0,0,0,0,0,0,0,0,0,0,0,0,0,0,0,0,0,0
2032,Point,63,96,570450,136550,699-44-64,352.462803,1,299-W12-4,2130.754474,0,0,0,0,0,0,0,0,0,0,0,0,0,0,0,0,0,0,0
2033,Point,63,97,570550,136550,699-44-64,382.230333,1,299-W12-4,2230.388448,0,0,0,0,0,0,0,0,0,0,0,0,0,0,0,0,0,0,0
2034,Point,63,98,570650,136550,699-44-64,433.555103,2,299-W12-4,2330.053783,0,0,0,0,0,0,0,0,0,0,0,0,0,0,0,0,0,0,0
2035,Point,63,99,570750,136550,699-44-64,499.840002,2,299-W12-4,2429.746619,0,0,0,0,0,0,0,0,0,0,0,0,0,0,0,0,0,0,0
2036,Point,63,100,570850,136550,699-44-64,575.942729,2,299-W12-4,2529.463704,0,0,0,0,0,0,0,0,0,0,0,0,0,0,0,0,0,0,0
2037,Point,63,101,570950,136550,699-44-64,658.46794,3,299-W12-4,2629.20228,0,0,0,0,0,0,0,0,0,0,0,0,0,0,0,0,0,0,0
2038,Point,63,102,571050,136550,699-44-64,745.285199,3,299-W12-4,2728.959991,0,0,0,0,0,0,0,0,0,0,0,0,0,0,0,0,0,0,0
2039,Point,63,103,571150,136550,699-40-62,785.709414,3,299-W12-4,2828.734811,0,0,0,0,0,0,0,0,0,0,0,0,0,0,0,0,0,0,0
2040,Point,63,104,571250,136550,699-40-62,790.245078,3,299-W12-4,2928.524992,0,0,0,0,0,0,0,0,0,0,0,0,0,0,0,0,0,0,0
2041,Point,63,105,571350,136550,699-40-62,807.239298,4,299-W12-4,3028.329016,0,0,0,0,0,0,0,0,0,0,0,0,0,0,0,0,0,0,0
2042,Point,63,106,571450,136550,699-40-62,835.932583,4,299-W12-4,3128.145558,0,0,0,0,0,0,0,0,0,0,0,0,0,0,0,0,0,0,0
2043,Point,63,107,571550,136550,699-40-62,875.175002,4,299-W12-4,3227.973456,0,0,0,0,0,0,0,0,0,0,0,0,0,0,0,0,0,0,0
2044,Point,63,108,571650,136550,699-46-61B,908.299146,4,299-W12-4,3327.811688,0,0,0,0,0,0,0,0,0,0,0,0,0,0,0,0,0,0,0
2045,Point,63,109,571750,136550,699-46-61B,935.861068,4,299-W12-4,3427.659352,0,0,0,0,0,0,0,0,0,0,0,0,0,0,0,0,0,0,0
2046,Point,63,110,571850,136550,699-46-61B,972.966874,4,299-W12-4,3527.515646,0,0,0,0,0,0,0,0,0,0,0,0,0,0,0,0,0,0,0
2047,Point,63,111,571950,136550,699-46-61B,1018.574071,4,299-W12-4,3627.379858,0,0,0,0,0,0,0,0,0,0,0,0,0,0,0,0,0,0,0
2048,Point,63,112,572050,136550,699-46-61B,1071.59775,4,299-W12-4,3727.251351,0,0,0,0,0,0,0,0,0,0,0,0,0,0,0,0,0,0,0
2049,Point,63,113,572150,136550,699-46-61B,1130.995287,4,299-W12-4,3827.129555,0,0,0,0,0,0,0,0,0,0,0,0,0,0,0,0,0,0,0
2050,Point,64,32,564050,136450,299-W9-2,1744.238616,4,299-W15-225,2629.563227,0,0,0,0,0,0,0,0,0,0,0,0,0,0,0,0,0,0,0
2051,Point,64,33,564150,136450,299-W9-2,1647.399875,4,299-W15-225,2530.44122,0,0,0,0,0,0,0,0,0,0,0,0,0,0,0,0,0,0,0
2052,Point,64,34,564250,136450,299-W9-2,1550.962395,4,299-W15-225,2431.391118,0,0,0,0,0,0,0,0,0,0,0,0,0,0,0,0,0,0,0
2053,Point,64,35,564350,136450,299-W9-2,1455.005962,4,299-W15-225,2332.422082,0,0,0,0,0,0,0,0,0,0,0,0,0,0,0,0,0,0,0
2054,Point,64,36,564450,136450,299-W9-2,1359.632432,4,299-W15-225,2233.544888,0,0,0,0,0,0,0,0,0,0,0,0,0,0,0,0,0,0,0
2055,Point,64,37,564550,136450,299-W9-2,1264.973656,4,299-W15-225,2134.772299,0,0,0,0,0,0,0,0,0,0,0,0,0,0,0,0,0,0,0
2056,Point,64,38,564650,136450,299-W9-2,1171.20295,4,299-W15-225,2036.119537,0,0,0,0,0,0,0,0,0,0,0,0,0,0,0,0,0,0,0
2057,Point,64,39,564750,136450,299-W9-2,1078.551969,4,299-W15-225,1937.604905,0,0,0,0,0,0,0,0,0,0,0,0,0,0,0,0,0,0,0
2058,Point,64,40,564850,136450,299-W9-2,987.335986,4,299-W15-225,1839.250599,0,0,0,0,0,0,0,0,0,0,0,0,0,0,0,0,0,0,0
2059,Point,64,41,564950,136450,299-W9-2,897.9924,4,299-W15-225,1741.083791,0,0,0,0,0,0,0,0,0,0,0,0,0,0,0,0,0,0,0
2060,Point,64,42,565050,136450,299-W9-2,811.140154,4,299-W15-225,1643.138085,0,0,0,0,0,0,0,0,0,0,0,0,0,0,0,0,0,0,0
2061,Point,64,43,565150,136450,299-W9-2,727.67187,3,299-W15-225,1545.455521,0,0,0,0,0,0,0,0,0,0,0,0,0,0,0,0,0,0,0
2062,Point,64,44,565250,136450,299-W9-2,648.894714,3,299-W11-92,1446.199208,0,0,0,0,0,0,0,0,0,0,0,0,0,0,0,0,0,0,0
2063,Point,64,45,565350,136450,299-W9-2,576.734211,2,299-W11-92,1346.447232,0,0,0,0,0,0,0,0,0,0,0,0,0,0,0,0,0,0,0
2064,Point,64,46,565450,136450,299-W9-2,513.984776,2,299-W11-92,1246.734995,0,0,0,0,0,0,0,0,0,0,0,0,0,0,0,0,0,0,0
2065,Point,64,47,565550,136450,299-W9-2,464.476425,2,299-W11-92,1147.072861,0,0,0,0,0,0,0,0,0,0,0,0,0,0,0,0,0,0,0
2066,Point,64,48,565650,136450,299-W10-14,400.098806,2,299-W11-92,1047.47513,0,0,0,0,0,0,0,0,0,0,0,0,0,0,0,0,0,0,0
2067,Point,64,49,565750,136450,299-W10-14,310.870157,1,299-W11-92,947.962103,0,0,0,0,0,0,0,0,0,0,0,0,0,0,0,0,0,0,0
2068,Point,64,50,565850,136450,299-W10-14,230.654405,1,299-W11-92,848.563579,0,0,0,0,0,0,0,0,0,0,0,0,0,0,0,0,0,0,0
2069,Point,64,51,565950,136450,299-W10-14,172.518563,0,299-W11-92,749.325128,0,0,0,0,0,0,0,0,0,0,0,0,0,0,0,0,0,0,0
2070,Point,64,52,566050,136450,299-W10-14,162.246278,0,299-W11-92,650.320035,0,0,0,0,0,0,0,0,0,0,0,0,0,0,0,0,0,0,0
2071,Point,64,53,566150,136450,299-W10-14,207.08707,1,299-W11-92,551.673951,0,0,0,0,0,0,0,0,0,0,0,0,0,0,0,0,0,0,0
2072,Point,64,54,566250,136450,299-W10-14,281.86212,1,299-W11-92,453.62115,0,0,0,0,0,0,0,0,0,0,0,0,0,0,0,0,0,0,0
2073,Point,64,55,566350,136450,299-W10-200,220.637896,1,299-W11-92,356.651297,0,0,0,0,0,0,0,0,0,0,0,0,0,0,0,0,0,0,0
2074,Point,64,56,566450,136450,299-W10-200,120.975539,0,299-W11-92,261.969746,1,0,0,0,0,0,0,0,0,0,0,0,0,0,0,0,0,0,0
2075,Point,64,57,566550,136450,299-W10-200,24.270991,0,299-W11-92,173.36709,2,0,0,0,0,0,0,0,0,0,0,0,0,0,0,0,0,0,0
2076,Point,64,58,566650,136450,299-W10-200,80.889313,0,299-W11-92,107.164117,2,0,0,0,0,0,0,0,0,0,0,0,0,0,0,0,0,0,0
2077,Point,64,59,566750,136450,299-W15-765,93.416508,0,299-W11-92,113.631633,2,1.971663,55,56.971663,1,4,2,0,0,0,0,0,0,0,0,0,0,0,0
2078,Point,64,60,566850,136450,299-W10-27,10.196776,0,299-W14-20,175.804406,2,43.727529,146,189.727529,1,3,1.5,0,0,0,0,0,0,0,0,0,0,0,0
2079,Point,64,61,566950,136450,299-W10-27,106.349303,0,299-W14-20,170.479293,2,85.503359,236,321.503359,1,2,1,0,0,0,0,0,0,0,0,0,0,0,0
2080,Point,64,62,567050,136450,299-W14-16,140.233248,0,299-W14-20,217.299768,1,115.225318,383,498.225318,1,1,0.5,0,0,0,0,0,0,0,0,0,0,0,0
2081,Point,64,63,567150,136450,299-W11-90,171.56812,0,299-W11-90,171.56812,2,122.127257,402,524.127257,2,1,1,0,0,0,0,0,0,0,0,0,0,0,0
2082,Point,64,64,567250,136450,299-W11-90,89.875579,0,299-W11-90,89.875579,3,93.153375,498,591.153375,2,1,1,0,0,0,0,0,0,0,0,0,0,0,0
2083,Point,64,65,567350,136450,299-W11-90,81.973287,0,299-W11-90,81.973287,3,63.694363,603,666.694363,2,0,0,0,0,0,0,0,0,0,0,0,0,0,0
2084,Point,64,66,567450,136450,299-W14-28,25.057206,0,299-W14-28,25.057206,4,21.25603,693,714.25603,2,0,0,0,0,0,0,0,0,0,0,0,0,0,0
2085,Point,64,67,567550,136450,299-W11-98,54.849599,0,299-W14-28,80.082854,3,21.192466,784,805.192466,2,0,0,0,0,0,0,0,0,0,0,0,0,0,0
2086,Point,64,68,567650,136450,299-W11-99,46.321122,0,299-W14-74,148.351119,2,63.637388,875,938.637388,1,0,0,0,0,0,0,0,0,0,0,0,0,0,0
2087,Point,64,69,567750,136450,299-W14-74,75.578135,0,299-W14-74,75.578135,3,106.079289,965,1071.079289,1,0,0,0,0,0,0,0,0,0,0,0,0,0,0
2088,Point,64,70,567850,136450,299-W11-116,89.671715,0,299-W14-74,97.036357,3,0,0,0,0,0,0,0,0,0,0,0,0,0,0,0,0,0,0
2089,Point,64,71,567950,136450,299-W11-116,47.849937,0,299-W11-106,92.311638,3,0,0,0,0,0,0,0,0,0,0,0,0,0,0,0,0,0,0
2090,Point,64,72,568050,136450,299-W11-103,33.825047,0,299-W11-106,34.197054,4,0,0,0,0,0,0,0,0,0,0,0,0,0,0,0,0,0,0
2091,Point,64,73,568150,136450,299-W12-6,71.981934,0,299-W12-6,71.981934,3,0,0,0,0,0,0,0,0,0,0,0,0,0,0,0,0,0,0
2092,Point,64,74,568250,136450,299-W12-6,131.174688,0,299-W12-4,115.968231,2,0,0,0,0,0,0,0,0,0,0,0,0,0,0,0,0,0,0
2093,Point,64,75,568350,136450,299-W12-6,221.8833,1,299-W12-4,89.255984,3,0,0,0,0,0,0,0,0,0,0,0,0,0,0,0,0,0,0
2094,Point,64,76,568450,136450,299-W12-6,318.209992,1,299-W12-4,149.94876,2,0,0,0,0,0,0,0,0,0,0,0,0,0,0,0,0,0,0
2095,Point,64,77,568550,136450,699-44-70C,375.657674,1,299-W12-4,238.752237,1,0,0,0,0,0,0,0,0,0,0,0,0,0,0,0,0,0,0
2096,Point,64,78,568650,136450,699-43-69,319.356746,1,299-W12-4,333.947048,0,0,0,0,0,0,0,0,0,0,0,0,0,0,0,0,0,0,0
2097,Point,64,79,568750,136450,699-43-69,220.414907,1,299-W12-4,431.321957,0,0,0,0,0,0,0,0,0,0,0,0,0,0,0,0,0,0,0
2098,Point,64,80,568850,136450,699-43-69,123.193877,0,299-W12-4,529.675968,0,0,0,0,0,0,0,0,0,0,0,0,0,0,0,0,0,0,0
2099,Point,64,81,568950,136450,699-43-69,42.080058,0,299-W12-4,628.549625,0,0,0,0,0,0,0,0,0,0,0,0,0,0,0,0,0,0,0
2100,Point,64,82,569050,136450,699-43-69,91.458905,0,299-W12-4,727.731153,0,0,0,0,0,0,0,0,0,0,0,0,0,0,0,0,0,0,0
2101,Point,64,83,569150,136450,699-43-69,186.972542,0,299-W12-4,827.109806,0,0,0,0,0,0,0,0,0,0,0,0,0,0,0,0,0,0,0
2102,Point,64,84,569250,136450,699-43-69,285.574388,1,299-W12-4,926.622162,0,0,0,0,0,0,0,0,0,0,0,0,0,0,0,0,0,0,0
2103,Point,64,85,569350,136450,699-43-69,384.898339,1,299-W12-4,1026.229327,0,0,0,0,0,0,0,0,0,0,0,0,0,0,0,0,0,0,0
2104,Point,64,86,569450,136450,699-43-69,484.500497,2,299-W12-4,1125.906138,0,0,0,0,0,0,0,0,0,0,0,0,0,0,0,0,0,0,0
2105,Point,64,87,569550,136450,699-43-69,584.238591,2,299-W12-4,1225.635603,0,0,0,0,0,0,0,0,0,0,0,0,0,0,0,0,0,0,0
2106,Point,64,88,569650,136450,699-43-69,684.053164,3,299-W12-4,1325.405836,0,0,0,0,0,0,0,0,0,0,0,0,0,0,0,0,0,0,0
2107,Point,64,89,569750,136450,699-40-65,646.624231,3,299-W12-4,1425.208276,0,0,0,0,0,0,0,0,0,0,0,0,0,0,0,0,0,0,0
2108,Point,64,90,569850,136450,699-40-65,605.49723,3,299-W12-4,1525.0366,0,0,0,0,0,0,0,0,0,0,0,0,0,0,0,0,0,0,0
2109,Point,64,91,569950,136450,699-40-65,578.904911,2,299-W12-4,1624.886036,0,0,0,0,0,0,0,0,0,0,0,0,0,0,0,0,0,0,0
2110,Point,64,92,570050,136450,699-44-64,562.348671,2,299-W12-4,1724.752919,0,0,0,0,0,0,0,0,0,0,0,0,0,0,0,0,0,0,0
2111,Point,64,93,570150,136450,699-44-64,508.041364,2,299-W12-4,1824.634383,0,0,0,0,0,0,0,0,0,0,0,0,0,0,0,0,0,0,0
2112,Point,64,94,570250,136450,699-44-64,469.01602,2,299-W12-4,1924.528158,0,0,0,0,0,0,0,0,0,0,0,0,0,0,0,0,0,0,0
2113,Point,64,95,570350,136450,699-44-64,449.272776,2,299-W12-4,2024.432422,0,0,0,0,0,0,0,0,0,0,0,0,0,0,0,0,0,0,0
2114,Point,64,96,570450,136450,699-44-64,451.349119,2,299-W12-4,2124.345695,0,0,0,0,0,0,0,0,0,0,0,0,0,0,0,0,0,0,0
2115,Point,64,97,570550,136450,699-44-64,474.958974,2,299-W12-4,2224.266762,0,0,0,0,0,0,0,0,0,0,0,0,0,0,0,0,0,0,0
2116,Point,64,98,570650,136450,699-44-64,517.16151,2,299-W12-4,2324.19462,0,0,0,0,0,0,0,0,0,0,0,0,0,0,0,0,0,0,0
2117,Point,64,99,570750,136450,699-44-64,573.869347,2,299-W12-4,2424.128427,0,0,0,0,0,0,0,0,0,0,0,0,0,0,0,0,0,0,0
2118,Point,64,100,570850,136450,699-44-64,641.245684,3,299-W12-4,2524.067477,0,0,0,0,0,0,0,0,0,0,0,0,0,0,0,0,0,0,0
2119,Point,64,101,570950,136450,699-44-64,716.286275,3,299-W12-4,2624.011172,0,0,0,0,0,0,0,0,0,0,0,0,0,0,0,0,0,0,0
2120,Point,64,102,571050,136450,699-40-62,695.036175,3,299-W12-4,2723.958999,0,0,0,0,0,0,0,0,0,0,0,0,0,0,0,0,0,0,0
2121,Point,64,103,571150,136450,699-40-62,685.728287,3,299-W12-4,2823.910521,0,0,0,0,0,0,0,0,0,0,0,0,0,0,0,0,0,0,0
2122,Point,64,104,571250,136450,699-40-62,690.920606,3,299-W12-4,2923.865358,0,0,0,0,0,0,0,0,0,0,0,0,0,0,0,0,0,0,0
2123,Point,64,105,571350,136450,699-40-62,710.295209,3,299-W12-4,3023.823181,0,0,0,0,0,0,0,0,0,0,0,0,0,0,0,0,0,0,0
2124,Point,64,106,571450,136450,699-40-62,742.743081,3,299-W12-4,3123.783704,0,0,0,0,0,0,0,0,0,0,0,0,0,0,0,0,0,0,0
2125,Point,64,107,571550,136450,699-40-62,786.648132,3,299-W12-4,3223.746676,0,0,0,0,0,0,0,0,0,0,0,0,0,0,0,0,0,0,0
2126,Point,64,108,571650,136450,699-40-62,840.216213,4,299-W12-4,3323.711875,0,0,0,0,0,0,0,0,0,0,0,0,0,0,0,0,0,0,0
2127,Point,64,109,571750,136450,699-40-62,901.726834,4,299-W12-4,3423.679107,0,0,0,0,0,0,0,0,0,0,0,0,0,0,0,0,0,0,0
2128,Point,64,110,571850,136450,699-40-62,969.669678,4,299-W12-4,3523.648199,0,0,0,0,0,0,0,0,0,0,0,0,0,0,0,0,0,0,0
2129,Point,64,111,571950,136450,699-40-62,1042.788226,4,299-W12-4,3623.618996,0,0,0,0,0,0,0,0,0,0,0,0,0,0,0,0,0,0,0
2130,Point,64,112,572050,136450,699-40-62,1120.069321,4,299-W12-4,3723.591362,0,0,0,0,0,0,0,0,0,0,0,0,0,0,0,0,0,0,0
2131,Point,64,113,572150,136450,699-40-62,1200.709492,4,299-W12-4,3823.565173,0,0,0,0,0,0,0,0,0,0,0,0,0,0,0,0,0,0,0
2132,Point,65,32,564050,136350,299-W9-2,1771.139845,4,299-W15-225,2618.470692,0,0,0,0,0,0,0,0,0,0,0,0,0,0,0,0,0,0,0
2133,Point,65,33,564150,136350,299-W9-2,1675.856303,4,299-W15-225,2518.912219,0,0,0,0,0,0,0,0,0,0,0,0,0,0,0,0,0,0,0
2134,Point,65,34,564250,136350,299-W9-2,1581.155384,4,299-W15-225,2419.390164,0,0,0,0,0,0,0,0,0,0,0,0,0,0,0,0,0,0,0
2135,Point,65,35,564350,136350,299-W9-2,1487.148395,4,299-W15-225,2319.909215,0,0,0,0,0,0,0,0,0,0,0,0,0,0,0,0,0,0,0
2136,Point,65,36,564450,136350,299-W9-2,1393.975735,4,299-W15-225,2220.474897,0,0,0,0,0,0,0,0,0,0,0,0,0,0,0,0,0,0,0
2137,Point,65,37,564550,136350,299-W9-2,1301.816558,4,299-W15-225,2121.093767,0,0,0,0,0,0,0,0,0,0,0,0,0,0,0,0,0,0,0
2138,Point,65,38,564650,136350,299-W9-2,1210.902287,4,299-W15-225,2021.773669,0,0,0,0,0,0,0,0,0,0,0,0,0,0,0,0,0,0,0
2139,Point,65,39,564750,136350,299-W9-2,1121.53571,4,299-W15-225,1922.524062,0,0,0,0,0,0,0,0,0,0,0,0,0,0,0,0,0,0,0
2140,Point,65,40,564850,136350,299-W9-2,1034.118151,4,299-W15-225,1823.356456,0,0,0,0,0,0,0,0,0,0,0,0,0,0,0,0,0,0,0
2141,Point,65,41,564950,136350,299-W9-2,949.188258,4,299-W15-225,1724.285002,0,0,0,0,0,0,0,0,0,0,0,0,0,0,0,0,0,0,0
2142,Point,65,42,565050,136350,299-W9-2,867.477002,4,299-W15-225,1625.32728,0,0,0,0,0,0,0,0,0,0,0,0,0,0,0,0,0,0,0
2143,Point,65,43,565150,136350,299-W9-2,789.983765,3,299-W15-225,1526.50541,0,0,0,0,0,0,0,0,0,0,0,0,0,0,0,0,0,0,0
2144,Point,65,44,565250,136350,299-W9-2,718.075448,3,299-W15-225,1427.8476,0,0,0,0,0,0,0,0,0,0,0,0,0,0,0,0,0,0,0
2145,Point,65,45,565350,136350,299-W9-2,653.598003,3,299-W15-225,1329.390374,0,0,0,0,0,0,0,0,0,0,0,0,0,0,0,0,0,0,0
2146,Point,65,46,565450,136350,299-W9-2,598.95605,2,299-W15-225,1231.181858,0,0,0,0,0,0,0,0,0,0,0,0,0,0,0,0,0,0,0
2147,Point,65,47,565550,136350,299-W10-14,534.13187,2,299-W15-225,1133.28671,0,0,0,0,0,0,0,0,0,0,0,0,0,0,0,0,0,0,0
2148,Point,65,48,565650,136350,299-W10-14,449.286161,2,299-W15-225,1035.793786,0,0,0,0,0,0,0,0,0,0,0,0,0,0,0,0,0,0,0
2149,Point,65,49,565750,136350,299-W10-14,372.047382,1,299-W15-225,938.828401,0,0,0,0,0,0,0,0,0,0,0,0,0,0,0,0,0,0,0
2150,Point,65,50,565850,136350,299-W10-14,308.188992,1,299-W15-225,842.572707,0,0,0,0,0,0,0,0,0,0,0,0,0,0,0,0,0,0,0
2151,Point,65,51,565950,136350,299-W10-14,267.472718,1,299-W11-92,742.862133,0,0,0,0,0,0,0,0,0,0,0,0,0,0,0,0,0,0,0
2152,Point,65,52,566050,136350,299-W10-14,260.965236,1,299-W11-92,642.862464,0,0,0,0,0,0,0,0,0,0,0,0,0,0,0,0,0,0,0
2153,Point,65,53,566150,136350,299-W10-14,290.970883,1,299-W11-92,542.862918,0,0,0,0,0,0,0,0,0,0,0,0,0,0,0,0,0,0,0
2154,Point,65,54,566250,136350,299-W15-231,271.920488,1,299-W11-92,442.863577,0,0,0,0,0,0,0,0,0,0,0,0,0,0,0,0,0,0,0
2155,Point,65,55,566350,136350,299-W15-231,192.283,0,299-W11-92,342.864621,0,0,0,0,0,0,0,0,0,0,0,0,0,0,0,0,0,0,0
2156,Point,65,56,566450,136350,299-W15-231,141.438156,0,299-W11-92,242.866523,1,0,0,0,0,0,0,0,0,0,0,0,0,0,0,0,0,0,0
2157,Point,65,57,566550,136350,299-W10-200,115.200178,0,299-W11-92,142.871089,2,0,0,0,0,0,0,0,0,0,0,0,0,0,0,0,0,0,0
2158,Point,65,58,566650,136350,299-W11-92,42.896946,0,299-W11-92,42.896946,4,0,0,0,0,0,0,0,0,0,0,0,0,0,0,0,0,0,0
2159,Point,65,59,566750,136350,299-W11-92,57.167718,0,299-W11-92,57.167718,3,0,0,0,0,0,0,0,0,0,0,0,0,0,0,0,0,0,0
2160,Point,65,60,566850,136350,299-W14-18,47.829106,0,299-W14-20,88.324341,3,47.131122,187,234.131122,1,2,1,0,0,0,0,0,0,0,0,0,0,0,0
2161,Point,65,61,566950,136350,299-W14-18,52.854739,0,299-W14-20,77.18283,3,5.35595,278,283.35595,1,2,1,0,0,0,0,0,0,0,0,0,0,0,0
2162,Point,65,62,567050,136350,299-W14-16,57.98072,0,299-W14-20,155.284221,2,15.241883,381,396.241883,1,2,1,0,0,0,0,0,0,0,0,0,0,0,0
2163,Point,65,63,567150,136350,299-W14-16,151.970273,0,299-W11-90,231.014328,1,13.439222,481,494.439222,1,1,0.5,0,0,0,0,0,0,0,0,0,0,0,0
2164,Point,65,64,567250,136350,299-W11-90,178.912324,0,299-W11-90,178.912324,2,11.636683,581,592.636683,1,1,0.5,0,0,0,0,0,0,0,0,0,0,0,0
2165,Point,65,65,567350,136350,299-W14-73,145.69762,0,299-W14-73,145.69762,2,9.834336,681,690.834336,1,0,0,0,0,0,0,0,0,0,0,0,0,0,0
2166,Point,65,66,567450,136350,299-W14-28,115.49573,0,299-W14-28,115.49573,2,8.032308,781,789.032308,1,0,0,0,0,0,0,0,0,0,0,0,0,0,0
2167,Point,65,67,567550,136350,299-W11-98,137.406253,0,299-W14-28,138.291951,2,6.230876,881,887.230876,1,0,0,0,0,0,0,0,0,0,0,0,0,0,0
2168,Point,65,68,567650,136350,299-W14-74,135.151968,0,299-W14-74,135.151968,2,26.910043,917,943.910043,2,0,0,0,0,0,0,0,0,0,0,0,0,0,0
2169,Point,65,69,567750,136350,299-W14-74,44.385296,0,299-W14-74,44.385296,4,15.539952,1008,1023.539952,2,0,0,0,0,0,0,0,0,0,0,0,0,0,0
2170,Point,65,70,567850,136350,299-W14-74,75.32632,0,299-W14-74,75.32632,3,57.976806,1098,1155.976806,1,0,0,0,0,0,0,0,0,0,0,0,0,0,0
2171,Point,65,71,567950,136350,299-W11-116,60.946012,0,299-W14-30,143.949774,2,0,0,0,0,0,0,0,0,0,0,0,0,0,0,0,0,0,0
2172,Point,65,72,568050,136350,299-W14-30,44.521203,0,299-W14-30,44.521203,4,0,0,0,0,0,0,0,0,0,0,0,0,0,0,0,0,0,0
2173,Point,65,73,568150,136350,299-W14-30,56.94504,0,299-W14-30,56.94504,3,0,0,0,0,0,0,0,0,0,0,0,0,0,0,0,0,0,0
2174,Point,65,74,568250,136350,299-W14-30,156.535419,0,299-W12-4,78.604266,3,0,0,0,0,0,0,0,0,0,0,0,0,0,0,0,0,0,0
2175,Point,65,75,568350,136350,299-W14-30,256.444804,1,299-W12-4,26.393761,4,0,0,0,0,0,0,0,0,0,0,0,0,0,0,0,0,0,0
2176,Point,65,76,568450,136350,299-W12-6,354.275033,1,299-W12-4,123.347601,2,0,0,0,0,0,0,0,0,0,0,0,0,0,0,0,0,0,0
2177,Point,65,77,568550,136350,699-43-69,439.420904,2,299-W12-4,223.00814,1,0,0,0,0,0,0,0,0,0,0,0,0,0,0,0,0,0,0
2178,Point,65,78,568650,136350,699-43-69,345.954811,1,299-W12-4,322.878662,0,0,0,0,0,0,0,0,0,0,0,0,0,0,0,0,0,0,0
2179,Point,65,79,568750,136350,699-43-69,257.44656,1,299-W12-4,422.810396,0,0,0,0,0,0,0,0,0,0,0,0,0,0,0,0,0,0,0
2180,Point,65,80,568850,136350,699-43-69,181.308387,0,299-W12-4,522.768238,0,0,0,0,0,0,0,0,0,0,0,0,0,0,0,0,0,0,0
2181,Point,65,81,568950,136350,699-43-69,139.523229,0,299-W12-4,622.739617,0,0,0,0,0,0,0,0,0,0,0,0,0,0,0,0,0,0,0
2182,Point,65,82,569050,136350,699-43-69,161.433365,0,299-W12-4,722.718915,0,0,0,0,0,0,0,0,0,0,0,0,0,0,0,0,0,0,0
2183,Point,65,83,569150,136350,699-43-69,229.466188,1,299-W12-4,822.703246,0,0,0,0,0,0,0,0,0,0,0,0,0,0,0,0,0,0,0
2184,Point,65,84,569250,136350,699-43-69,315.037666,1,299-W12-4,922.690972,0,0,0,0,0,0,0,0,0,0,0,0,0,0,0,0,0,0,0
2185,Point,65,85,569350,136350,699-43-69,407.23793,2,299-W12-4,1022.681099,0,0,0,0,0,0,0,0,0,0,0,0,0,0,0,0,0,0,0
2186,Point,65,86,569450,136350,699-43-69,502.430822,2,299-W12-4,1122.672985,0,0,0,0,0,0,0,0,0,0,0,0,0,0,0,0,0,0,0
2187,Point,65,87,569550,136350,699-43-69,599.191732,2,299-W12-4,1222.666198,0,0,0,0,0,0,0,0,0,0,0,0,0,0,0,0,0,0,0
2188,Point,65,88,569650,136350,699-40-65,621.168975,3,299-W12-4,1322.660437,0,0,0,0,0,0,0,0,0,0,0,0,0,0,0,0,0,0,0
2189,Point,65,89,569750,136350,699-40-65,560.673609,2,299-W12-4,1422.655486,0,0,0,0,0,0,0,0,0,0,0,0,0,0,0,0,0,0,0
2190,Point,65,90,569850,136350,699-40-65,512.697665,2,299-W12-4,1522.651185,0,0,0,0,0,0,0,0,0,0,0,0,0,0,0,0,0,0,0
2191,Point,65,91,569950,136350,699-40-65,481.001971,2,299-W12-4,1622.647414,0,0,0,0,0,0,0,0,0,0,0,0,0,0,0,0,0,0,0
2192,Point,65,92,570050,136350,699-40-65,468.899665,2,299-W12-4,1722.644081,0,0,0,0,0,0,0,0,0,0,0,0,0,0,0,0,0,0,0
2193,Point,65,93,570150,136350,699-40-65,477.881676,2,299-W12-4,1822.641114,0,0,0,0,0,0,0,0,0,0,0,0,0,0,0,0,0,0,0
2194,Point,65,94,570250,136350,699-40-65,506.828271,2,299-W12-4,1922.638456,0,0,0,0,0,0,0,0,0,0,0,0,0,0,0,0,0,0,0
2195,Point,65,95,570350,136350,699-44-64,548.93718,2,299-W12-4,2022.63606,0,0,0,0,0,0,0,0,0,0,0,0,0,0,0,0,0,0,0
2196,Point,65,96,570450,136350,699-44-64,550.637837,2,299-W12-4,2122.63389,0,0,0,0,0,0,0,0,0,0,0,0,0,0,0,0,0,0,0
2197,Point,65,97,570550,136350,699-44-64,570.150881,2,299-W12-4,2222.631915,0,0,0,0,0,0,0,0,0,0,0,0,0,0,0,0,0,0,0
2198,Point,65,98,570650,136350,699-44-64,605.7574,3,299-W12-4,2322.630111,0,0,0,0,0,0,0,0,0,0,0,0,0,0,0,0,0,0,0
2199,Point,65,99,570750,136350,699-44-64,654.837405,3,299-W12-4,2422.628455,0,0,0,0,0,0,0,0,0,0,0,0,0,0,0,0,0,0,0
2200,Point,65,100,570850,136350,699-40-62,664.577523,3,299-W12-4,2522.626931,0,0,0,0,0,0,0,0,0,0,0,0,0,0,0,0,0,0,0
2201,Point,65,101,570950,136350,699-40-62,623.547339,3,299-W12-4,2622.625522,0,0,0,0,0,0,0,0,0,0,0,0,0,0,0,0,0,0,0
2202,Point,65,102,571050,136350,699-40-62,596.623235,2,299-W12-4,2722.624218,0,0,0,0,0,0,0,0,0,0,0,0,0,0,0,0,0,0,0
2203,Point,65,103,571150,136350,699-40-62,585.753603,2,299-W12-4,2822.623005,0,0,0,0,0,0,0,0,0,0,0,0,0,0,0,0,0,0,0
2204,Point,65,104,571250,136350,699-40-62,591.823693,2,299-W12-4,2922.621876,0,0,0,0,0,0,0,0,0,0,0,0,0,0,0,0,0,0,0
2205,Point,65,105,571350,136350,699-40-62,614.331575,3,299-W12-4,3022.620822,0,0,0,0,0,0,0,0,0,0,0,0,0,0,0,0,0,0,0
2206,Point,65,106,571450,136350,699-40-62,651.576,3,299-W12-4,3122.619834,0,0,0,0,0,0,0,0,0,0,0,0,0,0,0,0,0,0,0
2207,Point,65,107,571550,136350,699-40-62,701.212724,3,299-W12-4,3222.618909,0,0,0,0,0,0,0,0,0,0,0,0,0,0,0,0,0,0,0
2208,Point,65,108,571650,136350,699-40-62,760.820139,3,299-W12-4,3322.618039,0,0,0,0,0,0,0,0,0,0,0,0,0,0,0,0,0,0,0
2209,Point,65,109,571750,136350,699-40-62,828.248323,4,299-W12-4,3422.617219,0,0,0,0,0,0,0,0,0,0,0,0,0,0,0,0,0,0,0
2210,Point,65,110,571850,136350,699-40-62,901.744578,4,299-W12-4,3522.616447,0,0,0,0,0,0,0,0,0,0,0,0,0,0,0,0,0,0,0
2211,Point,65,111,571950,136350,699-40-62,979.944531,4,299-W12-4,3622.615717,0,0,0,0,0,0,0,0,0,0,0,0,0,0,0,0,0,0,0
2212,Point,65,112,572050,136350,699-40-62,1061.809439,4,299-W12-4,3722.615026,0,0,0,0,0,0,0,0,0,0,0,0,0,0,0,0,0,0,0
2213,Point,65,113,572150,136350,699-40-62,1146.554527,4,299-W12-4,3822.614371,0,0,0,0,0,0,0,0,0,0,0,0,0,0,0,0,0,0,0
2214,Point,66,32,564050,136250,299-W17-1,1748.274821,4,299-W15-225,2611.163489,0,0,0,0,0,0,0,0,0,0,0,0,0,0,0,0,0,0,0
2215,Point,66,33,564150,136250,299-W17-1,1677.596152,4,299-W15-225,2511.315346,0,0,0,0,0,0,0,0,0,0,0,0,0,0,0,0,0,0,0
2216,Point,66,34,564250,136250,299-W17-1,1610.028835,4,299-W15-225,2411.479788,0,0,0,0,0,0,0,0,0,0,0,0,0,0,0,0,0,0,0
2217,Point,66,35,564350,136250,299-W9-2,1525.181415,4,299-W15-225,2311.658445,0,0,0,0,0,0,0,0,0,0,0,0,0,0,0,0,0,0,0
2218,Point,66,36,564450,136250,299-W9-2,1434.481213,4,299-W15-225,2211.853243,0,0,0,0,0,0,0,0,0,0,0,0,0,0,0,0,0,0,0
2219,Point,66,37,564550,136250,299-W9-2,1345.100126,4,299-W15-225,2112.066469,0,0,0,0,0,0,0,0,0,0,0,0,0,0,0,0,0,0,0
2220,Point,66,38,564650,136250,299-W9-2,1257.31951,4,299-W15-225,2012.300864,0,0,0,0,0,0,0,0,0,0,0,0,0,0,0,0,0,0,0
2221,Point,66,39,564750,136250,299-W9-2,1171.499189,4,299-W15-225,1912.559742,0,0,0,0,0,0,0,0,0,0,0,0,0,0,0,0,0,0,0
2222,Point,66,40,564850,136250,299-W9-2,1088.103097,4,299-W15-225,1812.847144,0,0,0,0,0,0,0,0,0,0,0,0,0,0,0,0,0,0,0
2223,Point,66,41,564950,136250,299-W9-2,1007.733273,4,299-W15-225,1713.16805,0,0,0,0,0,0,0,0,0,0,0,0,0,0,0,0,0,0,0
2224,Point,66,42,565050,136250,299-W9-2,931.173641,4,299-W15-225,1613.52867,0,0,0,0,0,0,0,0,0,0,0,0,0,0,0,0,0,0,0
2225,Point,66,43,565150,136250,299-W9-2,859.443046,4,299-W15-225,1513.936844,0,0,0,0,0,0,0,0,0,0,0,0,0,0,0,0,0,0,0
2226,Point,66,44,565250,136250,299-W9-2,793.851592,3,299-W15-225,1414.402619,0,0,0,0,0,0,0,0,0,0,0,0,0,0,0,0,0,0,0
2227,Point,66,45,565350,136250,299-W9-2,736.042356,3,299-W15-225,1314.939074,0,0,0,0,0,0,0,0,0,0,0,0,0,0,0,0,0,0,0
2228,Point,66,46,565450,136250,299-W10-14,671.203885,3,299-W15-225,1215.56356,0,0,0,0,0,0,0,0,0,0,0,0,0,0,0,0,0,0,0
2229,Point,66,47,565550,136250,299-W10-14,589.131441,2,299-W15-225,1116.299587,0,0,0,0,0,0,0,0,0,0,0,0,0,0,0,0,0,0,0
2230,Point,66,48,565650,136250,299-W10-14,513.455991,2,299-W15-225,1017.179811,0,0,0,0,0,0,0,0,0,0,0,0,0,0,0,0,0,0,0
2231,Point,66,49,565750,136250,299-W10-14,447.435196,2,299-W15-225,918.250928,0,0,0,0,0,0,0,0,0,0,0,0,0,0,0,0,0,0,0
2232,Point,66,50,565850,136250,299-W10-14,395.928598,1,299-W15-225,819.582069,0,0,0,0,0,0,0,0,0,0,0,0,0,0,0,0,0,0,0
2233,Point,66,51,565950,136250,299-W10-14,365.13101,1,299-W15-225,721.279951,0,0,0,0,0,0,0,0,0,0,0,0,0,0,0,0,0,0,0
2234,Point,66,52,566050,136250,299-W10-14,360.391252,1,299-W15-225,623.518057,0,0,0,0,0,0,0,0,0,0,0,0,0,0,0,0,0,0,0
2235,Point,66,53,566150,136250,299-W15-49,318.576063,1,299-W15-225,526.597348,0,0,0,0,0,0,0,0,0,0,0,0,0,0,0,0,0,0,0
2236,Point,66,54,566250,136250,299-W15-231,237.749347,1,299-W15-225,431.085569,0,0,0,0,0,0,0,0,0,0,0,0,0,0,0,0,0,0,0
2237,Point,66,55,566350,136250,299-W15-231,139.845458,0,299-W15-225,338.178603,0,0,0,0,0,0,0,0,0,0,0,0,0,0,0,0,0,0,0
2238,Point,66,56,566450,136250,299-W15-231,50.87978,0,299-W15-225,250.788292,1,0,0,0,0,0,0,0,0,0,0,0,0,0,0,0,0,0,0
2239,Point,66,57,566550,136250,299-W15-231,74.971675,0,299-W11-92,175.408517,2,0,0,0,0,0,0,0,0,0,0,0,0,0,0,0,0,0,0
2240,Point,66,58,566650,136250,299-W15-40,45.098457,0,299-W11-92,110.436172,2,0,0,0,0,0,0,0,0,0,0,0,0,0,0,0,0,0,0
2241,Point,66,59,566750,136250,299-W15-40,107.393998,0,299-W11-92,116.722526,2,0,0,0,0,0,0,0.411193,49,49.411193,1,4,4,0,0,0,0,0,0
2242,Point,66,60,566850,136250,299-W14-15,53.318542,0,299-W14-20,68.521451,3,0,0,0,0,0,0,6.522629,150,156.522629,1,3,3,0,0,0,0,0,0
2243,Point,66,61,566950,136250,299-W14-20,53.396529,0,299-W14-20,53.396529,3,96.208022,320,416.208022,1,1,0.5,0.277259,250,250.277259,1,2,2,0,0,0,0,0,0
2244,Point,66,62,567050,136250,299-W14-17,53.575735,0,299-W14-20,144.938571,2,84.742741,379,463.742741,1,1,0.5,0,0,0,0,0,0,0,0,0,0,0,0
2245,Point,66,63,567150,136250,299-W14-17,146.682512,0,299-W14-73,213.868643,1,86.545721,479,565.545721,1,1,0.5,0,0,0,0,0,0,0,0,0,0,0,0
2246,Point,66,64,567250,136250,299-W14-73,118.075385,0,299-W14-73,118.075385,2,88.348705,579,667.348705,1,0,0,0,0,0,0,0,0,0,0,0,0,0,0
2247,Point,66,65,567350,136250,299-W14-73,46.30115,0,299-W14-73,46.30115,4,90.151692,679,769.151692,1,0,0,0,0,0,0,0,0,0,0,0,0,0,0
2248,Point,66,66,567450,136250,299-W14-73,101.714289,0,299-W14-73,101.714289,2,91.954682,779,870.954682,1,0,0,0,0,0,0,0,0,0,0,0,0,0,0
2249,Point,66,67,567550,136250,299-W14-73,196.335928,0,299-W14-73,196.335928,2,93.757674,879,972.757674,1,0,0,0,0,0,0,0,0,0,0,0,0,0,0
2250,Point,66,68,567650,136250,299-W14-74,185.806497,0,299-W14-74,185.806497,2,0,0,0,0,0,0,0,0,0,0,0,0,0,0,0,0,0,0
2251,Point,66,69,567750,136250,299-W14-74,135.011312,0,299-W14-74,135.011312,2,0,0,0,0,0,0,0,0,0,0,0,0,0,0,0,0,0,0
2252,Point,66,70,567850,136250,299-W14-74,148.094748,0,299-W14-74,148.094748,2,0,0,0,0,0,0,0,0,0,0,0,0,0,0,0,0,0,0
2253,Point,66,71,567950,136250,299-W14-75,67.699829,0,299-W14-75,67.699829,3,0,0,0,0,0,0,0,0,0,0,0,0,0,0,0,0,0,0
2254,Point,66,72,568050,136250,299-W14-75,67.507532,0,299-W14-75,67.507532,3,0,0,0,0,0,0,0,0,0,0,0,0,0,0,0,0,0,0
2255,Point,66,73,568150,136250,299-W14-30,122.262576,0,299-W14-30,122.262576,2,0,0,0,0,0,0,0,0,0,0,0,0,0,0,0,0,0,0
2256,Point,66,74,568250,136250,299-W14-30,190.285936,0,299-W12-4,137.508656,2,0,0,0,0,0,0,0,0,0,0,0,0,0,0,0,0,0,0
2257,Point,66,75,568350,136250,299-W14-30,278.333141,1,299-W12-4,115.873339,2,0,0,0,0,0,0,0,0,0,0,0,0,0,0,0,0,0,0
2258,Point,66,76,568450,136250,299-W13-1,362.380391,1,299-W12-4,167.166476,2,0,0,0,0,0,0,0,0,0,0,0,0,0,0,0,0,0,0
2259,Point,66,77,568550,136250,299-W11-97,440.416885,2,299-W12-4,249.92525,1,0,0,0,0,0,0,0,0,0,0,0,0,0,0,0,0,0,0
2260,Point,66,78,568650,136250,699-43-69,396.712404,1,299-W12-4,342.024313,0,0,0,0,0,0,0,0,0,0,0,0,0,0,0,0,0,0,0
2261,Point,66,79,568750,136250,699-43-69,322.45113,1,299-W12-4,437.605565,0,0,0,0,0,0,0,0,0,0,0,0,0,0,0,0,0,0,0
2262,Point,66,80,568850,136250,699-43-69,265.647758,1,299-W12-4,534.805227,0,0,0,0,0,0,0,0,0,0,0,0,0,0,0,0,0,0,0
2263,Point,66,81,568950,136250,699-43-69,239.087288,1,299-W12-4,632.878053,0,0,0,0,0,0,0,0,0,0,0,0,0,0,0,0,0,0,0
2264,Point,66,82,569050,136250,699-43-69,252.500953,1,299-W12-4,731.472919,0,0,0,0,0,0,0,0,0,0,0,0,0,0,0,0,0,0,0
2265,Point,66,83,569150,136250,699-43-69,300.583984,1,299-W12-4,830.403896,0,0,0,0,0,0,0,0,0,0,0,0,0,0,0,0,0,0,0
2266,Point,66,84,569250,136250,699-43-69,370.060443,1,299-W12-4,929.563678,0,0,0,0,0,0,0,0,0,0,0,0,0,0,0,0,0,0,0
2267,Point,66,85,569350,136250,699-43-69,451.15267,2,299-W12-4,1028.886112,0,0,0,0,0,0,0,0,0,0,0,0,0,0,0,0,0,0,0
2268,Point,66,86,569450,136250,699-43-69,538.639705,2,299-W12-4,1128.328246,0,0,0,0,0,0,0,0,0,0,0,0,0,0,0,0,0,0,0
2269,Point,66,87,569550,136250,699-40-65,627.358666,3,299-W12-4,1227.860998,0,0,0,0,0,0,0,0,0,0,0,0,0,0,0,0,0,0,0
2270,Point,66,88,569650,136250,699-40-65,549.620684,2,299-W12-4,1327.463985,0,0,0,0,0,0,0,0,0,0,0,0,0,0,0,0,0,0,0
2271,Point,66,89,569750,136250,699-40-65,480.194644,2,299-W12-4,1427.1225,0,0,0,0,0,0,0,0,0,0,0,0,0,0,0,0,0,0,0
2272,Point,66,90,569850,136250,699-40-65,423.191323,2,299-W12-4,1526.825671,0,0,0,0,0,0,0,0,0,0,0,0,0,0,0,0,0,0,0
2273,Point,66,91,569950,136250,699-40-65,384.180812,1,299-W12-4,1626.565286,0,0,0,0,0,0,0,0,0,0,0,0,0,0,0,0,0,0,0
2274,Point,66,92,570050,136250,699-40-65,368.915839,1,299-W12-4,1726.335028,0,0,0,0,0,0,0,0,0,0,0,0,0,0,0,0,0,0,0
2275,Point,66,93,570150,136250,699-40-65,380.266875,1,299-W12-4,1826.12996,0,0,0,0,0,0,0,0,0,0,0,0,0,0,0,0,0,0,0
2276,Point,66,94,570250,136250,699-40-65,416.061169,2,299-W12-4,1925.946165,0,0,0,0,0,0,0,0,0,0,0,0,0,0,0,0,0,0,0
2277,Point,66,95,570350,136250,699-40-65,470.755665,2,299-W12-4,2025.780499,0,0,0,0,0,0,0,0,0,0,0,0,0,0,0,0,0,0,0
2278,Point,66,96,570450,136250,699-40-65,538.623148,2,299-W12-4,2125.630408,0,0,0,0,0,0,0,0,0,0,0,0,0,0,0,0,0,0,0
2279,Point,66,97,570550,136250,699-40-65,615.320157,3,299-W12-4,2225.493795,0,0,0,0,0,0,0,0,0,0,0,0,0,0,0,0,0,0,0
2280,Point,66,98,570650,136250,699-44-64,697.443924,3,299-W12-4,2325.368924,0,0,0,0,0,0,0,0,0,0,0,0,0,0,0,0,0,0,0
2281,Point,66,99,570750,136250,699-40-62,638.278375,3,299-W12-4,2425.254343,0,0,0,0,0,0,0,0,0,0,0,0,0,0,0,0,0,0,0
2282,Point,66,100,570850,136250,699-40-62,578.400626,2,299-W12-4,2525.148833,0,0,0,0,0,0,0,0,0,0,0,0,0,0,0,0,0,0,0
2283,Point,66,101,570950,136250,699-40-62,530.749738,2,299-W12-4,2625.051358,0,0,0,0,0,0,0,0,0,0,0,0,0,0,0,0,0,0,0
2284,Point,66,102,571050,136250,699-40-62,498.841943,2,299-W12-4,2724.961033,0,0,0,0,0,0,0,0,0,0,0,0,0,0,0,0,0,0,0
2285,Point,66,103,571150,136250,699-40-62,485.789341,2,299-W12-4,2824.8771,0,0,0,0,0,0,0,0,0,0,0,0,0,0,0,0,0,0,0
2286,Point,66,104,571250,136250,699-40-62,493.091557,2,299-W12-4,2924.798904,0,0,0,0,0,0,0,0,0,0,0,0,0,0,0,0,0,0,0
2287,Point,66,105,571350,136250,699-40-62,519.891608,2,299-W12-4,3024.725877,0,0,0,0,0,0,0,0,0,0,0,0,0,0,0,0,0,0,0
2288,Point,66,106,571450,136250,699-40-62,563.413954,2,299-W12-4,3124.657522,0,0,0,0,0,0,0,0,0,0,0,0,0,0,0,0,0,0,0
2289,Point,66,107,571550,136250,699-40-62,620.147792,3,299-W12-4,3224.593405,0,0,0,0,0,0,0,0,0,0,0,0,0,0,0,0,0,0,0
2290,Point,66,108,571650,136250,699-40-62,686.826968,3,299-W12-4,3324.533145,0,0,0,0,0,0,0,0,0,0,0,0,0,0,0,0,0,0,0
2291,Point,66,109,571750,136250,699-40-62,760.841169,3,299-W12-4,3424.476402,0,0,0,0,0,0,0,0,0,0,0,0,0,0,0,0,0,0,0
2292,Point,66,110,571850,136250,699-40-62,840.254297,4,299-W12-4,3524.422879,0,0,0,0,0,0,0,0,0,0,0,0,0,0,0,0,0,0,0
2293,Point,66,111,571950,136250,699-40-62,923.67488,4,299-W12-4,3624.372308,0,0,0,0,0,0,0,0,0,0,0,0,0,0,0,0,0,0,0
2294,Point,66,112,572050,136250,699-40-62,1010.110531,4,299-W12-4,3724.324453,0,0,0,0,0,0,0,0,0,0,0,0,0,0,0,0,0,0,0
2295,Point,66,113,572150,136250,699-40-62,1098.849982,4,299-W12-4,3824.279099,0,0,0,0,0,0,0,0,0,0,0,0,0,0,0,0,0,0,0
2296,Point,67,32,564050,136150,299-W17-1,1680.539452,4,299-W15-225,2607.67344,0,0,0,0,0,0,0,0,0,0,0,0,0,0,0,0,0,0,0
2297,Point,67,33,564150,136150,299-W17-1,1606.884206,4,299-W15-225,2507.686338,0,0,0,0,0,0,0,0,0,0,0,0,0,0,0,0,0,0,0
2298,Point,67,34,564250,136150,299-W17-1,1536.209898,4,299-W15-225,2407.700307,0,0,0,0,0,0,0,0,0,0,0,0,0,0,0,0,0,0,0
2299,Point,67,35,564350,136150,299-W17-1,1468.946851,4,299-W15-225,2307.715487,0,0,0,0,0,0,0,0,0,0,0,0,0,0,0,0,0,0,0
2300,Point,67,36,564450,136150,299-W17-1,1405.584878,4,299-W15-225,2207.732042,0,0,0,0,0,0,0,0,0,0,0,0,0,0,0,0,0,0,0
2301,Point,67,37,564550,136150,299-W17-1,1346.674738,4,299-W15-225,2107.750167,0,0,0,0,0,0,0,0,0,0,0,0,0,0,0,0,0,0,0
2302,Point,67,38,564650,136150,299-W17-1,1292.825143,4,299-W15-225,2007.770098,0,0,0,0,0,0,0,0,0,0,0,0,0,0,0,0,0,0,0
2303,Point,67,39,564750,136150,299-W9-2,1227.590465,4,299-W15-225,1907.792118,0,0,0,0,0,0,0,0,0,0,0,0,0,0,0,0,0,0,0
2304,Point,67,40,564850,136150,299-W9-2,1148.275381,4,299-W15-225,1807.816575,0,0,0,0,0,0,0,0,0,0,0,0,0,0,0,0,0,0,0
2305,Point,67,41,564950,136150,299-W9-2,1072.424519,4,299-W15-225,1707.843894,0,0,0,0,0,0,0,0,0,0,0,0,0,0,0,0,0,0,0
2306,Point,67,42,565050,136150,299-W9-2,1000.825834,4,299-W15-225,1607.874612,0,0,0,0,0,0,0,0,0,0,0,0,0,0,0,0,0,0,0
2307,Point,67,43,565150,136150,299-W9-2,934.457249,4,299-W15-225,1507.909403,0,0,0,0,0,0,0,0,0,0,0,0,0,0,0,0,0,0,0
2308,Point,67,44,565250,136150,299-W9-2,874.510349,4,299-W15-225,1407.949135,0,0,0,0,0,0,0,0,0,0,0,0,0,0,0,0,0,0,0
2309,Point,67,45,565350,136150,299-W10-14,809.773088,4,299-W15-225,1307.994942,0,0,0,0,0,0,0,0,0,0,0,0,0,0,0,0,0,0,0
2310,Point,67,46,565450,136150,299-W10-14,729.584577,3,299-W15-225,1208.04833,0,0,0,0,0,0,0,0,0,0,0,0,0,0,0,0,0,0,0
2311,Point,67,47,565550,136150,299-W10-14,654.870105,3,299-W15-225,1108.111352,0,0,0,0,0,0,0,0,0,0,0,0,0,0,0,0,0,0,0
2312,Point,67,48,565650,136150,299-W10-14,587.721069,2,299-W15-225,1008.186871,0,0,0,0,0,0,0,0,0,0,0,0,0,0,0,0,0,0,0
2313,Point,67,49,565750,136150,299-W15-15,523.064678,2,299-W15-225,908.279014,0,0,0,0,0,0,0,0,0,0,0,0,0,0,0,0,0,0,0
2314,Point,67,50,565850,136150,299-W15-15,464.581163,2,299-W15-225,808.393943,0,0,0,0,0,0,0,0,0,0,0,0,0,0,0,0,0,0,0
2315,Point,67,51,565950,136150,299-W15-49,398.688736,1,299-W15-225,708.541295,0,0,0,0,0,0,0,0,0,0,0,0,0,0,0,0,0,0,0
2316,Point,67,52,566050,136150,299-W15-49,312.270249,1,299-W15-225,608.737026,0,0,0,0,0,0,0,0,0,0,0,0,0,0,0,0,0,0,0
2317,Point,67,53,566150,136150,299-W15-49,236.796765,1,299-W15-225,509.009595,0,0,0,0,0,0,0,0,0,0,0,0,0,0,0,0,0,0,0
2318,Point,67,54,566250,136150,299-W15-49,186.098652,0,299-W15-225,409.415153,0,0,0,0,0,0,0,0,0,0,0,0,0,0,0,0,0,0,0
2319,Point,67,55,566350,136150,299-W15-231,148.797688,0,299-W15-225,310.081872,0,0,0,0,0,0,0,0,0,0,0,0,0,0,0,0,0,0,0
2320,Point,67,56,566450,136150,299-W15-231,71.921846,0,299-W15-225,211.378257,1,0,0,0,0,0,0,0,0,0,0,0,0,0,0,0,0,0,0
2321,Point,67,57,566550,136150,299-W15-231,90.580086,0,299-W15-225,114.938102,2,0,0,0,0,0,0,0,0,0,0,0,0,0,0,0,0,0,0
2322,Point,67,58,566650,136150,299-W15-225,41.722505,0,299-W15-225,41.722505,4,0,0,0,0,0,0,0,0,0,0,0,0,0,0,0,0,0,0
2323,Point,67,59,566750,136150,299-W15-225,101.344795,0,299-W15-225,101.344795,2,0,0,0,0,0,0,0,0,0,0,0,0,0,0,0,0,0,0
2324,Point,67,60,566850,136150,299-W14-19,50.844504,0,299-W14-20,146.932601,2,0,0,0,0,0,0,0,0,0,0,0,0,0,0,0,0,0,0
2325,Point,67,61,566950,136150,299-W14-19,53.527223,0,299-W14-20,140.517576,2,0,0,0,0,0,0,0,0,0,0,0,0,0,0,0,0,0,0
2326,Point,67,62,567050,136150,299-W14-17,80.871252,0,299-W14-20,194.682278,2,0,0,0,0,0,0,0,0,0,0,0,0,0,0,0,0,0,0
2327,Point,67,63,567150,136150,299-W14-17,158.699588,0,299-W14-73,215.999529,1,0,0,0,0,0,0,0,0,0,0,0,0,0,0,0,0,0,0
2328,Point,67,64,567250,136150,299-W14-73,121.892561,0,299-W14-73,121.892561,2,0,0,0,0,0,0,0,0,0,0,0,0,0,0,0,0,0,0
2329,Point,67,65,567350,136150,299-W14-73,55.315427,0,299-W14-73,55.315427,3,0,0,0,0,0,0,0,0,0,0,0,0,0,0,0,0,0,0
2330,Point,67,66,567450,136150,299-W14-73,106.121612,0,299-W14-73,106.121612,2,0,0,0,0,0,0,0,0,0,0,0,0,0,0,0,0,0,0
2331,Point,67,67,567550,136150,299-W14-73,198.654968,0,299-W14-73,198.654968,2,0,0,0,0,0,0,0,0,0,0,0,0,0,0,0,0,0,0
2332,Point,67,68,567650,136150,299-W14-74,266.04897,1,299-W14-74,266.04897,1,0,0,0,0,0,0,0,0,0,0,0,0,0,0,0,0,0,0
2333,Point,67,69,567750,136150,299-W14-74,233.422481,1,299-W14-74,233.422481,1,0,0,0,0,0,0,0,0,0,0,0,0,0,0,0,0,0,0
2334,Point,67,70,567850,136150,299-W14-27,158.113883,0,299-W14-75,159.716207,2,0,0,0,0,0,0,0,0,0,0,0,0,0,0,0,0,0,0
2335,Point,67,71,567950,136150,299-W14-27,70.710678,0,299-W14-75,74.049084,3,0,0,0,0,0,0,0,0,0,0,0,0,0,0,0,0,0,0
2336,Point,67,72,568050,136150,299-W14-27,70.710678,0,299-W14-75,73.873317,3,0,0,0,0,0,0,0,0,0,0,0,0,0,0,0,0,0,0
2337,Point,67,73,568150,136150,299-W14-32,98.288223,0,299-W14-32,98.288223,3,0,0,0,0,0,0,0,0,0,0,0,0,0,0,0,0,0,0
2338,Point,67,74,568250,136150,299-W13-1,143.302294,0,299-W14-22,81.538581,3,0,0,0,0,0,0,0,0,0,0,0,0,0,0,0,0,0,0
2339,Point,67,75,568350,136150,299-W13-1,225.360927,1,299-W14-22,41.358677,4,0,0,0,0,0,0,0,0,0,0,0,0,0,0,0,0,0,0
2340,Point,67,76,568450,136150,299-W11-97,304.406033,1,299-W14-22,129.508842,2,0,0,0,0,0,0,0,0,0,0,0,0,0,0,0,0,0,0
2341,Point,67,77,568550,136150,299-W11-97,359.373111,1,299-W14-22,227.672001,1,0,0,0,0,0,0,0,0,0,0,0,0,0,0,0,0,0,0
2342,Point,67,78,568650,136150,299-W13-2P,377.863706,1,299-W14-22,326.950364,0,0,0,0,0,0,0,0,0,0,0,0,0,0,0,0,0,0,0
2343,Point,67,79,568750,136150,299-W13-2P,340.973577,1,299-W14-22,426.565986,0,0,0,0,0,0,0,0,0,0,0,0,0,0,0,0,0,0,0
2344,Point,67,80,568850,136150,299-W13-3,330.381283,1,299-W14-22,526.327408,0,0,0,0,0,0,0,0,0,0,0,0,0,0,0,0,0,0,0
2345,Point,67,81,568950,136150,699-43-69,338.908146,1,299-W14-22,626.164946,0,0,0,0,0,0,0,0,0,0,0,0,0,0,0,0,0,0,0
2346,Point,67,82,569050,136150,699-43-69,348.500691,1,299-W14-22,726.047202,0,0,0,0,0,0,0,0,0,0,0,0,0,0,0,0,0,0,0
2347,Point,67,83,569150,136150,699-43-69,384.768413,1,299-W14-22,825.957953,0,0,0,0,0,0,0,0,0,0,0,0,0,0,0,0,0,0,0
2348,Point,67,84,569250,136150,699-43-69,441.181064,2,299-W14-22,925.887974,0,0,0,0,0,0,0,0,0,0,0,0,0,0,0,0,0,0,0
2349,Point,67,85,569350,136150,699-43-69,511.111271,2,299-W14-22,1025.831633,0,0,0,0,0,0,0,0,0,0,0,0,0,0,0,0,0,0,0
2350,Point,67,86,569450,136150,699-43-69,589.770066,2,299-W14-22,1125.785299,0,0,0,0,0,0,0,0,0,0,0,0,0,0,0,0,0,0,0
2351,Point,67,87,569550,136150,699-40-65,574.291647,2,299-W14-22,1225.746524,0,0,0,0,0,0,0,0,0,0,0,0,0,0,0,0,0,0,0
2352,Point,67,88,569650,136150,699-40-65,488.175067,2,299-W14-22,1325.713597,0,0,0,0,0,0,0,0,0,0,0,0,0,0,0,0,0,0,0
2353,Point,67,89,569750,136150,699-40-65,408.43469,2,299-W14-22,1425.685288,0,0,0,0,0,0,0,0,0,0,0,0,0,0,0,0,0,0,0
2354,Point,67,90,569850,136150,699-40-65,339.59225,1,299-W14-22,1525.66069,0,0,0,0,0,0,0,0,0,0,0,0,0,0,0,0,0,0,0
2355,Point,67,91,569950,136150,699-40-65,289.528748,1,299-W14-22,1625.639117,0,0,0,0,0,0,0,0,0,0,0,0,0,0,0,0,0,0,0
2356,Point,67,92,570050,136150,699-40-65,268.944039,1,299-W14-22,1725.620045,0,0,0,0,0,0,0,0,0,0,0,0,0,0,0,0,0,0,0
2357,Point,67,93,570150,136150,699-40-65,284.314783,1,299-W14-22,1825.603062,0,0,0,0,0,0,0,0,0,0,0,0,0,0,0,0,0,0,0
2358,Point,67,94,570250,136150,699-40-65,330.664325,1,299-W14-22,1925.587843,0,0,0,0,0,0,0,0,0,0,0,0,0,0,0,0,0,0,0
2359,Point,67,95,570350,136150,699-40-65,397.29447,1,299-W14-22,2025.574126,0,0,0,0,0,0,0,0,0,0,0,0,0,0,0,0,0,0,0
2360,Point,67,96,570450,136150,699-40-65,475.759284,2,299-W14-22,2125.5617,0,0,0,0,0,0,0,0,0,0,0,0,0,0,0,0,0,0,0
2361,Point,67,97,570550,136150,699-40-65,561.11576,2,299-W14-22,2225.55039,0,0,0,0,0,0,0,0,0,0,0,0,0,0,0,0,0,0,0
2362,Point,67,98,570650,136150,699-40-62,642.756007,3,299-W14-22,2325.540053,0,0,0,0,0,0,0,0,0,0,0,0,0,0,0,0,0,0,0
2363,Point,67,99,570750,136150,699-40-62,565.93576,2,299-W14-22,2425.530569,0,0,0,0,0,0,0,0,0,0,0,0,0,0,0,0,0,0,0
2364,Point,67,100,570850,136150,699-40-62,497.424652,2,299-W14-22,2525.521835,0,0,0,0,0,0,0,0,0,0,0,0,0,0,0,0,0,0,0
2365,Point,67,101,570950,136150,699-40-62,441.111419,2,299-W14-22,2625.513767,0,0,0,0,0,0,0,0,0,0,0,0,0,0,0,0,0,0,0
2366,Point,67,102,571050,136150,699-40-62,402.153309,2,299-W14-22,2725.506291,0,0,0,0,0,0,0,0,0,0,0,0,0,0,0,0,0,0,0
2367,Point,67,103,571150,136150,699-40-62,385.8436,1,299-W14-22,2825.499344,0,0,0,0,0,0,0,0,0,0,0,0,0,0,0,0,0,0,0
2368,Point,67,104,571250,136150,699-40-62,394.997828,1,299-W14-22,2925.492871,0,0,0,0,0,0,0,0,0,0,0,0,0,0,0,0,0,0,0
2369,Point,67,105,571350,136150,699-40-62,427.985145,2,299-W14-22,3025.486827,0,0,0,0,0,0,0,0,0,0,0,0,0,0,0,0,0,0,0
2370,Point,67,106,571450,136150,699-40-62,479.915913,2,299-W14-22,3125.481169,0,0,0,0,0,0,0,0,0,0,0,0,0,0,0,0,0,0,0
2371,Point,67,107,571550,136150,699-40-62,545.405614,2,299-W14-22,3225.475863,0,0,0,0,0,0,0,0,0,0,0,0,0,0,0,0,0,0,0
2372,Point,67,108,571650,136150,699-40-62,620.173592,3,299-W14-22,3325.470875,0,0,0,0,0,0,0,0,0,0,0,0,0,0,0,0,0,0,0
2373,Point,67,109,571750,136150,699-40-62,701.258358,3,299-W14-22,3425.466179,0,0,0,0,0,0,0,0,0,0,0,0,0,0,0,0,0,0,0
2374,Point,67,110,571850,136150,699-40-62,786.709148,3,299-W14-22,3525.461749,0,0,0,0,0,0,0,0,0,0,0,0,0,0,0,0,0,0,0
2375,Point,67,111,571950,136150,699-40-62,875.248127,4,299-W14-22,3625.457563,0,0,0,0,0,0,0,0,0,0,0,0,0,0,0,0,0,0,0
2376,Point,67,112,572050,136150,699-40-62,966.026544,4,299-W14-22,3725.453602,0,0,0,0,0,0,0,0,0,0,0,0,0,0,0,0,0,0,0
2377,Point,67,113,572150,136150,699-40-62,1058.468367,4,299-W14-22,3825.449848,0,0,0,0,0,0,0,0,0,0,0,0,0,0,0,0,0,0,0
2378,Point,68,32,564050,136050,299-W17-1,1616.156196,4,299-W15-225,2608.015868,0,0,0,0,0,0,0,0,0,0,0,0,0,0,0,0,0,0,0
2379,Point,68,33,564150,136050,299-W17-1,1539.423545,4,299-W15-225,2508.042417,0,0,0,0,0,0,0,0,0,0,0,0,0,0,0,0,0,0,0
2380,Point,68,34,564250,136050,299-W17-1,1465.499522,4,299-W15-225,2408.071172,0,0,0,0,0,0,0,0,0,0,0,0,0,0,0,0,0,0,0
2381,Point,68,35,564350,136050,299-W17-1,1394.83076,4,299-W15-225,2308.102417,0,0,0,0,0,0,0,0,0,0,0,0,0,0,0,0,0,0,0
2382,Point,68,36,564450,136050,299-W17-1,1327.937066,4,299-W15-225,2208.136492,0,0,0,0,0,0,0,0,0,0,0,0,0,0,0,0,0,0,0
2383,Point,68,37,564550,136050,299-W17-1,1265.417263,4,299-W15-225,2108.173799,0,0,0,0,0,0,0,0,0,0,0,0,0,0,0,0,0,0,0
2384,Point,68,38,564650,136050,299-W17-1,1207.950682,4,299-W15-225,2008.214821,0,0,0,0,0,0,0,0,0,0,0,0,0,0,0,0,0,0,0
2385,Point,68,39,564750,136050,299-W17-1,1156.290988,4,299-W15-225,1908.260141,0,0,0,0,0,0,0,0,0,0,0,0,0,0,0,0,0,0,0
2386,Point,68,40,564850,136050,299-W17-1,1111.24833,4,299-W15-225,1808.310473,0,0,0,0,0,0,0,0,0,0,0,0,0,0,0,0,0,0,0
2387,Point,68,41,564950,136050,299-W17-1,1073.655834,4,299-W15-225,1708.366696,0,0,0,0,0,0,0,0,0,0,0,0,0,0,0,0,0,0,0
2388,Point,68,42,565050,136050,299-W17-1,1044.318366,4,299-W15-225,1608.429908,0,0,0,0,0,0,0,0,0,0,0,0,0,0,0,0,0,0,0
2389,Point,68,43,565150,136050,299-W15-15,985.11992,4,299-W15-225,1508.501497,0,0,0,0,0,0,0,0,0,0,0,0,0,0,0,0,0,0,0
2390,Point,68,44,565250,136050,299-W15-15,890.337159,4,299-W15-225,1408.583248,0,0,0,0,0,0,0,0,0,0,0,0,0,0,0,0,0,0,0
2391,Point,68,45,565350,136050,299-W15-15,796.830758,3,299-W15-225,1308.677488,0,0,0,0,0,0,0,0,0,0,0,0,0,0,0,0,0,0,0
2392,Point,68,46,565450,136050,299-W15-15,705.108685,3,299-W15-225,1208.787313,0,0,0,0,0,0,0,0,0,0,0,0,0,0,0,0,0,0,0
2393,Point,68,47,565550,136050,299-W15-15,615.968552,3,299-W15-225,1108.916934,0,0,0,0,0,0,0,0,0,0,0,0,0,0,0,0,0,0,0
2394,Point,68,48,565650,136050,299-W15-15,530.712971,2,299-W15-225,1009.072231,0,0,0,0,0,0,0,0,0,0,0,0,0,0,0,0,0,0,0
2395,Point,68,49,565750,136050,299-W15-15,451.547624,2,299-W15-225,909.261661,0,0,0,0,0,0,0,0,0,0,0,0,0,0,0,0,0,0,0
2396,Point,68,50,565850,136050,299-W15-15,382.275107,1,299-W15-225,809.497849,0,0,0,0,0,0,0,0,0,0,0,0,0,0,0,0,0,0,0
2397,Point,68,51,565950,136050,299-W15-15,329.200937,1,299-W15-225,709.800512,0,0,0,0,0,0,0,0,0,0,0,0,0,0,0,0,0,0,0
2398,Point,68,52,566050,136050,299-W15-49,268.504577,1,299-W15-225,610.202235,0,0,0,0,0,0,0,0,0,0,0,0,0,0,0,0,0,0,0
2399,Point,68,53,566150,136050,299-W15-49,175.08486,0,299-W15-225,510.760969,0,0,0,0,0,0,0,0,0,0,0,0,0,0,0,0,0,0,0
2400,Point,68,54,566250,136050,299-W15-49,95.993271,0,299-W15-225,411.590534,0,0,0,0,0,0,0,0,0,0,0,0,0,0,0,0,0,0,0
2401,Point,68,55,566350,136050,299-W15-11,79.433647,0,299-W15-225,312.948506,0,0,0,0,0,0,0,0,0,0,0,0,0,0,0,0,0,0,0
2402,Point,68,56,566450,136050,299-W15-11,62.052432,0,299-W15-225,215.561517,1,0,0,0,0,0,0,0,0,0,0,0,0,0,0,0,0,0,0
2403,Point,68,57,566550,136050,299-W15-225,122.461289,0,299-W15-225,122.461289,2,0,0,0,0,0,0,0,0,0,0,0,0,0,0,0,0,0,0
2404,Point,68,58,566650,136050,299-W15-44,38.699629,0,299-W15-225,59.386593,3,0,0,0,0,0,0,0,0,0,0,0,0,0,0,0,0,0,0
2405,Point,68,59,566750,136050,299-W15-763,62.900549,0,299-W15-225,109.803312,2,0,0,0,0,0,0,0,0,0,0,0,0,0,0,0,0,0,0
2406,Point,68,60,566850,136050,299-W15-763,45.989988,0,299-W15-225,201.461578,1,0,0,0,0,0,0,0,0,0,0,0,0,0,0,0,0,0,0
2407,Point,68,61,566950,136050,299-W14-19,99.38392,0,299-W14-20,237.989893,1,0,0,0,0,0,0,0,0,0,0,0,0,0,0,0,0,0,0
2408,Point,68,62,567050,136050,299-W14-19,173.65818,0,299-W17-2,262.884487,1,0,0,0,0,0,0,0,0,0,0,0,0,0,0,0,0,0,0
2409,Point,68,63,567150,136050,299-W14-25,205.187327,1,299-W11-49,245.819707,1,0,0,0,0,0,0,0,0,0,0,0,0,0,0,0,0,0,0
2410,Point,68,64,567250,136050,299-W14-72,134.06294,0,299-W11-49,167.71204,2,0,0,0,0,0,0,0,0,0,0,0,0,0,0,0,0,0,0
2411,Point,68,65,567350,136050,299-W14-72,110.837142,0,299-W11-49,125.80671,2,0,0,0,0,0,0,0,0,0,0,0,0,0,0,0,0,0,0
2412,Point,68,66,567450,136050,299-W11-49,153.386207,0,299-W11-49,153.386207,2,0,0,0,0,0,0,0,0,0,0,0,0,0,0,0,0,0,0
2413,Point,68,67,567550,136050,299-W11-49,226.33455,1,299-W11-49,226.33455,1,0,0,0,0,0,0,0,0,0,0,0,0,0,0,0,0,0,0
2414,Point,68,68,567650,136050,299-W14-21,175.24814,0,299-W14-21,175.24814,2,0,0,0,0,0,0,0,0,0,0,0,0,0,0,0,0,0,0
2415,Point,68,69,567750,136050,299-W14-21,162.505109,0,299-W14-21,162.505109,2,0,0,0,0,0,0,0,0,0,0,0,0,0,0,0,0,0,0
2416,Point,68,70,567850,136050,299-W14-21,205.192374,1,299-W14-21,205.192374,1,0,0,0,0,0,0,0,0,0,0,0,0,0,0,0,0,0,0
2417,Point,68,71,567950,136050,299-W14-27,158.113883,0,299-W14-75,162.429267,2,0,0,0,0,0,0,0,0,0,0,0,0,0,0,0,0,0,0
2418,Point,68,72,568050,136050,299-W14-32,77.619422,0,299-W14-32,77.619422,3,0,0,0,0,0,0,0,0,0,0,0,0,0,0,0,0,0,0
2419,Point,68,73,568150,136050,299-W13-1,1.883507,0,299-W14-32,22.912326,4,0,0,0,0,0,0,0,0,0,0,0,0,0,0,0,0,0,0
2420,Point,68,74,568250,136050,299-W13-1,101.269678,0,299-W14-22,100.53129,2,0,0,0,0,0,0,0,0,0,0,0,0,0,0,0,0,0,0
2421,Point,68,75,568350,136050,299-W11-97,177.084819,0,299-W14-22,71.89256,3,0,0,0,0,0,0,0,0,0,0,0,0,0,0,0,0,0,0
2422,Point,68,76,568450,136050,299-W11-97,218.735075,1,299-W14-22,142.234104,2,0,0,0,0,0,0,0,0,0,0,0,0,0,0,0,0,0,0
2423,Point,68,77,568550,136050,299-W11-97,290.39806,1,299-W14-22,235.143659,1,0,0,0,0,0,0,0,0,0,0,0,0,0,0,0,0,0,0
2424,Point,68,78,568650,136050,299-W13-2P,294.307629,1,299-W14-22,332.196539,0,0,0,0,0,0,0,0,0,0,0,0,0,0,0,0,0,0,0
2425,Point,68,79,568750,136050,299-W13-2P,245.150934,1,299-W14-22,430.600209,0,0,0,0,0,0,0,0,0,0,0,0,0,0,0,0,0,0,0
2426,Point,68,80,568850,136050,299-W13-3,230.390521,1,299-W14-22,529.602247,0,0,0,0,0,0,0,0,0,0,0,0,0,0,0,0,0,0,0
2427,Point,68,81,568950,136050,299-W13-3,252.645586,1,299-W14-22,628.920138,0,0,0,0,0,0,0,0,0,0,0,0,0,0,0,0,0,0,0
2428,Point,68,82,569050,136050,299-W13-3,307.538277,1,299-W14-22,728.424698,0,0,0,0,0,0,0,0,0,0,0,0,0,0,0,0,0,0,0
2429,Point,68,83,569150,136050,299-W13-3,381.221448,1,299-W14-22,828.048634,0,0,0,0,0,0,0,0,0,0,0,0,0,0,0,0,0,0,0
2430,Point,68,84,569250,136050,299-W13-3,464.843836,2,299-W14-22,927.753491,0,0,0,0,0,0,0,0,0,0,0,0,0,0,0,0,0,0,0
2431,Point,68,85,569350,136050,299-W13-3,553.92219,2,299-W14-22,1027.515713,0,0,0,0,0,0,0,0,0,0,0,0,0,0,0,0,0,0,0
2432,Point,68,86,569450,136050,699-40-65,630.506856,3,299-W14-22,1127.32007,0,0,0,0,0,0,0,0,0,0,0,0,0,0,0,0,0,0,0
2433,Point,68,87,569550,136050,699-40-65,534.829782,2,299-W14-22,1227.156282,0,0,0,0,0,0,0,0,0,0,0,0,0,0,0,0,0,0,0
2434,Point,68,88,569650,136050,699-40-65,441.074706,2,299-W14-22,1327.017159,0,0,0,0,0,0,0,0,0,0,0,0,0,0,0,0,0,0,0
2435,Point,68,89,569750,136050,699-40-65,350.786111,1,299-W14-22,1426.897523,0,0,0,0,0,0,0,0,0,0,0,0,0,0,0,0,0,0,0
2436,Point,68,90,569850,136050,699-40-65,267.497469,1,299-W14-22,1526.793549,0,0,0,0,0,0,0,0,0,0,0,0,0,0,0,0,0,0,0
2437,Point,68,91,569950,136050,699-40-65,200.147186,1,299-W14-22,1626.702351,0,0,0,0,0,0,0,0,0,0,0,0,0,0,0,0,0,0,0
2438,Point,68,92,570050,136050,699-40-65,169.005609,0,299-W14-22,1726.621713,0,0,0,0,0,0,0,0,0,0,0,0,0,0,0,0,0,0,0
2439,Point,68,93,570150,136050,699-40-65,192.52765,0,299-W14-22,1826.549901,0,0,0,0,0,0,0,0,0,0,0,0,0,0,0,0,0,0,0
2440,Point,68,94,570250,136050,699-40-65,256.068147,1,299-W14-22,1926.485541,0,0,0,0,0,0,0,0,0,0,0,0,0,0,0,0,0,0,0
2441,Point,68,95,570350,136050,699-40-65,337.749754,1,299-W14-22,2026.427531,0,0,0,0,0,0,0,0,0,0,0,0,0,0,0,0,0,0,0
2442,Point,68,96,570450,136050,699-40-65,427.292518,2,299-W14-22,2126.374976,0,0,0,0,0,0,0,0,0,0,0,0,0,0,0,0,0,0,0
2443,Point,68,97,570550,136050,699-40-65,520.656217,2,299-W14-22,2226.327141,0,0,0,0,0,0,0,0,0,0,0,0,0,0,0,0,0,0,0
2444,Point,68,98,570650,136050,699-40-62,588.234038,2,299-W14-22,2326.283418,0,0,0,0,0,0,0,0,0,0,0,0,0,0,0,0,0,0,0
2445,Point,68,99,570750,136050,699-40-62,503.157315,2,299-W14-22,2426.243298,0,0,0,0,0,0,0,0,0,0,0,0,0,0,0,0,0,0,0
2446,Point,68,100,570850,136050,699-40-62,424.635472,2,299-W14-22,2526.206353,0,0,0,0,0,0,0,0,0,0,0,0,0,0,0,0,0,0,0
2447,Point,68,101,570950,136050,699-40-62,357.020005,1,299-W14-22,2626.172222,0,0,0,0,0,0,0,0,0,0,0,0,0,0,0,0,0,0,0
2448,Point,68,102,571050,136050,699-40-62,307.589473,1,299-W14-22,2726.140594,0,0,0,0,0,0,0,0,0,0,0,0,0,0,0,0,0,0,0
2449,Point,68,103,571150,136050,699-40-62,285.935804,1,299-W14-22,2826.111204,0,0,0,0,0,0,0,0,0,0,0,0,0,0,0,0,0,0,0
2450,Point,68,104,571250,136050,699-40-62,298.173245,1,299-W14-22,2926.083823,0,0,0,0,0,0,0,0,0,0,0,0,0,0,0,0,0,0,0
2451,Point,68,105,571350,136050,699-40-62,340.668877,1,299-W14-22,3026.058251,0,0,0,0,0,0,0,0,0,0,0,0,0,0,0,0,0,0,0
2452,Point,68,106,571450,136050,699-40-62,403.984262,2,299-W14-22,3126.034315,0,0,0,0,0,0,0,0,0,0,0,0,0,0,0,0,0,0,0
2453,Point,68,107,571550,136050,699-40-62,479.949251,2,299-W14-22,3226.011863,0,0,0,0,0,0,0,0,0,0,0,0,0,0,0,0,0,0,0
2454,Point,68,108,571650,136050,699-40-62,563.470748,2,299-W14-22,3325.990761,0,0,0,0,0,0,0,0,0,0,0,0,0,0,0,0,0,0,0
2455,Point,68,109,571750,136050,699-40-62,651.649664,3,299-W14-22,3425.97089,0,0,0,0,0,0,0,0,0,0,0,0,0,0,0,0,0,0,0
2456,Point,68,110,571850,136050,699-40-62,742.829243,3,299-W14-22,3525.952147,0,0,0,0,0,0,0,0,0,0,0,0,0,0,0,0,0,0,0
2457,Point,68,111,571950,136050,699-40-62,836.028279,4,299-W14-22,3625.934437,0,0,0,0,0,0,0,0,0,0,0,0,0,0,0,0,0,0,0
2458,Point,68,112,572050,136050,699-40-62,930.640255,4,299-W14-22,3725.917678,0,0,0,0,0,0,0,0,0,0,0,0,0,0,0,0,0,0,0
2459,Point,68,113,572150,136050,699-40-62,1026.274468,4,299-W14-22,3825.901794,0,0,0,0,0,0,0,0,0,0,0,0,0,0,0,0,0,0,0
2460,Point,69,32,564050,135950,299-W17-1,1555.541337,4,299-W15-225,2612.189267,0,0,0,0,0,0,0,0,0,0,0,0,0,0,0,0,0,0,0
2461,Point,69,33,564150,135950,299-W17-1,1475.66014,4,299-W15-225,2512.381891,0,0,0,0,0,0,0,0,0,0,0,0,0,0,0,0,0,0,0
2462,Point,69,34,564250,135950,299-W17-1,1398.369354,4,299-W15-225,2412.590468,0,0,0,0,0,0,0,0,0,0,0,0,0,0,0,0,0,0,0
2463,Point,69,35,564350,135950,299-W17-1,1324.122672,4,299-W15-225,2312.817063,0,0,0,0,0,0,0,0,0,0,0,0,0,0,0,0,0,0,0
2464,Point,69,36,564450,135950,299-W17-1,1253.461148,4,299-W15-225,2213.064113,0,0,0,0,0,0,0,0,0,0,0,0,0,0,0,0,0,0,0
2465,Point,69,37,564550,135950,299-W17-1,1187.02521,4,299-W15-225,2113.334514,0,0,0,0,0,0,0,0,0,0,0,0,0,0,0,0,0,0,0
2466,Point,69,38,564650,135950,299-W17-1,1125.563348,4,299-W15-225,2013.631736,0,0,0,0,0,0,0,0,0,0,0,0,0,0,0,0,0,0,0
2467,Point,69,39,564750,135950,299-W17-1,1069.933105,4,299-W15-225,1913.95997,0,0,0,0,0,0,0,0,0,0,0,0,0,0,0,0,0,0,0
2468,Point,69,40,564850,135950,299-W17-1,1021.088072,4,299-W15-225,1814.324328,0,0,0,0,0,0,0,0,0,0,0,0,0,0,0,0,0,0,0
2469,Point,69,41,564950,135950,299-W17-1,980.04329,4,299-W15-225,1714.731106,0,0,0,0,0,0,0,0,0,0,0,0,0,0,0,0,0,0,0
2470,Point,69,42,565050,135950,299-W17-1,947.812666,4,299-W15-225,1615.188152,0,0,0,0,0,0,0,0,0,0,0,0,0,0,0,0,0,0,0
2471,Point,69,43,565150,135950,299-W17-1,925.317702,4,299-W15-225,1515.70537,0,0,0,0,0,0,0,0,0,0,0,0,0,0,0,0,0,0,0
2472,Point,69,44,565250,135950,299-W15-15,861.973815,4,299-W15-225,1416.295438,0,0,0,0,0,0,0,0,0,0,0,0,0,0,0,0,0,0,0
2473,Point,69,45,565350,135950,299-W15-15,765.008403,3,299-W15-225,1316.974855,0,0,0,0,0,0,0,0,0,0,0,0,0,0,0,0,0,0,0
2474,Point,69,46,565450,135950,299-W15-15,668.93711,3,299-W15-225,1217.765481,0,0,0,0,0,0,0,0,0,0,0,0,0,0,0,0,0,0,0
2475,Point,69,47,565550,135950,299-W15-15,574.208897,2,299-W15-225,1118.696906,0,0,0,0,0,0,0,0,0,0,0,0,0,0,0,0,0,0,0
2476,Point,69,48,565650,135950,299-W15-15,481.616919,2,299-W15-225,1019.810162,0,0,0,0,0,0,0,0,0,0,0,0,0,0,0,0,0,0,0
2477,Point,69,49,565750,135950,299-W15-15,392.675257,1,299-W15-225,921.163811,0,0,0,0,0,0,0,0,0,0,0,0,0,0,0,0,0,0,0
2478,Point,69,50,565850,135950,299-W15-15,310.536402,1,299-W15-225,822.844315,0,0,0,0,0,0,0,0,0,0,0,0,0,0,0,0,0,0,0
2479,Point,69,51,565950,135950,299-W15-15,242.222743,1,299-W15-225,724.984667,0,0,0,0,0,0,0,0,0,0,0,0,0,0,0,0,0,0,0
2480,Point,69,52,566050,135950,299-W15-15,202.264325,1,299-W15-225,627.799942,0,0,0,0,0,0,0,0,0,0,0,0,0,0,0,0,0,0,0
2481,Point,69,53,566150,135950,299-W15-49,158.860656,0,299-W15-225,531.660387,0,0,0,0,0,0,0,0,0,0,0,0,0,0,0,0,0,0,0
2482,Point,69,54,566250,135950,299-W15-49,61.617433,0,299-W15-225,437.255952,0,0,0,0,0,0,0,0,0,0,0,0,0,0,0,0,0,0,0
2483,Point,69,55,566350,135950,299-W15-224,48.429521,0,299-W15-225,346.009779,0,0,0,0,0,0,0,0,0,0,0,0,0,0,0,0,0,0,0
2484,Point,69,56,566450,135950,299-W15-33,23.248021,0,299-W15-225,261.252306,1,0,0,0,0,0,0,0,0,0,0,0,0,0,0,0,0,0,0
2485,Point,69,57,566550,135950,299-W15-33,117.891775,0,299-W15-225,191.78834,2,0,0,0,0,0,0,0,0,0,0,0,0,0,0,0,0,0,0
2486,Point,69,58,566650,135950,299-W15-7,39.468105,0,299-W15-225,159.099866,2,0,0,0,0,0,0,0,0,0,0,0,0,0,0,0,0,0,0
2487,Point,69,59,566750,135950,299-W15-7,79.881984,0,299-W15-225,183.964038,2,0,0,0,0,0,0,0,0,0,0,0,0,0,0,0,0,0,0
2488,Point,69,60,566850,135950,299-W15-763,88.699938,0,299-W17-2,176.085927,2,0,0,0,0,0,0,0,0,0,0,0,0,0,0,0,0,0,0
2489,Point,69,61,566950,135950,299-W17-2,143.799352,0,299-W17-2,143.799352,2,0,0,0,0,0,0,0,0,0,0,0,0,0,0,0,0,0,0
2490,Point,69,62,567050,135950,299-W14-24,156.528025,0,299-W17-2,174.213242,2,0,0,0,0,0,0,0,0,0,0,0,0,0,0,0,0,0,0
2491,Point,69,63,567150,135950,299-W14-25,106.026597,0,299-W11-49,213.005466,1,0,0,0,0,0,0,0,0,0,0,0,0,0,0,0,0,0,0
2492,Point,69,64,567250,135950,299-W14-72,78.923203,0,299-W11-49,114.32991,2,0,0,0,0,0,0,0,0,0,0,0,0,0,0,0,0,0,0
2493,Point,69,65,567350,135950,299-W14-72,23.256655,0,299-W11-49,27.7728,4,0,0,0,0,0,0,0,0,0,0,0,0,0,0,0,0,0,0
2494,Point,69,66,567450,135950,299-W11-49,92.03982,0,299-W11-49,92.03982,3,0,0,0,0,0,0,0,0,0,0,0,0,0,0,0,0,0,0
2495,Point,69,67,567550,135950,299-W14-21,181.708312,0,299-W14-21,181.708312,2,0,0,0,0,0,0,0,0,0,0,0,0,0,0,0,0,0,0
2496,Point,69,68,567650,135950,299-W14-21,93.348329,0,299-W14-21,93.348329,3,0,0,0,0,0,0,0,0,0,0,0,0,0,0,0,0,0,0
2497,Point,69,69,567750,135950,299-W14-21,66.407157,0,299-W14-21,66.407157,3,0,0,0,0,0,0,0,0,0,0,0,0,0,0,0,0,0,0
2498,Point,69,70,567850,135950,299-W14-21,141.795312,0,299-W14-21,141.795312,2,0,0,0,0,0,0,0,0,0,0,0,0,0,0,0,0,0,0
2499,Point,69,71,567950,135950,299-W14-32,205.885829,1,299-W14-32,205.885829,1,0,0,0,0,0,0,0,0,0,0,0,0,0,0,0,0,0,0
2500,Point,69,72,568050,135950,299-W14-32,129.958358,0,299-W14-32,129.958358,2,0,0,0,0,0,0,0,0,0,0,0,0,0,0,0,0,0,0
2501,Point,69,73,568150,135950,299-W13-1,98.60805,0,299-W14-32,106.721013,2,0,0,0,0,0,0,0,0,0,0,0,0,0,0,0,0,0,0
2502,Point,69,74,568250,135950,299-W11-97,100.274787,0,299-W14-32,160.902376,2,0,0,0,0,0,0,0,0,0,0,0,0,0,0,0,0,0,0
2503,Point,69,75,568350,135950,299-W11-97,80.876653,0,299-W14-22,169.193795,2,0,0,0,0,0,0,0,0,0,0,0,0,0,0,0,0,0,0
2504,Point,69,76,568450,135950,299-W11-97,151.746608,0,299-W14-22,209.018038,1,0,0,0,0,0,0,0,0,0,0,0,0,0,0,0,0,0,0
2505,Point,69,77,568550,135950,299-W11-97,243.952932,1,299-W14-22,280.625267,1,0,0,0,0,0,0,0,0,0,0,0,0,0,0,0,0,0,0
2506,Point,69,78,568650,135950,299-W13-2P,224.617409,1,299-W14-22,365.803964,0,0,0,0,0,0,0,0,0,0,0,0,0,0,0,0,0,0,0
2507,Point,69,79,568750,135950,299-W13-2P,154.709342,0,299-W14-22,457.027942,0,0,0,0,0,0,0,0,0,0,0,0,0,0,0,0,0,0,0
2508,Point,69,80,568850,135950,299-W13-3,130.413926,0,299-W14-22,551.304399,0,0,0,0,0,0,0,0,0,0,0,0,0,0,0,0,0,0,0
2509,Point,69,81,568950,135950,299-W13-3,166.606699,0,299-W14-22,647.300966,0,0,0,0,0,0,0,0,0,0,0,0,0,0,0,0,0,0,0
2510,Point,69,82,569050,135950,299-W13-3,241.88384,1,299-W14-22,744.35243,0,0,0,0,0,0,0,0,0,0,0,0,0,0,0,0,0,0,0
2511,Point,69,83,569150,135950,299-W13-3,330.541665,1,299-W14-22,842.09414,0,0,0,0,0,0,0,0,0,0,0,0,0,0,0,0,0,0,0
2512,Point,69,84,569250,135950,299-W13-3,424.273252,2,299-W14-22,940.310874,0,0,0,0,0,0,0,0,0,0,0,0,0,0,0,0,0,0,0
2513,Point,69,85,569350,135950,299-W13-3,520.343917,2,299-W14-22,1038.867913,0,0,0,0,0,0,0,0,0,0,0,0,0,0,0,0,0,0,0
2514,Point,69,86,569450,135950,699-40-65,611.368053,3,299-W14-22,1137.676817,0,0,0,0,0,0,0,0,0,0,0,0,0,0,0,0,0,0,0
2515,Point,69,87,569550,135950,699-40-65,512.127812,2,299-W14-22,1236.677217,0,0,0,0,0,0,0,0,0,0,0,0,0,0,0,0,0,0,0
2516,Point,69,88,569650,135950,699-40-65,413.254033,2,299-W14-22,1335.826538,0,0,0,0,0,0,0,0,0,0,0,0,0,0,0,0,0,0,0
2517,Point,69,89,569750,135950,699-40-65,315.091885,1,299-W14-22,1435.093913,0,0,0,0,0,0,0,0,0,0,0,0,0,0,0,0,0,0,0
2518,Point,69,90,569850,135950,699-40-65,218.602141,1,299-W14-22,1534.456432,0,0,0,0,0,0,0,0,0,0,0,0,0,0,0,0,0,0,0
2519,Point,69,91,569950,135950,699-40-65,127.635794,0,299-W14-22,1633.896735,0,0,0,0,0,0,0,0,0,0,0,0,0,0,0,0,0,0,0
2520,Point,69,92,570050,135950,699-40-65,69.245188,0,299-W14-22,1733.401437,0,0,0,0,0,0,0,0,0,0,0,0,0,0,0,0,0,0,0
2521,Point,69,93,570150,135950,699-40-65,115.320839,0,299-W14-22,1832.960049,0,0,0,0,0,0,0,0,0,0,0,0,0,0,0,0,0,0,0
2522,Point,69,94,570250,135950,699-40-65,204.457565,1,299-W14-22,1932.56424,0,0,0,0,0,0,0,0,0,0,0,0,0,0,0,0,0,0,0
2523,Point,69,95,570350,135950,699-40-65,300.511058,1,299-W14-22,2032.207307,0,0,0,0,0,0,0,0,0,0,0,0,0,0,0,0,0,0,0
2524,Point,69,96,570450,135950,699-40-65,398.510848,1,299-W14-22,2131.883801,0,0,0,0,0,0,0,0,0,0,0,0,0,0,0,0,0,0,0
2525,Point,69,97,570550,135950,699-40-65,497.307647,2,299-W14-22,2231.589241,0,0,0,0,0,0,0,0,0,0,0,0,0,0,0,0,0,0,0
2526,Point,69,98,570650,135950,699-40-62,546.720481,2,299-W14-22,2331.319914,0,0,0,0,0,0,0,0,0,0,0,0,0,0,0,0,0,0,0
2527,Point,69,99,570750,135950,699-40-62,453.928721,2,299-W14-22,2431.072714,0,0,0,0,0,0,0,0,0,0,0,0,0,0,0,0,0,0,0
2528,Point,69,100,570850,135950,699-40-62,364.964771,1,299-W14-22,2530.845025,0,0,0,0,0,0,0,0,0,0,0,0,0,0,0,0,0,0,0
2529,Point,69,101,570950,135950,699-40-62,283.455965,1,299-W14-22,2630.634627,0,0,0,0,0,0,0,0,0,0,0,0,0,0,0,0,0,0,0
2530,Point,69,102,571050,135950,699-40-62,217.934128,1,299-W14-22,2730.439624,0,0,0,0,0,0,0,0,0,0,0,0,0,0,0,0,0,0,0
2531,Point,69,103,571150,135950,699-40-62,186.127064,0,299-W14-22,2830.258388,0,0,0,0,0,0,0,0,0,0,0,0,0,0,0,0,0,0,0
2532,Point,69,104,571250,135950,699-40-62,204.429166,1,299-W14-22,2930.089511,0,0,0,0,0,0,0,0,0,0,0,0,0,0,0,0,0,0,0
2533,Point,69,105,571350,135950,699-40-62,262.562914,1,299-W14-22,3029.931772,0,0,0,0,0,0,0,0,0,0,0,0,0,0,0,0,0,0,0
2534,Point,69,106,571450,135950,699-40-62,340.715841,1,299-W14-22,3129.784104,0,0,0,0,0,0,0,0,0,0,0,0,0,0,0,0,0,0,0
2535,Point,69,107,571550,135950,699-40-62,428.059907,2,299-W14-22,3229.645575,0,0,0,0,0,0,0,0,0,0,0,0,0,0,0,0,0,0,0
2536,Point,69,108,571650,135950,699-40-62,519.983927,2,299-W14-22,3329.515361,0,0,0,0,0,0,0,0,0,0,0,0,0,0,0,0,0,0,0
2537,Point,69,109,571750,135950,699-40-62,614.435744,3,299-W14-22,3429.392736,0,0,0,0,0,0,0,0,0,0,0,0,0,0,0,0,0,0,0
2538,Point,69,110,571850,135950,699-40-62,710.407829,3,299-W14-22,3529.277056,0,0,0,0,0,0,0,0,0,0,0,0,0,0,0,0,0,0,0
2539,Point,69,111,571950,135950,699-40-62,807.358213,4,299-W14-22,3629.167748,0,0,0,0,0,0,0,0,0,0,0,0,0,0,0,0,0,0,0
2540,Point,69,112,572050,135950,699-40-62,904.972532,4,299-W14-22,3729.064298,0,0,0,0,0,0,0,0,0,0,0,0,0,0,0,0,0,0,0
2541,Point,69,113,572150,135950,699-40-62,1003.056969,4,299-W14-22,3828.96625,0,0,0,0,0,0,0,0,0,0,0,0,0,0,0,0,0,0,0
2542,Point,70,32,564050,135850,299-W17-1,1499.152044,4,299-W15-225,2620.175331,0,0,0,0,0,0,0,0,0,0,0,0,0,0,0,0,0,0,0
2543,Point,70,33,564150,135850,299-W17-1,1416.093517,4,299-W15-225,2520.684186,0,0,0,0,0,0,0,0,0,0,0,0,0,0,0,0,0,0,0
2544,Point,70,34,564250,135850,299-W17-1,1335.359446,4,299-W15-225,2421.234967,0,0,0,0,0,0,0,0,0,0,0,0,0,0,0,0,0,0,0
2545,Point,70,35,564350,135850,299-W17-1,1257.39765,4,299-W15-225,2321.833062,0,0,0,0,0,0,0,0,0,0,0,0,0,0,0,0,0,0,0
2546,Point,70,36,564450,135850,299-W17-1,1182.756463,4,299-W15-225,2222.484818,0,0,0,0,0,0,0,0,0,0,0,0,0,0,0,0,0,0,0
2547,Point,70,37,564550,135850,299-W17-1,1112.104694,4,299-W15-225,2123.197769,0,0,0,0,0,0,0,0,0,0,0,0,0,0,0,0,0,0,0
2548,Point,70,38,564650,135850,299-W17-1,1046.250854,4,299-W15-225,2023.980921,0,0,0,0,0,0,0,0,0,0,0,0,0,0,0,0,0,0,0
2549,Point,70,39,564750,135850,299-W17-1,986.156605,4,299-W15-225,1924.845128,0,0,0,0,0,0,0,0,0,0,0,0,0,0,0,0,0,0,0
2550,Point,70,40,564850,135850,299-W17-1,932.935609,4,299-W15-225,1825.803595,0,0,0,0,0,0,0,0,0,0,0,0,0,0,0,0,0,0,0
2551,Point,70,41,564950,135850,299-W17-1,887.824786,4,299-W15-225,1726.872539,0,0,0,0,0,0,0,0,0,0,0,0,0,0,0,0,0,0,0
2552,Point,70,42,565050,135850,299-W17-1,852.113167,4,299-W15-225,1628.072101,0,0,0,0,0,0,0,0,0,0,0,0,0,0,0,0,0,0,0
2553,Point,70,43,565150,135850,299-W17-1,827.019256,4,299-W15-225,1529.427595,0,0,0,0,0,0,0,0,0,0,0,0,0,0,0,0,0,0,0
2554,Point,70,44,565250,135850,299-W17-1,813.526183,4,299-W15-225,1430.971267,0,0,0,0,0,0,0,0,0,0,0,0,0,0,0,0,0,0,0
2555,Point,70,45,565350,135850,299-W15-15,745.343181,3,299-W15-225,1332.744825,0,0,0,0,0,0,0,0,0,0,0,0,0,0,0,0,0,0,0
2556,Point,70,46,565450,135850,299-W15-15,646.355519,3,299-W15-225,1234.803129,0,0,0,0,0,0,0,0,0,0,0,0,0,0,0,0,0,0,0
2557,Point,70,47,565550,135850,299-W15-15,547.735755,2,299-W15-225,1137.219753,0,0,0,0,0,0,0,0,0,0,0,0,0,0,0,0,0,0,0
2558,Point,70,48,565650,135850,299-W15-15,449.72598,2,299-W15-225,1040.095557,0,0,0,0,0,0,0,0,0,0,0,0,0,0,0,0,0,0,0
2559,Point,70,49,565750,135850,299-W15-15,352.834886,1,299-W15-225,943.572343,0,0,0,0,0,0,0,0,0,0,0,0,0,0,0,0,0,0,0
2560,Point,70,50,565850,135850,299-W15-15,258.324325,1,299-W15-225,847.855393,0,0,0,0,0,0,0,0,0,0,0,0,0,0,0,0,0,0,0
2561,Point,70,51,565950,135850,299-W15-15,170.207101,0,299-W15-225,753.252127,0,0,0,0,0,0,0,0,0,0,0,0,0,0,0,0,0,0,0
2562,Point,70,52,566050,135850,299-W15-15,105.874723,0,299-W15-225,660.241446,0,0,0,0,0,0,0,0,0,0,0,0,0,0,0,0,0,0,0
2563,Point,70,53,566150,135850,299-W15-15,115.967483,0,299-W15-225,569.604044,0,0,0,0,0,0,0,0,0,0,0,0,0,0,0,0,0,0,0
2564,Point,70,54,566250,135850,299-W15-83,59.472414,0,299-W15-225,482.678741,0,0,0,0,0,0,0,0,0,0,0,0,0,0,0,0,0,0,0
2565,Point,70,55,566350,135850,299-W15-83,51.312455,0,299-W15-225,401.881534,0,0,0,0,0,0,0,0,0,0,0,0,0,0,0,0,0,0,0
2566,Point,70,56,566450,135850,299-W15-33,117.287981,0,299-W15-225,331.720918,0,0,0,0,0,0,0,0,0,0,0,0,0,0,0,0,0,0,0
2567,Point,70,57,566550,135850,299-W15-7,144.135809,0,299-W15-225,280.301208,1,0,0,0,0,0,0,0,0,0,0,0,0,0,0,0,0,0,0
2568,Point,70,58,566650,135850,299-W15-7,74.823334,0,299-W15-225,259.034298,1,0,0,0,0,0,0,0,0,0,0,0,0,0,0,0,0,0,0
2569,Point,70,59,566750,135850,299-W15-50,73.510267,0,299-W17-2,206.340141,1,0,0,0,0,0,0,0,0,0,0,0,0,0,0,0,0,0,0
2570,Point,70,60,566850,135850,299-W15-50,81.91312,0,299-W17-2,110.671829,2,0,0,0,0,0,0,0,0,0,0,0,0,0,0,0,0,0,0
2571,Point,70,61,566950,135850,299-W17-2,43.820699,0,299-W17-2,43.820699,4,0,0,0,0,0,0,0,0,0,0,0,0,0,0,0,0,0,0
2572,Point,70,62,567050,135850,299-W17-2,107.667329,0,299-W17-2,107.667329,2,0,0,0,0,0,0,0,0,0,0,0,0,0,0,0,0,0,0
2573,Point,70,63,567150,135850,299-W14-24,15.133493,0,299-W17-2,203.136047,1,0,0,0,0,0,0,0,0,0,0,0,0,0,0,0,0,0,0
2574,Point,70,64,567250,135850,299-W14-25,81.06318,0,299-W11-49,134.221192,2,0,0,0,0,0,0,0,0,0,0,0,0,0,0,0,0,0,0
2575,Point,70,65,567350,135850,299-W11-49,75.599791,0,299-W11-49,75.599791,3,0,0,0,0,0,0,0,0,0,0,0,0,0,0,0,0,0,0
2576,Point,70,66,567450,135850,299-W11-49,115.824559,0,299-W11-49,115.824559,2,0,0,0,0,0,0,0,0,0,0,0,0,0,0,0,0,0,0
2577,Point,70,67,567550,135850,299-W14-21,176.124702,0,299-W14-21,176.124702,2,0,0,0,0,0,0,0,0,0,0,0,0,0,0,0,0,0,0
2578,Point,70,68,567650,135850,299-W14-21,81.950659,0,299-W14-21,81.950659,3,0,0,0,0,0,0,0,0,0,0,0,0,0,0,0,0,0,0
2579,Point,70,69,567750,135850,299-W14-21,49.111205,0,299-W14-21,49.111205,4,0,0,0,0,0,0,0,0,0,0,0,0,0,0,0,0,0,0
2580,Point,70,70,567850,135850,299-W14-21,134.565636,0,299-W14-21,134.565636,2,0,0,0,0,0,0,0,0,0,0,0,0,0,0,0,0,0,0
2581,Point,70,71,567950,135850,299-W14-33,213.462108,1,299-W13-5,217.638012,1,0,0,0,0,0,0,0,0,0,0,0,0,0,0,0,0,0,0
2582,Point,70,72,568050,135850,299-W13-5,159.022968,0,299-W13-5,159.022968,2,0,0,0,0,0,0,0,0,0,0,0,0,0,0,0,0,0,0
2583,Point,70,73,568150,135850,299-W13-5,152.349284,0,299-W13-5,152.349284,2,0,0,0,0,0,0,0,0,0,0,0,0,0,0,0,0,0,0
2584,Point,70,74,568250,135850,299-W11-97,72.367348,0,299-W13-5,202.811006,1,0,0,0,0,0,0,0,0,0,0,0,0,0,0,0,0,0,0
2585,Point,70,75,568350,135850,299-W11-97,41.509433,0,299-W14-22,268.485642,1,0,0,0,0,0,0,0,0,0,0,0,0,0,0,0,0,0,0
2586,Point,70,76,568450,135850,299-W11-97,134.94085,0,299-W14-22,295.205928,1,0,0,0,0,0,0,0,0,0,0,0,0,0,0,0,0,0,0
2587,Point,70,77,568550,135850,299-W11-97,233.869692,1,299-W14-22,349.583381,0,0,0,0,0,0,0,0,0,0,0,0,0,0,0,0,0,0,0
2588,Point,70,78,568650,135850,299-W13-2P,185.17284,0,299-W14-22,421.035082,0,0,0,0,0,0,0,0,0,0,0,0,0,0,0,0,0,0,0
2589,Point,70,79,568750,135850,299-W13-2P,88.153165,0,299-W14-22,502.327125,0,0,0,0,0,0,0,0,0,0,0,0,0,0,0,0,0,0,0
2590,Point,70,80,568850,135850,299-W13-3,30.590719,0,299-W14-22,589.40185,0,0,0,0,0,0,0,0,0,0,0,0,0,0,0,0,0,0,0
2591,Point,70,81,568950,135850,299-W13-3,108.100842,0,299-W14-22,680.041572,0,0,0,0,0,0,0,0,0,0,0,0,0,0,0,0,0,0,0
2592,Point,70,82,569050,135850,299-W13-3,205.999495,1,299-W14-22,772.993234,0,0,0,0,0,0,0,0,0,0,0,0,0,0,0,0,0,0,0
2593,Point,70,83,569150,135850,299-W13-3,305.26348,1,299-W14-22,867.514,0,0,0,0,0,0,0,0,0,0,0,0,0,0,0,0,0,0,0
2594,Point,70,84,569250,135850,299-W13-3,404.889852,2,299-W14-22,963.142015,0,0,0,0,0,0,0,0,0,0,0,0,0,0,0,0,0,0,0
2595,Point,70,85,569350,135850,299-W13-3,504.664039,2,299-W14-22,1059.577529,0,0,0,0,0,0,0,0,0,0,0,0,0,0,0,0,0,0,0
2596,Point,70,86,569450,135850,299-W13-3,604.512855,3,299-W14-22,1156.61858,0,0,0,0,0,0,0,0,0,0,0,0,0,0,0,0,0,0,0
2597,Point,70,87,569550,135850,699-40-65,508.435734,2,299-W14-22,1254.124611,0,0,0,0,0,0,0,0,0,0,0,0,0,0,0,0,0,0,0
2598,Point,70,88,569650,135850,699-40-65,408.669666,2,299-W14-22,1351.995022,0,0,0,0,0,0,0,0,0,0,0,0,0,0,0,0,0,0,0
2599,Point,70,89,569750,135850,699-40-65,309.054843,1,299-W14-22,1450.15604,0,0,0,0,0,0,0,0,0,0,0,0,0,0,0,0,0,0,0
2600,Point,70,90,569850,135850,699-40-65,209.806806,1,299-W14-22,1548.552402,0,0,0,0,0,0,0,0,0,0,0,0,0,0,0,0,0,0,0
2601,Point,70,91,569950,135850,699-40-65,111.905746,0,299-W14-22,1647.141931,0,0,0,0,0,0,0,0,0,0,0,0,0,0,0,0,0,0,0
2602,Point,70,92,570050,135850,699-40-65,32.045218,0,299-W14-22,1745.891904,0,0,0,0,0,0,0,0,0,0,0,0,0,0,0,0,0,0,0
2603,Point,70,93,570150,135850,699-40-65,97.626308,0,299-W14-22,1844.776556,0,0,0,0,0,0,0,0,0,0,0,0,0,0,0,0,0,0,0
2604,Point,70,94,570250,135850,699-40-65,195.025373,0,299-W14-22,1943.775332,0,0,0,0,0,0,0,0,0,0,0,0,0,0,0,0,0,0,0
2605,Point,70,95,570350,135850,699-40-65,294.174941,1,299-W14-22,2042.871641,0,0,0,0,0,0,0,0,0,0,0,0,0,0,0,0,0,0,0
2606,Point,70,96,570450,135850,699-40-65,393.754868,1,299-W14-22,2142.051946,0,0,0,0,0,0,0,0,0,0,0,0,0,0,0,0,0,0,0
2607,Point,70,97,570550,135850,699-40-65,493.504707,2,299-W14-22,2241.305098,0,0,0,0,0,0,0,0,0,0,0,0,0,0,0,0,0,0,0
2608,Point,70,98,570650,135850,699-40-62,521.33222,2,299-W14-22,2340.621828,0,0,0,0,0,0,0,0,0,0,0,0,0,0,0,0,0,0,0
2609,Point,70,99,570750,135850,699-40-62,423.007428,2,299-W14-22,2439.994373,0,0,0,0,0,0,0,0,0,0,0,0,0,0,0,0,0,0,0
2610,Point,70,100,570850,135850,699-40-62,325.704289,1,299-W14-22,2539.416181,0,0,0,0,0,0,0,0,0,0,0,0,0,0,0,0,0,0,0
2611,Point,70,101,570950,135850,699-40-62,230.719059,1,299-W14-22,2638.881684,0,0,0,0,0,0,0,0,0,0,0,0,0,0,0,0,0,0,0
2612,Point,70,102,571050,135850,699-40-62,142.75603,0,299-W14-22,2738.38612,0,0,0,0,0,0,0,0,0,0,0,0,0,0,0,0,0,0,0
2613,Point,70,103,571150,135850,699-40-62,86.759922,0,299-W14-22,2837.925394,0,0,0,0,0,0,0,0,0,0,0,0,0,0,0,0,0,0,0
2614,Point,70,104,571250,135850,699-40-62,121.141587,0,299-W14-22,2937.495964,0,0,0,0,0,0,0,0,0,0,0,0,0,0,0,0,0,0,0
2615,Point,70,105,571350,135850,699-40-62,204.507418,1,299-W14-22,3037.094753,0,0,0,0,0,0,0,0,0,0,0,0,0,0,0,0,0,0,0
2616,Point,70,106,571450,135850,699-40-62,298.280546,1,299-W14-22,3136.719073,0,0,0,0,0,0,0,0,0,0,0,0,0,0,0,0,0,0,0
2617,Point,70,107,571550,135850,699-40-62,395.119329,1,299-W14-22,3236.366565,0,0,0,0,0,0,0,0,0,0,0,0,0,0,0,0,0,0,0
2618,Point,70,108,571650,135850,699-40-62,493.221334,2,299-W14-22,3336.035153,0,0,0,0,0,0,0,0,0,0,0,0,0,0,0,0,0,0,0
2619,Point,70,109,571750,135850,699-40-62,591.958853,2,299-W14-22,3435.723001,0,0,0,0,0,0,0,0,0,0,0,0,0,0,0,0,0,0,0
2620,Point,70,110,571850,135850,699-40-62,691.059537,3,299-W14-22,3535.42848,0,0,0,0,0,0,0,0,0,0,0,0,0,0,0,0,0,0,0
2621,Point,70,111,571950,135850,699-40-62,790.386794,3,299-W14-22,3635.15014,0,0,0,0,0,0,0,0,0,0,0,0,0,0,0,0,0,0,0
2622,Point,70,112,572050,135850,699-40-62,889.864756,4,299-W14-22,3734.886684,0,0,0,0,0,0,0,0,0,0,0,0,0,0,0,0,0,0,0
2623,Point,70,113,572150,135850,699-40-62,989.447969,4,299-W14-22,3834.63695,0,0,0,0,0,0,0,0,0,0,0,0,0,0,0,0,0,0,0
2624,Point,71,32,564050,135750,299-W17-1,1447.482245,4,299-W15-225,2631.939355,0,0,0,0,0,0,0,0,0,0,0,0,0,0,0,0,0,0,0
2625,Point,71,33,564150,135750,299-W17-1,1361.274715,4,299-W15-225,2532.910335,0,0,0,0,0,0,0,0,0,0,0,0,0,0,0,0,0,0,0
2626,Point,71,34,564250,135750,299-W17-1,1277.079813,4,299-W15-225,2433.960716,0,0,0,0,0,0,0,0,0,0,0,0,0,0,0,0,0,0,0
2627,Point,71,35,564350,135750,299-W17-1,1195.322906,4,299-W15-225,2335.10059,0,0,0,0,0,0,0,0,0,0,0,0,0,0,0,0,0,0,0
2628,Point,71,36,564450,135750,299-W17-1,1116.539677,4,299-W15-225,2236.341827,0,0,0,0,0,0,0,0,0,0,0,0,0,0,0,0,0,0,0
2629,Point,71,37,564550,135750,299-W17-1,1041.405229,4,299-W15-225,2137.698474,0,0,0,0,0,0,0,0,0,0,0,0,0,0,0,0,0,0,0
2630,Point,71,38,564650,135750,299-W17-1,970.767145,4,299-W15-225,2039.187281,0,0,0,0,0,0,0,0,0,0,0,0,0,0,0,0,0,0,0
2631,Point,71,39,564750,135750,299-W17-1,905.678116,4,299-W15-225,1940.828371,0,0,0,0,0,0,0,0,0,0,0,0,0,0,0,0,0,0,0
2632,Point,71,40,564850,135750,299-W17-1,847.417754,4,299-W15-225,1842.646132,0,0,0,0,0,0,0,0,0,0,0,0,0,0,0,0,0,0,0
2633,Point,71,41,564950,135750,299-W17-1,797.484075,3,299-W15-225,1744.670389,0,0,0,0,0,0,0,0,0,0,0,0,0,0,0,0,0,0,0
2634,Point,71,42,565050,135750,299-W17-1,757.525478,3,299-W15-225,1646.937997,0,0,0,0,0,0,0,0,0,0,0,0,0,0,0,0,0,0,0
2635,Point,71,43,565150,135750,299-W17-1,729.183687,3,299-W15-225,1549.495004,0,0,0,0,0,0,0,0,0,0,0,0,0,0,0,0,0,0,0
2636,Point,71,44,565250,135750,299-W17-1,713.843715,3,299-W15-225,1452.399658,0,0,0,0,0,0,0,0,0,0,0,0,0,0,0,0,0,0,0
2637,Point,71,45,565350,135750,299-W17-1,712.346018,3,299-W15-225,1355.726657,0,0,0,0,0,0,0,0,0,0,0,0,0,0,0,0,0,0,0
2638,Point,71,46,565450,135750,299-W15-15,638.806745,3,299-W15-225,1259.573248,0,0,0,0,0,0,0,0,0,0,0,0,0,0,0,0,0,0,0
2639,Point,71,47,565550,135750,299-W15-15,538.807069,2,299-W15-225,1164.068197,0,0,0,0,0,0,0,0,0,0,0,0,0,0,0,0,0,0,0
2640,Point,71,48,565650,135750,299-W15-15,438.80754,2,299-W15-225,1069.385229,0,0,0,0,0,0,0,0,0,0,0,0,0,0,0,0,0,0,0
2641,Point,71,49,565750,135750,299-W15-15,338.80829,1,299-W15-225,975.763684,0,0,0,0,0,0,0,0,0,0,0,0,0,0,0,0,0,0,0
2642,Point,71,50,565850,135750,299-W15-15,238.809667,1,299-W15-225,883.541039,0,0,0,0,0,0,0,0,0,0,0,0,0,0,0,0,0,0,0
2643,Point,71,51,565950,135750,299-W15-15,138.813029,0,299-W15-225,793.205375,0,0,0,0,0,0,0,0,0,0,0,0,0,0,0,0,0,0,0
2644,Point,71,52,566050,135750,299-W15-15,38.833711,0,299-W15-225,705.48194,0,0,0,0,0,0,0,0,0,0,0,0,0,0,0,0,0,0,0
2645,Point,71,53,566150,135750,299-W15-15,61.21321,0,299-W15-225,621.47789,0,0,0,0,0,0,0,0,0,0,0,0,0,0,0,0,0,0,0
2646,Point,71,54,566250,135750,299-W15-30,54.627363,0,299-W15-225,542.922432,0,0,0,0,0,0,0,0,0,0,0,0,0,0,0,0,0,0,0
2647,Point,71,55,566350,135750,299-W15-30,45.395471,0,299-W15-225,472.540757,0,0,0,0,0,0,0,0,0,0,0,0,0,0,0,0,0,0,0
2648,Point,71,56,566450,135750,299-W15-30,145.386893,0,299-W15-225,414.517512,0,0,0,0,0,0,0,0,0,0,0,0,0,0,0,0,0,0,0
2649,Point,71,57,566550,135750,299-W15-7,211.697736,1,299-W15-225,374.639517,0,0,0,0,0,0,0,0,0,0,0,0,0,0,0,0,0,0,0
2650,Point,71,58,566650,135750,299-W15-50,149.136713,0,299-W17-2,306.832615,0,0,0,0,0,0,0,0,0,0,0,0,0,0,0,0,0,0,0
2651,Point,71,59,566750,135750,299-W15-50,59.56307,0,299-W17-2,209.328101,1,0,0,0,0,0,0,0,0,0,0,0,0,0,0,0,0,0,0
2652,Point,71,60,566850,135750,299-W15-50,69.668926,0,299-W17-2,116.147551,2,0,0,0,0,0,0,0,0,0,0,0,0,0,0,0,0,0,0
2653,Point,71,61,566950,135750,299-W17-2,56.233919,0,299-W17-2,56.233919,3,0,0,0,0,0,0,0,0,0,0,0,0,0,0,0,0,0,0
2654,Point,71,62,567050,135750,299-W17-2,113.288365,0,299-W17-2,113.288365,2,0,0,0,0,0,0,0,0,0,0,0,0,0,0,0,0,0,0
2655,Point,71,63,567150,135750,299-W14-24,90.702936,0,299-W17-2,206.170448,1,0,0,0,0,0,0,0,0,0,0,0,0,0,0,0,0,0,0
2656,Point,71,64,567250,135750,299-W14-25,125.343684,0,299-W11-49,207.266322,1,0,0,0,0,0,0,0,0,0,0,0,0,0,0,0,0,0,0
2657,Point,71,65,567350,135750,299-W11-49,175.098054,0,299-W11-49,175.098054,2,0,0,0,0,0,0,0,0,0,0,0,0,0,0,0,0,0,0
2658,Point,71,66,567450,135750,299-W11-49,195.855376,0,299-W11-49,195.855376,2,0,0,0,0,0,0,0,0,0,0,0,0,0,0,0,0,0,0
2659,Point,71,67,567550,135750,299-W14-21,221.408921,1,299-W14-21,221.408921,1,0,0,0,0,0,0,0,0,0,0,0,0,0,0,0,0,0,0
2660,Point,71,68,567650,135750,299-W14-21,157.219307,0,299-W14-21,157.219307,2,0,0,0,0,0,0,0,0,0,0,0,0,0,0,0,0,0,0
2661,Point,71,69,567750,135750,299-W14-21,142.877257,0,299-W14-21,142.877257,2,0,0,0,0,0,0,0,0,0,0,0,0,0,0,0,0,0,0
2662,Point,71,70,567850,135750,299-W14-21,190.026078,0,299-W14-21,190.026078,2,0,0,0,0,0,0,0,0,0,0,0,0,0,0,0,0,0,0
2663,Point,71,71,567950,135750,299-W14-33,159.549589,0,299-W13-5,167.165499,2,0,0,0,0,0,0,0,0,0,0,0,0,0,0,0,0,0,0
2664,Point,71,72,568050,135750,299-W14-33,72.04215,0,299-W13-5,76.591802,3,0,0,0,0,0,0,0,0,0,0,0,0,0,0,0,0,0,0
2665,Point,71,73,568150,135750,299-W13-5,61.549201,0,299-W13-5,61.549201,3,0,0,0,0,0,0,0,0,0,0,0,0,0,0,0,0,0,0
2666,Point,71,74,568250,135750,299-W11-97,142.895182,0,299-W13-5,147.344169,2,0,0,0,0,0,0,0,0,0,0,0,0,0,0,0,0,0,0
2667,Point,71,75,568350,135750,299-W11-97,130.019356,0,299-W13-5,244.197265,1,0,0,0,0,0,0,0,0,0,0,0,0,0,0,0,0,0,0
2668,Point,71,76,568450,135750,299-W11-97,182.732135,0,299-W13-5,342.861932,0,0,0,0,0,0,0,0,0,0,0,0,0,0,0,0,0,0,0
2669,Point,71,77,568550,135750,299-W11-97,264.342643,1,299-W14-22,430.890404,0,0,0,0,0,0,0,0,0,0,0,0,0,0,0,0,0,0,0
2670,Point,71,78,568650,135750,299-W13-2P,195.256192,0,299-W14-22,490.640948,0,0,0,0,0,0,0,0,0,0,0,0,0,0,0,0,0,0,0
2671,Point,71,79,568750,135750,299-W13-2P,107.735697,0,299-W14-22,561.952436,0,0,0,0,0,0,0,0,0,0,0,0,0,0,0,0,0,0,0
2672,Point,71,80,568850,135750,299-W13-3,69.740893,0,299-W14-22,640.9778,0,0,0,0,0,0,0,0,0,0,0,0,0,0,0,0,0,0,0
2673,Point,71,81,568950,135750,299-W13-3,124.95516,0,299-W14-22,725.199655,0,0,0,0,0,0,0,0,0,0,0,0,0,0,0,0,0,0,0
2674,Point,71,82,569050,135750,299-W13-3,215.32253,1,299-W14-22,813.004637,0,0,0,0,0,0,0,0,0,0,0,0,0,0,0,0,0,0,0
2675,Point,71,83,569150,135750,299-W13-3,311.630859,1,299-W14-22,903.348515,0,0,0,0,0,0,0,0,0,0,0,0,0,0,0,0,0,0,0
2676,Point,71,84,569250,135750,299-W13-3,409.71184,2,299-W14-22,995.540326,0,0,0,0,0,0,0,0,0,0,0,0,0,0,0,0,0,0,0
2677,Point,71,85,569350,135750,699-39-68,498.115732,2,299-W14-22,1089.110894,0,0,0,0,0,0,0,0,0,0,0,0,0,0,0,0,0,0,0
2678,Point,71,86,569450,135750,699-39-68,559.052129,2,299-W14-22,1183.733306,0,0,0,0,0,0,0,0,0,0,0,0,0,0,0,0,0,0,0
2679,Point,71,87,569550,135750,699-40-65,524.155412,2,299-W14-22,1279.174163,0,0,0,0,0,0,0,0,0,0,0,0,0,0,0,0,0,0,0
2680,Point,71,88,569650,135750,699-40-65,428.068798,2,299-W14-22,1375.26308,0,0,0,0,0,0,0,0,0,0,0,0,0,0,0,0,0,0,0
2681,Point,71,89,569750,135750,699-40-65,334.28565,1,299-W14-22,1471.87314,0,0,0,0,0,0,0,0,0,0,0,0,0,0,0,0,0,0,0
2682,Point,71,90,569850,135750,699-40-65,245.460579,1,299-W14-22,1568.908073,0,0,0,0,0,0,0,0,0,0,0,0,0,0,0,0,0,0,0
2683,Point,71,91,569950,135750,699-40-65,169.572686,0,299-W14-22,1666.293654,0,0,0,0,0,0,0,0,0,0,0,0,0,0,0,0,0,0,0
2684,Point,71,92,570050,135750,699-40-65,131.373117,0,299-W14-22,1763.971808,0,0,0,0,0,0,0,0,0,0,0,0,0,0,0,0,0,0,0
2685,Point,71,93,570150,135750,699-40-65,160.508243,0,299-W14-22,1861.89649,0,0,0,0,0,0,0,0,0,0,0,0,0,0,0,0,0,0,0
2686,Point,71,94,570250,135750,699-40-65,232.952562,1,299-W14-22,1960.03075,0,0,0,0,0,0,0,0,0,0,0,0,0,0,0,0,0,0,0
2687,Point,71,95,570350,135750,699-40-65,320.579001,1,299-W14-22,2058.344612,0,0,0,0,0,0,0,0,0,0,0,0,0,0,0,0,0,0,0
2688,Point,71,96,570450,135750,699-40-65,413.853713,2,299-W14-22,2156.813515,0,0,0,0,0,0,0,0,0,0,0,0,0,0,0,0,0,0,0
2689,Point,71,97,570550,135750,699-40-65,509.685095,2,299-W14-22,2255.417154,0,0,0,0,0,0,0,0,0,0,0,0,0,0,0,0,0,0,0
2690,Point,71,98,570650,135750,699-40-62,514.462131,2,299-W14-22,2354.138598,0,0,0,0,0,0,0,0,0,0,0,0,0,0,0,0,0,0,0
2691,Point,71,99,570750,135750,699-40-62,414.510897,2,299-W14-22,2452.963624,0,0,0,0,0,0,0,0,0,0,0,0,0,0,0,0,0,0,0
2692,Point,71,100,570850,135750,699-40-62,314.590661,1,299-W14-22,2551.880197,0,0,0,0,0,0,0,0,0,0,0,0,0,0,0,0,0,0,0
2693,Point,71,101,570950,135750,699-40-62,214.744695,1,299-W14-22,2650.87807,0,0,0,0,0,0,0,0,0,0,0,0,0,0,0,0,0,0,0
2694,Point,71,102,571050,135750,699-40-62,115.166332,0,299-W14-22,2749.948461,0,0,0,0,0,0,0,0,0,0,0,0,0,0,0,0,0,0,0
2695,Point,71,103,571150,135750,699-40-62,20.280138,0,299-W14-22,2849.083807,0,0,0,0,0,0,0,0,0,0,0,0,0,0,0,0,0,0,0
2696,Point,71,104,571250,135750,699-40-62,86.944143,0,299-W14-22,2948.277555,0,0,0,0,0,0,0,0,0,0,0,0,0,0,0,0,0,0,0
2697,Point,71,105,571350,135750,699-40-62,186.29891,0,299-W14-22,3047.524002,0,0,0,0,0,0,0,0,0,0,0,0,0,0,0,0,0,0,0
2698,Point,71,106,571450,135750,699-40-62,286.103625,1,299-W14-22,3146.818161,0,0,0,0,0,0,0,0,0,0,0,0,0,0,0,0,0,0,0
2699,Point,71,107,571550,135750,699-40-62,386.009435,1,299-W14-22,3246.155656,0,0,0,0,0,0,0,0,0,0,0,0,0,0,0,0,0,0,0
2700,Point,71,108,571650,135750,699-40-62,485.953994,2,299-W14-22,3345.532624,0,0,0,0,0,0,0,0,0,0,0,0,0,0,0,0,0,0,0
2701,Point,71,109,571750,135750,699-40-62,585.917472,2,299-W14-22,3444.945651,0,0,0,0,0,0,0,0,0,0,0,0,0,0,0,0,0,0,0
2702,Point,71,110,571850,135750,699-40-62,685.891598,3,299-W14-22,3544.391702,0,0,0,0,0,0,0,0,0,0,0,0,0,0,0,0,0,0,0
2703,Point,71,111,571950,135750,699-40-62,785.872308,3,299-W14-22,3643.868074,0,0,0,0,0,0,0,0,0,0,0,0,0,0,0,0,0,0,0
2704,Point,71,112,572050,135750,699-40-62,885.857372,4,299-W14-22,3743.372349,0,0,0,0,0,0,0,0,0,0,0,0,0,0,0,0,0,0,0
2705,Point,71,113,572150,135750,699-40-62,985.845467,4,299-W14-22,3842.902359,0,0,0,0,0,0,0,0,0,0,0,0,0,0,0,0,0,0,0
2706,Point,72,32,564050,135650,299-W17-1,1401.054192,4,299-W15-225,2647.430975,0,0,0,0,0,0,0,0,0,0,0,0,0,0,0,0,0,0,0
2707,Point,72,33,564150,135650,299-W17-1,1311.799089,4,299-W15-225,2549.003877,0,0,0,0,0,0,0,0,0,0,0,0,0,0,0,0,0,0,0
2708,Point,72,34,564250,135650,299-W17-1,1224.206212,4,299-W15-225,2450.704137,0,0,0,0,0,0,0,0,0,0,0,0,0,0,0,0,0,0,0
2709,Point,72,35,564350,135650,299-W17-1,1138.659233,4,299-W15-225,2352.547718,0,0,0,0,0,0,0,0,0,0,0,0,0,0,0,0,0,0,0
2710,Point,72,36,564450,135650,299-W17-1,1055.655649,4,299-W15-225,2254.553341,0,0,0,0,0,0,0,0,0,0,0,0,0,0,0,0,0,0,0
2711,Point,72,37,564550,135650,299-W17-1,975.844685,4,299-W15-225,2156.743093,0,0,0,0,0,0,0,0,0,0,0,0,0,0,0,0,0,0,0
2712,Point,72,38,564650,135650,299-W17-1,900.076025,4,299-W15-225,2059.143212,0,0,0,0,0,0,0,0,0,0,0,0,0,0,0,0,0,0,0
2713,Point,72,39,564750,135650,299-W17-1,829.458167,4,299-W15-225,1961.785097,0,0,0,0,0,0,0,0,0,0,0,0,0,0,0,0,0,0,0
2714,Point,72,40,564850,135650,299-W17-1,765.418088,3,299-W15-225,1864.706617,0,0,0,0,0,0,0,0,0,0,0,0,0,0,0,0,0,0,0
2715,Point,72,41,564950,135650,299-W17-1,709.738579,3,299-W15-225,1767.953836,0,0,0,0,0,0,0,0,0,0,0,0,0,0,0,0,0,0,0
2716,Point,72,42,565050,135650,299-W17-1,664.524529,3,299-W15-225,1671.583312,0,0,0,0,0,0,0,0,0,0,0,0,0,0,0,0,0,0,0
2717,Point,72,43,565150,135650,299-W17-1,632.025988,3,299-W15-225,1575.665183,0,0,0,0,0,0,0,0,0,0,0,0,0,0,0,0,0,0,0
2718,Point,72,44,565250,135650,299-W17-1,614.264479,3,299-W15-225,1480.287394,0,0,0,0,0,0,0,0,0,0,0,0,0,0,0,0,0,0,0
2719,Point,72,45,565350,135650,299-W17-1,612.523346,3,299-W15-225,1385.561535,0,0,0,0,0,0,0,0,0,0,0,0,0,0,0,0,0,0,0
2720,Point,72,46,565450,135650,299-W17-1,626.936081,3,299-W15-225,1291.631049,0,0,0,0,0,0,0,0,0,0,0,0,0,0,0,0,0,0,0
2721,Point,72,47,565550,135650,299-W15-232,545.800141,2,299-W15-225,1198.68293,0,0,0,0,0,0,0,0,0,0,0,0,0,0,0,0,0,0,0
2722,Point,72,48,565650,135650,299-W15-232,447.089023,2,299-W15-225,1106.964664,0,0,0,0,0,0,0,0,0,0,0,0,0,0,0,0,0,0,0
2723,Point,72,49,565750,135650,299-W15-232,349.112294,1,299-W15-225,1016.809111,0,0,0,0,0,0,0,0,0,0,0,0,0,0,0,0,0,0,0
2724,Point,72,50,565850,135650,299-W15-232,252.725531,1,299-W15-225,928.671507,0,0,0,0,0,0,0,0,0,0,0,0,0,0,0,0,0,0,0
2725,Point,72,51,565950,135650,299-W15-232,160.813538,0,299-W15-225,843.184895,0,0,0,0,0,0,0,0,0,0,0,0,0,0,0,0,0,0,0
2726,Point,72,52,566050,135650,299-W15-232,88.61035,0,299-W15-225,761.24291,0,0,0,0,0,0,0,0,0,0,0,0,0,0,0,0,0,0,0
2727,Point,72,53,566150,135650,299-W15-232,99.209849,0,299-W15-225,684.120433,0,0,0,0,0,0,0,0,0,0,0,0,0,0,0,0,0,0,0
2728,Point,72,54,566250,135650,299-W15-94,58.38469,0,299-W15-225,613.637326,0,0,0,0,0,0,0,0,0,0,0,0,0,0,0,0,0,0,0
2729,Point,72,55,566350,135650,299-W15-94,43.506,0,299-W15-225,552.341169,0,0,0,0,0,0,0,0,0,0,0,0,0,0,0,0,0,0,0
2730,Point,72,56,566450,135650,299-W15-94,142.747231,0,299-W15-225,503.597823,0,0,0,0,0,0,0,0,0,0,0,0,0,0,0,0,0,0,0
2731,Point,72,57,566550,135650,299-W15-46,211.914279,1,299-W17-2,430.948087,0,0,0,0,0,0,0,0,0,0,0,0,0,0,0,0,0,0,0
2732,Point,72,58,566650,135650,299-W15-46,120.25665,0,299-W17-2,339.688466,0,0,0,0,0,0,0,0,0,0,0,0,0,0,0,0,0,0,0
2733,Point,72,59,566750,135650,299-W15-46,63.36925,0,299-W17-2,255.069116,1,0,0,0,0,0,0,0,0,0,0,0,0,0,0,0,0,0,0
2734,Point,72,60,566850,135650,299-W15-46,116.488891,0,299-W17-2,186.365913,2,0,0,0,0,0,0,0,0,0,0,0,0,0,0,0,0,0,0
2735,Point,72,61,566950,135650,299-W17-2,156.218609,0,299-W17-2,156.218609,2,0,0,0,0,0,0,0,0,0,0,0,0,0,0,0,0,0,0
2736,Point,72,62,567050,135650,299-W17-2,184.597545,0,299-W17-2,184.597545,2,0,0,0,0,0,0,0,0,0,0,0,0,0,0,0,0,0,0
2737,Point,72,63,567150,135650,299-W14-24,190.328722,0,299-W17-2,252.484165,1,0,0,0,0,0,0,0,0,0,0,0,0,0,0,0,0,0,0
2738,Point,72,64,567250,135650,299-W14-24,209.654532,1,299-W11-49,296.484955,1,0,0,0,0,0,0,0,0,0,0,0,0,0,0,0,0,0,0
2739,Point,72,65,567350,135650,299-W14-25,266.534499,1,299-W11-49,274.960594,1,0,0,0,0,0,0,0,0,0,0,0,0,0,0,0,0,0,0
2740,Point,72,66,567450,135650,299-W11-49,288.62316,1,299-W11-49,288.62316,1,0,0,0,0,0,0,0,0,0,0,0,0,0,0,0,0,0,0
2741,Point,72,67,567550,135650,299-W14-71,201.001893,1,299-W14-21,294.998153,1,0,0,0,0,0,0,0,0,0,0,0,0,0,0,0,0,0,0
2742,Point,72,68,567650,135650,299-W14-71,117.114307,0,299-W14-21,250.439435,1,0,0,0,0,0,0,0,0,0,0,0,0,0,0,0,0,0,0
2743,Point,72,69,567750,135650,299-W14-71,83.84367,0,299-W14-21,241.693836,1,0,0,0,0,0,0,0,0,0,0,0,0,0,0,0,0,0,0
2744,Point,72,70,567850,135650,299-W14-71,142.631557,0,299-W13-5,265.707178,1,0,0,0,0,0,0,0,0,0,0,0,0,0,0,0,0,0,0
2745,Point,72,71,567950,135650,299-W14-33,159.204496,0,299-W13-5,168.885477,2,0,0,0,0,0,0,0,0,0,0,0,0,0,0,0,0,0,0
2746,Point,72,72,568050,135650,299-W14-33,71.27462,0,299-W13-5,80.276424,3,0,0,0,0,0,0,0,0,0,0,0,0,0,0,0,0,0,0
2747,Point,72,73,568150,135650,299-W13-5,66.078016,0,299-W13-5,66.078016,3,0,0,0,0,0,0,0,0,0,0,0,0,0,0,0,0,0,0
2748,Point,72,74,568250,135650,299-W13-5,149.29268,0,299-W13-5,149.29268,2,0,0,0,0,0,0,0,0,0,0,0,0,0,0,0,0,0,0
2749,Point,72,75,568350,135650,299-W11-97,228.225838,1,299-W13-5,245.37788,1,0,0,0,0,0,0,0,0,0,0,0,0,0,0,0,0,0,0
2750,Point,72,76,568450,135650,299-W11-97,261.864532,1,299-W13-5,343.703803,0,0,0,0,0,0,0,0,0,0,0,0,0,0,0,0,0,0,0
2751,Point,72,77,568550,135650,299-W11-97,324.128112,1,299-W13-5,442.780199,0,0,0,0,0,0,0,0,0,0,0,0,0,0,0,0,0,0,0
2752,Point,72,78,568650,135650,299-W13-2P,248.919627,1,299-W13-5,542.195817,0,0,0,0,0,0,0,0,0,0,0,0,0,0,0,0,0,0,0
2753,Point,72,79,568750,135650,299-W13-2P,188.263062,0,299-W14-22,631.861172,0,0,0,0,0,0,0,0,0,0,0,0,0,0,0,0,0,0,0
2754,Point,72,80,568850,135650,299-W13-3,169.681443,0,299-W14-22,703.072215,0,0,0,0,0,0,0,0,0,0,0,0,0,0,0,0,0,0,0
2755,Point,72,81,568950,135650,299-W13-3,198.851181,0,299-W14-22,780.623174,0,0,0,0,0,0,0,0,0,0,0,0,0,0,0,0,0,0,0
2756,Point,72,82,569050,135650,299-W13-3,265.125993,1,299-W14-22,862.806201,0,0,0,0,0,0,0,0,0,0,0,0,0,0,0,0,0,0,0
2757,Point,72,83,569150,135650,699-39-68,325.320277,1,299-W14-22,948.417914,0,0,0,0,0,0,0,0,0,0,0,0,0,0,0,0,0,0,0
2758,Point,72,84,569250,135650,699-39-68,360.906197,1,299-W14-22,1036.609155,0,0,0,0,0,0,0,0,0,0,0,0,0,0,0,0,0,0,0
2759,Point,72,85,569350,135650,699-39-68,417.939329,2,299-W14-22,1126.774396,0,0,0,0,0,0,0,0,0,0,0,0,0,0,0,0,0,0,0
2760,Point,72,86,569450,135650,699-39-68,488.971659,2,299-W14-22,1218.475498,0,0,0,0,0,0,0,0,0,0,0,0,0,0,0,0,0,0,0
2761,Point,72,87,569550,135650,699-38-64B,481.24864,2,299-W14-22,1311.390308,0,0,0,0,0,0,0,0,0,0,0,0,0,0,0,0,0,0,0
2762,Point,72,88,569650,135650,699-38-64B,414.193497,2,299-W14-22,1405.278101,0,0,0,0,0,0,0,0,0,0,0,0,0,0,0,0,0,0,0
2763,Point,72,89,569750,135650,699-38-64B,362.646182,1,299-W14-22,1499.956179,0,0,0,0,0,0,0,0,0,0,0,0,0,0,0,0,0,0,0
2764,Point,72,90,569850,135650,699-40-65,310.61696,1,299-W14-22,1595.283843,0,0,0,0,0,0,0,0,0,0,0,0,0,0,0,0,0,0,0
2765,Point,72,91,569950,135650,699-40-65,254.925275,1,299-W14-22,1691.151247,0,0,0,0,0,0,0,0,0,0,0,0,0,0,0,0,0,0,0
2766,Point,72,92,570050,135650,699-40-65,231.280989,1,299-W14-22,1787.471549,0,0,0,0,0,0,0,0,0,0,0,0,0,0,0,0,0,0,0
2767,Point,72,93,570150,135650,699-40-65,248.987743,1,299-W14-22,1884.175294,0,0,0,0,0,0,0,0,0,0,0,0,0,0,0,0,0,0,0
2768,Point,72,94,570250,135650,699-40-65,300.830344,1,299-W14-22,1981.206335,0,0,0,0,0,0,0,0,0,0,0,0,0,0,0,0,0,0,0
2769,Point,72,95,570350,135650,699-40-65,372.830921,1,299-W14-22,2078.518833,0,0,0,0,0,0,0,0,0,0,0,0,0,0,0,0,0,0,0
2770,Point,72,96,570450,135650,699-40-65,455.529248,2,299-W14-22,2176.075031,0,0,0,0,0,0,0,0,0,0,0,0,0,0,0,0,0,0,0
2771,Point,72,97,570550,135650,699-40-65,544.068834,2,299-W14-22,2273.843561,0,0,0,0,0,0,0,0,0,0,0,0,0,0,0,0,0,0,0
2772,Point,72,98,570650,135650,699-40-62,526.835158,2,299-W14-22,2371.798166,0,0,0,0,0,0,0,0,0,0,0,0,0,0,0,0,0,0,0
2773,Point,72,99,570750,135650,699-40-62,429.7712,2,299-W14-22,2469.916707,0,0,0,0,0,0,0,0,0,0,0,0,0,0,0,0,0,0,0
2774,Point,72,100,570850,135650,699-40-62,334.44175,1,299-W14-22,2568.180395,0,0,0,0,0,0,0,0,0,0,0,0,0,0,0,0,0,0,0
2775,Point,72,101,570950,135650,699-40-62,242.897682,1,299-W14-22,2666.573183,0,0,0,0,0,0,0,0,0,0,0,0,0,0,0,0,0,0,0
2776,Point,72,102,571050,135650,699-40-62,161.701218,0,299-W14-22,2765.08129,0,0,0,0,0,0,0,0,0,0,0,0,0,0,0,0,0,0,0
2777,Point,72,103,571150,135650,699-40-62,115.305178,0,299-W14-22,2863.692815,0,0,0,0,0,0,0,0,0,0,0,0,0,0,0,0,0,0,0
2778,Point,72,104,571250,135650,699-40-62,142.980013,0,299-W14-22,2962.397431,0,0,0,0,0,0,0,0,0,0,0,0,0,0,0,0,0,0,0
2779,Point,72,105,571350,135650,699-40-62,218.154267,1,299-W14-22,3061.186133,0,0,0,0,0,0,0,0,0,0,0,0,0,0,0,0,0,0,0
2780,Point,72,106,571450,135650,699-40-62,307.797472,1,299-W14-22,3160.051034,0,0,0,0,0,0,0,0,0,0,0,0,0,0,0,0,0,0,0
2781,Point,72,107,571550,135650,699-40-62,402.352189,2,299-W14-22,3258.985201,0,0,0,0,0,0,0,0,0,0,0,0,0,0,0,0,0,0,0
2782,Point,72,108,571650,135650,699-40-62,499.034352,2,299-W14-22,3357.98251,0,0,0,0,0,0,0,0,0,0,0,0,0,0,0,0,0,0,0
2783,Point,72,109,571750,135650,699-40-62,596.810928,2,299-W14-22,3457.037538,0,0,0,0,0,0,0,0,0,0,0,0,0,0,0,0,0,0,0
2784,Point,72,110,571850,135650,699-40-62,695.220313,3,299-W14-22,3556.145461,0,0,0,0,0,0,0,0,0,0,0,0,0,0,0,0,0,0,0
2785,Point,72,111,571950,135650,699-40-62,794.027256,3,299-W14-22,3655.301977,0,0,0,0,0,0,0,0,0,0,0,0,0,0,0,0,0,0,0
2786,Point,72,112,572050,135650,699-40-62,893.099817,4,299-W14-22,3754.503235,0,0,0,0,0,0,0,0,0,0,0,0,0,0,0,0,0,0,0
2787,Point,72,113,572150,135650,699-40-62,992.358445,4,299-W14-22,3853.74578,0,0,0,0,0,0,0,0,0,0,0,0,0,0,0,0,0,0,0
2788,Point,73,32,564050,135550,299-W17-1,1360.404664,4,299-W15-225,2666.585226,0,0,0,0,0,0,0,0,0,0,0,0,0,0,0,0,0,0,0
2789,Point,73,33,564150,135550,299-W17-1,1268.2921,4,299-W15-225,2568.892128,0,0,0,0,0,0,0,0,0,0,0,0,0,0,0,0,0,0,0
2790,Point,73,34,564250,135550,299-W17-1,1177.467133,4,299-W15-225,2471.383574,0,0,0,0,0,0,0,0,0,0,0,0,0,0,0,0,0,0,0
2791,Point,73,35,564350,135550,299-W17-1,1088.2522,4,299-W15-225,2374.0823,0,0,0,0,0,0,0,0,0,0,0,0,0,0,0,0,0,0,0
2792,Point,73,36,564450,135550,299-W17-1,1001.077844,4,299-W15-225,2277.014881,0,0,0,0,0,0,0,0,0,0,0,0,0,0,0,0,0,0,0
2793,Point,73,37,564550,135550,299-W17-1,916.526514,4,299-W15-225,2180.212551,0,0,0,0,0,0,0,0,0,0,0,0,0,0,0,0,0,0,0
2794,Point,73,38,564650,135550,299-W17-1,835.395026,4,299-W15-225,2083.712256,0,0,0,0,0,0,0,0,0,0,0,0,0,0,0,0,0,0,0
2795,Point,73,39,564750,135550,299-W17-1,758.781161,3,299-W15-225,1987.557991,0,0,0,0,0,0,0,0,0,0,0,0,0,0,0,0,0,0,0
2796,Point,73,40,564850,135550,299-W17-1,688.195357,3,299-W15-225,1891.802518,0,0,0,0,0,0,0,0,0,0,0,0,0,0,0,0,0,0,0
2797,Point,73,41,564950,135550,299-W17-1,625.681109,3,299-W15-225,1796.509607,0,0,0,0,0,0,0,0,0,0,0,0,0,0,0,0,0,0,0
2798,Point,73,42,565050,135550,299-W17-1,573.882261,2,299-W15-225,1701.756965,0,0,0,0,0,0,0,0,0,0,0,0,0,0,0,0,0,0,0
2799,Point,73,43,565150,135550,299-W17-1,535.914965,2,299-W15-225,1607.640124,0,0,0,0,0,0,0,0,0,0,0,0,0,0,0,0,0,0,0
2800,Point,73,44,565250,135550,299-W17-1,514.848376,2,299-W15-225,1514.277639,0,0,0,0,0,0,0,0,0,0,0,0,0,0,0,0,0,0,0
2801,Point,73,45,565350,135550,299-W17-1,512.769783,2,299-W15-225,1421.81812,0,0,0,0,0,0,0,0,0,0,0,0,0,0,0,0,0,0,0
2802,Point,73,46,565450,135550,299-W17-1,529.90268,2,299-W15-225,1330.449836,0,0,0,0,0,0,0,0,0,0,0,0,0,0,0,0,0,0,0
2803,Point,73,47,565550,135550,299-W18-263,546.588879,2,299-W15-225,1240.41395,0,0,0,0,0,0,0,0,0,0,0,0,0,0,0,0,0,0,0
2804,Point,73,48,565650,135550,299-W18-263,448.333362,2,299-W15-225,1152.022902,0,0,0,0,0,0,0,0,0,0,0,0,0,0,0,0,0,0,0
2805,Point,73,49,565750,135550,299-W18-263,351.064386,1,299-W15-225,1065.686055,0,0,0,0,0,0,0,0,0,0,0,0,0,0,0,0,0,0,0
2806,Point,73,50,565850,135550,299-W18-263,255.909365,1,299-W15-225,981.945399,0,0,0,0,0,0,0,0,0,0,0,0,0,0,0,0,0,0,0
2807,Point,73,51,565950,135550,299-W18-263,166.532289,0,299-W15-225,901.52469,0,0,0,0,0,0,0,0,0,0,0,0,0,0,0,0,0,0,0
2808,Point,73,52,566050,135550,299-W18-263,99.881946,0,299-W15-225,825.394916,0,0,0,0,0,0,0,0,0,0,0,0,0,0,0,0,0,0,0
2809,Point,73,53,566150,135550,299-W18-263,110.543218,0,299-W15-225,754.855461,0,0,0,0,0,0,0,0,0,0,0,0,0,0,0,0,0,0,0
2810,Point,73,54,566250,135550,299-W15-152,59.4,0,299-W15-225,691.618947,0,0,0,0,0,0,0,0,0,0,0,0,0,0,0,0,0,0,0
2811,Point,73,55,566350,135550,299-W15-152,40.6,0,299-W17-3,618.276065,0,0,0,0,0,0,0,0,0,0,0,0,0,0,0,0,0,0,0
2812,Point,73,56,566450,135550,299-W18-1,89.446852,0,299-W17-3,526.390817,0,0,0,0,0,0,0,0,0,0,0,0,0,0,0,0,0,0,0
2813,Point,73,57,566550,135550,299-W18-16,135.953958,0,299-W17-3,438.074528,0,0,0,0,0,0,0,0,0,0,0,0,0,0,0,0,0,0,0
2814,Point,73,58,566650,135550,299-W15-46,108.607835,0,299-W17-3,355.993388,0,0,0,0,0,0,0,0,0,0,0,0,0,0,0,0,0,0,0
2815,Point,73,59,566750,135550,299-W15-46,36.737744,0,299-W17-3,285.575371,1,0,0,0,0,0,0,0,0,0,0,0,0,0,0,0,0,0,0
2816,Point,73,60,566850,135550,299-W15-46,104.4206,0,299-W17-3,237.434817,1,0,0,0,0,0,0,0,0,0,0,0,0,0,0,0,0,0,0
2817,Point,73,61,566950,135550,299-W15-46,201.1409,1,299-W17-3,226.268187,1,0,0,0,0,0,0,0,0,0,0,0,0,0,0,0,0,0,0
2818,Point,73,62,567050,135550,299-W17-3,256.942197,1,299-W17-3,256.942197,1,0,0,0,0,0,0,0,0,0,0,0,0,0,0,0,0,0,0
2819,Point,73,63,567150,135550,299-W14-24,290.21203,1,299-W17-3,317.55518,0,0,0,0,0,0,0,0,0,0,0,0,0,0,0,0,0,0,0
2820,Point,73,64,567250,135550,299-W14-24,303.237568,1,299-W11-49,390.956939,0,0,0,0,0,0,0,0,0,0,0,0,0,0,0,0,0,0,0
2821,Point,73,65,567350,135550,299-W14-24,345.952342,1,299-W11-49,374.896424,0,0,0,0,0,0,0,0,0,0,0,0,0,0,0,0,0,0,0
2822,Point,73,66,567450,135550,299-W14-71,283.989016,1,299-W11-49,385.028997,0,0,0,0,0,0,0,0,0,0,0,0,0,0,0,0,0,0,0
2823,Point,73,67,567550,135550,299-W14-71,184.292596,0,299-W14-21,380.822676,0,0,0,0,0,0,0,0,0,0,0,0,0,0,0,0,0,0,0
2824,Point,73,68,567650,135550,299-W14-71,85.309794,0,299-W14-21,347.450587,0,0,0,0,0,0,0,0,0,0,0,0,0,0,0,0,0,0,0
2825,Point,73,69,567750,135550,299-W14-71,24.326138,0,299-W14-21,341.200689,0,0,0,0,0,0,0,0,0,0,0,0,0,0,0,0,0,0,0
2826,Point,73,70,567850,135550,299-W14-71,117.922691,0,299-W13-5,301.957454,0,0,0,0,0,0,0,0,0,0,0,0,0,0,0,0,0,0,0
2827,Point,73,71,567950,135550,299-W19-4,199.208012,0,299-W13-5,221.585884,1,0,0,0,0,0,0,0,0,0,0,0,0,0,0,0,0,0,0
2828,Point,73,72,568050,135550,299-W14-33,158.019212,0,299-W13-5,164.384623,2,0,0,0,0,0,0,0,0,0,0,0,0,0,0,0,0,0,0
2829,Point,73,73,568150,135550,299-W14-33,157.175289,0,299-W13-5,157.937659,2,0,0,0,0,0,0,0,0,0,0,0,0,0,0,0,0,0,0
2830,Point,73,74,568250,135550,299-W13-5,207.041793,1,299-W13-5,207.041793,1,0,0,0,0,0,0,0,0,0,0,0,0,0,0,0,0,0,0
2831,Point,73,75,568350,135550,699-38-70B,249.255475,1,299-W13-5,284.232834,1,0,0,0,0,0,0,0,0,0,0,0,0,0,0,0,0,0,0
2832,Point,73,76,568450,135550,699-38-70B,219.791473,1,299-W13-5,372.438323,0,0,0,0,0,0,0,0,0,0,0,0,0,0,0,0,0,0,0
2833,Point,73,77,568550,135550,699-38-70B,233.427273,1,299-W13-5,465.437755,0,0,0,0,0,0,0,0,0,0,0,0,0,0,0,0,0,0,0
2834,Point,73,78,568650,135550,699-38-70B,284.021639,1,299-W13-5,560.85141,0,0,0,0,0,0,0,0,0,0,0,0,0,0,0,0,0,0,0
2835,Point,73,79,568750,135550,299-W13-2P,281.565233,1,299-W13-5,657.629306,0,0,0,0,0,0,0,0,0,0,0,0,0,0,0,0,0,0,0
2836,Point,73,80,568850,135550,299-W13-3,269.666075,1,299-W13-5,755.247181,0,0,0,0,0,0,0,0,0,0,0,0,0,0,0,0,0,0,0
2837,Point,73,81,568950,135550,699-39-68,252.085864,1,299-W14-22,844.292923,0,0,0,0,0,0,0,0,0,0,0,0,0,0,0,0,0,0,0
2838,Point,73,82,569050,135550,699-39-68,219.014344,1,299-W14-22,920.810806,0,0,0,0,0,0,0,0,0,0,0,0,0,0,0,0,0,0,0
2839,Point,73,83,569150,135550,699-39-68,228.882684,1,299-W14-22,1001.476181,0,0,0,0,0,0,0,0,0,0,0,0,0,0,0,0,0,0,0
2840,Point,73,84,569250,135550,699-39-68,277.141269,1,299-W14-22,1085.364704,0,0,0,0,0,0,0,0,0,0,0,0,0,0,0,0,0,0,0
2841,Point,73,85,569350,135550,699-38-70C,347.939403,1,299-W14-22,1171.78434,0,0,0,0,0,0,0,0,0,0,0,0,0,0,0,0,0,0,0
2842,Point,73,86,569450,135550,699-38-70C,429.231672,2,299-W14-22,1260.214482,0,0,0,0,0,0,0,0,0,0,0,0,0,0,0,0,0,0,0
2843,Point,73,87,569550,135550,699-38-64B,419.030134,2,299-W14-22,1350.260175,0,0,0,0,0,0,0,0,0,0,0,0,0,0,0,0,0,0,0
2844,Point,73,88,569650,135550,699-38-64B,339.915068,1,299-W14-22,1441.618722,0,0,0,0,0,0,0,0,0,0,0,0,0,0,0,0,0,0,0
2845,Point,73,89,569750,135550,699-38-64B,274.769455,1,299-W14-22,1534.055586,0,0,0,0,0,0,0,0,0,0,0,0,0,0,0,0,0,0,0
2846,Point,73,90,569850,135550,699-38-64B,235.487268,1,299-W14-22,1627.387028,0,0,0,0,0,0,0,0,0,0,0,0,0,0,0,0,0,0,0
2847,Point,73,91,569950,135550,699-38-64B,235.393826,1,299-W14-22,1721.467554,0,0,0,0,0,0,0,0,0,0,0,0,0,0,0,0,0,0,0
2848,Point,73,92,570050,135550,699-38-64B,274.529148,1,299-W14-22,1816.180756,0,0,0,0,0,0,0,0,0,0,0,0,0,0,0,0,0,0,0
2849,Point,73,93,570150,135550,699-38-64B,339.591303,1,299-W14-22,1911.432588,0,0,0,0,0,0,0,0,0,0,0,0,0,0,0,0,0,0,0
2850,Point,73,94,570250,135550,699-40-65,383.054691,1,299-W14-22,2007.146367,0,0,0,0,0,0,0,0,0,0,0,0,0,0,0,0,0,0,0
2851,Point,73,95,570350,135550,699-40-65,441.853931,2,299-W14-22,2103.259028,0,0,0,0,0,0,0,0,0,0,0,0,0,0,0,0,0,0,0
2852,Point,73,96,570450,135550,699-40-65,513.555154,2,299-W14-22,2199.718287,0,0,0,0,0,0,0,0,0,0,0,0,0,0,0,0,0,0,0
2853,Point,73,97,570550,135550,699-40-65,593.500544,2,299-W14-22,2296.480468,0,0,0,0,0,0,0,0,0,0,0,0,0,0,0,0,0,0,0
2854,Point,73,98,570650,135550,699-40-62,557.170785,2,299-W14-22,2393.508834,0,0,0,0,0,0,0,0,0,0,0,0,0,0,0,0,0,0,0
2855,Point,73,99,570750,135550,699-40-62,466.462522,2,299-W14-22,2490.772278,0,0,0,0,0,0,0,0,0,0,0,0,0,0,0,0,0,0,0
2856,Point,73,100,570850,135550,699-40-62,380.440907,1,299-W14-22,2588.244297,0,0,0,0,0,0,0,0,0,0,0,0,0,0,0,0,0,0,0
2857,Point,73,101,570950,135550,699-40-62,303.122556,1,299-W14-22,2685.902184,0,0,0,0,0,0,0,0,0,0,0,0,0,0,0,0,0,0,0
2858,Point,73,102,571050,135550,699-40-62,242.963545,1,299-W14-22,2783.726377,0,0,0,0,0,0,0,0,0,0,0,0,0,0,0,0,0,0,0
2859,Point,73,103,571150,135550,699-40-62,214.893657,1,299-W14-22,2881.699939,0,0,0,0,0,0,0,0,0,0,0,0,0,0,0,0,0,0,0
2860,Point,73,104,571250,135550,699-40-62,230.92701,1,299-W14-22,2979.808138,0,0,0,0,0,0,0,0,0,0,0,0,0,0,0,0,0,0,0
2861,Point,73,105,571350,135550,699-40-62,283.68166,1,299-W14-22,3078.038099,0,0,0,0,0,0,0,0,0,0,0,0,0,0,0,0,0,0,0
2862,Point,73,106,571450,135550,699-40-62,357.244012,1,299-W14-22,3176.378526,0,0,0,0,0,0,0,0,0,0,0,0,0,0,0,0,0,0,0
2863,Point,73,107,571550,135550,699-40-62,441.328997,2,299-W14-22,3274.819467,0,0,0,0,0,0,0,0,0,0,0,0,0,0,0,0,0,0,0
2864,Point,73,108,571650,135550,699-40-62,530.960718,2,299-W14-22,3373.352122,0,0,0,0,0,0,0,0,0,0,0,0,0,0,0,0,0,0,0
2865,Point,73,109,571750,135550,699-40-62,623.752582,3,299-W14-22,3471.968684,0,0,0,0,0,0,0,0,0,0,0,0,0,0,0,0,0,0,0
2866,Point,73,110,571850,135550,699-40-62,718.481234,3,299-W14-22,3570.662199,0,0,0,0,0,0,0,0,0,0,0,0,0,0,0,0,0,0,0
2867,Point,73,111,571950,135550,699-40-62,814.471168,4,299-W14-22,3669.426459,0,0,0,0,0,0,0,0,0,0,0,0,0,0,0,0,0,0,0
2868,Point,73,112,572050,135550,699-40-62,911.323918,4,299-W14-22,3768.255902,0,0,0,0,0,0,0,0,0,0,0,0,0,0,0,0,0,0,0
2869,Point,73,113,572150,135550,699-40-62,1008.791001,4,299-W14-22,3867.145529,0,0,0,0,0,0,0,0,0,0,0,0,0,0,0,0,0,0,0
2870,Point,74,32,564050,135450,299-W17-1,1326.065176,4,299-W15-225,2689.323849,0,0,0,0,0,0,0,0,0,0,0,0,0,0,0,0,0,0,0
2871,Point,74,33,564150,135450,299-W17-1,1231.386556,4,299-W15-225,2592.487756,0,0,0,0,0,0,0,0,0,0,0,0,0,0,0,0,0,0,0
2872,Point,74,34,564250,135450,299-W17-1,1137.618939,4,299-W15-225,2495.901193,0,0,0,0,0,0,0,0,0,0,0,0,0,0,0,0,0,0,0
2873,Point,74,35,564350,135450,299-W17-1,1045.007584,4,299-W15-225,2399.594292,0,0,0,0,0,0,0,0,0,0,0,0,0,0,0,0,0,0,0
2874,Point,74,36,564450,135450,299-W17-1,953.889328,4,299-W15-225,2303.602129,0,0,0,0,0,0,0,0,0,0,0,0,0,0,0,0,0,0,0
2875,Point,74,37,564550,135450,299-W17-1,864.736289,4,299-W15-225,2207.965753,0,0,0,0,0,0,0,0,0,0,0,0,0,0,0,0,0,0,0
2876,Point,74,38,564650,135450,299-W17-1,778.224164,3,299-W15-225,2112.733482,0,0,0,0,0,0,0,0,0,0,0,0,0,0,0,0,0,0,0
2877,Point,74,39,564750,135450,299-W17-1,695.339378,3,299-W15-225,2017.962529,0,0,0,0,0,0,0,0,0,0,0,0,0,0,0,0,0,0,0
2878,Point,74,40,564850,135450,299-W17-1,617.544209,3,299-W15-225,1923.721073,0,0,0,0,0,0,0,0,0,0,0,0,0,0,0,0,0,0,0
2879,Point,74,41,564950,135450,299-W17-1,547.014488,2,299-W15-225,1830.090918,0,0,0,0,0,0,0,0,0,0,0,0,0,0,0,0,0,0,0
2880,Point,74,42,565050,135450,299-W17-1,486.917704,2,299-W15-225,1737.170909,0,0,0,0,0,0,0,0,0,0,0,0,0,0,0,0,0,0,0
2881,Point,74,43,565150,135450,299-W17-1,441.534653,2,299-W15-225,1645.081386,0,0,0,0,0,0,0,0,0,0,0,0,0,0,0,0,0,0,0
2882,Point,74,44,565250,135450,299-W17-1,415.712461,2,299-W15-225,1553.970002,0,0,0,0,0,0,0,0,0,0,0,0,0,0,0,0,0,0,0
2883,Point,74,45,565350,135450,299-W17-1,413.135389,2,299-W15-225,1464.019388,0,0,0,0,0,0,0,0,0,0,0,0,0,0,0,0,0,0,0
2884,Point,74,46,565450,135450,299-W17-1,434.217515,2,299-W15-225,1375.457294,0,0,0,0,0,0,0,0,0,0,0,0,0,0,0,0,0,0,0
2885,Point,74,47,565550,135450,299-W17-1,475.82439,2,299-W15-225,1288.570048,0,0,0,0,0,0,0,0,0,0,0,0,0,0,0,0,0,0,0
2886,Point,74,48,565650,135450,299-W18-263,438.855105,2,299-W15-225,1203.720386,0,0,0,0,0,0,0,0,0,0,0,0,0,0,0,0,0,0,0
2887,Point,74,49,565750,135450,299-W18-263,338.876383,1,299-W15-225,1121.370932,0,0,0,0,0,0,0,0,0,0,0,0,0,0,0,0,0,0,0
2888,Point,74,50,565850,135450,299-W18-263,238.915473,1,299-W15-225,1042.114565,0,0,0,0,0,0,0,0,0,0,0,0,0,0,0,0,0,0,0
2889,Point,74,51,565950,135450,299-W18-263,139.010802,0,299-W15-225,966.71235,0,0,0,0,0,0,0,0,0,0,0,0,0,0,0,0,0,0,0
2890,Point,74,52,566050,135450,299-W18-263,39.590442,0,299-W17-3,884.761715,0,0,0,0,0,0,0,0,0,0,0,0,0,0,0,0,0,0,0
2891,Point,74,53,566150,135450,299-W18-263,61.731703,0,299-W17-3,785.8914,0,0,0,0,0,0,0,0,0,0,0,0,0,0,0,0,0,0,0
2892,Point,74,54,566250,135450,299-W15-152,116.311478,0,299-W17-3,687.348014,0,0,0,0,0,0,0,0,0,0,0,0,0,0,0,0,0,0,0
2893,Point,74,55,566350,135450,299-W18-1,73.114563,0,299-W17-3,589.29559,0,0,0,0,0,0,0,0,0,0,0,0,0,0,0,0,0,0,0
2894,Point,74,56,566450,135450,299-W18-1,32.291474,0,299-W17-3,492.027735,0,0,0,0,0,0,0,0,0,0,0,0,0,0,0,0,0,0,0
2895,Point,74,57,566550,135450,299-W18-16,60.178722,0,299-W17-3,396.122825,0,0,0,0,0,0,0,0,0,0,0,0,0,0,0,0,0,0,0
2896,Point,74,58,566650,135450,299-W18-16,51.102628,0,299-W17-3,302.878346,0,0,0,0,0,0,0,0,0,0,0,0,0,0,0,0,0,0,0
2897,Point,74,59,566750,135450,299-W15-46,136.688192,0,299-W17-3,215.771389,1,0,0,0,0,0,0,0,0,0,0,0,0,0,0,0,0,0,0
2898,Point,74,60,566850,135450,299-W17-3,146.216594,0,299-W17-3,146.216594,2,0,0,0,0,0,0,0,0,0,0,0,0,0,0,0,0,0,0
2899,Point,74,61,566950,135450,299-W17-3,127.284298,0,299-W17-3,127.284298,2,0,0,0,0,0,0,0,0,0,0,0,0,0,0,0,0,0,0
2900,Point,74,62,567050,135450,299-W17-3,176.134302,0,299-W17-3,176.134302,2,0,0,0,0,0,0,0,0,0,0,0,0,0,0,0,0,0,0
2901,Point,74,63,567150,135450,299-W19-128,244.487838,1,299-W17-3,256.603376,1,0,0,0,0,0,0,0,0,0,0,0,0,0,0,0,0,0,0
2902,Point,74,64,567250,135450,299-W19-128,315.062379,1,299-W17-3,347.37198,0,0,0,0,0,0,0,0,0,0,0,0,0,0,0,0,0,0,0
2903,Point,74,65,567350,135450,299-W19-126,351.987141,1,299-W17-3,442.141711,0,0,0,0,0,0,0,0,0,0,0,0,0,0,0,0,0,0,0
2904,Point,74,66,567450,135450,299-W14-71,306.939344,1,299-W19-123,465.964359,0,0,0,0,0,0,0,0,0,0,0,0,0,0,0,0,0,0,0
2905,Point,74,67,567550,135450,299-W14-71,218.004039,1,299-W19-134,439.112626,0,0,0,0,0,0,0,0,0,0,0,0,0,0,0,0,0,0,0
2906,Point,74,68,567650,135450,299-W14-71,144.359832,0,299-W19-134,432.222047,0,0,0,0,0,0,0,0,0,0,0,0,0,0,0,0,0,0,0
2907,Point,74,69,567750,135450,299-W14-71,118.96958,0,299-W13-5,440.266174,0,0,0,0,0,0,0,0,0,0,0,0,0,0,0,0,0,0,0
2908,Point,74,70,567850,135450,299-W19-4,140.813465,0,299-W13-5,362.982512,0,0,0,0,0,0,0,0,0,0,0,0,0,0,0,0,0,0,0
2909,Point,74,71,567950,135450,299-W19-4,99.208024,0,299-W13-5,299.46336,1,0,0,0,0,0,0,0,0,0,0,0,0,0,0,0,0,0,0
2910,Point,74,72,568050,135450,299-W19-4,140.911433,0,299-W13-5,260.000585,1,0,0,0,0,0,0,0,0,0,0,0,0,0,0,0,0,0,0
2911,Point,74,73,568150,135450,299-W19-4,223.315544,1,299-W13-5,255.973249,1,0,0,0,0,0,0,0,0,0,0,0,0,0,0,0,0,0,0
2912,Point,74,74,568250,135450,699-38-70B,249.311636,1,299-W13-5,288.867278,1,0,0,0,0,0,0,0,0,0,0,0,0,0,0,0,0,0,0
2913,Point,74,75,568350,135450,699-38-70B,168.333869,0,299-W13-5,348.37667,0,0,0,0,0,0,0,0,0,0,0,0,0,0,0,0,0,0,0
2914,Point,74,76,568450,135450,699-38-70B,120.483574,0,299-W13-5,423.424496,0,0,0,0,0,0,0,0,0,0,0,0,0,0,0,0,0,0,0
2915,Point,74,77,568550,135450,699-38-70B,143.862058,0,299-W13-5,507.159052,0,0,0,0,0,0,0,0,0,0,0,0,0,0,0,0,0,0,0
2916,Point,74,78,568650,135450,699-38-70B,216.509334,1,299-W13-5,595.929781,0,0,0,0,0,0,0,0,0,0,0,0,0,0,0,0,0,0,0
2917,Point,74,79,568750,135450,699-38-70B,305.051293,1,299-W13-5,687.789433,0,0,0,0,0,0,0,0,0,0,0,0,0,0,0,0,0,0,0
2918,Point,74,80,568850,135450,699-39-68,256.283599,1,299-W13-5,781.649732,0,0,0,0,0,0,0,0,0,0,0,0,0,0,0,0,0,0,0
2919,Point,74,81,568950,135450,699-39-68,173.497213,0,299-W13-5,876.868465,0,0,0,0,0,0,0,0,0,0,0,0,0,0,0,0,0,0,0
2920,Point,74,82,569050,135450,699-39-68,120.504286,0,299-W13-5,973.046918,0,0,0,0,0,0,0,0,0,0,0,0,0,0,0,0,0,0,0
2921,Point,74,83,569150,135450,699-39-68,137.627333,0,299-W14-22,1061.325841,0,0,0,0,0,0,0,0,0,0,0,0,0,0,0,0,0,0,0
2922,Point,74,84,569250,135450,699-38-70C,207.364,1,299-W14-22,1140.82187,0,0,0,0,0,0,0,0,0,0,0,0,0,0,0,0,0,0,0
2923,Point,74,85,569350,135450,699-38-70C,293.560604,1,299-W14-22,1223.330103,0,0,0,0,0,0,0,0,0,0,0,0,0,0,0,0,0,0,0
2924,Point,74,86,569450,135450,699-38-70C,386.465818,1,299-W14-22,1308.280757,0,0,0,0,0,0,0,0,0,0,0,0,0,0,0,0,0,0,0
2925,Point,74,87,569550,135450,699-38-64B,373.593701,1,299-W14-22,1395.227774,0,0,0,0,0,0,0,0,0,0,0,0,0,0,0,0,0,0,0
2926,Point,74,88,569650,135450,699-38-64B,282.007541,1,299-W14-22,1483.820252,0,0,0,0,0,0,0,0,0,0,0,0,0,0,0,0,0,0,0
2927,Point,74,89,569750,135450,699-38-64B,198.70645,0,299-W14-22,1573.780334,0,0,0,0,0,0,0,0,0,0,0,0,0,0,0,0,0,0,0
2928,Point,74,90,569850,135450,699-38-64B,139.428309,0,299-W14-22,1664.886345,0,0,0,0,0,0,0,0,0,0,0,0,0,0,0,0,0,0,0
2929,Point,74,91,569950,135450,699-38-64B,139.270432,0,299-W14-22,1756.960028,0,0,0,0,0,0,0,0,0,0,0,0,0,0,0,0,0,0,0
2930,Point,74,92,570050,135450,699-38-64B,198.374024,0,299-W14-22,1849.856897,0,0,0,0,0,0,0,0,0,0,0,0,0,0,0,0,0,0,0
2931,Point,74,93,570150,135450,699-38-64B,281.617211,1,299-W14-22,1943.458911,0,0,0,0,0,0,0,0,0,0,0,0,0,0,0,0,0,0,0
2932,Point,74,94,570250,135450,699-38-64B,373.181261,1,299-W14-22,2037.668899,0,0,0,0,0,0,0,0,0,0,0,0,0,0,0,0,0,0,0
2933,Point,74,95,570350,135450,699-38-64B,468.209625,2,299-W14-22,2132.406279,0,0,0,0,0,0,0,0,0,0,0,0,0,0,0,0,0,0,0
2934,Point,74,96,570450,135450,699-38-65,545.611875,2,299-W14-22,2227.603766,0,0,0,0,0,0,0,0,0,0,0,0,0,0,0,0,0,0,0
2935,Point,74,97,570550,135450,699-38-65,616.161763,3,299-W14-22,2323.204799,0,0,0,0,0,0,0,0,0,0,0,0,0,0,0,0,0,0,0
2936,Point,74,98,570650,135450,699-40-62,602.763041,3,299-W14-22,2419.161537,0,0,0,0,0,0,0,0,0,0,0,0,0,0,0,0,0,0,0
2937,Point,74,99,570750,135450,699-40-62,520.068538,2,299-W14-22,2515.433271,0,0,0,0,0,0,0,0,0,0,0,0,0,0,0,0,0,0,0
2938,Point,74,100,570850,135450,699-40-62,444.543906,2,299-W14-22,2611.985172,0,0,0,0,0,0,0,0,0,0,0,0,0,0,0,0,0,0,0
2939,Point,74,101,570950,135450,699-40-62,380.482962,1,299-W14-22,2708.787282,0,0,0,0,0,0,0,0,0,0,0,0,0,0,0,0,0,0,0
2940,Point,74,102,571050,135450,699-40-62,334.537418,1,299-W14-22,2805.813704,0,0,0,0,0,0,0,0,0,0,0,0,0,0,0,0,0,0,0
2941,Point,74,103,571150,135450,699-40-62,314.743203,1,299-W14-22,2903.041946,0,0,0,0,0,0,0,0,0,0,0,0,0,0,0,0,0,0,0
2942,Point,74,104,571250,135450,699-40-62,325.900727,1,299-W14-22,3000.452389,0,0,0,0,0,0,0,0,0,0,0,0,0,0,0,0,0,0,0
2943,Point,74,105,571350,135450,699-40-62,365.183904,1,299-W14-22,3098.027847,0,0,0,0,0,0,0,0,0,0,0,0,0,0,0,0,0,0,0
2944,Point,74,106,571450,135450,699-40-62,424.861488,2,299-W14-22,3195.753204,0,0,0,0,0,0,0,0,0,0,0,0,0,0,0,0,0,0,0
2945,Point,74,107,571550,135450,699-40-62,497.64976,2,299-W14-22,3293.615117,0,0,0,0,0,0,0,0,0,0,0,0,0,0,0,0,0,0,0
2946,Point,74,108,571650,135450,699-40-62,578.621883,2,299-W14-22,3391.601766,0,0,0,0,0,0,0,0,0,0,0,0,0,0,0,0,0,0,0
2947,Point,74,109,571750,135450,699-40-62,664.794167,3,299-W14-22,3489.702644,0,0,0,0,0,0,0,0,0,0,0,0,0,0,0,0,0,0,0
2948,Point,74,110,571850,135450,699-40-62,754.386694,3,299-W14-22,3587.90838,0,0,0,0,0,0,0,0,0,0,0,0,0,0,0,0,0,0,0
2949,Point,74,111,571950,135450,699-40-62,846.313939,4,299-W14-22,3686.210594,0,0,0,0,0,0,0,0,0,0,0,0,0,0,0,0,0,0,0
2950,Point,74,112,572050,135450,699-40-62,939.891102,4,299-W14-22,3784.601768,0,0,0,0,0,0,0,0,0,0,0,0,0,0,0,0,0,0,0
2951,Point,74,113,572150,135450,699-40-62,1034.670616,4,299-W14-22,3883.07514,0,0,0,0,0,0,0,0,0,0,0,0,0,0,0,0,0,0,0
2952,Point,75,32,564050,135350,299-W17-1,1298.536426,4,299-W15-225,2715.556806,0,0,0,0,0,0,0,0,0,0,0,0,0,0,0,0,0,0,0
2953,Point,75,33,564150,135350,299-W17-1,1201.69083,4,299-W15-225,2619.690586,0,0,0,0,0,0,0,0,0,0,0,0,0,0,0,0,0,0,0
2954,Point,75,34,564250,135350,299-W17-1,1105.407097,4,299-W15-225,2524.145156,0,0,0,0,0,0,0,0,0,0,0,0,0,0,0,0,0,0,0
2955,Point,75,35,564350,135350,299-W17-1,1009.845954,4,299-W15-225,2428.958371,0,0,0,0,0,0,0,0,0,0,0,0,0,0,0,0,0,0,0
2956,Point,75,36,564450,135350,299-W17-1,915.233768,4,299-W15-225,2334.174108,0,0,0,0,0,0,0,0,0,0,0,0,0,0,0,0,0,0,0
2957,Point,75,37,564550,135350,299-W17-1,821.898321,4,299-W15-225,2239.843469,0,0,0,0,0,0,0,0,0,0,0,0,0,0,0,0,0,0,0
2958,Point,75,38,564650,135350,299-W17-1,730.329275,3,299-W15-225,2146.026274,0,0,0,0,0,0,0,0,0,0,0,0,0,0,0,0,0,0,0
2959,Point,75,39,564750,135350,299-W17-1,641.283752,3,299-W15-225,2052.792919,0,0,0,0,0,0,0,0,0,0,0,0,0,0,0,0,0,0,0
2960,Point,75,40,564850,135350,299-W17-1,555.975584,2,299-W15-225,1960.226713,0,0,0,0,0,0,0,0,0,0,0,0,0,0,0,0,0,0,0
2961,Point,75,41,564950,135350,299-W17-1,476.416677,2,299-W15-225,1868.426816,0,0,0,0,0,0,0,0,0,0,0,0,0,0,0,0,0,0,0
2962,Point,75,42,565050,135350,299-W17-1,406.001047,2,299-W15-225,1777.51196,0,0,0,0,0,0,0,0,0,0,0,0,0,0,0,0,0,0,0
2963,Point,75,43,565150,135350,299-W17-1,350.286811,1,299-W15-225,1687.625186,0,0,0,0,0,0,0,0,0,0,0,0,0,0,0,0,0,0,0
2964,Point,75,44,565250,135350,299-W17-1,317.119615,1,299-W15-225,1598.939889,0,0,0,0,0,0,0,0,0,0,0,0,0,0,0,0,0,0,0
2965,Point,75,45,565350,135350,299-W17-1,313.733725,1,299-W15-225,1511.667545,0,0,0,0,0,0,0,0,0,0,0,0,0,0,0,0,0,0,0
2966,Point,75,46,565450,135350,299-W17-1,341.017375,1,299-W15-225,1426.067589,0,0,0,0,0,0,0,0,0,0,0,0,0,0,0,0,0,0,0
2967,Point,75,47,565550,135350,299-W17-1,392.628132,1,299-W15-225,1342.459969,0,0,0,0,0,0,0,0,0,0,0,0,0,0,0,0,0,0,0
2968,Point,75,48,565650,135350,299-W18-263,451.868126,2,299-W15-225,1261.240963,0,0,0,0,0,0,0,0,0,0,0,0,0,0,0,0,0,0,0
2969,Point,75,49,565750,135350,299-W18-263,355.567438,1,299-W17-3,1176.155301,0,0,0,0,0,0,0,0,0,0,0,0,0,0,0,0,0,0,0
2970,Point,75,50,565850,135350,299-W18-263,262.052672,1,299-W17-3,1076.179954,0,0,0,0,0,0,0,0,0,0,0,0,0,0,0,0,0,0,0
2971,Point,75,51,565950,135350,299-W18-263,175.826628,0,299-W17-3,976.209656,0,0,0,0,0,0,0,0,0,0,0,0,0,0,0,0,0,0,0
2972,Point,75,52,566050,135350,299-W18-263,114.710083,0,299-W17-3,876.246137,0,0,0,0,0,0,0,0,0,0,0,0,0,0,0,0,0,0,0
2973,Point,75,53,566150,135350,299-W18-263,124.104001,0,299-W17-3,776.292015,0,0,0,0,0,0,0,0,0,0,0,0,0,0,0,0,0,0,0
2974,Point,75,54,566250,135350,299-W18-263,194.023718,0,299-W17-3,676.351456,0,0,0,0,0,0,0,0,0,0,0,0,0,0,0,0,0,0,0
2975,Point,75,55,566350,135350,299-W18-1,135.601399,0,299-W17-3,576.431516,0,0,0,0,0,0,0,0,0,0,0,0,0,0,0,0,0,0,0
2976,Point,75,56,566450,135350,299-W18-1,118.679144,0,299-W17-3,476.545163,0,0,0,0,0,0,0,0,0,0,0,0,0,0,0,0,0,0,0
2977,Point,75,57,566550,135350,299-W18-16,93.592086,0,299-W17-3,376.719116,0,0,0,0,0,0,0,0,0,0,0,0,0,0,0,0,0,0,0
2978,Point,75,58,566650,135350,299-W18-16,88.031123,0,299-W17-3,277.018578,1,0,0,0,0,0,0,0,0,0,0,0,0,0,0,0,0,0,0
2979,Point,75,59,566750,135350,299-W15-37,107.070215,0,299-W17-3,177.654982,2,0,0,0,0,0,0,0,0,0,0,0,0,0,0,0,0,0,0
2980,Point,75,60,566850,135350,299-W17-3,79.89551,0,299-W17-3,79.89551,3,0,0,0,0,0,0,0,0,0,0,0,0,0,0,0,0,0,0
2981,Point,75,61,566950,135350,299-W17-3,34.717323,0,299-W17-3,34.717323,4,0,0,0,0,0,0,0,0,0,0,0,0,0,0,0,0,0,0
2982,Point,75,62,567050,135350,299-W19-128,106.20877,0,299-W17-3,126.598944,2,0,0,0,0,0,0,0,0,0,0,0,0,0,0,0,0,0,0
2983,Point,75,63,567150,135350,299-W19-128,175.41466,0,299-W17-3,225.497877,1,0,0,0,0,0,0,0,0,0,0,0,0,0,0,0,0,0,0
2984,Point,75,64,567250,135350,299-W19-128,265.066601,1,299-W17-3,325.071211,0,0,0,0,0,0,0,0,0,0,0,0,0,0,0,0,0,0,0
2985,Point,75,65,567350,135350,299-W19-126,253.248786,1,299-W19-123,396.34932,0,0,0,0,0,0,0,0,0,0,0,0,0,0,0,0,0,0,0
2986,Point,75,66,567450,135350,299-W19-126,254.328425,1,299-W19-123,367.084164,0,0,0,0,0,0,0,0,0,0,0,0,0,0,0,0,0,0,0
2987,Point,75,67,567550,135350,299-W14-71,284.759128,1,299-W19-134,341.273934,0,0,0,0,0,0,0,0,0,0,0,0,0,0,0,0,0,0,0
2988,Point,75,68,567650,135350,299-W14-71,233.241851,1,299-W19-134,332.361096,0,0,0,0,0,0,0,0,0,0,0,0,0,0,0,0,0,0,0
2989,Point,75,69,567750,135350,299-W19-4,199.932569,0,299-W19-113,347.092184,0,0,0,0,0,0,0,0,0,0,0,0,0,0,0,0,0,0,0
2990,Point,75,70,567850,135350,299-W19-4,99.934138,0,299-W19-114,340.76396,0,0,0,0,0,0,0,0,0,0,0,0,0,0,0,0,0,0,0
2991,Point,75,71,567950,135350,299-W19-4,0.795,0,299-W19-114,340.208871,0,0,0,0,0,0,0,0,0,0,0,0,0,0,0,0,0,0,0
2992,Point,75,72,568050,135350,299-W19-4,100.072134,0,299-W13-5,358.019977,0,0,0,0,0,0,0,0,0,0,0,0,0,0,0,0,0,0,0
2993,Point,75,73,568150,135350,299-W19-4,200.070568,1,299-W13-5,355.106046,0,0,0,0,0,0,0,0,0,0,0,0,0,0,0,0,0,0,0
2994,Point,75,74,568250,135350,699-38-70B,219.91883,1,299-W13-5,379.502706,0,0,0,0,0,0,0,0,0,0,0,0,0,0,0,0,0,0,0
2995,Point,75,75,568350,135350,699-38-70B,120.599716,0,299-W13-5,426.549299,0,0,0,0,0,0,0,0,0,0,0,0,0,0,0,0,0,0,0
2996,Point,75,76,568450,135350,699-38-70B,26.912666,0,299-W13-5,489.761477,0,0,0,0,0,0,0,0,0,0,0,0,0,0,0,0,0,0,0
2997,Point,75,77,568550,135350,699-38-70B,83.092067,0,299-W13-5,563.727154,0,0,0,0,0,0,0,0,0,0,0,0,0,0,0,0,0,0,0
2998,Point,75,78,568650,135350,699-38-70B,181.890878,0,299-W13-5,644.756004,0,0,0,0,0,0,0,0,0,0,0,0,0,0,0,0,0,0,0
2999,Point,75,79,568750,135350,699-38-70B,281.539148,1,299-W13-5,730.501406,0,0,0,0,0,0,0,0,0,0,0,0,0,0,0,0,0,0,0
3000,Point,75,80,568850,135350,699-39-68,228.550395,1,299-W13-5,819.48417,0,0,0,0,0,0,0,0,0,0,0,0,0,0,0,0,0,0,0
3001,Point,75,81,568950,135350,699-39-68,129.055348,0,299-W13-5,910.755897,0,0,0,0,0,0,0,0,0,0,0,0,0,0,0,0,0,0,0
3002,Point,75,82,569050,135350,699-39-68,32.791507,0,299-W13-5,1003.692335,0,0,0,0,0,0,0,0,0,0,0,0,0,0,0,0,0,0,0
3003,Point,75,83,569150,135350,699-38-70C,70.269684,0,299-W13-5,1097.870805,0,0,0,0,0,0,0,0,0,0,0,0,0,0,0,0,0,0,0
3004,Point,75,84,569250,135350,699-38-70C,167.677752,0,299-W13-5,1192.997194,0,0,0,0,0,0,0,0,0,0,0,0,0,0,0,0,0,0,0
3005,Point,75,85,569350,135350,699-38-70C,267.009042,1,299-W14-22,1280.622716,0,0,0,0,0,0,0,0,0,0,0,0,0,0,0,0,0,0,0
3006,Point,75,86,569450,135350,699-38-70C,366.704007,1,299-W14-22,1362.004604,0,0,0,0,0,0,0,0,0,0,0,0,0,0,0,0,0,0,0
3007,Point,75,87,569550,135350,699-38-64B,351.508539,1,299-W14-22,1445.724227,0,0,0,0,0,0,0,0,0,0,0,0,0,0,0,0,0,0,0
3008,Point,75,88,569650,135350,699-38-64B,252.020343,1,299-W14-22,1531.39823,0,0,0,0,0,0,0,0,0,0,0,0,0,0,0,0,0,0,0
3009,Point,75,89,569750,135350,699-38-64B,153.200043,0,299-W14-22,1618.716325,0,0,0,0,0,0,0,0,0,0,0,0,0,0,0,0,0,0,0
3010,Point,75,90,569850,135350,699-38-64B,58.534206,0,299-W14-22,1707.426291,0,0,0,0,0,0,0,0,0,0,0,0,0,0,0,0,0,0,0
3011,Point,75,91,569950,135350,699-38-64B,58.157143,0,299-W14-22,1797.322047,0,0,0,0,0,0,0,0,0,0,0,0,0,0,0,0,0,0,0
3012,Point,75,92,570050,135350,699-38-64B,152.768627,0,299-W14-22,1888.234239,0,0,0,0,0,0,0,0,0,0,0,0,0,0,0,0,0,0,0
3013,Point,75,93,570150,135350,699-38-64B,251.583492,1,299-W14-22,1980.022864,0,0,0,0,0,0,0,0,0,0,0,0,0,0,0,0,0,0,0
3014,Point,75,94,570250,135350,699-38-65,348.90646,1,299-W14-22,2072.57148,0,0,0,0,0,0,0,0,0,0,0,0,0,0,0,0,0,0,0
3015,Point,75,95,570350,135350,699-38-65,404.596982,2,299-W14-22,2165.782662,0,0,0,0,0,0,0,0,0,0,0,0,0,0,0,0,0,0,0
3016,Point,75,96,570450,135350,699-38-65,475.038649,2,299-W14-22,2259.574416,0,0,0,0,0,0,0,0,0,0,0,0,0,0,0,0,0,0,0
3017,Point,75,97,570550,135350,699-38-65,554.639268,2,299-W14-22,2353.877342,0,0,0,0,0,0,0,0,0,0,0,0,0,0,0,0,0,0,0
3018,Point,75,98,570650,135350,699-38-65,639.990404,3,299-W14-22,2448.632382,0,0,0,0,0,0,0,0,0,0,0,0,0,0,0,0,0,0,0
3019,Point,75,99,570750,135350,699-40-62,585.965258,2,299-W14-22,2543.789013,0,0,0,0,0,0,0,0,0,0,0,0,0,0,0,0,0,0,0
3020,Point,75,100,570850,135350,699-38-61,510.531667,2,299-W14-22,2639.303798,0,0,0,0,0,0,0,0,0,0,0,0,0,0,0,0,0,0,0
3021,Point,75,101,570950,135350,699-38-61,443.647589,2,299-W14-22,2735.139218,0,0,0,0,0,0,0,0,0,0,0,0,0,0,0,0,0,0,0
3022,Point,75,102,571050,135350,699-38-61,391.15698,1,299-W14-22,2831.262711,0,0,0,0,0,0,0,0,0,0,0,0,0,0,0,0,0,0,0
3023,Point,75,103,571150,135350,699-38-61,359.422291,1,299-W14-22,2927.645904,0,0,0,0,0,0,0,0,0,0,0,0,0,0,0,0,0,0,0
3024,Point,75,104,571250,135350,699-38-61,354.069178,1,299-W14-22,3024.263967,0,0,0,0,0,0,0,0,0,0,0,0,0,0,0,0,0,0,0
3025,Point,75,105,571350,135350,699-38-61,376.225442,1,299-W14-22,3121.095087,0,0,0,0,0,0,0,0,0,0,0,0,0,0,0,0,0,0,0
3026,Point,75,106,571450,135350,699-38-61,421.575833,2,299-W14-22,3218.120032,0,0,0,0,0,0,0,0,0,0,0,0,0,0,0,0,0,0,0
3027,Point,75,107,571550,135350,699-38-61,483.639104,2,299-W14-22,3315.321785,0,0,0,0,0,0,0,0,0,0,0,0,0,0,0,0,0,0,0
3028,Point,75,108,571650,135350,699-38-61,556.854903,2,299-W14-22,3412.685239,0,0,0,0,0,0,0,0,0,0,0,0,0,0,0,0,0,0,0
3029,Point,75,109,571750,135350,699-38-61,637.391546,3,299-W14-22,3510.196938,0,0,0,0,0,0,0,0,0,0,0,0,0,0,0,0,0,0,0
3030,Point,75,110,571850,135350,699-38-61,722.806048,3,299-W14-22,3607.844861,0,0,0,0,0,0,0,0,0,0,0,0,0,0,0,0,0,0,0
3031,Point,75,111,571950,135350,699-38-61,811.559722,4,299-W14-22,3705.61824,0,0,0,0,0,0,0,0,0,0,0,0,0,0,0,0,0,0,0
3032,Point,75,112,572050,135350,699-38-61,902.668147,4,299-W14-22,3803.5074,0,0,0,0,0,0,0,0,0,0,0,0,0,0,0,0,0,0,0
3033,Point,75,113,572150,135350,699-38-61,995.484999,4,299-W14-22,3901.503626,0,0,0,0,0,0,0,0,0,0,0,0,0,0,0,0,0,0,0
3034,Point,76,32,564050,135250,299-W17-1,1278.258522,4,299-W15-225,2745.183922,0,0,0,0,0,0,0,0,0,0,0,0,0,0,0,0,0,0,0
3035,Point,76,33,564150,135250,299-W17-1,1179.749486,4,299-W15-225,2650.38955,0,0,0,0,0,0,0,0,0,0,0,0,0,0,0,0,0,0,0
3036,Point,76,34,564250,135250,299-W17-1,1081.514147,4,299-W15-225,2555.991934,0,0,0,0,0,0,0,0,0,0,0,0,0,0,0,0,0,0,0
3037,Point,76,35,564350,135250,299-W17-1,983.63451,4,299-W15-225,2462.036711,0,0,0,0,0,0,0,0,0,0,0,0,0,0,0,0,0,0,0
3038,Point,76,36,564450,135250,299-W17-1,886.228441,4,299-W15-225,2368.576528,0,0,0,0,0,0,0,0,0,0,0,0,0,0,0,0,0,0,0
3039,Point,76,37,564550,135250,299-W17-1,789.471247,3,299-W15-225,2275.672377,0,0,0,0,0,0,0,0,0,0,0,0,0,0,0,0,0,0,0
3040,Point,76,38,564650,135250,299-W17-1,693.634522,3,299-W15-225,2183.395238,0,0,0,0,0,0,0,0,0,0,0,0,0,0,0,0,0,0,0
3041,Point,76,39,564750,135250,299-W17-1,599.160121,2,299-W15-225,2091.828092,0,0,0,0,0,0,0,0,0,0,0,0,0,0,0,0,0,0,0
3042,Point,76,40,564850,135250,299-W17-1,506.810468,2,299-W15-225,2001.068406,0,0,0,0,0,0,0,0,0,0,0,0,0,0,0,0,0,0,0
3043,Point,76,41,564950,135250,299-W17-1,417.996232,2,299-W15-225,1911.231218,0,0,0,0,0,0,0,0,0,0,0,0,0,0,0,0,0,0,0
3044,Point,76,42,565050,135250,299-W17-1,335.53666,1,299-W15-225,1822.452953,0,0,0,0,0,0,0,0,0,0,0,0,0,0,0,0,0,0,0
3045,Point,76,43,565150,135250,299-W17-1,265.422022,1,299-W15-225,1734.896183,0,0,0,0,0,0,0,0,0,0,0,0,0,0,0,0,0,0,0
3046,Point,76,44,565250,135250,299-W17-1,219.801843,1,299-W15-225,1648.755521,0,0,0,0,0,0,0,0,0,0,0,0,0,0,0,0,0,0,0
3047,Point,76,45,565350,135250,299-W17-1,214.887994,1,299-W15-225,1564.264929,0,0,0,0,0,0,0,0,0,0,0,0,0,0,0,0,0,0,0
3048,Point,76,46,565450,135250,299-W17-1,253.062937,1,299-W17-3,1477.795416,0,0,0,0,0,0,0,0,0,0,0,0,0,0,0,0,0,0,0
3049,Point,76,47,565550,135250,299-W17-1,319.225391,1,299-W17-3,1377.933704,0,0,0,0,0,0,0,0,0,0,0,0,0,0,0,0,0,0,0
3050,Point,76,48,565650,135250,299-W17-1,399.710958,1,299-W17-3,1278.093616,0,0,0,0,0,0,0,0,0,0,0,0,0,0,0,0,0,0,0
3051,Point,76,49,565750,135250,299-W18-263,397.516293,1,299-W17-3,1178.280651,0,0,0,0,0,0,0,0,0,0,0,0,0,0,0,0,0,0,0
3052,Point,76,50,565850,135250,299-W18-263,316.642706,1,299-W17-3,1078.502338,0,0,0,0,0,0,0,0,0,0,0,0,0,0,0,0,0,0,0
3053,Point,76,51,565950,135250,299-W18-263,250.012006,1,299-W17-3,978.769274,0,0,0,0,0,0,0,0,0,0,0,0,0,0,0,0,0,0,0
3054,Point,76,52,566050,135250,299-W18-263,211.540547,1,299-W17-3,879.096862,0,0,0,0,0,0,0,0,0,0,0,0,0,0,0,0,0,0,0
3055,Point,76,53,566150,135250,299-W18-263,216.778235,1,299-W17-3,779.508366,0,0,0,0,0,0,0,0,0,0,0,0,0,0,0,0,0,0,0
3056,Point,76,54,566250,135250,299-W18-46,255.228745,1,299-W17-3,680.040655,0,0,0,0,0,0,0,0,0,0,0,0,0,0,0,0,0,0,0
3057,Point,76,55,566350,135250,299-W18-1,226.781259,1,299-W17-3,580.755794,0,0,0,0,0,0,0,0,0,0,0,0,0,0,0,0,0,0,0
3058,Point,76,56,566450,135250,299-W18-1,217.08694,1,299-W17-3,481.766845,0,0,0,0,0,0,0,0,0,0,0,0,0,0,0,0,0,0,0
3059,Point,76,57,566550,135250,299-W15-37,166.476518,0,299-W17-3,383.303134,0,0,0,0,0,0,0,0,0,0,0,0,0,0,0,0,0,0,0
3060,Point,76,58,566650,135250,299-W15-37,66.489329,0,299-W17-3,285.907839,1,0,0,0,0,0,0,0,0,0,0,0,0,0,0,0,0,0,0
3061,Point,76,59,566750,135250,299-W15-37,33.574259,0,299-W17-3,191.220534,2,0,0,0,0,0,0,0,0,0,0,0,0,0,0,0,0,0,0
3062,Point,76,60,566850,135250,299-W18-260,54.570356,0,299-W17-3,106.711258,2,0,0,0,0,0,0,0,0,0,0,0,0,0,0,0,0,0,0
3063,Point,76,61,566950,135250,299-W19-128,52.785442,0,299-W17-3,78.799064,3,0,0,0,0,0,0,0,0,0,0,0,0,0,0,0,0,0,0
3064,Point,76,62,567050,135250,299-W19-128,47.710616,0,299-W17-3,145.021697,2,0,0,0,0,0,0,0,0,0,0,0,0,0,0,0,0,0,0
3065,Point,76,63,567150,135250,299-W19-128,147.534074,0,299-W17-3,236.333012,1,0,0,0,0,0,0,0,0,0,0,0,0,0,0,0,0,0,0
3066,Point,76,64,567250,135250,299-W19-126,209.348866,1,299-W17-3,332.678963,0,0,0,0,0,0,0,0,0,0,0,0,0,0,0,0,0,0,0
3067,Point,76,65,567350,135250,299-W19-126,156.124782,0,299-W19-123,307.767418,0,0,0,0,0,0,0,0,0,0,0,0,0,0,0,0,0,0,0
3068,Point,76,66,567450,135250,299-W19-126,157.870034,0,299-W19-123,269.033053,1,0,0,0,0,0,0,0,0,0,0,0,0,0,0,0,0,0,0
3069,Point,76,67,567550,135250,299-W19-126,213.239179,1,299-W19-134,245.185436,1,0,0,0,0,0,0,0,0,0,0,0,0,0,0,0,0,0,0
3070,Point,76,68,567650,135250,299-W19-125,173.920505,0,299-W19-134,232.619642,1,0,0,0,0,0,0,0,0,0,0,0,0,0,0,0,0,0,0
3071,Point,76,69,567750,135250,299-W19-125,161.926965,0,299-W19-113,249.224767,1,0,0,0,0,0,0,0,0,0,0,0,0,0,0,0,0,0,0
3072,Point,76,70,567850,135250,299-W19-4,141.9339,0,299-W19-114,242.408903,1,0,0,0,0,0,0,0,0,0,0,0,0,0,0,0,0,0,0
3073,Point,76,71,567950,135250,299-W19-107,65.250077,0,299-W19-114,241.627971,1,0,0,0,0,0,0,0,0,0,0,0,0,0,0,0,0,0,0
3074,Point,76,72,568050,135250,299-W19-107,68.436631,0,299-W19-114,279.295679,1,0,0,0,0,0,0,0,0,0,0,0,0,0,0,0,0,0,0
3075,Point,76,73,568150,135250,299-W19-107,158.460003,0,299-W19-114,342.969497,0,0,0,0,0,0,0,0,0,0,0,0,0,0,0,0,0,0,0
3076,Point,76,74,568250,135250,299-W20-1,198.257514,0,299-W19-114,421.010779,0,0,0,0,0,0,0,0,0,0,0,0,0,0,0,0,0,0,0
3077,Point,76,75,568350,135250,699-38-70B,144.056557,0,299-W19-114,506.825489,0,0,0,0,0,0,0,0,0,0,0,0,0,0,0,0,0,0,0
3078,Point,76,76,568450,135250,699-38-70B,83.260384,0,299-W13-5,566.078002,0,0,0,0,0,0,0,0,0,0,0,0,0,0,0,0,0,0,0
3079,Point,76,77,568550,135250,699-38-70B,114.508915,0,299-W13-5,631.162661,0,0,0,0,0,0,0,0,0,0,0,0,0,0,0,0,0,0,0
3080,Point,76,78,568650,135250,699-38-70B,198.222833,0,299-W13-5,704.477327,0,0,0,0,0,0,0,0,0,0,0,0,0,0,0,0,0,0,0
3081,Point,76,79,568750,135250,299-W19-116,288.197262,1,299-W13-5,783.715704,0,0,0,0,0,0,0,0,0,0,0,0,0,0,0,0,0,0,0
3082,Point,76,80,568850,135250,699-39-68,242.465014,1,299-W13-5,867.255616,0,0,0,0,0,0,0,0,0,0,0,0,0,0,0,0,0,0,0
3083,Point,76,81,568950,135250,699-39-68,152.345932,0,299-W13-5,953.967664,0,0,0,0,0,0,0,0,0,0,0,0,0,0,0,0,0,0,0
3084,Point,76,82,569050,135250,699-38-70C,82.920616,0,299-W13-5,1043.061026,0,0,0,0,0,0,0,0,0,0,0,0,0,0,0,0,0,0,0
3085,Point,76,83,569150,135250,699-38-70C,100.268781,0,299-W13-5,1133.974561,0,0,0,0,0,0,0,0,0,0,0,0,0,0,0,0,0,0,0
3086,Point,76,84,569250,135250,699-38-70C,182.295991,0,299-W13-5,1226.303512,0,0,0,0,0,0,0,0,0,0,0,0,0,0,0,0,0,0,0
3087,Point,76,85,569350,135250,699-38-70C,276.423278,1,299-W13-5,1319.750849,0,0,0,0,0,0,0,0,0,0,0,0,0,0,0,0,0,0,0
3088,Point,76,86,569450,135250,699-37-67,300.800628,1,299-W13-5,1414.094871,0,0,0,0,0,0,0,0,0,0,0,0,0,0,0,0,0,0,0
3089,Point,76,87,569550,135250,699-37-67,293.988126,1,299-W14-22,1501.191707,0,0,0,0,0,0,0,0,0,0,0,0,0,0,0,0,0,0,0
3090,Point,76,88,569650,135250,699-38-64B,259.808109,1,299-W14-22,1583.868221,0,0,0,0,0,0,0,0,0,0,0,0,0,0,0,0,0,0,0
3091,Point,76,89,569750,135250,699-38-64B,165.699286,0,299-W14-22,1668.442549,0,0,0,0,0,0,0,0,0,0,0,0,0,0,0,0,0,0,0
3092,Point,76,90,569850,135250,699-38-64B,86.094444,0,299-W14-22,1754.640288,0,0,0,0,0,0,0,0,0,0,0,0,0,0,0,0,0,0,0
3093,Point,76,91,569950,135250,699-38-64B,85.83853,0,299-W14-22,1842.233574,0,0,0,0,0,0,0,0,0,0,0,0,0,0,0,0,0,0,0
3094,Point,76,92,570050,135250,699-38-64B,165.300494,0,299-W14-22,1931.032506,0,0,0,0,0,0,0,0,0,0,0,0,0,0,0,0,0,0,0
3095,Point,76,93,570150,135250,699-38-65,218.499697,1,299-W14-22,2020.878161,0,0,0,0,0,0,0,0,0,0,0,0,0,0,0,0,0,0,0
3096,Point,76,94,570250,135250,699-38-65,264.017268,1,299-W14-22,2111.636934,0,0,0,0,0,0,0,0,0,0,0,0,0,0,0,0,0,0,0
3097,Point,76,95,570350,135250,699-38-65,334.167799,1,299-W14-22,2203.195983,0,0,0,0,0,0,0,0,0,0,0,0,0,0,0,0,0,0,0
3098,Point,76,96,570450,135250,699-38-65,416.690674,2,299-W14-22,2295.459549,0,0,0,0,0,0,0,0,0,0,0,0,0,0,0,0,0,0,0
3099,Point,76,97,570550,135250,699-38-65,505.563169,2,299-W14-22,2388.345984,0,0,0,0,0,0,0,0,0,0,0,0,0,0,0,0,0,0,0
3100,Point,76,98,570650,135250,699-38-65,597.960799,2,299-W14-22,2481.785353,0,0,0,0,0,0,0,0,0,0,0,0,0,0,0,0,0,0,0
3101,Point,76,99,570750,135250,699-38-61,532.839922,2,299-W14-22,2575.717481,0,0,0,0,0,0,0,0,0,0,0,0,0,0,0,0,0,0,0
3102,Point,76,100,570850,135250,699-38-61,447.324248,2,299-W14-22,2670.090362,0,0,0,0,0,0,0,0,0,0,0,0,0,0,0,0,0,0,0
3103,Point,76,101,570950,135250,699-38-61,369.160647,1,299-W14-22,2764.858864,0,0,0,0,0,0,0,0,0,0,0,0,0,0,0,0,0,0,0
3104,Point,76,102,571050,135250,699-38-61,304.072661,1,299-W14-22,2859.983661,0,0,0,0,0,0,0,0,0,0,0,0,0,0,0,0,0,0,0
3105,Point,76,103,571150,135250,699-38-61,261.99386,1,299-W14-22,2955.430348,0,0,0,0,0,0,0,0,0,0,0,0,0,0,0,0,0,0,0
3106,Point,76,104,571250,135250,699-38-61,254.600438,1,299-W14-22,3051.168717,0,0,0,0,0,0,0,0,0,0,0,0,0,0,0,0,0,0,0
3107,Point,76,105,571350,135250,699-38-61,284.608473,1,299-W14-22,3147.17215,0,0,0,0,0,0,0,0,0,0,0,0,0,0,0,0,0,0,0
3108,Point,76,106,571450,135250,699-38-61,342.319417,1,299-W14-22,3243.417109,0,0,0,0,0,0,0,0,0,0,0,0,0,0,0,0,0,0,0
3109,Point,76,107,571550,135250,699-38-61,416.369047,2,299-W14-22,3339.882714,0,0,0,0,0,0,0,0,0,0,0,0,0,0,0,0,0,0,0
3110,Point,76,108,571650,135250,699-38-61,499.543575,2,299-W14-22,3436.550384,0,0,0,0,0,0,0,0,0,0,0,0,0,0,0,0,0,0,0
3111,Point,76,109,571750,135250,699-38-61,587.983319,2,299-W14-22,3533.403535,0,0,0,0,0,0,0,0,0,0,0,0,0,0,0,0,0,0,0
3112,Point,76,110,571850,135250,699-38-61,679.635919,3,299-W14-22,3630.427322,0,0,0,0,0,0,0,0,0,0,0,0,0,0,0,0,0,0,0
3113,Point,76,111,571950,135250,699-38-61,773.359931,3,299-W14-22,3727.608421,0,0,0,0,0,0,0,0,0,0,0,0,0,0,0,0,0,0,0
3114,Point,76,112,572050,135250,699-38-61,868.484993,4,299-W14-22,3824.934841,0,0,0,0,0,0,0,0,0,0,0,0,0,0,0,0,0,0,0
3115,Point,76,113,572150,135250,699-38-61,964.596694,4,299-W14-22,3922.395765,0,0,0,0,0,0,0,0,0,0,0,0,0,0,0,0,0,0,0
3116,Point,77,32,564050,135150,299-W17-1,1265.580045,4,299-W15-225,2778.096609,0,0,0,0,0,0,0,0,0,0,0,0,0,0,0,0,0,0,0
3117,Point,77,33,564150,135150,299-W17-1,1166.000364,4,299-W15-225,2684.464708,0,0,0,0,0,0,0,0,0,0,0,0,0,0,0,0,0,0,0
3118,Point,77,34,564250,135150,299-W17-1,1066.499344,4,299-W15-225,2591.308698,0,0,0,0,0,0,0,0,0,0,0,0,0,0,0,0,0,0,0
3119,Point,77,35,564350,135150,299-W17-1,967.101262,4,299-W15-225,2498.681806,0,0,0,0,0,0,0,0,0,0,0,0,0,0,0,0,0,0,0
3120,Point,77,36,564450,135150,299-W17-1,867.841489,4,299-W15-225,2406.645127,0,0,0,0,0,0,0,0,0,0,0,0,0,0,0,0,0,0,0
3121,Point,77,37,564550,135150,299-W17-1,768.773601,3,299-W15-225,2315.269049,0,0,0,0,0,0,0,0,0,0,0,0,0,0,0,0,0,0,0
3122,Point,77,38,564650,135150,299-W17-1,669.982724,3,299-W15-225,2224.634974,0,0,0,0,0,0,0,0,0,0,0,0,0,0,0,0,0,0,0
3123,Point,77,39,564750,135150,299-W17-1,571.6125,2,299-W15-225,2134.83741,0,0,0,0,0,0,0,0,0,0,0,0,0,0,0,0,0,0,0
3124,Point,77,40,564850,135150,299-W17-1,473.924941,2,299-W15-225,2045.986502,0,0,0,0,0,0,0,0,0,0,0,0,0,0,0,0,0,0,0
3125,Point,77,41,564950,135150,299-W17-1,377.45046,1,299-W15-225,1958.211114,0,0,0,0,0,0,0,0,0,0,0,0,0,0,0,0,0,0,0
3126,Point,77,42,565050,135150,299-W17-1,283.430503,1,299-W15-225,1871.662568,0,0,0,0,0,0,0,0,0,0,0,0,0,0,0,0,0,0,0
3127,Point,77,43,565150,135150,299-W17-1,195.440144,0,299-W17-3,1784.493568,0,0,0,0,0,0,0,0,0,0,0,0,0,0,0,0,0,0,0
3128,Point,77,44,565250,135150,299-W17-1,126.731409,0,299-W17-3,1685.004241,0,0,0,0,0,0,0,0,0,0,0,0,0,0,0,0,0,0,0
3129,Point,77,45,565350,135150,299-W17-1,118.003602,0,299-W17-3,1585.579166,0,0,0,0,0,0,0,0,0,0,0,0,0,0,0,0,0,0,0
3130,Point,77,46,565450,135150,299-W17-1,178.294279,0,299-W17-3,1486.231238,0,0,0,0,0,0,0,0,0,0,0,0,0,0,0,0,0,0,0
3131,Point,77,47,565550,135150,299-W17-1,263.918264,1,299-W17-3,1386.977034,0,0,0,0,0,0,0,0,0,0,0,0,0,0,0,0,0,0,0
3132,Point,77,48,565650,135150,299-W17-1,357.095015,1,299-W17-3,1287.838225,0,0,0,0,0,0,0,0,0,0,0,0,0,0,0,0,0,0,0
3133,Point,77,49,565750,135150,299-W18-22,374.461501,1,299-W17-3,1188.843679,0,0,0,0,0,0,0,0,0,0,0,0,0,0,0,0,0,0,0
3134,Point,77,50,565850,135150,299-W18-22,287.219456,1,299-W17-3,1090.032702,0,0,0,0,0,0,0,0,0,0,0,0,0,0,0,0,0,0,0
3135,Point,77,51,565950,135150,299-W18-22,211.585954,1,299-W17-3,991.460182,0,0,0,0,0,0,0,0,0,0,0,0,0,0,0,0,0,0,0
3136,Point,77,52,566050,135150,299-W18-22,164.445176,0,299-W17-3,893.205067,0,0,0,0,0,0,0,0,0,0,0,0,0,0,0,0,0,0,0
3137,Point,77,53,566150,135150,299-W18-22,171.218621,0,299-W17-3,795.384996,0,0,0,0,0,0,0,0,0,0,0,0,0,0,0,0,0,0,0
3138,Point,77,54,566250,135150,299-W18-46,164.029609,0,299-W17-3,698.18285,0,0,0,0,0,0,0,0,0,0,0,0,0,0,0,0,0,0,0
3139,Point,77,55,566350,135150,299-W18-46,142.139764,0,299-W17-3,601.898075,0,0,0,0,0,0,0,0,0,0,0,0,0,0,0,0,0,0,0
3140,Point,77,56,566450,135150,299-W18-46,183.03473,0,299-W17-3,507.05354,0,0,0,0,0,0,0,0,0,0,0,0,0,0,0,0,0,0,0
3141,Point,77,57,566550,135150,299-W18-261,114.26445,0,299-W17-3,414.638749,0,0,0,0,0,0,0,0,0,0,0,0,0,0,0,0,0,0,0
3142,Point,77,58,566650,135150,299-W18-261,89.280258,0,299-W17-3,326.722042,0,0,0,0,0,0,0,0,0,0,0,0,0,0,0,0,0,0,0
3143,Point,77,59,566750,135150,299-W15-37,103.876999,0,299-W17-3,248.131603,1,0,0,0,0,0,0,0,0,0,0,0,0,0,0,0,0,0,0
3144,Point,77,60,566850,135150,299-W19-47,46.836478,0,299-W17-3,190.765019,2,0,0,0,0,0,0,0,0,0,0,0,0,0,0,0,0,0,0
3145,Point,77,61,566950,135150,299-W19-47,55.961198,0,299-W17-3,176.67284,2,0,0,0,0,0,0,0,0,0,0,0,0,0,0,0,0,0,0
3146,Point,77,62,567050,135150,299-W19-127,41.470435,0,299-W17-3,214.558366,1,0,0,0,0,0,0,0,0,0,0,0,0,0,0,0,0,0,0
3147,Point,77,63,567150,135150,299-W19-127,119.890771,0,299-W17-3,284.354167,1,0,0,0,0,0,0,0,0,0,0,0,0,0,0,0,0,0,0
3148,Point,77,64,567250,135150,299-W19-126,155.135256,0,299-W19-123,307.718676,0,0,0,0,0,0,0,0,0,0,0,0,0,0,0,0,0,0,0
3149,Point,77,65,567350,135150,299-W19-126,67.933406,0,299-W19-123,228.798566,1,0,0,0,0,0,0,0,0,0,0,0,0,0,0,0,0,0,0
3150,Point,77,66,567450,135150,299-W19-126,71.853654,0,299-W19-123,173.224663,2,0,0,0,0,0,0,0,0,0,0,0,0,0,0,0,0,0,0
3151,Point,77,67,567550,135150,299-W19-135,152.191859,0,299-W19-134,154.155435,2,0,0,0,0,0,0,0,0,0,0,0,0,0,0,0,0,0,0
3152,Point,77,68,567650,135150,299-W19-125,91.751524,0,299-W19-134,133.266267,2,0,0,0,0,0,0,0,0,0,0,0,0,0,0,0,0,0,0
3153,Point,77,69,567750,135150,299-W19-125,66.259657,0,299-W19-113,154.120032,2,0,0,0,0,0,0,0,0,0,0,0,0,0,0,0,0,0,0
3154,Point,77,70,567850,135150,299-W19-125,142.696679,0,299-W19-114,146.30132,2,0,0,0,0,0,0,0,0,0,0,0,0,0,0,0,0,0,0
3155,Point,77,71,567950,135150,299-W19-107,73.413708,0,299-W19-114,145.003711,2,0,0,0,0,0,0,0,0,0,0,0,0,0,0,0,0,0,0
3156,Point,77,72,568050,135150,299-W19-107,76.259901,0,299-W19-114,201.613681,1,0,0,0,0,0,0,0,0,0,0,0,0,0,0,0,0,0,0
3157,Point,77,73,568150,135150,299-W20-1,118.768859,0,299-W19-114,283.319742,1,0,0,0,0,0,0,0,0,0,0,0,0,0,0,0,0,0,0
3158,Point,77,74,568250,135150,299-W20-1,100.558649,0,299-W19-114,374.021492,0,0,0,0,0,0,0,0,0,0,0,0,0,0,0,0,0,0,0
3159,Point,77,75,568350,135150,299-W20-1,161.610773,0,299-W19-114,468.523293,0,0,0,0,0,0,0,0,0,0,0,0,0,0,0,0,0,0,0
3160,Point,77,76,568450,135150,299-W19-116,84.874388,0,299-W19-114,564.921301,0,0,0,0,0,0,0,0,0,0,0,0,0,0,0,0,0,0,0
3161,Point,77,77,568550,135150,299-W19-116,71.872538,0,299-W19-114,662.388161,0,0,0,0,0,0,0,0,0,0,0,0,0,0,0,0,0,0,0
3162,Point,77,78,568650,135150,299-W19-116,152.077815,0,299-W19-114,760.513035,0,0,0,0,0,0,0,0,0,0,0,0,0,0,0,0,0,0,0
3163,Point,77,79,568750,135150,299-W19-116,247.163229,1,299-W13-5,845.451539,0,0,0,0,0,0,0,0,0,0,0,0,0,0,0,0,0,0,0
3164,Point,77,80,568850,135150,699-39-68,292.135727,1,299-W13-5,923.423145,0,0,0,0,0,0,0,0,0,0,0,0,0,0,0,0,0,0,0
3165,Point,77,81,568950,135150,699-38-70C,220.938517,1,299-W13-5,1005.302096,0,0,0,0,0,0,0,0,0,0,0,0,0,0,0,0,0,0,0
3166,Point,77,82,569050,135150,699-38-70C,178.862597,0,299-W13-5,1090.208377,0,0,0,0,0,0,0,0,0,0,0,0,0,0,0,0,0,0,0
3167,Point,77,83,569150,135150,699-38-70C,187.536206,0,299-W13-5,1177.487284,0,0,0,0,0,0,0,0,0,0,0,0,0,0,0,0,0,0,0
3168,Point,77,84,569250,135150,699-38-70C,241.552952,1,299-W13-5,1266.648453,0,0,0,0,0,0,0,0,0,0,0,0,0,0,0,0,0,0,0
3169,Point,77,85,569350,135150,699-37-67,256.976688,1,299-W13-5,1357.321003,0,0,0,0,0,0,0,0,0,0,0,0,0,0,0,0,0,0,0
3170,Point,77,86,569450,135150,699-37-67,204.90246,1,299-W13-5,1449.221275,0,0,0,0,0,0,0,0,0,0,0,0,0,0,0,0,0,0,0
3171,Point,77,87,569550,135150,699-37-67,194.764006,0,299-W13-5,1542.129795,0,0,0,0,0,0,0,0,0,0,0,0,0,0,0,0,0,0,0
3172,Point,77,88,569650,135150,699-37-67,232.122851,1,299-W13-5,1635.874783,0,0,0,0,0,0,0,0,0,0,0,0,0,0,0,0,0,0,0
3173,Point,77,89,569750,135150,699-38-64B,226.808847,1,299-W14-22,1722.544206,0,0,0,0,0,0,0,0,0,0,0,0,0,0,0,0,0,0,0
3174,Point,77,90,569850,135150,699-38-64B,177.195523,0,299-W14-22,1806.161826,0,0,0,0,0,0,0,0,0,0,0,0,0,0,0,0,0,0,0
3175,Point,77,91,569950,135150,699-38-64B,177.071323,0,299-W14-22,1891.370545,0,0,0,0,0,0,0,0,0,0,0,0,0,0,0,0,0,0,0
3176,Point,77,92,570050,135150,699-38-65,117.254073,0,299-W14-22,1977.964747,0,0,0,0,0,0,0,0,0,0,0,0,0,0,0,0,0,0,0
3177,Point,77,93,570150,135150,699-38-65,125.345593,0,299-W14-22,2065.770205,0,0,0,0,0,0,0,0,0,0,0,0,0,0,0,0,0,0,0
3178,Point,77,94,570250,135150,699-38-65,194.099247,0,299-W14-22,2154.638842,0,0,0,0,0,0,0,0,0,0,0,0,0,0,0,0,0,0,0
3179,Point,77,95,570350,135150,699-38-65,282.201201,1,299-W14-22,2244.444372,0,0,0,0,0,0,0,0,0,0,0,0,0,0,0,0,0,0,0
3180,Point,77,96,570450,135150,699-38-65,376.298442,1,299-W14-22,2335.078701,0,0,0,0,0,0,0,0,0,0,0,0,0,0,0,0,0,0,0
3181,Point,77,97,570550,135150,699-38-65,472.825039,2,299-W14-22,2426.448957,0,0,0,0,0,0,0,0,0,0,0,0,0,0,0,0,0,0,0
3182,Point,77,98,570650,135150,699-38-65,570.549312,2,299-W14-22,2518.475043,0,0,0,0,0,0,0,0,0,0,0,0,0,0,0,0,0,0,0
3183,Point,77,99,570750,135150,699-38-61,493.330298,2,299-W14-22,2611.087616,0,0,0,0,0,0,0,0,0,0,0,0,0,0,0,0,0,0,0
3184,Point,77,100,570850,135150,699-38-61,399.443842,1,299-W14-22,2704.226422,0,0,0,0,0,0,0,0,0,0,0,0,0,0,0,0,0,0,0
3185,Point,77,101,570950,135150,699-38-61,309.412319,1,299-W14-22,2797.838905,0,0,0,0,0,0,0,0,0,0,0,0,0,0,0,0,0,0,0
3186,Point,77,102,571050,135150,699-38-61,227.852108,1,299-W14-22,2891.879067,0,0,0,0,0,0,0,0,0,0,0,0,0,0,0,0,0,0,0
3187,Point,77,103,571150,135150,699-38-61,167.622143,0,299-W14-22,2986.306505,0,0,0,0,0,0,0,0,0,0,0,0,0,0,0,0,0,0,0
3188,Point,77,104,571250,135150,699-38-61,155.813295,0,299-W14-22,3081.085611,0,0,0,0,0,0,0,0,0,0,0,0,0,0,0,0,0,0,0
3189,Point,77,105,571350,135150,699-38-61,201.142693,1,299-W14-22,3176.184903,0,0,0,0,0,0,0,0,0,0,0,0,0,0,0,0,0,0,0
3190,Point,77,106,571450,135150,699-38-61,276.837467,1,299-W14-22,3271.576461,0,0,0,0,0,0,0,0,0,0,0,0,0,0,0,0,0,0,0
3191,Point,77,107,571550,135150,699-38-61,364.444211,1,299-W14-22,3367.235445,0,0,0,0,0,0,0,0,0,0,0,0,0,0,0,0,0,0,0
3192,Point,77,108,571650,135150,699-38-61,457.165378,2,299-W14-22,3463.139694,0,0,0,0,0,0,0,0,0,0,0,0,0,0,0,0,0,0,0
3193,Point,77,109,571750,135150,699-38-61,552.4317,2,299-W14-22,3559.269383,0,0,0,0,0,0,0,0,0,0,0,0,0,0,0,0,0,0,0
3194,Point,77,110,571850,135150,699-38-61,649.12355,3,299-W14-22,3655.606727,0,0,0,0,0,0,0,0,0,0,0,0,0,0,0,0,0,0,0
3195,Point,77,111,571950,135150,699-38-61,746.687339,3,299-W14-22,3752.135731,0,0,0,0,0,0,0,0,0,0,0,0,0,0,0,0,0,0,0
3196,Point,77,112,572050,135150,699-38-61,844.821036,4,299-W14-22,3848.841974,0,0,0,0,0,0,0,0,0,0,0,0,0,0,0,0,0,0,0
3197,Point,77,113,572150,135150,699-38-61,943.346799,4,299-W14-22,3945.712425,0,0,0,0,0,0,0,0,0,0,0,0,0,0,0,0,0,0,0
3198,Point,78,32,564050,135050,299-W17-1,1260.730284,4,299-W15-225,2814.17959,0,0,0,0,0,0,0,0,0,0,0,0,0,0,0,0,0,0,0
3199,Point,78,33,564150,135050,299-W17-1,1160.734617,4,299-W15-225,2721.789258,0,0,0,0,0,0,0,0,0,0,0,0,0,0,0,0,0,0,0
3200,Point,78,34,564250,135050,299-W17-1,1060.739765,4,299-W15-225,2629.955659,0,0,0,0,0,0,0,0,0,0,0,0,0,0,0,0,0,0,0
3201,Point,78,35,564350,135050,299-W17-1,960.745986,4,299-W15-225,2538.739208,0,0,0,0,0,0,0,0,0,0,0,0,0,0,0,0,0,0,0
3202,Point,78,36,564450,135050,299-W17-1,860.753652,4,299-W15-225,2448.20889,0,0,0,0,0,0,0,0,0,0,0,0,0,0,0,0,0,0,0
3203,Point,78,37,564550,135050,299-W17-1,760.763334,3,299-W15-225,2358.443717,0,0,0,0,0,0,0,0,0,0,0,0,0,0,0,0,0,0,0
3204,Point,78,38,564650,135050,299-W17-1,660.775945,3,299-W15-225,2269.534483,0,0,0,0,0,0,0,0,0,0,0,0,0,0,0,0,0,0,0
3205,Point,78,39,564750,135050,299-W17-1,560.793055,2,299-W15-225,2181.585838,0,0,0,0,0,0,0,0,0,0,0,0,0,0,0,0,0,0,0
3206,Point,78,40,564850,135050,299-W17-1,460.817589,2,299-W17-3,2094.028484,0,0,0,0,0,0,0,0,0,0,0,0,0,0,0,0,0,0,0
3207,Point,78,41,564950,135050,299-W17-1,360.855719,1,299-W17-3,1994.937917,0,0,0,0,0,0,0,0,0,0,0,0,0,0,0,0,0,0,0
3208,Point,78,42,565050,135050,299-W17-1,260.923073,1,299-W17-3,1895.942851,0,0,0,0,0,0,0,0,0,0,0,0,0,0,0,0,0,0,0
3209,Point,78,43,565150,135050,299-W17-1,161.074051,0,299-W17-3,1797.059068,0,0,0,0,0,0,0,0,0,0,0,0,0,0,0,0,0,0,0
3210,Point,78,44,565250,135050,299-W17-1,61.715881,0,299-W17-3,1698.306007,0,0,0,0,0,0,0,0,0,0,0,0,0,0,0,0,0,0,0
3211,Point,78,45,565350,135050,299-W17-1,40.900489,0,299-W17-3,1599.707877,0,0,0,0,0,0,0,0,0,0,0,0,0,0,0,0,0,0,0
3212,Point,78,46,565450,135050,299-W17-1,139.774282,0,299-W17-3,1501.295205,0,0,0,0,0,0,0,0,0,0,0,0,0,0,0,0,0,0,0
3213,Point,78,47,565550,135050,299-W17-1,239.584745,1,299-W17-3,1403.107014,0,0,0,0,0,0,0,0,0,0,0,0,0,0,0,0,0,0,0
3214,Point,78,48,565650,135050,299-W17-1,339.506775,1,299-W17-3,1305.193967,0,0,0,0,0,0,0,0,0,0,0,0,0,0,0,0,0,0,0
3215,Point,78,49,565750,135050,299-W18-22,343.879072,1,299-W17-3,1207.622993,0,0,0,0,0,0,0,0,0,0,0,0,0,0,0,0,0,0,0
3216,Point,78,50,565850,135050,299-W18-22,246.02117,1,299-W17-3,1110.48426,0,0,0,0,0,0,0,0,0,0,0,0,0,0,0,0,0,0,0
3217,Point,78,51,565950,135050,299-W18-22,150.996742,0,299-W17-3,1013.902013,0,0,0,0,0,0,0,0,0,0,0,0,0,0,0,0,0,0,0
3218,Point,78,52,566050,135050,299-W18-22,71.22932,0,299-W17-3,918.051901,0,0,0,0,0,0,0,0,0,0,0,0,0,0,0,0,0,0,0
3219,Point,78,53,566150,135050,299-W18-47,85.139133,0,299-W17-3,823.189706,0,0,0,0,0,0,0,0,0,0,0,0,0,0,0,0,0,0,0
3220,Point,78,54,566250,135050,299-W18-45,81.872255,0,299-W17-3,729.700824,0,0,0,0,0,0,0,0,0,0,0,0,0,0,0,0,0,0,0
3221,Point,78,55,566350,135050,299-W18-46,44.358906,0,299-W17-3,638.189073,0,0,0,0,0,0,0,0,0,0,0,0,0,0,0,0,0,0,0
3222,Point,78,56,566450,135050,299-W18-46,123.554492,0,299-W17-3,549.642877,0,0,0,0,0,0,0,0,0,0,0,0,0,0,0,0,0,0,0
3223,Point,78,57,566550,135050,299-W18-261,76.746104,0,299-W17-3,465.756688,0,0,0,0,0,0,0,0,0,0,0,0,0,0,0,0,0,0,0
3224,Point,78,58,566650,135050,299-W18-261,28.364847,0,299-W17-3,389.552683,0,0,0,0,0,0,0,0,0,0,0,0,0,0,0,0,0,0,0
3225,Point,78,59,566750,135050,299-W18-40,59.877477,0,299-W17-3,326.455652,0,0,0,0,0,0,0,0,0,0,0,0,0,0,0,0,0,0,0
3226,Point,78,60,566850,135050,299-W19-44,47.631748,0,299-W17-3,285.298602,1,0,0,0,0,0,0,0,0,0,0,0,0,0,0,0,0,0,0
3227,Point,78,61,566950,135050,299-W19-44,53.654295,0,299-W17-3,276.074795,1,0,0,0,0,0,0,0,0,0,0,0,0,0,0,0,0,0,0
3228,Point,78,62,567050,135050,299-W19-127,62.143358,0,299-W17-3,301.727182,0,0,0,0,0,0,0,0,0,0,0,0,0,0,0,0,0,0,0
3229,Point,78,63,567150,135050,299-W19-127,128.513801,0,299-W17-3,354.769351,0,0,0,0,0,0,0,0,0,0,0,0,0,0,0,0,0,0,0
3230,Point,78,64,567250,135050,299-W19-115,127.783417,0,299-W19-123,268.92152,1,0,0,0,0,0,0,0,0,0,0,0,0,0,0,0,0,0,0
3231,Point,78,65,567350,135050,299-W19-115,43.938613,0,299-W19-123,173.138048,2,0,0,0,0,0,0,0,0,0,0,0,0,0,0,0,0,0,0
3232,Point,78,66,567450,135050,299-W19-126,73.504745,0,299-W19-123,87.377249,3,0,0,0,0,0,0,0,0,0,0,0,0,0,0,0,0,0,0
3233,Point,78,67,567550,135050,299-W19-135,67.486013,0,299-W19-123,72.75152,3,0,0,0,0,0,0,0,0,0,0,0,0,0,0,0,0,0,0
3234,Point,78,68,567650,135050,299-W19-36,36.311146,0,299-W19-134,37.521967,4,0,0,0,0,0,0,0,0,0,0,0,0,0,0,0,0,0,0
3235,Point,78,69,567750,135050,299-W19-125,50.599823,0,299-W19-113,73.436942,3,0,0,0,0,0,0,0,0,0,0,0,0,0,0,0,0,0,0
3236,Point,78,70,567850,135050,299-W19-114,63.608775,0,299-W19-114,63.608775,3,0,0,0,0,0,0,0,0,0,0,0,0,0,0,0,0,0,0
3237,Point,78,71,567950,135050,299-W19-101,37.535377,0,299-W19-114,60.564645,3,0,0,0,0,0,0,0,0,0,0,0,0,0,0,0,0,0,0
3238,Point,78,72,568050,135050,299-W19-131,43.068277,0,299-W19-114,152.610865,2,0,0,0,0,0,0,0,0,0,0,0,0,0,0,0,0,0,0
3239,Point,78,73,568150,135050,299-W20-1,70.08596,0,299-W19-114,250.822798,1,0,0,0,0,0,0,0,0,0,0,0,0,0,0,0,0,0,0
3240,Point,78,74,568250,135050,299-W20-1,30.299205,0,299-W19-114,350.048677,0,0,0,0,0,0,0,0,0,0,0,0,0,0,0,0,0,0,0
3241,Point,78,75,568350,135050,299-W20-1,130.092436,0,299-W19-114,449.6177,0,0,0,0,0,0,0,0,0,0,0,0,0,0,0,0,0,0,0
3242,Point,78,76,568450,135050,299-W19-116,72.357872,0,299-W19-114,549.343314,0,0,0,0,0,0,0,0,0,0,0,0,0,0,0,0,0,0,0
3243,Point,78,77,568550,135050,299-W19-116,56.547871,0,299-W19-114,649.153353,0,0,0,0,0,0,0,0,0,0,0,0,0,0,0,0,0,0,0
3244,Point,78,78,568650,135050,299-W19-116,145.46361,0,299-W19-114,749.014069,0,0,0,0,0,0,0,0,0,0,0,0,0,0,0,0,0,0,0
3245,Point,78,79,568750,135050,299-W19-116,243.149464,1,299-W19-114,848.907578,0,0,0,0,0,0,0,0,0,0,0,0,0,0,0,0,0,0,0
3246,Point,78,80,568850,135050,299-W19-116,342.174899,1,299-W19-114,948.823522,0,0,0,0,0,0,0,0,0,0,0,0,0,0,0,0,0,0,0
3247,Point,78,81,568950,135050,699-38-70C,306.479736,1,299-W19-114,1048.755489,0,0,0,0,0,0,0,0,0,0,0,0,0,0,0,0,0,0,0
3248,Point,78,82,569050,135050,699-38-70C,277.682964,1,299-W13-5,1144.173197,0,0,0,0,0,0,0,0,0,0,0,0,0,0,0,0,0,0,0
3249,Point,78,83,569150,135050,699-38-70C,283.34754,1,299-W13-5,1227.621401,0,0,0,0,0,0,0,0,0,0,0,0,0,0,0,0,0,0,0
3250,Point,78,84,569250,135050,699-37-67,285.644916,1,299-W13-5,1313.383533,0,0,0,0,0,0,0,0,0,0,0,0,0,0,0,0,0,0,0
3251,Point,78,85,569350,135050,699-37-67,193.755046,0,299-W13-5,1401.034726,0,0,0,0,0,0,0,0,0,0,0,0,0,0,0,0,0,0,0
3252,Point,78,86,569450,135050,699-37-67,116.142232,0,299-W13-5,1490.241693,0,0,0,0,0,0,0,0,0,0,0,0,0,0,0,0,0,0,0
3253,Point,78,87,569550,135050,699-37-67,97.144315,0,299-W13-5,1580.741062,0,0,0,0,0,0,0,0,0,0,0,0,0,0,0,0,0,0,0
3254,Point,78,88,569650,135050,699-37-67,159.326765,0,299-W13-5,1672.323026,0,0,0,0,0,0,0,0,0,0,0,0,0,0,0,0,0,0,0
3255,Point,78,89,569750,135050,699-37-67,247.655038,1,299-W13-5,1764.819057,0,0,0,0,0,0,0,0,0,0,0,0,0,0,0,0,0,0,0
3256,Point,78,90,569850,135050,699-38-65,240.399496,1,299-W13-5,1858.092652,0,0,0,0,0,0,0,0,0,0,0,0,0,0,0,0,0,0,0
3257,Point,78,91,569950,135050,699-38-65,140.552188,0,299-W14-22,1944.412647,0,0,0,0,0,0,0,0,0,0,0,0,0,0,0,0,0,0,0
3258,Point,78,92,570050,135050,699-38-65,41.44777,0,299-W14-22,2028.74408,0,0,0,0,0,0,0,0,0,0,0,0,0,0,0,0,0,0,0
3259,Point,78,93,570150,135050,699-38-65,60.670566,0,299-W14-22,2114.441898,0,0,0,0,0,0,0,0,0,0,0,0,0,0,0,0,0,0,0
3260,Point,78,94,570250,135050,699-38-65,160.137184,0,299-W14-22,2201.346529,0,0,0,0,0,0,0,0,0,0,0,0,0,0,0,0,0,0,0
3261,Point,78,95,570350,135050,699-38-65,260.013303,1,299-W14-22,2289.320541,0,0,0,0,0,0,0,0,0,0,0,0,0,0,0,0,0,0,0
3262,Point,78,96,570450,135050,699-38-65,359.958217,1,299-W14-22,2378.245265,0,0,0,0,0,0,0,0,0,0,0,0,0,0,0,0,0,0,0
3263,Point,78,97,570550,135050,699-38-65,459.927079,2,299-W14-22,2468.017938,0,0,0,0,0,0,0,0,0,0,0,0,0,0,0,0,0,0,0
3264,Point,78,98,570650,135050,699-38-65,559.907062,2,299-W14-22,2558.549304,0,0,0,0,0,0,0,0,0,0,0,0,0,0,0,0,0,0,0
3265,Point,78,99,570750,135050,699-38-61,472.049979,2,299-W14-22,2649.761601,0,0,0,0,0,0,0,0,0,0,0,0,0,0,0,0,0,0,0
3266,Point,78,100,570850,135050,699-38-61,372.842839,1,299-W14-22,2741.586865,0,0,0,0,0,0,0,0,0,0,0,0,0,0,0,0,0,0,0
3267,Point,78,101,570950,135050,699-38-61,274.212295,1,299-W14-22,2833.965515,0,0,0,0,0,0,0,0,0,0,0,0,0,0,0,0,0,0,0
3268,Point,78,102,571050,135050,699-38-61,177.124202,0,299-W14-22,2926.845151,0,0,0,0,0,0,0,0,0,0,0,0,0,0,0,0,0,0,0
3269,Point,78,103,571150,135050,699-38-61,86.911351,0,299-W14-22,3020.179554,0,0,0,0,0,0,0,0,0,0,0,0,0,0,0,0,0,0,0
3270,Point,78,104,571250,135050,699-38-61,61.107961,0,299-W14-22,3113.927832,0,0,0,0,0,0,0,0,0,0,0,0,0,0,0,0,0,0,0
3271,Point,78,105,571350,135050,699-38-61,141.119747,0,299-W14-22,3208.0537,0,0,0,0,0,0,0,0,0,0,0,0,0,0,0,0,0,0,0
3272,Point,78,106,571450,135050,699-38-61,236.844639,1,299-W14-22,3302.524874,0,0,0,0,0,0,0,0,0,0,0,0,0,0,0,0,0,0,0
3273,Point,78,107,571550,135050,699-38-61,335.076085,1,299-W14-22,3397.312547,0,0,0,0,0,0,0,0,0,0,0,0,0,0,0,0,0,0,0
3274,Point,78,108,571650,135050,699-38-61,434.115863,2,299-W14-22,3492.390949,0,0,0,0,0,0,0,0,0,0,0,0,0,0,0,0,0,0,0
3275,Point,78,109,571750,135050,699-38-61,533.513995,2,299-W14-22,3587.736966,0,0,0,0,0,0,0,0,0,0,0,0,0,0,0,0,0,0,0
3276,Point,78,110,571850,135050,699-38-61,633.101716,3,299-W14-22,3683.329817,0,0,0,0,0,0,0,0,0,0,0,0,0,0,0,0,0,0,0
3277,Point,78,111,571950,135050,699-38-61,732.801735,3,299-W14-22,3779.15077,0,0,0,0,0,0,0,0,0,0,0,0,0,0,0,0,0,0,0
3278,Point,78,112,572050,135050,699-36-61A,819.360359,4,299-W14-22,3875.182904,0,0,0,0,0,0,0,0,0,0,0,0,0,0,0,0,0,0,0
3279,Point,78,113,572150,135050,699-36-61A,901.253016,4,299-W14-22,3971.4109,0,0,0,0,0,0,0,0,0,0,0,0,0,0,0,0,0,0,0
3280,Point,79,32,564050,134950,299-W17-1,1263.799371,4,299-W15-225,2853.312595,0,0,0,0,0,0,0,0,0,0,0,0,0,0,0,0,0,0,0
3281,Point,79,33,564150,134950,299-W17-1,1164.067373,4,299-W15-225,2762.231483,0,0,0,0,0,0,0,0,0,0,0,0,0,0,0,0,0,0,0
3282,Point,79,34,564250,134950,299-W17-1,1064.385668,4,299-W15-225,2671.788309,0,0,0,0,0,0,0,0,0,0,0,0,0,0,0,0,0,0,0
3283,Point,79,35,564350,134950,299-W17-1,964.769843,4,299-W15-225,2582.050109,0,0,0,0,0,0,0,0,0,0,0,0,0,0,0,0,0,0,0
3284,Point,79,36,564450,134950,299-W17-1,865.242654,4,299-W15-225,2493.093012,0,0,0,0,0,0,0,0,0,0,0,0,0,0,0,0,0,0,0
3285,Point,79,37,564550,134950,299-W17-1,765.838658,3,299-W15-225,2405.003694,0,0,0,0,0,0,0,0,0,0,0,0,0,0,0,0,0,0,0
3286,Point,79,38,564650,134950,299-W17-1,666.612969,3,299-W17-3,2306.580866,0,0,0,0,0,0,0,0,0,0,0,0,0,0,0,0,0,0,0
3287,Point,79,39,564750,134950,299-W17-1,567.659097,2,299-W17-3,2207.971307,0,0,0,0,0,0,0,0,0,0,0,0,0,0,0,0,0,0,0
3288,Point,79,40,564850,134950,299-W17-1,469.14907,2,299-W17-3,2109.492662,0,0,0,0,0,0,0,0,0,0,0,0,0,0,0,0,0,0,0
3289,Point,79,41,564950,134950,299-W17-1,371.436199,1,299-W17-3,2011.164163,0,0,0,0,0,0,0,0,0,0,0,0,0,0,0,0,0,0,0
3290,Point,79,42,565050,134950,299-W17-1,275.370387,1,299-W17-3,1913.008963,0,0,0,0,0,0,0,0,0,0,0,0,0,0,0,0,0,0,0
3291,Point,79,43,565150,134950,299-W17-1,183.556122,0,299-W17-3,1815.055176,0,0,0,0,0,0,0,0,0,0,0,0,0,0,0,0,0,0,0
3292,Point,79,44,565250,134950,299-W17-1,107.502791,0,299-W17-3,1717.337268,0,0,0,0,0,0,0,0,0,0,0,0,0,0,0,0,0,0,0
3293,Point,79,45,565350,134950,299-W17-1,97.061063,0,299-W17-3,1619.897927,0,0,0,0,0,0,0,0,0,0,0,0,0,0,0,0,0,0,0
3294,Point,79,46,565450,134950,299-W17-1,165.181264,0,299-W17-3,1522.790627,0,0,0,0,0,0,0,0,0,0,0,0,0,0,0,0,0,0,0
3295,Point,79,47,565550,134950,299-W17-1,255.242728,1,299-W17-3,1426.0832,0,0,0,0,0,0,0,0,0,0,0,0,0,0,0,0,0,0,0
3296,Point,79,48,565650,134950,299-W17-1,350.731878,1,299-W17-3,1329.862885,0,0,0,0,0,0,0,0,0,0,0,0,0,0,0,0,0,0,0
3297,Point,79,49,565750,134950,299-W18-22,341.004716,1,299-W17-3,1234.243611,0,0,0,0,0,0,0,0,0,0,0,0,0,0,0,0,0,0,0
3298,Point,79,50,565850,134950,299-W18-22,241.987223,1,299-W17-3,1139.376712,0,0,0,0,0,0,0,0,0,0,0,0,0,0,0,0,0,0,0
3299,Point,79,51,565950,134950,299-W18-22,144.330926,0,299-W17-3,1045.467021,0,0,0,0,0,0,0,0,0,0,0,0,0,0,0,0,0,0,0
3300,Point,79,52,566050,134950,299-W18-21,55.664359,0,299-W17-3,952.797614,0,0,0,0,0,0,0,0,0,0,0,0,0,0,0,0,0,0,0
3301,Point,79,53,566150,134950,299-W18-47,54.70532,0,299-W17-3,861.7687,0,0,0,0,0,0,0,0,0,0,0,0,0,0,0,0,0,0,0
3302,Point,79,54,566250,134950,299-W18-45,45.728176,0,299-W17-3,772.960085,0,0,0,0,0,0,0,0,0,0,0,0,0,0,0,0,0,0,0
3303,Point,79,55,566350,134950,299-W18-46,61.087744,0,299-W17-3,687.23307,0,0,0,0,0,0,0,0,0,0,0,0,0,0,0,0,0,0,0
3304,Point,79,56,566450,134950,299-W18-46,130.497941,0,299-W17-3,605.897097,0,0,0,0,0,0,0,0,0,0,0,0,0,0,0,0,0,0,0
3305,Point,79,57,566550,134950,299-W18-261,136.834077,0,299-W17-3,530.973909,0,0,0,0,0,0,0,0,0,0,0,0,0,0,0,0,0,0,0
3306,Point,79,58,566650,134950,299-W18-40,86.748557,0,299-W17-3,465.569858,0,0,0,0,0,0,0,0,0,0,0,0,0,0,0,0,0,0,0
3307,Point,79,59,566750,134950,299-W18-40,53.547289,0,299-W17-3,414.218894,0,0,0,0,0,0,0,0,0,0,0,0,0,0,0,0,0,0,0
3308,Point,79,60,566850,134950,299-W19-41,71.669848,0,299-W17-3,382.621605,0,0,0,0,0,0,0,0,0,0,0,0,0,0,0,0,0,0,0
3309,Point,79,61,566950,134950,299-W19-41,76.355531,0,299-W17-3,375.794216,0,0,0,0,0,0,0,0,0,0,0,0,0,0,0,0,0,0,0
3310,Point,79,62,567050,134950,299-W19-127,161.256929,0,299-W17-3,395.023154,0,0,0,0,0,0,0,0,0,0,0,0,0,0,0,0,0,0,0
3311,Point,79,63,567150,134950,299-W19-127,196.615862,0,299-W19-123,363.715251,0,0,0,0,0,0,0,0,0,0,0,0,0,0,0,0,0,0,0
3312,Point,79,64,567250,134950,299-W19-115,136.82325,0,299-W19-123,264.474543,1,0,0,0,0,0,0,0,0,0,0,0,0,0,0,0,0,0,0
3313,Point,79,65,567350,134950,299-W19-115,65.746496,0,299-W19-123,166.146874,2,0,0,0,0,0,0,0,0,0,0,0,0,0,0,0,0,0,0
3314,Point,79,66,567450,134950,299-W19-115,99.622295,0,299-W19-123,72.545046,3,0,0,0,0,0,0,0,0,0,0,0,0,0,0,0,0,0,0
3315,Point,79,67,567550,134950,299-W19-49,58.472438,0,299-W19-123,54.044275,3,0,0,0,0,0,0,0,0,0,0,0,0,0,0,0,0,0,0
3316,Point,79,68,567650,134950,299-W19-34B,62.005638,0,299-W19-113,70.405855,3,0,0,0,0,0,0,0,0,0,0,0,0,0,0,0,0,0,0
3317,Point,79,69,567750,134950,299-W19-136,67.440942,0,299-W19-113,83.86289,3,0,0,0,0,0,0,0,0,0,0,0,0,0,0,0,0,0,0
3318,Point,79,70,567850,134950,299-W19-48,36.183767,0,299-W19-114,81.780659,3,0,0,0,0,0,0,0,0,0,0,0,0,0,0,0,0,0,0
3319,Point,79,71,567950,134950,299-W19-101,64.983879,0,299-W19-114,79.435988,3,0,0,0,0,0,0,0,0,0,0,0,0,0,0,0,0,0,0
3320,Point,79,72,568050,134950,299-W19-131,59.0159,0,299-W19-114,161.034394,2,0,0,0,0,0,0,0,0,0,0,0,0,0,0,0,0,0,0
3321,Point,79,73,568150,134950,299-W19-131,107.0368,0,299-W19-114,256.035303,1,0,0,0,0,0,0,0,0,0,0,0,0,0,0,0,0,0,0
3322,Point,79,74,568250,134950,299-W20-1,108.277614,0,299-W19-114,353.802312,0,0,0,0,0,0,0,0,0,0,0,0,0,0,0,0,0,0,0
3323,Point,79,75,568350,134950,299-W20-1,166.523397,0,299-W19-114,452.546214,0,0,0,0,0,0,0,0,0,0,0,0,0,0,0,0,0,0,0
3324,Point,79,76,568450,134950,299-W19-116,152.537411,0,299-W19-114,551.742763,0,0,0,0,0,0,0,0,0,0,0,0,0,0,0,0,0,0,0
3325,Point,79,77,568550,134950,299-W19-116,145.704021,0,299-W19-114,651.185132,0,0,0,0,0,0,0,0,0,0,0,0,0,0,0,0,0,0,0
3326,Point,79,78,568650,134950,299-W19-116,197.96884,0,299-W19-114,750.77565,0,0,0,0,0,0,0,0,0,0,0,0,0,0,0,0,0,0,0
3327,Point,79,79,568750,134950,299-W19-116,277.76548,1,299-W19-114,850.462272,0,0,0,0,0,0,0,0,0,0,0,0,0,0,0,0,0,0,0
3328,Point,79,80,568850,134950,299-W19-116,367.580823,1,299-W19-114,950.214753,0,0,0,0,0,0,0,0,0,0,0,0,0,0,0,0,0,0,0
3329,Point,79,81,568950,134950,699-38-70C,398.805502,1,299-W19-114,1050.014322,0,0,0,0,0,0,0,0,0,0,0,0,0,0,0,0,0,0,0
3330,Point,79,82,569050,134950,699-38-70C,377.125746,1,299-W19-114,1149.848719,0,0,0,0,0,0,0,0,0,0,0,0,0,0,0,0,0,0,0
3331,Point,79,83,569150,134950,699-37-67,370.336358,1,299-W19-114,1249.709597,0,0,0,0,0,0,0,0,0,0,0,0,0,0,0,0,0,0,0
3332,Point,79,84,569250,134950,699-37-67,270.364602,1,299-W19-114,1349.591077,0,0,0,0,0,0,0,0,0,0,0,0,0,0,0,0,0,0,0
3333,Point,79,85,569350,134950,699-37-67,170.42599,0,299-W19-114,1449.488902,0,0,0,0,0,0,0,0,0,0,0,0,0,0,0,0,0,0,0
3334,Point,79,86,569450,134950,699-37-67,70.661291,0,299-W13-5,1536.684191,0,0,0,0,0,0,0,0,0,0,0,0,0,0,0,0,0,0,0
3335,Point,79,87,569550,134950,699-37-67,30.676017,0,299-W13-5,1624.598506,0,0,0,0,0,0,0,0,0,0,0,0,0,0,0,0,0,0,0
3336,Point,79,88,569650,134950,699-37-67,129.957755,0,299-W13-5,1713.838471,0,0,0,0,0,0,0,0,0,0,0,0,0,0,0,0,0,0,0
3337,Point,79,89,569750,134950,699-37-66,154.111729,0,299-W13-5,1804.207389,0,0,0,0,0,0,0,0,0,0,0,0,0,0,0,0,0,0,0
3338,Point,79,90,569850,134950,699-37-66,194.129918,0,299-W13-5,1895.543802,0,0,0,0,0,0,0,0,0,0,0,0,0,0,0,0,0,0,0
3339,Point,79,91,569950,134950,699-38-65,166.506209,0,299-W13-5,1987.714342,0,0,0,0,0,0,0,0,0,0,0,0,0,0,0,0,0,0,0
3340,Point,79,92,570050,134950,699-38-65,98.424172,0,299-W13-5,2080.608157,0,0,0,0,0,0,0,0,0,0,0,0,0,0,0,0,0,0,0
3341,Point,79,93,570150,134950,699-38-65,107.936637,0,299-W14-22,2166.638535,0,0,0,0,0,0,0,0,0,0,0,0,0,0,0,0,0,0,0
3342,Point,79,94,570250,134950,699-38-65,183.339351,0,299-W14-22,2251.529378,0,0,0,0,0,0,0,0,0,0,0,0,0,0,0,0,0,0,0
3343,Point,79,95,570350,134950,699-38-65,274.911472,1,299-W14-22,2337.615567,0,0,0,0,0,0,0,0,0,0,0,0,0,0,0,0,0,0,0
3344,Point,79,96,570450,134950,699-38-65,370.862936,1,299-W14-22,2424.769791,0,0,0,0,0,0,0,0,0,0,0,0,0,0,0,0,0,0,0
3345,Point,79,97,570550,134950,699-38-65,468.510744,2,299-W14-22,2512.880924,0,0,0,0,0,0,0,0,0,0,0,0,0,0,0,0,0,0,0
3346,Point,79,98,570650,134950,699-38-65,566.979116,2,299-W14-22,2601.851752,0,0,0,0,0,0,0,0,0,0,0,0,0,0,0,0,0,0,0
3347,Point,79,99,570750,134950,699-38-61,471.473841,2,299-W14-22,2691.597024,0,0,0,0,0,0,0,0,0,0,0,0,0,0,0,0,0,0,0
3348,Point,79,100,570850,134950,699-38-61,372.113132,1,299-W14-22,2782.041793,0,0,0,0,0,0,0,0,0,0,0,0,0,0,0,0,0,0,0
3349,Point,79,101,570950,134950,699-38-61,273.219295,1,299-W14-22,2873.120001,0,0,0,0,0,0,0,0,0,0,0,0,0,0,0,0,0,0,0
3350,Point,79,102,571050,134950,699-38-61,175.58298,0,299-W14-22,2964.77327,0,0,0,0,0,0,0,0,0,0,0,0,0,0,0,0,0,0,0
3351,Point,79,103,571150,134950,699-38-61,83.725641,0,299-W14-22,3056.949875,0,0,0,0,0,0,0,0,0,0,0,0,0,0,0,0,0,0,0
3352,Point,79,104,571250,134950,699-38-61,56.485245,0,299-W14-22,3149.60387,0,0,0,0,0,0,0,0,0,0,0,0,0,0,0,0,0,0,0
3353,Point,79,105,571350,134950,699-38-61,139.180397,0,299-W14-22,3242.694333,0,0,0,0,0,0,0,0,0,0,0,0,0,0,0,0,0,0,0
3354,Point,79,106,571450,134950,699-38-61,235.694257,1,299-W14-22,3336.184728,0,0,0,0,0,0,0,0,0,0,0,0,0,0,0,0,0,0,0
3355,Point,79,107,571550,134950,699-38-61,334.263942,1,299-W14-22,3430.042353,0,0,0,0,0,0,0,0,0,0,0,0,0,0,0,0,0,0,0
3356,Point,79,108,571650,134950,699-38-61,433.489311,2,299-W14-22,3524.237867,0,0,0,0,0,0,0,0,0,0,0,0,0,0,0,0,0,0,0
3357,Point,79,109,571750,134950,699-36-61A,529.202984,2,299-W14-22,3618.744885,0,0,0,0,0,0,0,0,0,0,0,0,0,0,0,0,0,0,0
3358,Point,79,110,571850,134950,699-36-61A,600.800631,3,299-W14-22,3713.539624,0,0,0,0,0,0,0,0,0,0,0,0,0,0,0,0,0,0,0
3359,Point,79,111,571950,134950,699-36-61A,679.607974,3,299-W14-22,3808.600601,0,0,0,0,0,0,0,0,0,0,0,0,0,0,0,0,0,0,0
3360,Point,79,112,572050,134950,699-36-61A,763.39544,3,299-W14-22,3903.908367,0,0,0,0,0,0,0,0,0,0,0,0,0,0,0,0,0,0,0
3361,Point,79,113,572150,134950,699-36-61A,850.692775,4,299-W14-22,3999.445279,0,0,0,0,0,0,0,0,0,0,0,0,0,0,0,0,0,0,0
3362,Point,80,32,564050,134850,299-W17-1,1274.730109,4,299-W15-225,2895.371957,0,0,0,0,0,0,0,0,0,0,0,0,0,0,0,0,0,0,0
3363,Point,80,33,564150,134850,299-W17-1,1175.925529,4,299-W15-225,2805.656566,0,0,0,0,0,0,0,0,0,0,0,0,0,0,0,0,0,0,0
3364,Point,80,34,564250,134850,299-W17-1,1077.341566,4,299-W15-225,2716.659487,0,0,0,0,0,0,0,0,0,0,0,0,0,0,0,0,0,0,0
3365,Point,80,35,564350,134850,299-W17-1,979.044866,4,299-W17-3,2619.32306,0,0,0,0,0,0,0,0,0,0,0,0,0,0,0,0,0,0,0
3366,Point,80,36,564450,134850,299-W17-1,881.131574,4,299-W17-3,2521.046468,0,0,0,0,0,0,0,0,0,0,0,0,0,0,0,0,0,0,0
3367,Point,80,37,564550,134850,299-W17-1,783.745399,3,299-W17-3,2422.910913,0,0,0,0,0,0,0,0,0,0,0,0,0,0,0,0,0,0,0
3368,Point,80,38,564650,134850,299-W17-1,687.110508,3,299-W17-3,2324.934256,0,0,0,0,0,0,0,0,0,0,0,0,0,0,0,0,0,0,0
3369,Point,80,39,564750,134850,299-W17-1,591.595174,2,299-W17-3,2227.137466,0,0,0,0,0,0,0,0,0,0,0,0,0,0,0,0,0,0,0
3370,Point,80,40,564850,134850,299-W17-1,497.844203,2,299-W17-3,2129.545325,0,0,0,0,0,0,0,0,0,0,0,0,0,0,0,0,0,0,0
3371,Point,80,41,564950,134850,299-W17-1,407.078432,2,299-W17-3,2032.187317,0,0,0,0,0,0,0,0,0,0,0,0,0,0,0,0,0,0,0
3372,Point,80,42,565050,134850,299-W17-1,321.833575,1,299-W17-3,1935.098781,0,0,0,0,0,0,0,0,0,0,0,0,0,0,0,0,0,0,0
3373,Point,80,43,565150,134850,299-W17-1,247.872649,1,299-W17-3,1838.322413,0,0,0,0,0,0,0,0,0,0,0,0,0,0,0,0,0,0,0
3374,Point,80,44,565250,134850,299-W17-1,198.254508,0,299-W17-3,1741.910242,0,0,0,0,0,0,0,0,0,0,0,0,0,0,0,0,0,0,0
3375,Point,80,45,565350,134850,299-W17-1,192.792246,0,299-W17-3,1645.926272,0,0,0,0,0,0,0,0,0,0,0,0,0,0,0,0,0,0,0
3376,Point,80,46,565450,134850,299-W17-1,234.590814,1,299-W17-3,1550.450029,0,0,0,0,0,0,0,0,0,0,0,0,0,0,0,0,0,0,0
3377,Point,80,47,565550,134850,299-W17-1,304.789846,1,299-W17-3,1455.581428,0,0,0,0,0,0,0,0,0,0,0,0,0,0,0,0,0,0,0
3378,Point,80,48,565650,134850,299-W17-1,388.279345,1,299-W17-3,1361.447499,0,0,0,0,0,0,0,0,0,0,0,0,0,0,0,0,0,0,0
3379,Point,80,49,565750,134850,299-W18-22,366.49095,1,299-W22-90,1265.692944,0,0,0,0,0,0,0,0,0,0,0,0,0,0,0,0,0,0,0
3380,Point,80,50,565850,134850,299-W18-22,276.747567,1,299-W22-90,1170.342099,0,0,0,0,0,0,0,0,0,0,0,0,0,0,0,0,0,0,0
3381,Point,80,51,565950,134850,299-W18-21,195.900283,0,299-W22-90,1075.835782,0,0,0,0,0,0,0,0,0,0,0,0,0,0,0,0,0,0,0
3382,Point,80,52,566050,134850,299-W18-21,137.247663,0,299-W22-90,982.417747,0,0,0,0,0,0,0,0,0,0,0,0,0,0,0,0,0,0,0
3383,Point,80,53,566150,134850,299-W18-47,136.881964,0,299-W22-90,890.430587,0,0,0,0,0,0,0,0,0,0,0,0,0,0,0,0,0,0,0
3384,Point,80,54,566250,134850,299-W18-45,132.208419,0,299-W22-90,800.367809,0,0,0,0,0,0,0,0,0,0,0,0,0,0,0,0,0,0,0
3385,Point,80,55,566350,134850,299-W18-15,120.330202,0,299-W22-90,712.959066,0,0,0,0,0,0,0,0,0,0,0,0,0,0,0,0,0,0,0
3386,Point,80,56,566450,134850,299-W18-15,135.914523,0,299-W22-90,629.311234,0,0,0,0,0,0,0,0,0,0,0,0,0,0,0,0,0,0,0
3387,Point,80,57,566550,134850,299-W18-15,206.073185,1,299-W22-90,551.139392,0,0,0,0,0,0,0,0,0,0,0,0,0,0,0,0,0,0,0
3388,Point,80,58,566650,134850,299-W18-40,163.729387,0,299-W22-90,481.120182,0,0,0,0,0,0,0,0,0,0,0,0,0,0,0,0,0,0,0
3389,Point,80,59,566750,134850,299-W18-40,148.82645,0,299-W22-90,423.318591,0,0,0,0,0,0,0,0,0,0,0,0,0,0,0,0,0,0,0
3390,Point,80,60,566850,134850,299-W19-41,161.364702,0,299-W22-90,383.302269,0,0,0,0,0,0,0,0,0,0,0,0,0,0,0,0,0,0,0
3391,Point,80,61,566950,134850,299-W19-41,163.499747,0,299-W22-90,366.93682,0,0,0,0,0,0,0,0,0,0,0,0,0,0,0,0,0,0,0
3392,Point,80,62,567050,134850,299-W19-6,177.072941,0,299-W22-90,377.312377,0,0,0,0,0,0,0,0,0,0,0,0,0,0,0,0,0,0,0
3393,Point,80,63,567150,134850,299-W19-6,157.126785,0,299-W19-123,387.190888,0,0,0,0,0,0,0,0,0,0,0,0,0,0,0,0,0,0,0
3394,Point,80,64,567250,134850,299-W19-6,194.994427,0,299-W19-123,295.93037,1,0,0,0,0,0,0,0,0,0,0,0,0,0,0,0,0,0,0
3395,Point,80,65,567350,134850,299-W19-115,163.446021,0,299-W19-123,212.680003,1,0,0,0,0,0,0,0,0,0,0,0,0,0,0,0,0,0,0
3396,Point,80,66,567450,134850,299-W19-49,126.1072,0,299-W19-123,151.297005,2,0,0,0,0,0,0,0,0,0,0,0,0,0,0,0,0,0,0
3397,Point,80,67,567550,134850,299-W19-49,47.90643,0,299-W19-123,143.348469,2,0,0,0,0,0,0,0,0,0,0,0,0,0,0,0,0,0,0
3398,Point,80,68,567650,134850,299-W19-49,93.204217,0,299-W19-113,163.085819,2,0,0,0,0,0,0,0,0,0,0,0,0,0,0,0,0,0,0
3399,Point,80,69,567750,134850,299-W19-46,33.528801,0,299-W19-113,169.330991,2,0,0,0,0,0,0,0,0,0,0,0,0,0,0,0,0,0,0
3400,Point,80,70,567850,134850,299-W19-39,63.456692,0,299-W19-114,171.260259,2,0,0,0,0,0,0,0,0,0,0,0,0,0,0,0,0,0,0
3401,Point,80,71,567950,134850,299-W19-39,60.654363,0,299-W19-114,170.153096,2,0,0,0,0,0,0,0,0,0,0,0,0,0,0,0,0,0,0
3402,Point,80,72,568050,134850,299-W19-39,152.745382,0,299-W19-114,220.395273,1,0,0,0,0,0,0,0,0,0,0,0,0,0,0,0,0,0,0
3403,Point,80,73,568150,134850,299-W19-131,181.892486,0,299-W19-114,296.978242,1,0,0,0,0,0,0,0,0,0,0,0,0,0,0,0,0,0,0
3404,Point,80,74,568250,134850,299-W20-1,206.22813,1,299-W19-114,384.471164,0,0,0,0,0,0,0,0,0,0,0,0,0,0,0,0,0,0,0
3405,Point,80,75,568350,134850,699-36-70B,237.141824,1,299-W19-114,476.906779,0,0,0,0,0,0,0,0,0,0,0,0,0,0,0,0,0,0,0
3406,Point,80,76,568450,134850,699-36-70B,225.11829,1,299-W19-114,571.893413,0,0,0,0,0,0,0,0,0,0,0,0,0,0,0,0,0,0,0
3407,Point,80,77,568550,134850,299-W19-116,243.437182,1,299-W19-114,668.34428,0,0,0,0,0,0,0,0,0,0,0,0,0,0,0,0,0,0,0
3408,Point,80,78,568650,134850,299-W19-116,277.891457,1,299-W19-114,765.70626,0,0,0,0,0,0,0,0,0,0,0,0,0,0,0,0,0,0,0
3409,Point,80,79,568750,134850,299-W19-116,339.390132,1,299-W19-114,863.671278,0,0,0,0,0,0,0,0,0,0,0,0,0,0,0,0,0,0,0
3410,Point,80,80,568850,134850,299-W19-116,416.110156,2,299-W19-114,962.055132,0,0,0,0,0,0,0,0,0,0,0,0,0,0,0,0,0,0,0
3411,Point,80,81,568950,134850,699-38-70C,494.12734,2,299-W19-114,1060.741286,0,0,0,0,0,0,0,0,0,0,0,0,0,0,0,0,0,0,0
3412,Point,80,82,569050,134850,699-38-70C,476.801666,2,299-W19-114,1159.652567,0,0,0,0,0,0,0,0,0,0,0,0,0,0,0,0,0,0,0
3413,Point,80,83,569150,134850,699-37-67,385.555467,1,299-W19-114,1258.735904,0,0,0,0,0,0,0,0,0,0,0,0,0,0,0,0,0,0,0
3414,Point,80,84,569250,134850,699-37-67,290.862541,1,299-W19-114,1357.953636,0,0,0,0,0,0,0,0,0,0,0,0,0,0,0,0,0,0,0
3415,Point,80,85,569350,134850,699-37-67,201.367867,1,299-W19-114,1457.278311,0,0,0,0,0,0,0,0,0,0,0,0,0,0,0,0,0,0,0
3416,Point,80,86,569450,134850,699-37-67,128.440718,0,299-W19-114,1556.68946,0,0,0,0,0,0,0,0,0,0,0,0,0,0,0,0,0,0,0
3417,Point,80,87,569550,134850,699-37-67,111.557241,0,299-W19-114,1656.171512,0,0,0,0,0,0,0,0,0,0,0,0,0,0,0,0,0,0,0
3418,Point,80,88,569650,134850,699-37-66,96.147932,0,299-W19-114,1755.712413,0,0,0,0,0,0,0,0,0,0,0,0,0,0,0,0,0,0,0
3419,Point,80,89,569750,134850,699-37-66,56.395256,0,299-W13-5,1848.172693,0,0,0,0,0,0,0,0,0,0,0,0,0,0,0,0,0,0,0
3420,Point,80,90,569850,134850,699-37-66,130.829755,0,299-W13-5,1937.437561,0,0,0,0,0,0,0,0,0,0,0,0,0,0,0,0,0,0,0
3421,Point,80,91,569950,134850,699-37-66,225.947837,1,299-W13-5,2027.704689,0,0,0,0,0,0,0,0,0,0,0,0,0,0,0,0,0,0,0
3422,Point,80,92,570050,134850,699-38-65,194.053389,0,299-W13-5,2118.845984,0,0,0,0,0,0,0,0,0,0,0,0,0,0,0,0,0,0,0
3423,Point,80,93,570150,134850,699-38-65,199.047024,0,299-W13-5,2210.753334,0,0,0,0,0,0,0,0,0,0,0,0,0,0,0,0,0,0,0
3424,Point,80,94,570250,134850,699-38-65,248.158654,1,299-W13-5,2303.33504,0,0,0,0,0,0,0,0,0,0,0,0,0,0,0,0,0,0,0
3425,Point,80,95,570350,134850,699-38-65,321.785204,1,299-W14-22,2389.122128,0,0,0,0,0,0,0,0,0,0,0,0,0,0,0,0,0,0,0
3426,Point,80,96,570450,134850,699-38-65,406.827626,2,299-W14-22,2474.462879,0,0,0,0,0,0,0,0,0,0,0,0,0,0,0,0,0,0,0
3427,Point,80,97,570550,134850,699-38-65,497.465293,2,299-W14-22,2560.864803,0,0,0,0,0,0,0,0,0,0,0,0,0,0,0,0,0,0,0
3428,Point,80,98,570650,134850,699-38-61,587.846394,2,299-W14-22,2648.224035,0,0,0,0,0,0,0,0,0,0,0,0,0,0,0,0,0,0,0
3429,Point,80,99,570750,134850,699-38-61,491.674672,2,299-W14-22,2736.448892,0,0,0,0,0,0,0,0,0,0,0,0,0,0,0,0,0,0,0
3430,Point,80,100,570850,134850,699-38-61,397.397261,1,299-W14-22,2825.458289,0,0,0,0,0,0,0,0,0,0,0,0,0,0,0,0,0,0,0
3431,Point,80,101,570950,134850,699-38-61,306.765681,1,299-W14-22,2915.180362,0,0,0,0,0,0,0,0,0,0,0,0,0,0,0,0,0,0,0
3432,Point,80,102,571050,134850,699-38-61,224.244917,1,299-W14-22,3005.551287,0,0,0,0,0,0,0,0,0,0,0,0,0,0,0,0,0,0,0
3433,Point,80,103,571150,134850,699-38-61,162.684919,0,299-W14-22,3096.514256,0,0,0,0,0,0,0,0,0,0,0,0,0,0,0,0,0,0,0
3434,Point,80,104,571250,134850,699-38-61,150.489146,0,299-W14-22,3188.018592,0,0,0,0,0,0,0,0,0,0,0,0,0,0,0,0,0,0,0
3435,Point,80,105,571350,134850,699-38-61,197.047159,0,299-W14-22,3280.018985,0,0,0,0,0,0,0,0,0,0,0,0,0,0,0,0,0,0,0
3436,Point,80,106,571450,134850,699-38-61,273.876218,1,299-W14-22,3372.474839,0,0,0,0,0,0,0,0,0,0,0,0,0,0,0,0,0,0,0
3437,Point,80,107,571550,134850,699-36-61A,331.158267,1,299-W14-22,3465.3497,0,0,0,0,0,0,0,0,0,0,0,0,0,0,0,0,0,0,0
3438,Point,80,108,571650,134850,699-36-61A,388.035305,1,299-W14-22,3558.61076,0,0,0,0,0,0,0,0,0,0,0,0,0,0,0,0,0,0,0
3439,Point,80,109,571750,134850,699-36-61A,459.866283,2,299-W14-22,3652.228435,0,0,0,0,0,0,0,0,0,0,0,0,0,0,0,0,0,0,0
3440,Point,80,110,571850,134850,699-36-61A,540.724142,2,299-W14-22,3746.175989,0,0,0,0,0,0,0,0,0,0,0,0,0,0,0,0,0,0,0
3441,Point,80,111,571950,134850,699-36-61A,627.126939,3,299-W14-22,3840.429213,0,0,0,0,0,0,0,0,0,0,0,0,0,0,0,0,0,0,0
3442,Point,80,112,572050,134850,699-36-61A,717.073077,3,299-W14-22,3934.966142,0,0,0,0,0,0,0,0,0,0,0,0,0,0,0,0,0,0,0
3443,Point,80,113,572150,134850,699-36-61A,809.382109,4,299-W14-22,4029.76681,0,0,0,0,0,0,0,0,0,0,0,0,0,0,0,0,0,0,0
3444,Point,81,32,564050,134750,299-W17-1,1293.323181,4,299-W22-90,2923.585578,0,0,0,0,0,0,0,0,0,0,0,0,0,0,0,0,0,0,0
3445,Point,81,33,564150,134750,299-W17-1,1196.055538,4,299-W22-90,2824.017463,0,0,0,0,0,0,0,0,0,0,0,0,0,0,0,0,0,0,0
3446,Point,81,34,564250,134750,299-W17-1,1099.278331,4,299-W22-90,2724.480984,0,0,0,0,0,0,0,0,0,0,0,0,0,0,0,0,0,0,0
3447,Point,81,35,564350,134750,299-W17-1,1003.133516,4,299-W22-90,2624.979739,0,0,0,0,0,0,0,0,0,0,0,0,0,0,0,0,0,0,0
3448,Point,81,36,564450,134750,299-W17-1,907.822037,4,299-W22-90,2525.517893,0,0,0,0,0,0,0,0,0,0,0,0,0,0,0,0,0,0,0
3449,Point,81,37,564550,134750,299-W17-1,813.636805,4,299-W22-90,2426.100293,0,0,0,0,0,0,0,0,0,0,0,0,0,0,0,0,0,0,0
3450,Point,81,38,564650,134750,299-W17-1,721.019313,3,299-W22-90,2326.732608,0,0,0,0,0,0,0,0,0,0,0,0,0,0,0,0,0,0,0
3451,Point,81,39,564750,134750,299-W17-1,630.660646,3,299-W22-90,2227.42152,0,0,0,0,0,0,0,0,0,0,0,0,0,0,0,0,0,0,0
3452,Point,81,40,564850,134750,299-W17-1,543.688192,2,299-W22-90,2128.174953,0,0,0,0,0,0,0,0,0,0,0,0,0,0,0,0,0,0,0
3453,Point,81,41,564950,134750,299-W17-1,462.018236,2,299-W22-90,2029.002373,0,0,0,0,0,0,0,0,0,0,0,0,0,0,0,0,0,0,0
3454,Point,81,42,565050,134750,299-W17-1,389.004949,1,299-W22-90,1929.915187,0,0,0,0,0,0,0,0,0,0,0,0,0,0,0,0,0,0,0
3455,Point,81,43,565150,134750,299-W17-1,330.437362,1,299-W22-90,1830.92726,0,0,0,0,0,0,0,0,0,0,0,0,0,0,0,0,0,0,0
3456,Point,81,44,565250,134750,299-W17-1,295.0472,1,299-W22-90,1732.055608,0,0,0,0,0,0,0,0,0,0,0,0,0,0,0,0,0,0,0
3457,Point,81,45,565350,134750,299-W17-1,291.404959,1,299-W22-90,1633.321349,0,0,0,0,0,0,0,0,0,0,0,0,0,0,0,0,0,0,0
3458,Point,81,46,565450,134750,299-W17-1,320.594526,1,299-W22-90,1534.750999,0,0,0,0,0,0,0,0,0,0,0,0,0,0,0,0,0,0,0
3459,Point,81,47,565550,134750,299-W17-1,375.026466,1,299-W22-90,1436.378303,0,0,0,0,0,0,0,0,0,0,0,0,0,0,0,0,0,0,0
3460,Point,81,48,565650,134750,299-W17-1,445.54332,2,299-W22-90,1338.246849,0,0,0,0,0,0,0,0,0,0,0,0,0,0,0,0,0,0,0
3461,Point,81,49,565750,134750,299-W18-22,415.146981,2,299-W22-90,1240.413895,0,0,0,0,0,0,0,0,0,0,0,0,0,0,0,0,0,0,0
3462,Point,81,50,565850,134750,299-W18-21,337.128048,1,299-W22-90,1142.956093,0,0,0,0,0,0,0,0,0,0,0,0,0,0,0,0,0,0,0
3463,Point,81,51,565950,134750,299-W18-21,272.241292,1,299-W22-90,1045.978312,0,0,0,0,0,0,0,0,0,0,0,0,0,0,0,0,0,0,0
3464,Point,81,52,566050,134750,299-W18-21,233.613614,1,299-W22-90,949.627627,0,0,0,0,0,0,0,0,0,0,0,0,0,0,0,0,0,0,0
3465,Point,81,53,566150,134750,299-W18-15,230.625579,1,299-W22-90,854.116286,0,0,0,0,0,0,0,0,0,0,0,0,0,0,0,0,0,0,0
3466,Point,81,54,566250,134750,299-W18-15,131.078441,0,299-W22-90,759.760903,0,0,0,0,0,0,0,0,0,0,0,0,0,0,0,0,0,0,0
3467,Point,81,55,566350,134750,299-W18-15,34.277654,0,299-W22-90,667.052194,0,0,0,0,0,0,0,0,0,0,0,0,0,0,0,0,0,0,0
3468,Point,81,56,566450,134750,299-W18-15,71.89129,0,299-W22-90,576.784734,0,0,0,0,0,0,0,0,0,0,0,0,0,0,0,0,0,0,0
3469,Point,81,57,566550,134750,299-W18-15,170.76814,0,299-W22-90,490.308709,0,0,0,0,0,0,0,0,0,0,0,0,0,0,0,0,0,0,0
3470,Point,81,58,566650,134750,299-W18-40,257.078416,1,299-W22-90,410.030035,0,0,0,0,0,0,0,0,0,0,0,0,0,0,0,0,0,0,0
3471,Point,81,59,566750,134750,299-W18-40,247.853409,1,299-W22-90,340.362497,0,0,0,0,0,0,0,0,0,0,0,0,0,0,0,0,0,0,0
3472,Point,81,60,566850,134750,299-W22-84,239.868301,1,299-W22-90,289.082393,1,0,0,0,0,0,0,0,0,0,0,0,0,0,0,0,0,0,0
3473,Point,81,61,566950,134750,299-W19-6,191.762422,0,299-W22-90,267.003052,1,0,0,0,0,0,0,0,0,0,0,0,0,0,0,0,0,0,0
3474,Point,81,62,567050,134750,299-W19-6,100.532714,0,299-W22-90,281.091853,1,0,0,0,0,0,0,0,0,0,0,0,0,0,0,0,0,0,0
3475,Point,81,63,567150,134750,299-W19-6,58.658559,0,299-W22-90,326.702663,0,0,0,0,0,0,0,0,0,0,0,0,0,0,0,0,0,0,0
3476,Point,81,64,567250,134750,299-W19-6,129.517669,0,299-W19-123,353.840054,0,0,0,0,0,0,0,0,0,0,0,0,0,0,0,0,0,0,0
3477,Point,81,65,567350,134750,299-W19-105,215.198318,1,299-W19-123,287.855491,1,0,0,0,0,0,0,0,0,0,0,0,0,0,0,0,0,0,0
3478,Point,81,66,567450,134750,299-W19-105,115.240254,0,299-W19-123,246.005658,1,0,0,0,0,0,0,0,0,0,0,0,0,0,0,0,0,0,0
3479,Point,81,67,567550,134750,299-W19-105,15.821381,0,299-W19-123,241.19864,1,0,0,0,0,0,0,0,0,0,0,0,0,0,0,0,0,0,0
3480,Point,81,68,567650,134750,299-W19-132,58.22077,0,299-W19-113,261.222098,1,0,0,0,0,0,0,0,0,0,0,0,0,0,0,0,0,0,0
3481,Point,81,69,567750,134750,299-W19-46,98.062126,0,299-W19-113,265.165956,1,0,0,0,0,0,0,0,0,0,0,0,0,0,0,0,0,0,0
3482,Point,81,70,567850,134750,299-W19-46,114.37736,0,299-W19-114,268.276119,1,0,0,0,0,0,0,0,0,0,0,0,0,0,0,0,0,0,0
3483,Point,81,71,567950,134750,299-W19-39,145.00673,0,299-W19-114,267.570694,1,0,0,0,0,0,0,0,0,0,0,0,0,0,0,0,0,0,0
3484,Point,81,72,568050,134750,299-W21-2,191.269015,0,299-W19-114,302.019993,0,0,0,0,0,0,0,0,0,0,0,0,0,0,0,0,0,0,0
3485,Point,81,73,568150,134750,299-W21-2,178.061327,0,299-W19-114,361.715463,0,0,0,0,0,0,0,0,0,0,0,0,0,0,0,0,0,0,0
3486,Point,81,74,568250,134750,299-W21-2,216.397403,1,299-W19-114,436.417319,0,0,0,0,0,0,0,0,0,0,0,0,0,0,0,0,0,0,0
3487,Point,81,75,568350,134750,699-36-70B,146.397556,0,299-W19-114,519.694214,0,0,0,0,0,0,0,0,0,0,0,0,0,0,0,0,0,0,0
3488,Point,81,76,568450,134750,699-36-70B,125.993034,0,299-W19-114,608.032957,0,0,0,0,0,0,0,0,0,0,0,0,0,0,0,0,0,0,0
3489,Point,81,77,568550,134750,699-36-70B,174.115607,0,299-W19-114,699.51846,0,0,0,0,0,0,0,0,0,0,0,0,0,0,0,0,0,0,0
3490,Point,81,78,568650,134750,699-36-70B,254.476412,1,299-W19-114,793.062467,0,0,0,0,0,0,0,0,0,0,0,0,0,0,0,0,0,0,0
3491,Point,81,79,568750,134750,699-36-70B,345.253884,1,299-W19-114,888.014682,0,0,0,0,0,0,0,0,0,0,0,0,0,0,0,0,0,0,0
3492,Point,81,80,568850,134750,699-36-70B,440.048002,2,299-W19-114,983.967518,0,0,0,0,0,0,0,0,0,0,0,0,0,0,0,0,0,0,0
3493,Point,81,81,568950,134750,699-36-70B,536.734799,2,299-W19-114,1080.654467,0,0,0,0,0,0,0,0,0,0,0,0,0,0,0,0,0,0,0
3494,Point,81,82,569050,134750,699-37-67,514.012663,2,299-W19-114,1177.894764,0,0,0,0,0,0,0,0,0,0,0,0,0,0,0,0,0,0,0
3495,Point,81,83,569150,134750,699-37-67,424.449076,2,299-W19-114,1275.561867,0,0,0,0,0,0,0,0,0,0,0,0,0,0,0,0,0,0,0
3496,Point,81,84,569250,134750,699-37-67,340.741864,1,299-W19-114,1373.564733,0,0,0,0,0,0,0,0,0,0,0,0,0,0,0,0,0,0,0
3497,Point,81,85,569350,134750,699-37-67,268.426932,1,299-W19-114,1471.836294,0,0,0,0,0,0,0,0,0,0,0,0,0,0,0,0,0,0,0
3498,Point,81,86,569450,134750,699-37-67,219.091346,1,299-W19-114,1570.326105,0,0,0,0,0,0,0,0,0,0,0,0,0,0,0,0,0,0,0
3499,Point,81,87,569550,134750,699-37-66,186.382469,0,299-W19-114,1668.995529,0,0,0,0,0,0,0,0,0,0,0,0,0,0,0,0,0,0,0
3500,Point,81,88,569650,134750,699-37-66,93.136593,0,299-W19-114,1767.814491,0,0,0,0,0,0,0,0,0,0,0,0,0,0,0,0,0,0,0
3501,Point,81,89,569750,134750,699-37-66,51.092317,0,299-W19-114,1866.759244,0,0,0,0,0,0,0,0,0,0,0,0,0,0,0,0,0,0,0
3502,Point,81,90,569850,134750,699-37-66,128.632908,0,299-W19-114,1965.810794,0,0,0,0,0,0,0,0,0,0,0,0,0,0,0,0,0,0,0
3503,Point,81,91,569950,134750,699-37-66,224.682943,1,299-W19-114,2064.953771,0,0,0,0,0,0,0,0,0,0,0,0,0,0,0,0,0,0,0
3504,Point,81,92,570050,134750,699-36-65,281.691214,1,299-W13-5,2161.038247,0,0,0,0,0,0,0,0,0,0,0,0,0,0,0,0,0,0,0
3505,Point,81,93,570150,134750,699-38-65,295.954587,1,299-W13-5,2251.223735,0,0,0,0,0,0,0,0,0,0,0,0,0,0,0,0,0,0,0
3506,Point,81,94,570250,134750,699-38-65,330.986582,1,299-W13-5,2342.20629,0,0,0,0,0,0,0,0,0,0,0,0,0,0,0,0,0,0,0
3507,Point,81,95,570350,134750,699-38-65,389.249429,1,299-W13-5,2433.896527,0,0,0,0,0,0,0,0,0,0,0,0,0,0,0,0,0,0,0
3508,Point,81,96,570450,134750,699-38-65,462.036922,2,299-W13-5,2526.217391,0,0,0,0,0,0,0,0,0,0,0,0,0,0,0,0,0,0,0
3509,Point,81,97,570550,134750,699-36-63B,538.139737,2,299-W14-22,2611.797569,0,0,0,0,0,0,0,0,0,0,0,0,0,0,0,0,0,0,0
3510,Point,81,98,570650,134750,699-36-63B,522.387191,2,299-W14-22,2697.507839,0,0,0,0,0,0,0,0,0,0,0,0,0,0,0,0,0,0,0
3511,Point,81,99,570750,134750,699-36-63B,525.530567,2,299-W14-22,2784.171428,0,0,0,0,0,0,0,0,0,0,0,0,0,0,0,0,0,0,0
3512,Point,81,100,570850,134750,699-38-61,444.275796,2,299-W14-22,2871.702028,0,0,0,0,0,0,0,0,0,0,0,0,0,0,0,0,0,0,0
3513,Point,81,101,570950,134750,699-38-61,365.460782,1,299-W14-22,2960.022726,0,0,0,0,0,0,0,0,0,0,0,0,0,0,0,0,0,0,0
3514,Point,81,102,571050,134750,699-38-61,299.569997,1,299-W14-22,3049.064863,0,0,0,0,0,0,0,0,0,0,0,0,0,0,0,0,0,0,0
3515,Point,81,103,571150,134750,699-38-61,256.754324,1,299-W14-22,3138.767041,0,0,0,0,0,0,0,0,0,0,0,0,0,0,0,0,0,0,0
3516,Point,81,104,571250,134750,699-36-61A,241.599251,1,299-W14-22,3229.074254,0,0,0,0,0,0,0,0,0,0,0,0,0,0,0,0,0,0,0
3517,Point,81,105,571350,134750,699-36-61A,198.181225,0,299-W14-22,3319.937129,0,0,0,0,0,0,0,0,0,0,0,0,0,0,0,0,0,0,0
3518,Point,81,106,571450,134750,699-36-61A,200.452982,1,299-W14-22,3411.311264,0,0,0,0,0,0,0,0,0,0,0,0,0,0,0,0,0,0,0
3519,Point,81,107,571550,134750,699-36-61A,247.15784,1,299-W14-22,3503.156654,0,0,0,0,0,0,0,0,0,0,0,0,0,0,0,0,0,0,0
3520,Point,81,108,571650,134750,699-36-61A,319.3628,1,299-W14-22,3595.437183,0,0,0,0,0,0,0,0,0,0,0,0,0,0,0,0,0,0,0
3521,Point,81,109,571750,134750,699-36-61A,403.606489,2,299-W14-22,3688.120191,0,0,0,0,0,0,0,0,0,0,0,0,0,0,0,0,0,0,0
3522,Point,81,110,571850,134750,699-36-61A,493.764922,2,299-W14-22,3781.176079,0,0,0,0,0,0,0,0,0,0,0,0,0,0,0,0,0,0,0
3523,Point,81,111,571950,134750,699-36-61A,587.119577,2,299-W14-22,3874.577982,0,0,0,0,0,0,0,0,0,0,0,0,0,0,0,0,0,0,0
3524,Point,81,112,572050,134750,699-36-61A,682.359874,3,299-W14-22,3968.301468,0,0,0,0,0,0,0,0,0,0,0,0,0,0,0,0,0,0,0
3525,Point,81,113,572150,134750,699-36-61A,778.794323,3,299-W14-22,4062.324278,0,0,0,0,0,0,0,0,0,0,0,0,0,0,0,0,0,0,0
3526,Point,82,32,564050,134650,299-W17-1,1319.254657,4,299-W22-91,2907.813546,0,0,0,0,0,0,0,0,0,0,0,0,0,0,0,0,0,0,0
3527,Point,82,33,564150,134650,299-W17-1,1224.049366,4,299-W22-91,2809.45326,0,0,0,0,0,0,0,0,0,0,0,0,0,0,0,0,0,0,0
3528,Point,82,34,564250,134650,299-W17-1,1129.672895,4,299-W22-91,2711.212942,0,0,0,0,0,0,0,0,0,0,0,0,0,0,0,0,0,0,0
3529,Point,82,35,564350,134650,299-W17-1,1036.351702,4,299-W22-91,2613.106125,0,0,0,0,0,0,0,0,0,0,0,0,0,0,0,0,0,0,0
3530,Point,82,36,564450,134650,299-W17-1,944.398671,4,299-W22-91,2515.148429,0,0,0,0,0,0,0,0,0,0,0,0,0,0,0,0,0,0,0
3531,Point,82,37,564550,134650,299-W17-1,854.255729,4,299-W22-90,2417.149277,0,0,0,0,0,0,0,0,0,0,0,0,0,0,0,0,0,0,0
3532,Point,82,38,564650,134650,299-W17-1,766.561707,3,299-W22-90,2317.397814,0,0,0,0,0,0,0,0,0,0,0,0,0,0,0,0,0,0,0
3533,Point,82,39,564750,134650,299-W17-1,682.26157,3,299-W22-90,2217.668738,0,0,0,0,0,0,0,0,0,0,0,0,0,0,0,0,0,0,0
3534,Point,82,40,564850,134650,299-W17-1,602.78093,3,299-W22-90,2117.96521,0,0,0,0,0,0,0,0,0,0,0,0,0,0,0,0,0,0,0
3535,Point,82,41,564950,134650,299-W17-1,530.291288,2,299-W22-90,2018.291017,0,0,0,0,0,0,0,0,0,0,0,0,0,0,0,0,0,0,0
3536,Point,82,42,565050,134650,299-W17-1,468.052187,2,299-W22-90,1918.650732,0,0,0,0,0,0,0,0,0,0,0,0,0,0,0,0,0,0,0
3537,Point,82,43,565150,134650,299-W17-1,420.638622,2,299-W22-90,1819.049925,0,0,0,0,0,0,0,0,0,0,0,0,0,0,0,0,0,0,0
3538,Point,82,44,565250,134650,299-W17-1,393.447392,1,299-W22-90,1719.495458,0,0,0,0,0,0,0,0,0,0,0,0,0,0,0,0,0,0,0
3539,Point,82,45,565350,134650,299-W17-1,390.723496,1,299-W22-90,1619.995873,0,0,0,0,0,0,0,0,0,0,0,0,0,0,0,0,0,0,0
3540,Point,82,46,565450,134650,299-W17-1,412.951389,2,299-W22-90,1520.561945,0,0,0,0,0,0,0,0,0,0,0,0,0,0,0,0,0,0,0
3541,Point,82,47,565550,134650,299-W17-1,456.500657,2,299-W22-90,1421.207455,0,0,0,0,0,0,0,0,0,0,0,0,0,0,0,0,0,0,0
3542,Point,82,48,565650,134650,299-W17-1,516.000824,2,299-W22-90,1321.950313,0,0,0,0,0,0,0,0,0,0,0,0,0,0,0,0,0,0,0
3543,Point,82,49,565750,134650,299-W18-21,478.470188,2,299-W22-90,1222.814225,0,0,0,0,0,0,0,0,0,0,0,0,0,0,0,0,0,0,0
3544,Point,82,50,565850,134650,299-W18-21,411.574684,2,299-W22-90,1123.831228,0,0,0,0,0,0,0,0,0,0,0,0,0,0,0,0,0,0,0
3545,Point,82,51,565950,134650,299-W18-21,360.352218,1,299-W22-90,1025.045672,0,0,0,0,0,0,0,0,0,0,0,0,0,0,0,0,0,0,0
3546,Point,82,52,566050,134650,299-W18-21,332.135094,1,299-W22-90,926.520712,0,0,0,0,0,0,0,0,0,0,0,0,0,0,0,0,0,0,0
3547,Point,82,53,566150,134650,299-W18-15,244.71158,1,299-W22-90,828.34934,0,0,0,0,0,0,0,0,0,0,0,0,0,0,0,0,0,0,0
3548,Point,82,54,566250,134650,299-W18-15,154.522353,0,299-W22-90,730.674093,0,0,0,0,0,0,0,0,0,0,0,0,0,0,0,0,0,0,0
3549,Point,82,55,566350,134650,299-W18-15,88.716163,0,299-W22-90,633.724411,0,0,0,0,0,0,0,0,0,0,0,0,0,0,0,0,0,0,0
3550,Point,82,56,566450,134650,299-W18-15,108.921796,0,299-W22-90,537.892768,0,0,0,0,0,0,0,0,0,0,0,0,0,0,0,0,0,0,0
3551,Point,82,57,566550,134650,299-W18-15,189.360391,0,299-W22-90,443.903852,0,0,0,0,0,0,0,0,0,0,0,0,0,0,0,0,0,0,0
3552,Point,82,58,566650,134650,299-W23-20,214.751059,1,299-W22-90,353.231694,0,0,0,0,0,0,0,0,0,0,0,0,0,0,0,0,0,0,0
3553,Point,82,59,566750,134650,299-W23-20,206.359437,1,299-W22-90,269.248268,1,0,0,0,0,0,0,0,0,0,0,0,0,0,0,0,0,0,0
3554,Point,82,60,566850,134650,299-W22-84,164.501678,0,299-W22-90,200.540843,1,0,0,0,0,0,0,0,0,0,0,0,0,0,0,0,0,0,0
3555,Point,82,61,566950,134650,299-W22-84,106.342851,0,299-W22-90,167.148526,2,0,0,0,0,0,0,0,0,0,0,0,0,0,0,0,0,0,0
3556,Point,82,62,567050,134650,299-W19-6,94.121339,0,299-W22-90,188.840223,2,0,0,0,0,0,0,0,0,0,0,0,0,0,0,0,0,0,0
3557,Point,82,63,567150,134650,299-W19-6,46.827625,0,299-W22-90,251.759071,1,0,0,0,0,0,0,0,0,0,0,0,0,0,0,0,0,0,0
3558,Point,82,64,567250,134650,299-W19-6,124.606687,0,299-W22-90,333.323611,0,0,0,0,0,0,0,0,0,0,0,0,0,0,0,0,0,0,0
3559,Point,82,65,567350,134650,299-W22-95,205.875408,1,299-W19-123,374.818334,0,0,0,0,0,0,0,0,0,0,0,0,0,0,0,0,0,0,0
3560,Point,82,66,567450,134650,299-W22-87,143.333447,0,299-W19-123,343.724866,0,0,0,0,0,0,0,0,0,0,0,0,0,0,0,0,0,0,0
3561,Point,82,67,567550,134650,299-W19-105,96.634963,0,299-W19-123,340.301019,0,0,0,0,0,0,0,0,0,0,0,0,0,0,0,0,0,0,0
3562,Point,82,68,567650,134650,299-W19-132,42.091069,0,299-W19-113,360.384495,0,0,0,0,0,0,0,0,0,0,0,0,0,0,0,0,0,0,0
3563,Point,82,69,567750,134650,299-W19-132,112.034183,0,299-W19-113,363.253334,0,0,0,0,0,0,0,0,0,0,0,0,0,0,0,0,0,0,0
3564,Point,82,70,567850,134650,299-W19-46,203.897475,1,299-W19-114,366.89791,0,0,0,0,0,0,0,0,0,0,0,0,0,0,0,0,0,0,0
3565,Point,82,71,567950,134650,299-W21-2,190.315097,0,299-W19-114,366.382418,0,0,0,0,0,0,0,0,0,0,0,0,0,0,0,0,0,0,0
3566,Point,82,72,568050,134650,299-W21-2,106.498057,0,299-W19-114,392.247468,0,0,0,0,0,0,0,0,0,0,0,0,0,0,0,0,0,0,0
3567,Point,82,73,568150,134650,299-W21-2,80.397986,0,299-W19-114,439.863702,0,0,0,0,0,0,0,0,0,0,0,0,0,0,0,0,0,0,0
3568,Point,82,74,568250,134650,299-W21-2,146.92119,0,299-W19-114,503.092513,0,0,0,0,0,0,0,0,0,0,0,0,0,0,0,0,0,0,0
3569,Point,82,75,568350,134650,699-36-70B,81.414031,0,299-W19-114,576.822396,0,0,0,0,0,0,0,0,0,0,0,0,0,0,0,0,0,0,0
3570,Point,82,76,568450,134650,699-36-70B,32.714592,0,299-W19-114,657.530285,0,0,0,0,0,0,0,0,0,0,0,0,0,0,0,0,0,0,0
3571,Point,82,77,568550,134650,699-36-70B,124.548161,0,299-W19-114,742.945541,0,0,0,0,0,0,0,0,0,0,0,0,0,0,0,0,0,0,0
3572,Point,82,78,568650,134650,699-36-70B,223.504462,1,299-W19-114,831.618949,0,0,0,0,0,0,0,0,0,0,0,0,0,0,0,0,0,0,0
3573,Point,82,79,568750,134650,699-36-70B,323.104077,1,299-W19-114,922.611552,0,0,0,0,0,0,0,0,0,0,0,0,0,0,0,0,0,0,0
3574,Point,82,80,568850,134650,699-36-70B,422.89271,2,299-W19-114,1015.299993,0,0,0,0,0,0,0,0,0,0,0,0,0,0,0,0,0,0,0
3575,Point,82,81,568950,134650,699-36-70B,522.76213,2,299-W19-114,1109.259247,0,0,0,0,0,0,0,0,0,0,0,0,0,0,0,0,0,0,0
3576,Point,82,82,569050,134650,699-37-67,561.883456,2,299-W19-114,1204.191877,0,0,0,0,0,0,0,0,0,0,0,0,0,0,0,0,0,0,0
3577,Point,82,83,569150,134650,699-37-67,481.311768,2,299-W19-114,1299.88464,0,0,0,0,0,0,0,0,0,0,0,0,0,0,0,0,0,0,0
3578,Point,82,84,569250,134650,699-37-67,409.400804,2,299-W19-114,1396.181248,0,0,0,0,0,0,0,0,0,0,0,0,0,0,0,0,0,0,0
3579,Point,82,85,569350,134650,699-37-67,351.506782,1,299-W19-114,1492.964861,0,0,0,0,0,0,0,0,0,0,0,0,0,0,0,0,0,0,0
3580,Point,82,86,569450,134650,699-37-67,315.44416,1,299-W19-114,1590.146558,0,0,0,0,0,0,0,0,0,0,0,0,0,0,0,0,0,0,0
3581,Point,82,87,569550,134650,699-37-66,232.741111,1,299-W19-114,1687.657571,0,0,0,0,0,0,0,0,0,0,0,0,0,0,0,0,0,0,0
3582,Point,82,88,569650,134650,699-37-66,167.643744,0,299-W19-114,1785.443944,0,0,0,0,0,0,0,0,0,0,0,0,0,0,0,0,0,0,0
3583,Point,82,89,569750,134650,699-37-66,148.46018,0,299-W19-114,1883.462789,0,0,0,0,0,0,0,0,0,0,0,0,0,0,0,0,0,0,0
3584,Point,82,90,569850,134650,699-37-66,189.674524,0,299-W19-114,1981.67961,0,0,0,0,0,0,0,0,0,0,0,0,0,0,0,0,0,0,0
3585,Point,82,91,569950,134650,699-36-65,199.869808,0,299-W19-114,2080.066363,0,0,0,0,0,0,0,0,0,0,0,0,0,0,0,0,0,0,0
3586,Point,82,92,570050,134650,699-36-65,181.933889,0,299-W19-114,2178.600027,0,0,0,0,0,0,0,0,0,0,0,0,0,0,0,0,0,0,0
3587,Point,82,93,570150,134650,699-36-65,215.062642,1,299-W19-114,2277.26153,0,0,0,0,0,0,0,0,0,0,0,0,0,0,0,0,0,0,0
3588,Point,82,94,570250,134650,699-36-65,281.787047,1,299-W19-114,2376.034948,0,0,0,0,0,0,0,0,0,0,0,0,0,0,0,0,0,0,0
3589,Point,82,95,570350,134650,699-36-65,364.082326,1,299-W13-5,2474.758636,0,0,0,0,0,0,0,0,0,0,0,0,0,0,0,0,0,0,0
3590,Point,82,96,570450,134650,699-36-65,453.550372,2,299-W13-5,2565.609539,0,0,0,0,0,0,0,0,0,0,0,0,0,0,0,0,0,0,0
3591,Point,82,97,570550,134650,699-36-63B,441.964226,2,299-W13-5,2657.117668,0,0,0,0,0,0,0,0,0,0,0,0,0,0,0,0,0,0,0
3592,Point,82,98,570650,134650,699-36-63B,422.642138,2,299-W13-5,2749.217398,0,0,0,0,0,0,0,0,0,0,0,0,0,0,0,0,0,0,0
3593,Point,82,99,570750,134650,699-36-63B,426.52125,2,299-W14-22,2834.619646,0,0,0,0,0,0,0,0,0,0,0,0,0,0,0,0,0,0,0
3594,Point,82,100,570850,134650,699-36-63B,453.005935,2,299-W14-22,2920.638721,0,0,0,0,0,0,0,0,0,0,0,0,0,0,0,0,0,0,0
3595,Point,82,101,570950,134650,699-38-61,439.338119,2,299-W14-22,3007.522658,0,0,0,0,0,0,0,0,0,0,0,0,0,0,0,0,0,0,0
3596,Point,82,102,571050,134650,699-36-61A,357.743201,1,299-W14-22,3095.198627,0,0,0,0,0,0,0,0,0,0,0,0,0,0,0,0,0,0,0
3597,Point,82,103,571150,134650,699-36-61A,262.461041,1,299-W14-22,3183.601191,0,0,0,0,0,0,0,0,0,0,0,0,0,0,0,0,0,0,0
3598,Point,82,104,571250,134650,699-36-61A,172.601848,0,299-W14-22,3272.671468,0,0,0,0,0,0,0,0,0,0,0,0,0,0,0,0,0,0,0
3599,Point,82,105,571350,134650,699-36-61A,103.426293,0,299-W14-22,3362.356397,0,0,0,0,0,0,0,0,0,0,0,0,0,0,0,0,0,0,0
3600,Point,82,106,571450,134650,699-36-61A,107.715356,0,299-W14-22,3452.608078,0,0,0,0,0,0,0,0,0,0,0,0,0,0,0,0,0,0,0
3601,Point,82,107,571550,134650,699-36-61A,180.3003,0,299-W14-22,3543.383205,0,0,0,0,0,0,0,0,0,0,0,0,0,0,0,0,0,0,0
3602,Point,82,108,571650,134650,699-36-61A,270.949807,1,299-W14-22,3634.64256,0,0,0,0,0,0,0,0,0,0,0,0,0,0,0,0,0,0,0
3603,Point,82,109,571750,134650,699-36-61A,366.496109,1,299-W14-22,3726.350566,0,0,0,0,0,0,0,0,0,0,0,0,0,0,0,0,0,0,0
3604,Point,82,110,571850,134650,699-36-61A,463.923483,2,299-W14-22,3818.474897,0,0,0,0,0,0,0,0,0,0,0,0,0,0,0,0,0,0,0
3605,Point,82,111,571950,134650,699-36-61A,562.254923,2,299-W14-22,3910.986134,0,0,0,0,0,0,0,0,0,0,0,0,0,0,0,0,0,0,0
3606,Point,82,112,572050,134650,699-36-61A,661.087133,3,299-W14-22,4003.857458,0,0,0,0,0,0,0,0,0,0,0,0,0,0,0,0,0,0,0
3607,Point,82,113,572150,134650,699-36-61A,760.224834,3,299-W14-22,4097.064381,0,0,0,0,0,0,0,0,0,0,0,0,0,0,0,0,0,0,0
3608,Point,83,32,564050,134550,299-W17-1,1352.102381,4,299-W22-91,2891.761681,0,0,0,0,0,0,0,0,0,0,0,0,0,0,0,0,0,0,0
3609,Point,83,33,564150,134550,299-W17-1,1259.382726,4,299-W22-91,2792.836125,0,0,0,0,0,0,0,0,0,0,0,0,0,0,0,0,0,0,0
3610,Point,83,34,564250,134550,299-W17-1,1167.865082,4,299-W22-91,2693.989907,0,0,0,0,0,0,0,0,0,0,0,0,0,0,0,0,0,0,0
3611,Point,83,35,564350,134550,299-W17-1,1077.855672,4,299-W22-91,2595.232093,0,0,0,0,0,0,0,0,0,0,0,0,0,0,0,0,0,0,0
3612,Point,83,36,564450,134550,299-W17-1,989.766058,4,299-W22-91,2496.573175,0,0,0,0,0,0,0,0,0,0,0,0,0,0,0,0,0,0,0
3613,Point,83,37,564550,134550,299-W17-1,904.157536,4,299-W22-91,2398.025358,0,0,0,0,0,0,0,0,0,0,0,0,0,0,0,0,0,0,0
3614,Point,83,38,564650,134550,299-W17-1,821.805847,4,299-W22-91,2299.602926,0,0,0,0,0,0,0,0,0,0,0,0,0,0,0,0,0,0,0
3615,Point,83,39,564750,134550,299-W17-1,743.793553,3,299-W22-91,2201.322697,0,0,0,0,0,0,0,0,0,0,0,0,0,0,0,0,0,0,0
3616,Point,83,40,564850,134550,299-W17-1,671.634462,3,299-W22-91,2103.204607,0,0,0,0,0,0,0,0,0,0,0,0,0,0,0,0,0,0,0
3617,Point,83,41,564950,134550,299-W17-1,607.418184,3,299-W22-91,2005.272455,0,0,0,0,0,0,0,0,0,0,0,0,0,0,0,0,0,0,0
3618,Point,83,42,565050,134550,299-W17-1,553.914118,2,299-W22-91,1907.55488,0,0,0,0,0,0,0,0,0,0,0,0,0,0,0,0,0,0,0
3619,Point,83,43,565150,134550,299-W17-1,514.475315,2,299-W22-91,1810.086633,0,0,0,0,0,0,0,0,0,0,0,0,0,0,0,0,0,0,0
3620,Point,83,44,565250,134550,299-W17-1,492.492487,2,299-W22-90,1712.691633,0,0,0,0,0,0,0,0,0,0,0,0,0,0,0,0,0,0,0
3621,Point,83,45,565350,134550,299-W17-1,490.319131,2,299-W22-90,1612.772343,0,0,0,0,0,0,0,0,0,0,0,0,0,0,0,0,0,0,0
3622,Point,83,46,565450,134550,299-W17-1,508.209455,2,299-W22-90,1512.863718,0,0,0,0,0,0,0,0,0,0,0,0,0,0,0,0,0,0,0
3623,Point,83,47,565550,134550,299-W17-1,544.188249,2,299-W22-90,1412.968021,0,0,0,0,0,0,0,0,0,0,0,0,0,0,0,0,0,0,0
3624,Point,83,48,565650,134550,699-35-78A,498.74221,2,299-W22-90,1313.088203,0,0,0,0,0,0,0,0,0,0,0,0,0,0,0,0,0,0,0
3625,Point,83,49,565750,134550,699-35-78A,419.555232,2,299-W22-90,1213.228185,0,0,0,0,0,0,0,0,0,0,0,0,0,0,0,0,0,0,0
3626,Point,83,50,565850,134550,699-35-78A,351.154371,1,299-W22-90,1113.393295,0,0,0,0,0,0,0,0,0,0,0,0,0,0,0,0,0,0,0
3627,Point,83,51,565950,134550,699-35-78A,300.985369,1,299-W22-90,1013.590958,0,0,0,0,0,0,0,0,0,0,0,0,0,0,0,0,0,0,0
3628,Point,83,52,566050,134550,699-35-78A,279.060911,1,299-W22-90,913.831839,0,0,0,0,0,0,0,0,0,0,0,0,0,0,0,0,0,0,0
3629,Point,83,53,566150,134550,699-35-78A,291.818081,1,299-W22-90,814.131826,0,0,0,0,0,0,0,0,0,0,0,0,0,0,0,0,0,0,0
3630,Point,83,54,566250,134550,299-W18-15,224.883876,1,299-W22-90,714.515661,0,0,0,0,0,0,0,0,0,0,0,0,0,0,0,0,0,0,0
3631,Point,83,55,566350,134550,299-W18-15,185.919761,0,299-W22-90,615.024089,0,0,0,0,0,0,0,0,0,0,0,0,0,0,0,0,0,0,0
3632,Point,83,56,566450,134550,299-W18-15,196.365877,0,299-W22-90,515.729221,0,0,0,0,0,0,0,0,0,0,0,0,0,0,0,0,0,0,0
3633,Point,83,57,566550,134550,299-W23-4,176.406805,0,299-W22-90,416.771676,0,0,0,0,0,0,0,0,0,0,0,0,0,0,0,0,0,0,0
3634,Point,83,58,566650,134550,299-W23-20,123.918591,0,299-W22-90,318.466057,0,0,0,0,0,0,0,0,0,0,0,0,0,0,0,0,0,0,0
3635,Point,83,59,566750,134550,299-W23-20,108.7291,0,299-W22-90,221.68137,1,0,0,0,0,0,0,0,0,0,0,0,0,0,0,0,0,0,0
3636,Point,83,60,566850,134550,299-W22-93,117.955183,0,299-W22-90,129.863889,2,0,0,0,0,0,0,0,0,0,0,0,0,0,0,0,0,0,0
3637,Point,83,61,566950,134550,299-W22-84,28.858309,0,299-W22-90,67.724661,3,0,0,0,0,0,0,0,0,0,0,0,0,0,0,0,0,0,0
3638,Point,83,62,567050,134550,299-W22-84,71.279745,0,299-W22-90,110.944264,2,0,0,0,0,0,0,0,0,0,0,0,0,0,0,0,0,0,0
3639,Point,83,63,567150,134550,299-W22-95,20.559273,0,299-W22-90,200.07656,1,0,0,0,0,0,0,0,0,0,0,0,0,0,0,0,0,0,0
3640,Point,83,64,567250,134550,299-W22-95,79.464984,0,299-W22-90,296.230704,1,0,0,0,0,0,0,0,0,0,0,0,0,0,0,0,0,0,0
3641,Point,83,65,567350,134550,299-W22-95,179.462207,0,299-W22-90,394.302713,0,0,0,0,0,0,0,0,0,0,0,0,0,0,0,0,0,0,0
3642,Point,83,66,567450,134550,299-W22-87,92.306429,0,299-W19-123,442.464443,0,0,0,0,0,0,0,0,0,0,0,0,0,0,0,0,0,0,0
3643,Point,83,67,567550,134550,299-W22-87,13.05668,0,299-W19-123,439.80994,0,0,0,0,0,0,0,0,0,0,0,0,0,0,0,0,0,0,0
3644,Point,83,68,567650,134550,299-W22-79,87.577482,0,299-W19-123,459.446171,0,0,0,0,0,0,0,0,0,0,0,0,0,0,0,0,0,0,0
3645,Point,83,69,567750,134550,299-W22-79,147.518864,0,299-W19-113,462.16121,0,0,0,0,0,0,0,0,0,0,0,0,0,0,0,0,0,0,0
3646,Point,83,70,567850,134550,299-W22-79,236.334118,1,299-W19-114,466.107366,0,0,0,0,0,0,0,0,0,0,0,0,0,0,0,0,0,0,0
3647,Point,83,71,567950,134550,299-W21-2,176.005216,0,299-W19-114,465.701703,0,0,0,0,0,0,0,0,0,0,0,0,0,0,0,0,0,0,0
3648,Point,83,72,568050,134550,299-W21-2,78.101448,0,299-W19-114,486.312735,0,0,0,0,0,0,0,0,0,0,0,0,0,0,0,0,0,0,0
3649,Point,83,73,568150,134550,299-W21-2,34.954774,0,299-W19-114,525.473193,0,0,0,0,0,0,0,0,0,0,0,0,0,0,0,0,0,0,0
3650,Point,83,74,568250,134550,299-W21-2,127.843014,0,299-W19-114,579.434273,0,0,0,0,0,0,0,0,0,0,0,0,0,0,0,0,0,0,0
3651,Point,83,75,568350,134550,699-36-70B,108.739342,0,299-W19-114,644.489004,0,0,0,0,0,0,0,0,0,0,0,0,0,0,0,0,0,0,0
3652,Point,83,76,568450,134550,699-36-70B,79.159614,0,299-W19-114,717.626697,0,0,0,0,0,0,0,0,0,0,0,0,0,0,0,0,0,0,0
3653,Point,83,77,568550,134550,699-36-70B,143.903594,0,299-W19-114,796.624175,0,0,0,0,0,0,0,0,0,0,0,0,0,0,0,0,0,0,0
3654,Point,83,78,568650,134550,699-36-70B,234.840892,1,299-W19-114,879.904584,0,0,0,0,0,0,0,0,0,0,0,0,0,0,0,0,0,0,0
3655,Point,83,79,568750,134550,699-36-70B,331.047194,1,299-W19-114,966.361256,0,0,0,0,0,0,0,0,0,0,0,0,0,0,0,0,0,0,0
3656,Point,83,80,568850,134550,699-36-70B,428.992126,2,299-W19-114,1055.213759,0,0,0,0,0,0,0,0,0,0,0,0,0,0,0,0,0,0,0
3657,Point,83,81,568950,134550,699-36-70B,527.708484,2,299-W19-114,1145.904916,0,0,0,0,0,0,0,0,0,0,0,0,0,0,0,0,0,0,0
3658,Point,83,82,569050,134550,699-37-67,622.267642,3,299-W19-114,1238.030725,0,0,0,0,0,0,0,0,0,0,0,0,0,0,0,0,0,0,0
3659,Point,83,83,569150,134550,699-37-67,550.60423,2,299-W19-114,1331.293385,0,0,0,0,0,0,0,0,0,0,0,0,0,0,0,0,0,0,0
3660,Point,83,84,569250,134550,699-36-66B,488.106111,2,299-W19-114,1425.469774,0,0,0,0,0,0,0,0,0,0,0,0,0,0,0,0,0,0,0
3661,Point,83,85,569350,134550,699-36-66B,389.845579,1,299-W19-114,1520.390107,0,0,0,0,0,0,0,0,0,0,0,0,0,0,0,0,0,0,0
3662,Point,83,86,569450,134550,699-36-66B,292.765394,1,299-W19-114,1615.923289,0,0,0,0,0,0,0,0,0,0,0,0,0,0,0,0,0,0,0
3663,Point,83,87,569550,134550,699-36-66B,198.604068,0,299-W19-114,1711.966728,0,0,0,0,0,0,0,0,0,0,0,0,0,0,0,0,0,0,0
3664,Point,83,88,569650,134550,699-36-66B,114.784911,0,299-W19-114,1808.439127,0,0,0,0,0,0,0,0,0,0,0,0,0,0,0,0,0,0,0
3665,Point,83,89,569750,134550,699-36-66B,83.111826,0,299-W19-114,1905.275328,0,0,0,0,0,0,0,0,0,0,0,0,0,0,0,0,0,0,0
3666,Point,83,90,569850,134550,699-36-66B,143.664803,0,299-W19-114,2002.422552,0,0,0,0,0,0,0,0,0,0,0,0,0,0,0,0,0,0,0
3667,Point,83,91,569950,134550,699-36-65,117.038199,0,299-W19-114,2099.837631,0,0,0,0,0,0,0,0,0,0,0,0,0,0,0,0,0,0,0
3668,Point,83,92,570050,134550,699-36-65,82.764365,0,299-W19-114,2197.484943,0,0,0,0,0,0,0,0,0,0,0,0,0,0,0,0,0,0,0
3669,Point,83,93,570150,134550,699-36-65,141.428215,0,299-W19-114,2295.334851,0,0,0,0,0,0,0,0,0,0,0,0,0,0,0,0,0,0,0
3670,Point,83,94,570250,134550,699-36-65,230.551383,1,299-W19-114,2393.362504,0,0,0,0,0,0,0,0,0,0,0,0,0,0,0,0,0,0,0
3671,Point,83,95,570350,134550,699-36-65,326.045917,1,299-W19-114,2491.546924,0,0,0,0,0,0,0,0,0,0,0,0,0,0,0,0,0,0,0
3672,Point,83,96,570450,134550,699-36-63B,397.210746,1,299-W19-114,2589.870282,0,0,0,0,0,0,0,0,0,0,0,0,0,0,0,0,0,0,0
3673,Point,83,97,570550,134550,699-36-63B,347.951688,1,299-W19-114,2688.317332,0,0,0,0,0,0,0,0,0,0,0,0,0,0,0,0,0,0,0
3674,Point,83,98,570650,134550,699-36-63B,323.054759,1,299-W19-114,2786.874966,0,0,0,0,0,0,0,0,0,0,0,0,0,0,0,0,0,0,0
3675,Point,83,99,570750,134550,699-36-63B,328.11336,1,299-W13-5,2880.398636,0,0,0,0,0,0,0,0,0,0,0,0,0,0,0,0,0,0,0
3676,Point,83,100,570850,134550,699-36-63B,361.873427,1,299-W14-22,2972.13535,0,0,0,0,0,0,0,0,0,0,0,0,0,0,0,0,0,0,0
3677,Point,83,101,570950,134550,699-36-63B,417.42829,2,299-W14-22,3057.556302,0,0,0,0,0,0,0,0,0,0,0,0,0,0,0,0,0,0,0
3678,Point,83,102,571050,134550,699-36-61A,345.545074,1,299-W14-22,3143.837232,0,0,0,0,0,0,0,0,0,0,0,0,0,0,0,0,0,0,0
3679,Point,83,103,571150,134550,699-36-61A,245.574832,1,299-W14-22,3230.909244,0,0,0,0,0,0,0,0,0,0,0,0,0,0,0,0,0,0,0
3680,Point,83,104,571250,134550,699-36-61A,145.645453,0,299-W14-22,3318.710072,0,0,0,0,0,0,0,0,0,0,0,0,0,0,0,0,0,0,0
3681,Point,83,105,571350,134550,699-36-61A,46.023885,0,299-W14-22,3407.183373,0,0,0,0,0,0,0,0,0,0,0,0,0,0,0,0,0,0,0
3682,Point,83,106,571450,134550,699-36-61A,54.989072,0,299-W14-22,3496.278098,0,0,0,0,0,0,0,0,0,0,0,0,0,0,0,0,0,0,0
3683,Point,83,107,571550,134550,699-36-61A,154.691299,0,299-W14-22,3585.947928,0,0,0,0,0,0,0,0,0,0,0,0,0,0,0,0,0,0,0
3684,Point,83,108,571650,134550,699-36-61A,254.627175,1,299-W14-22,3676.150778,0,0,0,0,0,0,0,0,0,0,0,0,0,0,0,0,0,0,0
3685,Point,83,109,571750,134550,699-36-61A,354.599208,1,299-W14-22,3766.848356,0,0,0,0,0,0,0,0,0,0,0,0,0,0,0,0,0,0,0
3686,Point,83,110,571850,134550,699-36-61A,454.583543,2,299-W14-22,3858.005772,0,0,0,0,0,0,0,0,0,0,0,0,0,0,0,0,0,0,0
3687,Point,83,111,571950,134550,699-36-61A,554.573528,2,299-W14-22,3949.591186,0,0,0,0,0,0,0,0,0,0,0,0,0,0,0,0,0,0,0
3688,Point,83,112,572050,134550,699-36-61A,654.566573,3,299-W14-22,4041.575502,0,0,0,0,0,0,0,0,0,0,0,0,0,0,0,0,0,0,0
3689,Point,83,113,572150,134550,699-36-61A,754.561461,3,299-W14-22,4133.932092,0,0,0,0,0,0,0,0,0,0,0,0,0,0,0,0,0,0,0
3690,Point,84,32,564050,134450,299-W17-1,1391.376603,4,299-W22-91,2879.095625,0,0,0,0,0,0,0,0,0,0,0,0,0,0,0,0,0,0,0
3691,Point,84,33,564150,134450,299-W17-1,1301.457971,4,299-W22-91,2779.719342,0,0,0,0,0,0,0,0,0,0,0,0,0,0,0,0,0,0,0
3692,Point,84,34,564250,134450,299-W17-1,1213.118646,4,299-W22-91,2680.389453,0,0,0,0,0,0,0,0,0,0,0,0,0,0,0,0,0,0,0
3693,Point,84,35,564350,134450,299-W17-1,1126.730158,4,299-W22-91,2581.111315,0,0,0,0,0,0,0,0,0,0,0,0,0,0,0,0,0,0,0
3694,Point,84,36,564450,134450,299-W17-1,1042.777469,4,299-W22-91,2481.891138,0,0,0,0,0,0,0,0,0,0,0,0,0,0,0,0,0,0,0
3695,Point,84,37,564550,134450,299-W17-1,961.898565,4,299-W22-91,2382.736162,0,0,0,0,0,0,0,0,0,0,0,0,0,0,0,0,0,0,0
3696,Point,84,38,564650,134450,299-W17-1,884.936636,4,299-W22-91,2283.654882,0,0,0,0,0,0,0,0,0,0,0,0,0,0,0,0,0,0,0
3697,Point,84,39,564750,134450,299-W17-1,813.004828,4,299-W22-91,2184.657323,0,0,0,0,0,0,0,0,0,0,0,0,0,0,0,0,0,0,0
3698,Point,84,40,564850,134450,299-W17-1,747.556586,3,299-W22-91,2085.755407,0,0,0,0,0,0,0,0,0,0,0,0,0,0,0,0,0,0,0
3699,Point,84,41,564950,134450,299-W17-1,690.438158,3,299-W22-91,1986.963416,0,0,0,0,0,0,0,0,0,0,0,0,0,0,0,0,0,0,0
3700,Point,84,42,565050,134450,299-W17-1,643.870212,3,299-W22-91,1888.298604,0,0,0,0,0,0,0,0,0,0,0,0,0,0,0,0,0,0,0
3701,Point,84,43,565150,134450,299-W17-1,610.272767,3,299-W22-91,1789.782003,0,0,0,0,0,0,0,0,0,0,0,0,0,0,0,0,0,0,0
3702,Point,84,44,565250,134450,299-W17-1,591.858809,2,299-W22-91,1691.439511,0,0,0,0,0,0,0,0,0,0,0,0,0,0,0,0,0,0,0
3703,Point,84,45,565350,134450,299-W17-1,590.051566,2,299-W22-91,1593.303367,0,0,0,0,0,0,0,0,0,0,0,0,0,0,0,0,0,0,0
3704,Point,84,46,565450,134450,299-W17-1,604.999876,3,299-W22-91,1495.414196,0,0,0,0,0,0,0,0,0,0,0,0,0,0,0,0,0,0,0
3705,Point,84,47,565550,134450,699-35-78A,543.79683,2,299-W22-91,1397.823887,0,0,0,0,0,0,0,0,0,0,0,0,0,0,0,0,0,0,0
3706,Point,84,48,565650,134450,699-35-78A,450.552763,2,299-W22-91,1300.599715,0,0,0,0,0,0,0,0,0,0,0,0,0,0,0,0,0,0,0
3707,Point,84,49,565750,134450,699-35-78A,360.944029,1,299-W22-91,1203.830394,0,0,0,0,0,0,0,0,0,0,0,0,0,0,0,0,0,0,0
3708,Point,84,50,565850,134450,699-35-78A,278.502051,1,299-W22-91,1107.635147,0,0,0,0,0,0,0,0,0,0,0,0,0,0,0,0,0,0,0
3709,Point,84,51,565950,134450,699-35-78A,211.769196,1,299-W22-90,1011.93608,0,0,0,0,0,0,0,0,0,0,0,0,0,0,0,0,0,0,0
3710,Point,84,52,566050,134450,699-35-78A,179.24562,0,299-W22-90,911.995959,0,0,0,0,0,0,0,0,0,0,0,0,0,0,0,0,0,0,0
3711,Point,84,53,566150,134450,699-35-78A,198.524035,0,299-W22-90,812.070582,0,0,0,0,0,0,0,0,0,0,0,0,0,0,0,0,0,0,0
3712,Point,84,54,566250,134450,699-35-78A,258.252962,1,299-W22-90,712.166153,0,0,0,0,0,0,0,0,0,0,0,0,0,0,0,0,0,0,0
3713,Point,84,55,566350,134450,299-W23-4,284.221675,1,299-W22-90,612.292928,0,0,0,0,0,0,0,0,0,0,0,0,0,0,0,0,0,0,0
3714,Point,84,56,566450,134450,299-W23-4,187.453356,0,299-W22-90,512.46915,0,0,0,0,0,0,0,0,0,0,0,0,0,0,0,0,0,0,0
3715,Point,84,57,566550,134450,299-W23-4,97.445168,0,299-W22-90,412.730699,0,0,0,0,0,0,0,0,0,0,0,0,0,0,0,0,0,0,0
3716,Point,84,58,566650,134450,299-W23-4,62.067389,0,299-W22-90,313.159112,0,0,0,0,0,0,0,0,0,0,0,0,0,0,0,0,0,0,0
3717,Point,84,59,566750,134450,299-W23-20,32.554835,0,299-W22-90,213.987452,1,0,0,0,0,0,0,0,0,0,0,0,0,0,0,0,0,0,0
3718,Point,84,60,566850,134450,299-W22-93,105.401259,0,299-W22-90,116.243837,2,0,0,0,0,0,0,0,0,0,0,0,0,0,0,0,0,0,0
3719,Point,84,61,566950,134450,299-W22-93,35.992017,0,299-W22-90,35.137298,4,0,0,0,0,0,0,0,0,0,0,0,0,0,0,0,0,0,0
3720,Point,84,62,567050,134450,299-W22-94,44.994387,0,299-W22-90,94.639472,3,0,0,0,0,0,0,0,0,0,0,0,0,0,0,0,0,0,0
3721,Point,84,63,567150,134450,299-W22-95,101.216025,0,299-W22-90,191.516656,2,0,0,0,0,0,0,0,0,0,0,0,0,0,0,0,0,0,0
3722,Point,84,64,567250,134450,299-W22-69,124.076061,0,299-W22-90,290.517865,1,0,0,0,0,0,0,0,0,0,0,0,0,0,0,0,0,0,0
3723,Point,84,65,567350,134450,299-W22-69,198.682835,0,299-W22-90,390.029011,0,0,0,0,0,0,0,0,0,0,0,0,0,0,0,0,0,0,0
3724,Point,84,66,567450,134450,299-W22-87,128.438611,0,299-W22-90,489.739349,0,0,0,0,0,0,0,0,0,0,0,0,0,0,0,0,0,0,0
3725,Point,84,67,567550,134450,299-W22-79,80.913629,0,299-W19-123,539.500495,0,0,0,0,0,0,0,0,0,0,0,0,0,0,0,0,0,0,0
3726,Point,84,68,567650,134450,299-W22-79,25.278752,0,299-W19-123,555.624679,0,0,0,0,0,0,0,0,0,0,0,0,0,0,0,0,0,0,0
3727,Point,84,69,567750,134450,299-W22-79,121.371394,0,299-W19-113,561.456129,0,0,0,0,0,0,0,0,0,0,0,0,0,0,0,0,0,0,0
3728,Point,84,70,567850,134450,299-W22-88,205.282906,1,299-W19-114,565.595329,0,0,0,0,0,0,0,0,0,0,0,0,0,0,0,0,0,0,0
3729,Point,84,71,567950,134450,299-W22-88,113.336099,0,299-W19-114,565.261069,0,0,0,0,0,0,0,0,0,0,0,0,0,0,0,0,0,0,0
3730,Point,84,72,568050,134450,299-W22-88,59.574082,0,299-W19-114,582.359061,0,0,0,0,0,0,0,0,0,0,0,0,0,0,0,0,0,0,0
3731,Point,84,73,568150,134450,299-W22-88,119.386227,0,299-W19-114,615.438117,0,0,0,0,0,0,0,0,0,0,0,0,0,0,0,0,0,0,0
3732,Point,84,74,568250,134450,299-W21-2,176.357127,0,299-W19-114,662.1073,0,0,0,0,0,0,0,0,0,0,0,0,0,0,0,0,0,0,0
3733,Point,84,75,568350,134450,699-36-70A,183.14043,0,299-W19-114,719.727779,0,0,0,0,0,0,0,0,0,0,0,0,0,0,0,0,0,0,0
3734,Point,84,76,568450,134450,699-36-70A,142.142946,0,299-W19-114,785.894443,0,0,0,0,0,0,0,0,0,0,0,0,0,0,0,0,0,0,0
3735,Point,84,77,568550,134450,699-36-70A,163.917104,0,299-W19-114,858.633843,0,0,0,0,0,0,0,0,0,0,0,0,0,0,0,0,0,0,0
3736,Point,84,78,568650,134450,699-36-70A,231.372032,1,299-W19-114,936.415547,0,0,0,0,0,0,0,0,0,0,0,0,0,0,0,0,0,0,0
3737,Point,84,79,568750,134450,699-36-70A,316.53944,1,299-W19-114,1018.084513,0,0,0,0,0,0,0,0,0,0,0,0,0,0,0,0,0,0,0
3738,Point,84,80,568850,134450,699-36-70A,408.48674,2,299-W19-114,1102.777437,0,0,0,0,0,0,0,0,0,0,0,0,0,0,0,0,0,0,0
3739,Point,84,81,568950,134450,699-36-70A,503.513274,2,299-W19-114,1189.848762,0,0,0,0,0,0,0,0,0,0,0,0,0,0,0,0,0,0,0
3740,Point,84,82,569050,134450,699-36-70A,600.15816,3,299-W19-114,1278.81276,0,0,0,0,0,0,0,0,0,0,0,0,0,0,0,0,0,0,0
3741,Point,84,83,569150,134450,699-36-66B,581.650733,2,299-W19-114,1369.300579,0,0,0,0,0,0,0,0,0,0,0,0,0,0,0,0,0,0,0
3742,Point,84,84,569250,134450,699-36-66B,481.715243,2,299-W19-114,1461.029115,0,0,0,0,0,0,0,0,0,0,0,0,0,0,0,0,0,0,0
3743,Point,84,85,569350,134450,699-36-66B,381.813535,1,299-W19-114,1553.778645,0,0,0,0,0,0,0,0,0,0,0,0,0,0,0,0,0,0,0
3744,Point,84,86,569450,134450,699-36-66B,281.981517,1,299-W19-114,1647.376726,0,0,0,0,0,0,0,0,0,0,0,0,0,0,0,0,0,0,0
3745,Point,84,87,569550,134450,699-36-66B,182.333693,0,299-W19-114,1741.686561,0,0,0,0,0,0,0,0,0,0,0,0,0,0,0,0,0,0,0
3746,Point,84,88,569650,134450,699-36-66B,83.531884,0,299-W19-114,1836.598507,0,0,0,0,0,0,0,0,0,0,0,0,0,0,0,0,0,0,0
3747,Point,84,89,569750,134450,699-36-66B,26.637862,0,299-W19-114,1932.023829,0,0,0,0,0,0,0,0,0,0,0,0,0,0,0,0,0,0,0
3748,Point,84,90,569850,134450,699-36-66B,120.173107,0,299-W19-114,2027.890055,0,0,0,0,0,0,0,0,0,0,0,0,0,0,0,0,0,0,0
3749,Point,84,91,569950,134450,699-36-65,86.301449,0,299-W19-114,2124.13749,0,0,0,0,0,0,0,0,0,0,0,0,0,0,0,0,0,0,0
3750,Point,84,92,570050,134450,699-36-65,24.493675,0,299-W19-114,2220.716568,0,0,0,0,0,0,0,0,0,0,0,0,0,0,0,0,0,0,0
3751,Point,84,93,570150,134450,699-36-65,117.268666,0,299-W19-114,2317.585829,0,0,0,0,0,0,0,0,0,0,0,0,0,0,0,0,0,0,0
3752,Point,84,94,570250,134450,699-36-65,216.573175,1,299-W19-114,2414.71035,0,0,0,0,0,0,0,0,0,0,0,0,0,0,0,0,0,0,0
3753,Point,84,95,570350,134450,699-36-65,316.316203,1,299-W19-114,2512.060524,0,0,0,0,0,0,0,0,0,0,0,0,0,0,0,0,0,0,0
3754,Point,84,96,570450,134450,699-36-63B,321.736502,1,299-W19-114,2609.611097,0,0,0,0,0,0,0,0,0,0,0,0,0,0,0,0,0,0,0
3755,Point,84,97,570550,134450,699-36-63B,258.473165,1,299-W19-114,2707.340406,0,0,0,0,0,0,0,0,0,0,0,0,0,0,0,0,0,0,0
3756,Point,84,98,570650,134450,699-36-63B,223.835603,1,299-W19-114,2805.229772,0,0,0,0,0,0,0,0,0,0,0,0,0,0,0,0,0,0,0
3757,Point,84,99,570750,134450,699-36-63B,231.076561,1,299-W19-114,2903.263005,0,0,0,0,0,0,0,0,0,0,0,0,0,0,0,0,0,0,0
3758,Point,84,100,570850,134450,699-36-63B,276.930275,1,299-W19-114,3001.426007,0,0,0,0,0,0,0,0,0,0,0,0,0,0,0,0,0,0,0
3759,Point,84,101,570950,134450,699-36-63B,346.387611,1,299-W19-114,3099.70645,0,0,0,0,0,0,0,0,0,0,0,0,0,0,0,0,0,0,0
3760,Point,84,102,571050,134450,699-36-61A,361.694067,1,299-W14-22,3194.866279,0,0,0,0,0,0,0,0,0,0,0,0,0,0,0,0,0,0,0
3761,Point,84,103,571150,134450,699-36-61A,267.821205,1,299-W14-22,3280.584177,0,0,0,0,0,0,0,0,0,0,0,0,0,0,0,0,0,0,0
3762,Point,84,104,571250,134450,699-36-61A,180.648272,0,299-W14-22,3367.089922,0,0,0,0,0,0,0,0,0,0,0,0,0,0,0,0,0,0,0
3763,Point,84,105,571350,134450,699-36-61A,116.358919,0,299-W14-22,3454.324325,0,0,0,0,0,0,0,0,0,0,0,0,0,0,0,0,0,0,0
3764,Point,84,106,571450,134450,699-36-61A,120.187346,0,299-W14-22,3542.233552,0,0,0,0,0,0,0,0,0,0,0,0,0,0,0,0,0,0,0
3765,Point,84,107,571550,134450,699-36-61A,188.017547,0,299-W14-22,3630.768588,0,0,0,0,0,0,0,0,0,0,0,0,0,0,0,0,0,0,0
3766,Point,84,108,571650,134450,699-36-61A,276.145248,1,299-W14-22,3719.884748,0,0,0,0,0,0,0,0,0,0,0,0,0,0,0,0,0,0,0
3767,Point,84,109,571750,134450,699-36-61A,370.353612,1,299-W14-22,3809.541251,0,0,0,0,0,0,0,0,0,0,0,0,0,0,0,0,0,0,0
3768,Point,84,110,571850,134450,699-36-61A,466.976871,2,299-W14-22,3899.700827,0,0,0,0,0,0,0,0,0,0,0,0,0,0,0,0,0,0,0
3769,Point,84,111,571950,134450,699-36-61A,564.776945,2,299-W14-22,3990.329377,0,0,0,0,0,0,0,0,0,0,0,0,0,0,0,0,0,0,0
3770,Point,84,112,572050,134450,699-36-61A,663.233442,3,299-W14-22,4081.395661,0,0,0,0,0,0,0,0,0,0,0,0,0,0,0,0,0,0,0
3771,Point,84,113,572150,134450,699-36-61A,762.091988,3,299-W14-22,4172.871019,0,0,0,0,0,0,0,0,0,0,0,0,0,0,0,0,0,0,0
3772,Point,85,32,564050,134350,299-W17-1,1436.55033,4,299-W22-91,2869.860209,0,0,0,0,0,0,0,0,0,0,0,0,0,0,0,0,0,0,0
3773,Point,85,33,564150,134350,299-W17-1,1349.644713,4,299-W22-91,2770.152635,0,0,0,0,0,0,0,0,0,0,0,0,0,0,0,0,0,0,0
3774,Point,85,34,564250,134350,299-W17-1,1264.675788,4,299-W22-91,2670.466929,0,0,0,0,0,0,0,0,0,0,0,0,0,0,0,0,0,0,0
3775,Point,85,35,564350,134350,299-W17-1,1182.061272,4,299-W22-91,2570.805636,0,0,0,0,0,0,0,0,0,0,0,0,0,0,0,0,0,0,0
3776,Point,85,36,564450,134350,299-W17-1,1102.330645,4,299-W22-91,2471.17171,0,0,0,0,0,0,0,0,0,0,0,0,0,0,0,0,0,0,0
3777,Point,85,37,564550,134350,299-W17-1,1026.156348,4,299-W22-91,2371.568599,0,0,0,0,0,0,0,0,0,0,0,0,0,0,0,0,0,0,0
3778,Point,85,38,564650,134350,299-W17-1,954.390303,4,299-W22-91,2272.000356,0,0,0,0,0,0,0,0,0,0,0,0,0,0,0,0,0,0,0
3779,Point,85,39,564750,134350,299-W17-1,888.101824,4,299-W22-91,2172.471776,0,0,0,0,0,0,0,0,0,0,0,0,0,0,0,0,0,0,0
3780,Point,85,40,564850,134350,299-W17-1,828.606571,4,299-W22-91,2072.988572,0,0,0,0,0,0,0,0,0,0,0,0,0,0,0,0,0,0,0
3781,Point,85,41,564950,134350,299-W17-1,777.465658,3,299-W22-91,1973.557605,0,0,0,0,0,0,0,0,0,0,0,0,0,0,0,0,0,0,0
3782,Point,85,42,565050,134350,299-W17-1,736.421652,3,299-W22-91,1874.187189,0,0,0,0,0,0,0,0,0,0,0,0,0,0,0,0,0,0,0
3783,Point,85,43,565150,134350,299-W17-1,707.23465,3,299-W22-91,1774.887495,0,0,0,0,0,0,0,0,0,0,0,0,0,0,0,0,0,0,0
3784,Point,85,44,565250,134350,299-W17-1,691.407875,3,299-W22-91,1675.671095,0,0,0,0,0,0,0,0,0,0,0,0,0,0,0,0,0,0,0
3785,Point,85,45,565350,134350,299-W17-1,689.861472,3,299-W22-91,1576.553716,0,0,0,0,0,0,0,0,0,0,0,0,0,0,0,0,0,0,0
3786,Point,85,46,565450,134350,699-35-78A,618.616353,3,299-W22-91,1477.555284,0,0,0,0,0,0,0,0,0,0,0,0,0,0,0,0,0,0,0
3787,Point,85,47,565550,134350,699-35-78A,519.585404,2,299-W22-91,1378.701425,0,0,0,0,0,0,0,0,0,0,0,0,0,0,0,0,0,0,0
3788,Point,85,48,565650,134350,699-35-78A,421.012817,2,299-W22-91,1280.025632,0,0,0,0,0,0,0,0,0,0,0,0,0,0,0,0,0,0,0
3789,Point,85,49,565750,134350,699-35-78A,323.318098,1,299-W22-91,1181.572519,0,0,0,0,0,0,0,0,0,0,0,0,0,0,0,0,0,0,0
3790,Point,85,50,565850,134350,699-35-78A,227.634339,1,299-W22-91,1083.402796,0,0,0,0,0,0,0,0,0,0,0,0,0,0,0,0,0,0,0
3791,Point,85,51,565950,134350,699-35-78A,138.203445,0,299-W22-91,985.601146,0,0,0,0,0,0,0,0,0,0,0,0,0,0,0,0,0,0,0
3792,Point,85,52,566050,134350,699-35-78A,79.893631,0,299-W22-91,888.289153,0,0,0,0,0,0,0,0,0,0,0,0,0,0,0,0,0,0,0
3793,Point,85,53,566150,134350,699-35-78A,116.90078,0,299-W22-91,791.647408,0,0,0,0,0,0,0,0,0,0,0,0,0,0,0,0,0,0,0
3794,Point,85,54,566250,134350,699-35-78A,202.357585,1,299-W22-91,695.955184,0,0,0,0,0,0,0,0,0,0,0,0,0,0,0,0,0,0,0
3795,Point,85,55,566350,134350,299-W23-4,281.350601,1,299-W22-91,601.665703,0,0,0,0,0,0,0,0,0,0,0,0,0,0,0,0,0,0,0
3796,Point,85,56,566450,134350,299-W23-4,183.070917,0,299-W22-91,509.558258,0,0,0,0,0,0,0,0,0,0,0,0,0,0,0,0,0,0,0
3797,Point,85,57,566550,134350,299-W23-4,88.722944,0,299-W22-91,421.067238,0,0,0,0,0,0,0,0,0,0,0,0,0,0,0,0,0,0,0
3798,Point,85,58,566650,134350,299-W23-4,47.207635,0,299-W22-90,338.698435,0,0,0,0,0,0,0,0,0,0,0,0,0,0,0,0,0,0,0
3799,Point,85,59,566750,134350,299-W23-21,70.162905,0,299-W22-90,249.877229,1,0,0,0,0,0,0,0,0,0,0,0,0,0,0,0,0,0,0
3800,Point,85,60,566850,134350,299-W22-85,103.895844,0,299-W22-90,173.66816,2,0,0,0,0,0,0,0,0,0,0,0,0,0,0,0,0,0,0
3801,Point,85,61,566950,134350,299-W22-81,50.437257,0,299-W22-90,133.72595,2,0,0,0,0,0,0,0,0,0,0,0,0,0,0,0,0,0,0
3802,Point,85,62,567050,134350,299-W22-81,49.913093,0,299-W22-90,160.014467,2,0,0,0,0,0,0,0,0,0,0,0,0,0,0,0,0,0,0
3803,Point,85,63,567150,134350,299-W22-69,29.679436,0,299-W22-90,230.925593,1,0,0,0,0,0,0,0,0,0,0,0,0,0,0,0,0,0,0
3804,Point,85,64,567250,134350,299-W22-69,70.433436,0,299-W22-90,317.881471,0,0,0,0,0,0,0,0,0,0,0,0,0,0,0,0,0,0,0
3805,Point,85,65,567350,134350,299-W22-69,170.413817,0,299-W22-92,368.414873,0,0,0,0,0,0,0,0,0,0,0,0,0,0,0,0,0,0,0
3806,Point,85,66,567450,134350,299-W22-87,210.884985,1,299-W22-92,426.803841,0,0,0,0,0,0,0,0,0,0,0,0,0,0,0,0,0,0,0
3807,Point,85,67,567550,134350,299-W22-79,139.700449,0,299-W22-92,498.591535,0,0,0,0,0,0,0,0,0,0,0,0,0,0,0,0,0,0,0
3808,Point,85,68,567650,134350,299-W22-79,116.654255,0,299-W22-92,578.813889,0,0,0,0,0,0,0,0,0,0,0,0,0,0,0,0,0,0,0
3809,Point,85,69,567750,134350,299-W22-79,166.433817,0,299-W19-113,660.963679,0,0,0,0,0,0,0,0,0,0,0,0,0,0,0,0,0,0,0
3810,Point,85,70,567850,134350,299-W22-88,200.616727,1,299-W19-114,665.236857,0,0,0,0,0,0,0,0,0,0,0,0,0,0,0,0,0,0,0
3811,Point,85,71,567950,134350,299-W22-88,104.647366,0,299-W19-114,664.952687,0,0,0,0,0,0,0,0,0,0,0,0,0,0,0,0,0,0,0
3812,Point,85,72,568050,134350,299-W22-88,40.682568,0,299-W19-114,679.546964,0,0,0,0,0,0,0,0,0,0,0,0,0,0,0,0,0,0,0
3813,Point,85,73,568150,134350,299-W22-88,111.17136,0,299-W19-114,708.100329,0,0,0,0,0,0,0,0,0,0,0,0,0,0,0,0,0,0,0
3814,Point,85,74,568250,134350,299-W22-88,207.516436,1,299-W19-114,749.018075,0,0,0,0,0,0,0,0,0,0,0,0,0,0,0,0,0,0,0
3815,Point,85,75,568350,134350,699-35-70C,120.121445,0,299-W19-114,800.406195,0,0,0,0,0,0,0,0,0,0,0,0,0,0,0,0,0,0,0
3816,Point,85,76,568450,134350,699-36-70A,44.411901,0,299-W19-114,860.390653,0,0,0,0,0,0,0,0,0,0,0,0,0,0,0,0,0,0,0
3817,Point,85,77,568550,134350,699-36-70A,92.933401,0,299-W19-114,927.304738,0,0,0,0,0,0,0,0,0,0,0,0,0,0,0,0,0,0,0
3818,Point,85,78,568650,134350,699-36-70A,187.885116,0,299-W19-114,999.758009,0,0,0,0,0,0,0,0,0,0,0,0,0,0,0,0,0,0,0
3819,Point,85,79,568750,134350,699-36-70A,286.295332,1,299-W19-114,1076.632749,0,0,0,0,0,0,0,0,0,0,0,0,0,0,0,0,0,0,0
3820,Point,85,80,568850,134350,699-36-70A,385.5246,1,299-W19-114,1157.048001,0,0,0,0,0,0,0,0,0,0,0,0,0,0,0,0,0,0,0
3821,Point,85,81,568950,134350,699-36-70A,485.070528,2,299-W19-114,1240.315313,0,0,0,0,0,0,0,0,0,0,0,0,0,0,0,0,0,0,0
3822,Point,85,82,569050,134350,699-36-70A,584.771423,2,299-W19-114,1325.897461,0,0,0,0,0,0,0,0,0,0,0,0,0,0,0,0,0,0,0
3823,Point,85,83,569150,134350,699-36-66B,593.396643,2,299-W19-114,1413.374004,0,0,0,0,0,0,0,0,0,0,0,0,0,0,0,0,0,0,0
3824,Point,85,84,569250,134350,699-36-66B,495.834222,2,299-W19-114,1502.414083,0,0,0,0,0,0,0,0,0,0,0,0,0,0,0,0,0,0,0
3825,Point,85,85,569350,134350,699-36-66B,399.47913,1,299-W19-114,1592.755498,0,0,0,0,0,0,0,0,0,0,0,0,0,0,0,0,0,0,0
3826,Point,85,86,569450,134350,699-36-66B,305.475982,1,299-W19-114,1684.188848,0,0,0,0,0,0,0,0,0,0,0,0,0,0,0,0,0,0,0
3827,Point,85,87,569550,134350,699-36-66B,216.904531,1,299-W19-114,1776.545546,0,0,0,0,0,0,0,0,0,0,0,0,0,0,0,0,0,0,0
3828,Point,85,88,569650,134350,699-36-66B,144.151225,0,299-W19-114,1869.688765,0,0,0,0,0,0,0,0,0,0,0,0,0,0,0,0,0,0,0
3829,Point,85,89,569750,134350,699-36-66B,120.464002,0,299-W19-114,1963.506577,0,0,0,0,0,0,0,0,0,0,0,0,0,0,0,0,0,0,0
3830,Point,85,90,569850,134350,699-36-66B,168.058251,0,299-W19-114,2057.906722,0,0,0,0,0,0,0,0,0,0,0,0,0,0,0,0,0,0,0
3831,Point,85,91,569950,134350,699-36-65,145.595124,0,299-W19-114,2152.812597,0,0,0,0,0,0,0,0,0,0,0,0,0,0,0,0,0,0,0
3832,Point,85,92,570050,134350,699-36-65,119.791235,0,299-W19-114,2248.160154,0,0,0,0,0,0,0,0,0,0,0,0,0,0,0,0,0,0,0
3833,Point,85,93,570150,134350,699-36-65,165.837089,0,299-W19-114,2343.895492,0,0,0,0,0,0,0,0,0,0,0,0,0,0,0,0,0,0,0
3834,Point,85,94,570250,134350,699-36-65,246.280206,1,299-W19-114,2439.972966,0,0,0,0,0,0,0,0,0,0,0,0,0,0,0,0,0,0,0
3835,Point,85,95,570350,134350,699-36-65,337.35136,1,299-W19-114,2536.353697,0,0,0,0,0,0,0,0,0,0,0,0,0,0,0,0,0,0,0
3836,Point,85,96,570450,134350,699-36-63B,263.158464,1,299-W19-114,2633.004382,0,0,0,0,0,0,0,0,0,0,0,0,0,0,0,0,0,0,0
3837,Point,85,97,570550,134350,699-36-63B,180.406145,0,299-W19-114,2729.896349,0,0,0,0,0,0,0,0,0,0,0,0,0,0,0,0,0,0,0
3838,Point,85,98,570650,134350,699-36-63B,125.85856,0,299-W19-114,2827.004789,0,0,0,0,0,0,0,0,0,0,0,0,0,0,0,0,0,0,0
3839,Point,85,99,570750,134350,699-36-63B,138.327065,0,299-W19-114,2924.308136,0,0,0,0,0,0,0,0,0,0,0,0,0,0,0,0,0,0,0
3840,Point,85,100,570850,134350,699-36-63B,205.981497,1,299-W19-114,3021.787563,0,0,0,0,0,0,0,0,0,0,0,0,0,0,0,0,0,0,0
3841,Point,85,101,570950,134350,699-36-63B,292.78384,1,299-W19-114,3119.426562,0,0,0,0,0,0,0,0,0,0,0,0,0,0,0,0,0,0,0
3842,Point,85,102,571050,134350,699-36-63B,386.026394,1,299-W19-114,3217.210605,0,0,0,0,0,0,0,0,0,0,0,0,0,0,0,0,0,0,0
3843,Point,85,103,571150,134350,699-36-61A,321.1688,1,299-W19-114,3315.126857,0,0,0,0,0,0,0,0,0,0,0,0,0,0,0,0,0,0,0
3844,Point,85,104,571250,134350,699-36-61A,253.090889,1,299-W19-114,3413.163939,0,0,0,0,0,0,0,0,0,0,0,0,0,0,0,0,0,0,0
3845,Point,85,105,571350,134350,699-36-61A,212.039143,1,299-W14-22,3503.685851,0,0,0,0,0,0,0,0,0,0,0,0,0,0,0,0,0,0,0
3846,Point,85,106,571450,134350,699-36-61A,214.163951,1,299-W14-22,3590.386684,0,0,0,0,0,0,0,0,0,0,0,0,0,0,0,0,0,0,0
3847,Point,85,107,571550,134350,699-36-61A,258.402396,1,299-W14-22,3677.762709,0,0,0,0,0,0,0,0,0,0,0,0,0,0,0,0,0,0,0
3848,Point,85,108,571650,134350,699-36-61A,328.142344,1,299-W14-22,3765.766926,0,0,0,0,0,0,0,0,0,0,0,0,0,0,0,0,0,0,0
3849,Point,85,109,571750,134350,699-36-61A,410.588599,2,299-W14-22,3854.356307,0,0,0,0,0,0,0,0,0,0,0,0,0,0,0,0,0,0,0
3850,Point,85,110,571850,134350,699-36-61A,499.488336,2,299-W14-22,3943.491415,0,0,0,0,0,0,0,0,0,0,0,0,0,0,0,0,0,0,0
3851,Point,85,111,571950,134350,699-36-61A,591.941043,2,299-W14-22,4033.136068,0,0,0,0,0,0,0,0,0,0,0,0,0,0,0,0,0,0,0
3852,Point,85,112,572050,134350,699-36-61A,686.512781,3,299-W14-22,4123.257031,0,0,0,0,0,0,0,0,0,0,0,0,0,0,0,0,0,0,0
3853,Point,85,113,572150,134350,699-36-61A,782.435555,3,299-W14-22,4213.823743,0,0,0,0,0,0,0,0,0,0,0,0,0,0,0,0,0,0,0
3854,Point,86,32,564050,134250,299-W17-1,1487.086026,4,299-W22-91,2864.088619,0,0,0,0,0,0,0,0,0,0,0,0,0,0,0,0,0,0,0
3855,Point,86,33,564150,134250,299-W17-1,1403.313525,4,299-W22-91,2764.172863,0,0,0,0,0,0,0,0,0,0,0,0,0,0,0,0,0,0,0
3856,Point,86,34,564250,134250,299-W17-1,1321.799096,4,299-W22-91,2664.263429,0,0,0,0,0,0,0,0,0,0,0,0,0,0,0,0,0,0,0
3857,Point,86,35,564350,134250,299-W17-1,1242.987068,4,299-W22-91,2564.361055,0,0,0,0,0,0,0,0,0,0,0,0,0,0,0,0,0,0,0
3858,Point,86,36,564450,134250,299-W17-1,1167.42488,4,299-W22-91,2464.466599,0,0,0,0,0,0,0,0,0,0,0,0,0,0,0,0,0,0,0
3859,Point,86,37,564550,134250,299-W17-1,1095.785038,4,299-W22-91,2364.581066,0,0,0,0,0,0,0,0,0,0,0,0,0,0,0,0,0,0,0
3860,Point,86,38,564650,134250,299-W17-1,1028.88719,4,299-W22-91,2264.705636,0,0,0,0,0,0,0,0,0,0,0,0,0,0,0,0,0,0,0
3861,Point,86,39,564750,134250,299-W17-1,967.715273,4,299-W22-91,2164.841707,0,0,0,0,0,0,0,0,0,0,0,0,0,0,0,0,0,0,0
3862,Point,86,40,564850,134250,299-W17-1,913.420413,4,299-W22-91,2064.990949,0,0,0,0,0,0,0,0,0,0,0,0,0,0,0,0,0,0,0
3863,Point,86,41,564950,134250,299-W17-1,867.295134,4,299-W22-91,1965.155368,0,0,0,0,0,0,0,0,0,0,0,0,0,0,0,0,0,0,0
3864,Point,86,42,565050,134250,299-W17-1,830.70142,4,299-W22-91,1865.337401,0,0,0,0,0,0,0,0,0,0,0,0,0,0,0,0,0,0,0
3865,Point,86,43,565150,134250,299-W17-1,804.940277,4,299-W22-91,1765.540036,0,0,0,0,0,0,0,0,0,0,0,0,0,0,0,0,0,0,0
3866,Point,86,44,565250,134250,299-W17-1,791.070698,3,299-W22-91,1665.766976,0,0,0,0,0,0,0,0,0,0,0,0,0,0,0,0,0,0,0
3867,Point,86,45,565350,134250,699-35-78A,713.902929,3,299-W22-91,1566.022867,0,0,0,0,0,0,0,0,0,0,0,0,0,0,0,0,0,0,0
3868,Point,86,46,565450,134250,699-35-78A,613.954552,3,299-W22-91,1466.313615,0,0,0,0,0,0,0,0,0,0,0,0,0,0,0,0,0,0,0
3869,Point,86,47,565550,134250,699-35-78A,514.026256,2,299-W22-91,1366.646852,0,0,0,0,0,0,0,0,0,0,0,0,0,0,0,0,0,0,0
3870,Point,86,48,565650,134250,699-35-78A,414.132578,2,299-W22-91,1267.032604,0,0,0,0,0,0,0,0,0,0,0,0,0,0,0,0,0,0,0
3871,Point,86,49,565750,134250,699-35-78A,314.306526,1,299-W22-91,1167.484312,0,0,0,0,0,0,0,0,0,0,0,0,0,0,0,0,0,0,0
3872,Point,86,50,565850,134250,699-35-78A,214.642476,1,299-W22-91,1068.02042,0,0,0,0,0,0,0,0,0,0,0,0,0,0,0,0,0,0,0
3873,Point,86,51,565950,134250,699-35-78A,115.56034,0,299-W22-91,968.666929,0,0,0,0,0,0,0,0,0,0,0,0,0,0,0,0,0,0,0
3874,Point,86,52,566050,134250,699-35-78A,25.238706,0,299-W22-91,869.461683,0,0,0,0,0,0,0,0,0,0,0,0,0,0,0,0,0,0,0
3875,Point,86,53,566150,134250,699-35-78A,88.993215,0,299-W22-91,770.461951,0,0,0,0,0,0,0,0,0,0,0,0,0,0,0,0,0,0,0
3876,Point,86,54,566250,134250,699-35-78A,187.623539,0,299-W22-91,671.758601,0,0,0,0,0,0,0,0,0,0,0,0,0,0,0,0,0,0,0
3877,Point,86,55,566350,134250,699-35-78A,287.202702,1,299-W22-91,573.50468,0,0,0,0,0,0,0,0,0,0,0,0,0,0,0,0,0,0,0
3878,Point,86,56,566450,134250,299-W23-4,227.796314,1,299-W22-91,475.97859,0,0,0,0,0,0,0,0,0,0,0,0,0,0,0,0,0,0,0
3879,Point,86,57,566550,134250,299-W23-4,162.012224,0,299-W22-91,379.741515,0,0,0,0,0,0,0,0,0,0,0,0,0,0,0,0,0,0,0
3880,Point,86,58,566650,134250,299-W23-21,72.588106,0,299-W22-91,286.097219,1,0,0,0,0,0,0,0,0,0,0,0,0,0,0,0,0,0,0
3881,Point,86,59,566750,134250,299-W23-21,61.00519,0,299-W22-91,198.745109,2,0,0,0,0,0,0,0,0,0,0,0,0,0,0,0,0,0,0
3882,Point,86,60,566850,134250,299-W22-85,53.947626,0,299-W22-91,130.948916,2,0,0,0,0,0,0,0,0,0,0,0,0,0,0,0,0,0,0
3883,Point,86,61,566950,134250,299-W22-115,43.736449,0,299-W22-91,121.637241,2,0,0,0,0,0,0,0,0,0,0,0,0,0,0,0,0,0,0
3884,Point,86,62,567050,134250,299-W22-125,21.81422,0,299-W22-91,180.121122,2,0,0,0,0,0,0,0,0,0,0,0,0,0,0,0,0,0,0
3885,Point,86,63,567150,134250,299-W22-72,97.342916,0,299-W22-92,220.951394,1,0,0,0,0,0,0,0,0,0,0,0,0,0,0,0,0,0,0
3886,Point,86,64,567250,134250,299-W22-72,44.739728,0,299-W22-92,235.056416,1,0,0,0,0,0,0,0,0,0,0,0,0,0,0,0,0,0,0
3887,Point,86,65,567350,134250,299-W22-96,104.437835,0,299-W22-92,285.803286,1,0,0,0,0,0,0,0,0,0,0,0,0,0,0,0,0,0,0
3888,Point,86,66,567450,134250,299-W22-96,143.252439,0,299-W22-92,357.932282,0,0,0,0,0,0,0,0,0,0,0,0,0,0,0,0,0,0,0
3889,Point,86,67,567550,134250,299-W22-96,223.909047,1,299-W22-92,441.075411,0,0,0,0,0,0,0,0,0,0,0,0,0,0,0,0,0,0,0
3890,Point,86,68,567650,134250,299-W22-79,215.818014,1,299-W22-92,530.075012,0,0,0,0,0,0,0,0,0,0,0,0,0,0,0,0,0,0,0
3891,Point,86,69,567750,134250,299-W22-114,203.314881,1,299-W22-92,622.423906,0,0,0,0,0,0,0,0,0,0,0,0,0,0,0,0,0,0,0
3892,Point,86,70,567850,134250,299-W22-114,236.80148,1,299-W22-92,716.828793,0,0,0,0,0,0,0,0,0,0,0,0,0,0,0,0,0,0,0
3893,Point,86,71,567950,134250,299-W22-88,170.461348,0,299-W19-114,764.724837,0,0,0,0,0,0,0,0,0,0,0,0,0,0,0,0,0,0,0
3894,Point,86,72,568050,134250,299-W22-88,140.574078,0,299-W19-114,777.44844,0,0,0,0,0,0,0,0,0,0,0,0,0,0,0,0,0,0,0
3895,Point,86,73,568150,134250,299-W22-88,174.542463,0,299-W19-114,802.52606,0,0,0,0,0,0,0,0,0,0,0,0,0,0,0,0,0,0,0
3896,Point,86,74,568250,134250,699-35-70C,214.229227,1,299-W19-114,838.850449,0,0,0,0,0,0,0,0,0,0,0,0,0,0,0,0,0,0,0
3897,Point,86,75,568350,134250,699-35-70C,119.039328,0,299-W19-114,885.037895,0,0,0,0,0,0,0,0,0,0,0,0,0,0,0,0,0,0,0
3898,Point,86,76,568450,134250,699-35-70C,49.462729,0,299-W19-114,939.635076,0,0,0,0,0,0,0,0,0,0,0,0,0,0,0,0,0,0,0
3899,Point,86,77,568550,134250,699-36-70A,102.002044,0,299-W19-114,1001.267235,0,0,0,0,0,0,0,0,0,0,0,0,0,0,0,0,0,0,0
3900,Point,86,78,568650,134250,699-36-70A,192.532119,0,299-W19-114,1068.717959,0,0,0,0,0,0,0,0,0,0,0,0,0,0,0,0,0,0,0
3901,Point,86,79,568750,134250,699-36-70A,289.366233,1,299-W19-114,1140.955773,0,0,0,0,0,0,0,0,0,0,0,0,0,0,0,0,0,0,0
3902,Point,86,80,568850,134250,699-36-70A,387.810543,1,299-W19-114,1217.128619,0,0,0,0,0,0,0,0,0,0,0,0,0,0,0,0,0,0,0
3903,Point,86,81,568950,134250,299-W21-3,465.395998,2,299-W19-114,1296.543125,0,0,0,0,0,0,0,0,0,0,0,0,0,0,0,0,0,0,0
3904,Point,86,82,569050,134250,299-W21-3,549.946757,2,299-W19-114,1378.639212,0,0,0,0,0,0,0,0,0,0,0,0,0,0,0,0,0,0,0
3905,Point,86,83,569150,134250,699-36-66B,621.225865,3,299-W19-114,1462.965508,0,0,0,0,0,0,0,0,0,0,0,0,0,0,0,0,0,0,0
3906,Point,86,84,569250,134250,699-36-66B,528.822821,2,299-W19-114,1549.15786,0,0,0,0,0,0,0,0,0,0,0,0,0,0,0,0,0,0,0
3907,Point,86,85,569350,134250,699-36-66B,439.756269,2,299-W19-114,1636.921524,0,0,0,0,0,0,0,0,0,0,0,0,0,0,0,0,0,0,0
3908,Point,86,86,569450,134250,699-36-66B,356.535518,1,299-W19-114,1726.016824,0,0,0,0,0,0,0,0,0,0,0,0,0,0,0,0,0,0,0
3909,Point,86,87,569550,134250,699-36-66B,284.340598,1,299-W19-114,1816.247801,0,0,0,0,0,0,0,0,0,0,0,0,0,0,0,0,0,0,0
3910,Point,86,88,569650,134250,699-36-66B,233.627001,1,299-W19-114,1907.453296,0,0,0,0,0,0,0,0,0,0,0,0,0,0,0,0,0,0,0
3911,Point,86,89,569750,134250,699-35-66A,185.368193,0,299-W19-114,1999.499957,0,0,0,0,0,0,0,0,0,0,0,0,0,0,0,0,0,0,0
3912,Point,86,90,569850,134250,699-35-66A,150.960812,0,299-W19-114,2092.276769,0,0,0,0,0,0,0,0,0,0,0,0,0,0,0,0,0,0,0
3913,Point,86,91,569950,134250,699-35-66A,176.683239,0,299-W19-114,2185.690755,0,0,0,0,0,0,0,0,0,0,0,0,0,0,0,0,0,0,0
3914,Point,86,92,570050,134250,699-36-65,219.316985,1,299-W19-114,2279.663588,0,0,0,0,0,0,0,0,0,0,0,0,0,0,0,0,0,0,0
3915,Point,86,93,570150,134250,699-36-65,247.491293,1,299-W19-114,2374.128909,0,0,0,0,0,0,0,0,0,0,0,0,0,0,0,0,0,0,0
3916,Point,86,94,570250,134250,699-36-65,307.252242,1,299-W19-114,2469.030189,0,0,0,0,0,0,0,0,0,0,0,0,0,0,0,0,0,0,0
3917,Point,86,95,570350,134250,699-36-63B,334.210079,1,299-W19-114,2564.319028,0,0,0,0,0,0,0,0,0,0,0,0,0,0,0,0,0,0,0
3918,Point,86,96,570450,134250,699-36-63B,234.500271,1,299-W19-114,2659.953773,0,0,0,0,0,0,0,0,0,0,0,0,0,0,0,0,0,0,0
3919,Point,86,97,570550,134250,699-36-63B,135.219736,0,299-W19-114,2755.898415,0,0,0,0,0,0,0,0,0,0,0,0,0,0,0,0,0,0,0
3920,Point,86,98,570650,134250,699-36-63B,39.728793,0,299-W19-114,2852.12168,0,0,0,0,0,0,0,0,0,0,0,0,0,0,0,0,0,0,0
3921,Point,86,99,570750,134250,699-36-63B,69.802414,0,299-W19-114,2948.596289,0,0,0,0,0,0,0,0,0,0,0,0,0,0,0,0,0,0,0
3922,Point,86,100,570850,134250,699-36-63B,167.828415,0,299-W19-114,3045.298356,0,0,0,0,0,0,0,0,0,0,0,0,0,0,0,0,0,0,0
3923,Point,86,101,570950,134250,699-36-63B,267.320738,1,299-W19-114,3142.20688,0,0,0,0,0,0,0,0,0,0,0,0,0,0,0,0,0,0,0
3924,Point,86,102,571050,134250,699-36-63B,367.089059,1,299-W19-114,3239.303332,0,0,0,0,0,0,0,0,0,0,0,0,0,0,0,0,0,0,0
3925,Point,86,103,571150,134250,699-36-61A,393.154674,1,299-W19-114,3336.571305,0,0,0,0,0,0,0,0,0,0,0,0,0,0,0,0,0,0,0
3926,Point,86,104,571250,134250,699-36-61A,339.817889,1,299-W19-114,3433.996225,0,0,0,0,0,0,0,0,0,0,0,0,0,0,0,0,0,0,0
3927,Point,86,105,571350,134250,699-36-61A,310.45418,1,299-W19-114,3531.565103,0,0,0,0,0,0,0,0,0,0,0,0,0,0,0,0,0,0,0
3928,Point,86,106,571450,134250,699-36-61A,311.909279,1,299-W19-114,3629.266328,0,0,0,0,0,0,0,0,0,0,0,0,0,0,0,0,0,0,0
3929,Point,86,107,571550,134250,699-36-61A,343.792085,1,299-W14-22,3726.84807,0,0,0,0,0,0,0,0,0,0,0,0,0,0,0,0,0,0,0
3930,Point,86,108,571650,134250,699-36-61A,398.871656,1,299-W14-22,3813.719777,0,0,0,0,0,0,0,0,0,0,0,0,0,0,0,0,0,0,0
3931,Point,86,109,571750,134250,699-36-61A,469.046051,2,299-W14-22,3901.220391,0,0,0,0,0,0,0,0,0,0,0,0,0,0,0,0,0,0,0
3932,Point,86,110,571850,134250,699-36-61A,548.552457,2,299-W14-22,3989.308529,0,0,0,0,0,0,0,0,0,0,0,0,0,0,0,0,0,0,0
3933,Point,86,111,571950,134250,699-36-61A,633.889105,3,299-W14-22,4077.946118,0,0,0,0,0,0,0,0,0,0,0,0,0,0,0,0,0,0,0
3934,Point,86,112,572050,134250,699-36-61A,722.994466,3,299-W14-22,4167.098096,0,0,0,0,0,0,0,0,0,0,0,0,0,0,0,0,0,0,0
3935,Point,86,113,572150,134250,699-36-61A,814.632799,4,299-W14-22,4256.732143,0,0,0,0,0,0,0,0,0,0,0,0,0,0,0,0,0,0,0
3936,Point,87,32,564050,134150,299-W17-1,1542.456758,4,299-W22-91,2861.801813,0,0,0,0,0,0,0,0,0,0,0,0,0,0,0,0,0,0,0
3937,Point,87,33,564150,134150,299-W17-1,1461.860749,4,299-W22-91,2761.803327,0,0,0,0,0,0,0,0,0,0,0,0,0,0,0,0,0,0,0
3938,Point,87,34,564250,134150,299-W17-1,1383.799425,4,299-W22-91,2661.804955,0,0,0,0,0,0,0,0,0,0,0,0,0,0,0,0,0,0,0
3939,Point,87,35,564350,134150,299-W17-1,1308.726423,4,299-W22-91,2561.80671,0,0,0,0,0,0,0,0,0,0,0,0,0,0,0,0,0,0,0
3940,Point,87,36,564450,134150,299-W17-1,1237.185859,4,299-W22-91,2461.808607,0,0,0,0,0,0,0,0,0,0,0,0,0,0,0,0,0,0,0
3941,Point,87,37,564550,134150,299-W17-1,1169.825991,4,299-W22-91,2361.810665,0,0,0,0,0,0,0,0,0,0,0,0,0,0,0,0,0,0,0
3942,Point,87,38,564650,134150,299-W17-1,1107.409974,4,299-W22-91,2261.812905,0,0,0,0,0,0,0,0,0,0,0,0,0,0,0,0,0,0,0
3943,Point,87,39,564750,134150,299-W17-1,1050.819133,4,299-W22-91,2161.815353,0,0,0,0,0,0,0,0,0,0,0,0,0,0,0,0,0,0,0
3944,Point,87,40,564850,134150,299-W17-1,1001.041882,4,299-W22-91,2061.818037,0,0,0,0,0,0,0,0,0,0,0,0,0,0,0,0,0,0,0
3945,Point,87,41,564950,134150,299-W17-1,959.139641,4,299-W22-91,1961.820996,0,0,0,0,0,0,0,0,0,0,0,0,0,0,0,0,0,0,0
3946,Point,87,42,565050,134150,299-W17-1,926.181867,4,299-W22-91,1861.824272,0,0,0,0,0,0,0,0,0,0,0,0,0,0,0,0,0,0,0
3947,Point,87,43,565150,134150,299-W17-1,903.148299,4,299-W22-91,1761.82792,0,0,0,0,0,0,0,0,0,0,0,0,0,0,0,0,0,0,0
3948,Point,87,44,565250,134150,699-35-78A,822.574369,4,299-W22-91,1661.832007,0,0,0,0,0,0,0,0,0,0,0,0,0,0,0,0,0,0,0
3949,Point,87,45,565350,134150,699-35-78A,723.817237,3,299-W22-91,1561.836617,0,0,0,0,0,0,0,0,0,0,0,0,0,0,0,0,0,0,0
3950,Point,87,46,565450,134150,699-35-78A,625.455188,3,299-W22-91,1461.841858,0,0,0,0,0,0,0,0,0,0,0,0,0,0,0,0,0,0,0
3951,Point,87,47,565550,134150,699-35-78A,527.709193,2,299-W22-91,1361.847869,0,0,0,0,0,0,0,0,0,0,0,0,0,0,0,0,0,0,0
3952,Point,87,48,565650,134150,699-35-78A,430.998599,2,299-W22-91,1261.854833,0,0,0,0,0,0,0,0,0,0,0,0,0,0,0,0,0,0,0
3953,Point,87,49,565750,134150,699-35-78A,336.218073,1,299-W22-91,1161.862995,0,0,0,0,0,0,0,0,0,0,0,0,0,0,0,0,0,0,0
3954,Point,87,50,565850,134150,699-35-78A,245.61228,1,299-W22-91,1061.872694,0,0,0,0,0,0,0,0,0,0,0,0,0,0,0,0,0,0,0
3955,Point,87,51,565950,134150,699-35-78A,166.157131,0,299-W22-91,961.88441,0,0,0,0,0,0,0,0,0,0,0,0,0,0,0,0,0,0,0
3956,Point,87,52,566050,134150,699-35-78A,122.028654,0,299-W22-91,861.898845,0,0,0,0,0,0,0,0,0,0,0,0,0,0,0,0,0,0,0
3957,Point,87,53,566150,134150,699-35-78A,148.908671,0,299-W22-91,761.917068,0,0,0,0,0,0,0,0,0,0,0,0,0,0,0,0,0,0,0
3958,Point,87,54,566250,134150,699-35-78A,222.388382,1,299-W22-91,661.940797,0,0,0,0,0,0,0,0,0,0,0,0,0,0,0,0,0,0,0
3959,Point,87,55,566350,134150,699-35-78A,311.029568,1,299-W22-91,561.97297,0,0,0,0,0,0,0,0,0,0,0,0,0,0,0,0,0,0,0
3960,Point,87,56,566450,134150,299-W23-21,295.233184,1,299-W22-91,462.019067,0,0,0,0,0,0,0,0,0,0,0,0,0,0,0,0,0,0,0
3961,Point,87,57,566550,134150,299-W23-19,209.777038,1,299-W22-91,362.090622,0,0,0,0,0,0,0,0,0,0,0,0,0,0,0,0,0,0,0
3962,Point,87,58,566650,134150,299-W23-19,110.378465,0,299-W22-91,262.21674,1,0,0,0,0,0,0,0,0,0,0,0,0,0,0,0,0,0,0
3963,Point,87,59,566750,134150,299-W23-19,18.984352,0,299-W22-91,162.498057,2,0,0,0,0,0,0,0,0,0,0,0,0,0,0,0,0,0,0
3964,Point,87,60,566850,134150,299-W22-80,25.378719,0,299-W22-91,63.668034,3,0,0,0,0,0,0,0,0,0,0,0,0,0,0,0,0,0,0
3965,Point,87,61,566950,134150,299-W22-116,50.515902,0,299-W22-91,41.250679,4,0,0,0,0,0,0,0,0,0,0,0,0,0,0,0,0,0,0
3966,Point,87,62,567050,134150,299-W22-82,48.380443,0,299-W22-91,139.102906,2,0,0,0,0,0,0,0,0,0,0,0,0,0,0,0,0,0,0
3967,Point,87,63,567150,134150,299-W22-72,104.363036,0,299-W22-92,121.546364,2,0,0,0,0,0,0,0,0,0,0,0,0,0,0,0,0,0,0
3968,Point,87,64,567250,134150,299-W22-72,58.460613,0,299-W22-92,145.621147,2,0,0,0,0,0,0,0,0,0,0,0,0,0,0,0,0,0,0
3969,Point,87,65,567350,134150,299-W22-96,4.822997,0,299-W22-92,218.260208,1,0,0,0,0,0,0,0,0,0,0,0,0,0,0,0,0,0,0
3970,Point,87,66,567450,134150,299-W22-96,98.169554,0,299-W22-92,306.707546,0,0,0,0,0,0,0,0,0,0,0,0,0,0,0,0,0,0,0
3971,Point,87,67,567550,134150,299-W22-96,198.119311,0,299-W22-92,400.626408,0,0,0,0,0,0,0,0,0,0,0,0,0,0,0,0,0,0,0
3972,Point,87,68,567650,134150,299-W22-114,127.330048,0,299-W22-92,496.924057,0,0,0,0,0,0,0,0,0,0,0,0,0,0,0,0,0,0,0
3973,Point,87,69,567750,134150,299-W22-114,104.646744,0,299-W22-92,594.445556,0,0,0,0,0,0,0,0,0,0,0,0,0,0,0,0,0,0,0
3974,Point,87,70,567850,134150,299-W22-114,160.2777,0,299-W22-92,692.674179,0,0,0,0,0,0,0,0,0,0,0,0,0,0,0,0,0,0,0
3975,Point,87,71,567950,134150,299-W22-114,245.818919,1,299-W22-92,791.346649,0,0,0,0,0,0,0,0,0,0,0,0,0,0,0,0,0,0,0
3976,Point,87,72,568050,134150,299-W22-88,240.555755,1,299-W19-114,875.824227,0,0,0,0,0,0,0,0,0,0,0,0,0,0,0,0,0,0,0
3977,Point,87,73,568150,134150,299-W22-88,261.860786,1,299-W19-114,898.159271,0,0,0,0,0,0,0,0,0,0,0,0,0,0,0,0,0,0,0
3978,Point,87,74,568250,134150,699-35-70C,256.193992,1,299-W19-114,930.758871,0,0,0,0,0,0,0,0,0,0,0,0,0,0,0,0,0,0,0
3979,Point,87,75,568350,134150,699-35-70C,184.150921,0,299-W19-114,972.591423,0,0,0,0,0,0,0,0,0,0,0,0,0,0,0,0,0,0,0
3980,Point,87,76,568450,134150,699-35-70C,148.955569,0,299-W19-114,1022.524365,0,0,0,0,0,0,0,0,0,0,0,0,0,0,0,0,0,0,0
3981,Point,87,77,568550,134150,299-W21-3,171.024663,0,299-W19-114,1079.434146,0,0,0,0,0,0,0,0,0,0,0,0,0,0,0,0,0,0,0
3982,Point,87,78,568650,134150,299-W21-3,187.343095,0,299-W19-114,1142.278458,0,0,0,0,0,0,0,0,0,0,0,0,0,0,0,0,0,0,0
3983,Point,87,79,568750,134150,299-W21-3,246.871293,1,299-W19-114,1210.133082,0,0,0,0,0,0,0,0,0,0,0,0,0,0,0,0,0,0,0
3984,Point,87,80,568850,134150,299-W21-3,326.792649,1,299-W19-114,1282.202822,0,0,0,0,0,0,0,0,0,0,0,0,0,0,0,0,0,0,0
3985,Point,87,81,568950,134150,299-W21-3,415.501426,2,299-W19-114,1357.816658,0,0,0,0,0,0,0,0,0,0,0,0,0,0,0,0,0,0,0
3986,Point,87,82,569050,134150,299-W21-3,508.418563,2,299-W19-114,1436.415008,0,0,0,0,0,0,0,0,0,0,0,0,0,0,0,0,0,0,0
3987,Point,87,83,569150,134150,299-W21-3,603.603707,3,299-W19-114,1517.534209,0,0,0,0,0,0,0,0,0,0,0,0,0,0,0,0,0,0,0
3988,Point,87,84,569250,134150,699-36-66B,577.456124,2,299-W19-114,1600.791078,0,0,0,0,0,0,0,0,0,0,0,0,0,0,0,0,0,0,0
3989,Point,87,85,569350,134150,699-36-66B,497.179621,2,299-W19-114,1685.868938,0,0,0,0,0,0,0,0,0,0,0,0,0,0,0,0,0,0,0
3990,Point,87,86,569450,134150,699-35-66A,411.007016,2,299-W19-114,1772.505593,0,0,0,0,0,0,0,0,0,0,0,0,0,0,0,0,0,0,0
3991,Point,87,87,569550,134150,699-35-66A,312.016934,1,299-W19-114,1860.483291,0,0,0,0,0,0,0,0,0,0,0,0,0,0,0,0,0,0,0
3992,Point,87,88,569650,134150,699-35-66A,213.968144,1,299-W19-114,1949.620495,0,0,0,0,0,0,0,0,0,0,0,0,0,0,0,0,0,0,0
3993,Point,87,89,569750,134150,699-35-66A,119.206404,0,299-W19-114,2039.765201,0,0,0,0,0,0,0,0,0,0,0,0,0,0,0,0,0,0,0
3994,Point,87,90,569850,134150,699-35-66A,51.361142,0,299-W19-114,2130.789543,0,0,0,0,0,0,0,0,0,0,0,0,0,0,0,0,0,0,0
3995,Point,87,91,569950,134150,699-35-66A,105.193949,0,299-W19-114,2222.585449,0,0,0,0,0,0,0,0,0,0,0,0,0,0,0,0,0,0,0
3996,Point,87,92,570050,134150,699-35-66A,198.729884,0,299-W19-114,2315.061139,0,0,0,0,0,0,0,0,0,0,0,0,0,0,0,0,0,0,0
3997,Point,87,93,570150,134150,699-35-66A,296.515374,1,299-W19-114,2408.138301,0,0,0,0,0,0,0,0,0,0,0,0,0,0,0,0,0,0,0
3998,Point,87,94,570250,134150,699-36-65,384.907703,1,299-W19-114,2501.749803,0,0,0,0,0,0,0,0,0,0,0,0,0,0,0,0,0,0,0
3999,Point,87,95,570350,134150,699-36-63B,342.686996,1,299-W19-114,2595.837837,0,0,0,0,0,0,0,0,0,0,0,0,0,0,0,0,0,0,0
4000,Point,87,96,570450,134150,699-36-63B,246.431283,1,299-W19-114,2690.352407,0,0,0,0,0,0,0,0,0,0,0,0,0,0,0,0,0,0,0
4001,Point,87,97,570550,134150,699-36-63B,154.991538,0,299-W19-114,2785.250092,0,0,0,0,0,0,0,0,0,0,0,0,0,0,0,0,0,0,0
4002,Point,87,98,570650,134150,699-36-63B,85.535823,0,299-W19-114,2880.493027,0,0,0,0,0,0,0,0,0,0,0,0,0,0,0,0,0,0,0
4003,Point,87,99,570750,134150,699-36-63B,103.006684,0,299-W19-114,2976.048063,0,0,0,0,0,0,0,0,0,0,0,0,0,0,0,0,0,0,0
4004,Point,87,100,570850,134150,699-36-63B,184.131412,0,299-W19-114,3071.886078,0,0,0,0,0,0,0,0,0,0,0,0,0,0,0,0,0,0,0
4005,Point,87,101,570950,134150,699-36-63B,277.845959,1,299-W19-114,3167.981388,0,0,0,0,0,0,0,0,0,0,0,0,0,0,0,0,0,0,0
4006,Point,87,102,571050,134150,699-36-63B,374.823128,1,299-W19-114,3264.311271,0,0,0,0,0,0,0,0,0,0,0,0,0,0,0,0,0,0,0
4007,Point,87,103,571150,134150,699-34-61,419.693309,2,299-W19-114,3360.855557,0,0,0,0,0,0,0,0,0,0,0,0,0,0,0,0,0,0,0
4008,Point,87,104,571250,134150,699-34-61,370.094412,1,299-W19-114,3457.596286,0,0,0,0,0,0,0,0,0,0,0,0,0,0,0,0,0,0,0
4009,Point,87,105,571350,134150,699-34-61,343.216075,1,299-W19-114,3554.517418,0,0,0,0,0,0,0,0,0,0,0,0,0,0,0,0,0,0,0
4010,Point,87,106,571450,134150,699-34-61,344.419328,1,299-W19-114,3651.604589,0,0,0,0,0,0,0,0,0,0,0,0,0,0,0,0,0,0,0
4011,Point,87,107,571550,134150,699-34-61,373.432824,1,299-W19-114,3748.844899,0,0,0,0,0,0,0,0,0,0,0,0,0,0,0,0,0,0,0
4012,Point,87,108,571650,134150,699-34-61,424.593304,2,299-W19-114,3846.226732,0,0,0,0,0,0,0,0,0,0,0,0,0,0,0,0,0,0,0
4013,Point,87,109,571750,134150,699-34-61,491.026347,2,299-W19-114,3943.739606,0,0,0,0,0,0,0,0,0,0,0,0,0,0,0,0,0,0,0
4014,Point,87,110,571850,134150,699-34-61,567.392522,2,299-W14-22,4037.083172,0,0,0,0,0,0,0,0,0,0,0,0,0,0,0,0,0,0,0
4015,Point,87,111,571950,134150,699-34-61,650.201256,3,299-W14-22,4124.694236,0,0,0,0,0,0,0,0,0,0,0,0,0,0,0,0,0,0,0
4016,Point,87,112,572050,134150,699-34-61,737.284934,3,299-W14-22,4212.857052,0,0,0,0,0,0,0,0,0,0,0,0,0,0,0,0,0,0,0
4017,Point,87,113,572150,134150,699-34-61,827.294672,4,299-W14-22,4301.537695,0,0,0,0,0,0,0,0,0,0,0,0,0,0,0,0,0,0,0
4018,Point,88,32,564050,134050,299-W17-1,1602.161306,4,299-W22-91,2863.008142,0,0,0,0,0,0,0,0,0,0,0,0,0,0,0,0,0,0,0
4019,Point,88,33,564150,134050,299-W17-1,1524.724516,4,299-W22-91,2763.053314,0,0,0,0,0,0,0,0,0,0,0,0,0,0,0,0,0,0,0
4020,Point,88,34,564250,134050,299-W17-1,1450.051327,4,299-W22-91,2663.101879,0,0,0,0,0,0,0,0,0,0,0,0,0,0,0,0,0,0,0
4021,Point,88,35,564350,134050,299-W17-1,1378.590893,4,299-W22-91,2563.154232,0,0,0,0,0,0,0,0,0,0,0,0,0,0,0,0,0,0,0
4022,Point,88,36,564450,134050,299-W17-1,1310.868739,4,299-W22-91,2463.210835,0,0,0,0,0,0,0,0,0,0,0,0,0,0,0,0,0,0,0
4023,Point,88,37,564550,134050,299-W17-1,1247.493828,4,299-W22-91,2363.272227,0,0,0,0,0,0,0,0,0,0,0,0,0,0,0,0,0,0,0
4024,Point,88,38,564650,134050,299-W17-1,1189.161406,4,299-W22-91,2263.339042,0,0,0,0,0,0,0,0,0,0,0,0,0,0,0,0,0,0,0
4025,Point,88,39,564750,134050,299-W17-1,1136.648077,4,299-W22-91,2163.412032,0,0,0,0,0,0,0,0,0,0,0,0,0,0,0,0,0,0,0
4026,Point,88,40,564850,134050,299-W17-1,1090.794596,4,299-W22-91,2063.492093,0,0,0,0,0,0,0,0,0,0,0,0,0,0,0,0,0,0,0
4027,Point,88,41,564950,134050,299-W17-1,1052.471781,4,299-W22-91,1963.580306,0,0,0,0,0,0,0,0,0,0,0,0,0,0,0,0,0,0,0
4028,Point,88,42,565050,134050,299-W17-1,1022.526699,4,299-W22-91,1863.677981,0,0,0,0,0,0,0,0,0,0,0,0,0,0,0,0,0,0,0
4029,Point,88,43,565150,134050,699-35-78A,939.99989,4,299-W22-91,1763.786727,0,0,0,0,0,0,0,0,0,0,0,0,0,0,0,0,0,0,0
4030,Point,88,44,565250,134050,699-35-78A,843.138537,4,299-W22-91,1663.908537,0,0,0,0,0,0,0,0,0,0,0,0,0,0,0,0,0,0,0
4031,Point,88,45,565350,134050,699-35-78A,747.104673,3,299-W22-91,1564.045913,0,0,0,0,0,0,0,0,0,0,0,0,0,0,0,0,0,0,0
4032,Point,88,46,565450,134050,699-35-78A,652.263898,3,299-W22-91,1464.202042,0,0,0,0,0,0,0,0,0,0,0,0,0,0,0,0,0,0,0
4033,Point,88,47,565550,134050,699-35-78A,559.223562,2,299-W22-91,1364.381039,0,0,0,0,0,0,0,0,0,0,0,0,0,0,0,0,0,0,0
4034,Point,88,48,565650,134050,699-35-78A,469.056278,2,299-W22-91,1264.58832,0,0,0,0,0,0,0,0,0,0,0,0,0,0,0,0,0,0,0
4035,Point,88,49,565750,134050,699-35-78A,383.792382,1,299-W22-91,1164.831155,0,0,0,0,0,0,0,0,0,0,0,0,0,0,0,0,0,0,0
4036,Point,88,50,565850,134050,699-35-78A,307.537627,1,299-W22-91,1065.119532,0,0,0,0,0,0,0,0,0,0,0,0,0,0,0,0,0,0,0
4037,Point,88,51,565950,134050,699-35-78A,248.721113,1,299-W22-91,965.467565,0,0,0,0,0,0,0,0,0,0,0,0,0,0,0,0,0,0,0
4038,Point,88,52,566050,134050,699-35-78A,221.686699,1,299-W22-91,865.895847,0,0,0,0,0,0,0,0,0,0,0,0,0,0,0,0,0,0,0
4039,Point,88,53,566150,134050,699-35-78A,237.545348,1,299-W22-91,766.435658,0,0,0,0,0,0,0,0,0,0,0,0,0,0,0,0,0,0,0
4040,Point,88,54,566250,134050,699-35-78A,289.327828,1,299-W22-91,667.136881,0,0,0,0,0,0,0,0,0,0,0,0,0,0,0,0,0,0,0
4041,Point,88,55,566350,134050,699-35-78A,361.930093,1,299-W22-91,568.084165,0,0,0,0,0,0,0,0,0,0,0,0,0,0,0,0,0,0,0
4042,Point,88,56,566450,134050,299-W23-19,330.393713,1,299-W22-91,469.433295,0,0,0,0,0,0,0,0,0,0,0,0,0,0,0,0,0,0,0
4043,Point,88,57,566550,134050,299-W23-19,239.451468,1,299-W22-91,371.504534,0,0,0,0,0,0,0,0,0,0,0,0,0,0,0,0,0,0,0
4044,Point,88,58,566650,134050,299-W23-19,159.731042,0,299-W22-91,275.070206,1,0,0,0,0,0,0,0,0,0,0,0,0,0,0,0,0,0,0
4045,Point,88,59,566750,134050,299-W23-236,92.060948,0,299-W22-91,182.514708,2,0,0,0,0,0,0,0,0,0,0,0,0,0,0,0,0,0,0
4046,Point,88,60,566850,134050,299-W22-89,59.655861,0,299-W22-91,104.688197,2,0,0,0,0,0,0,0,0,0,0,0,0,0,0,0,0,0,0
4047,Point,88,61,566950,134050,299-W22-89,46.95553,0,299-W22-91,92.777252,3,0,0,0,0,0,0,0,0,0,0,0,0,0,0,0,0,0,0
4048,Point,88,62,567050,134050,299-W22-83,59.029186,0,299-W22-92,119.563868,2,0,0,0,0,0,0,0,0,0,0,0,0,0,0,0,0,0,0
4049,Point,88,63,567150,134050,299-W22-86,37.753724,0,299-W22-92,26.972551,4,0,0,0,0,0,0,0,0,0,0,0,0,0,0,0,0,0,0
4050,Point,88,64,567250,134050,299-W22-86,63.854081,0,299-W22-92,84.613938,3,0,0,0,0,0,0,0,0,0,0,0,0,0,0,0,0,0,0
4051,Point,88,65,567350,134050,299-W22-96,95.599484,0,299-W22-92,183.279891,2,0,0,0,0,0,0,0,0,0,0,0,0,0,0,0,0,0,0
4052,Point,88,66,567450,134050,299-W22-96,136.942547,0,299-W22-92,282.884285,1,0,0,0,0,0,0,0,0,0,0,0,0,0,0,0,0,0,0
4053,Point,88,67,567550,134050,299-W22-123,142.641931,0,299-W22-92,382.695072,0,0,0,0,0,0,0,0,0,0,0,0,0,0,0,0,0,0,0
4054,Point,88,68,567650,134050,299-W22-114,76.334402,0,299-W22-92,482.584209,0,0,0,0,0,0,0,0,0,0,0,0,0,0,0,0,0,0,0
4055,Point,88,69,567750,134050,299-W22-114,23.768488,0,299-W22-92,582.511389,0,0,0,0,0,0,0,0,0,0,0,0,0,0,0,0,0,0,0
4056,Point,88,70,567850,134050,299-W22-114,123.705056,0,299-W22-92,682.459902,0,0,0,0,0,0,0,0,0,0,0,0,0,0,0,0,0,0,0
4057,Point,88,71,567950,134050,299-W22-114,223.698326,1,299-W22-92,782.421573,0,0,0,0,0,0,0,0,0,0,0,0,0,0,0,0,0,0,0
4058,Point,88,72,568050,134050,299-W22-114,323.695754,1,299-W22-92,882.39193,0,0,0,0,0,0,0,0,0,0,0,0,0,0,0,0,0,0,0
4059,Point,88,73,568150,134050,299-W22-88,355.917225,1,299-W22-92,982.368321,0,0,0,0,0,0,0,0,0,0,0,0,0,0,0,0,0,0,0
4060,Point,88,74,568250,134050,699-35-70C,324.617562,1,299-W19-114,1024.184591,0,0,0,0,0,0,0,0,0,0,0,0,0,0,0,0,0,0,0
4061,Point,88,75,568350,134050,299-W21-3,231.519838,1,299-W19-114,1062.344613,0,0,0,0,0,0,0,0,0,0,0,0,0,0,0,0,0,0,0
4062,Point,88,76,568450,134050,299-W21-3,139.461232,0,299-W19-114,1108.240983,0,0,0,0,0,0,0,0,0,0,0,0,0,0,0,0,0,0,0
4063,Point,88,77,568550,134050,299-W21-3,72.783482,0,299-W19-114,1160.956535,0,0,0,0,0,0,0,0,0,0,0,0,0,0,0,0,0,0,0
4064,Point,88,78,568650,134050,299-W21-3,105.571943,0,299-W19-114,1219.607345,0,0,0,0,0,0,0,0,0,0,0,0,0,0,0,0,0,0,0
4065,Point,88,79,568750,134050,299-W21-3,192.336775,0,299-W19-114,1283.379942,0,0,0,0,0,0,0,0,0,0,0,0,0,0,0,0,0,0,0
4066,Point,88,80,568850,134050,299-W21-3,287.821881,1,299-W19-114,1351.549509,0,0,0,0,0,0,0,0,0,0,0,0,0,0,0,0,0,0,0
4067,Point,88,81,568950,134050,299-W21-3,385.602691,1,299-W19-114,1423.484484,0,0,0,0,0,0,0,0,0,0,0,0,0,0,0,0,0,0,0
4068,Point,88,82,569050,134050,299-W21-3,484.290652,2,299-W19-114,1498.642745,0,0,0,0,0,0,0,0,0,0,0,0,0,0,0,0,0,0,0
4069,Point,88,83,569150,134050,299-W21-3,583.425604,2,299-W19-114,1576.563375,0,0,0,0,0,0,0,0,0,0,0,0,0,0,0,0,0,0,0
4070,Point,88,84,569250,134050,699-35-66A,609.852414,3,299-W19-114,1656.856685,0,0,0,0,0,0,0,0,0,0,0,0,0,0,0,0,0,0,0
4071,Point,88,85,569350,134050,699-35-66A,510.242851,2,299-W19-114,1739.194088,0,0,0,0,0,0,0,0,0,0,0,0,0,0,0,0,0,0,0
4072,Point,88,86,569450,134050,699-35-66A,410.823036,2,299-W19-114,1823.29868,0,0,0,0,0,0,0,0,0,0,0,0,0,0,0,0,0,0,0
4073,Point,88,87,569550,134050,699-35-66A,311.774545,1,299-W19-114,1908.936897,0,0,0,0,0,0,0,0,0,0,0,0,0,0,0,0,0,0,0
4074,Point,88,88,569650,134050,699-35-66A,213.614529,1,299-W19-114,1995.91134,0,0,0,0,0,0,0,0,0,0,0,0,0,0,0,0,0,0,0
4075,Point,88,89,569750,134050,699-35-66A,118.570514,0,299-W19-114,2084.05472,0,0,0,0,0,0,0,0,0,0,0,0,0,0,0,0,0,0,0
4076,Point,88,90,569850,134050,699-35-66A,49.867493,0,299-W19-114,2173.22481,0,0,0,0,0,0,0,0,0,0,0,0,0,0,0,0,0,0,0
4077,Point,88,91,569950,134050,699-35-66A,104.472804,0,299-W19-114,2263.300262,0,0,0,0,0,0,0,0,0,0,0,0,0,0,0,0,0,0,0
4078,Point,88,92,570050,134050,699-35-66A,198.349103,0,299-W19-114,2354.177155,0,0,0,0,0,0,0,0,0,0,0,0,0,0,0,0,0,0,0
4079,Point,88,93,570150,134050,699-35-66A,296.260303,1,299-W19-114,2445.766153,0,0,0,0,0,0,0,0,0,0,0,0,0,0,0,0,0,0,0
4080,Point,88,94,570250,134050,699-35-66A,395.218885,1,299-W19-114,2537.990165,0,0,0,0,0,0,0,0,0,0,0,0,0,0,0,0,0,0,0
4081,Point,88,95,570350,134050,699-36-63B,378.381259,1,299-W19-114,2630.782408,0,0,0,0,0,0,0,0,0,0,0,0,0,0,0,0,0,0,0
4082,Point,88,96,570450,134050,699-36-63B,294.051657,1,299-W19-114,2724.084814,0,0,0,0,0,0,0,0,0,0,0,0,0,0,0,0,0,0,0
4083,Point,88,97,570550,134050,699-36-63B,223.070341,1,299-W19-114,2817.846709,0,0,0,0,0,0,0,0,0,0,0,0,0,0,0,0,0,0,0
4084,Point,88,98,570650,134050,699-36-63B,181.808627,0,299-W19-114,2912.023708,0,0,0,0,0,0,0,0,0,0,0,0,0,0,0,0,0,0,0
4085,Point,88,99,570750,134050,699-36-63B,190.652503,0,299-W19-114,3006.576804,0,0,0,0,0,0,0,0,0,0,0,0,0,0,0,0,0,0,0
4086,Point,88,100,570850,134050,699-36-63B,244.217888,1,299-W19-114,3101.471598,0,0,0,0,0,0,0,0,0,0,0,0,0,0,0,0,0,0,0
4087,Point,88,101,570950,134050,699-36-63B,320.836994,1,299-W19-114,3196.677662,0,0,0,0,0,0,0,0,0,0,0,0,0,0,0,0,0,0,0
4088,Point,88,102,571050,134050,699-36-63B,407.713597,2,299-W19-114,3292.16799,0,0,0,0,0,0,0,0,0,0,0,0,0,0,0,0,0,0,0
4089,Point,88,103,571150,134050,699-34-61,343.678445,1,299-W19-114,3387.918546,0,0,0,0,0,0,0,0,0,0,0,0,0,0,0,0,0,0,0
4090,Point,88,104,571250,134050,699-34-61,280.966677,1,299-W19-114,3483.907874,0,0,0,0,0,0,0,0,0,0,0,0,0,0,0,0,0,0,0
4091,Point,88,105,571350,134050,699-34-61,244.478371,1,299-W19-114,3580.116769,0,0,0,0,0,0,0,0,0,0,0,0,0,0,0,0,0,0,0
4092,Point,88,106,571450,134050,699-34-61,246.164729,1,299-W19-114,3676.527992,0,0,0,0,0,0,0,0,0,0,0,0,0,0,0,0,0,0,0
4093,Point,88,107,571550,134050,699-34-61,285.349739,1,299-W19-114,3773.126035,0,0,0,0,0,0,0,0,0,0,0,0,0,0,0,0,0,0,0
4094,Point,88,108,571650,134050,699-34-61,349.645354,1,299-W19-114,3869.896908,0,0,0,0,0,0,0,0,0,0,0,0,0,0,0,0,0,0,0
4095,Point,88,109,571750,134050,699-34-61,427.877639,2,299-W19-114,3966.827962,0,0,0,0,0,0,0,0,0,0,0,0,0,0,0,0,0,0,0
4096,Point,88,110,571850,134050,699-34-61,513.718477,2,299-W19-114,4063.907735,0,0,0,0,0,0,0,0,0,0,0,0,0,0,0,0,0,0,0
4097,Point,88,111,571950,134050,699-34-61,603.932177,3,299-W19-114,4161.125818,0,0,0,0,0,0,0,0,0,0,0,0,0,0,0,0,0,0,0
4098,Point,88,112,572050,134050,699-32-59,696.092026,3,299-W19-114,4258.47274,0,0,0,0,0,0,0,0,0,0,0,0,0,0,0,0,0,0,0
4099,Point,88,113,572150,134050,699-32-59,737.921479,3,299-W14-22,4348.181751,0,0,0,0,0,0,0,0,0,0,0,0,0,0,0,0,0,0,0
4100,Point,89,32,564050,133950,299-W17-1,1665.733727,4,299-W22-91,2867.703196,0,0,0,0,0,0,0,0,0,0,0,0,0,0,0,0,0,0,0
4101,Point,89,33,564150,133950,299-W17-1,1591.393367,4,299-W22-91,2767.917921,0,0,0,0,0,0,0,0,0,0,0,0,0,0,0,0,0,0,0
4102,Point,89,34,564250,133950,299-W17-1,1519.998964,4,299-W22-91,2668.148725,0,0,0,0,0,0,0,0,0,0,0,0,0,0,0,0,0,0,0
4103,Point,89,35,564350,133950,299-W17-1,1451.985141,4,299-W22-91,2568.397481,0,0,0,0,0,0,0,0,0,0,0,0,0,0,0,0,0,0,0
4104,Point,89,36,564450,133950,299-W17-1,1387.849001,4,299-W22-91,2468.666364,0,0,0,0,0,0,0,0,0,0,0,0,0,0,0,0,0,0,0
4105,Point,89,37,564550,133950,299-W17-1,1328.15242,4,299-W22-91,2368.957918,0,0,0,0,0,0,0,0,0,0,0,0,0,0,0,0,0,0,0
4106,Point,89,38,564650,133950,299-W17-1,1273.519866,4,299-W22-91,2269.275131,0,0,0,0,0,0,0,0,0,0,0,0,0,0,0,0,0,0,0
4107,Point,89,39,564750,133950,299-W17-1,1224.62927,4,299-W22-91,2169.621538,0,0,0,0,0,0,0,0,0,0,0,0,0,0,0,0,0,0,0
4108,Point,89,40,564850,133950,299-W17-1,1182.193237,4,299-W22-91,2070.001357,0,0,0,0,0,0,0,0,0,0,0,0,0,0,0,0,0,0,0
4109,Point,89,41,564950,133950,299-W17-1,1146.928442,4,299-W22-91,1970.419655,0,0,0,0,0,0,0,0,0,0,0,0,0,0,0,0,0,0,0
4110,Point,89,42,565050,133950,699-35-78A,1063.28312,4,299-W22-91,1870.882577,0,0,0,0,0,0,0,0,0,0,0,0,0,0,0,0,0,0,0
4111,Point,89,43,565150,133950,699-35-78A,968.428517,4,299-W22-91,1771.397646,0,0,0,0,0,0,0,0,0,0,0,0,0,0,0,0,0,0,0
4112,Point,89,44,565250,133950,699-35-78A,874.720865,4,299-W22-91,1671.974168,0,0,0,0,0,0,0,0,0,0,0,0,0,0,0,0,0,0,0
4113,Point,89,45,565350,133950,699-35-78A,782.572292,3,299-W22-91,1572.623801,0,0,0,0,0,0,0,0,0,0,0,0,0,0,0,0,0,0,0
4114,Point,89,46,565450,133950,699-35-78A,692.605365,3,299-W22-91,1473.361333,0,0,0,0,0,0,0,0,0,0,0,0,0,0,0,0,0,0,0
4115,Point,89,47,565550,133950,699-35-78A,605.792863,3,299-W22-91,1374.205814,0,0,0,0,0,0,0,0,0,0,0,0,0,0,0,0,0,0,0
4116,Point,89,48,565650,133950,699-35-78A,523.705826,2,299-W22-91,1275.18219,0,0,0,0,0,0,0,0,0,0,0,0,0,0,0,0,0,0,0
4117,Point,89,49,565750,133950,699-35-78A,448.943863,2,299-W22-91,1176.323773,0,0,0,0,0,0,0,0,0,0,0,0,0,0,0,0,0,0,0
4118,Point,89,50,565850,133950,699-35-78A,385.789311,1,299-W22-91,1077.676027,0,0,0,0,0,0,0,0,0,0,0,0,0,0,0,0,0,0,0
4119,Point,89,51,565950,133950,699-35-78A,340.758261,1,299-W22-91,979.302618,0,0,0,0,0,0,0,0,0,0,0,0,0,0,0,0,0,0,0
4120,Point,89,52,566050,133950,699-35-78A,321.557137,1,299-W22-91,881.295421,0,0,0,0,0,0,0,0,0,0,0,0,0,0,0,0,0,0,0
4121,Point,89,53,566150,133950,699-35-78A,332.688732,1,299-W22-91,783.791821,0,0,0,0,0,0,0,0,0,0,0,0,0,0,0,0,0,0,0
4122,Point,89,54,566250,133950,699-35-78A,371.435852,1,299-W22-91,687.006273,0,0,0,0,0,0,0,0,0,0,0,0,0,0,0,0,0,0,0
4123,Point,89,55,566350,133950,699-35-78A,430.403755,2,299-W22-91,591.291484,0,0,0,0,0,0,0,0,0,0,0,0,0,0,0,0,0,0,0
4124,Point,89,56,566450,133950,299-W23-19,377.479278,1,299-W22-91,497.266145,0,0,0,0,0,0,0,0,0,0,0,0,0,0,0,0,0,0,0
4125,Point,89,57,566550,133950,299-W23-19,301.11062,1,299-W22-91,406.105428,0,0,0,0,0,0,0,0,0,0,0,0,0,0,0,0,0,0,0
4126,Point,89,58,566650,133950,299-W23-236,232.028486,1,299-W22-91,320.264919,0,0,0,0,0,0,0,0,0,0,0,0,0,0,0,0,0,0,0
4127,Point,89,59,566750,133950,299-W22-89,176.767706,0,299-W22-91,245.392784,1,0,0,0,0,0,0,0,0,0,0,0,0,0,0,0,0,0,0
4128,Point,89,60,566850,133950,299-W22-89,99.462665,0,299-W22-91,194.5909,2,0,0,0,0,0,0,0,0,0,0,0,0,0,0,0,0,0,0
4129,Point,89,61,566950,133950,299-W22-89,92.405745,0,299-W22-91,188.450573,2,0,0,0,0,0,0,0,0,0,0,0,0,0,0,0,0,0,0
4130,Point,89,62,567050,133950,299-W22-83,148.302545,0,299-W22-92,142.300803,2,0,0,0,0,0,0,0,0,0,0,0,0,0,0,0,0,0,0
4131,Point,89,63,567150,133950,299-W22-86,98.424304,0,299-W22-92,81.740556,3,0,0,0,0,0,0,0,0,0,0,0,0,0,0,0,0,0,0
4132,Point,89,64,567250,133950,299-W22-86,111.082599,0,299-W22-92,114.514272,2,0,0,0,0,0,0,0,0,0,0,0,0,0,0,0,0,0,0
4133,Point,89,65,567350,133950,299-W22-86,187.059733,0,299-W22-92,198.86055,2,0,0,0,0,0,0,0,0,0,0,0,0,0,0,0,0,0,0
4134,Point,89,66,567450,133950,299-W22-123,147.481254,0,299-W22-92,293.219233,1,0,0,0,0,0,0,0,0,0,0,0,0,0,0,0,0,0,0
4135,Point,89,67,567550,133950,299-W22-123,56.095636,0,299-W22-92,390.396617,0,0,0,0,0,0,0,0,0,0,0,0,0,0,0,0,0,0,0
4136,Point,89,68,567650,133950,299-W22-123,67.399706,0,299-W22-92,488.714148,0,0,0,0,0,0,0,0,0,0,0,0,0,0,0,0,0,0,0
4137,Point,89,69,567750,133950,299-W22-114,100.890738,0,299-W22-92,587.599795,0,0,0,0,0,0,0,0,0,0,0,0,0,0,0,0,0,0,0
4138,Point,89,70,567850,133950,299-W22-114,157.851009,0,299-W22-92,686.808211,0,0,0,0,0,0,0,0,0,0,0,0,0,0,0,0,0,0,0
4139,Point,89,71,567950,133950,699-34-72,187.674212,0,299-W22-92,786.217221,0,0,0,0,0,0,0,0,0,0,0,0,0,0,0,0,0,0,0
4140,Point,89,72,568050,133950,699-34-72,251.451009,1,299-W22-92,885.759289,0,0,0,0,0,0,0,0,0,0,0,0,0,0,0,0,0,0,0
4141,Point,89,73,568150,133950,699-34-72,333.517031,1,299-W22-92,985.394093,0,0,0,0,0,0,0,0,0,0,0,0,0,0,0,0,0,0,0
4142,Point,89,74,568250,133950,299-W21-3,322.182301,1,299-W22-92,1085.096087,0,0,0,0,0,0,0,0,0,0,0,0,0,0,0,0,0,0,0
4143,Point,89,75,568350,133950,299-W21-3,222.821532,1,299-W19-114,1153.784242,0,0,0,0,0,0,0,0,0,0,0,0,0,0,0,0,0,0,0
4144,Point,89,76,568450,133950,299-W21-3,124.488695,0,299-W19-114,1196.177276,0,0,0,0,0,0,0,0,0,0,0,0,0,0,0,0,0,0,0
4145,Point,89,77,568550,133950,299-W21-3,36.680174,0,299-W19-114,1245.17552,0,0,0,0,0,0,0,0,0,0,0,0,0,0,0,0,0,0,0
4146,Point,89,78,568650,133950,299-W21-3,84.814121,0,299-W19-114,1300.032337,0,0,0,0,0,0,0,0,0,0,0,0,0,0,0,0,0,0,0
4147,Point,89,79,568750,133950,299-W21-3,181.773032,0,299-W19-114,1360.038998,0,0,0,0,0,0,0,0,0,0,0,0,0,0,0,0,0,0,0
4148,Point,89,80,568850,133950,299-W21-3,280.872632,1,299-W19-114,1424.544866,0,0,0,0,0,0,0,0,0,0,0,0,0,0,0,0,0,0,0
4149,Point,89,81,568950,133950,299-W21-3,380.443735,1,299-W19-114,1492.96687,0,0,0,0,0,0,0,0,0,0,0,0,0,0,0,0,0,0,0
4150,Point,89,82,569050,133950,299-W21-3,480.193123,2,299-W19-114,1564.791384,0,0,0,0,0,0,0,0,0,0,0,0,0,0,0,0,0,0,0
4151,Point,89,83,569150,133950,299-W21-3,580.028823,2,299-W19-114,1639.571309,0,0,0,0,0,0,0,0,0,0,0,0,0,0,0,0,0,0,0
4152,Point,89,84,569250,133950,699-35-66A,625.914345,3,299-W19-114,1716.920521,0,0,0,0,0,0,0,0,0,0,0,0,0,0,0,0,0,0,0
4153,Point,89,85,569350,133950,699-35-66A,529.335968,2,299-W19-114,1796.507188,0,0,0,0,0,0,0,0,0,0,0,0,0,0,0,0,0,0,0
4154,Point,89,86,569450,133950,699-35-66A,434.309068,2,299-W19-114,1878.046878,0,0,0,0,0,0,0,0,0,0,0,0,0,0,0,0,0,0,0
4155,Point,89,87,569550,133950,699-35-66A,342.128875,1,299-W19-114,1961.29602,0,0,0,0,0,0,0,0,0,0,0,0,0,0,0,0,0,0,0
4156,Point,89,88,569650,133950,699-35-66A,255.890537,1,299-W19-114,2046.045961,0,0,0,0,0,0,0,0,0,0,0,0,0,0,0,0,0,0,0
4157,Point,89,89,569750,133950,699-35-66A,184.140617,0,299-W19-114,2132.117744,0,0,0,0,0,0,0,0,0,0,0,0,0,0,0,0,0,0,0
4158,Point,89,90,569850,133950,699-35-66A,149.450884,0,299-W19-114,2219.357582,0,0,0,0,0,0,0,0,0,0,0,0,0,0,0,0,0,0,0
4159,Point,89,91,569950,133950,699-35-66A,175.394888,0,299-W19-114,2307.633003,0,0,0,0,0,0,0,0,0,0,0,0,0,0,0,0,0,0,0
4160,Point,89,92,570050,133950,699-35-66A,243.292349,1,299-W19-114,2396.829588,0,0,0,0,0,0,0,0,0,0,0,0,0,0,0,0,0,0,0
4161,Point,89,93,570150,133950,699-35-66A,328.053299,1,299-W19-114,2486.848221,0,0,0,0,0,0,0,0,0,0,0,0,0,0,0,0,0,0,0
4162,Point,89,94,570250,133950,699-35-66A,419.579274,2,299-W19-114,2577.602777,0,0,0,0,0,0,0,0,0,0,0,0,0,0,0,0,0,0,0
4163,Point,89,95,570350,133950,699-36-63B,434.638214,2,299-W19-114,2669.018186,0,0,0,0,0,0,0,0,0,0,0,0,0,0,0,0,0,0,0
4164,Point,89,96,570450,133950,699-36-63B,363.599198,1,299-W19-114,2761.028808,0,0,0,0,0,0,0,0,0,0,0,0,0,0,0,0,0,0,0
4165,Point,89,97,570550,133950,699-36-63B,309.028117,1,299-W19-114,2853.577067,0,0,0,0,0,0,0,0,0,0,0,0,0,0,0,0,0,0,0
4166,Point,89,98,570650,133950,699-36-63B,280.699799,1,299-W19-114,2946.612305,0,0,0,0,0,0,0,0,0,0,0,0,0,0,0,0,0,0,0
4167,Point,89,99,570750,133950,699-36-63B,286.507202,1,299-W19-114,3040.089814,0,0,0,0,0,0,0,0,0,0,0,0,0,0,0,0,0,0,0
4168,Point,89,100,570850,133950,699-36-63B,324.623439,1,299-W19-114,3133.970018,0,0,0,0,0,0,0,0,0,0,0,0,0,0,0,0,0,0,0
4169,Point,89,101,570950,133950,699-36-63B,385.583165,1,299-W19-114,3228.217786,0,0,0,0,0,0,0,0,0,0,0,0,0,0,0,0,0,0,0
4170,Point,89,102,571050,133950,699-34-61,373.175393,1,299-W19-114,3322.801841,0,0,0,0,0,0,0,0,0,0,0,0,0,0,0,0,0,0,0
4171,Point,89,103,571150,133950,699-34-61,282.99695,1,299-W19-114,3417.694263,0,0,0,0,0,0,0,0,0,0,0,0,0,0,0,0,0,0,0
4172,Point,89,104,571250,133950,699-34-61,202.27376,1,299-W19-114,3512.870063,0,0,0,0,0,0,0,0,0,0,0,0,0,0,0,0,0,0,0
4173,Point,89,105,571350,133950,699-34-61,147.451937,0,299-W19-114,3608.306816,0,0,0,0,0,0,0,0,0,0,0,0,0,0,0,0,0,0,0
4174,Point,89,106,571450,133950,699-34-61,150.231401,0,299-W19-114,3703.984352,0,0,0,0,0,0,0,0,0,0,0,0,0,0,0,0,0,0,0
4175,Point,89,107,571550,133950,699-34-61,208.319163,1,299-W19-114,3799.884482,0,0,0,0,0,0,0,0,0,0,0,0,0,0,0,0,0,0,0
4176,Point,89,108,571650,133950,699-34-61,290.214186,1,299-W19-114,3895.99077,0,0,0,0,0,0,0,0,0,0,0,0,0,0,0,0,0,0,0
4177,Point,89,109,571750,133950,699-34-61,380.8565,1,299-W19-114,3992.288326,0,0,0,0,0,0,0,0,0,0,0,0,0,0,0,0,0,0,0
4178,Point,89,110,571850,133950,699-34-61,475.267371,2,299-W19-114,4088.763637,0,0,0,0,0,0,0,0,0,0,0,0,0,0,0,0,0,0,0
4179,Point,89,111,571950,133950,699-32-59,569.757939,2,299-W19-114,4185.40441,0,0,0,0,0,0,0,0,0,0,0,0,0,0,0,0,0,0,0
4180,Point,89,112,572050,133950,699-32-59,603.82788,3,299-W19-114,4282.199444,0,0,0,0,0,0,0,0,0,0,0,0,0,0,0,0,0,0,0
4181,Point,89,113,572150,133950,699-32-59,651.607327,3,299-W19-114,4379.138508,0,0,0,0,0,0,0,0,0,0,0,0,0,0,0,0,0,0,0
4182,Point,90,32,564050,133850,299-W17-1,1732.748352,4,299-W22-91,2875.869889,0,0,0,0,0,0,0,0,0,0,0,0,0,0,0,0,0,0,0
4183,Point,90,33,564150,133850,299-W17-1,1661.409296,4,299-W22-91,2776.378148,0,0,0,0,0,0,0,0,0,0,0,0,0,0,0,0,0,0,0
4184,Point,90,34,564250,133850,299-W17-1,1593.155626,4,299-W22-91,2676.924283,0,0,0,0,0,0,0,0,0,0,0,0,0,0,0,0,0,0,0
4185,Point,90,35,564350,133850,299-W17-1,1528.400749,4,299-W22-91,2577.512681,0,0,0,0,0,0,0,0,0,0,0,0,0,0,0,0,0,0,0
4186,Point,90,36,564450,133850,299-W17-1,1467.607867,4,299-W22-91,2478.148425,0,0,0,0,0,0,0,0,0,0,0,0,0,0,0,0,0,0,0
4187,Point,90,37,564550,133850,299-W17-1,1411.289074,4,299-W22-91,2378.837451,0,0,0,0,0,0,0,0,0,0,0,0,0,0,0,0,0,0,0
4188,Point,90,38,564650,133850,299-W17-1,1360.000312,4,299-W22-91,2279.586721,0,0,0,0,0,0,0,0,0,0,0,0,0,0,0,0,0,0,0
4189,Point,90,39,564750,133850,299-W17-1,1314.330571,4,299-W22-91,2180.404462,0,0,0,0,0,0,0,0,0,0,0,0,0,0,0,0,0,0,0
4190,Point,90,40,564850,133850,299-W17-1,1274.883857,4,299-W22-91,2081.300463,0,0,0,0,0,0,0,0,0,0,0,0,0,0,0,0,0,0,0
4191,Point,90,41,564950,133850,699-35-78A,1190.605809,4,299-W22-91,1982.286462,0,0,0,0,0,0,0,0,0,0,0,0,0,0,0,0,0,0,0
4192,Point,90,42,565050,133850,699-35-78A,1097.645203,4,299-W22-91,1883.376653,0,0,0,0,0,0,0,0,0,0,0,0,0,0,0,0,0,0,0
4193,Point,90,43,565150,133850,699-35-78A,1006.035681,4,299-W22-91,1784.588361,0,0,0,0,0,0,0,0,0,0,0,0,0,0,0,0,0,0,0
4194,Point,90,44,565250,133850,699-35-78A,916.18262,4,299-W22-91,1685.942946,0,0,0,0,0,0,0,0,0,0,0,0,0,0,0,0,0,0,0
4195,Point,90,45,565350,133850,699-35-78A,828.657584,4,299-W22-91,1587.467045,0,0,0,0,0,0,0,0,0,0,0,0,0,0,0,0,0,0,0
4196,Point,90,46,565450,133850,699-35-78A,744.282334,3,299-W22-91,1489.194285,0,0,0,0,0,0,0,0,0,0,0,0,0,0,0,0,0,0,0
4197,Point,90,47,565550,133850,699-35-78A,664.258227,3,299-W22-91,1391.167718,0,0,0,0,0,0,0,0,0,0,0,0,0,0,0,0,0,0,0
4198,Point,90,48,565650,133850,699-35-78A,590.357343,2,299-W22-91,1293.443319,0,0,0,0,0,0,0,0,0,0,0,0,0,0,0,0,0,0,0
4199,Point,90,49,565750,133850,699-35-78A,525.171012,2,299-W22-91,1196.095154,0,0,0,0,0,0,0,0,0,0,0,0,0,0,0,0,0,0,0
4200,Point,90,50,565850,133850,699-35-78A,472.321281,2,299-W22-91,1099.223189,0,0,0,0,0,0,0,0,0,0,0,0,0,0,0,0,0,0,0
4201,Point,90,51,565950,133850,699-35-78A,436.314327,2,299-W22-91,1002.965412,0,0,0,0,0,0,0,0,0,0,0,0,0,0,0,0,0,0,0
4202,Point,90,52,566050,133850,699-35-78A,421.489018,2,299-W22-91,907.517283,0,0,0,0,0,0,0,0,0,0,0,0,0,0,0,0,0,0,0
4203,Point,90,53,566150,133850,699-35-78A,430.041617,2,299-W22-91,813.163955,0,0,0,0,0,0,0,0,0,0,0,0,0,0,0,0,0,0,0
4204,Point,90,54,566250,133850,699-33-76,447.30532,2,299-W22-91,720.335768,0,0,0,0,0,0,0,0,0,0,0,0,0,0,0,0,0,0,0
4205,Point,90,55,566350,133850,699-33-76,368.56485,1,299-W22-91,629.707566,0,0,0,0,0,0,0,0,0,0,0,0,0,0,0,0,0,0,0
4206,Point,90,56,566450,133850,699-33-76,302.651696,1,299-W22-91,542.383276,0,0,0,0,0,0,0,0,0,0,0,0,0,0,0,0,0,0,0
4207,Point,90,57,566550,133850,699-33-76,259.530439,1,299-W22-91,460.247345,0,0,0,0,0,0,0,0,0,0,0,0,0,0,0,0,0,0,0
4208,Point,90,58,566650,133850,699-33-76,251.225096,1,299-W22-91,386.620768,0,0,0,0,0,0,0,0,0,0,0,0,0,0,0,0,0,0,0
4209,Point,90,59,566750,133850,299-W27-3,196.954149,0,299-W22-91,327.297447,0,0,0,0,0,0,0,0,0,0,0,0,0,0,0,0,0,0,0
4210,Point,90,60,566850,133850,299-W27-3,118.663124,0,299-W22-91,291.15566,1,0,0,0,0,0,0,0,0,0,0,0,0,0,0,0,0,0,0
4211,Point,90,61,566950,133850,299-W27-3,96.8036,0,299-W22-92,282.438522,1,0,0,0,0,0,0,0,0,0,0,0,0,0,0,0,0,0,0
4212,Point,90,62,567050,133850,299-W27-3,157.038011,0,299-W22-92,214.950037,1,0,0,0,0,0,0,0,0,0,0,0,0,0,0,0,0,0,0
4213,Point,90,63,567150,133850,299-W22-86,194.805913,0,299-W22-92,180.653033,2,0,0,0,0,0,0,0,0,0,0,0,0,0,0,0,0,0,0
4214,Point,90,64,567250,133850,299-W22-86,201.497751,1,299-W22-92,197.655049,2,0,0,0,0,0,0,0,0,0,0,0,0,0,0,0,0,0,0
4215,Point,90,65,567350,133850,299-W22-123,251.306029,1,299-W22-92,255.928737,1,0,0,0,0,0,0,0,0,0,0,0,0,0,0,0,0,0,0
4216,Point,90,66,567450,133850,299-W22-123,156.686695,0,299-W22-92,334.561681,0,0,0,0,0,0,0,0,0,0,0,0,0,0,0,0,0,0,0
4217,Point,90,67,567550,133850,299-W22-123,77.114982,0,299-W22-92,422.331053,0,0,0,0,0,0,0,0,0,0,0,0,0,0,0,0,0,0,0
4218,Point,90,68,567650,133850,299-W22-123,85.689675,0,299-W22-92,514.582859,0,0,0,0,0,0,0,0,0,0,0,0,0,0,0,0,0,0,0
4219,Point,90,69,567750,133850,699-34-72,127.575898,0,299-W22-92,609.284432,0,0,0,0,0,0,0,0,0,0,0,0,0,0,0,0,0,0,0
4220,Point,90,70,567850,133850,699-34-72,65.434011,0,299-W22-92,705.44987,0,0,0,0,0,0,0,0,0,0,0,0,0,0,0,0,0,0,0
4221,Point,90,71,567950,133850,699-34-72,110.849492,0,299-W22-92,802.553125,0,0,0,0,0,0,0,0,0,0,0,0,0,0,0,0,0,0,0
4222,Point,90,72,568050,133850,699-34-72,200.732682,1,299-W22-92,900.290797,0,0,0,0,0,0,0,0,0,0,0,0,0,0,0,0,0,0,0
4223,Point,90,73,568150,133850,699-34-72,297.152503,1,299-W22-92,998.476599,0,0,0,0,0,0,0,0,0,0,0,0,0,0,0,0,0,0,0
4224,Point,90,74,568250,133850,299-W21-3,346.192772,1,299-W22-92,1096.990209,0,0,0,0,0,0,0,0,0,0,0,0,0,0,0,0,0,0,0
4225,Point,90,75,568350,133850,299-W21-3,256.315109,1,299-W22-92,1195.750609,0,0,0,0,0,0,0,0,0,0,0,0,0,0,0,0,0,0,0
4226,Point,90,76,568450,133850,299-W21-3,177.610347,0,299-W19-114,1285.87794,0,0,0,0,0,0,0,0,0,0,0,0,0,0,0,0,0,0,0
4227,Point,90,77,568550,133850,299-W21-3,131.884173,0,299-W19-114,1331.579542,0,0,0,0,0,0,0,0,0,0,0,0,0,0,0,0,0,0,0
4228,Point,90,78,568650,133850,299-W21-3,152.451419,0,299-W19-114,1383.013404,0,0,0,0,0,0,0,0,0,0,0,0,0,0,0,0,0,0,0
4229,Point,90,79,568750,133850,299-W21-3,221.561358,1,299-W19-114,1439.565239,0,0,0,0,0,0,0,0,0,0,0,0,0,0,0,0,0,0,0
4230,Point,90,80,568850,133850,299-W21-3,308.11919,1,299-W19-114,1500.656548,0,0,0,0,0,0,0,0,0,0,0,0,0,0,0,0,0,0,0
4231,Point,90,81,568950,133850,299-W21-3,400.980592,2,299-W19-114,1565.756072,0,0,0,0,0,0,0,0,0,0,0,0,0,0,0,0,0,0,0
4232,Point,90,82,569050,133850,299-W21-3,496.622024,2,299-W19-114,1634.384923,0,0,0,0,0,0,0,0,0,0,0,0,0,0,0,0,0,0,0
4233,Point,90,83,569150,133850,299-W21-3,593.70147,2,299-W19-114,1706.117252,0,0,0,0,0,0,0,0,0,0,0,0,0,0,0,0,0,0,0
4234,Point,90,84,569250,133850,699-35-66A,656.976078,3,299-W19-114,1780.578017,0,0,0,0,0,0,0,0,0,0,0,0,0,0,0,0,0,0,0
4235,Point,90,85,569350,133850,699-35-66A,565.725523,2,299-W19-114,1857.439118,0,0,0,0,0,0,0,0,0,0,0,0,0,0,0,0,0,0,0
4236,Point,90,86,569450,133850,699-35-66A,477.988668,2,299-W19-114,1936.414748,0,0,0,0,0,0,0,0,0,0,0,0,0,0,0,0,0,0,0
4237,Point,90,87,569550,133850,699-35-66A,396.107267,1,299-W19-114,2017.256572,0,0,0,0,0,0,0,0,0,0,0,0,0,0,0,0,0,0,0
4238,Point,90,88,569650,133850,699-35-66A,324.543937,1,299-W19-114,2099.749051,0,0,0,0,0,0,0,0,0,0,0,0,0,0,0,0,0,0,0
4239,Point,90,89,569750,133850,699-35-66A,271.581603,1,299-W19-114,2183.705126,0,0,0,0,0,0,0,0,0,0,0,0,0,0,0,0,0,0,0
4240,Point,90,90,569850,133850,699-35-66A,249.367935,1,299-W19-114,2268.962335,0,0,0,0,0,0,0,0,0,0,0,0,0,0,0,0,0,0,0
4241,Point,90,91,569950,133850,699-35-66A,265.729499,1,299-W19-114,2355.379391,0,0,0,0,0,0,0,0,0,0,0,0,0,0,0,0,0,0,0
4242,Point,90,92,570050,133850,699-35-66A,314.70616,1,299-W19-114,2442.833207,0,0,0,0,0,0,0,0,0,0,0,0,0,0,0,0,0,0,0
4243,Point,90,93,570150,133850,699-35-66A,384.015321,1,299-W19-114,2531.216323,0,0,0,0,0,0,0,0,0,0,0,0,0,0,0,0,0,0,0
4244,Point,90,94,570250,133850,699-35-66A,464.645636,2,299-W19-114,2620.434711,0,0,0,0,0,0,0,0,0,0,0,0,0,0,0,0,0,0,0
4245,Point,90,95,570350,133850,699-36-63B,504.626968,2,299-W19-114,2710.405888,0,0,0,0,0,0,0,0,0,0,0,0,0,0,0,0,0,0,0
4246,Point,90,96,570450,133850,699-36-63B,444.907155,2,299-W19-114,2801.057314,0,0,0,0,0,0,0,0,0,0,0,0,0,0,0,0,0,0,0
4247,Point,90,97,570550,133850,699-36-63B,401.542497,2,299-W19-114,2892.325029,0,0,0,0,0,0,0,0,0,0,0,0,0,0,0,0,0,0,0
4248,Point,90,98,570650,133850,699-36-63B,380.17151,1,299-W19-114,2984.152489,0,0,0,0,0,0,0,0,0,0,0,0,0,0,0,0,0,0,0
4249,Point,90,99,570750,133850,699-36-63B,384.479358,1,299-W19-114,3076.48957,0,0,0,0,0,0,0,0,0,0,0,0,0,0,0,0,0,0,0
4250,Point,90,100,570850,133850,699-36-63B,413.664571,2,299-W19-114,3169.291731,0,0,0,0,0,0,0,0,0,0,0,0,0,0,0,0,0,0,0
4251,Point,90,101,570950,133850,699-34-61,447.666029,2,299-W19-114,3262.519284,0,0,0,0,0,0,0,0,0,0,0,0,0,0,0,0,0,0,0
4252,Point,90,102,571050,133850,699-34-61,348.184253,1,299-W19-114,3356.136779,0,0,0,0,0,0,0,0,0,0,0,0,0,0,0,0,0,0,0
4253,Point,90,103,571150,133850,699-34-61,249.117791,1,299-W19-114,3450.112473,0,0,0,0,0,0,0,0,0,0,0,0,0,0,0,0,0,0,0
4254,Point,90,104,571250,133850,699-34-61,151.284744,0,299-W19-114,3544.417876,0,0,0,0,0,0,0,0,0,0,0,0,0,0,0,0,0,0,0
4255,Point,90,105,571350,133850,699-34-61,60.946483,0,299-W19-114,3639.027353,0,0,0,0,0,0,0,0,0,0,0,0,0,0,0,0,0,0,0
4256,Point,90,106,571450,133850,699-34-61,67.393426,0,299-W19-114,3733.917792,0,0,0,0,0,0,0,0,0,0,0,0,0,0,0,0,0,0,0
4257,Point,90,107,571550,133850,699-34-61,159.277349,0,299-W19-114,3829.068304,0,0,0,0,0,0,0,0,0,0,0,0,0,0,0,0,0,0,0
4258,Point,90,108,571650,133850,699-34-61,257.287143,1,299-W19-114,3924.459973,0,0,0,0,0,0,0,0,0,0,0,0,0,0,0,0,0,0,0
4259,Point,90,109,571750,133850,699-34-61,356.404368,1,299-W19-114,4020.075631,0,0,0,0,0,0,0,0,0,0,0,0,0,0,0,0,0,0,0
4260,Point,90,110,571850,133850,699-32-59,452.442382,2,299-W19-114,4115.899668,0,0,0,0,0,0,0,0,0,0,0,0,0,0,0,0,0,0,0
4261,Point,90,111,571950,133850,699-32-59,474.012773,2,299-W19-114,4211.917862,0,0,0,0,0,0,0,0,0,0,0,0,0,0,0,0,0,0,0
4262,Point,90,112,572050,133850,699-32-59,514.462932,2,299-W19-114,4308.117231,0,0,0,0,0,0,0,0,0,0,0,0,0,0,0,0,0,0,0
4263,Point,90,113,572150,133850,699-32-59,569.78602,2,299-W19-114,4404.485904,0,0,0,0,0,0,0,0,0,0,0,0,0,0,0,0,0,0,0
4264,Point,91,32,564050,133750,299-W17-1,1802.821358,4,299-W22-91,2887.478765,0,0,0,0,0,0,0,0,0,0,0,0,0,0,0,0,0,0,0
4265,Point,91,33,564150,133750,299-W17-1,1734.366988,4,299-W22-91,2788.401266,0,0,0,0,0,0,0,0,0,0,0,0,0,0,0,0,0,0,0
4266,Point,91,34,564250,133750,299-W17-1,1669.099413,4,299-W22-91,2689.392054,0,0,0,0,0,0,0,0,0,0,0,0,0,0,0,0,0,0,0
4267,Point,91,35,564350,133750,299-W17-1,1607.406871,4,299-W22-91,2590.458959,0,0,0,0,0,0,0,0,0,0,0,0,0,0,0,0,0,0,0
4268,Point,91,36,564450,133750,299-W17-1,1549.716377,4,299-W22-91,2491.611049,0,0,0,0,0,0,0,0,0,0,0,0,0,0,0,0,0,0,0
4269,Point,91,37,564550,133750,299-W17-1,1496.490845,4,299-W22-91,2392.85888,0,0,0,0,0,0,0,0,0,0,0,0,0,0,0,0,0,0,0
4270,Point,91,38,564650,133750,299-W17-1,1448.222652,4,299-W22-91,2294.214815,0,0,0,0,0,0,0,0,0,0,0,0,0,0,0,0,0,0,0
4271,Point,91,39,564750,133750,299-W17-1,1405.422659,4,299-W22-91,2195.693425,0,0,0,0,0,0,0,0,0,0,0,0,0,0,0,0,0,0,0
4272,Point,91,40,564850,133750,699-35-78A,1320.800285,4,299-W22-91,2097.311998,0,0,0,0,0,0,0,0,0,0,0,0,0,0,0,0,0,0,0
4273,Point,91,41,564950,133750,699-35-78A,1229.551216,4,299-W22-91,1999.091198,0,0,0,0,0,0,0,0,0,0,0,0,0,0,0,0,0,0,0
4274,Point,91,42,565050,133750,699-35-78A,1139.771465,4,299-W22-91,1901.055922,0,0,0,0,0,0,0,0,0,0,0,0,0,0,0,0,0,0,0
4275,Point,91,43,565150,133750,699-35-78A,1051.837341,4,299-W22-91,1803.236429,0,0,0,0,0,0,0,0,0,0,0,0,0,0,0,0,0,0,0
4276,Point,91,44,565250,133750,699-35-78A,966.252861,4,299-W22-91,1705.669845,0,0,0,0,0,0,0,0,0,0,0,0,0,0,0,0,0,0,0
4277,Point,91,45,565350,133750,699-35-78A,883.700963,4,299-W22-91,1608.402194,0,0,0,0,0,0,0,0,0,0,0,0,0,0,0,0,0,0,0
4278,Point,91,46,565450,133750,699-35-78A,805.115018,4,299-W22-91,1511.49119,0,0,0,0,0,0,0,0,0,0,0,0,0,0,0,0,0,0,0
4279,Point,91,47,565550,133750,699-35-78A,731.773867,3,299-W22-91,1415.010113,0,0,0,0,0,0,0,0,0,0,0,0,0,0,0,0,0,0,0
4280,Point,91,48,565650,133750,699-35-78A,665.414001,3,299-W22-91,1319.053304,0,0,0,0,0,0,0,0,0,0,0,0,0,0,0,0,0,0,0
4281,Point,91,49,565750,133750,699-35-78A,608.324414,3,299-W22-91,1223.744098,0,0,0,0,0,0,0,0,0,0,0,0,0,0,0,0,0,0,0
4282,Point,91,50,565850,133750,699-35-78A,563.330624,2,299-W22-91,1129.246483,0,0,0,0,0,0,0,0,0,0,0,0,0,0,0,0,0,0,0
4283,Point,91,51,565950,133750,699-35-78A,533.50182,2,299-W22-91,1035.782612,0,0,0,0,0,0,0,0,0,0,0,0,0,0,0,0,0,0,0
4284,Point,91,52,566050,133750,699-35-78A,521.447018,2,299-W22-91,943.659694,0,0,0,0,0,0,0,0,0,0,0,0,0,0,0,0,0,0,0
4285,Point,91,53,566150,133750,699-33-76,494.378447,2,299-W22-91,853.312146,0,0,0,0,0,0,0,0,0,0,0,0,0,0,0,0,0,0,0
4286,Point,91,54,566250,133750,699-33-76,400.210006,2,299-W22-91,765.368943,0,0,0,0,0,0,0,0,0,0,0,0,0,0,0,0,0,0,0
4287,Point,91,55,566350,133750,699-33-76,309.719307,1,299-W22-91,680.762527,0,0,0,0,0,0,0,0,0,0,0,0,0,0,0,0,0,0,0
4288,Point,91,56,566450,133750,699-33-76,227.341261,1,299-W22-91,600.904001,0,0,0,0,0,0,0,0,0,0,0,0,0,0,0,0,0,0,0
4289,Point,91,57,566550,133750,699-33-76,165.656419,0,299-W22-91,527.952288,0,0,0,0,0,0,0,0,0,0,0,0,0,0,0,0,0,0,0
4290,Point,91,58,566650,133750,699-33-76,152.315623,0,299-W22-91,465.168377,0,0,0,0,0,0,0,0,0,0,0,0,0,0,0,0,0,0,0
4291,Point,91,59,566750,133750,299-W27-3,173.686318,0,299-W22-91,417.168573,0,0,0,0,0,0,0,0,0,0,0,0,0,0,0,0,0,0,0
4292,Point,91,60,566850,133750,299-W27-3,73.871083,0,299-W22-91,389.458109,0,0,0,0,0,0,0,0,0,0,0,0,0,0,0,0,0,0,0
4293,Point,91,61,566950,133750,299-W27-3,27.330146,0,299-W22-92,354.577944,0,0,0,0,0,0,0,0,0,0,0,0,0,0,0,0,0,0,0
4294,Point,91,62,567050,133750,299-W27-3,126.637028,0,299-W22-92,303.574568,0,0,0,0,0,0,0,0,0,0,0,0,0,0,0,0,0,0,0
4295,Point,91,63,567150,133750,299-W27-3,226.55449,1,299-W22-92,280.338222,1,0,0,0,0,0,0,0,0,0,0,0,0,0,0,0,0,0,0
4296,Point,91,64,567250,133750,699-33-74,297.848431,1,299-W22-92,291.584496,1,0,0,0,0,0,0,0,0,0,0,0,0,0,0,0,0,0,0
4297,Point,91,65,567350,133750,699-33-74,232.773899,1,299-W22-92,333.846549,0,0,0,0,0,0,0,0,0,0,0,0,0,0,0,0,0,0,0
4298,Point,91,66,567450,133750,699-33-74,199.132338,0,299-W22-92,397.348107,0,0,0,0,0,0,0,0,0,0,0,0,0,0,0,0,0,0,0
4299,Point,91,67,567550,133750,299-W22-123,169.548578,0,299-W22-92,473.621704,0,0,0,0,0,0,0,0,0,0,0,0,0,0,0,0,0,0,0
4300,Point,91,68,567650,133750,299-W22-123,173.61659,0,299-W22-92,557.449117,0,0,0,0,0,0,0,0,0,0,0,0,0,0,0,0,0,0,0
4301,Point,91,69,567750,133750,699-34-72,115.505886,0,299-W22-92,645.895904,0,0,0,0,0,0,0,0,0,0,0,0,0,0,0,0,0,0,0
4302,Point,91,70,567850,133750,699-34-72,36.709805,0,299-W22-92,737.301511,0,0,0,0,0,0,0,0,0,0,0,0,0,0,0,0,0,0,0
4303,Point,91,71,567950,133750,699-34-72,96.714062,0,299-W22-92,830.689785,0,0,0,0,0,0,0,0,0,0,0,0,0,0,0,0,0,0,0
4304,Point,91,72,568050,133750,699-34-72,193.286341,0,299-W22-92,925.460706,0,0,0,0,0,0,0,0,0,0,0,0,0,0,0,0,0,0,0
4305,Point,91,73,568150,133750,699-34-72,292.173938,1,299-W22-92,1021.229415,0,0,0,0,0,0,0,0,0,0,0,0,0,0,0,0,0,0,0
4306,Point,91,74,568250,133750,699-34-72,391.626876,1,299-W22-92,1117.739468,0,0,0,0,0,0,0,0,0,0,0,0,0,0,0,0,0,0,0
4307,Point,91,75,568350,133750,299-W21-3,318.975603,1,299-W22-92,1214.814191,0,0,0,0,0,0,0,0,0,0,0,0,0,0,0,0,0,0,0
4308,Point,91,76,568450,133750,299-W21-3,259.987375,1,299-W22-92,1312.328282,0,0,0,0,0,0,0,0,0,0,0,0,0,0,0,0,0,0,0
4309,Point,91,77,568550,133750,299-W21-3,231.174037,1,299-W22-92,1410.190597,0,0,0,0,0,0,0,0,0,0,0,0,0,0,0,0,0,0,0
4310,Point,91,78,568650,133750,299-W21-3,243.49422,1,299-W19-114,1468.117187,0,0,0,0,0,0,0,0,0,0,0,0,0,0,0,0,0,0,0
4311,Point,91,79,568750,133750,299-W21-3,291.783199,1,299-W19-114,1521.509144,0,0,0,0,0,0,0,0,0,0,0,0,0,0,0,0,0,0,0
4312,Point,91,80,568850,133750,299-W21-3,361.9191,1,299-W19-114,1579.4341,0,0,0,0,0,0,0,0,0,0,0,0,0,0,0,0,0,0,0
4313,Point,91,81,568950,133750,299-W21-3,443.659143,2,299-W19-114,1641.41222,0,0,0,0,0,0,0,0,0,0,0,0,0,0,0,0,0,0,0
4314,Point,91,82,569050,133750,299-W21-3,531.677943,2,299-W19-114,1707.002073,0,0,0,0,0,0,0,0,0,0,0,0,0,0,0,0,0,0,0
4315,Point,91,83,569150,133750,299-W21-3,623.321294,3,299-W19-114,1775.803502,0,0,0,0,0,0,0,0,0,0,0,0,0,0,0,0,0,0,0
4316,Point,91,84,569250,133750,699-35-66A,701.046622,3,299-W19-114,1847.457733,0,0,0,0,0,0,0,0,0,0,0,0,0,0,0,0,0,0,0
4317,Point,91,85,569350,133750,699-35-66A,616.355552,3,299-W19-114,1921.645669,0,0,0,0,0,0,0,0,0,0,0,0,0,0,0,0,0,0,0
4318,Point,91,86,569450,133750,699-35-66A,536.956206,2,299-W19-114,1998.085102,0,0,0,0,0,0,0,0,0,0,0,0,0,0,0,0,0,0,0
4319,Point,91,87,569550,133750,699-35-66A,465.563923,2,299-W19-114,2076.527408,0,0,0,0,0,0,0,0,0,0,0,0,0,0,0,0,0,0,0
4320,Point,91,88,569650,133750,699-35-66A,406.420431,2,299-W19-114,2156.75406,0,0,0,0,0,0,0,0,0,0,0,0,0,0,0,0,0,0,0
4321,Point,91,89,569750,133750,699-35-66A,365.520679,1,299-W19-114,2238.573223,0,0,0,0,0,0,0,0,0,0,0,0,0,0,0,0,0,0,0
4322,Point,91,90,569850,133750,699-35-66A,349.332459,1,299-W19-114,2321.816547,0,0,0,0,0,0,0,0,0,0,0,0,0,0,0,0,0,0,0
4323,Point,91,91,569950,133750,699-35-66A,361.193808,1,299-W19-114,2406.336235,0,0,0,0,0,0,0,0,0,0,0,0,0,0,0,0,0,0,0
4324,Point,91,92,570050,133750,699-35-66A,398.608538,1,299-W19-114,2492.002423,0,0,0,0,0,0,0,0,0,0,0,0,0,0,0,0,0,0,0
4325,Point,91,93,570150,133750,699-35-66A,455.32029,2,299-W19-114,2578.70085,0,0,0,0,0,0,0,0,0,0,0,0,0,0,0,0,0,0,0
4326,Point,91,94,570250,133750,699-32-64,489.16801,2,299-W19-114,2666.330826,0,0,0,0,0,0,0,0,0,0,0,0,0,0,0,0,0,0,0
4327,Point,91,95,570350,133750,699-32-64,457.256319,2,299-W19-114,2754.803455,0,0,0,0,0,0,0,0,0,0,0,0,0,0,0,0,0,0,0
4328,Point,91,96,570450,133750,699-32-64,445.961144,2,299-W19-114,2844.040098,0,0,0,0,0,0,0,0,0,0,0,0,0,0,0,0,0,0,0
4329,Point,91,97,570550,133750,699-32-64,456.814341,2,299-W19-114,2933.971042,0,0,0,0,0,0,0,0,0,0,0,0,0,0,0,0,0,0,0
4330,Point,91,98,570650,133750,699-36-63B,479.862873,2,299-W19-114,3024.534357,0,0,0,0,0,0,0,0,0,0,0,0,0,0,0,0,0,0,0
4331,Point,91,99,570750,133750,699-36-63B,483.282916,2,299-W19-114,3115.674899,0,0,0,0,0,0,0,0,0,0,0,0,0,0,0,0,0,0,0
4332,Point,91,100,570850,133750,699-36-63B,506.810001,2,299-W19-114,3207.343461,0,0,0,0,0,0,0,0,0,0,0,0,0,0,0,0,0,0,0
4333,Point,91,101,570950,133750,699-34-61,449.863617,2,299-W19-114,3299.496034,0,0,0,0,0,0,0,0,0,0,0,0,0,0,0,0,0,0,0
4334,Point,91,102,571050,133750,699-34-61,351.005233,1,299-W19-114,3392.09317,0,0,0,0,0,0,0,0,0,0,0,0,0,0,0,0,0,0,0
4335,Point,91,103,571150,133750,699-34-61,253.045596,1,299-W19-114,3485.099436,0,0,0,0,0,0,0,0,0,0,0,0,0,0,0,0,0,0,0
4336,Point,91,104,571250,133750,699-34-61,157.668874,0,299-W19-114,3578.482929,0,0,0,0,0,0,0,0,0,0,0,0,0,0,0,0,0,0,0
4337,Point,91,105,571350,133750,699-34-61,75.411364,0,299-W19-114,3672.214873,0,0,0,0,0,0,0,0,0,0,0,0,0,0,0,0,0,0,0
4338,Point,91,106,571450,133750,699-34-61,80.711051,0,299-W19-114,3766.269252,0,0,0,0,0,0,0,0,0,0,0,0,0,0,0,0,0,0,0
4339,Point,91,107,571550,133750,699-34-61,165.353179,0,299-W19-114,3860.622499,0,0,0,0,0,0,0,0,0,0,0,0,0,0,0,0,0,0,0
4340,Point,91,108,571650,133750,699-34-61,261.092079,1,299-W19-114,3955.253225,0,0,0,0,0,0,0,0,0,0,0,0,0,0,0,0,0,0,0
4341,Point,91,109,571750,133750,699-32-59,353.247942,1,299-W19-114,4050.141982,0,0,0,0,0,0,0,0,0,0,0,0,0,0,0,0,0,0,0
4342,Point,91,110,571850,133750,699-32-59,353.225295,1,299-W19-114,4145.27105,0,0,0,0,0,0,0,0,0,0,0,0,0,0,0,0,0,0,0
4343,Point,91,111,571950,133750,699-32-59,380.463019,1,299-W19-114,4240.624255,0,0,0,0,0,0,0,0,0,0,0,0,0,0,0,0,0,0,0
4344,Point,91,112,572050,133750,699-32-59,429.809387,2,299-W19-114,4336.186813,0,0,0,0,0,0,0,0,0,0,0,0,0,0,0,0,0,0,0
4345,Point,91,113,572150,133750,699-32-59,494.691933,2,299-W19-114,4431.94518,0,0,0,0,0,0,0,0,0,0,0,0,0,0,0,0,0,0,0
4346,Point,92,32,564050,133650,299-W17-1,1875.609994,4,299-W22-91,2902.488522,0,0,0,0,0,0,0,0,0,0,0,0,0,0,0,0,0,0,0
4347,Point,92,33,564150,133650,299-W17-1,1809.91073,4,299-W22-91,2803.941443,0,0,0,0,0,0,0,0,0,0,0,0,0,0,0,0,0,0,0
4348,Point,92,34,564250,133650,299-W17-1,1747.466981,4,299-W22-91,2705.500992,0,0,0,0,0,0,0,0,0,0,0,0,0,0,0,0,0,0,0
4349,Point,92,35,564350,133650,299-W17-1,1688.639941,4,299-W22-91,2607.179246,0,0,0,0,0,0,0,0,0,0,0,0,0,0,0,0,0,0,0
4350,Point,92,36,564450,133650,299-W17-1,1633.820324,4,299-W22-91,2508.990159,0,0,0,0,0,0,0,0,0,0,0,0,0,0,0,0,0,0,0
4351,Point,92,37,564550,133650,299-W17-1,1583.424406,4,299-W22-91,2410.949941,0,0,0,0,0,0,0,0,0,0,0,0,0,0,0,0,0,0,0
4352,Point,92,38,564650,133650,299-W17-1,1537.887138,4,299-W22-91,2313.077521,0,0,0,0,0,0,0,0,0,0,0,0,0,0,0,0,0,0,0
4353,Point,92,39,564750,133650,699-35-78A,1453.094833,4,299-W22-91,2215.395138,0,0,0,0,0,0,0,0,0,0,0,0,0,0,0,0,0,0,0
4354,Point,92,40,564850,133650,699-35-78A,1363.366199,4,299-W22-91,2117.929087,0,0,0,0,0,0,0,0,0,0,0,0,0,0,0,0,0,0,0
4355,Point,92,41,564950,133650,699-35-78A,1275.166731,4,299-W22-91,2020.710672,0,0,0,0,0,0,0,0,0,0,0,0,0,0,0,0,0,0,0
4356,Point,92,42,565050,133650,699-35-78A,1188.836823,4,299-W22-91,1923.777435,0,0,0,0,0,0,0,0,0,0,0,0,0,0,0,0,0,0,0
4357,Point,92,43,565150,133650,699-35-78A,1104.814823,4,299-W22-91,1827.174764,0,0,0,0,0,0,0,0,0,0,0,0,0,0,0,0,0,0,0
4358,Point,92,44,565250,133650,699-35-78A,1023.669181,4,299-W22-91,1730.958006,0,0,0,0,0,0,0,0,0,0,0,0,0,0,0,0,0,0,0
4359,Point,92,45,565350,133650,699-35-78A,946.14026,4,299-W22-91,1635.195285,0,0,0,0,0,0,0,0,0,0,0,0,0,0,0,0,0,0,0
4360,Point,92,46,565450,133650,699-35-78A,873.191956,4,299-W22-91,1539.971304,0,0,0,0,0,0,0,0,0,0,0,0,0,0,0,0,0,0,0
4361,Point,92,47,565550,133650,699-35-78A,806.068851,4,299-W22-91,1445.392548,0,0,0,0,0,0,0,0,0,0,0,0,0,0,0,0,0,0,0
4362,Point,92,48,565650,133650,699-35-78A,746.344285,3,299-W22-91,1351.594473,0,0,0,0,0,0,0,0,0,0,0,0,0,0,0,0,0,0,0
4363,Point,92,49,565750,133650,699-35-78A,695.925709,3,299-W22-91,1258.751611,0,0,0,0,0,0,0,0,0,0,0,0,0,0,0,0,0,0,0
4364,Point,92,50,565850,133650,299-W26-16,631.453798,3,299-W22-91,1167.091949,0,0,0,0,0,0,0,0,0,0,0,0,0,0,0,0,0,0,0
4365,Point,92,51,565950,133650,299-W26-16,560.242714,2,299-W22-91,1076.917647,0,0,0,0,0,0,0,0,0,0,0,0,0,0,0,0,0,0,0
4366,Point,92,52,566050,133650,299-W26-16,499.008916,2,299-W22-91,988.63523,0,0,0,0,0,0,0,0,0,0,0,0,0,0,0,0,0,0,0
4367,Point,92,53,566150,133650,299-W26-13,449.789519,2,299-W22-91,902.799877,0,0,0,0,0,0,0,0,0,0,0,0,0,0,0,0,0,0,0
4368,Point,92,54,566250,133650,699-33-76,374.505072,1,299-W22-91,820.180235,0,0,0,0,0,0,0,0,0,0,0,0,0,0,0,0,0,0,0
4369,Point,92,55,566350,133650,699-33-76,275.702827,1,299-W22-91,741.85148,0,0,0,0,0,0,0,0,0,0,0,0,0,0,0,0,0,0,0
4370,Point,92,56,566450,133650,699-33-76,178.241547,0,299-W22-91,669.32176,0,0,0,0,0,0,0,0,0,0,0,0,0,0,0,0,0,0,0
4371,Point,92,57,566550,133650,699-33-76,86.76433,0,299-W22-91,604.681419,0,0,0,0,0,0,0,0,0,0,0,0,0,0,0,0,0,0,0
4372,Point,92,58,566650,133650,699-33-76,57.32407,0,299-W22-91,550.715551,0,0,0,0,0,0,0,0,0,0,0,0,0,0,0,0,0,0,0
4373,Point,92,59,566750,133650,299-W26-14,129.634333,0,299-W22-91,510.818577,0,0,0,0,0,0,0,0,0,0,0,0,0,0,0,0,0,0,0
4374,Point,92,60,566850,133650,699-33-75,59.112425,0,299-W22-91,488.450221,0,0,0,0,0,0,0,0,0,0,0,0,0,0,0,0,0,0,0
4375,Point,92,61,566950,133650,699-33-75,44.025888,0,299-W22-92,437.812195,0,0,0,0,0,0,0,0,0,0,0,0,0,0,0,0,0,0,0
4376,Point,92,62,567050,133650,699-33-75,142.766518,0,299-W22-92,397.632391,0,0,0,0,0,0,0,0,0,0,0,0,0,0,0,0,0,0,0
4377,Point,92,63,567150,133650,699-33-75,242.541293,1,299-W22-92,380.188793,0,0,0,0,0,0,0,0,0,0,0,0,0,0,0,0,0,0,0
4378,Point,92,64,567250,133650,699-33-74,243.198865,1,299-W22-92,388.555683,0,0,0,0,0,0,0,0,0,0,0,0,0,0,0,0,0,0,0
4379,Point,92,65,567350,133650,699-33-74,156.893875,0,299-W22-92,421.197719,0,0,0,0,0,0,0,0,0,0,0,0,0,0,0,0,0,0,0
4380,Point,92,66,567450,133650,699-33-74,100.427527,0,299-W22-92,473.116813,0,0,0,0,0,0,0,0,0,0,0,0,0,0,0,0,0,0,0
4381,Point,92,67,567550,133650,699-33-74,124.722444,0,299-W22-92,538.76852,0,0,0,0,0,0,0,0,0,0,0,0,0,0,0,0,0,0,0
4382,Point,92,68,567650,133650,699-33-74,202.54799,1,299-W22-92,613.761777,0,0,0,0,0,0,0,0,0,0,0,0,0,0,0,0,0,0,0
4383,Point,92,69,567750,133650,699-34-72,174.377779,0,299-W22-92,695.079505,0,0,0,0,0,0,0,0,0,0,0,0,0,0,0,0,0,0,0
4384,Point,92,70,567850,133650,699-34-72,135.696757,0,299-W22-92,780.748051,0,0,0,0,0,0,0,0,0,0,0,0,0,0,0,0,0,0,0
4385,Point,92,71,567950,133650,699-34-72,162.541102,0,299-W22-92,869.482328,0,0,0,0,0,0,0,0,0,0,0,0,0,0,0,0,0,0,0
4386,Point,92,72,568050,133650,699-34-72,233.29297,1,299-W22-92,960.432985,0,0,0,0,0,0,0,0,0,0,0,0,0,0,0,0,0,0,0
4387,Point,92,73,568150,133650,699-34-72,320.049387,1,299-W22-92,1053.025887,0,0,0,0,0,0,0,0,0,0,0,0,0,0,0,0,0,0,0
4388,Point,92,74,568250,133650,699-34-72,412.840901,2,299-W22-92,1146.863339,0,0,0,0,0,0,0,0,0,0,0,0,0,0,0,0,0,0,0
4389,Point,92,75,568350,133650,299-W21-3,397.232218,1,299-W22-92,1241.663207,0,0,0,0,0,0,0,0,0,0,0,0,0,0,0,0,0,0,0
4390,Point,92,76,568450,133650,299-W21-3,351.626841,1,299-W22-92,1337.220819,0,0,0,0,0,0,0,0,0,0,0,0,0,0,0,0,0,0,0
4391,Point,92,77,568550,133650,299-W21-3,330.891878,1,299-W22-92,1433.384637,0,0,0,0,0,0,0,0,0,0,0,0,0,0,0,0,0,0,0
4392,Point,92,78,568650,133650,299-W21-3,339.613656,1,299-W22-92,1530.040365,0,0,0,0,0,0,0,0,0,0,0,0,0,0,0,0,0,0,0
4393,Point,92,79,568750,133650,299-W21-3,375.746504,1,299-W19-114,1605.500569,0,0,0,0,0,0,0,0,0,0,0,0,0,0,0,0,0,0,0
4394,Point,92,80,568850,133650,299-W21-3,432.473624,2,299-W19-114,1660.498141,0,0,0,0,0,0,0,0,0,0,0,0,0,0,0,0,0,0,0
4395,Point,92,81,568950,133650,299-W21-3,502.87318,2,299-W19-114,1719.556942,0,0,0,0,0,0,0,0,0,0,0,0,0,0,0,0,0,0,0
4396,Point,92,82,569050,133650,299-W21-3,582.004669,2,299-W19-114,1782.273289,0,0,0,0,0,0,0,0,0,0,0,0,0,0,0,0,0,0,0
4397,Point,92,83,569150,133650,299-W21-3,666.766402,3,299-W19-114,1848.274892,0,0,0,0,0,0,0,0,0,0,0,0,0,0,0,0,0,0,0
4398,Point,92,84,569250,133650,699-31-68,667.32328,3,299-W19-114,1917.22249,0,0,0,0,0,0,0,0,0,0,0,0,0,0,0,0,0,0,0
4399,Point,92,85,569350,133650,699-31-68,621.063894,3,299-W19-114,1988.809713,0,0,0,0,0,0,0,0,0,0,0,0,0,0,0,0,0,0,0
4400,Point,92,86,569450,133650,699-31-68,588.319947,2,299-W19-114,2062.761759,0,0,0,0,0,0,0,0,0,0,0,0,0,0,0,0,0,0,0
4401,Point,92,87,569550,133650,699-35-66A,544.608636,2,299-W19-114,2138.833345,0,0,0,0,0,0,0,0,0,0,0,0,0,0,0,0,0,0,0
4402,Point,92,88,569650,133650,699-35-66A,495.001381,2,299-W19-114,2216.806278,0,0,0,0,0,0,0,0,0,0,0,0,0,0,0,0,0,0,0
4403,Point,92,89,569750,133650,699-35-66A,462.011003,2,299-W19-114,2296.486899,0,0,0,0,0,0,0,0,0,0,0,0,0,0,0,0,0,0,0
4404,Point,92,90,569850,133650,699-35-66A,449.312772,2,299-W19-114,2377.70353,0,0,0,0,0,0,0,0,0,0,0,0,0,0,0,0,0,0,0
4405,Point,92,91,569950,133650,699-35-66A,458.595428,2,299-W19-114,2460.304062,0,0,0,0,0,0,0,0,0,0,0,0,0,0,0,0,0,0,0
4406,Point,92,92,570050,133650,699-35-66A,488.607784,2,299-W19-114,2544.153705,0,0,0,0,0,0,0,0,0,0,0,0,0,0,0,0,0,0,0
4407,Point,92,93,570150,133650,699-32-64,458.5797,2,299-W19-114,2629.132951,0,0,0,0,0,0,0,0,0,0,0,0,0,0,0,0,0,0,0
4408,Point,92,94,570250,133650,699-32-64,400.11666,2,299-W19-114,2715.135738,0,0,0,0,0,0,0,0,0,0,0,0,0,0,0,0,0,0,0
4409,Point,92,95,570350,133650,699-32-64,360.404414,1,299-W19-114,2802.067821,0,0,0,0,0,0,0,0,0,0,0,0,0,0,0,0,0,0,0
4410,Point,92,96,570450,133650,699-32-64,345.961474,1,299-W19-114,2889.845338,0,0,0,0,0,0,0,0,0,0,0,0,0,0,0,0,0,0,0
4411,Point,92,97,570550,133650,699-32-64,359.843496,1,299-W19-114,2978.39354,0,0,0,0,0,0,0,0,0,0,0,0,0,0,0,0,0,0,0
4412,Point,92,98,570650,133650,699-32-64,399.105677,1,299-W19-114,3067.645689,0,0,0,0,0,0,0,0,0,0,0,0,0,0,0,0,0,0,0
4413,Point,92,99,570750,133650,699-32-64,457.256319,2,299-W19-114,3157.542094,0,0,0,0,0,0,0,0,0,0,0,0,0,0,0,0,0,0,0
4414,Point,92,100,570850,133650,699-32-62,462.473541,2,299-W19-114,3248.02926,0,0,0,0,0,0,0,0,0,0,0,0,0,0,0,0,0,0,0
4415,Point,92,101,570950,133650,699-32-62,438.142643,2,299-W19-114,3339.05916,0,0,0,0,0,0,0,0,0,0,0,0,0,0,0,0,0,0,0
4416,Point,92,102,571050,133650,699-34-61,381.021094,1,299-W19-114,3430.58859,0,0,0,0,0,0,0,0,0,0,0,0,0,0,0,0,0,0,0
4417,Point,92,103,571150,133650,699-34-61,293.265194,1,299-W19-114,3522.578612,0,0,0,0,0,0,0,0,0,0,0,0,0,0,0,0,0,0,0
4418,Point,92,104,571250,133650,699-34-61,216.406732,1,299-W19-114,3614.994063,0,0,0,0,0,0,0,0,0,0,0,0,0,0,0,0,0,0,0
4419,Point,92,105,571350,133650,699-34-61,166.310775,0,299-W19-114,3707.803133,0,0,0,0,0,0,0,0,0,0,0,0,0,0,0,0,0,0,0
4420,Point,92,106,571450,133650,699-34-61,168.779957,0,299-W19-114,3800.97699,0,0,0,0,0,0,0,0,0,0,0,0,0,0,0,0,0,0,0
4421,Point,92,107,571550,133650,699-34-61,222.067723,1,299-W19-114,3894.48945,0,0,0,0,0,0,0,0,0,0,0,0,0,0,0,0,0,0,0
4422,Point,92,108,571650,133650,699-32-59,291.31445,1,299-W19-114,3988.316697,0,0,0,0,0,0,0,0,0,0,0,0,0,0,0,0,0,0,0
4423,Point,92,109,571750,133650,699-32-59,254.652918,1,299-W19-114,4082.437027,0,0,0,0,0,0,0,0,0,0,0,0,0,0,0,0,0,0,0
4424,Point,92,110,571850,133650,699-32-59,254.621501,1,299-W19-114,4176.830626,0,0,0,0,0,0,0,0,0,0,0,0,0,0,0,0,0,0,0
4425,Point,92,111,571950,133650,699-32-59,291.232053,1,299-W19-114,4271.479378,0,0,0,0,0,0,0,0,0,0,0,0,0,0,0,0,0,0,0
4426,Point,92,112,572050,133650,699-32-59,353.270589,1,299-W19-114,4366.366691,0,0,0,0,0,0,0,0,0,0,0,0,0,0,0,0,0,0,0
4427,Point,92,113,572150,133650,699-32-59,429.865222,2,299-W19-114,4461.477342,0,0,0,0,0,0,0,0,0,0,0,0,0,0,0,0,0,0,0
4428,Point,93,32,564050,133550,299-W17-1,1950.810306,4,299-W22-91,2920.84673,0,0,0,0,0,0,0,0,0,0,0,0,0,0,0,0,0,0,0
4429,Point,93,33,564150,133550,299-W17-1,1887.730079,4,299-W22-91,2822.940598,0,0,0,0,0,0,0,0,0,0,0,0,0,0,0,0,0,0,0
4430,Point,93,34,564250,133550,299-W17-1,1827.946621,4,299-W22-91,2725.186529,0,0,0,0,0,0,0,0,0,0,0,0,0,0,0,0,0,0,0
4431,Point,93,35,564350,133550,299-W17-1,1771.793682,4,299-W22-91,2627.601495,0,0,0,0,0,0,0,0,0,0,0,0,0,0,0,0,0,0,0
4432,Point,93,36,564450,133550,299-W17-1,1719.626951,4,299-W22-91,2530.205055,0,0,0,0,0,0,0,0,0,0,0,0,0,0,0,0,0,0,0
4433,Point,93,37,564550,133550,299-W17-1,1671.819622,4,299-W22-91,2433.019856,0,0,0,0,0,0,0,0,0,0,0,0,0,0,0,0,0,0,0
4434,Point,93,38,564650,133550,699-35-78A,1586.964332,4,299-W22-91,2336.072263,0,0,0,0,0,0,0,0,0,0,0,0,0,0,0,0,0,0,0
4435,Point,93,39,564750,133550,699-35-78A,1498.578858,4,299-W22-91,2239.393136,0,0,0,0,0,0,0,0,0,0,0,0,0,0,0,0,0,0,0
4436,Point,93,40,564850,133550,699-35-78A,1411.744096,4,299-W22-91,2143.01881,0,0,0,0,0,0,0,0,0,0,0,0,0,0,0,0,0,0,0
4437,Point,93,41,564950,133550,699-35-78A,1326.764558,4,299-W22-91,2046.992335,0,0,0,0,0,0,0,0,0,0,0,0,0,0,0,0,0,0,0
4438,Point,93,42,565050,133550,699-35-78A,1244.020495,4,299-W22-91,1951.365065,0,0,0,0,0,0,0,0,0,0,0,0,0,0,0,0,0,0,0
4439,Point,93,43,565150,133550,699-35-78A,1163.988742,4,299-W22-91,1856.198701,0,0,0,0,0,0,0,0,0,0,0,0,0,0,0,0,0,0,0
4440,Point,93,44,565250,133550,699-35-78A,1087.268409,4,299-W22-91,1761.567943,0,0,0,0,0,0,0,0,0,0,0,0,0,0,0,0,0,0,0
4441,Point,93,45,565350,133550,699-35-78A,1014.610956,4,299-W22-91,1667.563977,0,0,0,0,0,0,0,0,0,0,0,0,0,0,0,0,0,0,0
4442,Point,93,46,565450,133550,299-W26-16,929.952632,4,299-W22-91,1574.299088,0,0,0,0,0,0,0,0,0,0,0,0,0,0,0,0,0,0,0
4443,Point,93,47,565550,133550,299-W26-16,836.630085,4,299-W22-91,1481.912824,0,0,0,0,0,0,0,0,0,0,0,0,0,0,0,0,0,0,0
4444,Point,93,48,565650,133550,299-W26-16,745.042213,3,299-W22-91,1390.580317,0,0,0,0,0,0,0,0,0,0,0,0,0,0,0,0,0,0,0
4445,Point,93,49,565750,133550,299-W26-16,655.916076,3,299-W22-91,1300.523594,0,0,0,0,0,0,0,0,0,0,0,0,0,0,0,0,0,0,0
4446,Point,93,50,565850,133550,299-W26-16,570.406783,2,299-W22-91,1212.02707,0,0,0,0,0,0,0,0,0,0,0,0,0,0,0,0,0,0,0
4447,Point,93,51,565950,133550,299-W26-16,490.409929,2,299-W22-91,1125.458848,0,0,0,0,0,0,0,0,0,0,0,0,0,0,0,0,0,0,0
4448,Point,93,52,566050,133550,299-W26-16,419.09414,2,299-W22-91,1041.299966,0,0,0,0,0,0,0,0,0,0,0,0,0,0,0,0,0,0,0
4449,Point,93,53,566150,133550,299-W26-16,361.63227,1,299-W22-91,960.184159,0,0,0,0,0,0,0,0,0,0,0,0,0,0,0,0,0,0,0
4450,Point,93,54,566250,133550,299-W26-13,310.085168,1,299-W22-91,882.950519,0,0,0,0,0,0,0,0,0,0,0,0,0,0,0,0,0,0,0
4451,Point,93,55,566350,133550,299-W26-13,266.974552,1,299-W22-91,810.70933,0,0,0,0,0,0,0,0,0,0,0,0,0,0,0,0,0,0,0
4452,Point,93,56,566450,133550,699-33-76,178.482629,0,299-W22-91,744.914504,0,0,0,0,0,0,0,0,0,0,0,0,0,0,0,0,0,0,0
4453,Point,93,57,566550,133550,699-33-76,87.258518,0,299-W22-91,687.419536,0,0,0,0,0,0,0,0,0,0,0,0,0,0,0,0,0,0,0
4454,Point,93,58,566650,133550,299-W26-14,34.424703,0,299-W22-91,640.463597,0,0,0,0,0,0,0,0,0,0,0,0,0,0,0,0,0,0,0
4455,Point,93,59,566750,133550,299-W26-14,68.169349,0,299-W22-91,606.499479,0,0,0,0,0,0,0,0,0,0,0,0,0,0,0,0,0,0,0
4456,Point,93,60,566850,133550,699-33-75,126.452674,0,299-W22-92,575.501102,0,0,0,0,0,0,0,0,0,0,0,0,0,0,0,0,0,0,0
4457,Point,93,61,566950,133550,699-33-75,120.142743,0,299-W22-92,526.909403,0,0,0,0,0,0,0,0,0,0,0,0,0,0,0,0,0,0,0
4458,Point,93,62,567050,133550,699-33-75,181.323685,0,299-W22-92,494.029876,0,0,0,0,0,0,0,0,0,0,0,0,0,0,0,0,0,0,0
4459,Point,93,63,567150,133550,699-33-75,267.062313,1,299-W22-92,480.101571,0,0,0,0,0,0,0,0,0,0,0,0,0,0,0,0,0,0,0
4460,Point,93,64,567250,133550,699-33-74,222.660477,1,299-W22-92,486.754064,0,0,0,0,0,0,0,0,0,0,0,0,0,0,0,0,0,0,0
4461,Point,93,65,567350,133550,699-33-74,122.669019,0,299-W22-92,513.187606,0,0,0,0,0,0,0,0,0,0,0,0,0,0,0,0,0,0,0
4462,Point,93,66,567450,133550,699-33-74,22.75276,0,299-W22-92,556.59098,0,0,0,0,0,0,0,0,0,0,0,0,0,0,0,0,0,0,0
4463,Point,93,67,567550,133550,699-33-74,77.380153,0,299-W22-92,613.372251,0,0,0,0,0,0,0,0,0,0,0,0,0,0,0,0,0,0,0
4464,Point,93,68,567650,133550,699-33-74,177.363153,0,299-W22-92,680.189325,0,0,0,0,0,0,0,0,0,0,0,0,0,0,0,0,0,0,0
4465,Point,93,69,567750,133550,699-34-72,259.756828,1,299-W22-92,754.380221,0,0,0,0,0,0,0,0,0,0,0,0,0,0,0,0,0,0,0
4466,Point,93,70,567850,133550,699-32-72A,209.052873,1,299-W22-92,833.979327,0,0,0,0,0,0,0,0,0,0,0,0,0,0,0,0,0,0,0
4467,Point,93,71,567950,133550,699-32-72A,187.531073,0,299-W22-92,917.580252,0,0,0,0,0,0,0,0,0,0,0,0,0,0,0,0,0,0,0
4468,Point,93,72,568050,133550,699-32-72A,215.946066,1,299-W22-92,1004.184006,0,0,0,0,0,0,0,0,0,0,0,0,0,0,0,0,0,0,0
4469,Point,93,73,568150,133550,699-32-72A,279.459306,1,299-W22-92,1093.077087,0,0,0,0,0,0,0,0,0,0,0,0,0,0,0,0,0,0,0
4470,Point,93,74,568250,133550,699-32-72A,359.94764,1,299-W22-92,1183.743857,0,0,0,0,0,0,0,0,0,0,0,0,0,0,0,0,0,0,0
4471,Point,93,75,568350,133550,699-32-70B,327.501017,1,299-W22-92,1275.806223,0,0,0,0,0,0,0,0,0,0,0,0,0,0,0,0,0,0,0
4472,Point,93,76,568450,133550,699-32-70B,307.988825,1,299-W22-92,1368.982658,0,0,0,0,0,0,0,0,0,0,0,0,0,0,0,0,0,0,0
4473,Point,93,77,568550,133550,699-32-70B,320.089544,1,299-W22-92,1463.060326,0,0,0,0,0,0,0,0,0,0,0,0,0,0,0,0,0,0,0
4474,Point,93,78,568650,133550,699-32-70B,360.634879,1,299-W22-92,1557.875964,0,0,0,0,0,0,0,0,0,0,0,0,0,0,0,0,0,0,0
4475,Point,93,79,568750,133550,699-32-70B,421.494622,2,299-W22-92,1653.302609,0,0,0,0,0,0,0,0,0,0,0,0,0,0,0,0,0,0,0
4476,Point,93,80,568850,133550,699-32-70B,495.235213,2,299-W19-114,1743.529775,0,0,0,0,0,0,0,0,0,0,0,0,0,0,0,0,0,0,0
4477,Point,93,81,568950,133550,299-W21-3,573.523701,2,299-W19-114,1799.866127,0,0,0,0,0,0,0,0,0,0,0,0,0,0,0,0,0,0,0
4478,Point,93,82,569050,133550,299-W21-3,644.032169,3,299-W19-114,1859.87636,0,0,0,0,0,0,0,0,0,0,0,0,0,0,0,0,0,0,0
4479,Point,93,83,569150,133550,699-31-68,648.876229,3,299-W19-114,1923.216596,0,0,0,0,0,0,0,0,0,0,0,0,0,0,0,0,0,0,0
4480,Point,93,84,569250,133550,699-31-68,584.328983,2,299-W19-114,1989.568817,0,0,0,0,0,0,0,0,0,0,0,0,0,0,0,0,0,0,0
4481,Point,93,85,569350,133550,699-31-68,530.886391,2,299-W19-114,2058.641804,0,0,0,0,0,0,0,0,0,0,0,0,0,0,0,0,0,0,0
4482,Point,93,86,569450,133550,699-31-68,492.179195,2,299-W19-114,2130.170903,0,0,0,0,0,0,0,0,0,0,0,0,0,0,0,0,0,0,0
4483,Point,93,87,569550,133550,699-31-68,471.847814,2,299-W19-114,2203.916985,0,0,0,0,0,0,0,0,0,0,0,0,0,0,0,0,0,0,0
4484,Point,93,88,569650,133550,699-31-68,472.27149,2,299-W19-114,2279.664904,0,0,0,0,0,0,0,0,0,0,0,0,0,0,0,0,0,0,0
4485,Point,93,89,569750,133550,699-31-68,493.396757,2,299-W19-114,2357.221686,0,0,0,0,0,0,0,0,0,0,0,0,0,0,0,0,0,0,0
4486,Point,93,90,569850,133550,699-31-68,532.766703,2,299-W19-114,2436.414594,0,0,0,0,0,0,0,0,0,0,0,0,0,0,0,0,0,0,0
4487,Point,93,91,569950,133550,699-35-66A,556.918815,2,299-W19-114,2517.089207,0,0,0,0,0,0,0,0,0,0,0,0,0,0,0,0,0,0,0
4488,Point,93,92,570050,133550,699-32-64,470.431017,2,299-W19-114,2599.107554,0,0,0,0,0,0,0,0,0,0,0,0,0,0,0,0,0,0,0
4489,Point,93,93,570150,133550,699-32-64,388.720133,1,299-W19-114,2682.346375,0,0,0,0,0,0,0,0,0,0,0,0,0,0,0,0,0,0,0
4490,Point,93,94,570250,133550,699-32-64,317.649715,1,299-W19-114,2766.695516,0,0,0,0,0,0,0,0,0,0,0,0,0,0,0,0,0,0,0
4491,Point,93,95,570350,133550,699-32-64,265.893478,1,299-W19-114,2852.056464,0,0,0,0,0,0,0,0,0,0,0,0,0,0,0,0,0,0,0
4492,Point,93,96,570450,133550,699-32-64,245.962074,1,299-W19-114,2938.341042,0,0,0,0,0,0,0,0,0,0,0,0,0,0,0,0,0,0,0
4493,Point,93,97,570550,133550,699-32-64,265.132687,1,299-W19-114,3025.470224,0,0,0,0,0,0,0,0,0,0,0,0,0,0,0,0,0,0,0
4494,Point,93,98,570650,133550,699-32-64,316.375318,1,299-W19-114,3113.373103,0,0,0,0,0,0,0,0,0,0,0,0,0,0,0,0,0,0,0
4495,Point,93,99,570750,133550,699-32-64,387.158032,1,299-W19-114,3201.985958,0,0,0,0,0,0,0,0,0,0,0,0,0,0,0,0,0,0,0
4496,Point,93,100,570850,133550,699-32-62,370.225304,1,299-W19-114,3291.251445,0,0,0,0,0,0,0,0,0,0,0,0,0,0,0,0,0,0,0
4497,Point,93,101,570950,133550,699-32-62,339.343448,1,299-W19-114,3381.117874,0,0,0,0,0,0,0,0,0,0,0,0,0,0,0,0,0,0,0
4498,Point,93,102,571050,133550,699-32-62,336.513262,1,299-W19-114,3471.538575,0,0,0,0,0,0,0,0,0,0,0,0,0,0,0,0,0,0,0
4499,Point,93,103,571150,133550,699-34-61,357.738555,1,299-W19-114,3562.471344,0,0,0,0,0,0,0,0,0,0,0,0,0,0,0,0,0,0,0
4500,Point,93,104,571250,133550,699-34-61,298.000459,1,299-W19-114,3653.87795,0,0,0,0,0,0,0,0,0,0,0,0,0,0,0,0,0,0,0
4501,Point,93,105,571350,133550,699-34-61,263.878142,1,299-W19-114,3745.723705,0,0,0,0,0,0,0,0,0,0,0,0,0,0,0,0,0,0,0
4502,Point,93,106,571450,133550,699-34-61,265.441281,1,299-W19-114,3837.977081,0,0,0,0,0,0,0,0,0,0,0,0,0,0,0,0,0,0,0
4503,Point,93,107,571550,133550,699-32-59,291.451726,1,299-W19-114,3930.609377,0,0,0,0,0,0,0,0,0,0,0,0,0,0,0,0,0,0,0
4504,Point,93,108,571650,133550,699-32-59,211.962517,1,299-W19-114,4023.594422,0,0,0,0,0,0,0,0,0,0,0,0,0,0,0,0,0,0,0
4505,Point,93,109,571750,133550,699-32-59,157.835702,0,299-W19-114,4116.908315,0,0,0,0,0,0,0,0,0,0,0,0,0,0,0,0,0,0,0
4506,Point,93,110,571850,133550,699-32-59,157.785008,0,299-W19-114,4210.529192,0,0,0,0,0,0,0,0,0,0,0,0,0,0,0,0,0,0,0
4507,Point,93,111,571950,133550,699-32-59,211.84926,1,299-W19-114,4304.437022,0,0,0,0,0,0,0,0,0,0,0,0,0,0,0,0,0,0,0
4508,Point,93,112,572050,133550,699-32-59,291.31445,1,299-W19-114,4398.613427,0,0,0,0,0,0,0,0,0,0,0,0,0,0,0,0,0,0,0
4509,Point,93,113,572150,133550,699-32-59,380.58916,1,299-W19-114,4493.041517,0,0,0,0,0,0,0,0,0,0,0,0,0,0,0,0,0,0,0
4510,Point,94,32,564050,133450,299-W17-1,2028.15405,4,299-W22-91,2942.490717,0,0,0,0,0,0,0,0,0,0,0,0,0,0,0,0,0,0,0
4511,Point,94,33,564150,133450,299-W17-1,1967.555044,4,299-W22-91,2845.329439,0,0,0,0,0,0,0,0,0,0,0,0,0,0,0,0,0,0,0
4512,Point,94,34,564250,133450,299-W17-1,1910.271407,4,299-W22-91,2748.371812,0,0,0,0,0,0,0,0,0,0,0,0,0,0,0,0,0,0,0
4513,Point,94,35,564350,133450,299-W17-1,1856.610043,4,299-W22-91,2651.640175,0,0,0,0,0,0,0,0,0,0,0,0,0,0,0,0,0,0,0
4514,Point,94,36,564450,133450,299-W17-1,1806.893702,4,299-W22-91,2555.160194,0,0,0,0,0,0,0,0,0,0,0,0,0,0,0,0,0,0,0
4515,Point,94,37,564550,133450,699-35-78A,1722.041519,4,299-W22-91,2458.961492,0,0,0,0,0,0,0,0,0,0,0,0,0,0,0,0,0,0,0
4516,Point,94,38,564650,133450,699-35-78A,1634.842437,4,299-W22-91,2363.07842,0,0,0,0,0,0,0,0,0,0,0,0,0,0,0,0,0,0,0
4517,Point,94,39,564750,133450,699-35-78A,1549.190948,4,299-W22-91,2267.551018,0,0,0,0,0,0,0,0,0,0,0,0,0,0,0,0,0,0,0
4518,Point,94,40,564850,133450,699-35-78A,1465.358452,4,299-W22-91,2172.426206,0,0,0,0,0,0,0,0,0,0,0,0,0,0,0,0,0,0,0
4519,Point,94,41,564950,133450,699-35-78A,1383.675609,4,299-W22-91,2077.759278,0,0,0,0,0,0,0,0,0,0,0,0,0,0,0,0,0,0,0
4520,Point,94,42,565050,133450,299-W26-16,1292.629065,4,299-W22-91,1983.615794,0,0,0,0,0,0,0,0,0,0,0,0,0,0,0,0,0,0,0
4521,Point,94,43,565150,133450,299-W26-16,1194.1641,4,299-W22-91,1890.073972,0,0,0,0,0,0,0,0,0,0,0,0,0,0,0,0,0,0,0
4522,Point,94,44,565250,133450,299-W26-16,1095.977143,4,299-W22-91,1797.227759,0,0,0,0,0,0,0,0,0,0,0,0,0,0,0,0,0,0,0
4523,Point,94,45,565350,133450,299-W26-16,998.150238,4,299-W22-91,1705.190787,0,0,0,0,0,0,0,0,0,0,0,0,0,0,0,0,0,0,0
4524,Point,94,46,565450,133450,299-W26-16,900.800699,4,299-W22-91,1614.10149,0,0,0,0,0,0,0,0,0,0,0,0,0,0,0,0,0,0,0
4525,Point,94,47,565550,133450,299-W26-16,804.101921,4,299-W22-91,1524.129791,0,0,0,0,0,0,0,0,0,0,0,0,0,0,0,0,0,0,0
4526,Point,94,48,565650,133450,299-W26-16,708.320477,3,299-W22-91,1435.485848,0,0,0,0,0,0,0,0,0,0,0,0,0,0,0,0,0,0,0
4527,Point,94,49,565750,133450,299-W26-16,613.8859,3,299-W22-91,1348.43154,0,0,0,0,0,0,0,0,0,0,0,0,0,0,0,0,0,0,0
4528,Point,94,50,565850,133450,299-W26-16,521.530343,2,299-W22-91,1263.295539,0,0,0,0,0,0,0,0,0,0,0,0,0,0,0,0,0,0,0
4529,Point,94,51,565950,133450,299-W26-16,432.587446,2,299-W22-91,1180.492956,0,0,0,0,0,0,0,0,0,0,0,0,0,0,0,0,0,0,0
4530,Point,94,52,566050,133450,299-W26-16,349.671129,1,299-W22-91,1100.550598,0,0,0,0,0,0,0,0,0,0,0,0,0,0,0,0,0,0,0
4531,Point,94,53,566150,133450,299-W26-16,278.22275,1,299-W22-91,1024.138476,0,0,0,0,0,0,0,0,0,0,0,0,0,0,0,0,0,0,0
4532,Point,94,54,566250,133450,299-W26-16,229.228922,1,299-W22-91,952.106936,0,0,0,0,0,0,0,0,0,0,0,0,0,0,0,0,0,0,0
4533,Point,94,55,566350,133450,299-W26-13,173.190679,0,299-W22-91,885.525617,0,0,0,0,0,0,0,0,0,0,0,0,0,0,0,0,0,0,0
4534,Point,94,56,566450,133450,299-W26-15,138.886475,0,299-W22-91,825.714005,0,0,0,0,0,0,0,0,0,0,0,0,0,0,0,0,0,0,0
4535,Point,94,57,566550,133450,299-W26-15,64.214118,0,299-W22-91,774.24261,0,0,0,0,0,0,0,0,0,0,0,0,0,0,0,0,0,0,0
4536,Point,94,58,566650,133450,299-W26-15,94.643822,0,299-W22-91,732.870806,0,0,0,0,0,0,0,0,0,0,0,0,0,0,0,0,0,0,0
4537,Point,94,59,566750,133450,299-W26-14,111.754464,0,299-W22-91,703.382981,0,0,0,0,0,0,0,0,0,0,0,0,0,0,0,0,0,0,0
4538,Point,94,60,566850,133450,299-W26-14,189.607648,0,299-W22-92,661.177373,0,0,0,0,0,0,0,0,0,0,0,0,0,0,0,0,0,0,0
4539,Point,94,61,566950,133450,699-33-75,216.633974,1,299-W22-92,619.344426,0,0,0,0,0,0,0,0,0,0,0,0,0,0,0,0,0,0,0
4540,Point,94,62,567050,133450,699-33-75,255.683943,1,299-W22-92,591.624474,0,0,0,0,0,0,0,0,0,0,0,0,0,0,0,0,0,0,0
4541,Point,94,63,567150,133450,699-33-75,322.20844,1,299-W22-92,580.044411,0,0,0,0,0,0,0,0,0,0,0,0,0,0,0,0,0,0,0
4542,Point,94,64,567250,133450,699-33-74,244.968749,1,299-W22-92,585.562566,0,0,0,0,0,0,0,0,0,0,0,0,0,0,0,0,0,0,0
4543,Point,94,65,567350,133450,699-33-74,159.623583,0,299-W22-92,607.713352,0,0,0,0,0,0,0,0,0,0,0,0,0,0,0,0,0,0,0
4544,Point,94,66,567450,133450,699-33-74,104.640757,0,299-W22-92,644.784862,0,0,0,0,0,0,0,0,0,0,0,0,0,0,0,0,0,0,0
4545,Point,94,67,567550,133450,699-33-74,128.139331,0,299-W22-92,694.391474,0,0,0,0,0,0,0,0,0,0,0,0,0,0,0,0,0,0,0
4546,Point,94,68,567650,133450,699-33-74,204.669705,1,299-W22-92,754.063339,0,0,0,0,0,0,0,0,0,0,0,0,0,0,0,0,0,0,0
4547,Point,94,69,567750,133450,699-32-72A,211.567255,1,299-W22-92,821.61032,0,0,0,0,0,0,0,0,0,0,0,0,0,0,0,0,0,0,0
4548,Point,94,70,567850,133450,699-32-72A,127.379369,0,299-W22-92,895.251651,0,0,0,0,0,0,0,0,0,0,0,0,0,0,0,0,0,0,0
4549,Point,94,71,567950,133450,699-32-72A,87.694376,0,299-W22-92,973.605422,0,0,0,0,0,0,0,0,0,0,0,0,0,0,0,0,0,0,0
4550,Point,94,72,568050,133450,699-32-72A,138.401964,0,299-W22-92,1055.622811,0,0,0,0,0,0,0,0,0,0,0,0,0,0,0,0,0,0,0
4551,Point,94,73,568150,133450,699-32-72A,224.988674,1,299-W22-92,1140.513708,0,0,0,0,0,0,0,0,0,0,0,0,0,0,0,0,0,0,0
4552,Point,94,74,568250,133450,699-32-70B,296.82607,1,299-W22-92,1227.682173,0,0,0,0,0,0,0,0,0,0,0,0,0,0,0,0,0,0,0
4553,Point,94,75,568350,133450,699-32-70B,236.021008,1,299-W22-92,1316.675935,0,0,0,0,0,0,0,0,0,0,0,0,0,0,0,0,0,0,0
4554,Point,94,76,568450,133450,699-32-70B,208.101216,1,299-W22-92,1407.148719,0,0,0,0,0,0,0,0,0,0,0,0,0,0,0,0,0,0,0
4555,Point,94,77,568550,133450,699-32-70B,225.624281,1,299-W22-92,1498.832719,0,0,0,0,0,0,0,0,0,0,0,0,0,0,0,0,0,0,0
4556,Point,94,78,568650,133450,699-32-70B,280.190143,1,299-W22-92,1591.51862,0,0,0,0,0,0,0,0,0,0,0,0,0,0,0,0,0,0,0
4557,Point,94,79,568750,133450,699-32-70B,355.115074,1,299-W22-92,1685.041103,0,0,0,0,0,0,0,0,0,0,0,0,0,0,0,0,0,0,0
4558,Point,94,80,568850,133450,699-32-70B,440.121479,2,299-W22-92,1779.268254,0,0,0,0,0,0,0,0,0,0,0,0,0,0,0,0,0,0,0
4559,Point,94,81,568950,133450,699-32-70B,530.383933,2,299-W22-92,1874.093786,0,0,0,0,0,0,0,0,0,0,0,0,0,0,0,0,0,0,0
4560,Point,94,82,569050,133450,699-32-70B,623.624339,3,299-W19-114,1939.531406,0,0,0,0,0,0,0,0,0,0,0,0,0,0,0,0,0,0,0
4561,Point,94,83,569150,133450,699-31-68,580.655113,2,299-W19-114,2000.350988,0,0,0,0,0,0,0,0,0,0,0,0,0,0,0,0,0,0,0
4562,Point,94,84,569250,133450,699-31-68,507.504049,2,299-W19-114,2064.225297,0,0,0,0,0,0,0,0,0,0,0,0,0,0,0,0,0,0,0
4563,Point,94,85,569350,133450,699-31-68,444.927365,2,299-W19-114,2130.879648,0,0,0,0,0,0,0,0,0,0,0,0,0,0,0,0,0,0,0
4564,Point,94,86,569450,133450,699-31-68,397.945172,1,299-W19-114,2200.06138,0,0,0,0,0,0,0,0,0,0,0,0,0,0,0,0,0,0,0
4565,Point,94,87,569550,133450,699-31-68,372.505517,1,299-W19-114,2271.539583,0,0,0,0,0,0,0,0,0,0,0,0,0,0,0,0,0,0,0
4566,Point,94,88,569650,133450,699-31-68,373.042035,1,299-W19-114,2345.104278,0,0,0,0,0,0,0,0,0,0,0,0,0,0,0,0,0,0,0
4567,Point,94,89,569750,133450,699-31-68,399.450072,1,299-W19-114,2420.565239,0,0,0,0,0,0,0,0,0,0,0,0,0,0,0,0,0,0,0
4568,Point,94,90,569850,133450,699-31-68,447.169274,2,299-W19-114,2497.750603,0,0,0,0,0,0,0,0,0,0,0,0,0,0,0,0,0,0,0
4569,Point,94,91,569950,133450,699-31-68,510.255191,2,299-W19-114,2576.5054,0,0,0,0,0,0,0,0,0,0,0,0,0,0,0,0,0,0,0
4570,Point,94,92,570050,133450,699-32-64,426.747398,2,299-W19-114,2656.69006,0,0,0,0,0,0,0,0,0,0,0,0,0,0,0,0,0,0,0
4571,Point,94,93,570150,133450,699-32-64,334.531526,1,299-W19-114,2738.178971,0,0,0,0,0,0,0,0,0,0,0,0,0,0,0,0,0,0,0
4572,Point,94,94,570250,133450,699-32-64,248.41365,1,299-W19-114,2820.859103,0,0,0,0,0,0,0,0,0,0,0,0,0,0,0,0,0,0,0
4573,Point,94,95,570350,133450,699-32-64,177.503075,0,299-W19-114,2904.628733,0,0,0,0,0,0,0,0,0,0,0,0,0,0,0,0,0,0,0
4574,Point,94,96,570450,133450,699-32-64,145.963494,0,299-W19-114,2989.396273,0,0,0,0,0,0,0,0,0,0,0,0,0,0,0,0,0,0,0
4575,Point,94,97,570550,133450,699-32-64,176.361395,0,299-W19-114,3075.079198,0,0,0,0,0,0,0,0,0,0,0,0,0,0,0,0,0,0,0
4576,Point,94,98,570650,133450,699-32-64,246.781972,1,299-W19-114,3161.603086,0,0,0,0,0,0,0,0,0,0,0,0,0,0,0,0,0,0,0
4577,Point,94,99,570750,133450,699-32-64,332.715106,1,299-W19-114,3248.900749,0,0,0,0,0,0,0,0,0,0,0,0,0,0,0,0,0,0,0
4578,Point,94,100,570850,133450,699-32-62,283.287444,1,299-W19-114,3336.911458,0,0,0,0,0,0,0,0,0,0,0,0,0,0,0,0,0,0,0
4579,Point,94,101,570950,133450,699-32-62,241.534626,1,299-W19-114,3425.580254,0,0,0,0,0,0,0,0,0,0,0,0,0,0,0,0,0,0,0
4580,Point,94,102,571050,133450,699-32-62,237.541945,1,299-W19-114,3514.857334,0,0,0,0,0,0,0,0,0,0,0,0,0,0,0,0,0,0,0
4581,Point,94,103,571150,133450,699-32-62,272.971383,1,299-W19-114,3604.697501,0,0,0,0,0,0,0,0,0,0,0,0,0,0,0,0,0,0,0
4582,Point,94,104,571250,133450,699-32-62,335.560093,1,299-W19-114,3695.059685,0,0,0,0,0,0,0,0,0,0,0,0,0,0,0,0,0,0,0
4583,Point,94,105,571350,133450,699-34-61,362.772758,1,299-W19-114,3785.906507,0,0,0,0,0,0,0,0,0,0,0,0,0,0,0,0,0,0,0
4584,Point,94,106,571450,133450,699-32-59,353.587484,1,299-W19-114,3877.203899,0,0,0,0,0,0,0,0,0,0,0,0,0,0,0,0,0,0,0
4585,Point,94,107,571550,133450,699-32-59,254.966878,1,299-W19-114,3968.92077,0,0,0,0,0,0,0,0,0,0,0,0,0,0,0,0,0,0,0
4586,Point,94,108,571650,133450,699-32-59,158.088927,0,299-W19-114,4061.028697,0,0,0,0,0,0,0,0,0,0,0,0,0,0,0,0,0,0,0
4587,Point,94,109,571750,133450,699-32-59,70.54154,0,299-W19-114,4153.501664,0,0,0,0,0,0,0,0,0,0,0,0,0,0,0,0,0,0,0
4588,Point,94,110,571850,133450,699-32-59,70.42804,0,299-W19-114,4246.315824,0,0,0,0,0,0,0,0,0,0,0,0,0,0,0,0,0,0,0
4589,Point,94,111,571950,133450,699-32-59,157.937041,0,299-W19-114,4339.449283,0,0,0,0,0,0,0,0,0,0,0,0,0,0,0,0,0,0,0
4590,Point,94,112,572050,133450,699-32-59,254.809946,1,299-W19-114,4432.881915,0,0,0,0,0,0,0,0,0,0,0,0,0,0,0,0,0,0,0
4591,Point,94,113,572150,133450,699-32-59,353.429072,1,299-W19-114,4526.595197,0,0,0,0,0,0,0,0,0,0,0,0,0,0,0,0,0,0,0
4592,Point,95,32,564050,133350,299-W17-1,2107.405241,4,299-W22-91,2967.348584,0,0,0,0,0,0,0,0,0,0,0,0,0,0,0,0,0,0,0
4593,Point,95,33,564150,133350,299-W17-1,2049.151251,4,299-W22-91,2871.028669,0,0,0,0,0,0,0,0,0,0,0,0,0,0,0,0,0,0,0
4594,Point,95,34,564250,133350,299-W17-1,1994.21284,4,299-W22-91,2774.96912,0,0,0,0,0,0,0,0,0,0,0,0,0,0,0,0,0,0,0
4595,Point,95,35,564350,133350,299-W17-1,1942.87129,4,299-W22-91,2679.197943,0,0,0,0,0,0,0,0,0,0,0,0,0,0,0,0,0,0,0
4596,Point,95,36,564450,133350,699-35-78A,1858.063022,4,299-W22-91,2583.747205,0,0,0,0,0,0,0,0,0,0,0,0,0,0,0,0,0,0,0
4597,Point,95,37,564550,133350,699-35-78A,1771.914499,4,299-W22-91,2488.653776,0,0,0,0,0,0,0,0,0,0,0,0,0,0,0,0,0,0,0
4598,Point,95,38,564650,133350,299-W26-16,1678.382525,4,299-W22-91,2393.960237,0,0,0,0,0,0,0,0,0,0,0,0,0,0,0,0,0,0,0
4599,Point,95,39,564750,133350,299-W26-16,1578.640522,4,299-W22-91,2299.715986,0,0,0,0,0,0,0,0,0,0,0,0,0,0,0,0,0,0,0
4600,Point,95,40,564850,133350,299-W26-16,1478.933365,4,299-W22-91,2205.978608,0,0,0,0,0,0,0,0,0,0,0,0,0,0,0,0,0,0,0
4601,Point,95,41,564950,133350,299-W26-16,1379.26861,4,299-W22-91,2112.815567,0,0,0,0,0,0,0,0,0,0,0,0,0,0,0,0,0,0,0
4602,Point,95,42,565050,133350,299-W26-16,1279.656164,4,299-W22-91,2020.306318,0,0,0,0,0,0,0,0,0,0,0,0,0,0,0,0,0,0,0
4603,Point,95,43,565150,133350,299-W26-16,1180.109274,4,299-W22-91,1928.544949,0,0,0,0,0,0,0,0,0,0,0,0,0,0,0,0,0,0,0
4604,Point,95,44,565250,133350,299-W26-16,1080.646056,4,299-W22-91,1837.643496,0,0,0,0,0,0,0,0,0,0,0,0,0,0,0,0,0,0,0
4605,Point,95,45,565350,133350,299-W26-16,981.291954,4,299-W22-91,1747.736141,0,0,0,0,0,0,0,0,0,0,0,0,0,0,0,0,0,0,0
4606,Point,95,46,565450,133350,299-W26-16,882.083839,4,299-W22-91,1658.984514,0,0,0,0,0,0,0,0,0,0,0,0,0,0,0,0,0,0,0
4607,Point,95,47,565550,133350,299-W26-16,783.077198,3,299-W22-91,1571.584429,0,0,0,0,0,0,0,0,0,0,0,0,0,0,0,0,0,0,0
4608,Point,95,48,565650,133350,299-W26-16,684.359481,3,299-W22-91,1485.774417,0,0,0,0,0,0,0,0,0,0,0,0,0,0,0,0,0,0,0
4609,Point,95,49,565750,133350,299-W26-16,586.0767,2,299-W22-91,1401.846503,0,0,0,0,0,0,0,0,0,0,0,0,0,0,0,0,0,0,0
4610,Point,95,50,565850,133350,299-W26-16,488.491452,2,299-W22-91,1320.159694,0,0,0,0,0,0,0,0,0,0,0,0,0,0,0,0,0,0,0
4611,Point,95,51,565950,133350,299-W26-16,392.124851,1,299-W22-91,1241.156565,0,0,0,0,0,0,0,0,0,0,0,0,0,0,0,0,0,0,0
4612,Point,95,52,566050,133350,299-W26-16,298.16086,1,299-W22-91,1165.383035,0,0,0,0,0,0,0,0,0,0,0,0,0,0,0,0,0,0,0
4613,Point,95,53,566150,133350,299-W26-16,209.852087,1,299-W22-91,1093.510685,0,0,0,0,0,0,0,0,0,0,0,0,0,0,0,0,0,0,0
4614,Point,95,54,566250,133350,299-W26-16,138.477069,0,299-W22-91,1026.3594,0,0,0,0,0,0,0,0,0,0,0,0,0,0,0,0,0,0,0
4615,Point,95,55,566350,133350,299-W26-13,93.352083,0,299-W22-91,964.915343,0,0,0,0,0,0,0,0,0,0,0,0,0,0,0,0,0,0,0
4616,Point,95,56,566450,133350,299-W26-13,61.945229,0,299-W22-91,910.334894,0,0,0,0,0,0,0,0,0,0,0,0,0,0,0,0,0,0,0
4617,Point,95,57,566550,133350,299-W26-15,48.635923,0,299-W22-91,863.919914,0,0,0,0,0,0,0,0,0,0,0,0,0,0,0,0,0,0,0
4618,Point,95,58,566650,133350,299-W26-15,84.84959,0,299-W22-91,827.046322,0,0,0,0,0,0,0,0,0,0,0,0,0,0,0,0,0,0,0
4619,Point,95,59,566750,133350,299-W26-15,178.978918,0,299-W22-92,797.920747,0,0,0,0,0,0,0,0,0,0,0,0,0,0,0,0,0,0,0
4620,Point,95,60,566850,133350,299-W26-14,252.572881,1,299-W22-92,750.406236,0,0,0,0,0,0,0,0,0,0,0,0,0,0,0,0,0,0,0
4621,Point,95,61,566950,133350,699-33-75,315.319328,1,299-W22-92,713.821769,0,0,0,0,0,0,0,0,0,0,0,0,0,0,0,0,0,0,0
4622,Point,95,62,567050,133350,699-33-75,343.322412,1,299-W22-92,689.908341,0,0,0,0,0,0,0,0,0,0,0,0,0,0,0,0,0,0,0
4623,Point,95,63,567150,133350,699-33-74,380.751478,1,299-W22-92,680.004058,0,0,0,0,0,0,0,0,0,0,0,0,0,0,0,0,0,0,0
4624,Point,95,64,567250,133350,699-33-74,300.735246,1,299-W22-92,684.717108,0,0,0,0,0,0,0,0,0,0,0,0,0,0,0,0,0,0,0
4625,Point,95,65,567350,133350,699-33-74,236.456525,1,299-W22-92,703.753876,0,0,0,0,0,0,0,0,0,0,0,0,0,0,0,0,0,0,0
4626,Point,95,66,567450,133350,699-33-74,203.424895,1,299-W22-92,736.003749,0,0,0,0,0,0,0,0,0,0,0,0,0,0,0,0,0,0,0
4627,Point,95,67,567550,133350,699-33-74,216.452508,1,299-W22-92,779.82916,0,0,0,0,0,0,0,0,0,0,0,0,0,0,0,0,0,0,0
4628,Point,95,68,567650,133350,699-33-74,268.92692,1,299-W22-92,833.405975,0,0,0,0,0,0,0,0,0,0,0,0,0,0,0,0,0,0,0
4629,Point,95,69,567750,133350,699-32-72A,193.088331,0,299-W22-92,894.984647,0,0,0,0,0,0,0,0,0,0,0,0,0,0,0,0,0,0,0
4630,Point,95,70,567850,133350,699-32-72A,93.530228,0,299-W22-92,963.031421,0,0,0,0,0,0,0,0,0,0,0,0,0,0,0,0,0,0,0
4631,Point,95,71,567950,133350,699-32-72A,14.584359,0,299-W22-92,1036.272898,0,0,0,0,0,0,0,0,0,0,0,0,0,0,0,0,0,0,0
4632,Point,95,72,568050,133350,699-32-72A,108.062498,0,299-W22-92,1113.684658,0,0,0,0,0,0,0,0,0,0,0,0,0,0,0,0,0,0,0
4633,Point,95,73,568150,133350,699-32-72A,207.707254,1,299-W22-92,1194.45616,0,0,0,0,0,0,0,0,0,0,0,0,0,0,0,0,0,0,0
4634,Point,95,74,568250,133350,699-32-70B,237.812355,1,299-W22-92,1277.950515,0,0,0,0,0,0,0,0,0,0,0,0,0,0,0,0,0,0,0
4635,Point,95,75,568350,133350,699-32-70B,155.418519,0,299-W22-92,1363.667672,0,0,0,0,0,0,0,0,0,0,0,0,0,0,0,0,0,0,0
4636,Point,95,76,568450,133350,699-32-70B,108.421013,0,299-W22-92,1451.213809,0,0,0,0,0,0,0,0,0,0,0,0,0,0,0,0,0,0,0
4637,Point,95,77,568550,133350,699-32-70B,139.123384,0,299-W22-92,1540.277091,0,0,0,0,0,0,0,0,0,0,0,0,0,0,0,0,0,0,0
4638,Point,95,78,568650,133350,699-32-70B,216.692215,1,299-W22-92,1630.608941,0,0,0,0,0,0,0,0,0,0,0,0,0,0,0,0,0,0,0
4639,Point,95,79,568750,133350,699-32-70B,307.499132,1,299-W22-92,1722.009732,0,0,0,0,0,0,0,0,0,0,0,0,0,0,0,0,0,0,0
4640,Point,95,80,568850,133350,699-32-70B,402.685878,2,299-W22-92,1814.317921,0,0,0,0,0,0,0,0,0,0,0,0,0,0,0,0,0,0,0
4641,Point,95,81,568950,133350,699-32-70B,499.756057,2,299-W22-92,1907.401772,0,0,0,0,0,0,0,0,0,0,0,0,0,0,0,0,0,0,0
4642,Point,95,82,569050,133350,699-32-70B,597.792871,2,299-W22-92,2001.153047,0,0,0,0,0,0,0,0,0,0,0,0,0,0,0,0,0,0,0
4643,Point,95,83,569150,133350,699-31-68,522.76224,2,299-W19-114,2079.434076,0,0,0,0,0,0,0,0,0,0,0,0,0,0,0,0,0,0,0
4644,Point,95,84,569250,133350,699-31-68,440.091309,2,299-W19-114,2140.950274,0,0,0,0,0,0,0,0,0,0,0,0,0,0,0,0,0,0,0
4645,Point,95,85,569350,133350,699-31-68,366.169851,1,299-W19-114,2205.286847,0,0,0,0,0,0,0,0,0,0,0,0,0,0,0,0,0,0,0
4646,Point,95,86,569450,133350,699-31-68,307.376577,1,299-W19-114,2272.204233,0,0,0,0,0,0,0,0,0,0,0,0,0,0,0,0,0,0,0
4647,Point,95,87,569550,133350,699-31-68,273.64276,1,299-W19-114,2341.481171,0,0,0,0,0,0,0,0,0,0,0,0,0,0,0,0,0,0,0
4648,Point,95,88,569650,133350,699-31-68,274.372666,1,299-W19-114,2412.914436,0,0,0,0,0,0,0,0,0,0,0,0,0,0,0,0,0,0,0
4649,Point,95,89,569750,133350,699-31-68,309.322421,1,299-W19-114,2486.318177,0,0,0,0,0,0,0,0,0,0,0,0,0,0,0,0,0,0,0
4650,Point,95,90,569850,133350,699-31-68,368.890716,1,299-W19-114,2561.522999,0,0,0,0,0,0,0,0,0,0,0,0,0,0,0,0,0,0,0
4651,Point,95,91,569950,133350,699-31-68,443.261052,2,299-W19-114,2638.374893,0,0,0,0,0,0,0,0,0,0,0,0,0,0,0,0,0,0,0
4652,Point,95,92,570050,133350,699-32-64,403.635159,2,299-W19-114,2716.734083,0,0,0,0,0,0,0,0,0,0,0,0,0,0,0,0,0,0,0
4653,Point,95,93,570150,133350,699-32-64,304.498509,1,299-W19-114,2796.473865,0,0,0,0,0,0,0,0,0,0,0,0,0,0,0,0,0,0,0
4654,Point,95,94,570250,133350,699-32-64,206.197337,1,299-W19-114,2877.479466,0,0,0,0,0,0,0,0,0,0,0,0,0,0,0,0,0,0,0
4655,Point,95,95,570350,133350,699-32-64,110.974509,0,299-W19-114,2959.646951,0,0,0,0,0,0,0,0,0,0,0,0,0,0,0,0,0,0,0
4656,Point,95,96,570450,133350,699-32-64,45.971096,0,299-W19-114,3042.882199,0,0,0,0,0,0,0,0,0,0,0,0,0,0,0,0,0,0,0
4657,Point,95,97,570550,133350,699-32-64,109.139093,0,299-W19-114,3127.099947,0,0,0,0,0,0,0,0,0,0,0,0,0,0,0,0,0,0,0
4658,Point,95,98,570650,133350,699-32-64,204.228651,1,299-W19-114,3212.222918,0,0,0,0,0,0,0,0,0,0,0,0,0,0,0,0,0,0,0
4659,Point,95,99,570750,133350,699-32-62,292.146497,1,299-W19-114,3298.181025,0,0,0,0,0,0,0,0,0,0,0,0,0,0,0,0,0,0,0
4660,Point,95,100,570850,133350,699-32-62,208.414912,1,299-W19-114,3384.910645,0,0,0,0,0,0,0,0,0,0,0,0,0,0,0,0,0,0,0
4661,Point,95,101,570950,133350,699-32-62,146.710517,0,299-W19-114,3472.353968,0,0,0,0,0,0,0,0,0,0,0,0,0,0,0,0,0,0,0
4662,Point,95,102,571050,133350,699-32-62,140.039908,0,299-W19-114,3560.458408,0,0,0,0,0,0,0,0,0,0,0,0,0,0,0,0,0,0,0
4663,Point,95,103,571150,133350,699-32-62,194.160696,0,299-W19-114,3649.176082,0,0,0,0,0,0,0,0,0,0,0,0,0,0,0,0,0,0,0
4664,Point,95,104,571250,133350,699-32-62,275.291801,1,299-W19-114,3738.463331,0,0,0,0,0,0,0,0,0,0,0,0,0,0,0,0,0,0,0
4665,Point,95,105,571350,133350,699-32-62,365.886288,1,299-W19-114,3828.280303,0,0,0,0,0,0,0,0,0,0,0,0,0,0,0,0,0,0,0
4666,Point,95,106,571450,133350,699-32-59,353.677973,1,299-W19-114,3918.590573,0,0,0,0,0,0,0,0,0,0,0,0,0,0,0,0,0,0,0
4667,Point,95,107,571550,133350,699-32-59,255.092353,1,299-W19-114,4009.360806,0,0,0,0,0,0,0,0,0,0,0,0,0,0,0,0,0,0,0
4668,Point,95,108,571650,133350,699-32-59,158.291215,0,299-W19-114,4100.560459,0,0,0,0,0,0,0,0,0,0,0,0,0,0,0,0,0,0,0
4669,Point,95,109,571750,133350,699-32-59,70.993724,0,299-W19-114,4192.161504,0,0,0,0,0,0,0,0,0,0,0,0,0,0,0,0,0,0,0
4670,Point,95,110,571850,133350,699-32-59,70.880948,0,299-W19-114,4284.138195,0,0,0,0,0,0,0,0,0,0,0,0,0,0,0,0,0,0,0
4671,Point,95,111,571950,133350,699-32-59,158.139523,0,299-W19-114,4376.466849,0,0,0,0,0,0,0,0,0,0,0,0,0,0,0,0,0,0,0
4672,Point,95,112,572050,133350,699-32-59,254.935499,1,299-W19-114,4469.12565,0,0,0,0,0,0,0,0,0,0,0,0,0,0,0,0,0,0,0
4673,Point,95,113,572150,133350,699-32-59,353.519602,1,299-W19-114,4562.094483,0,0,0,0,0,0,0,0,0,0,0,0,0,0,0,0,0,0,0
4674,Point,96,32,564050,133250,299-W17-1,2188.356655,4,299-W22-91,2995.340318,0,0,0,0,0,0,0,0,0,0,0,0,0,0,0,0,0,0,0
4675,Point,96,33,564150,133250,299-W17-1,2132.315373,4,299-W22-91,2899.950279,0,0,0,0,0,0,0,0,0,0,0,0,0,0,0,0,0,0,0
4676,Point,96,34,564250,133250,299-W26-16,2074.378437,4,299-W22-91,2804.881391,0,0,0,0,0,0,0,0,0,0,0,0,0,0,0,0,0,0,0
4677,Point,96,35,564350,133250,299-W26-16,1974.381903,4,299-W22-91,2710.167452,0,0,0,0,0,0,0,0,0,0,0,0,0,0,0,0,0,0,0
4678,Point,96,36,564450,133250,299-W26-16,1874.385739,4,299-W22-91,2615.847017,0,0,0,0,0,0,0,0,0,0,0,0,0,0,0,0,0,0,0
4679,Point,96,37,564550,133250,299-W26-16,1774.390007,4,299-W22-91,2521.964238,0,0,0,0,0,0,0,0,0,0,0,0,0,0,0,0,0,0,0
4680,Point,96,38,564650,133250,299-W26-16,1674.394786,4,299-W22-91,2428.569871,0,0,0,0,0,0,0,0,0,0,0,0,0,0,0,0,0,0,0
4681,Point,96,39,564750,133250,299-W26-16,1574.400171,4,299-W22-91,2335.722505,0,0,0,0,0,0,0,0,0,0,0,0,0,0,0,0,0,0,0
4682,Point,96,40,564850,133250,299-W26-16,1474.406287,4,299-W22-91,2243.490053,0,0,0,0,0,0,0,0,0,0,0,0,0,0,0,0,0,0,0
4683,Point,96,41,564950,133250,299-W26-16,1374.413292,4,299-W22-91,2151.951584,0,0,0,0,0,0,0,0,0,0,0,0,0,0,0,0,0,0,0
4684,Point,96,42,565050,133250,299-W26-16,1274.421398,4,299-W22-91,2061.199558,0,0,0,0,0,0,0,0,0,0,0,0,0,0,0,0,0,0,0
4685,Point,96,43,565150,133250,299-W26-16,1174.430883,4,299-W22-91,1971.342593,0,0,0,0,0,0,0,0,0,0,0,0,0,0,0,0,0,0,0
4686,Point,96,44,565250,133250,299-W26-16,1074.442134,4,299-W22-91,1882.508863,0,0,0,0,0,0,0,0,0,0,0,0,0,0,0,0,0,0,0
4687,Point,96,45,565350,133250,299-W26-16,974.455694,4,299-W22-91,1794.850305,0,0,0,0,0,0,0,0,0,0,0,0,0,0,0,0,0,0,0
4688,Point,96,46,565450,133250,299-W26-16,874.472354,4,299-W22-91,1708.54781,0,0,0,0,0,0,0,0,0,0,0,0,0,0,0,0,0,0,0
4689,Point,96,47,565550,133250,299-W26-16,774.493317,3,299-W22-91,1623.817606,0,0,0,0,0,0,0,0,0,0,0,0,0,0,0,0,0,0,0
4690,Point,96,48,565650,133250,299-W26-16,674.520495,3,299-W22-91,1540.919082,0,0,0,0,0,0,0,0,0,0,0,0,0,0,0,0,0,0,0
4691,Point,96,49,565750,133250,299-W26-16,574.557133,2,299-W22-91,1460.164244,0,0,0,0,0,0,0,0,0,0,0,0,0,0,0,0,0,0,0
4692,Point,96,50,565850,133250,299-W26-16,474.609206,2,299-W22-91,1381.928948,0,0,0,0,0,0,0,0,0,0,0,0,0,0,0,0,0,0,0
4693,Point,96,51,565950,133250,299-W26-16,374.689069,1,299-W22-91,1306.66584,0,0,0,0,0,0,0,0,0,0,0,0,0,0,0,0,0,0,0
4694,Point,96,52,566050,133250,299-W26-16,274.827034,1,299-W22-91,1234.918466,0,0,0,0,0,0,0,0,0,0,0,0,0,0,0,0,0,0,0
4695,Point,96,53,566150,133250,299-W26-16,175.122525,0,299-W22-91,1167.335264,0,0,0,0,0,0,0,0,0,0,0,0,0,0,0,0,0,0,0
4696,Point,96,54,566250,133250,299-W26-16,76.196447,0,299-W22-91,1104.680777,0,0,0,0,0,0,0,0,0,0,0,0,0,0,0,0,0,0,0
4697,Point,96,55,566350,133250,299-W26-16,30.722933,0,299-W22-91,1047.8395,0,0,0,0,0,0,0,0,0,0,0,0,0,0,0,0,0,0,0
4698,Point,96,56,566450,133250,299-W26-13,50.564922,0,299-W22-91,997.805401,0,0,0,0,0,0,0,0,0,0,0,0,0,0,0,0,0,0,0
4699,Point,96,57,566550,133250,299-W26-13,132.963948,0,299-W22-91,955.648271,0,0,0,0,0,0,0,0,0,0,0,0,0,0,0,0,0,0,0
4700,Point,96,58,566650,133250,699-32-76,117.288007,0,299-W22-91,922.448708,0,0,0,0,0,0,0,0,0,0,0,0,0,0,0,0,0,0,0
4701,Point,96,59,566750,133250,699-32-76,130.263105,0,299-W22-92,884.664636,0,0,0,0,0,0,0,0,0,0,0,0,0,0,0,0,0,0,0
4702,Point,96,60,566850,133250,699-32-76,200.450683,1,299-W22-92,842.059094,0,0,0,0,0,0,0,0,0,0,0,0,0,0,0,0,0,0,0
4703,Point,96,61,566950,133250,699-32-76,288.777555,1,299-W22-92,809.626777,0,0,0,0,0,0,0,0,0,0,0,0,0,0,0,0,0,0,0
4704,Point,96,62,567050,133250,699-32-76,382.88964,1,299-W22-92,788.623813,0,0,0,0,0,0,0,0,0,0,0,0,0,0,0,0,0,0,0
4705,Point,96,63,567150,133250,699-33-74,442.044894,2,299-W22-92,779.97405,0,0,0,0,0,0,0,0,0,0,0,0,0,0,0,0,0,0,0
4706,Point,96,64,567250,133250,699-33-74,375.331438,1,299-W22-92,784.086423,0,0,0,0,0,0,0,0,0,0,0,0,0,0,0,0,0,0,0
4707,Point,96,65,567350,133250,699-33-74,326.1038,1,299-W22-92,800.764334,0,0,0,0,0,0,0,0,0,0,0,0,0,0,0,0,0,0,0
4708,Point,96,66,567450,133250,699-33-74,303.007736,1,299-W22-92,829.249973,0,0,0,0,0,0,0,0,0,0,0,0,0,0,0,0,0,0,0
4709,Point,96,67,567550,133250,699-33-74,311.903331,1,299-W22-92,868.382127,0,0,0,0,0,0,0,0,0,0,0,0,0,0,0,0,0,0,0
4710,Point,96,68,567650,133250,699-32-72A,313.593213,1,299-W22-92,916.798516,0,0,0,0,0,0,0,0,0,0,0,0,0,0,0,0,0,0,0
4711,Point,96,69,567750,133250,699-32-72A,223.171467,1,299-W22-92,973.11434,0,0,0,0,0,0,0,0,0,0,0,0,0,0,0,0,0,0,0
4712,Point,96,70,567850,133250,699-32-72A,145.843421,0,299-W22-92,1036.042238,0,0,0,0,0,0,0,0,0,0,0,0,0,0,0,0,0,0,0
4713,Point,96,71,567950,133250,699-32-72A,112.849916,0,299-W22-92,1104.452588,0,0,0,0,0,0,0,0,0,0,0,0,0,0,0,0,0,0,0
4714,Point,96,72,568050,133250,699-32-72A,155.563182,0,299-W22-92,1177.39013,0,0,0,0,0,0,0,0,0,0,0,0,0,0,0,0,0,0,0
4715,Point,96,73,568150,133250,699-32-72A,235.933685,1,299-W22-92,1254.065197,0,0,0,0,0,0,0,0,0,0,0,0,0,0,0,0,0,0,0
4716,Point,96,74,568250,133250,699-32-70B,212.140793,1,299-W22-92,1333.833392,0,0,0,0,0,0,0,0,0,0,0,0,0,0,0,0,0,0,0
4717,Point,96,75,568350,133250,699-32-70B,112.267164,0,299-W22-92,1416.172136,0,0,0,0,0,0,0,0,0,0,0,0,0,0,0,0,0,0,0
4718,Point,96,76,568450,133250,699-32-70B,14.286918,0,299-W22-92,1500.658362,0,0,0,0,0,0,0,0,0,0,0,0,0,0,0,0,0,0,0
4719,Point,96,77,568550,133250,699-32-70B,88.34204,0,299-W22-92,1586.949123,0,0,0,0,0,0,0,0,0,0,0,0,0,0,0,0,0,0,0
4720,Point,96,78,568650,133250,699-32-70B,188.160878,0,299-W22-92,1674.765511,0,0,0,0,0,0,0,0,0,0,0,0,0,0,0,0,0,0,0
4721,Point,96,79,568750,133250,699-32-70B,288.10539,1,299-W22-92,1763.879678,0,0,0,0,0,0,0,0,0,0,0,0,0,0,0,0,0,0,0
4722,Point,96,80,568850,133250,699-32-70B,388.078492,1,299-W22-92,1854.104506,0,0,0,0,0,0,0,0,0,0,0,0,0,0,0,0,0,0,0
4723,Point,96,81,568950,133250,699-32-70B,488.062615,2,299-W22-92,1945.285459,0,0,0,0,0,0,0,0,0,0,0,0,0,0,0,0,0,0,0
4724,Point,96,82,569050,133250,699-31-68,573.58553,2,299-W22-92,2037.294166,0,0,0,0,0,0,0,0,0,0,0,0,0,0,0,0,0,0,0
4725,Point,96,83,569150,133250,699-31-68,478.957576,2,299-W22-92,2130.023361,0,0,0,0,0,0,0,0,0,0,0,0,0,0,0,0,0,0,0
4726,Point,96,84,569250,133250,699-31-68,387.040515,1,299-W19-114,2219.529247,0,0,0,0,0,0,0,0,0,0,0,0,0,0,0,0,0,0,0
4727,Point,96,85,569350,133250,699-31-68,300.333748,1,299-W19-114,2281.651173,0,0,0,0,0,0,0,0,0,0,0,0,0,0,0,0,0,0,0
4728,Point,96,86,569450,133250,699-31-68,224.945238,1,299-W19-114,2346.391714,0,0,0,0,0,0,0,0,0,0,0,0,0,0,0,0,0,0,0
4729,Point,96,87,569550,133250,699-31-68,176.069191,0,299-W19-114,2413.540154,0,0,0,0,0,0,0,0,0,0,0,0,0,0,0,0,0,0,0
4730,Point,96,88,569650,133250,699-31-68,177.201467,0,299-W19-114,2482.901141,0,0,0,0,0,0,0,0,0,0,0,0,0,0,0,0,0,0,0
4731,Point,96,89,569750,133250,699-31-68,227.596924,1,299-W19-114,2554.294438,0,0,0,0,0,0,0,0,0,0,0,0,0,0,0,0,0,0,0
4732,Point,96,90,569850,133250,699-31-68,303.645122,1,299-W19-114,2627.554391,0,0,0,0,0,0,0,0,0,0,0,0,0,0,0,0,0,0,0
4733,Point,96,91,569950,133250,699-31-68,390.64096,1,299-W19-114,2702.5292,0,0,0,0,0,0,0,0,0,0,0,0,0,0,0,0,0,0,0
4734,Point,96,92,570050,133250,699-32-64,404.634825,2,299-W19-114,2779.080077,0,0,0,0,0,0,0,0,0,0,0,0,0,0,0,0,0,0,0
4735,Point,96,93,570150,133250,699-32-64,305.822402,1,299-W19-114,2857.080341,0,0,0,0,0,0,0,0,0,0,0,0,0,0,0,0,0,0,0
4736,Point,96,94,570250,133250,699-32-64,208.147404,1,299-W19-114,2936.414493,0,0,0,0,0,0,0,0,0,0,0,0,0,0,0,0,0,0,0
4737,Point,96,95,570350,133250,699-32-64,114.557155,0,299-W19-114,3016.977308,0,0,0,0,0,0,0,0,0,0,0,0,0,0,0,0,0,0,0
4738,Point,96,96,570450,133250,699-32-64,54.049438,0,299-W19-114,3098.672954,0,0,0,0,0,0,0,0,0,0,0,0,0,0,0,0,0,0,0
4739,Point,96,97,570550,133250,699-32-64,112.780059,0,299-W19-114,3181.414163,0,0,0,0,0,0,0,0,0,0,0,0,0,0,0,0,0,0,0
4740,Point,96,98,570650,133250,699-32-64,206.197337,1,299-W19-114,3265.121449,0,0,0,0,0,0,0,0,0,0,0,0,0,0,0,0,0,0,0
4741,Point,96,99,570750,133250,699-32-62,261.791092,1,299-W19-114,3349.722388,0,0,0,0,0,0,0,0,0,0,0,0,0,0,0,0,0,0,0
4742,Point,96,100,570850,133250,699-32-62,163.161808,0,299-W19-114,3435.150954,0,0,0,0,0,0,0,0,0,0,0,0,0,0,0,0,0,0,0
4743,Point,96,101,570950,133250,699-32-62,68.621977,0,299-W19-114,3521.346912,0,0,0,0,0,0,0,0,0,0,0,0,0,0,0,0,0,0,0
4744,Point,96,102,571050,133250,699-32-62,52.878878,0,299-W19-114,3608.255268,0,0,0,0,0,0,0,0,0,0,0,0,0,0,0,0,0,0,0
4745,Point,96,103,571150,133250,699-32-62,144.510815,0,299-W19-114,3695.825764,0,0,0,0,0,0,0,0,0,0,0,0,0,0,0,0,0,0,0
4746,Point,96,104,571250,133250,699-32-62,242.83858,1,299-W19-114,3784.012431,0,0,0,0,0,0,0,0,0,0,0,0,0,0,0,0,0,0,0
4747,Point,96,105,571350,133250,699-32-62,342.137072,1,299-W19-114,3872.773176,0,0,0,0,0,0,0,0,0,0,0,0,0,0,0,0,0,0,0
4748,Point,96,106,571450,133250,699-32-59,380.988332,1,299-W19-114,3962.069418,0,0,0,0,0,0,0,0,0,0,0,0,0,0,0,0,0,0,0
4749,Point,96,107,571550,133250,699-32-59,291.780926,1,299-W19-114,4051.865752,0,0,0,0,0,0,0,0,0,0,0,0,0,0,0,0,0,0,0
4750,Point,96,108,571650,133250,699-32-59,212.414945,1,299-W19-114,4142.129655,0,0,0,0,0,0,0,0,0,0,0,0,0,0,0,0,0,0,0
4751,Point,96,109,571750,133250,699-32-59,158.442762,0,299-W19-114,4232.831213,0,0,0,0,0,0,0,0,0,0,0,0,0,0,0,0,0,0,0
4752,Point,96,110,571850,133250,699-32-59,158.392262,0,299-W19-114,4323.942885,0,0,0,0,0,0,0,0,0,0,0,0,0,0,0,0,0,0,0
4753,Point,96,111,571950,133250,699-32-59,212.301928,1,299-W19-114,4415.439285,0,0,0,0,0,0,0,0,0,0,0,0,0,0,0,0,0,0,0
4754,Point,96,112,572050,133250,699-32-59,291.643805,1,299-W19-114,4507.296981,0,0,0,0,0,0,0,0,0,0,0,0,0,0,0,0,0,0,0
4755,Point,96,113,572150,133250,699-32-59,380.841317,1,299-W19-114,4599.494328,0,0,0,0,0,0,0,0,0,0,0,0,0,0,0,0,0,0,0
4756,Point,97,32,564050,133150,699-26-89,2183.23135,4,299-W22-91,3026.378961,0,0,0,0,0,0,0,0,0,0,0,0,0,0,0,0,0,0,0
4757,Point,97,33,564150,133150,299-W26-16,2175.899331,4,299-W22-91,2931.998912,0,0,0,0,0,0,0,0,0,0,0,0,0,0,0,0,0,0,0
4758,Point,97,34,564250,133150,299-W26-16,2075.975891,4,299-W22-91,2838.003809,0,0,0,0,0,0,0,0,0,0,0,0,0,0,0,0,0,0,0
4759,Point,97,35,564350,133150,299-W26-16,1976.060196,4,299-W22-91,2744.433205,0,0,0,0,0,0,0,0,0,0,0,0,0,0,0,0,0,0,0
4760,Point,97,36,564450,133150,299-W26-16,1876.153485,4,299-W22-91,2651.332046,0,0,0,0,0,0,0,0,0,0,0,0,0,0,0,0,0,0,0
4761,Point,97,37,564550,133150,299-W26-16,1776.257273,4,299-W22-91,2558.751574,0,0,0,0,0,0,0,0,0,0,0,0,0,0,0,0,0,0,0
4762,Point,97,38,564650,133150,299-W26-16,1676.373436,4,299-W22-91,2466.750417,0,0,0,0,0,0,0,0,0,0,0,0,0,0,0,0,0,0,0
4763,Point,97,39,564750,133150,299-W26-16,1576.504329,4,299-W22-91,2375.395887,0,0,0,0,0,0,0,0,0,0,0,0,0,0,0,0,0,0,0
4764,Point,97,40,564850,133150,299-W26-16,1476.652938,4,299-W22-91,2284.76555,0,0,0,0,0,0,0,0,0,0,0,0,0,0,0,0,0,0,0
4765,Point,97,41,564950,133150,299-W26-16,1376.823118,4,299-W22-91,2194.949115,0,0,0,0,0,0,0,0,0,0,0,0,0,0,0,0,0,0,0
4766,Point,97,42,565050,133150,299-W26-16,1277.019929,4,299-W22-91,2106.050716,0,0,0,0,0,0,0,0,0,0,0,0,0,0,0,0,0,0,0
4767,Point,97,43,565150,133150,299-W26-16,1177.250143,4,299-W22-91,2018.19167,0,0,0,0,0,0,0,0,0,0,0,0,0,0,0,0,0,0,0
4768,Point,97,44,565250,133150,299-W26-16,1077.523039,4,299-W22-91,1931.513815,0,0,0,0,0,0,0,0,0,0,0,0,0,0,0,0,0,0,0
4769,Point,97,45,565350,133150,299-W26-16,977.851675,4,299-W22-91,1846.183528,0,0,0,0,0,0,0,0,0,0,0,0,0,0,0,0,0,0,0
4770,Point,97,46,565450,133150,299-W26-16,878.255031,4,299-W22-91,1762.396555,0,0,0,0,0,0,0,0,0,0,0,0,0,0,0,0,0,0,0
4771,Point,97,47,565550,133150,299-W26-16,778.761773,3,299-W22-91,1680.383771,0,0,0,0,0,0,0,0,0,0,0,0,0,0,0,0,0,0,0
4772,Point,97,48,565650,133150,299-W26-16,679.417323,3,299-W22-91,1600.417951,0,0,0,0,0,0,0,0,0,0,0,0,0,0,0,0,0,0,0
4773,Point,97,49,565750,133150,299-W26-16,580.298112,2,299-W22-91,1522.821598,0,0,0,0,0,0,0,0,0,0,0,0,0,0,0,0,0,0,0
4774,Point,97,50,565850,133150,299-W26-16,481.543247,2,299-W22-91,1447.975697,0,0,0,0,0,0,0,0,0,0,0,0,0,0,0,0,0,0,0
4775,Point,97,51,565950,133150,299-W26-16,383.434347,1,299-W22-91,1376.329037,0,0,0,0,0,0,0,0,0,0,0,0,0,0,0,0,0,0,0
4776,Point,97,52,566050,133150,299-W26-16,286.63548,1,299-W22-91,1308.407283,0,0,0,0,0,0,0,0,0,0,0,0,0,0,0,0,0,0,0
4777,Point,97,53,566150,133150,299-W26-16,193.126639,0,299-W22-91,1244.820316,0,0,0,0,0,0,0,0,0,0,0,0,0,0,0,0,0,0,0
4778,Point,97,54,566250,133150,299-W26-16,111.51636,0,299-W22-91,1186.265408,0,0,0,0,0,0,0,0,0,0,0,0,0,0,0,0,0,0,0
4779,Point,97,55,566350,133150,699-32-77B,56.577573,0,299-W22-91,1133.522659,0,0,0,0,0,0,0,0,0,0,0,0,0,0,0,0,0,0,0
4780,Point,97,56,566450,133150,699-32-77B,52.792251,0,299-W22-91,1087.438099,0,0,0,0,0,0,0,0,0,0,0,0,0,0,0,0,0,0,0
4781,Point,97,57,566550,133150,699-32-76,134.500842,0,299-W22-91,1048.889708,0,0,0,0,0,0,0,0,0,0,0,0,0,0,0,0,0,0,0
4782,Point,97,58,566650,133150,699-32-76,36.089839,0,299-W22-91,1018.73334,0,0,0,0,0,0,0,0,0,0,0,0,0,0,0,0,0,0,0
4783,Point,97,59,566750,133150,699-32-76,67.189854,0,299-W22-92,973.95355,0,0,0,0,0,0,0,0,0,0,0,0,0,0,0,0,0,0,0
4784,Point,97,60,566850,133150,699-32-76,166.512692,0,299-W22-92,935.423711,0,0,0,0,0,0,0,0,0,0,0,0,0,0,0,0,0,0,0
4785,Point,97,61,566950,133150,699-32-76,266.34278,1,299-W22-92,906.338523,0,0,0,0,0,0,0,0,0,0,0,0,0,0,0,0,0,0,0
4786,Point,97,62,567050,133150,699-32-76,366.265582,1,299-W22-92,887.626903,0,0,0,0,0,0,0,0,0,0,0,0,0,0,0,0,0,0,0
4787,Point,97,63,567150,133150,699-32-76,466.221489,2,299-W22-92,879.950861,0,0,0,0,0,0,0,0,0,0,0,0,0,0,0,0,0,0,0
4788,Point,97,64,567250,133150,699-33-74,459.679984,2,299-W22-92,883.598053,0,0,0,0,0,0,0,0,0,0,0,0,0,0,0,0,0,0,0
4789,Point,97,65,567350,133150,699-33-74,420.44701,2,299-W22-92,898.430586,0,0,0,0,0,0,0,0,0,0,0,0,0,0,0,0,0,0,0
4790,Point,97,66,567450,133150,699-33-74,402.797329,2,299-W22-92,923.909908,0,0,0,0,0,0,0,0,0,0,0,0,0,0,0,0,0,0,0
4791,Point,97,67,567550,133150,699-33-74,409.531059,2,299-W22-92,959.187947,0,0,0,0,0,0,0,0,0,0,0,0,0,0,0,0,0,0,0
4792,Point,97,68,567650,133150,699-32-72A,361.750057,1,299-W22-92,1003.231538,0,0,0,0,0,0,0,0,0,0,0,0,0,0,0,0,0,0,0
4793,Point,97,69,567750,133150,699-32-72A,286.928394,1,299-W22-92,1054.943372,0,0,0,0,0,0,0,0,0,0,0,0,0,0,0,0,0,0,0
4794,Point,97,70,567850,133150,699-32-72A,231.932541,1,299-W22-92,1113.25537,0,0,0,0,0,0,0,0,0,0,0,0,0,0,0,0,0,0,0
4795,Point,97,71,567950,133150,699-32-72A,212.73811,1,299-W22-92,1177.187121,0,0,0,0,0,0,0,0,0,0,0,0,0,0,0,0,0,0,0
4796,Point,97,72,568050,133150,699-32-72A,238.164446,1,299-W22-92,1245.873797,0,0,0,0,0,0,0,0,0,0,0,0,0,0,0,0,0,0,0
4797,Point,97,73,568150,133150,699-32-72A,296.963135,1,299-W22-92,1318.572531,0,0,0,0,0,0,0,0,0,0,0,0,0,0,0,0,0,0,0
4798,Point,97,74,568250,133150,699-32-70B,231.198434,1,299-W22-92,1394.656057,0,0,0,0,0,0,0,0,0,0,0,0,0,0,0,0,0,0,0
4799,Point,97,75,568350,133150,699-32-70B,145.09623,0,299-W22-92,1473.60019,0,0,0,0,0,0,0,0,0,0,0,0,0,0,0,0,0,0,0
4800,Point,97,76,568450,133150,699-32-70B,93.022127,0,299-W22-92,1554.969298,0,0,0,0,0,0,0,0,0,0,0,0,0,0,0,0,0,0,0
4801,Point,97,77,568550,133150,699-32-70B,127.488494,0,299-W22-92,1638.402124,0,0,0,0,0,0,0,0,0,0,0,0,0,0,0,0,0,0,0
4802,Point,97,78,568650,133150,699-32-70B,209.412311,1,299-W22-92,1723.599002,0,0,0,0,0,0,0,0,0,0,0,0,0,0,0,0,0,0,0
4803,Point,97,79,568750,133150,699-32-70B,302.413155,1,299-W22-92,1810.31089,0,0,0,0,0,0,0,0,0,0,0,0,0,0,0,0,0,0,0
4804,Point,97,80,568850,133150,699-32-70B,398.815642,1,299-W22-92,1898.330192,0,0,0,0,0,0,0,0,0,0,0,0,0,0,0,0,0,0,0
4805,Point,97,81,568950,133150,699-32-70B,496.642846,2,299-W22-92,1987.483212,0,0,0,0,0,0,0,0,0,0,0,0,0,0,0,0,0,0,0
4806,Point,97,82,569050,133150,699-31-68,552.377009,2,299-W22-92,2077.624008,0,0,0,0,0,0,0,0,0,0,0,0,0,0,0,0,0,0,0
4807,Point,97,83,569150,133150,699-31-68,453.343534,2,299-W22-92,2168.62941,0,0,0,0,0,0,0,0,0,0,0,0,0,0,0,0,0,0,0
4808,Point,97,84,569250,133150,699-31-68,354.852589,1,299-W22-92,2260.394992,0,0,0,0,0,0,0,0,0,0,0,0,0,0,0,0,0,0,0
4809,Point,97,85,569350,133150,699-31-68,257.527397,1,299-W22-92,2352.831808,0,0,0,0,0,0,0,0,0,0,0,0,0,0,0,0,0,0,0
4810,Point,97,86,569450,133150,699-31-68,163.463635,0,299-W19-114,2422.43598,0,0,0,0,0,0,0,0,0,0,0,0,0,0,0,0,0,0,0
4811,Point,97,87,569550,133150,699-31-68,84.382226,0,299-W19-114,2487.532528,0,0,0,0,0,0,0,0,0,0,0,0,0,0,0,0,0,0,0
4812,Point,97,88,569650,133150,699-31-68,86.720009,0,299-W19-114,2554.885531,0,0,0,0,0,0,0,0,0,0,0,0,0,0,0,0,0,0,0
4813,Point,97,89,569750,133150,699-31-68,167.093866,0,299-W19-114,2624.32126,0,0,0,0,0,0,0,0,0,0,0,0,0,0,0,0,0,0,0
4814,Point,97,90,569850,133150,699-31-68,261.381637,1,299-W19-114,2695.678778,0,0,0,0,0,0,0,0,0,0,0,0,0,0,0,0,0,0,0
4815,Point,97,91,569950,133150,699-31-68,358.776198,1,299-W19-114,2768.809505,0,0,0,0,0,0,0,0,0,0,0,0,0,0,0,0,0,0,0
4816,Point,97,92,570050,133150,699-30-66,415.027971,2,299-W19-114,2843.576634,0,0,0,0,0,0,0,0,0,0,0,0,0,0,0,0,0,0,0
4817,Point,97,93,570150,133150,699-32-64,338.135094,1,299-W19-114,2919.854461,0,0,0,0,0,0,0,0,0,0,0,0,0,0,0,0,0,0,0
4818,Point,97,94,570250,133150,699-32-64,253.245615,1,299-W19-114,2997.527661,0,0,0,0,0,0,0,0,0,0,0,0,0,0,0,0,0,0,0
4819,Point,97,95,570350,133150,699-32-64,184.204619,0,299-W19-114,3076.490545,0,0,0,0,0,0,0,0,0,0,0,0,0,0,0,0,0,0,0
4820,Point,97,96,570450,133150,699-32-64,154.043311,0,299-W19-114,3156.646334,0,0,0,0,0,0,0,0,0,0,0,0,0,0,0,0,0,0,0
4821,Point,97,97,570550,133150,699-32-64,183.104729,0,299-W19-114,3237.906434,0,0,0,0,0,0,0,0,0,0,0,0,0,0,0,0,0,0,0
4822,Point,97,98,570650,133150,699-32-64,251.64527,1,299-W19-114,3320.189765,0,0,0,0,0,0,0,0,0,0,0,0,0,0,0,0,0,0,0
4823,Point,97,99,570750,133150,699-32-62,267.805108,1,299-W19-114,3403.422113,0,0,0,0,0,0,0,0,0,0,0,0,0,0,0,0,0,0,0
4824,Point,97,100,570850,133150,699-32-62,172.646389,0,299-W19-114,3487.53553,0,0,0,0,0,0,0,0,0,0,0,0,0,0,0,0,0,0,0
4825,Point,97,101,570950,133150,699-32-62,88.848048,0,299-W19-114,3572.467785,0,0,0,0,0,0,0,0,0,0,0,0,0,0,0,0,0,0,0
4826,Point,97,102,571050,133150,699-32-62,77.338061,0,299-W19-114,3658.161844,0,0,0,0,0,0,0,0,0,0,0,0,0,0,0,0,0,0,0
4827,Point,97,103,571150,133150,699-32-62,155.139859,0,299-W19-114,3744.565406,0,0,0,0,0,0,0,0,0,0,0,0,0,0,0,0,0,0,0
4828,Point,97,104,571250,133150,699-32-62,249.3102,1,299-W19-114,3831.630472,0,0,0,0,0,0,0,0,0,0,0,0,0,0,0,0,0,0,0
4829,Point,97,105,571350,133150,699-32-62,346.760401,1,299-W19-114,3919.31296,0,0,0,0,0,0,0,0,0,0,0,0,0,0,0,0,0,0,0
4830,Point,97,106,571450,133150,699-32-59,430.367411,2,299-W19-114,4007.572342,0,0,0,0,0,0,0,0,0,0,0,0,0,0,0,0,0,0,0
4831,Point,97,107,571550,133150,699-32-59,353.836274,1,299-W19-114,4096.37133,0,0,0,0,0,0,0,0,0,0,0,0,0,0,0,0,0,0,0
4832,Point,97,108,571650,133150,699-32-59,291.863168,1,299-W19-114,4185.675582,0,0,0,0,0,0,0,0,0,0,0,0,0,0,0,0,0,0,0
4833,Point,97,109,571750,133150,699-32-59,255.280451,1,299-W19-114,4275.453435,0,0,0,0,0,0,0,0,0,0,0,0,0,0,0,0,0,0,0
4834,Point,97,110,571850,133150,699-32-59,255.249111,1,299-W19-114,4365.675672,0,0,0,0,0,0,0,0,0,0,0,0,0,0,0,0,0,0,0
4835,Point,97,111,571950,133150,699-32-59,291.780926,1,299-W19-114,4456.315303,0,0,0,0,0,0,0,0,0,0,0,0,0,0,0,0,0,0,0
4836,Point,97,112,572050,133150,699-32-59,353.723209,1,299-W19-114,4547.347367,0,0,0,0,0,0,0,0,0,0,0,0,0,0,0,0,0,0,0
4837,Point,97,113,572150,133150,699-32-59,430.23727,2,299-W19-114,4638.748762,0,0,0,0,0,0,0,0,0,0,0,0,0,0,0,0,0,0,0
4838,Point,98,32,564050,133050,699-26-89,2102.74086,4,299-W22-91,3060.37181,0,0,0,0,0,0,0,0,0,0,0,0,0,0,0,0,0,0,0
4839,Point,98,33,564150,133050,699-26-89,2164.666516,4,299-W22-91,2967.073241,0,0,0,0,0,0,0,0,0,0,0,0,0,0,0,0,0,0,0
4840,Point,98,34,564250,133050,299-W26-16,2082.379864,4,299-W22-91,2874.225395,0,0,0,0,0,0,0,0,0,0,0,0,0,0,0,0,0,0,0
4841,Point,98,35,564350,133050,299-W26-16,1982.786902,4,299-W22-91,2781.873401,0,0,0,0,0,0,0,0,0,0,0,0,0,0,0,0,0,0,0
4842,Point,98,36,564450,133050,299-W26-16,1883.23708,4,299-W22-91,2690.06833,0,0,0,0,0,0,0,0,0,0,0,0,0,0,0,0,0,0,0
4843,Point,98,37,564550,133050,299-W26-16,1783.73762,4,299-W22-91,2598.868142,0,0,0,0,0,0,0,0,0,0,0,0,0,0,0,0,0,0,0
4844,Point,98,38,564650,133050,299-W26-16,1684.29745,4,299-W22-91,2508.338817,0,0,0,0,0,0,0,0,0,0,0,0,0,0,0,0,0,0,0
4845,Point,98,39,564750,133050,299-W26-16,1584.927727,4,299-W22-91,2418.555689,0,0,0,0,0,0,0,0,0,0,0,0,0,0,0,0,0,0,0
4846,Point,98,40,564850,133050,299-W26-16,1485.642588,4,299-W22-91,2329.605035,0,0,0,0,0,0,0,0,0,0,0,0,0,0,0,0,0,0,0
4847,Point,98,41,564950,133050,299-W26-16,1386.460204,4,299-W22-91,2241.585961,0,0,0,0,0,0,0,0,0,0,0,0,0,0,0,0,0,0,0
4848,Point,98,42,565050,133050,299-W26-16,1287.404326,4,299-W22-91,2154.612638,0,0,0,0,0,0,0,0,0,0,0,0,0,0,0,0,0,0,0
4849,Point,98,43,565150,133050,299-W26-16,1188.506583,4,299-W22-91,2068.816961,0,0,0,0,0,0,0,0,0,0,0,0,0,0,0,0,0,0,0
4850,Point,98,44,565250,133050,299-W26-16,1089.810029,4,299-W22-91,1984.351687,0,0,0,0,0,0,0,0,0,0,0,0,0,0,0,0,0,0,0
4851,Point,98,45,565350,133050,299-W26-16,991.374752,4,299-W22-91,1901.394125,0,0,0,0,0,0,0,0,0,0,0,0,0,0,0,0,0,0,0
4852,Point,98,46,565450,133050,299-W26-16,893.287131,4,299-W22-91,1820.150438,0,0,0,0,0,0,0,0,0,0,0,0,0,0,0,0,0,0,0
4853,Point,98,47,565550,133050,299-W26-16,795.67575,3,299-W22-91,1740.860597,0,0,0,0,0,0,0,0,0,0,0,0,0,0,0,0,0,0,0
4854,Point,98,48,565650,133050,299-W26-16,698.740223,3,299-W22-91,1663.80396,0,0,0,0,0,0,0,0,0,0,0,0,0,0,0,0,0,0,0
4855,Point,98,49,565750,133050,299-W26-16,602.806684,3,299-W22-91,1589.305389,0,0,0,0,0,0,0,0,0,0,0,0,0,0,0,0,0,0,0
4856,Point,98,50,565850,133050,299-W26-16,508.442621,2,299-W22-91,1517.741618,0,0,0,0,0,0,0,0,0,0,0,0,0,0,0,0,0,0,0
4857,Point,98,51,565950,133050,299-W26-16,416.715609,2,299-W22-91,1449.547384,0,0,0,0,0,0,0,0,0,0,0,0,0,0,0,0,0,0,0
4858,Point,98,52,566050,133050,299-W26-16,329.833138,1,299-W22-91,1385.220422,0,0,0,0,0,0,0,0,0,0,0,0,0,0,0,0,0,0,0
4859,Point,98,53,566150,133050,299-W26-16,252.83967,1,299-W22-91,1325.323967,0,0,0,0,0,0,0,0,0,0,0,0,0,0,0,0,0,0,0
4860,Point,98,54,566250,133050,699-32-77B,195.041077,0,299-W22-91,1270.484797,0,0,0,0,0,0,0,0,0,0,0,0,0,0,0,0,0,0,0
4861,Point,98,55,566350,133050,699-32-77B,132.766795,0,299-W22-91,1221.384304,0,0,0,0,0,0,0,0,0,0,0,0,0,0,0,0,0,0,0
4862,Point,98,56,566450,133050,699-32-77B,131.198406,0,299-W22-91,1178.739843,0,0,0,0,0,0,0,0,0,0,0,0,0,0,0,0,0,0,0
4863,Point,98,57,566550,133050,699-32-76,160.113948,0,299-W22-91,1143.274078,0,0,0,0,0,0,0,0,0,0,0,0,0,0,0,0,0,0,0
4864,Point,98,58,566650,133050,699-32-76,94.066341,0,299-W22-92,1108.200126,0,0,0,0,0,0,0,0,0,0,0,0,0,0,0,0,0,0,0
4865,Point,98,59,566750,133050,699-32-76,109.820201,0,299-W22-92,1065.147651,0,0,0,0,0,0,0,0,0,0,0,0,0,0,0,0,0,0,0
4866,Point,98,60,566850,133050,699-32-76,187.809682,0,299-W22-92,1030.034717,0,0,0,0,0,0,0,0,0,0,0,0,0,0,0,0,0,0,0
4867,Point,98,61,566950,133050,699-32-76,280.15081,1,299-W22-92,1003.694933,0,0,0,0,0,0,0,0,0,0,0,0,0,0,0,0,0,0,0
4868,Point,98,62,567050,133050,699-32-76,376.425924,1,299-W22-92,986.831049,0,0,0,0,0,0,0,0,0,0,0,0,0,0,0,0,0,0,0
4869,Point,98,63,567150,133050,699-32-76,474.245165,2,299-W22-92,979.932405,0,0,0,0,0,0,0,0,0,0,0,0,0,0,0,0,0,0,0
4870,Point,98,64,567250,133050,699-33-74,549.306552,2,299-W22-92,983.208787,0,0,0,0,0,0,0,0,0,0,0,0,0,0,0,0,0,0,0
4871,Point,98,65,567350,133050,699-30-73,504.244452,2,299-W22-92,996.559842,0,0,0,0,0,0,0,0,0,0,0,0,0,0,0,0,0,0,0
4872,Point,98,66,567450,133050,699-30-73,421.76115,2,299-W22-92,1019.589878,0,0,0,0,0,0,0,0,0,0,0,0,0,0,0,0,0,0,0
4873,Point,98,67,567550,133050,699-30-73,348.572041,1,299-W22-92,1051.663215,0,0,0,0,0,0,0,0,0,0,0,0,0,0,0,0,0,0,0
4874,Point,98,68,567650,133050,699-30-73,291.757549,1,299-W22-92,1091.983296,0,0,0,0,0,0,0,0,0,0,0,0,0,0,0,0,0,0,0
4875,Point,98,69,567750,133050,699-30-73,262.187848,1,299-W22-92,1139.675181,0,0,0,0,0,0,0,0,0,0,0,0,0,0,0,0,0,0,0
4876,Point,98,70,567850,133050,699-30-73,269.002728,1,299-W22-92,1193.855736,0,0,0,0,0,0,0,0,0,0,0,0,0,0,0,0,0,0,0
4877,Point,98,71,567950,133050,699-30-73,309.810374,1,299-W22-92,1253.683979,0,0,0,0,0,0,0,0,0,0,0,0,0,0,0,0,0,0,0
4878,Point,98,72,568050,133050,699-32-72A,330.521865,1,299-W22-92,1318.391262,0,0,0,0,0,0,0,0,0,0,0,0,0,0,0,0,0,0,0
4879,Point,98,73,568150,133050,699-32-70B,366.471712,1,299-W22-92,1387.295037,0,0,0,0,0,0,0,0,0,0,0,0,0,0,0,0,0,0,0
4880,Point,98,74,568250,133050,699-32-70B,286.184759,1,299-W22-92,1459.801191,0,0,0,0,0,0,0,0,0,0,0,0,0,0,0,0,0,0,0
4881,Point,98,75,568350,133050,699-32-70B,222.490261,1,299-W22-92,1535.399465,0,0,0,0,0,0,0,0,0,0,0,0,0,0,0,0,0,0,0
4882,Point,98,76,568450,133050,699-32-70B,192.619096,0,299-W22-92,1613.655328,0,0,0,0,0,0,0,0,0,0,0,0,0,0,0,0,0,0,0
4883,Point,98,77,568550,133050,699-32-70B,211.429222,1,299-W22-92,1694.200554,0,0,0,0,0,0,0,0,0,0,0,0,0,0,0,0,0,0,0
4884,Point,98,78,568650,133050,699-32-70B,268.891272,1,299-W22-92,1776.723816,0,0,0,0,0,0,0,0,0,0,0,0,0,0,0,0,0,0,0
4885,Point,98,79,568750,133050,699-32-70B,346.269716,1,299-W22-92,1860.961987,0,0,0,0,0,0,0,0,0,0,0,0,0,0,0,0,0,0,0
4886,Point,98,80,568850,133050,699-32-70B,433.016069,2,299-W22-92,1946.692456,0,0,0,0,0,0,0,0,0,0,0,0,0,0,0,0,0,0,0
4887,Point,98,81,568950,133050,699-32-70B,524.502732,2,299-W22-92,2033.72651,0,0,0,0,0,0,0,0,0,0,0,0,0,0,0,0,0,0,0
4888,Point,98,82,569050,133050,699-31-68,548.853678,2,299-W22-92,2121.903749,0,0,0,0,0,0,0,0,0,0,0,0,0,0,0,0,0,0,0
4889,Point,98,83,569150,133050,699-31-68,449.043829,2,299-W22-92,2211.087406,0,0,0,0,0,0,0,0,0,0,0,0,0,0,0,0,0,0,0
4890,Point,98,84,569250,133050,699-31-68,349.342754,1,299-W22-92,2301.160472,0,0,0,0,0,0,0,0,0,0,0,0,0,0,0,0,0,0,0
4891,Point,98,85,569350,133050,699-31-68,249.880692,1,299-W22-92,2392.022474,0,0,0,0,0,0,0,0,0,0,0,0,0,0,0,0,0,0,0
4892,Point,98,86,569450,133050,699-31-68,151.130275,0,299-W22-92,2483.586825,0,0,0,0,0,0,0,0,0,0,0,0,0,0,0,0,0,0,0
4893,Point,98,87,569550,133050,699-31-68,56.92416,0,299-W19-114,2563.290868,0,0,0,0,0,0,0,0,0,0,0,0,0,0,0,0,0,0,0
4894,Point,98,88,569650,133050,699-31-68,60.335396,0,299-W19-114,2628.703497,0,0,0,0,0,0,0,0,0,0,0,0,0,0,0,0,0,0,0
4895,Point,98,89,569750,133050,699-31-68,155.04954,0,299-W19-114,2696.238876,0,0,0,0,0,0,0,0,0,0,0,0,0,0,0,0,0,0,0
4896,Point,98,90,569850,133050,699-31-68,253.851059,1,299-W19-114,2765.741506,0,0,0,0,0,0,0,0,0,0,0,0,0,0,0,0,0,0,0
4897,Point,98,91,569950,133050,699-30-66,313.499947,1,299-W19-114,2837.066809,0,0,0,0,0,0,0,0,0,0,0,0,0,0,0,0,0,0,0
4898,Point,98,92,570050,133050,699-30-66,316.364057,1,299-W19-114,2910.080768,0,0,0,0,0,0,0,0,0,0,0,0,0,0,0,0,0,0,0
4899,Point,98,93,570150,133050,699-30-66,349.127794,1,299-W19-114,2984.659457,0,0,0,0,0,0,0,0,0,0,0,0,0,0,0,0,0,0,0
4900,Point,98,94,570250,133050,699-32-64,323.946511,1,299-W19-114,3060.688497,0,0,0,0,0,0,0,0,0,0,0,0,0,0,0,0,0,0,0
4901,Point,98,95,570350,133050,699-32-64,273.38497,1,299-W19-114,3138.062472,0,0,0,0,0,0,0,0,0,0,0,0,0,0,0,0,0,0,0
4902,Point,98,96,570450,133050,699-32-64,254.042008,1,299-W19-114,3216.68433,0,0,0,0,0,0,0,0,0,0,0,0,0,0,0,0,0,0,0
4903,Point,98,97,570550,133050,699-32-64,272.645084,1,299-W19-114,3296.464785,0,0,0,0,0,0,0,0,0,0,0,0,0,0,0,0,0,0,0
4904,Point,98,98,570650,133050,699-32-64,322.696981,1,299-W19-114,3377.321731,0,0,0,0,0,0,0,0,0,0,0,0,0,0,0,0,0,0,0
4905,Point,98,99,570750,133050,699-32-62,308.065863,1,299-W19-114,3459.179683,0,0,0,0,0,0,0,0,0,0,0,0,0,0,0,0,0,0,0
4906,Point,98,100,570850,133050,699-32-62,230.199426,1,299-W19-114,3541.969237,0,0,0,0,0,0,0,0,0,0,0,0,0,0,0,0,0,0,0
4907,Point,98,101,570950,133050,699-32-62,176.292302,0,299-W19-114,3625.626577,0,0,0,0,0,0,0,0,0,0,0,0,0,0,0,0,0,0,0
4908,Point,98,102,571050,133050,699-32-62,170.781075,0,299-W19-114,3710.093001,0,0,0,0,0,0,0,0,0,0,0,0,0,0,0,0,0,0,0
4909,Point,98,103,571150,133050,699-32-62,217.378416,1,299-W19-114,3795.31449,0,0,0,0,0,0,0,0,0,0,0,0,0,0,0,0,0,0,0
4910,Point,98,104,571250,133050,699-32-62,292.131093,1,299-W19-114,3881.241306,0,0,0,0,0,0,0,0,0,0,0,0,0,0,0,0,0,0,0
4911,Point,98,105,571350,133050,699-32-62,378.718597,1,299-W19-114,3967.827627,0,0,0,0,0,0,0,0,0,0,0,0,0,0,0,0,0,0,0
4912,Point,98,106,571450,133050,699-32-62,470.653775,2,299-W19-114,4055.031205,0,0,0,0,0,0,0,0,0,0,0,0,0,0,0,0,0,0,0
4913,Point,98,107,571550,133050,699-32-59,430.423174,2,299-W19-114,4142.813063,0,0,0,0,0,0,0,0,0,0,0,0,0,0,0,0,0,0,0
4914,Point,98,108,571650,133050,699-32-59,381.114299,1,299-W19-114,4231.137208,0,0,0,0,0,0,0,0,0,0,0,0,0,0,0,0,0,0,0
4915,Point,98,109,571750,133050,699-32-59,353.88149,1,299-W19-114,4319.970379,0,0,0,0,0,0,0,0,0,0,0,0,0,0,0,0,0,0,0
4916,Point,98,110,571850,133050,699-32-59,353.858883,1,299-W19-114,4409.28181,0,0,0,0,0,0,0,0,0,0,0,0,0,0,0,0,0,0,0
4917,Point,98,111,571950,133050,699-32-59,381.05132,1,299-W19-114,4499.043018,0,0,0,0,0,0,0,0,0,0,0,0,0,0,0,0,0,0,0
4918,Point,98,112,572050,133050,699-32-59,430.330232,2,299-W19-114,4589.227612,0,0,0,0,0,0,0,0,0,0,0,0,0,0,0,0,0,0,0
4919,Point,98,113,572150,133050,699-32-59,495.144533,2,299-W19-114,4679.811115,0,0,0,0,0,0,0,0,0,0,0,0,0,0,0,0,0,0,0
4920,Point,99,32,564050,132950,699-26-89,2023.990891,4,299-W22-91,3097.221597,0,0,0,0,0,0,0,0,0,0,0,0,0,0,0,0,0,0,0
4921,Point,99,33,564150,132950,699-26-89,2088.253128,4,299-W22-91,3005.067323,0,0,0,0,0,0,0,0,0,0,0,0,0,0,0,0,0,0,0
4922,Point,99,34,564250,132950,299-W26-16,2093.546249,4,299-W22-91,2913.430558,0,0,0,0,0,0,0,0,0,0,0,0,0,0,0,0,0,0,0
4923,Point,99,35,564350,132950,299-W26-16,1994.510942,4,299-W22-91,2822.361709,0,0,0,0,0,0,0,0,0,0,0,0,0,0,0,0,0,0,0
4924,Point,99,36,564450,132950,299-W26-16,1895.57693,4,299-W22-91,2731.917572,0,0,0,0,0,0,0,0,0,0,0,0,0,0,0,0,0,0,0
4925,Point,99,37,564550,132950,299-W26-16,1796.760946,4,299-W22-91,2642.1623,0,0,0,0,0,0,0,0,0,0,0,0,0,0,0,0,0,0,0
4926,Point,99,38,564650,132950,299-W26-16,1698.083596,4,299-W22-91,2553.168545,0,0,0,0,0,0,0,0,0,0,0,0,0,0,0,0,0,0,0
4927,Point,99,39,564750,132950,299-W26-16,1599.570536,4,299-W22-91,2465.018787,0,0,0,0,0,0,0,0,0,0,0,0,0,0,0,0,0,0,0
4928,Point,99,40,564850,132950,299-W26-16,1501.254109,4,299-W22-91,2377.806893,0,0,0,0,0,0,0,0,0,0,0,0,0,0,0,0,0,0,0
4929,Point,99,41,564950,132950,299-W26-16,1403.175648,4,299-W22-91,2291.639941,0,0,0,0,0,0,0,0,0,0,0,0,0,0,0,0,0,0,0
4930,Point,99,42,565050,132950,299-W26-16,1305.388792,4,299-W22-91,2206.640346,0,0,0,0,0,0,0,0,0,0,0,0,0,0,0,0,0,0,0
4931,Point,99,43,565150,132950,299-W26-16,1207.964361,4,299-W22-91,2122.948332,0,0,0,0,0,0,0,0,0,0,0,0,0,0,0,0,0,0,0
4932,Point,99,44,565250,132950,299-W26-16,1110.997704,4,299-W22-91,2040.724778,0,0,0,0,0,0,0,0,0,0,0,0,0,0,0,0,0,0,0
4933,Point,99,45,565350,132950,299-W26-16,1014.620076,4,299-W22-91,1960.154488,0,0,0,0,0,0,0,0,0,0,0,0,0,0,0,0,0,0,0
4934,Point,99,46,565450,132950,299-W26-16,919.016811,4,299-W22-91,1881.449871,0,0,0,0,0,0,0,0,0,0,0,0,0,0,0,0,0,0,0
4935,Point,99,47,565550,132950,299-W26-16,824.457336,4,299-W22-91,1804.855013,0,0,0,0,0,0,0,0,0,0,0,0,0,0,0,0,0,0,0
4936,Point,99,48,565650,132950,299-W26-16,731.346634,3,299-W22-91,1730.650057,0,0,0,0,0,0,0,0,0,0,0,0,0,0,0,0,0,0,0
4937,Point,99,49,565750,132950,299-W26-16,640.31703,3,299-W22-91,1659.155694,0,0,0,0,0,0,0,0,0,0,0,0,0,0,0,0,0,0,0
4938,Point,99,50,565850,132950,299-W26-16,552.398315,2,299-W22-91,1590.737445,0,0,0,0,0,0,0,0,0,0,0,0,0,0,0,0,0,0,0
4939,Point,99,51,565950,132950,299-W26-16,469.341985,2,299-W22-91,1525.809168,0,0,0,0,0,0,0,0,0,0,0,0,0,0,0,0,0,0,0
4940,Point,99,52,566050,132950,299-W26-16,394.233305,1,299-W22-91,1464.835014,0,0,0,0,0,0,0,0,0,0,0,0,0,0,0,0,0,0,0
4941,Point,99,53,566150,132950,299-W26-16,332.502479,1,299-W22-91,1408.328661,0,0,0,0,0,0,0,0,0,0,0,0,0,0,0,0,0,0,0
4942,Point,99,54,566250,132950,699-32-77B,269.196994,1,299-W22-91,1356.848414,0,0,0,0,0,0,0,0,0,0,0,0,0,0,0,0,0,0,0
4943,Point,99,55,566350,132950,699-32-77B,228.151313,1,299-W22-91,1310.986506,0,0,0,0,0,0,0,0,0,0,0,0,0,0,0,0,0,0,0
4944,Point,99,56,566450,132950,699-32-77B,227.24221,1,299-W22-91,1271.3511,0,0,0,0,0,0,0,0,0,0,0,0,0,0,0,0,0,0,0
4945,Point,99,57,566550,132950,699-32-76,230.613262,1,299-W22-91,1238.540116,0,0,0,0,0,0,0,0,0,0,0,0,0,0,0,0,0,0,0
4946,Point,99,58,566650,132950,699-32-76,190.773364,0,299-W22-92,1197.523076,0,0,0,0,0,0,0,0,0,0,0,0,0,0,0,0,0,0,0
4947,Point,99,59,566750,132950,699-32-76,199.01376,0,299-W22-92,1157.796838,0,0,0,0,0,0,0,0,0,0,0,0,0,0,0,0,0,0,0
4948,Point,99,60,566850,132950,699-32-76,250.636144,1,299-W22-92,1125.57786,0,0,0,0,0,0,0,0,0,0,0,0,0,0,0,0,0,0,0
4949,Point,99,61,566950,132950,699-32-76,325.623212,1,299-W22-92,1101.525088,0,0,0,0,0,0,0,0,0,0,0,0,0,0,0,0,0,0,0
4950,Point,99,62,567050,132950,699-32-76,411.390905,2,299-W22-92,1086.181163,0,0,0,0,0,0,0,0,0,0,0,0,0,0,0,0,0,0,0
4951,Point,99,63,567150,132950,699-32-76,502.448481,2,299-W22-92,1079.917367,0,0,0,0,0,0,0,0,0,0,0,0,0,0,0,0,0,0,0
4952,Point,99,64,567250,132950,699-30-73,555.512797,2,299-W22-92,1082.891277,0,0,0,0,0,0,0,0,0,0,0,0,0,0,0,0,0,0,0
4953,Point,99,65,567350,132950,699-30-73,460.667415,2,299-W22-92,1095.027634,0,0,0,0,0,0,0,0,0,0,0,0,0,0,0,0,0,0,0
4954,Point,99,66,567450,132950,699-30-73,368.557279,1,299-W22-92,1116.027562,0,0,0,0,0,0,0,0,0,0,0,0,0,0,0,0,0,0,0
4955,Point,99,67,567550,132950,699-30-73,281.876689,1,299-W22-92,1145.403649,0,0,0,0,0,0,0,0,0,0,0,0,0,0,0,0,0,0,0
4956,Point,99,68,567650,132950,699-30-73,207.543893,1,299-W22-92,1182.531826,0,0,0,0,0,0,0,0,0,0,0,0,0,0,0,0,0,0,0
4957,Point,99,69,567750,132950,699-30-73,163.384417,0,299-W22-92,1226.708408,0,0,0,0,0,0,0,0,0,0,0,0,0,0,0,0,0,0,0
4958,Point,99,70,567850,132950,699-30-73,174.110504,0,299-W22-92,1277.202223,0,0,0,0,0,0,0,0,0,0,0,0,0,0,0,0,0,0,0
4959,Point,99,71,567950,132950,699-30-73,232.237955,1,299-W22-92,1333.295736,0,0,0,0,0,0,0,0,0,0,0,0,0,0,0,0,0,0,0
4960,Point,99,72,568050,132950,699-30-73,312.337106,1,299-W22-92,1394.313278,0,0,0,0,0,0,0,0,0,0,0,0,0,0,0,0,0,0,0
4961,Point,99,73,568150,132950,699-30-73,401.4654,2,299-W22-92,1459.637461,0,0,0,0,0,0,0,0,0,0,0,0,0,0,0,0,0,0,0
4962,Point,99,74,568250,132950,699-32-70B,361.041156,1,299-W22-92,1528.716298,0,0,0,0,0,0,0,0,0,0,0,0,0,0,0,0,0,0,0
4963,Point,99,75,568350,132950,699-32-70B,312.971111,1,299-W22-92,1601.063871,0,0,0,0,0,0,0,0,0,0,0,0,0,0,0,0,0,0,0
4964,Point,99,76,568450,132950,699-32-70B,292.491224,1,299-W22-92,1676.256997,0,0,0,0,0,0,0,0,0,0,0,0,0,0,0,0,0,0,0
4965,Point,99,77,568550,132950,699-32-70B,305.207005,1,299-W22-92,1753.929736,0,0,0,0,0,0,0,0,0,0,0,0,0,0,0,0,0,0,0
4966,Point,99,78,568650,132950,699-32-70B,347.493188,1,299-W22-92,1833.76703,0,0,0,0,0,0,0,0,0,0,0,0,0,0,0,0,0,0,0
4967,Point,99,79,568750,132950,699-32-70B,410.306856,2,299-W22-92,1915.498243,0,0,0,0,0,0,0,0,0,0,0,0,0,0,0,0,0,0,0
4968,Point,99,80,568850,132950,699-32-70B,485.74882,2,299-W22-92,1998.891072,0,0,0,0,0,0,0,0,0,0,0,0,0,0,0,0,0,0,0
4969,Point,99,81,568950,132950,699-32-70B,568.816417,2,299-W22-92,2083.74603,0,0,0,0,0,0,0,0,0,0,0,0,0,0,0,0,0,0,0
4970,Point,99,82,569050,132950,699-31-68,563.347459,2,299-W22-92,2169.891591,0,0,0,0,0,0,0,0,0,0,0,0,0,0,0,0,0,0,0
4971,Point,99,83,569150,132950,699-31-68,466.648004,2,299-W22-92,2257.179992,0,0,0,0,0,0,0,0,0,0,0,0,0,0,0,0,0,0,0
4972,Point,99,84,569250,132950,699-31-68,371.699287,1,299-W22-92,2345.483643,0,0,0,0,0,0,0,0,0,0,0,0,0,0,0,0,0,0,0
4973,Point,99,85,569350,132950,699-31-68,280.286211,1,299-W22-92,2434.692079,0,0,0,0,0,0,0,0,0,0,0,0,0,0,0,0,0,0,0
4974,Point,99,86,569450,132950,699-31-68,197.383789,0,299-W22-92,2524.709393,0,0,0,0,0,0,0,0,0,0,0,0,0,0,0,0,0,0,0
4975,Point,99,87,569550,132950,699-31-68,139.141511,0,299-W22-92,2615.452068,0,0,0,0,0,0,0,0,0,0,0,0,0,0,0,0,0,0,0
4976,Point,99,88,569650,132950,699-31-68,140.571548,0,299-W19-114,2704.204888,0,0,0,0,0,0,0,0,0,0,0,0,0,0,0,0,0,0,0
4977,Point,99,89,569750,132950,699-31-68,200.400499,1,299-W19-114,2769.900012,0,0,0,0,0,0,0,0,0,0,0,0,0,0,0,0,0,0,0
4978,Point,99,90,569850,132950,699-30-66,253.60642,1,299-W19-114,2837.598998,0,0,0,0,0,0,0,0,0,0,0,0,0,0,0,0,0,0,0
4979,Point,99,91,569950,132950,699-30-66,214.756179,1,299-W19-114,2907.161859,0,0,0,0,0,0,0,0,0,0,0,0,0,0,0,0,0,0,0
4980,Point,99,92,570050,132950,699-30-66,218.916003,1,299-W19-114,2978.458003,0,0,0,0,0,0,0,0,0,0,0,0,0,0,0,0,0,0,0
4981,Point,99,93,570150,132950,699-30-66,264.061009,1,299-W19-114,3051.365936,0,0,0,0,0,0,0,0,0,0,0,0,0,0,0,0,0,0,0
4982,Point,99,94,570250,132950,699-30-66,333.964394,1,299-W19-114,3125.772877,0,0,0,0,0,0,0,0,0,0,0,0,0,0,0,0,0,0,0
4983,Point,99,95,570350,132950,699-32-64,368.167546,1,299-W19-114,3201.574312,0,0,0,0,0,0,0,0,0,0,0,0,0,0,0,0,0,0,0
4984,Point,99,96,570450,132950,699-32-64,354.041441,1,299-W19-114,3278.673524,0,0,0,0,0,0,0,0,0,0,0,0,0,0,0,0,0,0,0
4985,Point,99,97,570550,132950,699-30-63,321.803713,1,299-W19-114,3356.981096,0,0,0,0,0,0,0,0,0,0,0,0,0,0,0,0,0,0,0
4986,Point,99,98,570650,132950,699-30-63,283.156546,1,299-W19-114,3436.414421,0,0,0,0,0,0,0,0,0,0,0,0,0,0,0,0,0,0,0
4987,Point,99,99,570750,132950,699-30-63,277.123852,1,299-W19-114,3516.897223,0,0,0,0,0,0,0,0,0,0,0,0,0,0,0,0,0,0,0
4988,Point,99,100,570850,132950,699-30-63,305.642977,1,299-W19-114,3598.359081,0,0,0,0,0,0,0,0,0,0,0,0,0,0,0,0,0,0,0
4989,Point,99,101,570950,132950,699-32-62,272.514175,1,299-W19-114,3680.734991,0,0,0,0,0,0,0,0,0,0,0,0,0,0,0,0,0,0,0
4990,Point,99,102,571050,132950,699-32-62,268.981739,1,299-W19-114,3763.964941,0,0,0,0,0,0,0,0,0,0,0,0,0,0,0,0,0,0,0
4991,Point,99,103,571150,132950,699-32-62,300.729739,1,299-W19-114,3847.993513,0,0,0,0,0,0,0,0,0,0,0,0,0,0,0,0,0,0,0
4992,Point,99,104,571250,132950,699-32-62,358.504638,1,299-W19-114,3932.769517,0,0,0,0,0,0,0,0,0,0,0,0,0,0,0,0,0,0,0
4993,Point,99,105,571350,132950,699-32-62,431.987009,2,299-W19-114,4018.245647,0,0,0,0,0,0,0,0,0,0,0,0,0,0,0,0,0,0,0
4994,Point,99,106,571450,132950,699-32-62,514.490015,2,299-W19-114,4104.37816,0,0,0,0,0,0,0,0,0,0,0,0,0,0,0,0,0,0,0
4995,Point,99,107,571550,132950,699-32-59,515.100096,2,299-W19-114,4191.126588,0,0,0,0,0,0,0,0,0,0,0,0,0,0,0,0,0,0,0
4996,Point,99,108,571650,132950,699-32-59,474.670527,2,299-W19-114,4278.453468,0,0,0,0,0,0,0,0,0,0,0,0,0,0,0,0,0,0,0
4997,Point,99,109,571750,132950,699-32-59,453.096136,2,299-W19-114,4366.324092,0,0,0,0,0,0,0,0,0,0,0,0,0,0,0,0,0,0,0
4998,Point,99,110,571850,132950,699-32-59,453.07848,2,299-W19-114,4454.706284,0,0,0,0,0,0,0,0,0,0,0,0,0,0,0,0,0,0,0
4999,Point,99,111,571950,132950,699-32-59,474.619962,2,299-W19-114,4543.570191,0,0,0,0,0,0,0,0,0,0,0,0,0,0,0,0,0,0,0
5000,Point,99,112,572050,132950,699-32-59,515.022435,2,299-W19-114,4632.888092,0,0,0,0,0,0,0,0,0,0,0,0,0,0,0,0,0,0,0
5001,Point,99,113,572150,132950,699-32-59,570.291249,2,299-W19-114,4722.634231,0,0,0,0,0,0,0,0,0,0,0,0,0,0,0,0,0,0,0
5002,Point,100,32,564050,132850,699-26-89,1947.192627,4,299-W22-91,3136.827636,0,0,0,0,0,0,0,0,0,0,0,0,0,0,0,0,0,0,0
5003,Point,100,33,564150,132850,699-26-89,2013.906931,4,299-W22-91,3045.871898,0,0,0,0,0,0,0,0,0,0,0,0,0,0,0,0,0,0,0
5004,Point,100,34,564250,132850,699-26-89,2083.286616,4,299-W22-91,2955.50057,0,0,0,0,0,0,0,0,0,0,0,0,0,0,0,0,0,0,0
5005,Point,100,35,564350,132850,299-W26-16,2011.144922,4,299-W22-91,2865.76894,0,0,0,0,0,0,0,0,0,0,0,0,0,0,0,0,0,0,0
5006,Point,100,36,564450,132850,299-W26-16,1913.071326,4,299-W22-91,2776.739026,0,0,0,0,0,0,0,0,0,0,0,0,0,0,0,0,0,0,0
5007,Point,100,37,564550,132850,299-W26-16,1815.207949,4,299-W22-91,2688.480541,0,0,0,0,0,0,0,0,0,0,0,0,0,0,0,0,0,0,0
5008,Point,100,38,564650,132850,299-W26-16,1717.590725,4,299-W22-91,2601.072013,0,0,0,0,0,0,0,0,0,0,0,0,0,0,0,0,0,0,0
5009,Point,100,39,564750,132850,299-W26-16,1620.264145,4,299-W22-91,2514.60208,0,0,0,0,0,0,0,0,0,0,0,0,0,0,0,0,0,0,0
5010,Point,100,40,564850,132850,299-W26-16,1523.283919,4,299-W22-91,2429.170974,0,0,0,0,0,0,0,0,0,0,0,0,0,0,0,0,0,0,0
5011,Point,100,41,564950,132850,299-W26-16,1426.72068,4,299-W22-91,2344.89224,0,0,0,0,0,0,0,0,0,0,0,0,0,0,0,0,0,0,0
5012,Point,100,42,565050,132850,299-W26-16,1330.665209,4,299-W22-91,2261.894697,0,0,0,0,0,0,0,0,0,0,0,0,0,0,0,0,0,0,0
5013,Point,100,43,565150,132850,299-W26-16,1235.235969,4,299-W22-91,2180.324659,0,0,0,0,0,0,0,0,0,0,0,0,0,0,0,0,0,0,0
5014,Point,100,44,565250,132850,299-W26-16,1140.590154,4,299-W22-91,2100.348452,0,0,0,0,0,0,0,0,0,0,0,0,0,0,0,0,0,0,0
5015,Point,100,45,565350,132850,299-W26-16,1046.940256,4,299-W22-91,2022.155191,0,0,0,0,0,0,0,0,0,0,0,0,0,0,0,0,0,0,0
5016,Point,100,46,565450,132850,299-W26-16,954.579435,4,299-W22-91,1945.959819,0,0,0,0,0,0,0,0,0,0,0,0,0,0,0,0,0,0,0
5017,Point,100,47,565550,132850,299-W26-16,863.921234,4,299-W22-91,1872.006308,0,0,0,0,0,0,0,0,0,0,0,0,0,0,0,0,0,0,0
5018,Point,100,48,565650,132850,299-W26-16,775.562956,3,299-W22-91,1800.570915,0,0,0,0,0,0,0,0,0,0,0,0,0,0,0,0,0,0,0
5019,Point,100,49,565750,132850,299-W26-16,690.388223,3,299-W22-91,1731.965247,0,0,0,0,0,0,0,0,0,0,0,0,0,0,0,0,0,0,0
5020,Point,100,50,565850,132850,299-W26-16,609.732645,3,299-W22-91,1666.538814,0,0,0,0,0,0,0,0,0,0,0,0,0,0,0,0,0,0,0
5021,Point,100,51,565950,132850,299-W26-16,535.641577,2,299-W22-91,1604.680535,0,0,0,0,0,0,0,0,0,0,0,0,0,0,0,0,0,0,0
5022,Point,100,52,566050,132850,299-W26-16,471.221709,2,299-W22-91,1546.818547,0,0,0,0,0,0,0,0,0,0,0,0,0,0,0,0,0,0,0
5023,Point,100,53,566150,132850,699-32-77B,409.03181,2,299-W22-91,1493.417429,0,0,0,0,0,0,0,0,0,0,0,0,0,0,0,0,0,0,0
5024,Point,100,54,566250,132850,699-32-77B,356.220468,1,299-W22-91,1444.97184,0,0,0,0,0,0,0,0,0,0,0,0,0,0,0,0,0,0,0
5025,Point,100,55,566350,132850,699-32-77B,326.311235,1,299-W22-91,1401.995584,0,0,0,0,0,0,0,0,0,0,0,0,0,0,0,0,0,0,0
5026,Point,100,56,566450,132850,699-32-77B,325.676253,1,299-W22-91,1365.005355,0,0,0,0,0,0,0,0,0,0,0,0,0,0,0,0,0,0,0
5027,Point,100,57,566550,132850,699-32-76,317.377498,1,299-W22-92,1331.759557,0,0,0,0,0,0,0,0,0,0,0,0,0,0,0,0,0,0,0
5028,Point,100,58,566650,132850,699-32-76,289.724829,1,299-W22-92,1288.415895,0,0,0,0,0,0,0,0,0,0,0,0,0,0,0,0,0,0,0
5029,Point,100,59,566750,132850,699-32-76,295.215983,1,299-W22-92,1251.578011,0,0,0,0,0,0,0,0,0,0,0,0,0,0,0,0,0,0,0
5030,Point,100,60,566850,132850,699-32-76,332.211494,1,299-W22-92,1221.834489,0,0,0,0,0,0,0,0,0,0,0,0,0,0,0,0,0,0,0
5031,Point,100,61,566950,132850,699-32-76,391.888347,1,299-W22-92,1199.713098,0,0,0,0,0,0,0,0,0,0,0,0,0,0,0,0,0,0,0
5032,Point,100,62,567050,132850,699-32-76,465.605494,2,299-W22-92,1185.640552,0,0,0,0,0,0,0,0,0,0,0,0,0,0,0,0,0,0,0
5033,Point,100,63,567150,132850,699-32-76,547.722992,2,299-W22-92,1179.904877,0,0,0,0,0,0,0,0,0,0,0,0,0,0,0,0,0,0,0
5034,Point,100,64,567250,132850,699-30-73,535.300353,2,299-W22-92,1182.627379,0,0,0,0,0,0,0,0,0,0,0,0,0,0,0,0,0,0,0
5035,Point,100,65,567350,132850,699-30-73,436.080804,2,299-W22-92,1193.750191,0,0,0,0,0,0,0,0,0,0,0,0,0,0,0,0,0,0,0
5036,Point,100,66,567450,132850,699-30-73,337.322498,1,299-W22-92,1213.042258,0,0,0,0,0,0,0,0,0,0,0,0,0,0,0,0,0,0,0
5037,Point,100,67,567550,132850,699-30-73,239.596468,1,299-W22-92,1240.12238,0,0,0,0,0,0,0,0,0,0,0,0,0,0,0,0,0,0,0
5038,Point,100,68,567650,132850,699-30-73,145.005061,0,299-W22-92,1274.494221,0,0,0,0,0,0,0,0,0,0,0,0,0,0,0,0,0,0,0
5039,Point,100,69,567750,132850,699-30-73,68.165003,0,299-W22-92,1315.586378,0,0,0,0,0,0,0,0,0,0,0,0,0,0,0,0,0,0,0
5040,Point,100,70,567850,132850,699-30-73,90.920117,0,299-W22-92,1362.791077,0,0,0,0,0,0,0,0,0,0,0,0,0,0,0,0,0,0,0
5041,Point,100,71,567950,132850,699-30-73,178.567824,0,299-W22-92,1415.496916,0,0,0,0,0,0,0,0,0,0,0,0,0,0,0,0,0,0,0
5042,Point,100,72,568050,132850,699-30-73,274.784402,1,299-W22-92,1473.113546,0,0,0,0,0,0,0,0,0,0,0,0,0,0,0,0,0,0,0
5043,Point,100,73,568150,132850,699-30-73,372.996605,1,299-W22-92,1535.088114,0,0,0,0,0,0,0,0,0,0,0,0,0,0,0,0,0,0,0
5044,Point,100,74,568250,132850,699-30-70,322.524884,1,299-W22-92,1600.914588,0,0,0,0,0,0,0,0,0,0,0,0,0,0,0,0,0,0,0
5045,Point,100,75,568350,132850,699-30-70,279.707527,1,299-W22-92,1670.137575,0,0,0,0,0,0,0,0,0,0,0,0,0,0,0,0,0,0,0
5046,Point,100,76,568450,132850,699-30-70,269.165935,1,299-W22-92,1742.352295,0,0,0,0,0,0,0,0,0,0,0,0,0,0,0,0,0,0,0
5047,Point,100,77,568550,132850,699-30-70,294.38801,1,299-W22-92,1817.202113,0,0,0,0,0,0,0,0,0,0,0,0,0,0,0,0,0,0,0
5048,Point,100,78,568650,132850,699-30-70,347.675568,1,299-W22-92,1894.374704,0,0,0,0,0,0,0,0,0,0,0,0,0,0,0,0,0,0,0
5049,Point,100,79,568750,132850,699-30-70,418.440319,2,299-W22-92,1973.597608,0,0,0,0,0,0,0,0,0,0,0,0,0,0,0,0,0,0,0
5050,Point,100,80,568850,132850,699-30-70,499.305819,2,299-W22-92,2054.63367,0,0,0,0,0,0,0,0,0,0,0,0,0,0,0,0,0,0,0
5051,Point,100,81,568950,132850,699-30-70,586.106049,2,299-W22-92,2137.276659,0,0,0,0,0,0,0,0,0,0,0,0,0,0,0,0,0,0,0
5052,Point,100,82,569050,132850,699-31-68,594.542143,2,299-W22-92,2221.347231,0,0,0,0,0,0,0,0,0,0,0,0,0,0,0,0,0,0,0
5053,Point,100,83,569150,132850,699-31-68,503.865419,2,299-W22-92,2306.689298,0,0,0,0,0,0,0,0,0,0,0,0,0,0,0,0,0,0,0
5054,Point,100,84,569250,132850,699-31-68,417.468993,2,299-W22-92,2393.166839,0,0,0,0,0,0,0,0,0,0,0,0,0,0,0,0,0,0,0
5055,Point,100,85,569350,132850,699-31-68,338.644888,1,299-W22-92,2480.661105,0,0,0,0,0,0,0,0,0,0,0,0,0,0,0,0,0,0,0
5056,Point,100,86,569450,132850,699-31-68,274.007956,1,299-W22-92,2569.06822,0,0,0,0,0,0,0,0,0,0,0,0,0,0,0,0,0,0,0
5057,Point,100,87,569550,132850,699-31-68,235.542693,1,299-W22-92,2658.297109,0,0,0,0,0,0,0,0,0,0,0,0,0,0,0,0,0,0,0
5058,Point,100,88,569650,132850,699-31-68,236.390271,1,299-W22-92,2748.26773,0,0,0,0,0,0,0,0,0,0,0,0,0,0,0,0,0,0,0
5059,Point,100,89,569750,132850,699-30-66,265.236152,1,299-W22-92,2838.909565,0,0,0,0,0,0,0,0,0,0,0,0,0,0,0,0,0,0,0
5060,Point,100,90,569850,132850,699-30-66,179.315968,0,299-W19-114,2911.118355,0,0,0,0,0,0,0,0,0,0,0,0,0,0,0,0,0,0,0
5061,Point,100,91,569950,132850,699-30-66,118.144896,0,299-W19-114,2978.964934,0,0,0,0,0,0,0,0,0,0,0,0,0,0,0,0,0,0,0
5062,Point,100,92,570050,132850,699-30-66,125.547666,0,299-W19-114,3048.582306,0,0,0,0,0,0,0,0,0,0,0,0,0,0,0,0,0,0,0
5063,Point,100,93,570150,132850,699-30-66,193.820062,0,299-W19-114,3119.851932,0,0,0,0,0,0,0,0,0,0,0,0,0,0,0,0,0,0,0
5064,Point,100,94,570250,132850,699-30-66,281.727202,1,299-W19-114,3192.663164,0,0,0,0,0,0,0,0,0,0,0,0,0,0,0,0,0,0,0
5065,Point,100,95,570350,132850,699-30-66,375.731575,1,299-W19-114,3266.912928,0,0,0,0,0,0,0,0,0,0,0,0,0,0,0,0,0,0,0
5066,Point,100,96,570450,132850,699-30-63,319.232877,1,299-W19-114,3342.505359,0,0,0,0,0,0,0,0,0,0,0,0,0,0,0,0,0,0,0
5067,Point,100,97,570550,132850,699-30-63,241.928976,1,299-W19-114,3419.351412,0,0,0,0,0,0,0,0,0,0,0,0,0,0,0,0,0,0,0
5068,Point,100,98,570650,132850,699-30-63,187.482345,0,299-W19-114,3497.36845,0,0,0,0,0,0,0,0,0,0,0,0,0,0,0,0,0,0,0
5069,Point,100,99,570750,132850,699-30-63,178.24037,0,299-W19-114,3576.479844,0,0,0,0,0,0,0,0,0,0,0,0,0,0,0,0,0,0,0
5070,Point,100,100,570850,132850,699-30-63,219.97643,1,299-W19-114,3656.614565,0,0,0,0,0,0,0,0,0,0,0,0,0,0,0,0,0,0,0
5071,Point,100,101,570950,132850,699-30-63,291.564109,1,299-W19-114,3737.706794,0,0,0,0,0,0,0,0,0,0,0,0,0,0,0,0,0,0,0
5072,Point,100,102,571050,132850,699-32-62,368.152381,1,299-W19-114,3819.695548,0,0,0,0,0,0,0,0,0,0,0,0,0,0,0,0,0,0,0
5073,Point,100,103,571150,132850,699-32-62,391.94818,1,299-W19-114,3902.524321,0,0,0,0,0,0,0,0,0,0,0,0,0,0,0,0,0,0,0
5074,Point,100,104,571250,132850,699-32-62,437.847663,2,299-W19-114,3986.14075,0,0,0,0,0,0,0,0,0,0,0,0,0,0,0,0,0,0,0
5075,Point,100,105,571350,132850,699-32-62,499.797735,2,299-W19-114,4070.496294,0,0,0,0,0,0,0,0,0,0,0,0,0,0,0,0,0,0,0
5076,Point,100,106,571450,132850,699-32-62,572.612413,2,299-W19-114,4155.545942,0,0,0,0,0,0,0,0,0,0,0,0,0,0,0,0,0,0,0
5077,Point,100,107,571550,132850,699-32-59,604.476723,3,299-W19-114,4241.247939,0,0,0,0,0,0,0,0,0,0,0,0,0,0,0,0,0,0,0
5078,Point,100,108,571650,132850,699-32-59,570.417486,2,299-W19-114,4327.563527,0,0,0,0,0,0,0,0,0,0,0,0,0,0,0,0,0,0,0
5079,Point,100,109,571750,132850,699-32-59,552.593982,2,299-W19-114,4414.456714,0,0,0,0,0,0,0,0,0,0,0,0,0,0,0,0,0,0,0
5080,Point,100,110,571850,132850,699-32-59,552.579505,2,299-W19-114,4501.894054,0,0,0,0,0,0,0,0,0,0,0,0,0,0,0,0,0,0,0
5081,Point,100,111,571950,132850,699-32-59,570.37541,2,299-W19-114,4589.84445,0,0,0,0,0,0,0,0,0,0,0,0,0,0,0,0,0,0,0
5082,Point,100,112,572050,132850,699-32-59,604.410547,3,299-W19-114,4678.278965,0,0,0,0,0,0,0,0,0,0,0,0,0,0,0,0,0,0,0
5083,Point,100,113,572150,132850,699-32-59,652.147306,3,299-W19-114,4767.170657,0,0,0,0,0,0,0,0,0,0,0,0,0,0,0,0,0,0,0
5084,Point,101,32,564050,132750,699-26-89,1872.586213,4,299-W22-91,3179.086916,0,0,0,0,0,0,0,0,0,0,0,0,0,0,0,0,0,0,0
5085,Point,101,33,564150,132750,699-26-89,1941.865373,4,299-W22-91,3089.375603,0,0,0,0,0,0,0,0,0,0,0,0,0,0,0,0,0,0,0
5086,Point,101,34,564250,132750,699-26-89,2013.728662,4,299-W22-91,3000.31492,0,0,0,0,0,0,0,0,0,0,0,0,0,0,0,0,0,0,0
5087,Point,101,35,564350,132750,299-W26-16,2032.568301,4,299-W22-91,2911.964563,0,0,0,0,0,0,0,0,0,0,0,0,0,0,0,0,0,0,0
5088,Point,101,36,564450,132750,299-W26-16,1935.580507,4,299-W22-91,2824.391194,0,0,0,0,0,0,0,0,0,0,0,0,0,0,0,0,0,0,0
5089,Point,101,37,564550,132750,299-W26-16,1838.915414,4,299-W22-91,2737.669377,0,0,0,0,0,0,0,0,0,0,0,0,0,0,0,0,0,0,0
5090,Point,101,38,564650,132750,299-W26-16,1742.626724,4,299-W22-91,2651.882655,0,0,0,0,0,0,0,0,0,0,0,0,0,0,0,0,0,0,0
5091,Point,101,39,564750,132750,299-W26-16,1646.780465,4,299-W22-91,2567.124777,0,0,0,0,0,0,0,0,0,0,0,0,0,0,0,0,0,0,0
5092,Point,101,40,564850,132750,299-W26-16,1551.458636,4,299-W22-91,2483.501081,0,0,0,0,0,0,0,0,0,0,0,0,0,0,0,0,0,0,0
5093,Point,101,41,564950,132750,299-W26-16,1456.764188,4,299-W22-91,2401.130071,0,0,0,0,0,0,0,0,0,0,0,0,0,0,0,0,0,0,0
5094,Point,101,42,565050,132750,299-W26-16,1362.827905,4,299-W22-91,2320.145172,0,0,0,0,0,0,0,0,0,0,0,0,0,0,0,0,0,0,0
5095,Point,101,43,565150,132750,299-W26-16,1269.818057,4,299-W22-91,2240.696682,0,0,0,0,0,0,0,0,0,0,0,0,0,0,0,0,0,0,0
5096,Point,101,44,565250,132750,299-W26-16,1177.954116,4,299-W22-91,2162.95391,0,0,0,0,0,0,0,0,0,0,0,0,0,0,0,0,0,0,0
5097,Point,101,45,565350,132750,299-W26-16,1087.526505,4,299-W22-91,2087.107477,0,0,0,0,0,0,0,0,0,0,0,0,0,0,0,0,0,0,0
5098,Point,101,46,565450,132750,299-W26-16,998.925372,4,299-W22-91,2013.371704,0,0,0,0,0,0,0,0,0,0,0,0,0,0,0,0,0,0,0
5099,Point,101,47,565550,132750,299-W26-16,912.682803,4,299-W22-91,1941.987028,0,0,0,0,0,0,0,0,0,0,0,0,0,0,0,0,0,0,0
5100,Point,101,48,565650,132750,299-W26-16,829.534748,4,299-W22-91,1873.222255,0,0,0,0,0,0,0,0,0,0,0,0,0,0,0,0,0,0,0
5101,Point,101,49,565750,132750,299-W26-16,750.510425,3,299-W22-91,1807.376446,0,0,0,0,0,0,0,0,0,0,0,0,0,0,0,0,0,0,0
5102,Point,101,50,565850,132750,299-W26-16,677.055314,3,299-W22-91,1744.780106,0,0,0,0,0,0,0,0,0,0,0,0,0,0,0,0,0,0,0
5103,Point,101,51,565950,132750,299-W26-16,611.180741,3,299-W22-91,1685.795248,0,0,0,0,0,0,0,0,0,0,0,0,0,0,0,0,0,0,0
5104,Point,101,52,566050,132750,699-32-77B,549.679017,2,299-W22-91,1630.81379,0,0,0,0,0,0,0,0,0,0,0,0,0,0,0,0,0,0,0
5105,Point,101,53,566150,132750,699-32-77B,491.663525,2,299-W22-91,1580.253656,0,0,0,0,0,0,0,0,0,0,0,0,0,0,0,0,0,0,0
5106,Point,101,54,566250,132750,699-32-77B,448.685883,2,299-W22-91,1534.551928,0,0,0,0,0,0,0,0,0,0,0,0,0,0,0,0,0,0,0
5107,Point,101,55,566350,132750,699-32-77B,425.32931,2,299-W22-91,1494.154483,0,0,0,0,0,0,0,0,0,0,0,0,0,0,0,0,0,0,0
5108,Point,101,56,566450,132750,699-32-77B,424.842349,2,299-W22-91,1459.501839,0,0,0,0,0,0,0,0,0,0,0,0,0,0,0,0,0,0,0
5109,Point,101,57,566550,132750,699-32-76,410.212721,2,299-W22-92,1421.104331,0,0,0,0,0,0,0,0,0,0,0,0,0,0,0,0,0,0,0
5110,Point,101,58,566650,132750,699-32-76,389.212637,1,299-W22-92,1380.568549,0,0,0,0,0,0,0,0,0,0,0,0,0,0,0,0,0,0,0
5111,Point,101,59,566750,132750,699-32-76,393.317272,1,299-W22-92,1346.254626,0,0,0,0,0,0,0,0,0,0,0,0,0,0,0,0,0,0,0
5112,Point,101,60,566850,132750,699-32-76,421.794353,2,299-W22-92,1318.648368,0,0,0,0,0,0,0,0,0,0,0,0,0,0,0,0,0,0,0
5113,Point,101,61,566950,132750,699-32-76,470.236618,2,299-W22-92,1298.177768,0,0,0,0,0,0,0,0,0,0,0,0,0,0,0,0,0,0,0
5114,Point,101,62,567050,132750,699-32-76,533.230228,2,299-W22-92,1285.183846,0,0,0,0,0,0,0,0,0,0,0,0,0,0,0,0,0,0,0
5115,Point,101,63,567150,132750,699-32-76,606.256115,3,299-W22-92,1279.894339,0,0,0,0,0,0,0,0,0,0,0,0,0,0,0,0,0,0,0
5116,Point,101,64,567250,132750,699-30-73,533.383978,2,299-W22-92,1282.404585,0,0,0,0,0,0,0,0,0,0,0,0,0,0,0,0,0,0,0
5117,Point,101,65,567350,132750,699-30-73,433.726259,2,299-W22-92,1292.669145,0,0,0,0,0,0,0,0,0,0,0,0,0,0,0,0,0,0,0
5118,Point,101,66,567450,132750,699-30-73,334.273043,1,299-W22-92,1310.505825,0,0,0,0,0,0,0,0,0,0,0,0,0,0,0,0,0,0,0
5119,Point,101,67,567550,132750,699-30-73,235.283802,1,299-W22-92,1335.61129,0,0,0,0,0,0,0,0,0,0,0,0,0,0,0,0,0,0,0
5120,Point,101,68,567650,132750,699-30-73,137.762359,0,299-W22-92,1367.585287,0,0,0,0,0,0,0,0,0,0,0,0,0,0,0,0,0,0,0
5121,Point,101,69,567750,132750,699-30-73,50.975167,0,299-W22-92,1405.959288,0,0,0,0,0,0,0,0,0,0,0,0,0,0,0,0,0,0,0
5122,Point,101,70,567850,132750,699-30-73,78.857261,0,299-W22-92,1450.225334,0,0,0,0,0,0,0,0,0,0,0,0,0,0,0,0,0,0,0
5123,Point,101,71,567950,132750,699-30-73,172.738147,0,299-W22-92,1499.861833,0,0,0,0,0,0,0,0,0,0,0,0,0,0,0,0,0,0,0
5124,Point,101,72,568050,132750,699-30-73,271.032226,1,299-W22-92,1554.354374,0,0,0,0,0,0,0,0,0,0,0,0,0,0,0,0,0,0,0
5125,Point,101,73,568150,132750,699-30-70,325.791805,1,299-W22-92,1613.210934,0,0,0,0,0,0,0,0,0,0,0,0,0,0,0,0,0,0,0
5126,Point,101,74,568250,132750,699-30-70,245.671123,1,299-W22-92,1675.971813,0,0,0,0,0,0,0,0,0,0,0,0,0,0,0,0,0,0,0
5127,Point,101,75,568350,132750,699-30-70,185.925524,0,299-W22-92,1742.215118,0,0,0,0,0,0,0,0,0,0,0,0,0,0,0,0,0,0,0
5128,Point,101,76,568450,132750,699-30-70,169.653472,0,299-W22-92,1811.558864,0,0,0,0,0,0,0,0,0,0,0,0,0,0,0,0,0,0,0
5129,Point,101,77,568550,132750,699-30-70,207.355493,1,299-W22-92,1883.66067,0,0,0,0,0,0,0,0,0,0,0,0,0,0,0,0,0,0,0
5130,Point,101,78,568650,132750,699-30-70,277.867415,1,299-W22-92,1958.215902,0,0,0,0,0,0,0,0,0,0,0,0,0,0,0,0,0,0,0
5131,Point,101,79,568750,132750,699-30-70,362.524896,1,299-W22-92,2034.954918,0,0,0,0,0,0,0,0,0,0,0,0,0,0,0,0,0,0,0
5132,Point,101,80,568850,132750,699-30-70,453.473594,2,299-W22-92,2113.639874,0,0,0,0,0,0,0,0,0,0,0,0,0,0,0,0,0,0,0
5133,Point,101,81,568950,132750,699-30-70,547.58771,2,299-W22-92,2194.061421,0,0,0,0,0,0,0,0,0,0,0,0,0,0,0,0,0,0,0
5134,Point,101,82,569050,132750,699-31-68,640.000281,3,299-W22-92,2276.035483,0,0,0,0,0,0,0,0,0,0,0,0,0,0,0,0,0,0,0
5135,Point,101,83,569150,132750,699-31-68,556.77676,2,299-W22-92,2359.400246,0,0,0,0,0,0,0,0,0,0,0,0,0,0,0,0,0,0,0
5136,Point,101,84,569250,132750,699-31-68,480.000375,2,299-W22-92,2444.013404,0,0,0,0,0,0,0,0,0,0,0,0,0,0,0,0,0,0,0
5137,Point,101,85,569350,132750,699-31-68,413.280002,2,299-W22-92,2529.749695,0,0,0,0,0,0,0,0,0,0,0,0,0,0,0,0,0,0,0
5138,Point,101,86,569450,132750,699-31-68,362.215902,1,299-W22-92,2616.498714,0,0,0,0,0,0,0,0,0,0,0,0,0,0,0,0,0,0,0
5139,Point,101,87,569550,132750,699-31-68,334.066401,1,299-W22-92,2704.162998,0,0,0,0,0,0,0,0,0,0,0,0,0,0,0,0,0,0,0
5140,Point,101,88,569650,132750,699-31-68,334.664548,1,299-W22-92,2792.656355,0,0,0,0,0,0,0,0,0,0,0,0,0,0,0,0,0,0,0
5141,Point,101,89,569750,132750,699-30-66,241.222338,1,299-W22-92,2881.902413,0,0,0,0,0,0,0,0,0,0,0,0,0,0,0,0,0,0,0
5142,Point,101,90,569850,132750,699-30-66,141.393835,0,299-W22-92,2971.83336,0,0,0,0,0,0,0,0,0,0,0,0,0,0,0,0,0,0,0
5143,Point,101,91,569950,132750,699-30-66,42.381794,0,299-W19-114,3052.355496,0,0,0,0,0,0,0,0,0,0,0,0,0,0,0,0,0,0,0
5144,Point,101,92,570050,132750,699-30-66,60.001804,0,299-W19-114,3120.335892,0,0,0,0,0,0,0,0,0,0,0,0,0,0,0,0,0,0,0
5145,Point,101,93,570150,132750,699-30-66,159.387002,0,299-W19-114,3190.002833,0,0,0,0,0,0,0,0,0,0,0,0,0,0,0,0,0,0,0
5146,Point,101,94,570250,132750,699-30-66,259.245475,1,299-W19-114,3261.248239,0,0,0,0,0,0,0,0,0,0,0,0,0,0,0,0,0,0,0
5147,Point,101,95,570350,132750,699-30-66,359.182706,1,299-W19-114,3333.970917,0,0,0,0,0,0,0,0,0,0,0,0,0,0,0,0,0,0,0
5148,Point,101,96,570450,132750,699-30-63,277.275368,1,299-W19-114,3408.076301,0,0,0,0,0,0,0,0,0,0,0,0,0,0,0,0,0,0,0
5149,Point,101,97,570550,132750,699-30-63,183.034504,0,299-W19-114,3483.476148,0,0,0,0,0,0,0,0,0,0,0,0,0,0,0,0,0,0,0
5150,Point,101,98,570650,132750,699-30-63,100.60631,0,299-W19-114,3560.088212,0,0,0,0,0,0,0,0,0,0,0,0,0,0,0,0,0,0,0
5151,Point,101,99,570750,132750,699-30-63,82.107427,0,299-W19-114,3637.835906,0,0,0,0,0,0,0,0,0,0,0,0,0,0,0,0,0,0,0
5152,Point,101,100,570850,132750,699-30-63,152.845116,0,299-W19-114,3716.647962,0,0,0,0,0,0,0,0,0,0,0,0,0,0,0,0,0,0,0
5153,Point,101,101,570950,132750,699-30-63,244.911473,1,299-W19-114,3796.458096,0,0,0,0,0,0,0,0,0,0,0,0,0,0,0,0,0,0,0
5154,Point,101,102,571050,132750,699-30-63,341.469808,1,299-W19-114,3877.204673,0,0,0,0,0,0,0,0,0,0,0,0,0,0,0,0,0,0,0
5155,Point,101,103,571150,132750,699-30-63,439.569823,2,299-W19-114,3958.830392,0,0,0,0,0,0,0,0,0,0,0,0,0,0,0,0,0,0,0
5156,Point,101,104,571250,132750,699-32-62,524.30485,2,299-W19-114,4041.281984,0,0,0,0,0,0,0,0,0,0,0,0,0,0,0,0,0,0,0
5157,Point,101,105,571350,132750,699-32-62,577.046598,2,299-W19-114,4124.50992,0,0,0,0,0,0,0,0,0,0,0,0,0,0,0,0,0,0,0
5158,Point,101,106,571450,132750,699-32-62,641.14739,3,299-W19-114,4208.468139,0,0,0,0,0,0,0,0,0,0,0,0,0,0,0,0,0,0,0
5159,Point,101,107,571550,132750,699-32-59,696.746804,3,299-W19-114,4293.113797,0,0,0,0,0,0,0,0,0,0,0,0,0,0,0,0,0,0,0
5160,Point,101,108,571650,132750,699-32-59,667.412997,3,299-W19-114,4378.407025,0,0,0,0,0,0,0,0,0,0,0,0,0,0,0,0,0,0,0
5161,Point,101,109,571750,132750,699-32-59,652.245436,3,299-W19-114,4464.310706,0,0,0,0,0,0,0,0,0,0,0,0,0,0,0,0,0,0,0
5162,Point,101,110,571850,132750,699-32-59,652.233171,3,299-W19-114,4550.790269,0,0,0,0,0,0,0,0,0,0,0,0,0,0,0,0,0,0,0
5163,Point,101,111,571950,132750,699-32-59,667.377036,3,299-W19-114,4637.813502,0,0,0,0,0,0,0,0,0,0,0,0,0,0,0,0,0,0,0
5164,Point,101,112,572050,132750,699-32-59,696.689392,3,299-W19-114,4725.350365,0,0,0,0,0,0,0,0,0,0,0,0,0,0,0,0,0,0,0
5165,Point,101,113,572150,132750,699-32-59,738.485009,3,299-W19-114,4813.372838,0,0,0,0,0,0,0,0,0,0,0,0,0,0,0,0,0,0,0
5166,Point,102,32,564050,132650,699-26-89,1800.444147,4,299-W22-91,3223.8951,0,0,0,0,0,0,0,0,0,0,0,0,0,0,0,0,0,0,0
5167,Point,102,33,564150,132650,699-26-89,1872.39449,4,299-W22-91,3135.466093,0,0,0,0,0,0,0,0,0,0,0,0,0,0,0,0,0,0,0
5168,Point,102,34,564250,132650,699-26-89,1946.823856,4,299-W22-91,3047.752552,0,0,0,0,0,0,0,0,0,0,0,0,0,0,0,0,0,0,0
5169,Point,102,35,564350,132650,699-26-89,2023.458704,4,299-W22-91,2960.818066,0,0,0,0,0,0,0,0,0,0,0,0,0,0,0,0,0,0,0
5170,Point,102,36,564450,132650,299-W26-16,1962.931965,4,299-W22-91,2874.733313,0,0,0,0,0,0,0,0,0,0,0,0,0,0,0,0,0,0,0
5171,Point,102,37,564550,132650,299-W26-16,1867.683029,4,299-W22-91,2789.57696,0,0,0,0,0,0,0,0,0,0,0,0,0,0,0,0,0,0,0
5172,Point,102,38,564650,132650,299-W26-16,1772.957388,4,299-W22-91,2705.436678,0,0,0,0,0,0,0,0,0,0,0,0,0,0,0,0,0,0,0
5173,Point,102,39,564750,132650,299-W26-16,1678.843619,4,299-W22-91,2622.410269,0,0,0,0,0,0,0,0,0,0,0,0,0,0,0,0,0,0,0
5174,Point,102,40,564850,132650,299-W26-16,1585.450693,4,299-W22-91,2540.606939,0,0,0,0,0,0,0,0,0,0,0,0,0,0,0,0,0,0,0
5175,Point,102,41,564950,132650,299-W26-16,1492.913895,4,299-W22-91,2460.148698,0,0,0,0,0,0,0,0,0,0,0,0,0,0,0,0,0,0,0
5176,Point,102,42,565050,132650,299-W26-16,1401.402832,4,299-W22-91,2381.1719,0,0,0,0,0,0,0,0,0,0,0,0,0,0,0,0,0,0,0
5177,Point,102,43,565150,132650,299-W26-16,1311.132296,4,299-W22-91,2303.828904,0,0,0,0,0,0,0,0,0,0,0,0,0,0,0,0,0,0,0
5178,Point,102,44,565250,132650,299-W26-16,1222.377151,4,299-W22-91,2228.289842,0,0,0,0,0,0,0,0,0,0,0,0,0,0,0,0,0,0,0
5179,Point,102,45,565350,132650,299-W26-16,1135.4928,4,299-W22-91,2154.744444,0,0,0,0,0,0,0,0,0,0,0,0,0,0,0,0,0,0,0
5180,Point,102,46,565450,132650,299-W26-16,1050.943337,4,299-W22-91,2083.403854,0,0,0,0,0,0,0,0,0,0,0,0,0,0,0,0,0,0,0
5181,Point,102,47,565550,132650,299-W26-16,969.339929,4,299-W22-91,2014.502325,0,0,0,0,0,0,0,0,0,0,0,0,0,0,0,0,0,0,0
5182,Point,102,48,565650,132650,299-W26-16,891.491951,4,299-W22-91,1948.298647,0,0,0,0,0,0,0,0,0,0,0,0,0,0,0,0,0,0,0
5183,Point,102,49,565750,132650,299-W26-16,818.471685,4,299-W22-91,1885.077086,0,0,0,0,0,0,0,0,0,0,0,0,0,0,0,0,0,0,0
5184,Point,102,50,565850,132650,299-W26-16,751.687368,3,299-W22-91,1825.147561,0,0,0,0,0,0,0,0,0,0,0,0,0,0,0,0,0,0,0
5185,Point,102,51,565950,132650,699-32-77B,690.64247,3,299-W22-91,1768.844713,0,0,0,0,0,0,0,0,0,0,0,0,0,0,0,0,0,0,0
5186,Point,102,52,566050,132650,699-32-77B,629.74044,3,299-W22-91,1716.525449,0,0,0,0,0,0,0,0,0,0,0,0,0,0,0,0,0,0,0
5187,Point,102,53,566150,132650,699-32-77B,579.792223,2,299-W22-91,1668.564538,0,0,0,0,0,0,0,0,0,0,0,0,0,0,0,0,0,0,0
5188,Point,102,54,566250,132650,699-32-77B,543.82444,2,299-W22-91,1625.347845,0,0,0,0,0,0,0,0,0,0,0,0,0,0,0,0,0,0,0
5189,Point,102,55,566350,132650,699-32-77B,524.719946,2,299-W22-91,1587.262933,0,0,0,0,0,0,0,0,0,0,0,0,0,0,0,0,0,0,0
5190,Point,102,56,566450,132650,699-32-77B,524.325302,2,299-W22-91,1554.686984,0,0,0,0,0,0,0,0,0,0,0,0,0,0,0,0,0,0,0
5191,Point,102,57,566550,132650,699-32-76,505.786987,2,299-W22-92,1511.784217,0,0,0,0,0,0,0,0,0,0,0,0,0,0,0,0,0,0,0
5192,Point,102,58,566650,132650,699-32-76,488.909477,2,299-W22-92,1473.744726,0,0,0,0,0,0,0,0,0,0,0,0,0,0,0,0,0,0,0
5193,Point,102,59,566750,132650,699-32-76,492.183377,2,299-W22-92,1441.650276,0,0,0,0,0,0,0,0,0,0,0,0,0,0,0,0,0,0,0
5194,Point,102,60,566850,132650,699-32-76,515.224685,2,299-W22-92,1415.905194,0,0,0,0,0,0,0,0,0,0,0,0,0,0,0,0,0,0,0
5195,Point,102,61,566950,132650,699-32-76,555.579406,2,299-W22-92,1396.860594,0,0,0,0,0,0,0,0,0,0,0,0,0,0,0,0,0,0,0
5196,Point,102,62,567050,132650,699-32-76,609.820036,3,299-W22-92,1384.792951,0,0,0,0,0,0,0,0,0,0,0,0,0,0,0,0,0,0,0
5197,Point,102,63,567150,132650,699-30-73,647.171127,3,299-W22-92,1379.885328,0,0,0,0,0,0,0,0,0,0,0,0,0,0,0,0,0,0,0
5198,Point,102,64,567250,132650,699-30-73,549.954969,2,299-W22-92,1382.213992,0,0,0,0,0,0,0,0,0,0,0,0,0,0,0,0,0,0,0
5199,Point,102,65,567350,132650,699-30-73,453.949851,2,299-W22-92,1391.742619,0,0,0,0,0,0,0,0,0,0,0,0,0,0,0,0,0,0,0
5200,Point,102,66,567450,132650,699-30-73,360.125628,1,299-W22-92,1408.325076,0,0,0,0,0,0,0,0,0,0,0,0,0,0,0,0,0,0,0
5201,Point,102,67,567550,132650,699-30-73,270.759058,1,299-W22-92,1431.716284,0,0,0,0,0,0,0,0,0,0,0,0,0,0,0,0,0,0,0
5202,Point,102,68,567650,132650,699-30-73,192.173015,0,299-W22-92,1461.589381,0,0,0,0,0,0,0,0,0,0,0,0,0,0,0,0,0,0,0
5203,Point,102,69,567750,132650,699-30-73,143.354343,0,299-W22-92,1497.556516,0,0,0,0,0,0,0,0,0,0,0,0,0,0,0,0,0,0,0
5204,Point,102,70,567850,132650,699-30-73,155.468542,0,299-W22-92,1539.19054,0,0,0,0,0,0,0,0,0,0,0,0,0,0,0,0,0,0,0
5205,Point,102,71,567950,132650,699-30-73,218.61031,1,299-W22-92,1586.045245,0,0,0,0,0,0,0,0,0,0,0,0,0,0,0,0,0,0,0
5206,Point,102,72,568050,132650,699-30-73,302.341641,1,299-W22-92,1637.672592,0,0,0,0,0,0,0,0,0,0,0,0,0,0,0,0,0,0,0
5207,Point,102,73,568150,132650,699-30-70,287.17991,1,299-W22-92,1693.636182,0,0,0,0,0,0,0,0,0,0,0,0,0,0,0,0,0,0,0
5208,Point,102,74,568250,132650,699-30-70,191.536682,0,299-W22-92,1753.520892,0,0,0,0,0,0,0,0,0,0,0,0,0,0,0,0,0,0,0
5209,Point,102,75,568350,132650,699-30-70,104.404504,0,299-W22-92,1816.939052,0,0,0,0,0,0,0,0,0,0,0,0,0,0,0,0,0,0,0
5210,Point,102,76,568450,132650,699-30-70,71.514338,0,299-W22-92,1883.533785,0,0,0,0,0,0,0,0,0,0,0,0,0,0,0,0,0,0,0
5211,Point,102,77,568550,132650,699-30-70,139.026258,0,299-W22-92,1952.980163,0,0,0,0,0,0,0,0,0,0,0,0,0,0,0,0,0,0,0
5212,Point,102,78,568650,132650,699-30-70,231.392093,1,299-W22-92,2024.984819,0,0,0,0,0,0,0,0,0,0,0,0,0,0,0,0,0,0,0
5213,Point,102,79,568750,132650,699-30-70,328.262548,1,299-W22-92,2099.284525,0,0,0,0,0,0,0,0,0,0,0,0,0,0,0,0,0,0,0
5214,Point,102,80,568850,132650,699-30-70,426.57977,2,299-W22-92,2175.644162,0,0,0,0,0,0,0,0,0,0,0,0,0,0,0,0,0,0,0
5215,Point,102,81,568950,132650,699-30-70,525.532397,2,299-W22-92,2253.854369,0,0,0,0,0,0,0,0,0,0,0,0,0,0,0,0,0,0,0
5216,Point,102,82,569050,132650,699-30-70,624.818614,3,299-W22-92,2333.729101,0,0,0,0,0,0,0,0,0,0,0,0,0,0,0,0,0,0,0
5217,Point,102,83,569150,132650,699-31-68,621.385838,3,299-W22-92,2415.103211,0,0,0,0,0,0,0,0,0,0,0,0,0,0,0,0,0,0,0
5218,Point,102,84,569250,132650,699-31-68,553.642809,2,299-W22-92,2497.830162,0,0,0,0,0,0,0,0,0,0,0,0,0,0,0,0,0,0,0
5219,Point,102,85,569350,132650,699-31-68,496.910817,2,299-W22-92,2581.779913,0,0,0,0,0,0,0,0,0,0,0,0,0,0,0,0,0,0,0
5220,Point,102,86,569450,132650,699-31-68,455.324456,2,299-W22-92,2666.836988,0,0,0,0,0,0,0,0,0,0,0,0,0,0,0,0,0,0,0
5221,Point,102,87,569550,132650,699-31-68,433.267077,2,299-W22-92,2752.898748,0,0,0,0,0,0,0,0,0,0,0,0,0,0,0,0,0,0,0
5222,Point,102,88,569650,132650,699-30-66,352.451722,1,299-W22-92,2839.873856,0,0,0,0,0,0,0,0,0,0,0,0,0,0,0,0,0,0,0
5223,Point,102,89,569750,132650,699-30-66,256.95567,1,299-W22-92,2927.680911,0,0,0,0,0,0,0,0,0,0,0,0,0,0,0,0,0,0,0
5224,Point,102,90,569850,132650,699-30-66,166.823909,0,299-W22-92,3016.247258,0,0,0,0,0,0,0,0,0,0,0,0,0,0,0,0,0,0,0
5225,Point,102,91,569950,132650,699-30-66,98.154045,0,299-W22-92,3105.507932,0,0,0,0,0,0,0,0,0,0,0,0,0,0,0,0,0,0,0
5226,Point,102,92,570050,132650,699-30-66,106.949598,0,299-W19-114,3193.608942,0,0,0,0,0,0,0,0,0,0,0,0,0,0,0,0,0,0,0
5227,Point,102,93,570150,132650,699-30-66,182.324481,0,299-W19-114,3261.711219,0,0,0,0,0,0,0,0,0,0,0,0,0,0,0,0,0,0,0
5228,Point,102,94,570250,132650,699-30-66,273.945645,1,299-W19-114,3331.423431,0,0,0,0,0,0,0,0,0,0,0,0,0,0,0,0,0,0,0
5229,Point,102,95,570350,132650,699-30-63,367.741254,1,299-W19-114,3402.646628,0,0,0,0,0,0,0,0,0,0,0,0,0,0,0,0,0,0,0
5230,Point,102,96,570450,132650,699-30-63,268.055273,1,299-W19-114,3475.287913,0,0,0,0,0,0,0,0,0,0,0,0,0,0,0,0,0,0,0
5231,Point,102,97,570550,132650,699-30-63,168.74131,0,299-W19-114,3549.260215,0,0,0,0,0,0,0,0,0,0,0,0,0,0,0,0,0,0,0
5232,Point,102,98,570650,132650,699-30-63,71.369669,0,299-W19-114,3624.482042,0,0,0,0,0,0,0,0,0,0,0,0,0,0,0,0,0,0,0
5233,Point,102,99,570750,132650,699-30-63,41.396009,0,299-W19-114,3700.877204,0,0,0,0,0,0,0,0,0,0,0,0,0,0,0,0,0,0,0
5234,Point,102,100,570850,132650,699-30-63,135.401734,0,299-W19-114,3778.374528,0,0,0,0,0,0,0,0,0,0,0,0,0,0,0,0,0,0,0
5235,Point,102,101,570950,132650,699-30-63,234.421905,1,299-W19-114,3856.907579,0,0,0,0,0,0,0,0,0,0,0,0,0,0,0,0,0,0,0
5236,Point,102,102,571050,132650,699-30-63,334.026391,1,299-W19-114,3936.414368,0,0,0,0,0,0,0,0,0,0,0,0,0,0,0,0,0,0,0
5237,Point,102,103,571150,132650,699-30-63,433.812897,2,299-W19-114,4016.837074,0,0,0,0,0,0,0,0,0,0,0,0,0,0,0,0,0,0,0
5238,Point,102,104,571250,132650,699-30-63,533.679332,2,299-W19-114,4098.121774,0,0,0,0,0,0,0,0,0,0,0,0,0,0,0,0,0,0,0
5239,Point,102,105,571350,132650,699-30-63,633.587902,3,299-W19-114,4180.218185,0,0,0,0,0,0,0,0,0,0,0,0,0,0,0,0,0,0,0
5240,Point,102,106,571450,132650,699-32-62,717.115734,3,299-W19-114,4263.079412,0,0,0,0,0,0,0,0,0,0,0,0,0,0,0,0,0,0,0
5241,Point,102,107,571550,132650,699-32-62,782.522955,3,299-W19-114,4346.661716,0,0,0,0,0,0,0,0,0,0,0,0,0,0,0,0,0,0,0
5242,Point,102,108,571650,132650,699-32-59,765.182402,3,299-W19-114,4430.924291,0,0,0,0,0,0,0,0,0,0,0,0,0,0,0,0,0,0,0
5243,Point,102,109,571750,132650,699-32-59,751.989434,3,299-W19-114,4515.829057,0,0,0,0,0,0,0,0,0,0,0,0,0,0,0,0,0,0,0
5244,Point,102,110,571850,132650,699-32-59,751.978795,3,299-W19-114,4601.340465,0,0,0,0,0,0,0,0,0,0,0,0,0,0,0,0,0,0,0
5245,Point,102,111,571950,132650,699-32-59,765.151037,3,299-W19-114,4687.425314,0,0,0,0,0,0,0,0,0,0,0,0,0,0,0,0,0,0,0
5246,Point,102,112,572050,132650,699-32-59,790.847715,3,299-W19-114,4774.052584,0,0,0,0,0,0,0,0,0,0,0,0,0,0,0,0,0,0,0
5247,Point,102,113,572150,132650,699-32-59,827.903442,4,299-W19-114,4861.193277,0,0,0,0,0,0,0,0,0,0,0,0,0,0,0,0,0,0,0
5248,Point,103,32,564050,132550,699-26-89,1731.074558,4,299-W22-91,3271.147447,0,0,0,0,0,0,0,0,0,0,0,0,0,0,0,0,0,0,0
5249,Point,103,33,564150,132550,699-26-89,1805.790997,4,299-W22-91,3184.031033,0,0,0,0,0,0,0,0,0,0,0,0,0,0,0,0,0,0,0
5250,Point,103,34,564250,132550,699-26-89,1882.855046,4,299-W22-91,3097.692951,0,0,0,0,0,0,0,0,0,0,0,0,0,0,0,0,0,0,0
5251,Point,103,35,564350,132550,699-26-89,1961.990093,4,299-W22-91,3012.200129,0,0,0,0,0,0,0,0,0,0,0,0,0,0,0,0,0,0,0
5252,Point,103,36,564450,132550,299-W26-16,1994.92654,4,299-W22-91,2927.626619,0,0,0,0,0,0,0,0,0,0,0,0,0,0,0,0,0,0,0
5253,Point,103,37,564550,132550,299-W26-16,1901.28112,4,299-W22-91,2844.054433,0,0,0,0,0,0,0,0,0,0,0,0,0,0,0,0,0,0,0
5254,Point,103,38,564650,132550,299-W26-16,1808.316316,4,299-W22-91,2761.574482,0,0,0,0,0,0,0,0,0,0,0,0,0,0,0,0,0,0,0
5255,Point,103,39,564750,132550,299-W26-16,1716.142738,4,299-W22-91,2680.2876,0,0,0,0,0,0,0,0,0,0,0,0,0,0,0,0,0,0,0
5256,Point,103,40,564850,132550,299-W26-16,1624.895042,4,299-W22-91,2600.305678,0,0,0,0,0,0,0,0,0,0,0,0,0,0,0,0,0,0,0
5257,Point,103,41,564950,132550,299-W26-16,1534.738381,4,299-W22-91,2521.752886,0,0,0,0,0,0,0,0,0,0,0,0,0,0,0,0,0,0,0
5258,Point,103,42,565050,132550,299-W26-16,1445.876861,4,299-W22-91,2444.766987,0,0,0,0,0,0,0,0,0,0,0,0,0,0,0,0,0,0,0
5259,Point,103,43,565150,132550,299-W26-16,1358.564646,4,299-W22-91,2369.500711,0,0,0,0,0,0,0,0,0,0,0,0,0,0,0,0,0,0,0
5260,Point,103,44,565250,132550,299-W26-16,1273.120536,4,299-W22-91,2296.123171,0,0,0,0,0,0,0,0,0,0,0,0,0,0,0,0,0,0,0
5261,Point,103,45,565350,132550,299-W26-16,1189.947015,4,299-W22-91,2224.821255,0,0,0,0,0,0,0,0,0,0,0,0,0,0,0,0,0,0,0
5262,Point,103,46,565450,132550,299-W26-16,1109.55482,4,299-W22-91,2155.800923,0,0,0,0,0,0,0,0,0,0,0,0,0,0,0,0,0,0,0
5263,Point,103,47,565550,132550,299-W26-16,1032.593772,4,299-W22-91,2089.288304,0,0,0,0,0,0,0,0,0,0,0,0,0,0,0,0,0,0,0
5264,Point,103,48,565650,132550,299-W26-16,959.889524,4,299-W22-91,2025.530454,0,0,0,0,0,0,0,0,0,0,0,0,0,0,0,0,0,0,0
5265,Point,103,49,565750,132550,299-W26-16,892.482996,4,299-W22-91,1964.795567,0,0,0,0,0,0,0,0,0,0,0,0,0,0,0,0,0,0,0
5266,Point,103,50,565850,132550,299-W26-16,831.663332,4,299-W22-91,1907.372438,0,0,0,0,0,0,0,0,0,0,0,0,0,0,0,0,0,0,0
5267,Point,103,51,565950,132550,699-32-77B,769.033824,3,299-W22-91,1853.568887,0,0,0,0,0,0,0,0,0,0,0,0,0,0,0,0,0,0,0
5268,Point,103,52,566050,132550,699-32-77B,714.841956,3,299-W22-91,1803.708851,0,0,0,0,0,0,0,0,0,0,0,0,0,0,0,0,0,0,0
5269,Point,103,53,566150,132550,699-32-77B,671.256301,3,299-W22-91,1758.127873,0,0,0,0,0,0,0,0,0,0,0,0,0,0,0,0,0,0,0
5270,Point,103,54,566250,132550,699-32-77B,640.445955,3,299-W22-91,1717.166742,0,0,0,0,0,0,0,0,0,0,0,0,0,0,0,0,0,0,0
5271,Point,103,55,566350,132550,699-32-77B,624.305231,3,299-W22-91,1681.163174,0,0,0,0,0,0,0,0,0,0,0,0,0,0,0,0,0,0,0
5272,Point,103,56,566450,132550,699-32-77B,623.973575,3,299-W22-92,1644.69253,0,0,0,0,0,0,0,0,0,0,0,0,0,0,0,0,0,0,0
5273,Point,103,57,566550,132550,699-32-76,602.798869,3,299-W22-92,1603.572736,0,0,0,0,0,0,0,0,0,0,0,0,0,0,0,0,0,0,0
5274,Point,103,58,566650,132550,699-32-76,588.709161,2,299-W22-92,1567.761946,0,0,0,0,0,0,0,0,0,0,0,0,0,0,0,0,0,0,0
5275,Point,103,59,566750,132550,699-32-76,591.430872,2,299-W22-92,1537.631139,0,0,0,0,0,0,0,0,0,0,0,0,0,0,0,0,0,0,0
5276,Point,103,60,566850,132550,699-32-76,610.739287,3,299-W22-92,1513.51958,0,0,0,0,0,0,0,0,0,0,0,0,0,0,0,0,0,0,0
5277,Point,103,61,566950,132550,699-32-76,645.146864,3,299-W22-92,1495.718395,0,0,0,0,0,0,0,0,0,0,0,0,0,0,0,0,0,0,0
5278,Point,103,62,567050,132550,699-32-76,692.406294,3,299-W22-92,1484.45462,0,0,0,0,0,0,0,0,0,0,0,0,0,0,0,0,0,0,0
5279,Point,103,63,567150,132550,699-30-73,675.85684,3,299-W22-92,1479.877535,0,0,0,0,0,0,0,0,0,0,0,0,0,0,0,0,0,0,0
5280,Point,103,64,567250,132550,699-30-73,583.440201,2,299-W22-92,1482.049094,0,0,0,0,0,0,0,0,0,0,0,0,0,0,0,0,0,0,0
5281,Point,103,65,567350,132550,699-30-73,493.986303,2,299-W22-92,1490.93981,0,0,0,0,0,0,0,0,0,0,0,0,0,0,0,0,0,0,0
5282,Point,103,66,567450,132550,699-30-73,409.441653,2,299-W22-92,1506.430721,0,0,0,0,0,0,0,0,0,0,0,0,0,0,0,0,0,0,0
5283,Point,103,67,567550,132550,699-30-73,333.560291,1,299-W22-92,1528.321144,0,0,0,0,0,0,0,0,0,0,0,0,0,0,0,0,0,0,0
5284,Point,103,68,567650,132550,699-30-73,273.646611,1,299-W22-92,1556.341068,0,0,0,0,0,0,0,0,0,0,0,0,0,0,0,0,0,0,0
5285,Point,103,69,567750,132550,699-30-73,241.872834,1,299-W22-92,1590.166507,0,0,0,0,0,0,0,0,0,0,0,0,0,0,0,0,0,0,0
5286,Point,103,70,567850,132550,699-30-73,249.243791,1,299-W22-92,1629.435951,0,0,0,0,0,0,0,0,0,0,0,0,0,0,0,0,0,0,0
5287,Point,103,71,567950,132550,699-30-73,292.818148,1,299-W22-92,1673.766268,0,0,0,0,0,0,0,0,0,0,0,0,0,0,0,0,0,0,0
5288,Point,103,72,568050,132550,699-30-73,359.669943,1,299-W22-92,1722.766821,0,0,0,0,0,0,0,0,0,0,0,0,0,0,0,0,0,0,0
5289,Point,103,73,568150,132550,699-30-70,280.721037,1,299-W22-92,1776.051102,0,0,0,0,0,0,0,0,0,0,0,0,0,0,0,0,0,0,0
5290,Point,103,74,568250,132550,699-30-70,181.709385,0,299-W22-92,1833.245624,0,0,0,0,0,0,0,0,0,0,0,0,0,0,0,0,0,0,0
5291,Point,103,75,568350,132550,699-30-70,85.042933,0,299-W22-92,1893.996177,0,0,0,0,0,0,0,0,0,0,0,0,0,0,0,0,0,0,0
5292,Point,103,76,568450,132550,699-30-70,38.030258,0,299-W22-92,1957.971787,0,0,0,0,0,0,0,0,0,0,0,0,0,0,0,0,0,0,0
5293,Point,103,77,568550,132550,699-30-70,125.141122,0,299-W22-92,2024.86679,0,0,0,0,0,0,0,0,0,0,0,0,0,0,0,0,0,0,0
5294,Point,103,78,568650,132550,699-30-70,223.325548,1,299-W22-92,2094.40147,0,0,0,0,0,0,0,0,0,0,0,0,0,0,0,0,0,0,0
5295,Point,103,79,568750,132550,699-30-70,322.627185,1,299-W22-92,2166.321656,0,0,0,0,0,0,0,0,0,0,0,0,0,0,0,0,0,0,0
5296,Point,103,80,568850,132550,699-30-70,422.258571,2,299-W22-92,2240.397625,0,0,0,0,0,0,0,0,0,0,0,0,0,0,0,0,0,0,0
5297,Point,103,81,568950,132550,699-30-70,522.030938,2,299-W22-92,2316.422569,0,0,0,0,0,0,0,0,0,0,0,0,0,0,0,0,0,0,0
5298,Point,103,82,569050,132550,699-30-70,621.876435,3,299-W22-92,2394.210834,0,0,0,0,0,0,0,0,0,0,0,0,0,0,0,0,0,0,0
5299,Point,103,83,569150,132550,699-31-68,694.435281,3,299-W22-92,2473.59607,0,0,0,0,0,0,0,0,0,0,0,0,0,0,0,0,0,0,0
5300,Point,103,84,569250,132550,699-31-68,634.539487,3,299-W22-92,2554.429392,0,0,0,0,0,0,0,0,0,0,0,0,0,0,0,0,0,0,0
5301,Point,103,85,569350,132550,699-31-68,585.696474,2,299-W22-92,2636.577615,0,0,0,0,0,0,0,0,0,0,0,0,0,0,0,0,0,0,0
5302,Point,103,86,569450,132550,699-31-68,550.854209,2,299-W22-92,2719.921602,0,0,0,0,0,0,0,0,0,0,0,0,0,0,0,0,0,0,0
5303,Point,103,87,569550,132550,699-30-66,479.850202,2,299-W22-92,2804.354742,0,0,0,0,0,0,0,0,0,0,0,0,0,0,0,0,0,0,0
5304,Point,103,88,569650,132550,699-30-66,389.948992,1,299-W22-92,2889.781569,0,0,0,0,0,0,0,0,0,0,0,0,0,0,0,0,0,0,0
5305,Point,103,89,569750,132550,699-30-66,306.372676,1,299-W22-92,2976.116516,0,0,0,0,0,0,0,0,0,0,0,0,0,0,0,0,0,0,0
5306,Point,103,90,569850,132550,699-30-66,235.941129,1,299-W22-92,3063.282801,0,0,0,0,0,0,0,0,0,0,0,0,0,0,0,0,0,0,0
5307,Point,103,91,569950,132550,699-30-66,193.577417,0,299-W22-92,3151.211437,0,0,0,0,0,0,0,0,0,0,0,0,0,0,0,0,0,0,0
5308,Point,103,92,570050,132550,699-30-66,198.182281,0,299-W22-92,3239.840354,0,0,0,0,0,0,0,0,0,0,0,0,0,0,0,0,0,0,0
5309,Point,103,93,570150,132550,699-29-66,233.882501,1,299-W22-92,3329.113624,0,0,0,0,0,0,0,0,0,0,0,0,0,0,0,0,0,0,0
5310,Point,103,94,570250,132550,699-29-66,289.818951,1,299-W19-114,3403.090371,0,0,0,0,0,0,0,0,0,0,0,0,0,0,0,0,0,0,0
5311,Point,103,95,570350,132550,699-29-66,365.087694,1,299-W19-114,3472.84409,0,0,0,0,0,0,0,0,0,0,0,0,0,0,0,0,0,0,0
5312,Point,103,96,570450,132550,699-30-63,294.66189,1,299-W19-114,3544.04685,0,0,0,0,0,0,0,0,0,0,0,0,0,0,0,0,0,0,0
5313,Point,103,97,570550,132550,699-30-63,208.436152,1,299-W19-114,3616.613067,0,0,0,0,0,0,0,0,0,0,0,0,0,0,0,0,0,0,0
5314,Point,103,98,570650,132550,699-30-63,141.653202,0,299-W19-114,3690.462312,0,0,0,0,0,0,0,0,0,0,0,0,0,0,0,0,0,0,0
5315,Point,103,99,570750,132550,699-30-63,129.172867,0,299-W19-114,3765.519098,0,0,0,0,0,0,0,0,0,0,0,0,0,0,0,0,0,0,0
5316,Point,103,100,570850,132550,699-30-63,182.4983,0,299-W19-114,3841.712649,0,0,0,0,0,0,0,0,0,0,0,0,0,0,0,0,0,0,0
5317,Point,103,101,570950,132550,699-30-63,264.434547,1,299-W19-114,3918.976662,0,0,0,0,0,0,0,0,0,0,0,0,0,0,0,0,0,0,0
5318,Point,103,102,571050,132550,699-30-63,355.732525,1,299-W19-114,3997.249064,0,0,0,0,0,0,0,0,0,0,0,0,0,0,0,0,0,0,0
5319,Point,103,103,571150,132550,699-30-63,450.738982,2,299-W19-114,4076.471768,0,0,0,0,0,0,0,0,0,0,0,0,0,0,0,0,0,0,0
5320,Point,103,104,571250,132550,699-30-63,547.52683,2,299-W19-114,4156.590439,0,0,0,0,0,0,0,0,0,0,0,0,0,0,0,0,0,0,0
5321,Point,103,105,571350,132550,699-30-63,645.294994,3,299-W19-114,4237.554256,0,0,0,0,0,0,0,0,0,0,0,0,0,0,0,0,0,0,0
5322,Point,103,106,571450,132550,699-30-63,743.65693,3,299-W19-114,4319.315695,0,0,0,0,0,0,0,0,0,0,0,0,0,0,0,0,0,0,0
5323,Point,103,107,571550,132550,699-30-63,842.404671,4,299-W19-114,4401.83031,0,0,0,0,0,0,0,0,0,0,0,0,0,0,0,0,0,0,0
5324,Point,103,108,571650,132550,699-32-59,863.462859,4,299-W19-114,4485.05653,0,0,0,0,0,0,0,0,0,0,0,0,0,0,0,0,0,0,0
5325,Point,103,109,571750,132550,699-32-59,851.793466,4,299-W19-114,4568.955469,0,0,0,0,0,0,0,0,0,0,0,0,0,0,0,0,0,0,0
5326,Point,103,110,571850,132550,699-32-59,851.784074,4,299-W19-114,4653.490741,0,0,0,0,0,0,0,0,0,0,0,0,0,0,0,0,0,0,0
5327,Point,103,111,571950,132550,699-32-59,863.435063,4,299-W19-114,4738.628291,0,0,0,0,0,0,0,0,0,0,0,0,0,0,0,0,0,0,0
5328,Point,103,112,572050,132550,699-32-59,886.286697,4,299-W19-114,4824.336232,0,0,0,0,0,0,0,0,0,0,0,0,0,0,0,0,0,0,0
5329,Point,103,113,572150,132550,699-32-59,919.504273,4,299-W19-114,4910.584698,0,0,0,0,0,0,0,0,0,0,0,0,0,0,0,0,0,0,0
