,row,col,x,y,row_col_id,s_mw_uumu,s_ext_uumu,s_mw_lucr,s_ext_lucr,s_cr_cs,s_tec_cs,s_ctet_cs,NORTHING,EASTING
0,39,32,564050.0,138950.0,10390032,4,0,4,0,0,0,0,138950.0,564050.0
1,39,33,564150.0,138950.0,10390033,4,0,4,0,0,0,0,138950.0,564150.0
2,39,34,564250.0,138950.0,10390034,4,0,4,0,0,0,0,138950.0,564250.0
3,39,35,564350.0,138950.0,10390035,4,0,4,0,0,0,0,138950.0,564350.0
4,39,36,564450.0,138950.0,10390036,4,0,4,0,0,0,0,138950.0,564450.0
5,39,37,564550.0,138950.0,10390037,4,0,4,0,0,0,0,138950.0,564550.0
6,39,38,564650.0,138950.0,10390038,4,0,4,0,0,0,0,138950.0,564650.0
7,39,39,564750.0,138950.0,10390039,4,0,4,0,0,0,0,138950.0,564750.0
8,39,40,564850.0,138950.0,10390040,4,0,4,0,0,0,0,138950.0,564850.0
9,39,41,564950.0,138950.0,10390041,4,0,4,0,0,0,0,138950.0,564950.0
10,39,42,565050.0,138950.0,10390042,4,0,4,0,0,0,0,138950.0,565050.0
11,39,43,565150.0,138950.0,10390043,4,0,4,0,0,0,0,138950.0,565150.0
12,39,44,565250.0,138950.0,10390044,4,0,4,0,0,0,0,138950.0,565250.0
13,39,45,565350.0,138950.0,10390045,3,0,4,0,0,0,0,138950.0,565350.0
14,39,46,565450.0,138950.0,10390046,3,0,4,0,0,0,0,138950.0,565450.0
15,39,47,565550.0,138950.0,10390047,3,0,4,0,0,0,0,138950.0,565550.0
16,39,48,565650.0,138950.0,10390048,3,0,4,0,0,0,0,138950.0,565650.0
17,39,49,565750.0,138950.0,10390049,3,0,4,0,0,0,0,138950.0,565750.0
18,39,50,565850.0,138950.0,10390050,3,0,4,0,0,0,0,138950.0,565850.0
19,39,51,565950.0,138950.0,10390051,3,0,4,0,0,0,0,138950.0,565950.0
20,39,52,566050.0,138950.0,10390052,3,0,4,0,0,0,0,138950.0,566050.0
21,39,53,566150.0,138950.0,10390053,3,0,4,0,0,0,0,138950.0,566150.0
22,39,54,566250.0,138950.0,10390054,3,0,3,0,0,0,0,138950.0,566250.0
23,39,55,566350.0,138950.0,10390055,3,0,3,0,0,0,0,138950.0,566350.0
24,39,56,566450.0,138950.0,10390056,2,0,2,0,0,0,0,138950.0,566450.0
25,39,57,566550.0,138950.0,10390057,2,0,2,0,0,0,0,138950.0,566550.0
26,39,58,566650.0,138950.0,10390058,1,0,1,0,0,0,0,138950.0,566650.0
27,39,59,566750.0,138950.0,10390059,1,0,1,0,0,0,0,138950.0,566750.0
28,39,60,566850.0,138950.0,10390060,0,0,0,0,0,0,0,138950.0,566850.0
29,39,61,566950.0,138950.0,10390061,0,0,0,0,0,0,0,138950.0,566950.0
30,39,62,567050.0,138950.0,10390062,0,0,0,0,0,0,0,138950.0,567050.0
31,39,63,567150.0,138950.0,10390063,0,0,0,0,0,0,0,138950.0,567150.0
32,39,64,567250.0,138950.0,10390064,1,0,1,0,0,0,0,138950.0,567250.0
33,39,65,567350.0,138950.0,10390065,1,0,1,0,0,0,0,138950.0,567350.0
34,39,66,567450.0,138950.0,10390066,1,0,2,0,0,0,0,138950.0,567450.0
35,39,67,567550.0,138950.0,10390067,1,0,2,0,0,0,0,138950.0,567550.0
36,39,68,567650.0,138950.0,10390068,2,0,3,0,0,0,0,138950.0,567650.0
37,39,69,567750.0,138950.0,10390069,2,0,3,0,0,0,0,138950.0,567750.0
38,39,70,567850.0,138950.0,10390070,2,0,4,0,0,0,0,138950.0,567850.0
39,39,71,567950.0,138950.0,10390071,3,0,4,0,0,0,0,138950.0,567950.0
40,39,72,568050.0,138950.0,10390072,3,0,4,0,0,0,0,138950.0,568050.0
41,39,73,568150.0,138950.0,10390073,4,0,4,0,0,0,0,138950.0,568150.0
42,39,74,568250.0,138950.0,10390074,4,0,4,0,0,0,0,138950.0,568250.0
43,39,75,568350.0,138950.0,10390075,4,0,4,0,0,0,0,138950.0,568350.0
44,39,76,568450.0,138950.0,10390076,4,0,4,0,0,0,0,138950.0,568450.0
45,39,77,568550.0,138950.0,10390077,4,0,4,0,0,0,0,138950.0,568550.0
46,39,78,568650.0,138950.0,10390078,4,0,4,0,0,0,0,138950.0,568650.0
47,39,79,568750.0,138950.0,10390079,4,0,4,0,0,0,0,138950.0,568750.0
48,39,80,568850.0,138950.0,10390080,4,0,4,0,0,0,0,138950.0,568850.0
49,39,81,568950.0,138950.0,10390081,4,0,4,0,0,0,0,138950.0,568950.0
50,39,82,569050.0,138950.0,10390082,4,0,4,0,0,0,0,138950.0,569050.0
51,39,83,569150.0,138950.0,10390083,4,0,4,0,0,0,0,138950.0,569150.0
52,39,84,569250.0,138950.0,10390084,4,0,4,0,0,0,0,138950.0,569250.0
53,39,85,569350.0,138950.0,10390085,4,0,4,0,0,0,0,138950.0,569350.0
54,39,86,569450.0,138950.0,10390086,4,0,4,0,0,0,0,138950.0,569450.0
55,39,87,569550.0,138950.0,10390087,4,0,4,0,0,0,0,138950.0,569550.0
56,39,88,569650.0,138950.0,10390088,4,0,4,0,0,0,0,138950.0,569650.0
57,39,89,569750.0,138950.0,10390089,4,0,4,0,0,0,0,138950.0,569750.0
58,39,90,569850.0,138950.0,10390090,4,0,4,0,0,0,0,138950.0,569850.0
59,39,91,569950.0,138950.0,10390091,3,0,4,0,0,0,0,138950.0,569950.0
60,39,92,570050.0,138950.0,10390092,3,0,4,0,0,0,0,138950.0,570050.0
61,39,93,570150.0,138950.0,10390093,2,0,4,0,0,0,0,138950.0,570150.0
62,39,94,570250.0,138950.0,10390094,2,0,4,0,0,0,0,138950.0,570250.0
63,39,95,570350.0,138950.0,10390095,1,0,4,0,0,0,0,138950.0,570350.0
64,39,96,570450.0,138950.0,10390096,1,0,4,0,0,0,0,138950.0,570450.0
65,39,97,570550.0,138950.0,10390097,1,0,4,0,0,0,0,138950.0,570550.0
66,39,98,570650.0,138950.0,10390098,0,0,4,0,0,0,0,138950.0,570650.0
67,39,99,570750.0,138950.0,10390099,1,0,4,0,0,0,0,138950.0,570750.0
68,39,100,570850.0,138950.0,10390100,1,0,4,0,0,0,0,138950.0,570850.0
69,39,101,570950.0,138950.0,10390101,1,0,4,0,0,0,0,138950.0,570950.0
70,39,102,571050.0,138950.0,10390102,2,0,4,0,0,0,0,138950.0,571050.0
71,39,103,571150.0,138950.0,10390103,2,0,4,0,0,0,0,138950.0,571150.0
72,39,104,571250.0,138950.0,10390104,3,0,4,0,0,0,0,138950.0,571250.0
73,39,105,571350.0,138950.0,10390105,3,0,4,0,0,0,0,138950.0,571350.0
74,39,106,571450.0,138950.0,10390106,4,0,4,0,0,0,0,138950.0,571450.0
75,39,107,571550.0,138950.0,10390107,4,0,4,0,0,0,0,138950.0,571550.0
76,39,108,571650.0,138950.0,10390108,4,0,4,0,0,0,0,138950.0,571650.0
77,39,109,571750.0,138950.0,10390109,4,0,4,0,0,0,0,138950.0,571750.0
78,39,110,571850.0,138950.0,10390110,4,0,4,0,0,0,0,138950.0,571850.0
79,39,111,571950.0,138950.0,10390111,4,0,4,0,0,0,0,138950.0,571950.0
80,39,112,572050.0,138950.0,10390112,4,0,4,0,0,0,0,138950.0,572050.0
81,39,113,572150.0,138950.0,10390113,4,0,4,0,0,0,0,138950.0,572150.0
82,40,32,564050.0,138850.0,10400032,4,0,4,0,0,0,0,138850.0,564050.0
83,40,33,564150.0,138850.0,10400033,4,0,4,0,0,0,0,138850.0,564150.0
84,40,34,564250.0,138850.0,10400034,4,0,4,0,0,0,0,138850.0,564250.0
85,40,35,564350.0,138850.0,10400035,4,0,4,0,0,0,0,138850.0,564350.0
86,40,36,564450.0,138850.0,10400036,4,0,4,0,0,0,0,138850.0,564450.0
87,40,37,564550.0,138850.0,10400037,4,0,4,0,0,0,0,138850.0,564550.0
88,40,38,564650.0,138850.0,10400038,4,0,4,0,0,0,0,138850.0,564650.0
89,40,39,564750.0,138850.0,10400039,4,0,4,0,0,0,0,138850.0,564750.0
90,40,40,564850.0,138850.0,10400040,4,0,4,0,0,0,0,138850.0,564850.0
91,40,41,564950.0,138850.0,10400041,4,0,4,0,0,0,0,138850.0,564950.0
92,40,42,565050.0,138850.0,10400042,4,0,4,0,0,0,0,138850.0,565050.0
93,40,43,565150.0,138850.0,10400043,4,0,4,0,0,0,0,138850.0,565150.0
94,40,44,565250.0,138850.0,10400044,3,0,4,0,0,0,0,138850.0,565250.0
95,40,45,565350.0,138850.0,10400045,3,0,4,0,0,0,0,138850.0,565350.0
96,40,46,565450.0,138850.0,10400046,3,0,4,0,0,0,0,138850.0,565450.0
97,40,47,565550.0,138850.0,10400047,3,0,4,0,0,0,0,138850.0,565550.0
98,40,48,565650.0,138850.0,10400048,2,0,4,0,0,0,0,138850.0,565650.0
99,40,49,565750.0,138850.0,10400049,2,0,4,0,0,0,0,138850.0,565750.0
100,40,50,565850.0,138850.0,10400050,2,0,4,0,0,0,0,138850.0,565850.0
101,40,51,565950.0,138850.0,10400051,3,0,4,0,0,0,0,138850.0,565950.0
102,40,52,566050.0,138850.0,10400052,3,0,4,0,0,0,0,138850.0,566050.0
103,40,53,566150.0,138850.0,10400053,3,0,4,0,0,0,0,138850.0,566150.0
104,40,54,566250.0,138850.0,10400054,3,0,3,0,0,0,0,138850.0,566250.0
105,40,55,566350.0,138850.0,10400055,3,0,3,0,0,0,0,138850.0,566350.0
106,40,56,566450.0,138850.0,10400056,2,0,2,0,0,0,0,138850.0,566450.0
107,40,57,566550.0,138850.0,10400057,2,0,2,0,0,0,0,138850.0,566550.0
108,40,58,566650.0,138850.0,10400058,1,0,1,0,0,0,0,138850.0,566650.0
109,40,59,566750.0,138850.0,10400059,1,0,1,0,0,0,0,138850.0,566750.0
110,40,60,566850.0,138850.0,10400060,0,0,0,0,0,0,0,138850.0,566850.0
111,40,61,566950.0,138850.0,10400061,0,0,0,0,0,0,0,138850.0,566950.0
112,40,62,567050.0,138850.0,10400062,0,0,0,0,0,0,0,138850.0,567050.0
113,40,63,567150.0,138850.0,10400063,0,0,0,0,0,0,0,138850.0,567150.0
114,40,64,567250.0,138850.0,10400064,1,0,1,0,0,0,0,138850.0,567250.0
115,40,65,567350.0,138850.0,10400065,1,0,1,0,0,0,0,138850.0,567350.0
116,40,66,567450.0,138850.0,10400066,1,0,2,0,0,0,0,138850.0,567450.0
117,40,67,567550.0,138850.0,10400067,1,0,2,0,0,0,0,138850.0,567550.0
118,40,68,567650.0,138850.0,10400068,1,0,3,0,0,0,0,138850.0,567650.0
119,40,69,567750.0,138850.0,10400069,2,0,3,0,0,0,0,138850.0,567750.0
120,40,70,567850.0,138850.0,10400070,2,0,4,0,0,0,0,138850.0,567850.0
121,40,71,567950.0,138850.0,10400071,3,0,4,0,0,0,0,138850.0,567950.0
122,40,72,568050.0,138850.0,10400072,3,0,4,0,0,0,0,138850.0,568050.0
123,40,73,568150.0,138850.0,10400073,4,0,4,0,0,0,0,138850.0,568150.0
124,40,74,568250.0,138850.0,10400074,4,0,4,0,0,0,0,138850.0,568250.0
125,40,75,568350.0,138850.0,10400075,3,0,4,0,0,0,0,138850.0,568350.0
126,40,76,568450.0,138850.0,10400076,3,0,4,0,0,0,0,138850.0,568450.0
127,40,77,568550.0,138850.0,10400077,4,0,4,0,0,0,0,138850.0,568550.0
128,40,78,568650.0,138850.0,10400078,4,0,4,0,0,0,0,138850.0,568650.0
129,40,79,568750.0,138850.0,10400079,4,0,4,0,0,0,0,138850.0,568750.0
130,40,80,568850.0,138850.0,10400080,4,0,4,0,0,0,0,138850.0,568850.0
131,40,81,568950.0,138850.0,10400081,4,0,4,0,0,0,0,138850.0,568950.0
132,40,82,569050.0,138850.0,10400082,4,0,4,0,0,0,0,138850.0,569050.0
133,40,83,569150.0,138850.0,10400083,4,0,4,0,0,0,0,138850.0,569150.0
134,40,84,569250.0,138850.0,10400084,4,0,4,0,0,0,0,138850.0,569250.0
135,40,85,569350.0,138850.0,10400085,4,0,4,0,0,0,0,138850.0,569350.0
136,40,86,569450.0,138850.0,10400086,4,0,4,0,0,0,0,138850.0,569450.0
137,40,87,569550.0,138850.0,10400087,4,0,4,0,0,0,0,138850.0,569550.0
138,40,88,569650.0,138850.0,10400088,4,0,4,0,0,0,0,138850.0,569650.0
139,40,89,569750.0,138850.0,10400089,4,0,4,0,0,0,0,138850.0,569750.0
140,40,90,569850.0,138850.0,10400090,4,0,4,0,0,0,0,138850.0,569850.0
141,40,91,569950.0,138850.0,10400091,3,0,4,0,0,0,0,138850.0,569950.0
142,40,92,570050.0,138850.0,10400092,3,0,4,0,0,0,0,138850.0,570050.0
143,40,93,570150.0,138850.0,10400093,2,0,4,0,0,0,0,138850.0,570150.0
144,40,94,570250.0,138850.0,10400094,2,0,4,0,0,0,0,138850.0,570250.0
145,40,95,570350.0,138850.0,10400095,2,0,4,0,0,0,0,138850.0,570350.0
146,40,96,570450.0,138850.0,10400096,1,0,4,0,0,0,0,138850.0,570450.0
147,40,97,570550.0,138850.0,10400097,1,0,4,0,0,0,0,138850.0,570550.0
148,40,98,570650.0,138850.0,10400098,1,0,4,0,0,0,0,138850.0,570650.0
149,40,99,570750.0,138850.0,10400099,1,0,4,0,0,0,0,138850.0,570750.0
150,40,100,570850.0,138850.0,10400100,1,0,4,0,0,0,0,138850.0,570850.0
151,40,101,570950.0,138850.0,10400101,2,0,4,0,0,0,0,138850.0,570950.0
152,40,102,571050.0,138850.0,10400102,2,0,4,0,0,0,0,138850.0,571050.0
153,40,103,571150.0,138850.0,10400103,2,0,4,0,0,0,0,138850.0,571150.0
154,40,104,571250.0,138850.0,10400104,3,0,4,0,0,0,0,138850.0,571250.0
155,40,105,571350.0,138850.0,10400105,3,0,4,0,0,0,0,138850.0,571350.0
156,40,106,571450.0,138850.0,10400106,4,0,4,0,0,0,0,138850.0,571450.0
157,40,107,571550.0,138850.0,10400107,4,0,4,0,0,0,0,138850.0,571550.0
158,40,108,571650.0,138850.0,10400108,4,0,4,0,0,0,0,138850.0,571650.0
159,40,109,571750.0,138850.0,10400109,4,0,4,0,0,0,0,138850.0,571750.0
160,40,110,571850.0,138850.0,10400110,4,0,4,0,0,0,0,138850.0,571850.0
161,40,111,571950.0,138850.0,10400111,4,0,4,0,0,0,0,138850.0,571950.0
162,40,112,572050.0,138850.0,10400112,4,0,4,0,0,0,0,138850.0,572050.0
163,40,113,572150.0,138850.0,10400113,4,0,4,0,0,0,0,138850.0,572150.0
164,41,32,564050.0,138750.0,10410032,4,0,4,0,0,0,0,138750.0,564050.0
165,41,33,564150.0,138750.0,10410033,4,0,4,0,0,0,0,138750.0,564150.0
166,41,34,564250.0,138750.0,10410034,4,0,4,0,0,0,0,138750.0,564250.0
167,41,35,564350.0,138750.0,10410035,4,0,4,0,0,0,0,138750.0,564350.0
168,41,36,564450.0,138750.0,10410036,4,0,4,0,0,0,0,138750.0,564450.0
169,41,37,564550.0,138750.0,10410037,4,0,4,0,0,0,0,138750.0,564550.0
170,41,38,564650.0,138750.0,10410038,4,0,4,0,0,0,0,138750.0,564650.0
171,41,39,564750.0,138750.0,10410039,4,0,4,0,0,0,0,138750.0,564750.0
172,41,40,564850.0,138750.0,10410040,4,0,4,0,0,0,0,138750.0,564850.0
173,41,41,564950.0,138750.0,10410041,4,0,4,0,0,0,0,138750.0,564950.0
174,41,42,565050.0,138750.0,10410042,4,0,4,0,0,0,0,138750.0,565050.0
175,41,43,565150.0,138750.0,10410043,3,0,4,0,0,0,0,138750.0,565150.0
176,41,44,565250.0,138750.0,10410044,3,0,4,0,0,0,0,138750.0,565250.0
177,41,45,565350.0,138750.0,10410045,3,0,4,0,0,0,0,138750.0,565350.0
178,41,46,565450.0,138750.0,10410046,2,0,4,0,0,0,0,138750.0,565450.0
179,41,47,565550.0,138750.0,10410047,2,0,4,0,0,0,0,138750.0,565550.0
180,41,48,565650.0,138750.0,10410048,2,0,4,0,0,0,0,138750.0,565650.0
181,41,49,565750.0,138750.0,10410049,2,0,4,0,0,0,0,138750.0,565750.0
182,41,50,565850.0,138750.0,10410050,2,0,4,0,0,0,0,138750.0,565850.0
183,41,51,565950.0,138750.0,10410051,2,0,4,0,0,0,0,138750.0,565950.0
184,41,52,566050.0,138750.0,10410052,2,0,4,0,0,0,0,138750.0,566050.0
185,41,53,566150.0,138750.0,10410053,3,0,4,0,0,0,0,138750.0,566150.0
186,41,54,566250.0,138750.0,10410054,3,0,3,0,0,0,0,138750.0,566250.0
187,41,55,566350.0,138750.0,10410055,3,0,3,0,0,0,0,138750.0,566350.0
188,41,56,566450.0,138750.0,10410056,2,0,2,0,0,0,0,138750.0,566450.0
189,41,57,566550.0,138750.0,10410057,2,0,2,0,0,0,0,138750.0,566550.0
190,41,58,566650.0,138750.0,10410058,1,0,1,0,0,0,0,138750.0,566650.0
191,41,59,566750.0,138750.0,10410059,1,0,1,0,0,0,0,138750.0,566750.0
192,41,60,566850.0,138750.0,10410060,1,0,1,0,0,0,0,138750.0,566850.0
193,41,61,566950.0,138750.0,10410061,0,0,0,0,0,0,0,138750.0,566950.0
194,41,62,567050.0,138750.0,10410062,0,0,0,0,0,0,0,138750.0,567050.0
195,41,63,567150.0,138750.0,10410063,1,0,1,0,0,0,0,138750.0,567150.0
196,41,64,567250.0,138750.0,10410064,0,0,1,0,0,0,0,138750.0,567250.0
197,41,65,567350.0,138750.0,10410065,0,0,2,0,0,0,0,138750.0,567350.0
198,41,66,567450.0,138750.0,10410066,0,0,2,0,0,0,0,138750.0,567450.0
199,41,67,567550.0,138750.0,10410067,1,0,2,0,0,0,0,138750.0,567550.0
200,41,68,567650.0,138750.0,10410068,1,0,3,0,0,0,0,138750.0,567650.0
201,41,69,567750.0,138750.0,10410069,2,0,3,0,0,0,0,138750.0,567750.0
202,41,70,567850.0,138750.0,10410070,2,0,4,0,0,0,0,138750.0,567850.0
203,41,71,567950.0,138750.0,10410071,2,0,4,0,0,0,0,138750.0,567950.0
204,41,72,568050.0,138750.0,10410072,3,0,4,0,0,0,0,138750.0,568050.0
205,41,73,568150.0,138750.0,10410073,3,0,4,0,0,0,0,138750.0,568150.0
206,41,74,568250.0,138750.0,10410074,3,0,4,0,0,0,0,138750.0,568250.0
207,41,75,568350.0,138750.0,10410075,3,0,4,0,0,0,0,138750.0,568350.0
208,41,76,568450.0,138750.0,10410076,3,0,4,0,0,0,0,138750.0,568450.0
209,41,77,568550.0,138750.0,10410077,3,0,4,0,0,0,0,138750.0,568550.0
210,41,78,568650.0,138750.0,10410078,3,0,4,0,0,0,0,138750.0,568650.0
211,41,79,568750.0,138750.0,10410079,3,0,4,0,0,0,0,138750.0,568750.0
212,41,80,568850.0,138750.0,10410080,4,0,4,0,0,0,0,138750.0,568850.0
213,41,81,568950.0,138750.0,10410081,4,0,4,0,0,0,0,138750.0,568950.0
214,41,82,569050.0,138750.0,10410082,4,0,4,0,0,0,0,138750.0,569050.0
215,41,83,569150.0,138750.0,10410083,4,0,4,0,0,0,0,138750.0,569150.0
216,41,84,569250.0,138750.0,10410084,4,0,4,0,0,0,0,138750.0,569250.0
217,41,85,569350.0,138750.0,10410085,4,0,4,0,0,0,0,138750.0,569350.0
218,41,86,569450.0,138750.0,10410086,4,0,4,0,0,0,0,138750.0,569450.0
219,41,87,569550.0,138750.0,10410087,4,0,4,0,0,0,0,138750.0,569550.0
220,41,88,569650.0,138750.0,10410088,4,0,4,0,0,0,0,138750.0,569650.0
221,41,89,569750.0,138750.0,10410089,4,0,4,0,0,0,0,138750.0,569750.0
222,41,90,569850.0,138750.0,10410090,4,0,4,0,0,0,0,138750.0,569850.0
223,41,91,569950.0,138750.0,10410091,4,0,4,0,0,0,0,138750.0,569950.0
224,41,92,570050.0,138750.0,10410092,3,0,4,0,0,0,0,138750.0,570050.0
225,41,93,570150.0,138750.0,10410093,3,0,4,0,0,0,0,138750.0,570150.0
226,41,94,570250.0,138750.0,10410094,2,0,4,0,0,0,0,138750.0,570250.0
227,41,95,570350.0,138750.0,10410095,2,0,4,0,0,0,0,138750.0,570350.0
228,41,96,570450.0,138750.0,10410096,2,0,4,0,0,0,0,138750.0,570450.0
229,41,97,570550.0,138750.0,10410097,2,0,4,0,0,0,0,138750.0,570550.0
230,41,98,570650.0,138750.0,10410098,1,0,4,0,0,0,0,138750.0,570650.0
231,41,99,570750.0,138750.0,10410099,2,0,4,0,0,0,0,138750.0,570750.0
232,41,100,570850.0,138750.0,10410100,2,0,4,0,0,0,0,138750.0,570850.0
233,41,101,570950.0,138750.0,10410101,2,0,4,0,0,0,0,138750.0,570950.0
234,41,102,571050.0,138750.0,10410102,2,0,4,0,0,0,0,138750.0,571050.0
235,41,103,571150.0,138750.0,10410103,3,0,4,0,0,0,0,138750.0,571150.0
236,41,104,571250.0,138750.0,10410104,3,0,4,0,0,0,0,138750.0,571250.0
237,41,105,571350.0,138750.0,10410105,3,0,4,0,0,0,0,138750.0,571350.0
238,41,106,571450.0,138750.0,10410106,3,0,4,0,0,0,0,138750.0,571450.0
239,41,107,571550.0,138750.0,10410107,3,0,4,0,0,0,0,138750.0,571550.0
240,41,108,571650.0,138750.0,10410108,4,0,4,0,0,0,0,138750.0,571650.0
241,41,109,571750.0,138750.0,10410109,4,0,4,0,0,0,0,138750.0,571750.0
242,41,110,571850.0,138750.0,10410110,4,0,4,0,0,0,0,138750.0,571850.0
243,41,111,571950.0,138750.0,10410111,4,0,4,0,0,0,0,138750.0,571950.0
244,41,112,572050.0,138750.0,10410112,4,0,4,0,0,0,0,138750.0,572050.0
245,41,113,572150.0,138750.0,10410113,4,0,4,0,0,0,0,138750.0,572150.0
246,42,32,564050.0,138650.0,10420032,4,0,4,0,0,0,0,138650.0,564050.0
247,42,33,564150.0,138650.0,10420033,4,0,4,0,0,0,0,138650.0,564150.0
248,42,34,564250.0,138650.0,10420034,4,0,4,0,0,0,0,138650.0,564250.0
249,42,35,564350.0,138650.0,10420035,4,0,4,0,0,0,0,138650.0,564350.0
250,42,36,564450.0,138650.0,10420036,4,0,4,0,0,0,0,138650.0,564450.0
251,42,37,564550.0,138650.0,10420037,4,0,4,0,0,0,0,138650.0,564550.0
252,42,38,564650.0,138650.0,10420038,4,0,4,0,0,0,0,138650.0,564650.0
253,42,39,564750.0,138650.0,10420039,4,0,4,0,0,0,0,138650.0,564750.0
254,42,40,564850.0,138650.0,10420040,4,0,4,0,0,0,0,138650.0,564850.0
255,42,41,564950.0,138650.0,10420041,4,0,4,0,0,0,0,138650.0,564950.0
256,42,42,565050.0,138650.0,10420042,4,0,4,0,0,0,0,138650.0,565050.0
257,42,43,565150.0,138650.0,10420043,3,0,4,0,0,0,0,138650.0,565150.0
258,42,44,565250.0,138650.0,10420044,3,0,4,0,0,0,0,138650.0,565250.0
259,42,45,565350.0,138650.0,10420045,2,0,4,0,0,0,0,138650.0,565350.0
260,42,46,565450.0,138650.0,10420046,2,0,4,0,0,0,0,138650.0,565450.0
261,42,47,565550.0,138650.0,10420047,2,0,4,0,0,0,0,138650.0,565550.0
262,42,48,565650.0,138650.0,10420048,1,0,4,0,0,0,0,138650.0,565650.0
263,42,49,565750.0,138650.0,10420049,1,0,4,0,0,0,0,138650.0,565750.0
264,42,50,565850.0,138650.0,10420050,1,0,4,0,0,0,0,138650.0,565850.0
265,42,51,565950.0,138650.0,10420051,2,0,4,0,0,0,0,138650.0,565950.0
266,42,52,566050.0,138650.0,10420052,2,0,4,0,0,0,0,138650.0,566050.0
267,42,53,566150.0,138650.0,10420053,2,0,4,0,0,0,0,138650.0,566150.0
268,42,54,566250.0,138650.0,10420054,2,0,3,0,0,0,0,138650.0,566250.0
269,42,55,566350.0,138650.0,10420055,2,0,3,0,0,0,0,138650.0,566350.0
270,42,56,566450.0,138650.0,10420056,2,0,2,0,0,0,0,138650.0,566450.0
271,42,57,566550.0,138650.0,10420057,2,0,2,0,0,0,0,138650.0,566550.0
272,42,58,566650.0,138650.0,10420058,2,0,2,0,0,0,0,138650.0,566650.0
273,42,59,566750.0,138650.0,10420059,1,0,1,0,0,0,0,138650.0,566750.0
274,42,60,566850.0,138650.0,10420060,1,0,1,0,0,0,0,138650.0,566850.0
275,42,61,566950.0,138650.0,10420061,1,0,1,0,0,0,0,138650.0,566950.0
276,42,62,567050.0,138650.0,10420062,1,0,1,0,0,0,0,138650.0,567050.0
277,42,63,567150.0,138650.0,10420063,1,0,1,0,0,0,0,138650.0,567150.0
278,42,64,567250.0,138650.0,10420064,0,0,1,0,0,0,0,138650.0,567250.0
279,42,65,567350.0,138650.0,10420065,0,0,2,0,0,0,0,138650.0,567350.0
280,42,66,567450.0,138650.0,10420066,0,0,2,0,0,0,0,138650.0,567450.0
281,42,67,567550.0,138650.0,10420067,0,0,3,0,0,0,0,138650.0,567550.0
282,42,68,567650.0,138650.0,10420068,1,0,3,0,0,0,0,138650.0,567650.0
283,42,69,567750.0,138650.0,10420069,1,0,4,0,0,0,0,138650.0,567750.0
284,42,70,567850.0,138650.0,10420070,2,0,4,0,0,0,0,138650.0,567850.0
285,42,71,567950.0,138650.0,10420071,2,0,4,0,0,0,0,138650.0,567950.0
286,42,72,568050.0,138650.0,10420072,3,0,4,0,0,0,0,138650.0,568050.0
287,42,73,568150.0,138650.0,10420073,3,0,4,0,0,0,0,138650.0,568150.0
288,42,74,568250.0,138650.0,10420074,3,0,4,0,0,0,0,138650.0,568250.0
289,42,75,568350.0,138650.0,10420075,2,0,4,0,0,0,0,138650.0,568350.0
290,42,76,568450.0,138650.0,10420076,2,0,4,0,0,0,0,138650.0,568450.0
291,42,77,568550.0,138650.0,10420077,3,0,4,0,0,0,0,138650.0,568550.0
292,42,78,568650.0,138650.0,10420078,3,0,4,0,0,0,0,138650.0,568650.0
293,42,79,568750.0,138650.0,10420079,3,0,4,0,0,0,0,138650.0,568750.0
294,42,80,568850.0,138650.0,10420080,3,0,4,0,0,0,0,138650.0,568850.0
295,42,81,568950.0,138650.0,10420081,4,0,4,0,0,0,0,138650.0,568950.0
296,42,82,569050.0,138650.0,10420082,4,0,4,0,0,0,0,138650.0,569050.0
297,42,83,569150.0,138650.0,10420083,4,0,4,0,0,0,0,138650.0,569150.0
298,42,84,569250.0,138650.0,10420084,4,0,4,0,0,0,0,138650.0,569250.0
299,42,85,569350.0,138650.0,10420085,4,0,4,0,0,0,0,138650.0,569350.0
300,42,86,569450.0,138650.0,10420086,4,0,4,0,0,0,0,138650.0,569450.0
301,42,87,569550.0,138650.0,10420087,4,0,4,0,0,0,0,138650.0,569550.0
302,42,88,569650.0,138650.0,10420088,4,0,4,0,0,0,0,138650.0,569650.0
303,42,89,569750.0,138650.0,10420089,4,0,4,0,0,0,0,138650.0,569750.0
304,42,90,569850.0,138650.0,10420090,4,0,4,0,0,0,0,138650.0,569850.0
305,42,91,569950.0,138650.0,10420091,4,0,4,0,0,0,0,138650.0,569950.0
306,42,92,570050.0,138650.0,10420092,3,0,4,0,0,0,0,138650.0,570050.0
307,42,93,570150.0,138650.0,10420093,3,0,4,0,0,0,0,138650.0,570150.0
308,42,94,570250.0,138650.0,10420094,3,0,4,0,0,0,0,138650.0,570250.0
309,42,95,570350.0,138650.0,10420095,2,0,4,0,0,0,0,138650.0,570350.0
310,42,96,570450.0,138650.0,10420096,2,0,4,0,0,0,0,138650.0,570450.0
311,42,97,570550.0,138650.0,10420097,2,0,4,0,0,0,0,138650.0,570550.0
312,42,98,570650.0,138650.0,10420098,2,0,4,0,0,0,0,138650.0,570650.0
313,42,99,570750.0,138650.0,10420099,2,0,4,0,0,0,0,138650.0,570750.0
314,42,100,570850.0,138650.0,10420100,2,0,4,0,0,0,0,138650.0,570850.0
315,42,101,570950.0,138650.0,10420101,2,0,4,0,0,0,0,138650.0,570950.0
316,42,102,571050.0,138650.0,10420102,3,0,4,0,0,0,0,138650.0,571050.0
317,42,103,571150.0,138650.0,10420103,3,0,4,0,0,0,0,138650.0,571150.0
318,42,104,571250.0,138650.0,10420104,3,0,4,0,0,0,0,138650.0,571250.0
319,42,105,571350.0,138650.0,10420105,3,0,4,0,0,0,0,138650.0,571350.0
320,42,106,571450.0,138650.0,10420106,3,0,4,0,0,0,0,138650.0,571450.0
321,42,107,571550.0,138650.0,10420107,3,0,4,0,0,0,0,138650.0,571550.0
322,42,108,571650.0,138650.0,10420108,3,0,4,0,0,0,0,138650.0,571650.0
323,42,109,571750.0,138650.0,10420109,3,0,4,0,0,0,0,138650.0,571750.0
324,42,110,571850.0,138650.0,10420110,3,0,4,0,0,0,0,138650.0,571850.0
325,42,111,571950.0,138650.0,10420111,4,0,4,0,0,0,0,138650.0,571950.0
326,42,112,572050.0,138650.0,10420112,4,0,4,0,0,0,0,138650.0,572050.0
327,42,113,572150.0,138650.0,10420113,4,0,4,0,0,0,0,138650.0,572150.0
328,43,32,564050.0,138550.0,10430032,4,0,4,0,0,0,0,138550.0,564050.0
329,43,33,564150.0,138550.0,10430033,4,0,4,0,0,0,0,138550.0,564150.0
330,43,34,564250.0,138550.0,10430034,4,0,4,0,0,0,0,138550.0,564250.0
331,43,35,564350.0,138550.0,10430035,4,0,4,0,0,0,0,138550.0,564350.0
332,43,36,564450.0,138550.0,10430036,4,0,4,0,0,0,0,138550.0,564450.0
333,43,37,564550.0,138550.0,10430037,4,0,4,0,0,0,0,138550.0,564550.0
334,43,38,564650.0,138550.0,10430038,4,0,4,0,0,0,0,138550.0,564650.0
335,43,39,564750.0,138550.0,10430039,4,0,4,0,0,0,0,138550.0,564750.0
336,43,40,564850.0,138550.0,10430040,4,0,4,0,0,0,0,138550.0,564850.0
337,43,41,564950.0,138550.0,10430041,4,0,4,0,0,0,0,138550.0,564950.0
338,43,42,565050.0,138550.0,10430042,3,0,4,0,0,0,0,138550.0,565050.0
339,43,43,565150.0,138550.0,10430043,3,0,4,0,0,0,0,138550.0,565150.0
340,43,44,565250.0,138550.0,10430044,2,0,4,0,0,0,0,138550.0,565250.0
341,43,45,565350.0,138550.0,10430045,2,0,4,0,0,0,0,138550.0,565350.0
342,43,46,565450.0,138550.0,10430046,2,0,4,0,0,0,0,138550.0,565450.0
343,43,47,565550.0,138550.0,10430047,1,0,4,0,0,0,0,138550.0,565550.0
344,43,48,565650.0,138550.0,10430048,1,0,4,0,0,0,0,138550.0,565650.0
345,43,49,565750.0,138550.0,10430049,1,0,4,0,0,0,0,138550.0,565750.0
346,43,50,565850.0,138550.0,10430050,1,0,4,0,0,0,0,138550.0,565850.0
347,43,51,565950.0,138550.0,10430051,1,0,4,0,0,0,0,138550.0,565950.0
348,43,52,566050.0,138550.0,10430052,1,0,4,0,0,0,0,138550.0,566050.0
349,43,53,566150.0,138550.0,10430053,2,0,4,0,0,0,0,138550.0,566150.0
350,43,54,566250.0,138550.0,10430054,2,0,4,0,0,0,0,138550.0,566250.0
351,43,55,566350.0,138550.0,10430055,2,0,3,0,0,0,0,138550.0,566350.0
352,43,56,566450.0,138550.0,10430056,2,0,3,0,0,0,0,138550.0,566450.0
353,43,57,566550.0,138550.0,10430057,2,0,2,0,0,0,0,138550.0,566550.0
354,43,58,566650.0,138550.0,10430058,2,0,2,0,0,0,0,138550.0,566650.0
355,43,59,566750.0,138550.0,10430059,2,0,2,0,0,0,0,138550.0,566750.0
356,43,60,566850.0,138550.0,10430060,1,0,1,0,0,0,0,138550.0,566850.0
357,43,61,566950.0,138550.0,10430061,1,0,1,0,0,0,0,138550.0,566950.0
358,43,62,567050.0,138550.0,10430062,1,0,1,0,0,0,0,138550.0,567050.0
359,43,63,567150.0,138550.0,10430063,1,0,1,0,0,0,0,138550.0,567150.0
360,43,64,567250.0,138550.0,10430064,0,0,2,0,0,0,0,138550.0,567250.0
361,43,65,567350.0,138550.0,10430065,0,0,2,0,0,0,0,138550.0,567350.0
362,43,66,567450.0,138550.0,10430066,0,0,2,0,0,0,0,138550.0,567450.0
363,43,67,567550.0,138550.0,10430067,1,0,3,0,0,0,0,138550.0,567550.0
364,43,68,567650.0,138550.0,10430068,1,0,3,0,0,0,0,138550.0,567650.0
365,43,69,567750.0,138550.0,10430069,2,0,4,0,0,0,0,138550.0,567750.0
366,43,70,567850.0,138550.0,10430070,2,0,4,0,0,0,0,138550.0,567850.0
367,43,71,567950.0,138550.0,10430071,2,0,4,0,0,0,0,138550.0,567950.0
368,43,72,568050.0,138550.0,10430072,2,0,4,0,0,0,0,138550.0,568050.0
369,43,73,568150.0,138550.0,10430073,2,0,4,0,0,0,0,138550.0,568150.0
370,43,74,568250.0,138550.0,10430074,2,0,4,0,0,0,0,138550.0,568250.0
371,43,75,568350.0,138550.0,10430075,2,0,4,0,0,0,0,138550.0,568350.0
372,43,76,568450.0,138550.0,10430076,2,0,4,0,0,0,0,138550.0,568450.0
373,43,77,568550.0,138550.0,10430077,2,0,4,0,0,0,0,138550.0,568550.0
374,43,78,568650.0,138550.0,10430078,2,0,4,0,0,0,0,138550.0,568650.0
375,43,79,568750.0,138550.0,10430079,3,0,4,0,0,0,0,138550.0,568750.0
376,43,80,568850.0,138550.0,10430080,3,0,4,0,0,0,0,138550.0,568850.0
377,43,81,568950.0,138550.0,10430081,3,0,4,0,0,0,0,138550.0,568950.0
378,43,82,569050.0,138550.0,10430082,4,0,4,0,0,0,0,138550.0,569050.0
379,43,83,569150.0,138550.0,10430083,4,0,4,0,0,0,0,138550.0,569150.0
380,43,84,569250.0,138550.0,10430084,4,0,4,0,0,0,0,138550.0,569250.0
381,43,85,569350.0,138550.0,10430085,4,0,4,0,0,0,0,138550.0,569350.0
382,43,86,569450.0,138550.0,10430086,4,0,4,0,0,0,0,138550.0,569450.0
383,43,87,569550.0,138550.0,10430087,4,0,4,0,0,0,0,138550.0,569550.0
384,43,88,569650.0,138550.0,10430088,4,0,4,0,0,0,0,138550.0,569650.0
385,43,89,569750.0,138550.0,10430089,4,0,4,0,0,0,0,138550.0,569750.0
386,43,90,569850.0,138550.0,10430090,4,0,4,0,0,0,0,138550.0,569850.0
387,43,91,569950.0,138550.0,10430091,4,0,4,0,0,0,0,138550.0,569950.0
388,43,92,570050.0,138550.0,10430092,4,0,4,0,0,0,0,138550.0,570050.0
389,43,93,570150.0,138550.0,10430093,3,0,4,0,0,0,0,138550.0,570150.0
390,43,94,570250.0,138550.0,10430094,3,0,4,0,0,0,0,138550.0,570250.0
391,43,95,570350.0,138550.0,10430095,3,0,4,0,0,0,0,138550.0,570350.0
392,43,96,570450.0,138550.0,10430096,3,0,4,0,0,0,0,138550.0,570450.0
393,43,97,570550.0,138550.0,10430097,3,0,4,0,0,0,0,138550.0,570550.0
394,43,98,570650.0,138550.0,10430098,2,0,4,0,0,0,0,138550.0,570650.0
395,43,99,570750.0,138550.0,10430099,3,0,4,0,0,0,0,138550.0,570750.0
396,43,100,570850.0,138550.0,10430100,3,0,4,0,0,0,0,138550.0,570850.0
397,43,101,570950.0,138550.0,10430101,3,0,4,0,0,0,0,138550.0,570950.0
398,43,102,571050.0,138550.0,10430102,3,0,4,0,0,0,0,138550.0,571050.0
399,43,103,571150.0,138550.0,10430103,3,0,4,0,0,0,0,138550.0,571150.0
400,43,104,571250.0,138550.0,10430104,3,0,4,0,0,0,0,138550.0,571250.0
401,43,105,571350.0,138550.0,10430105,2,0,4,0,0,0,0,138550.0,571350.0
402,43,106,571450.0,138550.0,10430106,2,0,4,0,0,0,0,138550.0,571450.0
403,43,107,571550.0,138550.0,10430107,2,0,4,0,0,0,0,138550.0,571550.0
404,43,108,571650.0,138550.0,10430108,3,0,4,0,0,0,0,138550.0,571650.0
405,43,109,571750.0,138550.0,10430109,3,0,4,0,0,0,0,138550.0,571750.0
406,43,110,571850.0,138550.0,10430110,3,0,4,0,0,0,0,138550.0,571850.0
407,43,111,571950.0,138550.0,10430111,3,0,4,0,0,0,0,138550.0,571950.0
408,43,112,572050.0,138550.0,10430112,4,0,4,0,0,0,0,138550.0,572050.0
409,43,113,572150.0,138550.0,10430113,4,0,4,0,0,0,0,138550.0,572150.0
410,44,32,564050.0,138450.0,10440032,4,0,4,0,0,0,0,138450.0,564050.0
411,44,33,564150.0,138450.0,10440033,4,0,4,0,0,0,0,138450.0,564150.0
412,44,34,564250.0,138450.0,10440034,4,0,4,0,0,0,0,138450.0,564250.0
413,44,35,564350.0,138450.0,10440035,4,0,4,0,0,0,0,138450.0,564350.0
414,44,36,564450.0,138450.0,10440036,4,0,4,0,0,0,0,138450.0,564450.0
415,44,37,564550.0,138450.0,10440037,4,0,4,0,0,0,0,138450.0,564550.0
416,44,38,564650.0,138450.0,10440038,4,0,4,0,0,0,0,138450.0,564650.0
417,44,39,564750.0,138450.0,10440039,4,0,4,0,0,0,0,138450.0,564750.0
418,44,40,564850.0,138450.0,10440040,4,0,4,0,0,0,0,138450.0,564850.0
419,44,41,564950.0,138450.0,10440041,4,0,4,0,0,0,0,138450.0,564950.0
420,44,42,565050.0,138450.0,10440042,3,0,4,0,0,0,0,138450.0,565050.0
421,44,43,565150.0,138450.0,10440043,3,0,4,0,0,0,0,138450.0,565150.0
422,44,44,565250.0,138450.0,10440044,2,0,4,0,0,0,0,138450.0,565250.0
423,44,45,565350.0,138450.0,10440045,2,0,3,0,0,0,0,138450.0,565350.0
424,44,46,565450.0,138450.0,10440046,1,0,3,0,0,0,0,138450.0,565450.0
425,44,47,565550.0,138450.0,10440047,1,0,3,0,0,0,0,138450.0,565550.0
426,44,48,565650.0,138450.0,10440048,1,0,3,0,0,0,0,138450.0,565650.0
427,44,49,565750.0,138450.0,10440049,0,0,3,0,0,0,0,138450.0,565750.0
428,44,50,565850.0,138450.0,10440050,0,0,4,0,0,0,0,138450.0,565850.0
429,44,51,565950.0,138450.0,10440051,1,0,4,0,0,0,0,138450.0,565950.0
430,44,52,566050.0,138450.0,10440052,1,0,4,0,0,0,0,138450.0,566050.0
431,44,53,566150.0,138450.0,10440053,2,0,4,0,0,0,0,138450.0,566150.0
432,44,54,566250.0,138450.0,10440054,1,0,4,0,0,0,0,138450.0,566250.0
433,44,55,566350.0,138450.0,10440055,1,0,3,0,0,0,0,138450.0,566350.0
434,44,56,566450.0,138450.0,10440056,1,0,3,0,0,0,0,138450.0,566450.0
435,44,57,566550.0,138450.0,10440057,1,0,3,0,0,0,0,138450.0,566550.0
436,44,58,566650.0,138450.0,10440058,1,0,2,0,0,0,0,138450.0,566650.0
437,44,59,566750.0,138450.0,10440059,2,0,2,0,0,0,0,138450.0,566750.0
438,44,60,566850.0,138450.0,10440060,2,0,2,0,0,0,0,138450.0,566850.0
439,44,61,566950.0,138450.0,10440061,2,0,2,0,0,0,0,138450.0,566950.0
440,44,62,567050.0,138450.0,10440062,1,0,2,0,0,0,0,138450.0,567050.0
441,44,63,567150.0,138450.0,10440063,1,0,2,0,0,0,0,138450.0,567150.0
442,44,64,567250.0,138450.0,10440064,1,0,2,0,0,0,0,138450.0,567250.0
443,44,65,567350.0,138450.0,10440065,0,0,2,0,0,0,0,138450.0,567350.0
444,44,66,567450.0,138450.0,10440066,1,0,3,0,0,0,0,138450.0,567450.0
445,44,67,567550.0,138450.0,10440067,1,0,3,0,0,0,0,138450.0,567550.0
446,44,68,567650.0,138450.0,10440068,1,0,4,0,0,0,0,138450.0,567650.0
447,44,69,567750.0,138450.0,10440069,2,0,4,0,0,0,0,138450.0,567750.0
448,44,70,567850.0,138450.0,10440070,2,0,4,0,0,0,0,138450.0,567850.0
449,44,71,567950.0,138450.0,10440071,2,0,4,0,0,0,0,138450.0,567950.0
450,44,72,568050.0,138450.0,10440072,2,0,4,0,0,0,0,138450.0,568050.0
451,44,73,568150.0,138450.0,10440073,2,0,4,0,0,0,0,138450.0,568150.0
452,44,74,568250.0,138450.0,10440074,2,0,4,0,0,0,0,138450.0,568250.0
453,44,75,568350.0,138450.0,10440075,1,0,4,1,0,0,0,138450.0,568350.0
454,44,76,568450.0,138450.0,10440076,1,0,4,1,0,0,0,138450.0,568450.0
455,44,77,568550.0,138450.0,10440077,2,0,4,1,0,0,0,138450.0,568550.0
456,44,78,568650.0,138450.0,10440078,2,0,3,1,0,0,0,138450.0,568650.0
457,44,79,568750.0,138450.0,10440079,2,0,3,0,0,0,0,138450.0,568750.0
458,44,80,568850.0,138450.0,10440080,3,0,4,0,0,0,0,138450.0,568850.0
459,44,81,568950.0,138450.0,10440081,3,0,4,0,0,0,0,138450.0,568950.0
460,44,82,569050.0,138450.0,10440082,3,0,4,0,0,0,0,138450.0,569050.0
461,44,83,569150.0,138450.0,10440083,4,0,4,0,0,0,0,138450.0,569150.0
462,44,84,569250.0,138450.0,10440084,4,0,4,0,0,0,0,138450.0,569250.0
463,44,85,569350.0,138450.0,10440085,4,0,4,0,0,0,0,138450.0,569350.0
464,44,86,569450.0,138450.0,10440086,4,0,4,0,0,0,0,138450.0,569450.0
465,44,87,569550.0,138450.0,10440087,4,0,4,0,0,0,0,138450.0,569550.0
466,44,88,569650.0,138450.0,10440088,4,0,4,0,0,0,0,138450.0,569650.0
467,44,89,569750.0,138450.0,10440089,4,0,4,0,0,0,0,138450.0,569750.0
468,44,90,569850.0,138450.0,10440090,4,0,4,0,0,0,0,138450.0,569850.0
469,44,91,569950.0,138450.0,10440091,4,0,4,0,0,0,0,138450.0,569950.0
470,44,92,570050.0,138450.0,10440092,4,0,4,0,0,0,0,138450.0,570050.0
471,44,93,570150.0,138450.0,10440093,4,0,4,0,0,0,0,138450.0,570150.0
472,44,94,570250.0,138450.0,10440094,4,0,4,0,0,0,0,138450.0,570250.0
473,44,95,570350.0,138450.0,10440095,3,0,4,0,0,0,0,138450.0,570350.0
474,44,96,570450.0,138450.0,10440096,3,0,4,0,0,0,0,138450.0,570450.0
475,44,97,570550.0,138450.0,10440097,3,0,4,0,0,0,0,138450.0,570550.0
476,44,98,570650.0,138450.0,10440098,3,0,4,0,0,0,0,138450.0,570650.0
477,44,99,570750.0,138450.0,10440099,3,0,4,0,0,0,0,138450.0,570750.0
478,44,100,570850.0,138450.0,10440100,3,0,4,0,0,0,0,138450.0,570850.0
479,44,101,570950.0,138450.0,10440101,3,0,4,0,0,0,0,138450.0,570950.0
480,44,102,571050.0,138450.0,10440102,3,0,4,0,0,0,0,138450.0,571050.0
481,44,103,571150.0,138450.0,10440103,2,0,4,0,0,0,0,138450.0,571150.0
482,44,104,571250.0,138450.0,10440104,2,0,4,0,0,0,0,138450.0,571250.0
483,44,105,571350.0,138450.0,10440105,2,0,4,0,0,0,0,138450.0,571350.0
484,44,106,571450.0,138450.0,10440106,2,0,4,0,0,0,0,138450.0,571450.0
485,44,107,571550.0,138450.0,10440107,2,0,4,0,0,0,0,138450.0,571550.0
486,44,108,571650.0,138450.0,10440108,2,0,4,0,0,0,0,138450.0,571650.0
487,44,109,571750.0,138450.0,10440109,2,0,4,0,0,0,0,138450.0,571750.0
488,44,110,571850.0,138450.0,10440110,3,0,4,0,0,0,0,138450.0,571850.0
489,44,111,571950.0,138450.0,10440111,3,0,4,0,0,0,0,138450.0,571950.0
490,44,112,572050.0,138450.0,10440112,3,0,4,0,0,0,0,138450.0,572050.0
491,44,113,572150.0,138450.0,10440113,4,0,4,0,0,0,0,138450.0,572150.0
492,45,32,564050.0,138350.0,10450032,4,0,4,0,0,0,0,138350.0,564050.0
493,45,33,564150.0,138350.0,10450033,4,0,4,0,0,0,0,138350.0,564150.0
494,45,34,564250.0,138350.0,10450034,4,0,4,0,0,0,0,138350.0,564250.0
495,45,35,564350.0,138350.0,10450035,4,0,4,0,0,0,0,138350.0,564350.0
496,45,36,564450.0,138350.0,10450036,4,0,4,0,0,0,0,138350.0,564450.0
497,45,37,564550.0,138350.0,10450037,4,0,4,0,0,0,0,138350.0,564550.0
498,45,38,564650.0,138350.0,10450038,4,0,4,0,0,0,0,138350.0,564650.0
499,45,39,564750.0,138350.0,10450039,4,0,4,0,0,0,0,138350.0,564750.0
500,45,40,564850.0,138350.0,10450040,4,0,4,0,0,0,0,138350.0,564850.0
501,45,41,564950.0,138350.0,10450041,4,0,4,0,0,0,0,138350.0,564950.0
502,45,42,565050.0,138350.0,10450042,3,0,4,0,0,0,0,138350.0,565050.0
503,45,43,565150.0,138350.0,10450043,3,0,3,0,0,0,0,138350.0,565150.0
504,45,44,565250.0,138350.0,10450044,2,0,3,0,0,0,0,138350.0,565250.0
505,45,45,565350.0,138350.0,10450045,2,0,3,0,0,0,0,138350.0,565350.0
506,45,46,565450.0,138350.0,10450046,1,0,3,0,0,0,0,138350.0,565450.0
507,45,47,565550.0,138350.0,10450047,1,0,3,0,0,0,0,138350.0,565550.0
508,45,48,565650.0,138350.0,10450048,0,0,3,0,0,0,0,138350.0,565650.0
509,45,49,565750.0,138350.0,10450049,0,0,3,0,0,0,0,138350.0,565750.0
510,45,50,565850.0,138350.0,10450050,0,0,3,0,0,0,0,138350.0,565850.0
511,45,51,565950.0,138350.0,10450051,0,0,3,0,0,0,0,138350.0,565950.0
512,45,52,566050.0,138350.0,10450052,1,0,3,0,0,0,0,138350.0,566050.0
513,45,53,566150.0,138350.0,10450053,1,0,3,0,0,0,0,138350.0,566150.0
514,45,54,566250.0,138350.0,10450054,1,0,3,0,0,0,0,138350.0,566250.0
515,45,55,566350.0,138350.0,10450055,1,0,3,0,0,0,0,138350.0,566350.0
516,45,56,566450.0,138350.0,10450056,1,0,3,0,0,0,0,138350.0,566450.0
517,45,57,566550.0,138350.0,10450057,1,0,3,0,0,0,0,138350.0,566550.0
518,45,58,566650.0,138350.0,10450058,1,0,3,0,0,0,0,138350.0,566650.0
519,45,59,566750.0,138350.0,10450059,1,0,3,0,0,0,0,138350.0,566750.0
520,45,60,566850.0,138350.0,10450060,2,0,2,0,0,0,0,138350.0,566850.0
521,45,61,566950.0,138350.0,10450061,2,0,2,0,0,0,0,138350.0,566950.0
522,45,62,567050.0,138350.0,10450062,2,0,2,0,0,0,0,138350.0,567050.0
523,45,63,567150.0,138350.0,10450063,1,0,2,0,0,0,0,138350.0,567150.0
524,45,64,567250.0,138350.0,10450064,1,0,3,0,0,0,0,138350.0,567250.0
525,45,65,567350.0,138350.0,10450065,1,0,3,0,0,0,0,138350.0,567350.0
526,45,66,567450.0,138350.0,10450066,1,0,3,0,0,0,0,138350.0,567450.0
527,45,67,567550.0,138350.0,10450067,1,0,3,0,0,0,0,138350.0,567550.0
528,45,68,567650.0,138350.0,10450068,2,0,3,0,0,0,0,138350.0,567650.0
529,45,69,567750.0,138350.0,10450069,2,0,4,0,0,0,0,138350.0,567750.0
530,45,70,567850.0,138350.0,10450070,2,0,3,0,0,0,0,138350.0,567850.0
531,45,71,567950.0,138350.0,10450071,2,0,3,0,0,0,0,138350.0,567950.0
532,45,72,568050.0,138350.0,10450072,2,0,3,0,0,0,0,138350.0,568050.0
533,45,73,568150.0,138350.0,10450073,1,0,3,0,0,0,0,138350.0,568150.0
534,45,74,568250.0,138350.0,10450074,1,0,3,1,0,0,0,138350.0,568250.0
535,45,75,568350.0,138350.0,10450075,1,0,3,1,0,0,0,138350.0,568350.0
536,45,76,568450.0,138350.0,10450076,1,0,3,2,0,0,0,138350.0,568450.0
537,45,77,568550.0,138350.0,10450077,1,0,3,2,0,0,0,138350.0,568550.0
538,45,78,568650.0,138350.0,10450078,1,0,3,1,0,0,0,138350.0,568650.0
539,45,79,568750.0,138350.0,10450079,2,0,3,1,0,0,0,138350.0,568750.0
540,45,80,568850.0,138350.0,10450080,2,0,3,0,0,0,0,138350.0,568850.0
541,45,81,568950.0,138350.0,10450081,3,0,3,0,0,0,0,138350.0,568950.0
542,45,82,569050.0,138350.0,10450082,3,0,3,0,0,0,0,138350.0,569050.0
543,45,83,569150.0,138350.0,10450083,4,0,4,0,0,0,0,138350.0,569150.0
544,45,84,569250.0,138350.0,10450084,4,0,4,0,0,0,0,138350.0,569250.0
545,45,85,569350.0,138350.0,10450085,4,0,4,0,0,0,0,138350.0,569350.0
546,45,86,569450.0,138350.0,10450086,4,0,4,0,0,0,0,138350.0,569450.0
547,45,87,569550.0,138350.0,10450087,4,0,4,0,0,0,0,138350.0,569550.0
548,45,88,569650.0,138350.0,10450088,4,0,4,0,0,0,0,138350.0,569650.0
549,45,89,569750.0,138350.0,10450089,4,0,4,0,0,0,0,138350.0,569750.0
550,45,90,569850.0,138350.0,10450090,4,0,4,0,0,0,0,138350.0,569850.0
551,45,91,569950.0,138350.0,10450091,4,0,4,0,0,0,0,138350.0,569950.0
552,45,92,570050.0,138350.0,10450092,4,0,4,0,0,0,0,138350.0,570050.0
553,45,93,570150.0,138350.0,10450093,4,0,4,0,0,0,0,138350.0,570150.0
554,45,94,570250.0,138350.0,10450094,4,0,4,0,0,0,0,138350.0,570250.0
555,45,95,570350.0,138350.0,10450095,4,0,4,0,0,0,0,138350.0,570350.0
556,45,96,570450.0,138350.0,10450096,4,0,4,0,0,0,0,138350.0,570450.0
557,45,97,570550.0,138350.0,10450097,4,0,4,0,0,0,0,138350.0,570550.0
558,45,98,570650.0,138350.0,10450098,3,0,4,0,0,0,0,138350.0,570650.0
559,45,99,570750.0,138350.0,10450099,4,0,4,0,0,0,0,138350.0,570750.0
560,45,100,570850.0,138350.0,10450100,3,0,4,0,0,0,0,138350.0,570850.0
561,45,101,570950.0,138350.0,10450101,3,0,4,0,0,0,0,138350.0,570950.0
562,45,102,571050.0,138350.0,10450102,2,0,4,0,0,0,0,138350.0,571050.0
563,45,103,571150.0,138350.0,10450103,2,0,4,0,0,0,0,138350.0,571150.0
564,45,104,571250.0,138350.0,10450104,2,0,4,0,0,0,0,138350.0,571250.0
565,45,105,571350.0,138350.0,10450105,2,0,4,0,0,0,0,138350.0,571350.0
566,45,106,571450.0,138350.0,10450106,1,0,4,0,0,0,0,138350.0,571450.0
567,45,107,571550.0,138350.0,10450107,1,0,4,0,0,0,0,138350.0,571550.0
568,45,108,571650.0,138350.0,10450108,2,0,4,0,0,0,0,138350.0,571650.0
569,45,109,571750.0,138350.0,10450109,2,0,4,0,0,0,0,138350.0,571750.0
570,45,110,571850.0,138350.0,10450110,2,0,4,0,0,0,0,138350.0,571850.0
571,45,111,571950.0,138350.0,10450111,3,0,4,0,0,0,0,138350.0,571950.0
572,45,112,572050.0,138350.0,10450112,3,0,4,0,0,0,0,138350.0,572050.0
573,45,113,572150.0,138350.0,10450113,3,0,4,0,0,0,0,138350.0,572150.0
574,46,32,564050.0,138250.0,10460032,4,0,4,0,0,0,0,138250.0,564050.0
575,46,33,564150.0,138250.0,10460033,4,0,4,0,0,0,0,138250.0,564150.0
576,46,34,564250.0,138250.0,10460034,4,0,4,0,0,0,0,138250.0,564250.0
577,46,35,564350.0,138250.0,10460035,4,0,4,0,0,0,0,138250.0,564350.0
578,46,36,564450.0,138250.0,10460036,4,0,4,0,0,0,0,138250.0,564450.0
579,46,37,564550.0,138250.0,10460037,4,0,4,0,0,0,0,138250.0,564550.0
580,46,38,564650.0,138250.0,10460038,4,0,4,0,0,0,0,138250.0,564650.0
581,46,39,564750.0,138250.0,10460039,4,0,4,0,0,0,0,138250.0,564750.0
582,46,40,564850.0,138250.0,10460040,4,0,4,0,0,0,0,138250.0,564850.0
583,46,41,564950.0,138250.0,10460041,4,0,4,0,0,0,0,138250.0,564950.0
584,46,42,565050.0,138250.0,10460042,3,0,3,0,0,0,0,138250.0,565050.0
585,46,43,565150.0,138250.0,10460043,3,0,3,0,0,0,0,138250.0,565150.0
586,46,44,565250.0,138250.0,10460044,2,0,3,0,0,0,0,138250.0,565250.0
587,46,45,565350.0,138250.0,10460045,2,0,2,0,0,0,0,138250.0,565350.0
588,46,46,565450.0,138250.0,10460046,1,0,2,0,0,0,0,138250.0,565450.0
589,46,47,565550.0,138250.0,10460047,1,0,2,0,0,0,0,138250.0,565550.0
590,46,48,565650.0,138250.0,10460048,0,0,2,0,0,0,0,138250.0,565650.0
591,46,49,565750.0,138250.0,10460049,0,0,2,0,0,0,0,138250.0,565750.0
592,46,50,565850.0,138250.0,10460050,0,0,3,0,0,0,0,138250.0,565850.0
593,46,51,565950.0,138250.0,10460051,0,0,3,0,0,0,0,138250.0,565950.0
594,46,52,566050.0,138250.0,10460052,1,0,3,0,0,0,0,138250.0,566050.0
595,46,53,566150.0,138250.0,10460053,1,0,3,0,0,0,0,138250.0,566150.0
596,46,54,566250.0,138250.0,10460054,1,0,3,0,0,0,0,138250.0,566250.0
597,46,55,566350.0,138250.0,10460055,0,0,3,0,0,0,0,138250.0,566350.0
598,46,56,566450.0,138250.0,10460056,0,0,3,0,0,0,0,138250.0,566450.0
599,46,57,566550.0,138250.0,10460057,0,0,3,0,0,0,0,138250.0,566550.0
600,46,58,566650.0,138250.0,10460058,1,0,3,0,0,0,0,138250.0,566650.0
601,46,59,566750.0,138250.0,10460059,1,0,3,0,0,0,0,138250.0,566750.0
602,46,60,566850.0,138250.0,10460060,2,0,3,0,0,0,0,138250.0,566850.0
603,46,61,566950.0,138250.0,10460061,2,0,3,0,0,0,0,138250.0,566950.0
604,46,62,567050.0,138250.0,10460062,2,0,3,0,0,0,0,138250.0,567050.0
605,46,63,567150.0,138250.0,10460063,2,0,3,0,0,0,0,138250.0,567150.0
606,46,64,567250.0,138250.0,10460064,2,0,3,0,0,0,0,138250.0,567250.0
607,46,65,567350.0,138250.0,10460065,1,0,3,0,0,0,0,138250.0,567350.0
608,46,66,567450.0,138250.0,10460066,2,0,3,0,0,0,0,138250.0,567450.0
609,46,67,567550.0,138250.0,10460067,2,0,3,0,0,0,0,138250.0,567550.0
610,46,68,567650.0,138250.0,10460068,2,0,3,0,0,0,0,138250.0,567650.0
611,46,69,567750.0,138250.0,10460069,2,0,3,0,0,0,0,138250.0,567750.0
612,46,70,567850.0,138250.0,10460070,2,0,3,0,0,0,0,138250.0,567850.0
613,46,71,567950.0,138250.0,10460071,2,0,3,0,0,0,0,138250.0,567950.0
614,46,72,568050.0,138250.0,10460072,1,0,3,0,0,0,0,138250.0,568050.0
615,46,73,568150.0,138250.0,10460073,1,0,3,0,0,0,0,138250.0,568150.0
616,46,74,568250.0,138250.0,10460074,1,0,3,1,0,0,0,138250.0,568250.0
617,46,75,568350.0,138250.0,10460075,0,0,3,2,0,0,0,138250.0,568350.0
618,46,76,568450.0,138250.0,10460076,1,0,3,3,0,0,0,138250.0,568450.0
619,46,77,568550.0,138250.0,10460077,1,0,3,3,0,0,0,138250.0,568550.0
620,46,78,568650.0,138250.0,10460078,1,0,2,2,0,0,0,138250.0,568650.0
621,46,79,568750.0,138250.0,10460079,2,0,2,1,0,0,0,138250.0,568750.0
622,46,80,568850.0,138250.0,10460080,2,0,3,0,0,0,0,138250.0,568850.0
623,46,81,568950.0,138250.0,10460081,2,0,3,0,0,0,0,138250.0,568950.0
624,46,82,569050.0,138250.0,10460082,3,0,3,0,0,0,0,138250.0,569050.0
625,46,83,569150.0,138250.0,10460083,3,0,3,0,0,0,0,138250.0,569150.0
626,46,84,569250.0,138250.0,10460084,4,0,4,0,0,0,0,138250.0,569250.0
627,46,85,569350.0,138250.0,10460085,4,0,4,0,0,0,0,138250.0,569350.0
628,46,86,569450.0,138250.0,10460086,4,0,4,0,0,0,0,138250.0,569450.0
629,46,87,569550.0,138250.0,10460087,4,0,4,0,0,0,0,138250.0,569550.0
630,46,88,569650.0,138250.0,10460088,4,0,4,0,0,0,0,138250.0,569650.0
631,46,89,569750.0,138250.0,10460089,4,0,4,0,0,0,0,138250.0,569750.0
632,46,90,569850.0,138250.0,10460090,4,0,4,0,0,0,0,138250.0,569850.0
633,46,91,569950.0,138250.0,10460091,4,0,4,0,0,0,0,138250.0,569950.0
634,46,92,570050.0,138250.0,10460092,4,0,4,0,0,0,0,138250.0,570050.0
635,46,93,570150.0,138250.0,10460093,4,0,4,0,0,0,0,138250.0,570150.0
636,46,94,570250.0,138250.0,10460094,4,0,4,0,0,0,0,138250.0,570250.0
637,46,95,570350.0,138250.0,10460095,4,0,4,0,0,0,0,138250.0,570350.0
638,46,96,570450.0,138250.0,10460096,4,0,4,0,0,0,0,138250.0,570450.0
639,46,97,570550.0,138250.0,10460097,4,0,4,0,0,0,0,138250.0,570550.0
640,46,98,570650.0,138250.0,10460098,4,0,4,0,0,0,0,138250.0,570650.0
641,46,99,570750.0,138250.0,10460099,3,0,4,0,0,0,0,138250.0,570750.0
642,46,100,570850.0,138250.0,10460100,3,0,4,0,0,0,0,138250.0,570850.0
643,46,101,570950.0,138250.0,10460101,2,0,4,0,0,0,0,138250.0,570950.0
644,46,102,571050.0,138250.0,10460102,2,0,4,0,0,0,0,138250.0,571050.0
645,46,103,571150.0,138250.0,10460103,2,0,4,0,0,0,0,138250.0,571150.0
646,46,104,571250.0,138250.0,10460104,1,0,4,0,0,0,0,138250.0,571250.0
647,46,105,571350.0,138250.0,10460105,1,0,4,0,0,0,0,138250.0,571350.0
648,46,106,571450.0,138250.0,10460106,1,0,4,0,0,0,0,138250.0,571450.0
649,46,107,571550.0,138250.0,10460107,1,0,4,0,0,0,0,138250.0,571550.0
650,46,108,571650.0,138250.0,10460108,1,0,4,0,0,0,0,138250.0,571650.0
651,46,109,571750.0,138250.0,10460109,1,0,4,0,0,0,0,138250.0,571750.0
652,46,110,571850.0,138250.0,10460110,2,0,4,0,0,0,0,138250.0,571850.0
653,46,111,571950.0,138250.0,10460111,2,0,4,0,0,0,0,138250.0,571950.0
654,46,112,572050.0,138250.0,10460112,3,0,4,0,0,0,0,138250.0,572050.0
655,46,113,572150.0,138250.0,10460113,3,0,4,0,0,0,0,138250.0,572150.0
656,47,32,564050.0,138150.0,10470032,4,0,4,0,0,0,0,138150.0,564050.0
657,47,33,564150.0,138150.0,10470033,4,0,4,0,0,0,0,138150.0,564150.0
658,47,34,564250.0,138150.0,10470034,4,0,4,0,0,0,0,138150.0,564250.0
659,47,35,564350.0,138150.0,10470035,4,0,4,0,0,0,0,138150.0,564350.0
660,47,36,564450.0,138150.0,10470036,4,0,4,0,0,0,0,138150.0,564450.0
661,47,37,564550.0,138150.0,10470037,4,0,4,0,0,0,0,138150.0,564550.0
662,47,38,564650.0,138150.0,10470038,4,0,4,0,0,0,0,138150.0,564650.0
663,47,39,564750.0,138150.0,10470039,4,0,4,0,0,0,0,138150.0,564750.0
664,47,40,564850.0,138150.0,10470040,4,0,4,0,0,0,0,138150.0,564850.0
665,47,41,564950.0,138150.0,10470041,4,0,3,0,0,0,0,138150.0,564950.0
666,47,42,565050.0,138150.0,10470042,3,0,3,0,0,0,0,138150.0,565050.0
667,47,43,565150.0,138150.0,10470043,3,0,3,0,0,0,0,138150.0,565150.0
668,47,44,565250.0,138150.0,10470044,2,0,2,0,0,0,0,138150.0,565250.0
669,47,45,565350.0,138150.0,10470045,2,0,2,0,0,0,0,138150.0,565350.0
670,47,46,565450.0,138150.0,10470046,1,0,2,0,0,0,0,138150.0,565450.0
671,47,47,565550.0,138150.0,10470047,1,0,2,0,0,0,0,138150.0,565550.0
672,47,48,565650.0,138150.0,10470048,0,0,2,0,0,0,0,138150.0,565650.0
673,47,49,565750.0,138150.0,10470049,0,0,2,0,0,0,0,138150.0,565750.0
674,47,50,565850.0,138150.0,10470050,0,0,2,0,0,0,0,138150.0,565850.0
675,47,51,565950.0,138150.0,10470051,1,0,2,0,0,0,0,138150.0,565950.0
676,47,52,566050.0,138150.0,10470052,1,0,2,0,0,0,0,138150.0,566050.0
677,47,53,566150.0,138150.0,10470053,1,0,2,0,0,0,0,138150.0,566150.0
678,47,54,566250.0,138150.0,10470054,0,0,2,0,0,0,0,138150.0,566250.0
679,47,55,566350.0,138150.0,10470055,0,0,2,0,0,0,0,138150.0,566350.0
680,47,56,566450.0,138150.0,10470056,0,0,2,0,0,0,0,138150.0,566450.0
681,47,57,566550.0,138150.0,10470057,0,0,2,0,0,0,0,138150.0,566550.0
682,47,58,566650.0,138150.0,10470058,0,0,3,0,0,0,0,138150.0,566650.0
683,47,59,566750.0,138150.0,10470059,1,0,3,0,0,0,0,138150.0,566750.0
684,47,60,566850.0,138150.0,10470060,1,0,3,0,0,0,0,138150.0,566850.0
685,47,61,566950.0,138150.0,10470061,2,0,3,0,0,0,0,138150.0,566950.0
686,47,62,567050.0,138150.0,10470062,2,0,2,0,0,0,0,138150.0,567050.0
687,47,63,567150.0,138150.0,10470063,2,0,2,0,0,0,0,138150.0,567150.0
688,47,64,567250.0,138150.0,10470064,2,0,2,0,0,0,0,138150.0,567250.0
689,47,65,567350.0,138150.0,10470065,2,0,2,0,0,0,0,138150.0,567350.0
690,47,66,567450.0,138150.0,10470066,2,0,2,0,0,0,0,138150.0,567450.0
691,47,67,567550.0,138150.0,10470067,2,0,2,0,0,0,0,138150.0,567550.0
692,47,68,567650.0,138150.0,10470068,2,0,3,0,0,0,0,138150.0,567650.0
693,47,69,567750.0,138150.0,10470069,3,0,3,0,0,0,0,138150.0,567750.0
694,47,70,567850.0,138150.0,10470070,2,0,3,0,0,0,0,138150.0,567850.0
695,47,71,567950.0,138150.0,10470071,2,0,2,0,0,0,0,138150.0,567950.0
696,47,72,568050.0,138150.0,10470072,1,0,2,0,0,0,0,138150.0,568050.0
697,47,73,568150.0,138150.0,10470073,1,0,2,0,0,0,0,138150.0,568150.0
698,47,74,568250.0,138150.0,10470074,0,0,2,1,0,0,0,138150.0,568250.0
699,47,75,568350.0,138150.0,10470075,0,0,2,2,0,0,0,138150.0,568350.0
700,47,76,568450.0,138150.0,10470076,0,0,2,3,0,0,0,138150.0,568450.0
701,47,77,568550.0,138150.0,10470077,0,0,2,3,0,0,0,138150.0,568550.0
702,47,78,568650.0,138150.0,10470078,1,0,2,2,0,0,0,138150.0,568650.0
703,47,79,568750.0,138150.0,10470079,1,0,2,1,0,0,0,138150.0,568750.0
704,47,80,568850.0,138150.0,10470080,2,0,2,0,0,0,0,138150.0,568850.0
705,47,81,568950.0,138150.0,10470081,2,0,2,0,0,0,0,138150.0,568950.0
706,47,82,569050.0,138150.0,10470082,3,0,3,0,0,0,0,138150.0,569050.0
707,47,83,569150.0,138150.0,10470083,3,0,3,0,0,0,0,138150.0,569150.0
708,47,84,569250.0,138150.0,10470084,4,0,3,0,0,0,0,138150.0,569250.0
709,47,85,569350.0,138150.0,10470085,4,0,4,0,0,0,0,138150.0,569350.0
710,47,86,569450.0,138150.0,10470086,4,0,4,0,0,0,0,138150.0,569450.0
711,47,87,569550.0,138150.0,10470087,4,0,4,0,0,0,0,138150.0,569550.0
712,47,88,569650.0,138150.0,10470088,4,0,4,0,0,0,0,138150.0,569650.0
713,47,89,569750.0,138150.0,10470089,4,0,3,0,0,0,0,138150.0,569750.0
714,47,90,569850.0,138150.0,10470090,4,0,3,0,0,0,0,138150.0,569850.0
715,47,91,569950.0,138150.0,10470091,4,0,3,0,0,0,0,138150.0,569950.0
716,47,92,570050.0,138150.0,10470092,4,0,3,0,0,0,0,138150.0,570050.0
717,47,93,570150.0,138150.0,10470093,4,0,3,0,0,0,0,138150.0,570150.0
718,47,94,570250.0,138150.0,10470094,4,0,3,0,0,0,0,138150.0,570250.0
719,47,95,570350.0,138150.0,10470095,4,0,4,0,0,0,0,138150.0,570350.0
720,47,96,570450.0,138150.0,10470096,4,0,4,0,0,0,0,138150.0,570450.0
721,47,97,570550.0,138150.0,10470097,4,0,4,0,0,0,0,138150.0,570550.0
722,47,98,570650.0,138150.0,10470098,4,0,4,0,0,0,0,138150.0,570650.0
723,47,99,570750.0,138150.0,10470099,3,0,4,0,0,0,0,138150.0,570750.0
724,47,100,570850.0,138150.0,10470100,3,0,4,0,0,0,0,138150.0,570850.0
725,47,101,570950.0,138150.0,10470101,2,0,4,0,0,0,0,138150.0,570950.0
726,47,102,571050.0,138150.0,10470102,2,0,4,0,0,0,0,138150.0,571050.0
727,47,103,571150.0,138150.0,10470103,1,0,3,0,0,0,0,138150.0,571150.0
728,47,104,571250.0,138150.0,10470104,1,0,3,0,0,0,0,138150.0,571250.0
729,47,105,571350.0,138150.0,10470105,1,0,3,0,0,0,0,138150.0,571350.0
730,47,106,571450.0,138150.0,10470106,0,0,3,0,0,0,0,138150.0,571450.0
731,47,107,571550.0,138150.0,10470107,0,0,3,0,0,0,0,138150.0,571550.0
732,47,108,571650.0,138150.0,10470108,1,0,3,0,0,0,0,138150.0,571650.0
733,47,109,571750.0,138150.0,10470109,1,0,3,0,0,0,0,138150.0,571750.0
734,47,110,571850.0,138150.0,10470110,2,0,4,0,0,0,0,138150.0,571850.0
735,47,111,571950.0,138150.0,10470111,2,0,4,0,0,0,0,138150.0,571950.0
736,47,112,572050.0,138150.0,10470112,3,0,4,0,0,0,0,138150.0,572050.0
737,47,113,572150.0,138150.0,10470113,3,0,4,0,0,0,0,138150.0,572150.0
738,48,32,564050.0,138050.0,10480032,4,0,4,0,0,0,0,138050.0,564050.0
739,48,33,564150.0,138050.0,10480033,4,0,4,0,0,0,0,138050.0,564150.0
740,48,34,564250.0,138050.0,10480034,4,0,4,0,0,0,0,138050.0,564250.0
741,48,35,564350.0,138050.0,10480035,4,0,4,0,0,0,0,138050.0,564350.0
742,48,36,564450.0,138050.0,10480036,4,0,4,0,0,0,0,138050.0,564450.0
743,48,37,564550.0,138050.0,10480037,4,0,4,0,0,0,0,138050.0,564550.0
744,48,38,564650.0,138050.0,10480038,4,0,4,0,0,0,0,138050.0,564650.0
745,48,39,564750.0,138050.0,10480039,4,0,4,0,0,0,0,138050.0,564750.0
746,48,40,564850.0,138050.0,10480040,4,0,3,0,0,0,0,138050.0,564850.0
747,48,41,564950.0,138050.0,10480041,4,0,3,0,0,0,0,138050.0,564950.0
748,48,42,565050.0,138050.0,10480042,3,0,3,0,0,0,0,138050.0,565050.0
749,48,43,565150.0,138050.0,10480043,3,0,2,0,0,0,0,138050.0,565150.0
750,48,44,565250.0,138050.0,10480044,2,0,2,0,0,0,0,138050.0,565250.0
751,48,45,565350.0,138050.0,10480045,2,0,2,0,0,0,0,138050.0,565350.0
752,48,46,565450.0,138050.0,10480046,1,0,1,0,0,0,0,138050.0,565450.0
753,48,47,565550.0,138050.0,10480047,1,0,1,0,0,0,0,138050.0,565550.0
754,48,48,565650.0,138050.0,10480048,1,0,1,0,0,0,0,138050.0,565650.0
755,48,49,565750.0,138050.0,10480049,1,0,2,0,0,0,0,138050.0,565750.0
756,48,50,565850.0,138050.0,10480050,1,0,2,0,0,0,0,138050.0,565850.0
757,48,51,565950.0,138050.0,10480051,1,0,2,0,0,0,0,138050.0,565950.0
758,48,52,566050.0,138050.0,10480052,1,0,2,0,0,0,0,138050.0,566050.0
759,48,53,566150.0,138050.0,10480053,1,0,2,0,0,0,0,138050.0,566150.0
760,48,54,566250.0,138050.0,10480054,0,0,2,0,0,0,0,138050.0,566250.0
761,48,55,566350.0,138050.0,10480055,0,0,2,0,0,0,0,138050.0,566350.0
762,48,56,566450.0,138050.0,10480056,0,0,2,0,0,0,0,138050.0,566450.0
763,48,57,566550.0,138050.0,10480057,0,0,2,0,0,0,0,138050.0,566550.0
764,48,58,566650.0,138050.0,10480058,0,0,2,0,0,0,0,138050.0,566650.0
765,48,59,566750.0,138050.0,10480059,1,0,3,0,0,0,0,138050.0,566750.0
766,48,60,566850.0,138050.0,10480060,1,0,3,0,0,0,0,138050.0,566850.0
767,48,61,566950.0,138050.0,10480061,2,0,2,0,0,0,0,138050.0,566950.0
768,48,62,567050.0,138050.0,10480062,2,0,2,0,0,0,0,138050.0,567050.0
769,48,63,567150.0,138050.0,10480063,2,0,2,0,0,0,0,138050.0,567150.0
770,48,64,567250.0,138050.0,10480064,2,0,2,0,0,0,0,138050.0,567250.0
771,48,65,567350.0,138050.0,10480065,2,0,2,0,0,0,0,138050.0,567350.0
772,48,66,567450.0,138050.0,10480066,2,0,2,0,0,0,0,138050.0,567450.0
773,48,67,567550.0,138050.0,10480067,2,0,2,0,0,0,0,138050.0,567550.0
774,48,68,567650.0,138050.0,10480068,3,0,2,0,0,0,0,138050.0,567650.0
775,48,69,567750.0,138050.0,10480069,3,0,2,0,0,0,0,138050.0,567750.0
776,48,70,567850.0,138050.0,10480070,2,0,2,0,0,0,0,138050.0,567850.0
777,48,71,567950.0,138050.0,10480071,2,0,2,0,0,0,0,138050.0,567950.0
778,48,72,568050.0,138050.0,10480072,1,0,2,0,0,0,0,138050.0,568050.0
779,48,73,568150.0,138050.0,10480073,1,0,2,0,0,0,0,138050.0,568150.0
780,48,74,568250.0,138050.0,10480074,0,0,2,1,0,0,0,138050.0,568250.0
781,48,75,568350.0,138050.0,10480075,0,0,2,1,0,0,0,138050.0,568350.0
782,48,76,568450.0,138050.0,10480076,0,0,2,2,0,0,0,138050.0,568450.0
783,48,77,568550.0,138050.0,10480077,0,0,2,2,0,0,0,138050.0,568550.0
784,48,78,568650.0,138050.0,10480078,1,0,1,1,0,0,0,138050.0,568650.0
785,48,79,568750.0,138050.0,10480079,1,0,1,1,0,0,0,138050.0,568750.0
786,48,80,568850.0,138050.0,10480080,2,0,2,0,0,0,0,138050.0,568850.0
787,48,81,568950.0,138050.0,10480081,2,0,2,0,0,0,0,138050.0,568950.0
788,48,82,569050.0,138050.0,10480082,3,0,2,0,0,0,0,138050.0,569050.0
789,48,83,569150.0,138050.0,10480083,3,0,3,0,0,0,0,138050.0,569150.0
790,48,84,569250.0,138050.0,10480084,4,0,3,0,0,0,0,138050.0,569250.0
791,48,85,569350.0,138050.0,10480085,4,0,3,0,0,0,0,138050.0,569350.0
792,48,86,569450.0,138050.0,10480086,4,0,4,0,0,0,0,138050.0,569450.0
793,48,87,569550.0,138050.0,10480087,4,0,3,0,0,0,0,138050.0,569550.0
794,48,88,569650.0,138050.0,10480088,4,0,3,0,0,0,0,138050.0,569650.0
795,48,89,569750.0,138050.0,10480089,4,0,3,0,0,0,0,138050.0,569750.0
796,48,90,569850.0,138050.0,10480090,4,0,3,0,0,0,0,138050.0,569850.0
797,48,91,569950.0,138050.0,10480091,4,0,3,0,0,0,0,138050.0,569950.0
798,48,92,570050.0,138050.0,10480092,4,0,3,0,0,0,0,138050.0,570050.0
799,48,93,570150.0,138050.0,10480093,4,0,3,0,0,0,0,138050.0,570150.0
800,48,94,570250.0,138050.0,10480094,4,0,3,0,0,0,0,138050.0,570250.0
801,48,95,570350.0,138050.0,10480095,4,0,3,0,0,0,0,138050.0,570350.0
802,48,96,570450.0,138050.0,10480096,4,0,3,0,0,0,0,138050.0,570450.0
803,48,97,570550.0,138050.0,10480097,4,0,4,0,0,0,0,138050.0,570550.0
804,48,98,570650.0,138050.0,10480098,4,0,4,0,0,0,0,138050.0,570650.0
805,48,99,570750.0,138050.0,10480099,3,0,4,0,0,0,0,138050.0,570750.0
806,48,100,570850.0,138050.0,10480100,3,0,4,0,0,0,0,138050.0,570850.0
807,48,101,570950.0,138050.0,10480101,2,0,3,0,0,0,0,138050.0,570950.0
808,48,102,571050.0,138050.0,10480102,2,0,3,0,0,0,0,138050.0,571050.0
809,48,103,571150.0,138050.0,10480103,1,0,3,0,0,0,0,138050.0,571150.0
810,48,104,571250.0,138050.0,10480104,1,0,3,0,0,0,0,138050.0,571250.0
811,48,105,571350.0,138050.0,10480105,0,0,3,0,0,0,0,138050.0,571350.0
812,48,106,571450.0,138050.0,10480106,0,0,3,0,0,0,0,138050.0,571450.0
813,48,107,571550.0,138050.0,10480107,0,0,3,0,0,0,0,138050.0,571550.0
814,48,108,571650.0,138050.0,10480108,0,0,3,0,0,0,0,138050.0,571650.0
815,48,109,571750.0,138050.0,10480109,1,0,3,0,0,0,0,138050.0,571750.0
816,48,110,571850.0,138050.0,10480110,1,0,3,0,0,0,0,138050.0,571850.0
817,48,111,571950.0,138050.0,10480111,2,0,3,0,0,0,0,138050.0,571950.0
818,48,112,572050.0,138050.0,10480112,2,0,4,0,0,0,0,138050.0,572050.0
819,48,113,572150.0,138050.0,10480113,3,0,4,0,0,0,0,138050.0,572150.0
820,49,32,564050.0,137950.0,10490032,4,0,4,0,0,0,0,137950.0,564050.0
821,49,33,564150.0,137950.0,10490033,4,0,4,0,0,0,0,137950.0,564150.0
822,49,34,564250.0,137950.0,10490034,4,0,4,0,0,0,0,137950.0,564250.0
823,49,35,564350.0,137950.0,10490035,4,0,4,0,0,0,0,137950.0,564350.0
824,49,36,564450.0,137950.0,10490036,4,0,4,0,0,0,0,137950.0,564450.0
825,49,37,564550.0,137950.0,10490037,4,0,4,0,0,0,0,137950.0,564550.0
826,49,38,564650.0,137950.0,10490038,4,0,4,0,0,0,0,137950.0,564650.0
827,49,39,564750.0,137950.0,10490039,4,0,4,0,0,0,0,137950.0,564750.0
828,49,40,564850.0,137950.0,10490040,4,0,3,0,0,0,0,137950.0,564850.0
829,49,41,564950.0,137950.0,10490041,4,0,3,0,0,0,0,137950.0,564950.0
830,49,42,565050.0,137950.0,10490042,3,0,2,0,0,0,0,137950.0,565050.0
831,49,43,565150.0,137950.0,10490043,3,0,2,0,0,0,0,137950.0,565150.0
832,49,44,565250.0,137950.0,10490044,2,0,2,0,0,0,0,137950.0,565250.0
833,49,45,565350.0,137950.0,10490045,2,0,1,0,0,0,0,137950.0,565350.0
834,49,46,565450.0,137950.0,10490046,2,0,1,0,0,0,0,137950.0,565450.0
835,49,47,565550.0,137950.0,10490047,1,0,1,0,0,0,0,137950.0,565550.0
836,49,48,565650.0,137950.0,10490048,1,0,1,0,0,0,0,137950.0,565650.0
837,49,49,565750.0,137950.0,10490049,1,0,1,0,0,0,0,137950.0,565750.0
838,49,50,565850.0,137950.0,10490050,1,0,1,0,0,0,0,137950.0,565850.0
839,49,51,565950.0,137950.0,10490051,1,0,2,0,0,0,0,137950.0,565950.0
840,49,52,566050.0,137950.0,10490052,2,0,1,0,0,0,0,137950.0,566050.0
841,49,53,566150.0,137950.0,10490053,1,0,1,0,0,0,0,137950.0,566150.0
842,49,54,566250.0,137950.0,10490054,1,0,1,0,0,0,0,137950.0,566250.0
843,49,55,566350.0,137950.0,10490055,0,0,1,0,0,0,0,137950.0,566350.0
844,49,56,566450.0,137950.0,10490056,0,0,1,0,0,0,0,137950.0,566450.0
845,49,57,566550.0,137950.0,10490057,0,0,2,0,0,0,0,137950.0,566550.0
846,49,58,566650.0,137950.0,10490058,1,0,2,0,0,0,0,137950.0,566650.0
847,49,59,566750.0,137950.0,10490059,1,0,2,0,0,0,0,137950.0,566750.0
848,49,60,566850.0,137950.0,10490060,1,0,2,0,0,0,0,137950.0,566850.0
849,49,61,566950.0,137950.0,10490061,1,0,2,0,0,0,0,137950.0,566950.0
850,49,62,567050.0,137950.0,10490062,1,0,2,0,0,0,0,137950.0,567050.0
851,49,63,567150.0,137950.0,10490063,1,0,1,0,0,0,0,137950.0,567150.0
852,49,64,567250.0,137950.0,10490064,1,0,1,0,0,0,0,137950.0,567250.0
853,49,65,567350.0,137950.0,10490065,1,0,1,0,0,0,0,137950.0,567350.0
854,49,66,567450.0,137950.0,10490066,2,0,1,0,0,0,0,137950.0,567450.0
855,49,67,567550.0,137950.0,10490067,2,0,1,0,0,0,0,137950.0,567550.0
856,49,68,567650.0,137950.0,10490068,2,0,2,0,0,0,0,137950.0,567650.0
857,49,69,567750.0,137950.0,10490069,2,0,2,0,0,0,0,137950.0,567750.0
858,49,70,567850.0,137950.0,10490070,2,0,2,0,0,0,0,137950.0,567850.0
859,49,71,567950.0,137950.0,10490071,1,0,1,0,0,0,0,137950.0,567950.0
860,49,72,568050.0,137950.0,10490072,1,0,1,0,0,0,0,137950.0,568050.0
861,49,73,568150.0,137950.0,10490073,1,0,1,0,0,0,0,137950.0,568150.0
862,49,74,568250.0,137950.0,10490074,0,0,1,0,0,0,0,137950.0,568250.0
863,49,75,568350.0,137950.0,10490075,0,0,1,1,0,0,0,137950.0,568350.0
864,49,76,568450.0,137950.0,10490076,0,0,1,1,0,0,0,137950.0,568450.0
865,49,77,568550.0,137950.0,10490077,0,0,1,1,0,0,0,137950.0,568550.0
866,49,78,568650.0,137950.0,10490078,1,0,1,1,0,0,0,137950.0,568650.0
867,49,79,568750.0,137950.0,10490079,1,0,1,0,0,0,0,137950.0,568750.0
868,49,80,568850.0,137950.0,10490080,2,0,1,0,0,0,0,137950.0,568850.0
869,49,81,568950.0,137950.0,10490081,2,0,1,0,0,0,0,137950.0,568950.0
870,49,82,569050.0,137950.0,10490082,3,0,2,0,0,0,0,137950.0,569050.0
871,49,83,569150.0,137950.0,10490083,3,0,2,0,0,0,0,137950.0,569150.0
872,49,84,569250.0,137950.0,10490084,4,0,3,0,0,0,0,137950.0,569250.0
873,49,85,569350.0,137950.0,10490085,4,0,3,0,0,0,0,137950.0,569350.0
874,49,86,569450.0,137950.0,10490086,4,0,3,0,0,0,0,137950.0,569450.0
875,49,87,569550.0,137950.0,10490087,4,0,3,0,0,0,0,137950.0,569550.0
876,49,88,569650.0,137950.0,10490088,4,0,3,0,0,0,0,137950.0,569650.0
877,49,89,569750.0,137950.0,10490089,4,0,3,0,0,0,0,137950.0,569750.0
878,49,90,569850.0,137950.0,10490090,4,0,2,0,0,0,0,137950.0,569850.0
879,49,91,569950.0,137950.0,10490091,4,0,2,0,0,0,0,137950.0,569950.0
880,49,92,570050.0,137950.0,10490092,4,0,2,0,0,0,0,137950.0,570050.0
881,49,93,570150.0,137950.0,10490093,4,0,2,0,0,0,0,137950.0,570150.0
882,49,94,570250.0,137950.0,10490094,4,0,3,0,0,0,0,137950.0,570250.0
883,49,95,570350.0,137950.0,10490095,4,0,3,0,0,0,0,137950.0,570350.0
884,49,96,570450.0,137950.0,10490096,4,0,3,0,0,0,0,137950.0,570450.0
885,49,97,570550.0,137950.0,10490097,4,0,3,0,0,0,0,137950.0,570550.0
886,49,98,570650.0,137950.0,10490098,4,0,4,0,0,0,0,137950.0,570650.0
887,49,99,570750.0,137950.0,10490099,3,0,4,0,0,0,0,137950.0,570750.0
888,49,100,570850.0,137950.0,10490100,3,0,3,0,0,0,0,137950.0,570850.0
889,49,101,570950.0,137950.0,10490101,2,0,3,0,0,0,0,137950.0,570950.0
890,49,102,571050.0,137950.0,10490102,2,0,3,0,0,0,0,137950.0,571050.0
891,49,103,571150.0,137950.0,10490103,1,0,2,0,0,0,0,137950.0,571150.0
892,49,104,571250.0,137950.0,10490104,1,0,2,0,0,0,0,137950.0,571250.0
893,49,105,571350.0,137950.0,10490105,0,0,2,0,0,0,0,137950.0,571350.0
894,49,106,571450.0,137950.0,10490106,0,0,2,0,0,0,0,137950.0,571450.0
895,49,107,571550.0,137950.0,10490107,0,0,2,0,0,0,0,137950.0,571550.0
896,49,108,571650.0,137950.0,10490108,0,0,2,0,0,0,0,137950.0,571650.0
897,49,109,571750.0,137950.0,10490109,1,0,2,0,0,0,0,137950.0,571750.0
898,49,110,571850.0,137950.0,10490110,1,0,3,0,0,0,0,137950.0,571850.0
899,49,111,571950.0,137950.0,10490111,2,0,3,0,0,0,0,137950.0,571950.0
900,49,112,572050.0,137950.0,10490112,2,0,3,0,0,0,0,137950.0,572050.0
901,49,113,572150.0,137950.0,10490113,3,0,4,0,0,0,0,137950.0,572150.0
902,50,32,564050.0,137850.0,10500032,4,0,4,0,0,0,0,137850.0,564050.0
903,50,33,564150.0,137850.0,10500033,4,0,4,0,0,0,0,137850.0,564150.0
904,50,34,564250.0,137850.0,10500034,4,0,4,0,0,0,0,137850.0,564250.0
905,50,35,564350.0,137850.0,10500035,4,0,4,0,0,0,0,137850.0,564350.0
906,50,36,564450.0,137850.0,10500036,4,0,4,0,0,0,0,137850.0,564450.0
907,50,37,564550.0,137850.0,10500037,4,0,4,0,0,0,0,137850.0,564550.0
908,50,38,564650.0,137850.0,10500038,4,0,4,0,0,0,0,137850.0,564650.0
909,50,39,564750.0,137850.0,10500039,4,0,4,0,0,0,0,137850.0,564750.0
910,50,40,564850.0,137850.0,10500040,4,0,3,0,0,0,0,137850.0,564850.0
911,50,41,564950.0,137850.0,10500041,4,0,3,0,0,0,0,137850.0,564950.0
912,50,42,565050.0,137850.0,10500042,3,0,2,0,0,0,0,137850.0,565050.0
913,50,43,565150.0,137850.0,10500043,3,0,2,0,0,0,0,137850.0,565150.0
914,50,44,565250.0,137850.0,10500044,2,0,1,0,0,0,0,137850.0,565250.0
915,50,45,565350.0,137850.0,10500045,2,0,1,0,0,0,0,137850.0,565350.0
916,50,46,565450.0,137850.0,10500046,1,0,0,0,0,0,0,137850.0,565450.0
917,50,47,565550.0,137850.0,10500047,1,0,0,0,0,0,0,137850.0,565550.0
918,50,48,565650.0,137850.0,10500048,1,0,0,0,0,0,0,137850.0,565650.0
919,50,49,565750.0,137850.0,10500049,1,0,1,0,0,0,0,137850.0,565750.0
920,50,50,565850.0,137850.0,10500050,1,0,1,0,0,0,0,137850.0,565850.0
921,50,51,565950.0,137850.0,10500051,1,0,2,0,0,0,0,137850.0,565950.0
922,50,52,566050.0,137850.0,10500052,1,0,1,0,0,0,0,137850.0,566050.0
923,50,53,566150.0,137850.0,10500053,1,0,1,0,0,0,0,137850.0,566150.0
924,50,54,566250.0,137850.0,10500054,1,0,1,0,0,0,0,137850.0,566250.0
925,50,55,566350.0,137850.0,10500055,1,0,1,0,0,0,0,137850.0,566350.0
926,50,56,566450.0,137850.0,10500056,1,0,1,0,0,0,0,137850.0,566450.0
927,50,57,566550.0,137850.0,10500057,1,0,1,0,0,0,0,137850.0,566550.0
928,50,58,566650.0,137850.0,10500058,1,0,2,0,0,0,0,137850.0,566650.0
929,50,59,566750.0,137850.0,10500059,1,0,2,0,0,0,0,137850.0,566750.0
930,50,60,566850.0,137850.0,10500060,1,0,2,0,0,0,0,137850.0,566850.0
931,50,61,566950.0,137850.0,10500061,1,0,2,0,0,0,0,137850.0,566950.0
932,50,62,567050.0,137850.0,10500062,1,0,1,0,0,0,0,137850.0,567050.0
933,50,63,567150.0,137850.0,10500063,1,0,1,0,0,0,0,137850.0,567150.0
934,50,64,567250.0,137850.0,10500064,1,0,1,0,0,0,0,137850.0,567250.0
935,50,65,567350.0,137850.0,10500065,1,0,1,0,0,0,0,137850.0,567350.0
936,50,66,567450.0,137850.0,10500066,1,0,1,0,0,0,0,137850.0,567450.0
937,50,67,567550.0,137850.0,10500067,2,0,1,0,0,0,0,137850.0,567550.0
938,50,68,567650.0,137850.0,10500068,2,0,1,0,0,0,0,137850.0,567650.0
939,50,69,567750.0,137850.0,10500069,2,0,1,0,0,0,0,137850.0,567750.0
940,50,70,567850.0,137850.0,10500070,1,0,1,0,0,0,0,137850.0,567850.0
941,50,71,567950.0,137850.0,10500071,1,0,1,0,0,0,0,137850.0,567950.0
942,50,72,568050.0,137850.0,10500072,1,0,1,0,0,0,0,137850.0,568050.0
943,50,73,568150.0,137850.0,10500073,1,0,1,0,0,0,0,137850.0,568150.0
944,50,74,568250.0,137850.0,10500074,1,0,1,0,0,0,0,137850.0,568250.0
945,50,75,568350.0,137850.0,10500075,1,0,1,0,0,0,0,137850.0,568350.0
946,50,76,568450.0,137850.0,10500076,1,0,1,0,0,0,0,137850.0,568450.0
947,50,77,568550.0,137850.0,10500077,1,0,1,0,0,0,0,137850.0,568550.0
948,50,78,568650.0,137850.0,10500078,1,0,0,0,0,0,0,137850.0,568650.0
949,50,79,568750.0,137850.0,10500079,2,0,1,0,0,0,0,137850.0,568750.0
950,50,80,568850.0,137850.0,10500080,2,0,1,0,0,0,0,137850.0,568850.0
951,50,81,568950.0,137850.0,10500081,2,0,1,0,0,0,0,137850.0,568950.0
952,50,82,569050.0,137850.0,10500082,3,0,2,0,0,0,0,137850.0,569050.0
953,50,83,569150.0,137850.0,10500083,3,0,2,0,0,0,0,137850.0,569150.0
954,50,84,569250.0,137850.0,10500084,4,0,2,0,0,0,0,137850.0,569250.0
955,50,85,569350.0,137850.0,10500085,4,0,3,0,0,0,0,137850.0,569350.0
956,50,86,569450.0,137850.0,10500086,4,0,3,0,0,0,0,137850.0,569450.0
957,50,87,569550.0,137850.0,10500087,4,0,3,0,0,0,0,137850.0,569550.0
958,50,88,569650.0,137850.0,10500088,4,0,2,0,0,0,0,137850.0,569650.0
959,50,89,569750.0,137850.0,10500089,4,0,2,0,0,0,0,137850.0,569750.0
960,50,90,569850.0,137850.0,10500090,4,0,2,0,0,0,0,137850.0,569850.0
961,50,91,569950.0,137850.0,10500091,4,0,2,0,0,0,0,137850.0,569950.0
962,50,92,570050.0,137850.0,10500092,4,0,2,0,0,0,0,137850.0,570050.0
963,50,93,570150.0,137850.0,10500093,4,0,2,0,0,0,0,137850.0,570150.0
964,50,94,570250.0,137850.0,10500094,4,0,2,0,0,0,0,137850.0,570250.0
965,50,95,570350.0,137850.0,10500095,4,0,2,0,0,0,0,137850.0,570350.0
966,50,96,570450.0,137850.0,10500096,4,0,3,0,0,0,0,137850.0,570450.0
967,50,97,570550.0,137850.0,10500097,4,0,3,0,0,0,0,137850.0,570550.0
968,50,98,570650.0,137850.0,10500098,4,0,3,0,0,0,0,137850.0,570650.0
969,50,99,570750.0,137850.0,10500099,3,0,4,0,0,0,0,137850.0,570750.0
970,50,100,570850.0,137850.0,10500100,3,0,3,0,0,0,0,137850.0,570850.0
971,50,101,570950.0,137850.0,10500101,2,0,3,0,0,0,0,137850.0,570950.0
972,50,102,571050.0,137850.0,10500102,2,0,2,0,0,0,0,137850.0,571050.0
973,50,103,571150.0,137850.0,10500103,1,0,2,0,0,0,0,137850.0,571150.0
974,50,104,571250.0,137850.0,10500104,1,0,2,0,0,0,0,137850.0,571250.0
975,50,105,571350.0,137850.0,10500105,0,0,2,0,0,0,0,137850.0,571350.0
976,50,106,571450.0,137850.0,10500106,0,0,2,0,0,0,0,137850.0,571450.0
977,50,107,571550.0,137850.0,10500107,0,0,2,0,0,0,0,137850.0,571550.0
978,50,108,571650.0,137850.0,10500108,1,0,2,0,0,0,0,137850.0,571650.0
979,50,109,571750.0,137850.0,10500109,1,0,2,0,0,0,0,137850.0,571750.0
980,50,110,571850.0,137850.0,10500110,1,0,2,0,0,0,0,137850.0,571850.0
981,50,111,571950.0,137850.0,10500111,2,0,3,0,0,0,0,137850.0,571950.0
982,50,112,572050.0,137850.0,10500112,2,0,3,0,0,0,0,137850.0,572050.0
983,50,113,572150.0,137850.0,10500113,3,0,4,0,0,0,0,137850.0,572150.0
984,51,32,564050.0,137750.0,10510032,4,0,4,0,0,0,0,137750.0,564050.0
985,51,33,564150.0,137750.0,10510033,4,0,4,0,0,0,0,137750.0,564150.0
986,51,34,564250.0,137750.0,10510034,4,0,4,0,0,0,0,137750.0,564250.0
987,51,35,564350.0,137750.0,10510035,4,0,4,0,0,0,0,137750.0,564350.0
988,51,36,564450.0,137750.0,10510036,4,0,4,0,0,0,0,137750.0,564450.0
989,51,37,564550.0,137750.0,10510037,4,0,4,0,0,0,0,137750.0,564550.0
990,51,38,564650.0,137750.0,10510038,4,0,4,0,0,0,0,137750.0,564650.0
991,51,39,564750.0,137750.0,10510039,4,0,4,0,0,0,0,137750.0,564750.0
992,51,40,564850.0,137750.0,10510040,4,0,3,0,0,0,0,137750.0,564850.0
993,51,41,564950.0,137750.0,10510041,4,0,3,0,0,0,0,137750.0,564950.0
994,51,42,565050.0,137750.0,10510042,3,0,2,0,0,0,0,137750.0,565050.0
995,51,43,565150.0,137750.0,10510043,3,0,2,0,0,0,0,137750.0,565150.0
996,51,44,565250.0,137750.0,10510044,2,0,1,0,0,0,0,137750.0,565250.0
997,51,45,565350.0,137750.0,10510045,2,0,1,0,0,0,0,137750.0,565350.0
998,51,46,565450.0,137750.0,10510046,1,0,0,0,0,0,0,137750.0,565450.0
999,51,47,565550.0,137750.0,10510047,1,0,0,0,0,0,0,137750.0,565550.0
1000,51,48,565650.0,137750.0,10510048,0,0,0,0,0,0,0,137750.0,565650.0
1001,51,49,565750.0,137750.0,10510049,0,0,0,0,0,0,0,137750.0,565750.0
1002,51,50,565850.0,137750.0,10510050,0,0,1,0,0,0,0,137750.0,565850.0
1003,51,51,565950.0,137750.0,10510051,1,0,1,0,0,0,0,137750.0,565950.0
1004,51,52,566050.0,137750.0,10510052,1,0,1,0,0,0,0,137750.0,566050.0
1005,51,53,566150.0,137750.0,10510053,2,0,0,0,0,0,0,137750.0,566150.0
1006,51,54,566250.0,137750.0,10510054,2,0,0,0,0,0,0,137750.0,566250.0
1007,51,55,566350.0,137750.0,10510055,1,0,0,0,0,0,0,137750.0,566350.0
1008,51,56,566450.0,137750.0,10510056,1,0,0,0,0,0,0,137750.0,566450.0
1009,51,57,566550.0,137750.0,10510057,1,0,1,0,0,0,0,137750.0,566550.0
1010,51,58,566650.0,137750.0,10510058,0,0,1,0,0,0,0,137750.0,566650.0
1011,51,59,566750.0,137750.0,10510059,0,0,2,0,0,0,0,137750.0,566750.0
1012,51,60,566850.0,137750.0,10510060,0,0,2,0,0,0,0,137750.0,566850.0
1013,51,61,566950.0,137750.0,10510061,0,0,1,0,0,0,0,137750.0,566950.0
1014,51,62,567050.0,137750.0,10510062,0,0,1,0,0,0,0,137750.0,567050.0
1015,51,63,567150.0,137750.0,10510063,0,0,1,0,0,0,0,137750.0,567150.0
1016,51,64,567250.0,137750.0,10510064,0,0,0,0,0,0,0,137750.0,567250.0
1017,51,65,567350.0,137750.0,10510065,1,0,0,0,0,0,0,137750.0,567350.0
1018,51,66,567450.0,137750.0,10510066,1,0,0,0,0,0,0,137750.0,567450.0
1019,51,67,567550.0,137750.0,10510067,2,0,1,0,0,0,0,137750.0,567550.0
1020,51,68,567650.0,137750.0,10510068,2,0,1,0,0,0,0,137750.0,567650.0
1021,51,69,567750.0,137750.0,10510069,2,0,1,0,0,0,0,137750.0,567750.0
1022,51,70,567850.0,137750.0,10510070,1,0,1,0,0,0,0,137750.0,567850.0
1023,51,71,567950.0,137750.0,10510071,1,0,1,0,0,0,0,137750.0,567950.0
1024,51,72,568050.0,137750.0,10510072,0,0,0,0,0,0,0,137750.0,568050.0
1025,51,73,568150.0,137750.0,10510073,0,0,0,0,0,0,0,137750.0,568150.0
1026,51,74,568250.0,137750.0,10510074,0,0,0,0,0,0,0,137750.0,568250.0
1027,51,75,568350.0,137750.0,10510075,1,0,1,0,0,0,0,137750.0,568350.0
1028,51,76,568450.0,137750.0,10510076,1,0,1,0,0,0,0,137750.0,568450.0
1029,51,77,568550.0,137750.0,10510077,1,0,0,0,0,0,0,137750.0,568550.0
1030,51,78,568650.0,137750.0,10510078,2,0,0,0,0,0,0,137750.0,568650.0
1031,51,79,568750.0,137750.0,10510079,2,0,0,0,0,0,0,137750.0,568750.0
1032,51,80,568850.0,137750.0,10510080,2,0,0,0,0,0,0,137750.0,568850.0
1033,51,81,568950.0,137750.0,10510081,3,0,1,0,0,0,0,137750.0,568950.0
1034,51,82,569050.0,137750.0,10510082,3,0,1,0,0,0,0,137750.0,569050.0
1035,51,83,569150.0,137750.0,10510083,3,0,2,0,0,0,0,137750.0,569150.0
1036,51,84,569250.0,137750.0,10510084,3,0,2,0,0,0,0,137750.0,569250.0
1037,51,85,569350.0,137750.0,10510085,4,0,3,0,0,0,0,137750.0,569350.0
1038,51,86,569450.0,137750.0,10510086,4,0,3,0,0,0,0,137750.0,569450.0
1039,51,87,569550.0,137750.0,10510087,4,0,2,0,0,0,0,137750.0,569550.0
1040,51,88,569650.0,137750.0,10510088,4,0,2,0,0,0,0,137750.0,569650.0
1041,51,89,569750.0,137750.0,10510089,4,0,2,0,0,0,0,137750.0,569750.0
1042,51,90,569850.0,137750.0,10510090,4,0,1,0,0,0,0,137750.0,569850.0
1043,51,91,569950.0,137750.0,10510091,4,0,1,0,0,0,0,137750.0,569950.0
1044,51,92,570050.0,137750.0,10510092,4,0,1,0,0,0,0,137750.0,570050.0
1045,51,93,570150.0,137750.0,10510093,4,0,1,0,0,0,0,137750.0,570150.0
1046,51,94,570250.0,137750.0,10510094,4,0,2,0,0,0,0,137750.0,570250.0
1047,51,95,570350.0,137750.0,10510095,4,0,2,0,0,0,0,137750.0,570350.0
1048,51,96,570450.0,137750.0,10510096,4,0,2,0,0,0,0,137750.0,570450.0
1049,51,97,570550.0,137750.0,10510097,4,0,3,0,0,0,0,137750.0,570550.0
1050,51,98,570650.0,137750.0,10510098,4,0,3,0,0,0,0,137750.0,570650.0
1051,51,99,570750.0,137750.0,10510099,3,0,3,0,0,0,0,137750.0,570750.0
1052,51,100,570850.0,137750.0,10510100,3,0,3,0,0,0,0,137750.0,570850.0
1053,51,101,570950.0,137750.0,10510101,2,0,2,0,0,0,0,137750.0,570950.0
1054,51,102,571050.0,137750.0,10510102,2,0,2,0,0,0,0,137750.0,571050.0
1055,51,103,571150.0,137750.0,10510103,1,0,2,0,0,0,0,137750.0,571150.0
1056,51,104,571250.0,137750.0,10510104,1,0,1,0,0,0,0,137750.0,571250.0
1057,51,105,571350.0,137750.0,10510105,1,0,1,0,0,0,0,137750.0,571350.0
1058,51,106,571450.0,137750.0,10510106,1,0,1,0,0,0,0,137750.0,571450.0
1059,51,107,571550.0,137750.0,10510107,1,0,1,0,0,0,0,137750.0,571550.0
1060,51,108,571650.0,137750.0,10510108,1,0,1,0,0,0,0,137750.0,571650.0
1061,51,109,571750.0,137750.0,10510109,1,0,2,0,0,0,0,137750.0,571750.0
1062,51,110,571850.0,137750.0,10510110,2,0,2,0,0,0,0,137750.0,571850.0
1063,51,111,571950.0,137750.0,10510111,2,0,2,0,0,0,0,137750.0,571950.0
1064,51,112,572050.0,137750.0,10510112,3,0,3,0,0,0,0,137750.0,572050.0
1065,51,113,572150.0,137750.0,10510113,3,0,3,0,0,0,0,137750.0,572150.0
1066,52,32,564050.0,137650.0,10520032,4,0,4,0,0,0,0,137650.0,564050.0
1067,52,33,564150.0,137650.0,10520033,4,0,4,0,0,0,0,137650.0,564150.0
1068,52,34,564250.0,137650.0,10520034,4,0,4,0,0,0,0,137650.0,564250.0
1069,52,35,564350.0,137650.0,10520035,4,0,4,0,0,0,0,137650.0,564350.0
1070,52,36,564450.0,137650.0,10520036,4,0,4,0,0,0,0,137650.0,564450.0
1071,52,37,564550.0,137650.0,10520037,4,0,4,0,0,0,0,137650.0,564550.0
1072,52,38,564650.0,137650.0,10520038,4,0,4,0,0,0,0,137650.0,564650.0
1073,52,39,564750.0,137650.0,10520039,4,0,4,0,0,0,0,137650.0,564750.0
1074,52,40,564850.0,137650.0,10520040,4,0,3,0,0,0,0,137650.0,564850.0
1075,52,41,564950.0,137650.0,10520041,3,0,3,0,0,0,0,137650.0,564950.0
1076,52,42,565050.0,137650.0,10520042,3,0,2,0,0,0,0,137650.0,565050.0
1077,52,43,565150.0,137650.0,10520043,2,0,2,0,0,0,0,137650.0,565150.0
1078,52,44,565250.0,137650.0,10520044,2,0,1,0,0,0,0,137650.0,565250.0
1079,52,45,565350.0,137650.0,10520045,1,0,1,0,0,0,0,137650.0,565350.0
1080,52,46,565450.0,137650.0,10520046,1,0,0,0,0,0,0,137650.0,565450.0
1081,52,47,565550.0,137650.0,10520047,0,0,0,0,0,0,0,137650.0,565550.0
1082,52,48,565650.0,137650.0,10520048,0,0,0,0,0,0,0,137650.0,565650.0
1083,52,49,565750.0,137650.0,10520049,0,0,0,0,0,0,0,137650.0,565750.0
1084,52,50,565850.0,137650.0,10520050,0,0,1,0,0,0,0,137650.0,565850.0
1085,52,51,565950.0,137650.0,10520051,1,0,1,0,0,0,0,137650.0,565950.0
1086,52,52,566050.0,137650.0,10520052,1,0,1,0,0,0,0,137650.0,566050.0
1087,52,53,566150.0,137650.0,10520053,1,0,0,0,0,0,0,137650.0,566150.0
1088,52,54,566250.0,137650.0,10520054,1,0,0,0,0,0,0,137650.0,566250.0
1089,52,55,566350.0,137650.0,10520055,1,0,0,0,0,0,0,137650.0,566350.0
1090,52,56,566450.0,137650.0,10520056,1,0,0,0,0,0,0,137650.0,566450.0
1091,52,57,566550.0,137650.0,10520057,1,0,1,0,0,0,0,137650.0,566550.0
1092,52,58,566650.0,137650.0,10520058,0,0,1,0,0,0,0,137650.0,566650.0
1093,52,59,566750.0,137650.0,10520059,0,0,2,0,0,0,0,137650.0,566750.0
1094,52,60,566850.0,137650.0,10520060,0,0,2,0,0,0,0,137650.0,566850.0
1095,52,61,566950.0,137650.0,10520061,0,0,1,0,0,0,0,137650.0,566950.0
1096,52,62,567050.0,137650.0,10520062,0,0,1,0,0,0,0,137650.0,567050.0
1097,52,63,567150.0,137650.0,10520063,0,0,0,0,0,0,0,137650.0,567150.0
1098,52,64,567250.0,137650.0,10520064,0,0,0,0,0,0,0,137650.0,567250.0
1099,52,65,567350.0,137650.0,10520065,0,0,0,0,0,0,0,137650.0,567350.0
1100,52,66,567450.0,137650.0,10520066,1,0,0,0,0,0,0,137650.0,567450.0
1101,52,67,567550.0,137650.0,10520067,1,0,1,0,0,0,0,137650.0,567550.0
1102,52,68,567650.0,137650.0,10520068,2,0,1,0,0,0,0,137650.0,567650.0
1103,52,69,567750.0,137650.0,10520069,2,0,0,0,0,0,0,137650.0,567750.0
1104,52,70,567850.0,137650.0,10520070,1,0,0,1,0,0,0,137650.0,567850.0
1105,52,71,567950.0,137650.0,10520071,1,0,1,1,0,0,0,137650.0,567950.0
1106,52,72,568050.0,137650.0,10520072,0,0,0,1,0,0,0,137650.0,568050.0
1107,52,73,568150.0,137650.0,10520073,0,0,0,1,0,0,0,137650.0,568150.0
1108,52,74,568250.0,137650.0,10520074,0,0,0,0,0,0,0,137650.0,568250.0
1109,52,75,568350.0,137650.0,10520075,0,0,0,0,0,0,0,137650.0,568350.0
1110,52,76,568450.0,137650.0,10520076,1,0,1,0,0,0,0,137650.0,568450.0
1111,52,77,568550.0,137650.0,10520077,1,0,0,0,0,0,0,137650.0,568550.0
1112,52,78,568650.0,137650.0,10520078,2,0,0,0,0,0,0,137650.0,568650.0
1113,52,79,568750.0,137650.0,10520079,2,0,0,0,0,0,0,137650.0,568750.0
1114,52,80,568850.0,137650.0,10520080,2,0,0,0,0,0,0,137650.0,568850.0
1115,52,81,568950.0,137650.0,10520081,2,0,1,0,0,0,0,137650.0,568950.0
1116,52,82,569050.0,137650.0,10520082,2,0,1,0,0,0,0,137650.0,569050.0
1117,52,83,569150.0,137650.0,10520083,3,0,2,0,0,0,0,137650.0,569150.0
1118,52,84,569250.0,137650.0,10520084,3,0,2,0,0,0,0,137650.0,569250.0
1119,52,85,569350.0,137650.0,10520085,3,0,2,0,0,0,0,137650.0,569350.0
1120,52,86,569450.0,137650.0,10520086,4,0,2,0,0,0,0,137650.0,569450.0
1121,52,87,569550.0,137650.0,10520087,4,0,2,0,0,0,0,137650.0,569550.0
1122,52,88,569650.0,137650.0,10520088,4,0,2,0,0,0,0,137650.0,569650.0
1123,52,89,569750.0,137650.0,10520089,4,0,1,0,0,0,0,137650.0,569750.0
1124,52,90,569850.0,137650.0,10520090,4,0,1,0,0,0,0,137650.0,569850.0
1125,52,91,569950.0,137650.0,10520091,4,0,1,0,0,0,0,137650.0,569950.0
1126,52,92,570050.0,137650.0,10520092,4,0,1,0,0,0,0,137650.0,570050.0
1127,52,93,570150.0,137650.0,10520093,3,0,1,0,0,0,0,137650.0,570150.0
1128,52,94,570250.0,137650.0,10520094,3,0,1,0,0,0,0,137650.0,570250.0
1129,52,95,570350.0,137650.0,10520095,3,0,2,0,0,0,0,137650.0,570350.0
1130,52,96,570450.0,137650.0,10520096,3,0,2,0,0,0,0,137650.0,570450.0
1131,52,97,570550.0,137650.0,10520097,3,0,3,0,0,0,0,137650.0,570550.0
1132,52,98,570650.0,137650.0,10520098,3,0,3,0,0,0,0,137650.0,570650.0
1133,52,99,570750.0,137650.0,10520099,3,0,3,0,0,0,0,137650.0,570750.0
1134,52,100,570850.0,137650.0,10520100,3,0,3,0,0,0,0,137650.0,570850.0
1135,52,101,570950.0,137650.0,10520101,2,0,2,0,0,0,0,137650.0,570950.0
1136,52,102,571050.0,137650.0,10520102,2,0,2,0,0,0,0,137650.0,571050.0
1137,52,103,571150.0,137650.0,10520103,1,0,1,0,0,0,0,137650.0,571150.0
1138,52,104,571250.0,137650.0,10520104,1,0,1,0,0,0,0,137650.0,571250.0
1139,52,105,571350.0,137650.0,10520105,1,0,1,0,0,0,0,137650.0,571350.0
1140,52,106,571450.0,137650.0,10520106,1,0,1,0,0,0,0,137650.0,571450.0
1141,52,107,571550.0,137650.0,10520107,1,0,1,0,0,0,0,137650.0,571550.0
1142,52,108,571650.0,137650.0,10520108,1,0,1,0,0,0,0,137650.0,571650.0
1143,52,109,571750.0,137650.0,10520109,1,0,1,0,0,0,0,137650.0,571750.0
1144,52,110,571850.0,137650.0,10520110,2,0,2,0,0,0,0,137650.0,571850.0
1145,52,111,571950.0,137650.0,10520111,2,0,2,0,0,0,0,137650.0,571950.0
1146,52,112,572050.0,137650.0,10520112,3,0,3,0,0,0,0,137650.0,572050.0
1147,52,113,572150.0,137650.0,10520113,3,0,3,0,0,0,0,137650.0,572150.0
1148,53,32,564050.0,137550.0,10530032,4,0,4,0,0,0,0,137550.0,564050.0
1149,53,33,564150.0,137550.0,10530033,4,0,4,0,0,0,0,137550.0,564150.0
1150,53,34,564250.0,137550.0,10530034,4,0,4,0,0,0,0,137550.0,564250.0
1151,53,35,564350.0,137550.0,10530035,4,0,4,0,0,0,0,137550.0,564350.0
1152,53,36,564450.0,137550.0,10530036,4,0,4,0,0,0,0,137550.0,564450.0
1153,53,37,564550.0,137550.0,10530037,4,0,4,0,0,0,0,137550.0,564550.0
1154,53,38,564650.0,137550.0,10530038,4,0,4,0,0,0,0,137550.0,564650.0
1155,53,39,564750.0,137550.0,10530039,4,0,4,0,0,0,0,137550.0,564750.0
1156,53,40,564850.0,137550.0,10530040,4,0,3,0,0,0,0,137550.0,564850.0
1157,53,41,564950.0,137550.0,10530041,4,0,3,0,0,0,0,137550.0,564950.0
1158,53,42,565050.0,137550.0,10530042,3,0,2,0,0,0,0,137550.0,565050.0
1159,53,43,565150.0,137550.0,10530043,3,0,2,0,0,0,0,137550.0,565150.0
1160,53,44,565250.0,137550.0,10530044,2,0,1,0,0,0,0,137550.0,565250.0
1161,53,45,565350.0,137550.0,10530045,2,0,1,0,0,0,0,137550.0,565350.0
1162,53,46,565450.0,137550.0,10530046,1,0,0,0,0,0,0,137550.0,565450.0
1163,53,47,565550.0,137550.0,10530047,1,0,0,0,0,0,0,137550.0,565550.0
1164,53,48,565650.0,137550.0,10530048,0,0,0,0,0,0,0,137550.0,565650.0
1165,53,49,565750.0,137550.0,10530049,0,0,1,0,0,0,0,137550.0,565750.0
1166,53,50,565850.0,137550.0,10530050,0,0,1,0,0,0,0,137550.0,565850.0
1167,53,51,565950.0,137550.0,10530051,1,0,1,0,0,0,0,137550.0,565950.0
1168,53,52,566050.0,137550.0,10530052,1,0,1,0,0,0,0,137550.0,566050.0
1169,53,53,566150.0,137550.0,10530053,1,0,0,0,0,0,0,137550.0,566150.0
1170,53,54,566250.0,137550.0,10530054,1,0,0,0,0,0,0,137550.0,566250.0
1171,53,55,566350.0,137550.0,10530055,1,0,0,0,0,0,0,137550.0,566350.0
1172,53,56,566450.0,137550.0,10530056,1,0,0,0,0,0,0,137550.0,566450.0
1173,53,57,566550.0,137550.0,10530057,1,0,1,0,0,0,0,137550.0,566550.0
1174,53,58,566650.0,137550.0,10530058,0,0,1,0,0,0,0,137550.0,566650.0
1175,53,59,566750.0,137550.0,10530059,0,0,2,0,0,0,0,137550.0,566750.0
1176,53,60,566850.0,137550.0,10530060,0,0,1,0,0,0,0,137550.0,566850.0
1177,53,61,566950.0,137550.0,10530061,0,0,1,0,0,0,0,137550.0,566950.0
1178,53,62,567050.0,137550.0,10530062,0,0,1,0,0,0,0,137550.0,567050.0
1179,53,63,567150.0,137550.0,10530063,0,0,0,0,0,0,0,137550.0,567150.0
1180,53,64,567250.0,137550.0,10530064,0,0,0,0,0,0,0,137550.0,567250.0
1181,53,65,567350.0,137550.0,10530065,1,0,0,0,0,0,0,137550.0,567350.0
1182,53,66,567450.0,137550.0,10530066,1,0,0,0,0,0,0,137550.0,567450.0
1183,53,67,567550.0,137550.0,10530067,1,0,1,0,0,0,0,137550.0,567550.0
1184,53,68,567650.0,137550.0,10530068,2,0,0,0,0,0,0,137550.0,567650.0
1185,53,69,567750.0,137550.0,10530069,2,0,0,1,0,0,0,137550.0,567750.0
1186,53,70,567850.0,137550.0,10530070,1,0,0,1,0,0,0,137550.0,567850.0
1187,53,71,567950.0,137550.0,10530071,1,0,0,2,0,0,0,137550.0,567950.0
1188,53,72,568050.0,137550.0,10530072,0,0,0,2,0,0,0,137550.0,568050.0
1189,53,73,568150.0,137550.0,10530073,0,1,0,1,0,0,0,137550.0,568150.0
1190,53,74,568250.0,137550.0,10530074,0,1,0,0,0,0,0,137550.0,568250.0
1191,53,75,568350.0,137550.0,10530075,0,1,0,0,0,0,0,137550.0,568350.0
1192,53,76,568450.0,137550.0,10530076,1,1,1,0,0,0,0,137550.0,568450.0
1193,53,77,568550.0,137550.0,10530077,1,0,0,0,0,0,0,137550.0,568550.0
1194,53,78,568650.0,137550.0,10530078,1,0,0,0,0,0,0,137550.0,568650.0
1195,53,79,568750.0,137550.0,10530079,1,0,0,0,0,0,0,137550.0,568750.0
1196,53,80,568850.0,137550.0,10530080,1,0,0,0,0,0,0,137550.0,568850.0
1197,53,81,568950.0,137550.0,10530081,2,0,1,0,0,0,0,137550.0,568950.0
1198,53,82,569050.0,137550.0,10530082,2,0,1,0,0,0,0,137550.0,569050.0
1199,53,83,569150.0,137550.0,10530083,2,0,1,0,0,0,0,137550.0,569150.0
1200,53,84,569250.0,137550.0,10530084,3,0,2,0,0,0,0,137550.0,569250.0
1201,53,85,569350.0,137550.0,10530085,3,0,2,0,0,0,0,137550.0,569350.0
1202,53,86,569450.0,137550.0,10530086,4,0,2,0,0,0,0,137550.0,569450.0
1203,53,87,569550.0,137550.0,10530087,4,0,2,0,0,0,0,137550.0,569550.0
1204,53,88,569650.0,137550.0,10530088,4,0,1,0,0,0,0,137550.0,569650.0
1205,53,89,569750.0,137550.0,10530089,4,0,1,0,0,0,0,137550.0,569750.0
1206,53,90,569850.0,137550.0,10530090,4,0,1,0,0,0,0,137550.0,569850.0
1207,53,91,569950.0,137550.0,10530091,3,0,0,0,0,0,0,137550.0,569950.0
1208,53,92,570050.0,137550.0,10530092,3,0,0,0,0,0,0,137550.0,570050.0
1209,53,93,570150.0,137550.0,10530093,3,0,1,0,0,0,0,137550.0,570150.0
1210,53,94,570250.0,137550.0,10530094,3,0,1,0,0,0,0,137550.0,570250.0
1211,53,95,570350.0,137550.0,10530095,3,0,1,0,0,0,0,137550.0,570350.0
1212,53,96,570450.0,137550.0,10530096,3,0,2,0,0,0,0,137550.0,570450.0
1213,53,97,570550.0,137550.0,10530097,3,0,2,0,0,0,0,137550.0,570550.0
1214,53,98,570650.0,137550.0,10530098,3,0,3,0,0,0,0,137550.0,570650.0
1215,53,99,570750.0,137550.0,10530099,3,0,3,0,0,0,0,137550.0,570750.0
1216,53,100,570850.0,137550.0,10530100,2,0,3,0,0,0,0,137550.0,570850.0
1217,53,101,570950.0,137550.0,10530101,2,0,2,0,0,0,0,137550.0,570950.0
1218,53,102,571050.0,137550.0,10530102,1,0,2,0,0,0,0,137550.0,571050.0
1219,53,103,571150.0,137550.0,10530103,1,0,1,0,0,0,0,137550.0,571150.0
1220,53,104,571250.0,137550.0,10530104,1,0,1,0,0,0,0,137550.0,571250.0
1221,53,105,571350.0,137550.0,10530105,0,0,0,0,0,0,0,137550.0,571350.0
1222,53,106,571450.0,137550.0,10530106,0,0,0,0,0,0,0,137550.0,571450.0
1223,53,107,571550.0,137550.0,10530107,0,0,0,0,0,0,0,137550.0,571550.0
1224,53,108,571650.0,137550.0,10530108,1,0,1,0,0,0,0,137550.0,571650.0
1225,53,109,571750.0,137550.0,10530109,1,0,1,0,0,0,0,137550.0,571750.0
1226,53,110,571850.0,137550.0,10530110,2,0,2,0,0,0,0,137550.0,571850.0
1227,53,111,571950.0,137550.0,10530111,2,0,2,0,0,0,0,137550.0,571950.0
1228,53,112,572050.0,137550.0,10530112,3,0,3,0,0,0,0,137550.0,572050.0
1229,53,113,572150.0,137550.0,10530113,3,0,3,0,0,0,0,137550.0,572150.0
1230,54,32,564050.0,137450.0,10540032,4,0,4,0,0,0,0,137450.0,564050.0
1231,54,33,564150.0,137450.0,10540033,4,0,4,0,0,0,0,137450.0,564150.0
1232,54,34,564250.0,137450.0,10540034,4,0,4,0,0,0,0,137450.0,564250.0
1233,54,35,564350.0,137450.0,10540035,4,0,4,0,0,0,0,137450.0,564350.0
1234,54,36,564450.0,137450.0,10540036,4,0,4,0,0,0,0,137450.0,564450.0
1235,54,37,564550.0,137450.0,10540037,4,0,4,0,0,0,0,137450.0,564550.0
1236,54,38,564650.0,137450.0,10540038,4,0,4,0,0,0,0,137450.0,564650.0
1237,54,39,564750.0,137450.0,10540039,4,0,4,0,0,0,0,137450.0,564750.0
1238,54,40,564850.0,137450.0,10540040,4,0,3,0,0,0,0,137450.0,564850.0
1239,54,41,564950.0,137450.0,10540041,4,0,3,0,0,0,0,137450.0,564950.0
1240,54,42,565050.0,137450.0,10540042,3,0,2,0,0,0,0,137450.0,565050.0
1241,54,43,565150.0,137450.0,10540043,3,0,2,0,0,0,0,137450.0,565150.0
1242,54,44,565250.0,137450.0,10540044,2,0,1,0,0,0,0,137450.0,565250.0
1243,54,45,565350.0,137450.0,10540045,2,0,1,0,0,0,0,137450.0,565350.0
1244,54,46,565450.0,137450.0,10540046,1,0,1,0,0,0,0,137450.0,565450.0
1245,54,47,565550.0,137450.0,10540047,1,0,1,0,0,0,0,137450.0,565550.0
1246,54,48,565650.0,137450.0,10540048,1,0,1,0,0,0,0,137450.0,565650.0
1247,54,49,565750.0,137450.0,10540049,0,0,1,0,0,0,0,137450.0,565750.0
1248,54,50,565850.0,137450.0,10540050,1,0,1,0,0,0,0,137450.0,565850.0
1249,54,51,565950.0,137450.0,10540051,1,0,1,0,0,0,0,137450.0,565950.0
1250,54,52,566050.0,137450.0,10540052,0,0,1,0,0,0,0,137450.0,566050.0
1251,54,53,566150.0,137450.0,10540053,0,0,1,0,0,0,0,137450.0,566150.0
1252,54,54,566250.0,137450.0,10540054,1,0,0,0,0,0,0,137450.0,566250.0
1253,54,55,566350.0,137450.0,10540055,0,0,0,0,0,0,0,137450.0,566350.0
1254,54,56,566450.0,137450.0,10540056,0,0,1,0,0,0,0,137450.0,566450.0
1255,54,57,566550.0,137450.0,10540057,1,0,1,0,0,0,0,137450.0,566550.0
1256,54,58,566650.0,137450.0,10540058,1,0,2,0,0,0,0,137450.0,566650.0
1257,54,59,566750.0,137450.0,10540059,0,0,1,0,0,0,0,137450.0,566750.0
1258,54,60,566850.0,137450.0,10540060,0,0,1,0,0,0,0,137450.0,566850.0
1259,54,61,566950.0,137450.0,10540061,0,0,1,0,0,0,0,137450.0,566950.0
1260,54,62,567050.0,137450.0,10540062,1,0,0,0,0,0,0,137450.0,567050.0
1261,54,63,567150.0,137450.0,10540063,0,0,0,0,0,0,0,137450.0,567150.0
1262,54,64,567250.0,137450.0,10540064,1,0,1,0,0,0,0,137450.0,567250.0
1263,54,65,567350.0,137450.0,10540065,1,0,0,0,0,0,0,137450.0,567350.0
1264,54,66,567450.0,137450.0,10540066,1,0,1,0,0,0,0,137450.0,567450.0
1265,54,67,567550.0,137450.0,10540067,2,0,1,0,0,0,0,137450.0,567550.0
1266,54,68,567650.0,137450.0,10540068,2,0,0,0,0,0,0,137450.0,567650.0
1267,54,69,567750.0,137450.0,10540069,2,0,0,1,0,0,0,137450.0,567750.0
1268,54,70,567850.0,137450.0,10540070,1,0,0,2,0,0,0,137450.0,567850.0
1269,54,71,567950.0,137450.0,10540071,1,0,0,3,0,0,0,137450.0,567950.0
1270,54,72,568050.0,137450.0,10540072,1,0,1,3,0,0,0,137450.0,568050.0
1271,54,73,568150.0,137450.0,10540073,0,1,0,2,0,0,0,137450.0,568150.0
1272,54,74,568250.0,137450.0,10540074,0,2,0,1,0,0,0,137450.0,568250.0
1273,54,75,568350.0,137450.0,10540075,1,2,1,0,0,0,0,137450.0,568350.0
1274,54,76,568450.0,137450.0,10540076,1,2,1,0,0,0,0,137450.0,568450.0
1275,54,77,568550.0,137450.0,10540077,1,1,1,0,0,0,0,137450.0,568550.0
1276,54,78,568650.0,137450.0,10540078,1,0,1,0,0,0,0,137450.0,568650.0
1277,54,79,568750.0,137450.0,10540079,1,0,1,0,0,0,0,137450.0,568750.0
1278,54,80,568850.0,137450.0,10540080,1,0,1,0,0,0,0,137450.0,568850.0
1279,54,81,568950.0,137450.0,10540081,1,0,1,0,0,0,0,137450.0,568950.0
1280,54,82,569050.0,137450.0,10540082,2,0,1,0,0,0,0,137450.0,569050.0
1281,54,83,569150.0,137450.0,10540083,2,0,1,0,0,0,0,137450.0,569150.0
1282,54,84,569250.0,137450.0,10540084,2,0,1,0,0,0,0,137450.0,569250.0
1283,54,85,569350.0,137450.0,10540085,3,0,1,0,0,0,0,137450.0,569350.0
1284,54,86,569450.0,137450.0,10540086,3,0,1,0,0,0,0,137450.0,569450.0
1285,54,87,569550.0,137450.0,10540087,4,0,1,0,0,0,0,137450.0,569550.0
1286,54,88,569650.0,137450.0,10540088,4,0,1,0,0,0,0,137450.0,569650.0
1287,54,89,569750.0,137450.0,10540089,4,0,1,0,0,0,0,137450.0,569750.0
1288,54,90,569850.0,137450.0,10540090,3,0,0,0,0,0,0,137450.0,569850.0
1289,54,91,569950.0,137450.0,10540091,3,0,0,0,0,0,0,137450.0,569950.0
1290,54,92,570050.0,137450.0,10540092,3,0,0,0,0,0,0,137450.0,570050.0
1291,54,93,570150.0,137450.0,10540093,3,0,0,0,0,0,0,137450.0,570150.0
1292,54,94,570250.0,137450.0,10540094,2,0,1,0,0,0,0,137450.0,570250.0
1293,54,95,570350.0,137450.0,10540095,2,0,1,0,0,0,0,137450.0,570350.0
1294,54,96,570450.0,137450.0,10540096,2,0,2,0,0,0,0,137450.0,570450.0
1295,54,97,570550.0,137450.0,10540097,2,0,2,0,0,0,0,137450.0,570550.0
1296,54,98,570650.0,137450.0,10540098,3,0,3,0,0,0,0,137450.0,570650.0
1297,54,99,570750.0,137450.0,10540099,3,0,3,0,0,0,0,137450.0,570750.0
1298,54,100,570850.0,137450.0,10540100,2,0,2,0,0,0,0,137450.0,570850.0
1299,54,101,570950.0,137450.0,10540101,2,0,2,0,0,0,0,137450.0,570950.0
1300,54,102,571050.0,137450.0,10540102,1,0,1,0,0,0,0,137450.0,571050.0
1301,54,103,571150.0,137450.0,10540103,1,0,1,0,0,0,0,137450.0,571150.0
1302,54,104,571250.0,137450.0,10540104,0,0,0,0,0,0,0,137450.0,571250.0
1303,54,105,571350.0,137450.0,10540105,0,0,0,0,0,0,0,137450.0,571350.0
1304,54,106,571450.0,137450.0,10540106,0,0,0,0,0,0,0,137450.0,571450.0
1305,54,107,571550.0,137450.0,10540107,0,0,0,0,0,0,0,137450.0,571550.0
1306,54,108,571650.0,137450.0,10540108,1,0,1,0,0,0,0,137450.0,571650.0
1307,54,109,571750.0,137450.0,10540109,1,0,1,0,0,0,0,137450.0,571750.0
1308,54,110,571850.0,137450.0,10540110,2,0,2,0,0,0,0,137450.0,571850.0
1309,54,111,571950.0,137450.0,10540111,2,0,2,0,0,0,0,137450.0,571950.0
1310,54,112,572050.0,137450.0,10540112,3,0,3,0,0,0,0,137450.0,572050.0
1311,54,113,572150.0,137450.0,10540113,3,0,3,0,0,0,0,137450.0,572150.0
1312,55,32,564050.0,137350.0,10550032,4,0,4,0,0,0,0,137350.0,564050.0
1313,55,33,564150.0,137350.0,10550033,4,0,4,0,0,0,0,137350.0,564150.0
1314,55,34,564250.0,137350.0,10550034,4,0,4,0,0,0,0,137350.0,564250.0
1315,55,35,564350.0,137350.0,10550035,4,0,4,0,0,0,0,137350.0,564350.0
1316,55,36,564450.0,137350.0,10550036,4,0,4,0,0,0,0,137350.0,564450.0
1317,55,37,564550.0,137350.0,10550037,4,0,4,0,0,0,0,137350.0,564550.0
1318,55,38,564650.0,137350.0,10550038,4,0,4,0,0,0,0,137350.0,564650.0
1319,55,39,564750.0,137350.0,10550039,4,0,4,0,0,0,0,137350.0,564750.0
1320,55,40,564850.0,137350.0,10550040,4,0,3,0,0,0,0,137350.0,564850.0
1321,55,41,564950.0,137350.0,10550041,4,0,3,0,0,0,0,137350.0,564950.0
1322,55,42,565050.0,137350.0,10550042,3,0,3,0,0,0,0,137350.0,565050.0
1323,55,43,565150.0,137350.0,10550043,3,0,2,0,0,0,0,137350.0,565150.0
1324,55,44,565250.0,137350.0,10550044,2,0,2,0,0,0,0,137350.0,565250.0
1325,55,45,565350.0,137350.0,10550045,2,0,2,0,0,0,0,137350.0,565350.0
1326,55,46,565450.0,137350.0,10550046,2,0,1,0,0,0,0,137350.0,565450.0
1327,55,47,565550.0,137350.0,10550047,1,0,1,0,0,0,0,137350.0,565550.0
1328,55,48,565650.0,137350.0,10550048,1,0,1,0,0,0,0,137350.0,565650.0
1329,55,49,565750.0,137350.0,10550049,1,0,1,0,0,0,0,137350.0,565750.0
1330,55,50,565850.0,137350.0,10550050,1,0,2,0,0,0,0,137350.0,565850.0
1331,55,51,565950.0,137350.0,10550051,0,0,2,0,0,0,0,137350.0,565950.0
1332,55,52,566050.0,137350.0,10550052,0,0,1,0,0,0,0,137350.0,566050.0
1333,55,53,566150.0,137350.0,10550053,0,0,1,0,0,0,0,137350.0,566150.0
1334,55,54,566250.0,137350.0,10550054,0,0,1,0,0,0,0,137350.0,566250.0
1335,55,55,566350.0,137350.0,10550055,0,0,1,0,0,0,0,137350.0,566350.0
1336,55,56,566450.0,137350.0,10550056,0,0,1,0,0,0,0,137350.0,566450.0
1337,55,57,566550.0,137350.0,10550057,0,0,1,0,0,0,0,137350.0,566550.0
1338,55,58,566650.0,137350.0,10550058,1,0,2,0,0,0,0,137350.0,566650.0
1339,55,59,566750.0,137350.0,10550059,0,0,1,0,0,0,0,137350.0,566750.0
1340,55,60,566850.0,137350.0,10550060,0,0,1,0,0,0,0,137350.0,566850.0
1341,55,61,566950.0,137350.0,10550061,1,0,0,0,0,0,0,137350.0,566950.0
1342,55,62,567050.0,137350.0,10550062,1,0,0,0,0,0,0,137350.0,567050.0
1343,55,63,567150.0,137350.0,10550063,0,0,0,0,0,0,0,137350.0,567150.0
1344,55,64,567250.0,137350.0,10550064,1,0,0,0,0,0,0,137350.0,567250.0
1345,55,65,567350.0,137350.0,10550065,1,0,1,0,0,0,0,137350.0,567350.0
1346,55,66,567450.0,137350.0,10550066,1,0,1,0,0,0,0,137350.0,567450.0
1347,55,67,567550.0,137350.0,10550067,2,0,1,0,0,0,0,137350.0,567550.0
1348,55,68,567650.0,137350.0,10550068,2,0,0,0,0,0,0,137350.0,567650.0
1349,55,69,567750.0,137350.0,10550069,2,1,0,1,0,0,0,137350.0,567750.0
1350,55,70,567850.0,137350.0,10550070,2,1,0,2,0,0,0,137350.0,567850.0
1351,55,71,567950.0,137350.0,10550071,1,0,1,3,0,0,0,137350.0,567950.0
1352,55,72,568050.0,137350.0,10550072,1,1,1,3,0,0,0,137350.0,568050.0
1353,55,73,568150.0,137350.0,10550073,1,2,1,2,0,0,0,137350.0,568150.0
1354,55,74,568250.0,137350.0,10550074,1,3,1,1,0,0,0,137350.0,568250.0
1355,55,75,568350.0,137350.0,10550075,1,4,1,0,0,0,0,137350.0,568350.0
1356,55,76,568450.0,137350.0,10550076,1,2,1,0,0,0,0,137350.0,568450.0
1357,55,77,568550.0,137350.0,10550077,1,1,1,0,0,0,0,137350.0,568550.0
1358,55,78,568650.0,137350.0,10550078,0,0,1,0,0,0,0,137350.0,568650.0
1359,55,79,568750.0,137350.0,10550079,0,0,1,0,0,0,0,137350.0,568750.0
1360,55,80,568850.0,137350.0,10550080,1,0,0,0,0,0,0,137350.0,568850.0
1361,55,81,568950.0,137350.0,10550081,1,0,0,0,0,0,0,137350.0,568950.0
1362,55,82,569050.0,137350.0,10550082,1,0,0,0,0,0,0,137350.0,569050.0
1363,55,83,569150.0,137350.0,10550083,2,0,1,0,0,0,0,137350.0,569150.0
1364,55,84,569250.0,137350.0,10550084,2,0,1,0,0,0,0,137350.0,569250.0
1365,55,85,569350.0,137350.0,10550085,3,0,1,0,0,0,0,137350.0,569350.0
1366,55,86,569450.0,137350.0,10550086,3,0,1,0,0,0,0,137350.0,569450.0
1367,55,87,569550.0,137350.0,10550087,4,0,1,0,0,0,0,137350.0,569550.0
1368,55,88,569650.0,137350.0,10550088,4,0,1,0,0,0,0,137350.0,569650.0
1369,55,89,569750.0,137350.0,10550089,3,0,1,0,0,0,0,137350.0,569750.0
1370,55,90,569850.0,137350.0,10550090,3,0,0,0,0,0,0,137350.0,569850.0
1371,55,91,569950.0,137350.0,10550091,3,0,0,0,0,0,0,137350.0,569950.0
1372,55,92,570050.0,137350.0,10550092,2,0,0,0,0,0,0,137350.0,570050.0
1373,55,93,570150.0,137350.0,10550093,2,0,0,0,0,0,0,137350.0,570150.0
1374,55,94,570250.0,137350.0,10550094,2,0,1,0,0,0,0,137350.0,570250.0
1375,55,95,570350.0,137350.0,10550095,2,0,1,0,0,0,0,137350.0,570350.0
1376,55,96,570450.0,137350.0,10550096,2,0,2,0,0,0,0,137350.0,570450.0
1377,55,97,570550.0,137350.0,10550097,2,0,2,0,0,0,0,137350.0,570550.0
1378,55,98,570650.0,137350.0,10550098,2,0,3,0,0,0,0,137350.0,570650.0
1379,55,99,570750.0,137350.0,10550099,2,0,3,0,0,0,0,137350.0,570750.0
1380,55,100,570850.0,137350.0,10550100,2,0,3,0,0,0,0,137350.0,570850.0
1381,55,101,570950.0,137350.0,10550101,2,0,2,0,0,0,0,137350.0,570950.0
1382,55,102,571050.0,137350.0,10550102,1,0,2,0,0,0,0,137350.0,571050.0
1383,55,103,571150.0,137350.0,10550103,1,0,1,0,0,0,0,137350.0,571150.0
1384,55,104,571250.0,137350.0,10550104,1,0,1,0,0,0,0,137350.0,571250.0
1385,55,105,571350.0,137350.0,10550105,0,0,0,0,0,0,0,137350.0,571350.0
1386,55,106,571450.0,137350.0,10550106,0,0,0,0,0,0,0,137350.0,571450.0
1387,55,107,571550.0,137350.0,10550107,0,0,0,0,0,0,0,137350.0,571550.0
1388,55,108,571650.0,137350.0,10550108,1,0,1,0,0,0,0,137350.0,571650.0
1389,55,109,571750.0,137350.0,10550109,1,0,1,0,0,0,0,137350.0,571750.0
1390,55,110,571850.0,137350.0,10550110,2,0,2,0,0,0,0,137350.0,571850.0
1391,55,111,571950.0,137350.0,10550111,2,0,2,0,0,0,0,137350.0,571950.0
1392,55,112,572050.0,137350.0,10550112,3,0,3,0,0,0,0,137350.0,572050.0
1393,55,113,572150.0,137350.0,10550113,3,0,3,0,0,0,0,137350.0,572150.0
1394,56,32,564050.0,137250.0,10560032,4,0,4,0,0,0,0,137250.0,564050.0
1395,56,33,564150.0,137250.0,10560033,4,0,4,0,0,0,0,137250.0,564150.0
1396,56,34,564250.0,137250.0,10560034,4,0,4,0,0,0,0,137250.0,564250.0
1397,56,35,564350.0,137250.0,10560035,4,0,4,0,0,0,0,137250.0,564350.0
1398,56,36,564450.0,137250.0,10560036,4,0,4,0,0,0,0,137250.0,564450.0
1399,56,37,564550.0,137250.0,10560037,4,0,4,0,0,0,0,137250.0,564550.0
1400,56,38,564650.0,137250.0,10560038,4,0,4,0,0,0,0,137250.0,564650.0
1401,56,39,564750.0,137250.0,10560039,4,0,4,0,0,0,0,137250.0,564750.0
1402,56,40,564850.0,137250.0,10560040,4,0,4,0,0,0,0,137250.0,564850.0
1403,56,41,564950.0,137250.0,10560041,4,0,3,0,0,0,0,137250.0,564950.0
1404,56,42,565050.0,137250.0,10560042,3,0,3,0,0,0,0,137250.0,565050.0
1405,56,43,565150.0,137250.0,10560043,3,0,3,0,0,0,0,137250.0,565150.0
1406,56,44,565250.0,137250.0,10560044,3,0,2,0,0,0,0,137250.0,565250.0
1407,56,45,565350.0,137250.0,10560045,2,0,2,0,0,0,0,137250.0,565350.0
1408,56,46,565450.0,137250.0,10560046,2,0,2,0,0,0,0,137250.0,565450.0
1409,56,47,565550.0,137250.0,10560047,2,0,2,0,0,0,0,137250.0,565550.0
1410,56,48,565650.0,137250.0,10560048,1,0,2,0,0,0,0,137250.0,565650.0
1411,56,49,565750.0,137250.0,10560049,1,0,2,0,0,0,0,137250.0,565750.0
1412,56,50,565850.0,137250.0,10560050,1,0,2,0,0,0,0,137250.0,565850.0
1413,56,51,565950.0,137250.0,10560051,0,0,2,0,0,0,0,137250.0,565950.0
1414,56,52,566050.0,137250.0,10560052,0,0,2,0,0,0,0,137250.0,566050.0
1415,56,53,566150.0,137250.0,10560053,0,0,2,0,0,0,0,137250.0,566150.0
1416,56,54,566250.0,137250.0,10560054,0,0,1,0,0,0,0,137250.0,566250.0
1417,56,55,566350.0,137250.0,10560055,0,0,1,0,0,0,0,137250.0,566350.0
1418,56,56,566450.0,137250.0,10560056,0,0,2,0,0,0,0,137250.0,566450.0
1419,56,57,566550.0,137250.0,10560057,0,0,2,0,0,0,0,137250.0,566550.0
1420,56,58,566650.0,137250.0,10560058,0,0,2,0,0,0,0,137250.0,566650.0
1421,56,59,566750.0,137250.0,10560059,0,0,1,0,0,0,0,137250.0,566750.0
1422,56,60,566850.0,137250.0,10560060,0,0,1,0,0,0,0,137250.0,566850.0
1423,56,61,566950.0,137250.0,10560061,0,0,0,0,0,0,0,137250.0,566950.0
1424,56,62,567050.0,137250.0,10560062,0,0,0,0,0,0,0,137250.0,567050.0
1425,56,63,567150.0,137250.0,10560063,0,0,0,0,0,0,0,137250.0,567150.0
1426,56,64,567250.0,137250.0,10560064,0,0,0,0,0,0,0,137250.0,567250.0
1427,56,65,567350.0,137250.0,10560065,0,0,1,0,0,0,0,137250.0,567350.0
1428,56,66,567450.0,137250.0,10560066,1,0,1,0,0,0,0,137250.0,567450.0
1429,56,67,567550.0,137250.0,10560067,1,1,1,0,0,0,0,137250.0,567550.0
1430,56,68,567650.0,137250.0,10560068,1,1,1,0,0,0,0,137250.0,567650.0
1431,56,69,567750.0,137250.0,10560069,2,2,0,1,0,0,0,137250.0,567750.0
1432,56,70,567850.0,137250.0,10560070,2,2,0,1,0,0,0,137250.0,567850.0
1433,56,71,567950.0,137250.0,10560071,2,1,0,2,0,0,0,137250.0,567950.0
1434,56,72,568050.0,137250.0,10560072,1,1,1,2,0,0,0,137250.0,568050.0
1435,56,73,568150.0,137250.0,10560073,1,2,1,1,0,0,0,137250.0,568150.0
1436,56,74,568250.0,137250.0,10560074,1,2,1,0,0,0,0,137250.0,568250.0
1437,56,75,568350.0,137250.0,10560075,1,3,2,0,0,0,0,137250.0,568350.0
1438,56,76,568450.0,137250.0,10560076,1,2,2,0,0,0,0,137250.0,568450.0
1439,56,77,568550.0,137250.0,10560077,0,1,1,0,0,0,0,137250.0,568550.0
1440,56,78,568650.0,137250.0,10560078,0,0,1,0,0,0,0,137250.0,568650.0
1441,56,79,568750.0,137250.0,10560079,0,0,0,0,0,0,0,137250.0,568750.0
1442,56,80,568850.0,137250.0,10560080,0,0,0,0,0,0,0,137250.0,568850.0
1443,56,81,568950.0,137250.0,10560081,1,0,0,0,0,0,0,137250.0,568950.0
1444,56,82,569050.0,137250.0,10560082,1,0,0,0,0,0,0,137250.0,569050.0
1445,56,83,569150.0,137250.0,10560083,2,0,1,0,0,0,0,137250.0,569150.0
1446,56,84,569250.0,137250.0,10560084,2,0,1,0,0,0,0,137250.0,569250.0
1447,56,85,569350.0,137250.0,10560085,3,0,0,0,0,0,0,137250.0,569350.0
1448,56,86,569450.0,137250.0,10560086,3,0,0,0,0,0,0,137250.0,569450.0
1449,56,87,569550.0,137250.0,10560087,4,0,0,0,0,0,0,137250.0,569550.0
1450,56,88,569650.0,137250.0,10560088,4,0,1,0,0,0,0,137250.0,569650.0
1451,56,89,569750.0,137250.0,10560089,3,0,1,0,0,0,0,137250.0,569750.0
1452,56,90,569850.0,137250.0,10560090,3,0,1,0,0,0,0,137250.0,569850.0
1453,56,91,569950.0,137250.0,10560091,2,0,0,0,0,0,0,137250.0,569950.0
1454,56,92,570050.0,137250.0,10560092,2,0,0,0,0,0,0,137250.0,570050.0
1455,56,93,570150.0,137250.0,10560093,2,0,1,0,0,0,0,137250.0,570150.0
1456,56,94,570250.0,137250.0,10560094,1,0,1,0,0,0,0,137250.0,570250.0
1457,56,95,570350.0,137250.0,10560095,1,0,1,0,0,0,0,137250.0,570350.0
1458,56,96,570450.0,137250.0,10560096,1,0,2,0,0,0,0,137250.0,570450.0
1459,56,97,570550.0,137250.0,10560097,1,0,2,0,0,0,0,137250.0,570550.0
1460,56,98,570650.0,137250.0,10560098,2,0,3,0,0,0,0,137250.0,570650.0
1461,56,99,570750.0,137250.0,10560099,2,0,3,0,0,0,0,137250.0,570750.0
1462,56,100,570850.0,137250.0,10560100,2,0,3,0,0,0,0,137250.0,570850.0
1463,56,101,570950.0,137250.0,10560101,2,0,2,0,0,0,0,137250.0,570950.0
1464,56,102,571050.0,137250.0,10560102,2,0,2,0,0,0,0,137250.0,571050.0
1465,56,103,571150.0,137250.0,10560103,1,0,1,0,0,0,0,137250.0,571150.0
1466,56,104,571250.0,137250.0,10560104,1,0,1,0,0,0,0,137250.0,571250.0
1467,56,105,571350.0,137250.0,10560105,1,0,1,0,0,0,0,137250.0,571350.0
1468,56,106,571450.0,137250.0,10560106,0,0,0,0,0,0,0,137250.0,571450.0
1469,56,107,571550.0,137250.0,10560107,1,0,1,0,0,0,0,137250.0,571550.0
1470,56,108,571650.0,137250.0,10560108,1,0,1,0,0,0,0,137250.0,571650.0
1471,56,109,571750.0,137250.0,10560109,1,0,1,0,0,0,0,137250.0,571750.0
1472,56,110,571850.0,137250.0,10560110,2,0,2,0,0,0,0,137250.0,571850.0
1473,56,111,571950.0,137250.0,10560111,2,0,2,0,0,0,0,137250.0,571950.0
1474,56,112,572050.0,137250.0,10560112,3,0,3,0,0,0,0,137250.0,572050.0
1475,56,113,572150.0,137250.0,10560113,3,0,3,0,0,0,0,137250.0,572150.0
1476,57,32,564050.0,137150.0,10570032,4,0,4,0,0,0,0,137150.0,564050.0
1477,57,33,564150.0,137150.0,10570033,4,0,4,0,0,0,0,137150.0,564150.0
1478,57,34,564250.0,137150.0,10570034,4,0,4,0,0,0,0,137150.0,564250.0
1479,57,35,564350.0,137150.0,10570035,4,0,4,0,0,0,0,137150.0,564350.0
1480,57,36,564450.0,137150.0,10570036,4,0,4,0,0,0,0,137150.0,564450.0
1481,57,37,564550.0,137150.0,10570037,4,0,4,0,0,0,0,137150.0,564550.0
1482,57,38,564650.0,137150.0,10570038,4,0,4,0,0,0,0,137150.0,564650.0
1483,57,39,564750.0,137150.0,10570039,4,0,4,0,0,0,0,137150.0,564750.0
1484,57,40,564850.0,137150.0,10570040,4,0,4,0,0,0,0,137150.0,564850.0
1485,57,41,564950.0,137150.0,10570041,4,0,4,0,0,0,0,137150.0,564950.0
1486,57,42,565050.0,137150.0,10570042,3,0,3,0,0,0,0,137150.0,565050.0
1487,57,43,565150.0,137150.0,10570043,3,0,3,0,0,0,0,137150.0,565150.0
1488,57,44,565250.0,137150.0,10570044,2,0,3,0,0,0,0,137150.0,565250.0
1489,57,45,565350.0,137150.0,10570045,2,0,2,0,0,0,0,137150.0,565350.0
1490,57,46,565450.0,137150.0,10570046,2,0,2,0,0,0,0,137150.0,565450.0
1491,57,47,565550.0,137150.0,10570047,1,0,2,0,0,0,0,137150.0,565550.0
1492,57,48,565650.0,137150.0,10570048,1,0,2,0,0,0,0,137150.0,565650.0
1493,57,49,565750.0,137150.0,10570049,1,0,2,0,0,0,0,137150.0,565750.0
1494,57,50,565850.0,137150.0,10570050,1,0,2,0,0,0,0,137150.0,565850.0
1495,57,51,565950.0,137150.0,10570051,0,0,2,0,0,0,0,137150.0,565950.0
1496,57,52,566050.0,137150.0,10570052,0,0,2,0,0,0,0,137150.0,566050.0
1497,57,53,566150.0,137150.0,10570053,0,0,2,0,0,0,0,137150.0,566150.0
1498,57,54,566250.0,137150.0,10570054,0,0,2,0,0,0,0,137150.0,566250.0
1499,57,55,566350.0,137150.0,10570055,0,0,2,0,0,0,0,137150.0,566350.0
1500,57,56,566450.0,137150.0,10570056,0,0,2,0,0,0,0,137150.0,566450.0
1501,57,57,566550.0,137150.0,10570057,1,0,2,0,0,0,0,137150.0,566550.0
1502,57,58,566650.0,137150.0,10570058,0,0,1,0,0,0,0,137150.0,566650.0
1503,57,59,566750.0,137150.0,10570059,0,0,1,0,0,0,0,137150.0,566750.0
1504,57,60,566850.0,137150.0,10570060,0,0,1,0,0,0,0,137150.0,566850.0
1505,57,61,566950.0,137150.0,10570061,0,0,1,0,0,0,0,137150.0,566950.0
1506,57,62,567050.0,137150.0,10570062,0,0,0,0,0,0,0,137150.0,567050.0
1507,57,63,567150.0,137150.0,10570063,0,0,0,0,0,0,0,137150.0,567150.0
1508,57,64,567250.0,137150.0,10570064,0,0,0,0,0,0,0,137150.0,567250.0
1509,57,65,567350.0,137150.0,10570065,0,0,0,0,0,0,0,137150.0,567350.0
1510,57,66,567450.0,137150.0,10570066,1,0,1,0,0,0,0,137150.0,567450.0
1511,57,67,567550.0,137150.0,10570067,1,1,1,0,0,0,0,137150.0,567550.0
1512,57,68,567650.0,137150.0,10570068,1,2,1,0,0,0,0,137150.0,567650.0
1513,57,69,567750.0,137150.0,10570069,1,3,0,0,0,0,0,137150.0,567750.0
1514,57,70,567850.0,137150.0,10570070,2,2,0,1,0,0,0,137150.0,567850.0
1515,57,71,567950.0,137150.0,10570071,2,2,0,1,0,0,0,137150.0,567950.0
1516,57,72,568050.0,137150.0,10570072,2,1,0,1,0,0,0,137150.0,568050.0
1517,57,73,568150.0,137150.0,10570073,2,1,1,1,0,0,0,137150.0,568150.0
1518,57,74,568250.0,137150.0,10570074,2,2,1,0,0,0,0,137150.0,568250.0
1519,57,75,568350.0,137150.0,10570075,1,2,2,0,0,0,0,137150.0,568350.0
1520,57,76,568450.0,137150.0,10570076,1,2,2,0,0,0,0,137150.0,568450.0
1521,57,77,568550.0,137150.0,10570077,0,1,1,0,0,0,0,137150.0,568550.0
1522,57,78,568650.0,137150.0,10570078,0,0,1,0,0,0,0,137150.0,568650.0
1523,57,79,568750.0,137150.0,10570079,0,0,1,0,0,0,0,137150.0,568750.0
1524,57,80,568850.0,137150.0,10570080,0,0,0,0,0,0,0,137150.0,568850.0
1525,57,81,568950.0,137150.0,10570081,1,0,0,0,0,0,0,137150.0,568950.0
1526,57,82,569050.0,137150.0,10570082,1,0,0,0,0,0,0,137150.0,569050.0
1527,57,83,569150.0,137150.0,10570083,2,0,1,0,0,0,0,137150.0,569150.0
1528,57,84,569250.0,137150.0,10570084,2,0,0,0,0,0,0,137150.0,569250.0
1529,57,85,569350.0,137150.0,10570085,3,0,0,0,0,0,0,137150.0,569350.0
1530,57,86,569450.0,137150.0,10570086,3,0,0,0,0,0,0,137150.0,569450.0
1531,57,87,569550.0,137150.0,10570087,4,0,0,0,0,0,0,137150.0,569550.0
1532,57,88,569650.0,137150.0,10570088,3,0,1,0,0,0,0,137150.0,569650.0
1533,57,89,569750.0,137150.0,10570089,3,0,1,0,0,0,0,137150.0,569750.0
1534,57,90,569850.0,137150.0,10570090,2,0,1,0,0,0,0,137150.0,569850.0
1535,57,91,569950.0,137150.0,10570091,2,0,1,0,0,0,0,137150.0,569950.0
1536,57,92,570050.0,137150.0,10570092,2,0,1,0,0,0,0,137150.0,570050.0
1537,57,93,570150.0,137150.0,10570093,1,0,1,0,0,0,0,137150.0,570150.0
1538,57,94,570250.0,137150.0,10570094,1,0,1,0,0,0,0,137150.0,570250.0
1539,57,95,570350.0,137150.0,10570095,1,0,2,0,0,0,0,137150.0,570350.0
1540,57,96,570450.0,137150.0,10570096,1,0,2,0,0,0,0,137150.0,570450.0
1541,57,97,570550.0,137150.0,10570097,1,0,3,0,0,0,0,137150.0,570550.0
1542,57,98,570650.0,137150.0,10570098,1,0,3,0,0,0,0,137150.0,570650.0
1543,57,99,570750.0,137150.0,10570099,2,0,3,0,0,0,0,137150.0,570750.0
1544,57,100,570850.0,137150.0,10570100,2,0,3,0,0,0,0,137150.0,570850.0
1545,57,101,570950.0,137150.0,10570101,2,0,2,0,0,0,0,137150.0,570950.0
1546,57,102,571050.0,137150.0,10570102,2,0,2,0,0,0,0,137150.0,571050.0
1547,57,103,571150.0,137150.0,10570103,2,0,2,0,0,0,0,137150.0,571150.0
1548,57,104,571250.0,137150.0,10570104,1,0,1,0,0,0,0,137150.0,571250.0
1549,57,105,571350.0,137150.0,10570105,1,0,1,0,0,0,0,137150.0,571350.0
1550,57,106,571450.0,137150.0,10570106,1,0,1,0,0,0,0,137150.0,571450.0
1551,57,107,571550.0,137150.0,10570107,1,0,1,0,0,0,0,137150.0,571550.0
1552,57,108,571650.0,137150.0,10570108,1,0,1,0,0,0,0,137150.0,571650.0
1553,57,109,571750.0,137150.0,10570109,2,0,2,0,0,0,0,137150.0,571750.0
1554,57,110,571850.0,137150.0,10570110,2,0,2,0,0,0,0,137150.0,571850.0
1555,57,111,571950.0,137150.0,10570111,2,0,2,0,0,0,0,137150.0,571950.0
1556,57,112,572050.0,137150.0,10570112,3,0,3,0,0,0,0,137150.0,572050.0
1557,57,113,572150.0,137150.0,10570113,3,0,3,0,0,0,0,137150.0,572150.0
1558,58,32,564050.0,137050.0,10580032,4,0,4,0,0,0,0,137050.0,564050.0
1559,58,33,564150.0,137050.0,10580033,4,0,4,0,0,0,0,137050.0,564150.0
1560,58,34,564250.0,137050.0,10580034,4,0,4,0,0,0,0,137050.0,564250.0
1561,58,35,564350.0,137050.0,10580035,4,0,4,0,0,0,0,137050.0,564350.0
1562,58,36,564450.0,137050.0,10580036,4,0,4,0,0,0,0,137050.0,564450.0
1563,58,37,564550.0,137050.0,10580037,4,0,4,0,0,0,0,137050.0,564550.0
1564,58,38,564650.0,137050.0,10580038,4,0,4,0,0,0,0,137050.0,564650.0
1565,58,39,564750.0,137050.0,10580039,4,0,4,0,0,0,0,137050.0,564750.0
1566,58,40,564850.0,137050.0,10580040,4,0,4,0,0,0,0,137050.0,564850.0
1567,58,41,564950.0,137050.0,10580041,4,0,4,0,0,0,0,137050.0,564950.0
1568,58,42,565050.0,137050.0,10580042,3,0,4,0,0,0,0,137050.0,565050.0
1569,58,43,565150.0,137050.0,10580043,3,0,3,0,0,0,0,137050.0,565150.0
1570,58,44,565250.0,137050.0,10580044,2,0,3,0,0,0,0,137050.0,565250.0
1571,58,45,565350.0,137050.0,10580045,2,0,3,0,0,0,0,137050.0,565350.0
1572,58,46,565450.0,137050.0,10580046,1,0,3,0,0,0,0,137050.0,565450.0
1573,58,47,565550.0,137050.0,10580047,1,0,3,0,0,0,0,137050.0,565550.0
1574,58,48,565650.0,137050.0,10580048,0,0,2,0,0,0,0,137050.0,565650.0
1575,58,49,565750.0,137050.0,10580049,0,0,2,0,0,0,0,137050.0,565750.0
1576,58,50,565850.0,137050.0,10580050,0,0,2,0,0,0,0,137050.0,565850.0
1577,58,51,565950.0,137050.0,10580051,0,0,2,0,0,0,0,137050.0,565950.0
1578,58,52,566050.0,137050.0,10580052,0,0,2,0,0,0,0,137050.0,566050.0
1579,58,53,566150.0,137050.0,10580053,0,0,2,0,0,0,0,137050.0,566150.0
1580,58,54,566250.0,137050.0,10580054,0,0,2,0,0,0,0,137050.0,566250.0
1581,58,55,566350.0,137050.0,10580055,0,0,2,0,0,0,0,137050.0,566350.0
1582,58,56,566450.0,137050.0,10580056,1,0,2,0,0,0,0,137050.0,566450.0
1583,58,57,566550.0,137050.0,10580057,1,0,1,0,0,0,0,137050.0,566550.0
1584,58,58,566650.0,137050.0,10580058,0,0,1,0,0,0,0,137050.0,566650.0
1585,58,59,566750.0,137050.0,10580059,0,0,1,0,0,0,0,137050.0,566750.0
1586,58,60,566850.0,137050.0,10580060,0,0,1,0,0,0,0,137050.0,566850.0
1587,58,61,566950.0,137050.0,10580061,1,1,1,0,0,0,0,137050.0,566950.0
1588,58,62,567050.0,137050.0,10580062,0,0,1,0,0,0,0,137050.0,567050.0
1589,58,63,567150.0,137050.0,10580063,0,0,0,0,0,0,0,137050.0,567150.0
1590,58,64,567250.0,137050.0,10580064,0,0,0,0,0,0,0,137050.0,567250.0
1591,58,65,567350.0,137050.0,10580065,0,0,0,0,0,0,0,137050.0,567350.0
1592,58,66,567450.0,137050.0,10580066,0,0,0,0,0,0,0,137050.0,567450.0
1593,58,67,567550.0,137050.0,10580067,0,1,1,0,0,0,0,137050.0,567550.0
1594,58,68,567650.0,137050.0,10580068,1,2,1,0,0,0,0,137050.0,567650.0
1595,58,69,567750.0,137050.0,10580069,1,4,0,0,0,0,0,137050.0,567750.0
1596,58,70,567850.0,137050.0,10580070,2,3,0,1,0,0,0,137050.0,567850.0
1597,58,71,567950.0,137050.0,10580071,2,2,0,1,0,0,0,137050.0,567950.0
1598,58,72,568050.0,137050.0,10580072,2,1,0,2,0,0,0,137050.0,568050.0
1599,58,73,568150.0,137050.0,10580073,2,2,1,1,0,0,0,137050.0,568150.0
1600,58,74,568250.0,137050.0,10580074,2,3,1,1,0,0,0,137050.0,568250.0
1601,58,75,568350.0,137050.0,10580075,1,3,1,0,0,0,0,137050.0,568350.0
1602,58,76,568450.0,137050.0,10580076,1,2,1,0,0,0,0,137050.0,568450.0
1603,58,77,568550.0,137050.0,10580077,1,1,1,0,0,0,0,137050.0,568550.0
1604,58,78,568650.0,137050.0,10580078,0,0,1,0,0,0,0,137050.0,568650.0
1605,58,79,568750.0,137050.0,10580079,0,0,1,0,0,0,0,137050.0,568750.0
1606,58,80,568850.0,137050.0,10580080,0,0,1,0,0,0,0,137050.0,568850.0
1607,58,81,568950.0,137050.0,10580081,1,0,0,0,0,0,0,137050.0,568950.0
1608,58,82,569050.0,137050.0,10580082,1,0,1,0,0,0,0,137050.0,569050.0
1609,58,83,569150.0,137050.0,10580083,2,0,1,0,0,0,0,137050.0,569150.0
1610,58,84,569250.0,137050.0,10580084,2,0,0,0,0,0,0,137050.0,569250.0
1611,58,85,569350.0,137050.0,10580085,3,0,0,0,0,0,0,137050.0,569350.0
1612,58,86,569450.0,137050.0,10580086,3,0,0,0,0,0,0,137050.0,569450.0
1613,58,87,569550.0,137050.0,10580087,4,0,0,0,0,0,0,137050.0,569550.0
1614,58,88,569650.0,137050.0,10580088,3,0,1,0,0,0,0,137050.0,569650.0
1615,58,89,569750.0,137050.0,10580089,3,0,1,0,0,0,0,137050.0,569750.0
1616,58,90,569850.0,137050.0,10580090,2,0,1,0,0,0,0,137050.0,569850.0
1617,58,91,569950.0,137050.0,10580091,2,0,1,0,0,0,0,137050.0,569950.0
1618,58,92,570050.0,137050.0,10580092,1,0,1,0,0,0,0,137050.0,570050.0
1619,58,93,570150.0,137050.0,10580093,1,0,1,0,0,0,0,137050.0,570150.0
1620,58,94,570250.0,137050.0,10580094,1,0,2,0,0,0,0,137050.0,570250.0
1621,58,95,570350.0,137050.0,10580095,0,0,2,0,0,0,0,137050.0,570350.0
1622,58,96,570450.0,137050.0,10580096,0,0,2,0,0,0,0,137050.0,570450.0
1623,58,97,570550.0,137050.0,10580097,1,0,3,0,0,0,0,137050.0,570550.0
1624,58,98,570650.0,137050.0,10580098,1,0,3,0,0,0,0,137050.0,570650.0
1625,58,99,570750.0,137050.0,10580099,1,0,3,0,0,0,0,137050.0,570750.0
1626,58,100,570850.0,137050.0,10580100,2,0,3,0,0,0,0,137050.0,570850.0
1627,58,101,570950.0,137050.0,10580101,2,0,3,0,0,0,0,137050.0,570950.0
1628,58,102,571050.0,137050.0,10580102,2,0,2,0,0,0,0,137050.0,571050.0
1629,58,103,571150.0,137050.0,10580103,2,0,2,0,0,0,0,137050.0,571150.0
1630,58,104,571250.0,137050.0,10580104,2,0,2,0,0,0,0,137050.0,571250.0
1631,58,105,571350.0,137050.0,10580105,2,0,1,0,0,0,0,137050.0,571350.0
1632,58,106,571450.0,137050.0,10580106,1,0,1,0,0,0,0,137050.0,571450.0
1633,58,107,571550.0,137050.0,10580107,2,0,1,0,0,0,0,137050.0,571550.0
1634,58,108,571650.0,137050.0,10580108,2,0,2,0,0,0,0,137050.0,571650.0
1635,58,109,571750.0,137050.0,10580109,2,0,2,0,0,0,0,137050.0,571750.0
1636,58,110,571850.0,137050.0,10580110,2,0,2,0,0,0,0,137050.0,571850.0
1637,58,111,571950.0,137050.0,10580111,3,0,3,0,0,0,0,137050.0,571950.0
1638,58,112,572050.0,137050.0,10580112,3,0,3,0,0,0,0,137050.0,572050.0
1639,58,113,572150.0,137050.0,10580113,4,0,4,0,0,0,0,137050.0,572150.0
1640,59,32,564050.0,136950.0,10590032,4,0,4,0,0,0,0,136950.0,564050.0
1641,59,33,564150.0,136950.0,10590033,4,0,4,0,0,0,0,136950.0,564150.0
1642,59,34,564250.0,136950.0,10590034,4,0,4,0,0,0,0,136950.0,564250.0
1643,59,35,564350.0,136950.0,10590035,4,0,4,0,0,0,0,136950.0,564350.0
1644,59,36,564450.0,136950.0,10590036,4,0,4,0,0,0,0,136950.0,564450.0
1645,59,37,564550.0,136950.0,10590037,4,0,4,0,0,0,0,136950.0,564550.0
1646,59,38,564650.0,136950.0,10590038,4,0,4,0,0,0,0,136950.0,564650.0
1647,59,39,564750.0,136950.0,10590039,4,0,4,0,0,0,0,136950.0,564750.0
1648,59,40,564850.0,136950.0,10590040,4,0,4,0,0,0,0,136950.0,564850.0
1649,59,41,564950.0,136950.0,10590041,3,0,4,0,0,0,0,136950.0,564950.0
1650,59,42,565050.0,136950.0,10590042,3,0,4,0,0,0,0,136950.0,565050.0
1651,59,43,565150.0,136950.0,10590043,2,0,4,0,0,0,0,136950.0,565150.0
1652,59,44,565250.0,136950.0,10590044,2,0,4,0,0,0,0,136950.0,565250.0
1653,59,45,565350.0,136950.0,10590045,1,0,3,0,0,0,0,136950.0,565350.0
1654,59,46,565450.0,136950.0,10590046,1,0,3,0,0,0,0,136950.0,565450.0
1655,59,47,565550.0,136950.0,10590047,1,0,2,0,0,0,0,136950.0,565550.0
1656,59,48,565650.0,136950.0,10590048,0,0,2,0,0,0,0,136950.0,565650.0
1657,59,49,565750.0,136950.0,10590049,0,0,2,0,0,0,0,136950.0,565750.0
1658,59,50,565850.0,136950.0,10590050,0,0,1,0,0,0,0,136950.0,565850.0
1659,59,51,565950.0,136950.0,10590051,0,0,1,0,0,0,0,136950.0,565950.0
1660,59,52,566050.0,136950.0,10590052,0,0,1,0,0,0,0,136950.0,566050.0
1661,59,53,566150.0,136950.0,10590053,0,0,1,0,0,0,0,136950.0,566150.0
1662,59,54,566250.0,136950.0,10590054,0,0,2,0,0,0,0,136950.0,566250.0
1663,59,55,566350.0,136950.0,10590055,0,0,2,0,0,0,0,136950.0,566350.0
1664,59,56,566450.0,136950.0,10590056,0,0,2,0,0,0,0,136950.0,566450.0
1665,59,57,566550.0,136950.0,10590057,1,0,1,0,0,0,0,136950.0,566550.0
1666,59,58,566650.0,136950.0,10590058,1,0,1,0,0,0,0,136950.0,566650.0
1667,59,59,566750.0,136950.0,10590059,0,1,0,0,0,0,0,136950.0,566750.0
1668,59,60,566850.0,136950.0,10590060,0,1,0,0,0,0,0,136950.0,566850.0
1669,59,61,566950.0,136950.0,10590061,0,2,0,0,0,0,0,136950.0,566950.0
1670,59,62,567050.0,136950.0,10590062,0,1,0,0,0,0,0,136950.0,567050.0
1671,59,63,567150.0,136950.0,10590063,0,1,0,0,0,0,0,136950.0,567150.0
1672,59,64,567250.0,136950.0,10590064,0,0,0,0,0,0,0,136950.0,567250.0
1673,59,65,567350.0,136950.0,10590065,0,0,0,0,0,0,0,136950.0,567350.0
1674,59,66,567450.0,136950.0,10590066,0,0,0,0,0,0,0,136950.0,567450.0
1675,59,67,567550.0,136950.0,10590067,0,1,1,0,0,0,0,136950.0,567550.0
1676,59,68,567650.0,136950.0,10590068,0,2,1,0,0,0,0,136950.0,567650.0
1677,59,69,567750.0,136950.0,10590069,1,2,1,0,0,0,0,136950.0,567750.0
1678,59,70,567850.0,136950.0,10590070,1,2,0,1,0,0,0,136950.0,567850.0
1679,59,71,567950.0,136950.0,10590071,2,1,0,2,0,0,0,136950.0,567950.0
1680,59,72,568050.0,136950.0,10590072,2,1,1,3,0,0,0,136950.0,568050.0
1681,59,73,568150.0,136950.0,10590073,2,2,1,2,0,0,0,136950.0,568150.0
1682,59,74,568250.0,136950.0,10590074,2,3,1,1,0,0,0,136950.0,568250.0
1683,59,75,568350.0,136950.0,10590075,1,3,1,1,0,0,0,136950.0,568350.0
1684,59,76,568450.0,136950.0,10590076,1,2,1,0,0,0,0,136950.0,568450.0
1685,59,77,568550.0,136950.0,10590077,0,1,0,0,0,0,0,136950.0,568550.0
1686,59,78,568650.0,136950.0,10590078,0,0,0,0,0,0,0,136950.0,568650.0
1687,59,79,568750.0,136950.0,10590079,0,0,0,0,0,0,0,136950.0,568750.0
1688,59,80,568850.0,136950.0,10590080,1,0,1,0,0,0,0,136950.0,568850.0
1689,59,81,568950.0,136950.0,10590081,1,0,1,0,0,0,0,136950.0,568950.0
1690,59,82,569050.0,136950.0,10590082,1,0,1,0,0,0,0,136950.0,569050.0
1691,59,83,569150.0,136950.0,10590083,2,0,1,0,0,0,0,136950.0,569150.0
1692,59,84,569250.0,136950.0,10590084,2,0,1,0,0,0,0,136950.0,569250.0
1693,59,85,569350.0,136950.0,10590085,2,0,0,0,0,0,0,136950.0,569350.0
1694,59,86,569450.0,136950.0,10590086,3,0,0,0,0,0,0,136950.0,569450.0
1695,59,87,569550.0,136950.0,10590087,3,0,1,0,0,0,0,136950.0,569550.0
1696,59,88,569650.0,136950.0,10590088,3,0,1,0,0,0,0,136950.0,569650.0
1697,59,89,569750.0,136950.0,10590089,3,0,1,0,0,0,0,136950.0,569750.0
1698,59,90,569850.0,136950.0,10590090,2,0,2,0,0,0,0,136950.0,569850.0
1699,59,91,569950.0,136950.0,10590091,2,0,2,0,0,0,0,136950.0,569950.0
1700,59,92,570050.0,136950.0,10590092,1,0,2,0,0,0,0,136950.0,570050.0
1701,59,93,570150.0,136950.0,10590093,1,0,2,0,0,0,0,136950.0,570150.0
1702,59,94,570250.0,136950.0,10590094,0,0,2,0,0,0,0,136950.0,570250.0
1703,59,95,570350.0,136950.0,10590095,0,0,2,0,0,0,0,136950.0,570350.0
1704,59,96,570450.0,136950.0,10590096,0,0,3,0,0,0,0,136950.0,570450.0
1705,59,97,570550.0,136950.0,10590097,0,0,3,0,0,0,0,136950.0,570550.0
1706,59,98,570650.0,136950.0,10590098,1,0,3,0,0,0,0,136950.0,570650.0
1707,59,99,570750.0,136950.0,10590099,1,0,4,0,0,0,0,136950.0,570750.0
1708,59,100,570850.0,136950.0,10590100,2,0,3,0,0,0,0,136950.0,570850.0
1709,59,101,570950.0,136950.0,10590101,2,0,3,0,0,0,0,136950.0,570950.0
1710,59,102,571050.0,136950.0,10590102,3,0,3,0,0,0,0,136950.0,571050.0
1711,59,103,571150.0,136950.0,10590103,2,0,2,0,0,0,0,136950.0,571150.0
1712,59,104,571250.0,136950.0,10590104,2,0,2,0,0,0,0,136950.0,571250.0
1713,59,105,571350.0,136950.0,10590105,2,0,2,0,0,0,0,136950.0,571350.0
1714,59,106,571450.0,136950.0,10590106,2,0,2,0,0,0,0,136950.0,571450.0
1715,59,107,571550.0,136950.0,10590107,2,0,2,0,0,0,0,136950.0,571550.0
1716,59,108,571650.0,136950.0,10590108,2,0,2,0,0,0,0,136950.0,571650.0
1717,59,109,571750.0,136950.0,10590109,2,0,2,0,0,0,0,136950.0,571750.0
1718,59,110,571850.0,136950.0,10590110,3,0,3,0,0,0,0,136950.0,571850.0
1719,59,111,571950.0,136950.0,10590111,3,0,3,0,0,0,0,136950.0,571950.0
1720,59,112,572050.0,136950.0,10590112,3,0,3,0,0,0,0,136950.0,572050.0
1721,59,113,572150.0,136950.0,10590113,4,0,4,0,0,0,0,136950.0,572150.0
1722,60,32,564050.0,136850.0,10600032,4,0,4,0,0,0,0,136850.0,564050.0
1723,60,33,564150.0,136850.0,10600033,4,0,4,0,0,0,0,136850.0,564150.0
1724,60,34,564250.0,136850.0,10600034,4,0,4,0,0,0,0,136850.0,564250.0
1725,60,35,564350.0,136850.0,10600035,4,0,4,0,0,0,0,136850.0,564350.0
1726,60,36,564450.0,136850.0,10600036,4,0,4,0,0,0,0,136850.0,564450.0
1727,60,37,564550.0,136850.0,10600037,4,0,4,0,0,0,0,136850.0,564550.0
1728,60,38,564650.0,136850.0,10600038,4,0,4,0,0,0,0,136850.0,564650.0
1729,60,39,564750.0,136850.0,10600039,4,0,4,0,0,0,0,136850.0,564750.0
1730,60,40,564850.0,136850.0,10600040,4,0,4,0,0,0,0,136850.0,564850.0
1731,60,41,564950.0,136850.0,10600041,3,0,4,0,0,0,0,136850.0,564950.0
1732,60,42,565050.0,136850.0,10600042,3,0,4,0,0,0,0,136850.0,565050.0
1733,60,43,565150.0,136850.0,10600043,2,0,4,0,0,0,0,136850.0,565150.0
1734,60,44,565250.0,136850.0,10600044,2,0,4,0,0,0,0,136850.0,565250.0
1735,60,45,565350.0,136850.0,10600045,1,0,3,0,0,0,0,136850.0,565350.0
1736,60,46,565450.0,136850.0,10600046,1,0,3,0,0,0,0,136850.0,565450.0
1737,60,47,565550.0,136850.0,10600047,0,0,2,0,0,0,0,136850.0,565550.0
1738,60,48,565650.0,136850.0,10600048,0,0,2,0,0,0,0,136850.0,565650.0
1739,60,49,565750.0,136850.0,10600049,0,0,1,0,0,0,0,136850.0,565750.0
1740,60,50,565850.0,136850.0,10600050,0,0,1,0,0,0,0,136850.0,565850.0
1741,60,51,565950.0,136850.0,10600051,0,0,1,0,0,0,0,136850.0,565950.0
1742,60,52,566050.0,136850.0,10600052,0,0,1,0,0,0,0,136850.0,566050.0
1743,60,53,566150.0,136850.0,10600053,0,0,1,0,0,0,0,136850.0,566150.0
1744,60,54,566250.0,136850.0,10600054,0,0,1,0,0,0,0,136850.0,566250.0
1745,60,55,566350.0,136850.0,10600055,0,0,2,0,0,0,0,136850.0,566350.0
1746,60,56,566450.0,136850.0,10600056,1,0,2,0,0,0,0,136850.0,566450.0
1747,60,57,566550.0,136850.0,10600057,0,0,1,0,0,0,0,136850.0,566550.0
1748,60,58,566650.0,136850.0,10600058,0,0,1,0,0,0,0,136850.0,566650.0
1749,60,59,566750.0,136850.0,10600059,0,1,0,0,0,0,0,136850.0,566750.0
1750,60,60,566850.0,136850.0,10600060,0,2,0,0,0,0,0,136850.0,566850.0
1751,60,61,566950.0,136850.0,10600061,0,3,0,0,0,0,0,136850.0,566950.0
1752,60,62,567050.0,136850.0,10600062,0,2,0,0,0,0,0,136850.0,567050.0
1753,60,63,567150.0,136850.0,10600063,0,1,0,0,0,0,0,136850.0,567150.0
1754,60,64,567250.0,136850.0,10600064,0,1,0,0,0,0,0,136850.0,567250.0
1755,60,65,567350.0,136850.0,10600065,0,0,0,0,0,0,0,136850.0,567350.0
1756,60,66,567450.0,136850.0,10600066,0,0,1,1,0,0,0,136850.0,567450.0
1757,60,67,567550.0,136850.0,10600067,0,1,1,1,0,0,0,136850.0,567550.0
1758,60,68,567650.0,136850.0,10600068,1,2,1,1,0,0,0,136850.0,567650.0
1759,60,69,567750.0,136850.0,10600069,1,3,1,0,0,0,0,136850.0,567750.0
1760,60,70,567850.0,136850.0,10600070,1,2,1,1,0,0,0,136850.0,567850.0
1761,60,71,567950.0,136850.0,10600071,2,2,1,2,0,0,0,136850.0,567950.0
1762,60,72,568050.0,136850.0,10600072,2,2,1,4,0,0,0,136850.0,568050.0
1763,60,73,568150.0,136850.0,10600073,2,2,1,3,0,0,0,136850.0,568150.0
1764,60,74,568250.0,136850.0,10600074,2,2,1,2,0,0,0,136850.0,568250.0
1765,60,75,568350.0,136850.0,10600075,1,2,1,1,0,0,0,136850.0,568350.0
1766,60,76,568450.0,136850.0,10600076,1,2,1,0,0,0,0,136850.0,568450.0
1767,60,77,568550.0,136850.0,10600077,0,1,0,0,0,0,0,136850.0,568550.0
1768,60,78,568650.0,136850.0,10600078,0,0,0,0,0,0,0,136850.0,568650.0
1769,60,79,568750.0,136850.0,10600079,0,0,0,0,0,0,0,136850.0,568750.0
1770,60,80,568850.0,136850.0,10600080,0,0,0,0,0,0,0,136850.0,568850.0
1771,60,81,568950.0,136850.0,10600081,1,0,1,0,0,0,0,136850.0,568950.0
1772,60,82,569050.0,136850.0,10600082,1,0,1,0,0,0,0,136850.0,569050.0
1773,60,83,569150.0,136850.0,10600083,2,0,1,0,0,0,0,136850.0,569150.0
1774,60,84,569250.0,136850.0,10600084,2,0,1,0,0,0,0,136850.0,569250.0
1775,60,85,569350.0,136850.0,10600085,2,0,1,0,0,0,0,136850.0,569350.0
1776,60,86,569450.0,136850.0,10600086,3,0,1,0,0,0,0,136850.0,569450.0
1777,60,87,569550.0,136850.0,10600087,3,0,1,0,0,0,0,136850.0,569550.0
1778,60,88,569650.0,136850.0,10600088,3,0,1,0,0,0,0,136850.0,569650.0
1779,60,89,569750.0,136850.0,10600089,3,0,2,0,0,0,0,136850.0,569750.0
1780,60,90,569850.0,136850.0,10600090,2,0,2,0,0,0,0,136850.0,569850.0
1781,60,91,569950.0,136850.0,10600091,2,0,2,0,0,0,0,136850.0,569950.0
1782,60,92,570050.0,136850.0,10600092,1,0,2,0,0,0,0,136850.0,570050.0
1783,60,93,570150.0,136850.0,10600093,1,0,2,0,0,0,0,136850.0,570150.0
1784,60,94,570250.0,136850.0,10600094,0,0,3,0,0,0,0,136850.0,570250.0
1785,60,95,570350.0,136850.0,10600095,0,0,3,0,0,0,0,136850.0,570350.0
1786,60,96,570450.0,136850.0,10600096,0,0,3,0,0,0,0,136850.0,570450.0
1787,60,97,570550.0,136850.0,10600097,0,0,3,0,0,0,0,136850.0,570550.0
1788,60,98,570650.0,136850.0,10600098,1,0,4,0,0,0,0,136850.0,570650.0
1789,60,99,570750.0,136850.0,10600099,1,0,4,0,0,0,0,136850.0,570750.0
1790,60,100,570850.0,136850.0,10600100,2,0,4,0,0,0,0,136850.0,570850.0
1791,60,101,570950.0,136850.0,10600101,2,0,3,0,0,0,0,136850.0,570950.0
1792,60,102,571050.0,136850.0,10600102,3,0,3,0,0,0,0,136850.0,571050.0
1793,60,103,571150.0,136850.0,10600103,3,0,3,0,0,0,0,136850.0,571150.0
1794,60,104,571250.0,136850.0,10600104,3,0,3,0,0,0,0,136850.0,571250.0
1795,60,105,571350.0,136850.0,10600105,2,0,2,0,0,0,0,136850.0,571350.0
1796,60,106,571450.0,136850.0,10600106,2,0,2,0,0,0,0,136850.0,571450.0
1797,60,107,571550.0,136850.0,10600107,3,0,2,0,0,0,0,136850.0,571550.0
1798,60,108,571650.0,136850.0,10600108,3,0,3,0,0,0,0,136850.0,571650.0
1799,60,109,571750.0,136850.0,10600109,3,0,3,0,0,0,0,136850.0,571750.0
1800,60,110,571850.0,136850.0,10600110,3,0,3,0,0,0,0,136850.0,571850.0
1801,60,111,571950.0,136850.0,10600111,3,0,3,0,0,0,0,136850.0,571950.0
1802,60,112,572050.0,136850.0,10600112,4,0,4,0,0,0,0,136850.0,572050.0
1803,60,113,572150.0,136850.0,10600113,4,0,4,0,0,0,0,136850.0,572150.0
1804,61,32,564050.0,136750.0,10610032,4,0,4,0,0,0,0,136750.0,564050.0
1805,61,33,564150.0,136750.0,10610033,4,0,4,0,0,0,0,136750.0,564150.0
1806,61,34,564250.0,136750.0,10610034,4,0,4,0,0,0,0,136750.0,564250.0
1807,61,35,564350.0,136750.0,10610035,4,0,4,0,0,0,0,136750.0,564350.0
1808,61,36,564450.0,136750.0,10610036,4,0,4,0,0,0,0,136750.0,564450.0
1809,61,37,564550.0,136750.0,10610037,4,0,4,0,0,0,0,136750.0,564550.0
1810,61,38,564650.0,136750.0,10610038,4,0,4,0,0,0,0,136750.0,564650.0
1811,61,39,564750.0,136750.0,10610039,4,0,4,0,0,0,0,136750.0,564750.0
1812,61,40,564850.0,136750.0,10610040,4,0,4,0,0,0,0,136750.0,564850.0
1813,61,41,564950.0,136750.0,10610041,4,0,4,0,0,0,0,136750.0,564950.0
1814,61,42,565050.0,136750.0,10610042,3,0,4,0,0,0,0,136750.0,565050.0
1815,61,43,565150.0,136750.0,10610043,3,0,4,0,0,0,0,136750.0,565150.0
1816,61,44,565250.0,136750.0,10610044,2,0,3,0,0,0,0,136750.0,565250.0
1817,61,45,565350.0,136750.0,10610045,2,0,3,0,0,0,0,136750.0,565350.0
1818,61,46,565450.0,136750.0,10610046,1,0,2,0,0,0,0,136750.0,565450.0
1819,61,47,565550.0,136750.0,10610047,1,0,2,0,0,0,0,136750.0,565550.0
1820,61,48,565650.0,136750.0,10610048,0,0,1,0,0,0,0,136750.0,565650.0
1821,61,49,565750.0,136750.0,10610049,0,0,1,0,0,0,0,136750.0,565750.0
1822,61,50,565850.0,136750.0,10610050,0,0,1,0,0,0,0,136750.0,565850.0
1823,61,51,565950.0,136750.0,10610051,0,0,0,0,0,0,0,136750.0,565950.0
1824,61,52,566050.0,136750.0,10610052,0,0,0,0,0,0,0,136750.0,566050.0
1825,61,53,566150.0,136750.0,10610053,0,0,0,0,0,0,0,136750.0,566150.0
1826,61,54,566250.0,136750.0,10610054,0,0,1,0,0,0,0,136750.0,566250.0
1827,61,55,566350.0,136750.0,10610055,0,0,1,0,0,0,0,136750.0,566350.0
1828,61,56,566450.0,136750.0,10610056,1,0,2,0,0,0,0,136750.0,566450.0
1829,61,57,566550.0,136750.0,10610057,0,0,1,0,0,0,0,136750.0,566550.0
1830,61,58,566650.0,136750.0,10610058,0,0,1,0,0,0,0,136750.0,566650.0
1831,61,59,566750.0,136750.0,10610059,0,1,0,0,0,0,0,136750.0,566750.0
1832,61,60,566850.0,136750.0,10610060,0,2,0,0,1,4,0,136750.0,566850.0
1833,61,61,566950.0,136750.0,10610061,0,4,0,0,1,3,0,136750.0,566950.0
1834,61,62,567050.0,136750.0,10610062,0,3,0,0,0,2,0,136750.0,567050.0
1835,61,63,567150.0,136750.0,10610063,0,2,1,0,0,0,0,136750.0,567150.0
1836,61,64,567250.0,136750.0,10610064,0,1,1,0,0,0,0,136750.0,567250.0
1837,61,65,567350.0,136750.0,10610065,0,1,1,1,0,0,0,136750.0,567350.0
1838,61,66,567450.0,136750.0,10610066,0,1,1,1,0,0,0,136750.0,567450.0
1839,61,67,567550.0,136750.0,10610067,0,1,1,2,0,0,0,136750.0,567550.0
1840,61,68,567650.0,136750.0,10610068,1,2,1,2,0,0,0,136750.0,567650.0
1841,61,69,567750.0,136750.0,10610069,1,4,1,1,0,0,0,136750.0,567750.0
1842,61,70,567850.0,136750.0,10610070,2,3,1,1,0,0,0,136750.0,567850.0
1843,61,71,567950.0,136750.0,10610071,2,2,1,2,0,0,0,136750.0,567950.0
1844,61,72,568050.0,136750.0,10610072,3,3,0,2,0,0,0,136750.0,568050.0
1845,61,73,568150.0,136750.0,10610073,2,3,0,2,0,0,0,136750.0,568150.0
1846,61,74,568250.0,136750.0,10610074,2,2,0,1,0,0,0,136750.0,568250.0
1847,61,75,568350.0,136750.0,10610075,1,2,1,0,0,0,0,136750.0,568350.0
1848,61,76,568450.0,136750.0,10610076,1,2,1,0,0,0,0,136750.0,568450.0
1849,61,77,568550.0,136750.0,10610077,0,1,0,0,0,0,0,136750.0,568550.0
1850,61,78,568650.0,136750.0,10610078,0,0,0,0,0,0,0,136750.0,568650.0
1851,61,79,568750.0,136750.0,10610079,0,0,0,0,0,0,0,136750.0,568750.0
1852,61,80,568850.0,136750.0,10610080,0,0,0,0,0,0,0,136750.0,568850.0
1853,61,81,568950.0,136750.0,10610081,1,0,1,0,0,0,0,136750.0,568950.0
1854,61,82,569050.0,136750.0,10610082,1,0,1,0,0,0,0,136750.0,569050.0
1855,61,83,569150.0,136750.0,10610083,1,0,2,0,0,0,0,136750.0,569150.0
1856,61,84,569250.0,136750.0,10610084,1,0,2,0,0,0,0,136750.0,569250.0
1857,61,85,569350.0,136750.0,10610085,2,0,1,0,0,0,0,136750.0,569350.0
1858,61,86,569450.0,136750.0,10610086,2,0,1,0,0,0,0,136750.0,569450.0
1859,61,87,569550.0,136750.0,10610087,3,0,1,0,0,0,0,136750.0,569550.0
1860,61,88,569650.0,136750.0,10610088,3,0,2,0,0,0,0,136750.0,569650.0
1861,61,89,569750.0,136750.0,10610089,3,0,2,0,0,0,0,136750.0,569750.0
1862,61,90,569850.0,136750.0,10610090,2,0,2,0,0,0,0,136750.0,569850.0
1863,61,91,569950.0,136750.0,10610091,2,0,3,0,0,0,0,136750.0,569950.0
1864,61,92,570050.0,136750.0,10610092,1,0,3,0,0,0,0,136750.0,570050.0
1865,61,93,570150.0,136750.0,10610093,1,0,3,0,0,0,0,136750.0,570150.0
1866,61,94,570250.0,136750.0,10610094,1,0,3,0,0,0,0,136750.0,570250.0
1867,61,95,570350.0,136750.0,10610095,0,0,3,0,0,0,0,136750.0,570350.0
1868,61,96,570450.0,136750.0,10610096,0,0,3,0,0,0,0,136750.0,570450.0
1869,61,97,570550.0,136750.0,10610097,1,0,4,0,0,0,0,136750.0,570550.0
1870,61,98,570650.0,136750.0,10610098,1,0,4,0,0,0,0,136750.0,570650.0
1871,61,99,570750.0,136750.0,10610099,1,0,4,0,0,0,0,136750.0,570750.0
1872,61,100,570850.0,136750.0,10610100,2,0,4,0,0,0,0,136750.0,570850.0
1873,61,101,570950.0,136750.0,10610101,2,0,4,0,0,0,0,136750.0,570950.0
1874,61,102,571050.0,136750.0,10610102,3,0,3,0,0,0,0,136750.0,571050.0
1875,61,103,571150.0,136750.0,10610103,3,0,3,0,0,0,0,136750.0,571150.0
1876,61,104,571250.0,136750.0,10610104,3,0,3,0,0,0,0,136750.0,571250.0
1877,61,105,571350.0,136750.0,10610105,3,0,3,0,0,0,0,136750.0,571350.0
1878,61,106,571450.0,136750.0,10610106,3,0,3,0,0,0,0,136750.0,571450.0
1879,61,107,571550.0,136750.0,10610107,3,0,3,0,0,0,0,136750.0,571550.0
1880,61,108,571650.0,136750.0,10610108,3,0,3,0,0,0,0,136750.0,571650.0
1881,61,109,571750.0,136750.0,10610109,3,0,3,0,0,0,0,136750.0,571750.0
1882,61,110,571850.0,136750.0,10610110,4,0,3,0,0,0,0,136750.0,571850.0
1883,61,111,571950.0,136750.0,10610111,4,0,4,0,0,0,0,136750.0,571950.0
1884,61,112,572050.0,136750.0,10610112,4,0,4,0,0,0,0,136750.0,572050.0
1885,61,113,572150.0,136750.0,10610113,4,0,4,0,0,0,0,136750.0,572150.0
1886,62,32,564050.0,136650.0,10620032,4,0,4,0,0,0,0,136650.0,564050.0
1887,62,33,564150.0,136650.0,10620033,4,0,4,0,0,0,0,136650.0,564150.0
1888,62,34,564250.0,136650.0,10620034,4,0,4,0,0,0,0,136650.0,564250.0
1889,62,35,564350.0,136650.0,10620035,4,0,4,0,0,0,0,136650.0,564350.0
1890,62,36,564450.0,136650.0,10620036,4,0,4,0,0,0,0,136650.0,564450.0
1891,62,37,564550.0,136650.0,10620037,4,0,4,0,0,0,0,136650.0,564550.0
1892,62,38,564650.0,136650.0,10620038,4,0,4,0,0,0,0,136650.0,564650.0
1893,62,39,564750.0,136650.0,10620039,4,0,4,0,0,0,0,136650.0,564750.0
1894,62,40,564850.0,136650.0,10620040,4,0,4,0,0,0,0,136650.0,564850.0
1895,62,41,564950.0,136650.0,10620041,4,0,4,0,0,0,0,136650.0,564950.0
1896,62,42,565050.0,136650.0,10620042,3,0,4,0,0,0,0,136650.0,565050.0
1897,62,43,565150.0,136650.0,10620043,3,0,4,0,0,0,0,136650.0,565150.0
1898,62,44,565250.0,136650.0,10620044,2,0,3,0,0,0,0,136650.0,565250.0
1899,62,45,565350.0,136650.0,10620045,2,0,3,0,0,0,0,136650.0,565350.0
1900,62,46,565450.0,136650.0,10620046,1,0,2,0,0,0,0,136650.0,565450.0
1901,62,47,565550.0,136650.0,10620047,1,0,2,0,0,0,0,136650.0,565550.0
1902,62,48,565650.0,136650.0,10620048,1,0,1,0,0,0,0,136650.0,565650.0
1903,62,49,565750.0,136650.0,10620049,1,0,1,0,0,0,0,136650.0,565750.0
1904,62,50,565850.0,136650.0,10620050,0,0,0,0,0,0,0,136650.0,565850.0
1905,62,51,565950.0,136650.0,10620051,0,0,0,0,0,0,0,136650.0,565950.0
1906,62,52,566050.0,136650.0,10620052,0,0,0,0,0,0,0,136650.0,566050.0
1907,62,53,566150.0,136650.0,10620053,0,0,0,0,0,0,0,136650.0,566150.0
1908,62,54,566250.0,136650.0,10620054,0,0,1,0,0,0,0,136650.0,566250.0
1909,62,55,566350.0,136650.0,10620055,1,0,1,0,0,0,0,136650.0,566350.0
1910,62,56,566450.0,136650.0,10620056,1,0,2,0,0,0,0,136650.0,566450.0
1911,62,57,566550.0,136650.0,10620057,0,0,1,0,0,0,0,136650.0,566550.0
1912,62,58,566650.0,136650.0,10620058,0,0,1,0,0,0,0,136650.0,566650.0
1913,62,59,566750.0,136650.0,10620059,0,1,1,0,0,0,0,136650.0,566750.0
1914,62,60,566850.0,136650.0,10620060,0,2,0,0,2,0,0,136650.0,566850.0
1915,62,61,566950.0,136650.0,10620061,0,2,1,0,1,2,0,136650.0,566950.0
1916,62,62,567050.0,136650.0,10620062,0,2,1,0,1,2,0,136650.0,567050.0
1917,62,63,567150.0,136650.0,10620063,0,1,1,0,0,2,0,136650.0,567150.0
1918,62,64,567250.0,136650.0,10620064,0,2,1,0,0,1,0,136650.0,567250.0
1919,62,65,567350.0,136650.0,10620065,0,2,1,1,0,0,0,136650.0,567350.0
1920,62,66,567450.0,136650.0,10620066,0,2,1,2,0,0,0,136650.0,567450.0
1921,62,67,567550.0,136650.0,10620067,1,1,0,3,0,0,0,136650.0,567550.0
1922,62,68,567650.0,136650.0,10620068,1,2,0,2,0,0,0,136650.0,567650.0
1923,62,69,567750.0,136650.0,10620069,1,2,1,2,0,0,0,136650.0,567750.0
1924,62,70,567850.0,136650.0,10620070,2,2,1,2,0,0,0,136650.0,567850.0
1925,62,71,567950.0,136650.0,10620071,2,2,0,1,0,0,0,136650.0,567950.0
1926,62,72,568050.0,136650.0,10620072,3,3,0,2,0,0,0,136650.0,568050.0
1927,62,73,568150.0,136650.0,10620073,2,3,0,2,0,0,0,136650.0,568150.0
1928,62,74,568250.0,136650.0,10620074,2,3,0,2,0,0,0,136650.0,568250.0
1929,62,75,568350.0,136650.0,10620075,1,3,1,1,0,0,0,136650.0,568350.0
1930,62,76,568450.0,136650.0,10620076,1,2,1,0,0,0,0,136650.0,568450.0
1931,62,77,568550.0,136650.0,10620077,0,1,1,0,0,0,0,136650.0,568550.0
1932,62,78,568650.0,136650.0,10620078,0,0,0,0,0,0,0,136650.0,568650.0
1933,62,79,568750.0,136650.0,10620079,0,0,0,0,0,0,0,136650.0,568750.0
1934,62,80,568850.0,136650.0,10620080,0,0,1,0,0,0,0,136650.0,568850.0
1935,62,81,568950.0,136650.0,10620081,0,0,1,0,0,0,0,136650.0,568950.0
1936,62,82,569050.0,136650.0,10620082,0,0,2,0,0,0,0,136650.0,569050.0
1937,62,83,569150.0,136650.0,10620083,1,0,2,0,0,0,0,136650.0,569150.0
1938,62,84,569250.0,136650.0,10620084,1,0,2,0,0,0,0,136650.0,569250.0
1939,62,85,569350.0,136650.0,10620085,2,0,2,0,0,0,0,136650.0,569350.0
1940,62,86,569450.0,136650.0,10620086,2,0,2,0,0,0,0,136650.0,569450.0
1941,62,87,569550.0,136650.0,10620087,3,0,2,0,0,0,0,136650.0,569550.0
1942,62,88,569650.0,136650.0,10620088,3,0,2,0,0,0,0,136650.0,569650.0
1943,62,89,569750.0,136650.0,10620089,3,0,2,0,0,0,0,136650.0,569750.0
1944,62,90,569850.0,136650.0,10620090,2,0,3,0,0,0,0,136650.0,569850.0
1945,62,91,569950.0,136650.0,10620091,2,0,3,0,0,0,0,136650.0,569950.0
1946,62,92,570050.0,136650.0,10620092,2,0,3,0,0,0,0,136650.0,570050.0
1947,62,93,570150.0,136650.0,10620093,1,0,3,0,0,0,0,136650.0,570150.0
1948,62,94,570250.0,136650.0,10620094,1,0,3,0,0,0,0,136650.0,570250.0
1949,62,95,570350.0,136650.0,10620095,1,0,4,0,0,0,0,136650.0,570350.0
1950,62,96,570450.0,136650.0,10620096,1,0,4,0,0,0,0,136650.0,570450.0
1951,62,97,570550.0,136650.0,10620097,1,0,4,0,0,0,0,136650.0,570550.0
1952,62,98,570650.0,136650.0,10620098,1,0,4,0,0,0,0,136650.0,570650.0
1953,62,99,570750.0,136650.0,10620099,2,0,4,0,0,0,0,136650.0,570750.0
1954,62,100,570850.0,136650.0,10620100,2,0,4,0,0,0,0,136650.0,570850.0
1955,62,101,570950.0,136650.0,10620101,3,0,4,0,0,0,0,136650.0,570950.0
1956,62,102,571050.0,136650.0,10620102,3,0,4,0,0,0,0,136650.0,571050.0
1957,62,103,571150.0,136650.0,10620103,3,0,4,0,0,0,0,136650.0,571150.0
1958,62,104,571250.0,136650.0,10620104,4,0,4,0,0,0,0,136650.0,571250.0
1959,62,105,571350.0,136650.0,10620105,3,0,3,0,0,0,0,136650.0,571350.0
1960,62,106,571450.0,136650.0,10620106,3,0,3,0,0,0,0,136650.0,571450.0
1961,62,107,571550.0,136650.0,10620107,4,0,3,0,0,0,0,136650.0,571550.0
1962,62,108,571650.0,136650.0,10620108,4,0,4,0,0,0,0,136650.0,571650.0
1963,62,109,571750.0,136650.0,10620109,4,0,4,0,0,0,0,136650.0,571750.0
1964,62,110,571850.0,136650.0,10620110,4,0,4,0,0,0,0,136650.0,571850.0
1965,62,111,571950.0,136650.0,10620111,4,0,4,0,0,0,0,136650.0,571950.0
1966,62,112,572050.0,136650.0,10620112,4,0,4,0,0,0,0,136650.0,572050.0
1967,62,113,572150.0,136650.0,10620113,4,0,4,0,0,0,0,136650.0,572150.0
1968,63,32,564050.0,136550.0,10630032,4,0,4,0,0,0,0,136550.0,564050.0
1969,63,33,564150.0,136550.0,10630033,4,0,4,0,0,0,0,136550.0,564150.0
1970,63,34,564250.0,136550.0,10630034,4,0,4,0,0,0,0,136550.0,564250.0
1971,63,35,564350.0,136550.0,10630035,4,0,4,0,0,0,0,136550.0,564350.0
1972,63,36,564450.0,136550.0,10630036,4,0,4,0,0,0,0,136550.0,564450.0
1973,63,37,564550.0,136550.0,10630037,4,0,4,0,0,0,0,136550.0,564550.0
1974,63,38,564650.0,136550.0,10630038,4,0,4,0,0,0,0,136550.0,564650.0
1975,63,39,564750.0,136550.0,10630039,4,0,4,0,0,0,0,136550.0,564750.0
1976,63,40,564850.0,136550.0,10630040,4,0,4,0,0,0,0,136550.0,564850.0
1977,63,41,564950.0,136550.0,10630041,4,0,4,0,0,0,0,136550.0,564950.0
1978,63,42,565050.0,136550.0,10630042,3,0,4,0,0,0,0,136550.0,565050.0
1979,63,43,565150.0,136550.0,10630043,3,0,4,0,0,0,0,136550.0,565150.0
1980,63,44,565250.0,136550.0,10630044,2,0,3,0,0,0,0,136550.0,565250.0
1981,63,45,565350.0,136550.0,10630045,2,0,3,0,0,0,0,136550.0,565350.0
1982,63,46,565450.0,136550.0,10630046,2,0,2,0,0,0,0,136550.0,565450.0
1983,63,47,565550.0,136550.0,10630047,1,0,2,0,0,0,0,136550.0,565550.0
1984,63,48,565650.0,136550.0,10630048,1,0,1,0,0,0,0,136550.0,565650.0
1985,63,49,565750.0,136550.0,10630049,1,0,1,0,0,0,0,136550.0,565750.0
1986,63,50,565850.0,136550.0,10630050,1,0,0,0,0,0,0,136550.0,565850.0
1987,63,51,565950.0,136550.0,10630051,0,0,0,0,0,0,0,136550.0,565950.0
1988,63,52,566050.0,136550.0,10630052,0,0,0,0,0,0,0,136550.0,566050.0
1989,63,53,566150.0,136550.0,10630053,1,0,0,0,0,0,0,136550.0,566150.0
1990,63,54,566250.0,136550.0,10630054,1,0,1,0,0,0,0,136550.0,566250.0
1991,63,55,566350.0,136550.0,10630055,1,0,1,0,0,0,0,136550.0,566350.0
1992,63,56,566450.0,136550.0,10630056,0,0,2,0,0,0,0,136550.0,566450.0
1993,63,57,566550.0,136550.0,10630057,0,1,2,0,0,0,0,136550.0,566550.0
1994,63,58,566650.0,136550.0,10630058,0,1,1,0,0,0,0,136550.0,566650.0
1995,63,59,566750.0,136550.0,10630059,0,1,1,0,0,0,0,136550.0,566750.0
1996,63,60,566850.0,136550.0,10630060,0,1,1,0,0,0,0,136550.0,566850.0
1997,63,61,566950.0,136550.0,10630061,0,1,1,0,1,0,0,136550.0,566950.0
1998,63,62,567050.0,136550.0,10630062,0,1,1,0,1,0,0,136550.0,567050.0
1999,63,63,567150.0,136550.0,10630063,0,2,1,0,0,1,0,136550.0,567150.0
2000,63,64,567250.0,136550.0,10630064,0,3,1,0,0,1,0,136550.0,567250.0
2001,63,65,567350.0,136550.0,10630065,0,3,1,1,0,1,0,136550.0,567350.0
2002,63,66,567450.0,136550.0,10630066,1,3,0,2,0,0,0,136550.0,567450.0
2003,63,67,567550.0,136550.0,10630067,1,2,0,4,0,0,0,136550.0,567550.0
2004,63,68,567650.0,136550.0,10630068,2,2,0,3,0,0,0,136550.0,567650.0
2005,63,69,567750.0,136550.0,10630069,2,2,0,4,0,0,0,136550.0,567750.0
2006,63,70,567850.0,136550.0,10630070,2,2,1,3,0,0,0,136550.0,567850.0
2007,63,71,567950.0,136550.0,10630071,2,2,0,2,0,0,0,136550.0,567950.0
2008,63,72,568050.0,136550.0,10630072,2,3,0,3,0,0,0,136550.0,568050.0
2009,63,73,568150.0,136550.0,10630073,2,2,0,4,0,0,0,136550.0,568150.0
2010,63,74,568250.0,136550.0,10630074,2,3,0,2,0,0,0,136550.0,568250.0
2011,63,75,568350.0,136550.0,10630075,2,3,1,1,0,0,0,136550.0,568350.0
2012,63,76,568450.0,136550.0,10630076,1,2,1,0,0,0,0,136550.0,568450.0
2013,63,77,568550.0,136550.0,10630077,1,1,1,0,0,0,0,136550.0,568550.0
2014,63,78,568650.0,136550.0,10630078,1,0,1,0,0,0,0,136550.0,568650.0
2015,63,79,568750.0,136550.0,10630079,1,0,1,0,0,0,0,136550.0,568750.0
2016,63,80,568850.0,136550.0,10630080,0,0,1,0,0,0,0,136550.0,568850.0
2017,63,81,568950.0,136550.0,10630081,0,0,1,0,0,0,0,136550.0,568950.0
2018,63,82,569050.0,136550.0,10630082,0,0,2,0,0,0,0,136550.0,569050.0
2019,63,83,569150.0,136550.0,10630083,0,0,2,0,0,0,0,136550.0,569150.0
2020,63,84,569250.0,136550.0,10630084,1,0,3,0,0,0,0,136550.0,569250.0
2021,63,85,569350.0,136550.0,10630085,1,0,2,0,0,0,0,136550.0,569350.0
2022,63,86,569450.0,136550.0,10630086,2,0,2,0,0,0,0,136550.0,569450.0
2023,63,87,569550.0,136550.0,10630087,2,0,2,0,0,0,0,136550.0,569550.0
2024,63,88,569650.0,136550.0,10630088,3,0,3,0,0,0,0,136550.0,569650.0
2025,63,89,569750.0,136550.0,10630089,3,0,3,0,0,0,0,136550.0,569750.0
2026,63,90,569850.0,136550.0,10630090,3,0,3,0,0,0,0,136550.0,569850.0
2027,63,91,569950.0,136550.0,10630091,2,0,3,0,0,0,0,136550.0,569950.0
2028,63,92,570050.0,136550.0,10630092,2,0,4,0,0,0,0,136550.0,570050.0
2029,63,93,570150.0,136550.0,10630093,2,0,4,0,0,0,0,136550.0,570150.0
2030,63,94,570250.0,136550.0,10630094,1,0,4,0,0,0,0,136550.0,570250.0
2031,63,95,570350.0,136550.0,10630095,1,0,4,0,0,0,0,136550.0,570350.0
2032,63,96,570450.0,136550.0,10630096,1,0,4,0,0,0,0,136550.0,570450.0
2033,63,97,570550.0,136550.0,10630097,1,0,4,0,0,0,0,136550.0,570550.0
2034,63,98,570650.0,136550.0,10630098,2,0,4,0,0,0,0,136550.0,570650.0
2035,63,99,570750.0,136550.0,10630099,2,0,4,0,0,0,0,136550.0,570750.0
2036,63,100,570850.0,136550.0,10630100,2,0,4,0,0,0,0,136550.0,570850.0
2037,63,101,570950.0,136550.0,10630101,3,0,4,0,0,0,0,136550.0,570950.0
2038,63,102,571050.0,136550.0,10630102,3,0,4,0,0,0,0,136550.0,571050.0
2039,63,103,571150.0,136550.0,10630103,3,0,4,0,0,0,0,136550.0,571150.0
2040,63,104,571250.0,136550.0,10630104,3,0,4,0,0,0,0,136550.0,571250.0
2041,63,105,571350.0,136550.0,10630105,4,0,4,0,0,0,0,136550.0,571350.0
2042,63,106,571450.0,136550.0,10630106,4,0,4,0,0,0,0,136550.0,571450.0
2043,63,107,571550.0,136550.0,10630107,4,0,4,0,0,0,0,136550.0,571550.0
2044,63,108,571650.0,136550.0,10630108,4,0,4,0,0,0,0,136550.0,571650.0
2045,63,109,571750.0,136550.0,10630109,4,0,4,0,0,0,0,136550.0,571750.0
2046,63,110,571850.0,136550.0,10630110,4,0,4,0,0,0,0,136550.0,571850.0
2047,63,111,571950.0,136550.0,10630111,4,0,4,0,0,0,0,136550.0,571950.0
2048,63,112,572050.0,136550.0,10630112,4,0,4,0,0,0,0,136550.0,572050.0
2049,63,113,572150.0,136550.0,10630113,4,0,4,0,0,0,0,136550.0,572150.0
2050,64,32,564050.0,136450.0,10640032,4,0,4,0,0,0,0,136450.0,564050.0
2051,64,33,564150.0,136450.0,10640033,4,0,4,0,0,0,0,136450.0,564150.0
2052,64,34,564250.0,136450.0,10640034,4,0,4,0,0,0,0,136450.0,564250.0
2053,64,35,564350.0,136450.0,10640035,4,0,4,0,0,0,0,136450.0,564350.0
2054,64,36,564450.0,136450.0,10640036,4,0,4,0,0,0,0,136450.0,564450.0
2055,64,37,564550.0,136450.0,10640037,4,0,4,0,0,0,0,136450.0,564550.0
2056,64,38,564650.0,136450.0,10640038,4,0,4,0,0,0,0,136450.0,564650.0
2057,64,39,564750.0,136450.0,10640039,4,0,4,0,0,0,0,136450.0,564750.0
2058,64,40,564850.0,136450.0,10640040,4,0,4,0,0,0,0,136450.0,564850.0
2059,64,41,564950.0,136450.0,10640041,4,0,4,0,0,0,0,136450.0,564950.0
2060,64,42,565050.0,136450.0,10640042,4,0,4,0,0,0,0,136450.0,565050.0
2061,64,43,565150.0,136450.0,10640043,3,0,4,0,0,0,0,136450.0,565150.0
2062,64,44,565250.0,136450.0,10640044,3,0,3,0,0,0,0,136450.0,565250.0
2063,64,45,565350.0,136450.0,10640045,2,0,3,0,0,0,0,136450.0,565350.0
2064,64,46,565450.0,136450.0,10640046,2,0,2,0,0,0,0,136450.0,565450.0
2065,64,47,565550.0,136450.0,10640047,2,0,2,0,0,0,0,136450.0,565550.0
2066,64,48,565650.0,136450.0,10640048,2,0,2,0,0,0,0,136450.0,565650.0
2067,64,49,565750.0,136450.0,10640049,1,0,1,0,0,0,0,136450.0,565750.0
2068,64,50,565850.0,136450.0,10640050,1,0,1,0,0,0,0,136450.0,565850.0
2069,64,51,565950.0,136450.0,10640051,1,0,0,0,0,0,0,136450.0,565950.0
2070,64,52,566050.0,136450.0,10640052,1,0,0,0,0,0,0,136450.0,566050.0
2071,64,53,566150.0,136450.0,10640053,1,0,1,0,0,0,0,136450.0,566150.0
2072,64,54,566250.0,136450.0,10640054,1,0,1,0,0,0,0,136450.0,566250.0
2073,64,55,566350.0,136450.0,10640055,1,0,1,0,0,0,0,136450.0,566350.0
2074,64,56,566450.0,136450.0,10640056,0,1,2,0,0,0,0,136450.0,566450.0
2075,64,57,566550.0,136450.0,10640057,0,2,2,0,0,0,0,136450.0,566550.0
2076,64,58,566650.0,136450.0,10640058,0,2,2,0,0,0,0,136450.0,566650.0
2077,64,59,566750.0,136450.0,10640059,0,2,2,0,2,0,0,136450.0,566750.0
2078,64,60,566850.0,136450.0,10640060,0,2,1,0,1,0,0,136450.0,566850.0
2079,64,61,566950.0,136450.0,10640061,0,2,2,0,1,0,0,136450.0,566950.0
2080,64,62,567050.0,136450.0,10640062,0,1,2,0,0,0,0,136450.0,567050.0
2081,64,63,567150.0,136450.0,10640063,0,2,2,0,1,0,0,136450.0,567150.0
2082,64,64,567250.0,136450.0,10640064,0,3,1,0,0,0,0,136450.0,567250.0
2083,64,65,567350.0,136450.0,10640065,1,3,1,1,0,0,0,136450.0,567350.0
2084,64,66,567450.0,136450.0,10640066,1,4,0,2,0,0,0,136450.0,567450.0
2085,64,67,567550.0,136450.0,10640067,1,3,0,2,0,0,0,136450.0,567550.0
2086,64,68,567650.0,136450.0,10640068,2,2,0,2,0,0,0,136450.0,567650.0
2087,64,69,567750.0,136450.0,10640069,2,3,0,3,0,0,0,136450.0,567750.0
2088,64,70,567850.0,136450.0,10640070,2,3,1,2,0,0,0,136450.0,567850.0
2089,64,71,567950.0,136450.0,10640071,2,4,1,2,0,0,0,136450.0,567950.0
2090,64,72,568050.0,136450.0,10640072,2,4,0,2,0,0,0,136450.0,568050.0
2091,64,73,568150.0,136450.0,10640073,2,2,0,3,0,0,0,136450.0,568150.0
2092,64,74,568250.0,136450.0,10640074,2,2,0,2,0,0,0,136450.0,568250.0
2093,64,75,568350.0,136450.0,10640075,2,3,1,1,0,0,0,136450.0,568350.0
2094,64,76,568450.0,136450.0,10640076,2,2,1,0,0,0,0,136450.0,568450.0
2095,64,77,568550.0,136450.0,10640077,1,1,1,0,0,0,0,136450.0,568550.0
2096,64,78,568650.0,136450.0,10640078,1,0,1,0,0,0,0,136450.0,568650.0
2097,64,79,568750.0,136450.0,10640079,1,0,1,0,0,0,0,136450.0,568750.0
2098,64,80,568850.0,136450.0,10640080,0,0,2,0,0,0,0,136450.0,568850.0
2099,64,81,568950.0,136450.0,10640081,0,0,2,0,0,0,0,136450.0,568950.0
2100,64,82,569050.0,136450.0,10640082,0,0,2,0,0,0,0,136450.0,569050.0
2101,64,83,569150.0,136450.0,10640083,0,0,3,0,0,0,0,136450.0,569150.0
2102,64,84,569250.0,136450.0,10640084,1,0,3,0,0,0,0,136450.0,569250.0
2103,64,85,569350.0,136450.0,10640085,1,0,3,0,0,0,0,136450.0,569350.0
2104,64,86,569450.0,136450.0,10640086,2,0,3,0,0,0,0,136450.0,569450.0
2105,64,87,569550.0,136450.0,10640087,2,0,3,0,0,0,0,136450.0,569550.0
2106,64,88,569650.0,136450.0,10640088,3,0,3,0,0,0,0,136450.0,569650.0
2107,64,89,569750.0,136450.0,10640089,3,0,3,0,0,0,0,136450.0,569750.0
2108,64,90,569850.0,136450.0,10640090,3,0,4,0,0,0,0,136450.0,569850.0
2109,64,91,569950.0,136450.0,10640091,2,0,4,0,0,0,0,136450.0,569950.0
2110,64,92,570050.0,136450.0,10640092,2,0,4,0,0,0,0,136450.0,570050.0
2111,64,93,570150.0,136450.0,10640093,2,0,4,0,0,0,0,136450.0,570150.0
2112,64,94,570250.0,136450.0,10640094,2,0,4,0,0,0,0,136450.0,570250.0
2113,64,95,570350.0,136450.0,10640095,2,0,4,0,0,0,0,136450.0,570350.0
2114,64,96,570450.0,136450.0,10640096,2,0,4,0,0,0,0,136450.0,570450.0
2115,64,97,570550.0,136450.0,10640097,2,0,4,0,0,0,0,136450.0,570550.0
2116,64,98,570650.0,136450.0,10640098,2,0,4,0,0,0,0,136450.0,570650.0
2117,64,99,570750.0,136450.0,10640099,2,0,4,0,0,0,0,136450.0,570750.0
2118,64,100,570850.0,136450.0,10640100,3,0,4,0,0,0,0,136450.0,570850.0
2119,64,101,570950.0,136450.0,10640101,3,0,4,0,0,0,0,136450.0,570950.0
2120,64,102,571050.0,136450.0,10640102,3,0,4,0,0,0,0,136450.0,571050.0
2121,64,103,571150.0,136450.0,10640103,3,0,4,0,0,0,0,136450.0,571150.0
2122,64,104,571250.0,136450.0,10640104,3,0,4,0,0,0,0,136450.0,571250.0
2123,64,105,571350.0,136450.0,10640105,3,0,4,0,0,0,0,136450.0,571350.0
2124,64,106,571450.0,136450.0,10640106,3,0,4,0,0,0,0,136450.0,571450.0
2125,64,107,571550.0,136450.0,10640107,3,0,4,0,0,0,0,136450.0,571550.0
2126,64,108,571650.0,136450.0,10640108,4,0,4,0,0,0,0,136450.0,571650.0
2127,64,109,571750.0,136450.0,10640109,4,0,4,0,0,0,0,136450.0,571750.0
2128,64,110,571850.0,136450.0,10640110,4,0,4,0,0,0,0,136450.0,571850.0
2129,64,111,571950.0,136450.0,10640111,4,0,4,0,0,0,0,136450.0,571950.0
2130,64,112,572050.0,136450.0,10640112,4,0,4,0,0,0,0,136450.0,572050.0
2131,64,113,572150.0,136450.0,10640113,4,0,4,0,0,0,0,136450.0,572150.0
2132,65,32,564050.0,136350.0,10650032,4,0,4,0,0,0,0,136350.0,564050.0
2133,65,33,564150.0,136350.0,10650033,4,0,4,0,0,0,0,136350.0,564150.0
2134,65,34,564250.0,136350.0,10650034,4,0,4,0,0,0,0,136350.0,564250.0
2135,65,35,564350.0,136350.0,10650035,4,0,4,0,0,0,0,136350.0,564350.0
2136,65,36,564450.0,136350.0,10650036,4,0,4,0,0,0,0,136350.0,564450.0
2137,65,37,564550.0,136350.0,10650037,4,0,4,0,0,0,0,136350.0,564550.0
2138,65,38,564650.0,136350.0,10650038,4,0,4,0,0,0,0,136350.0,564650.0
2139,65,39,564750.0,136350.0,10650039,4,0,4,0,0,0,0,136350.0,564750.0
2140,65,40,564850.0,136350.0,10650040,4,0,4,0,0,0,0,136350.0,564850.0
2141,65,41,564950.0,136350.0,10650041,4,0,4,0,0,0,0,136350.0,564950.0
2142,65,42,565050.0,136350.0,10650042,4,0,4,0,0,0,0,136350.0,565050.0
2143,65,43,565150.0,136350.0,10650043,3,0,4,0,0,0,0,136350.0,565150.0
2144,65,44,565250.0,136350.0,10650044,3,0,4,0,0,0,0,136350.0,565250.0
2145,65,45,565350.0,136350.0,10650045,3,0,3,0,0,0,0,136350.0,565350.0
2146,65,46,565450.0,136350.0,10650046,2,0,3,0,0,0,0,136350.0,565450.0
2147,65,47,565550.0,136350.0,10650047,2,0,2,0,0,0,0,136350.0,565550.0
2148,65,48,565650.0,136350.0,10650048,2,0,2,0,0,0,0,136350.0,565650.0
2149,65,49,565750.0,136350.0,10650049,2,0,1,0,0,0,0,136350.0,565750.0
2150,65,50,565850.0,136350.0,10650050,1,0,1,0,0,0,0,136350.0,565850.0
2151,65,51,565950.0,136350.0,10650051,1,0,1,0,0,0,0,136350.0,565950.0
2152,65,52,566050.0,136350.0,10650052,1,0,1,0,0,0,0,136350.0,566050.0
2153,65,53,566150.0,136350.0,10650053,1,0,1,0,0,0,0,136350.0,566150.0
2154,65,54,566250.0,136350.0,10650054,1,0,1,0,0,0,0,136350.0,566250.0
2155,65,55,566350.0,136350.0,10650055,0,0,2,0,0,0,0,136350.0,566350.0
2156,65,56,566450.0,136350.0,10650056,0,1,2,0,0,0,0,136350.0,566450.0
2157,65,57,566550.0,136350.0,10650057,0,2,2,0,0,0,0,136350.0,566550.0
2158,65,58,566650.0,136350.0,10650058,0,4,2,0,0,0,0,136350.0,566650.0
2159,65,59,566750.0,136350.0,10650059,0,3,2,0,1,0,0,136350.0,566750.0
2160,65,60,566850.0,136350.0,10650060,0,3,2,0,1,0,0,136350.0,566850.0
2161,65,61,566950.0,136350.0,10650061,0,3,2,0,1,0,0,136350.0,566950.0
2162,65,62,567050.0,136350.0,10650062,0,2,2,0,1,0,0,136350.0,567050.0
2163,65,63,567150.0,136350.0,10650063,0,1,2,0,0,0,0,136350.0,567150.0
2164,65,64,567250.0,136350.0,10650064,0,2,1,0,0,0,0,136350.0,567250.0
2165,65,65,567350.0,136350.0,10650065,1,2,1,0,0,0,0,136350.0,567350.0
2166,65,66,567450.0,136350.0,10650066,1,2,0,1,0,0,0,136350.0,567450.0
2167,65,67,567550.0,136350.0,10650067,2,2,0,1,0,0,0,136350.0,567550.0
2168,65,68,567650.0,136350.0,10650068,2,2,0,1,0,0,0,136350.0,567650.0
2169,65,69,567750.0,136350.0,10650069,2,4,0,2,0,0,0,136350.0,567750.0
2170,65,70,567850.0,136350.0,10650070,2,3,1,1,0,0,0,136350.0,567850.0
2171,65,71,567950.0,136350.0,10650071,1,3,1,2,0,0,0,136350.0,567950.0
2172,65,72,568050.0,136350.0,10650072,1,2,1,4,0,0,0,136350.0,568050.0
2173,65,73,568150.0,136350.0,10650073,1,2,1,3,0,0,0,136350.0,568150.0
2174,65,74,568250.0,136350.0,10650074,1,3,1,2,0,0,0,136350.0,568250.0
2175,65,75,568350.0,136350.0,10650075,1,4,1,1,0,0,0,136350.0,568350.0
2176,65,76,568450.0,136350.0,10650076,2,2,2,0,0,0,0,136350.0,568450.0
2177,65,77,568550.0,136350.0,10650077,2,1,2,0,0,0,0,136350.0,568550.0
2178,65,78,568650.0,136350.0,10650078,1,0,2,0,0,0,0,136350.0,568650.0
2179,65,79,568750.0,136350.0,10650079,1,0,2,0,0,0,0,136350.0,568750.0
2180,65,80,568850.0,136350.0,10650080,0,0,2,0,0,0,0,136350.0,568850.0
2181,65,81,568950.0,136350.0,10650081,0,0,2,0,0,0,0,136350.0,568950.0
2182,65,82,569050.0,136350.0,10650082,0,0,2,0,0,0,0,136350.0,569050.0
2183,65,83,569150.0,136350.0,10650083,1,0,3,0,0,0,0,136350.0,569150.0
2184,65,84,569250.0,136350.0,10650084,1,0,3,0,0,0,0,136350.0,569250.0
2185,65,85,569350.0,136350.0,10650085,2,0,3,0,0,0,0,136350.0,569350.0
2186,65,86,569450.0,136350.0,10650086,2,0,3,0,0,0,0,136350.0,569450.0
2187,65,87,569550.0,136350.0,10650087,2,0,3,0,0,0,0,136350.0,569550.0
2188,65,88,569650.0,136350.0,10650088,3,0,4,0,0,0,0,136350.0,569650.0
2189,65,89,569750.0,136350.0,10650089,2,0,4,0,0,0,0,136350.0,569750.0
2190,65,90,569850.0,136350.0,10650090,2,0,4,0,0,0,0,136350.0,569850.0
2191,65,91,569950.0,136350.0,10650091,2,0,4,0,0,0,0,136350.0,569950.0
2192,65,92,570050.0,136350.0,10650092,2,0,4,0,0,0,0,136350.0,570050.0
2193,65,93,570150.0,136350.0,10650093,2,0,4,0,0,0,0,136350.0,570150.0
2194,65,94,570250.0,136350.0,10650094,2,0,4,0,0,0,0,136350.0,570250.0
2195,65,95,570350.0,136350.0,10650095,2,0,4,0,0,0,0,136350.0,570350.0
2196,65,96,570450.0,136350.0,10650096,2,0,4,0,0,0,0,136350.0,570450.0
2197,65,97,570550.0,136350.0,10650097,2,0,4,0,0,0,0,136350.0,570550.0
2198,65,98,570650.0,136350.0,10650098,3,0,4,0,0,0,0,136350.0,570650.0
2199,65,99,570750.0,136350.0,10650099,3,0,4,0,0,0,0,136350.0,570750.0
2200,65,100,570850.0,136350.0,10650100,3,0,4,0,0,0,0,136350.0,570850.0
2201,65,101,570950.0,136350.0,10650101,3,0,4,0,0,0,0,136350.0,570950.0
2202,65,102,571050.0,136350.0,10650102,2,0,4,0,0,0,0,136350.0,571050.0
2203,65,103,571150.0,136350.0,10650103,2,0,4,0,0,0,0,136350.0,571150.0
2204,65,104,571250.0,136350.0,10650104,2,0,4,0,0,0,0,136350.0,571250.0
2205,65,105,571350.0,136350.0,10650105,3,0,4,0,0,0,0,136350.0,571350.0
2206,65,106,571450.0,136350.0,10650106,3,0,4,0,0,0,0,136350.0,571450.0
2207,65,107,571550.0,136350.0,10650107,3,0,4,0,0,0,0,136350.0,571550.0
2208,65,108,571650.0,136350.0,10650108,3,0,4,0,0,0,0,136350.0,571650.0
2209,65,109,571750.0,136350.0,10650109,4,0,4,0,0,0,0,136350.0,571750.0
2210,65,110,571850.0,136350.0,10650110,4,0,4,0,0,0,0,136350.0,571850.0
2211,65,111,571950.0,136350.0,10650111,4,0,4,0,0,0,0,136350.0,571950.0
2212,65,112,572050.0,136350.0,10650112,4,0,4,0,0,0,0,136350.0,572050.0
2213,65,113,572150.0,136350.0,10650113,4,0,4,0,0,0,0,136350.0,572150.0
2214,66,32,564050.0,136250.0,10660032,4,0,4,0,0,0,0,136250.0,564050.0
2215,66,33,564150.0,136250.0,10660033,4,0,4,0,0,0,0,136250.0,564150.0
2216,66,34,564250.0,136250.0,10660034,4,0,4,0,0,0,0,136250.0,564250.0
2217,66,35,564350.0,136250.0,10660035,4,0,4,0,0,0,0,136250.0,564350.0
2218,66,36,564450.0,136250.0,10660036,4,0,4,0,0,0,0,136250.0,564450.0
2219,66,37,564550.0,136250.0,10660037,4,0,4,0,0,0,0,136250.0,564550.0
2220,66,38,564650.0,136250.0,10660038,4,0,4,0,0,0,0,136250.0,564650.0
2221,66,39,564750.0,136250.0,10660039,4,0,4,0,0,0,0,136250.0,564750.0
2222,66,40,564850.0,136250.0,10660040,4,0,4,0,0,0,0,136250.0,564850.0
2223,66,41,564950.0,136250.0,10660041,4,0,4,0,0,0,0,136250.0,564950.0
2224,66,42,565050.0,136250.0,10660042,4,0,4,0,0,0,0,136250.0,565050.0
2225,66,43,565150.0,136250.0,10660043,4,0,4,0,0,0,0,136250.0,565150.0
2226,66,44,565250.0,136250.0,10660044,3,0,4,0,0,0,0,136250.0,565250.0
2227,66,45,565350.0,136250.0,10660045,3,0,3,0,0,0,0,136250.0,565350.0
2228,66,46,565450.0,136250.0,10660046,3,0,3,0,0,0,0,136250.0,565450.0
2229,66,47,565550.0,136250.0,10660047,3,0,2,0,0,0,0,136250.0,565550.0
2230,66,48,565650.0,136250.0,10660048,2,0,2,0,0,0,0,136250.0,565650.0
2231,66,49,565750.0,136250.0,10660049,2,0,2,0,0,0,0,136250.0,565750.0
2232,66,50,565850.0,136250.0,10660050,2,0,1,0,0,0,0,136250.0,565850.0
2233,66,51,565950.0,136250.0,10660051,2,0,1,0,0,0,0,136250.0,565950.0
2234,66,52,566050.0,136250.0,10660052,1,0,1,0,0,0,0,136250.0,566050.0
2235,66,53,566150.0,136250.0,10660053,1,0,1,0,0,0,0,136250.0,566150.0
2236,66,54,566250.0,136250.0,10660054,1,0,2,0,0,0,0,136250.0,566250.0
2237,66,55,566350.0,136250.0,10660055,0,0,2,0,0,0,0,136250.0,566350.0
2238,66,56,566450.0,136250.0,10660056,0,1,2,0,0,0,0,136250.0,566450.0
2239,66,57,566550.0,136250.0,10660057,0,2,2,0,0,0,0,136250.0,566550.0
2240,66,58,566650.0,136250.0,10660058,0,2,3,0,0,0,0,136250.0,566650.0
2241,66,59,566750.0,136250.0,10660059,0,2,2,0,0,4,0,136250.0,566750.0
2242,66,60,566850.0,136250.0,10660060,0,3,2,0,0,3,0,136250.0,566850.0
2243,66,61,566950.0,136250.0,10660061,0,3,2,0,0,2,0,136250.0,566950.0
2244,66,62,567050.0,136250.0,10660062,0,2,2,0,0,0,0,136250.0,567050.0
2245,66,63,567150.0,136250.0,10660063,0,1,1,0,0,0,0,136250.0,567150.0
2246,66,64,567250.0,136250.0,10660064,1,2,1,0,0,0,0,136250.0,567250.0
2247,66,65,567350.0,136250.0,10660065,1,4,1,0,0,0,0,136250.0,567350.0
2248,66,66,567450.0,136250.0,10660066,1,2,1,0,0,0,0,136250.0,567450.0
2249,66,67,567550.0,136250.0,10660067,2,2,1,0,0,0,0,136250.0,567550.0
2250,66,68,567650.0,136250.0,10660068,2,2,1,0,0,0,0,136250.0,567650.0
2251,66,69,567750.0,136250.0,10660069,2,2,1,1,0,0,0,136250.0,567750.0
2252,66,70,567850.0,136250.0,10660070,1,2,1,2,0,0,0,136250.0,567850.0
2253,66,71,567950.0,136250.0,10660071,1,2,2,3,0,0,0,136250.0,567950.0
2254,66,72,568050.0,136250.0,10660072,1,2,1,3,0,0,0,136250.0,568050.0
2255,66,73,568150.0,136250.0,10660073,1,1,1,2,0,0,0,136250.0,568150.0
2256,66,74,568250.0,136250.0,10660074,1,2,1,2,0,0,0,136250.0,568250.0
2257,66,75,568350.0,136250.0,10660075,1,2,2,1,0,0,0,136250.0,568350.0
2258,66,76,568450.0,136250.0,10660076,1,2,2,0,0,0,0,136250.0,568450.0
2259,66,77,568550.0,136250.0,10660077,2,1,2,0,0,0,0,136250.0,568550.0
2260,66,78,568650.0,136250.0,10660078,1,0,2,0,0,0,0,136250.0,568650.0
2261,66,79,568750.0,136250.0,10660079,1,0,2,0,0,0,0,136250.0,568750.0
2262,66,80,568850.0,136250.0,10660080,1,0,2,0,0,0,0,136250.0,568850.0
2263,66,81,568950.0,136250.0,10660081,1,0,2,0,0,0,0,136250.0,568950.0
2264,66,82,569050.0,136250.0,10660082,1,0,2,0,0,0,0,136250.0,569050.0
2265,66,83,569150.0,136250.0,10660083,1,0,2,0,0,0,0,136250.0,569150.0
2266,66,84,569250.0,136250.0,10660084,1,0,2,0,0,0,0,136250.0,569250.0
2267,66,85,569350.0,136250.0,10660085,2,0,3,0,0,0,0,136250.0,569350.0
2268,66,86,569450.0,136250.0,10660086,2,0,3,0,0,0,0,136250.0,569450.0
2269,66,87,569550.0,136250.0,10660087,3,0,4,0,0,0,0,136250.0,569550.0
2270,66,88,569650.0,136250.0,10660088,2,0,4,0,0,0,0,136250.0,569650.0
2271,66,89,569750.0,136250.0,10660089,2,0,4,0,0,0,0,136250.0,569750.0
2272,66,90,569850.0,136250.0,10660090,2,0,4,0,0,0,0,136250.0,569850.0
2273,66,91,569950.0,136250.0,10660091,1,0,4,0,0,0,0,136250.0,569950.0
2274,66,92,570050.0,136250.0,10660092,1,0,4,0,0,0,0,136250.0,570050.0
2275,66,93,570150.0,136250.0,10660093,1,0,4,0,0,0,0,136250.0,570150.0
2276,66,94,570250.0,136250.0,10660094,2,0,4,0,0,0,0,136250.0,570250.0
2277,66,95,570350.0,136250.0,10660095,2,0,4,0,0,0,0,136250.0,570350.0
2278,66,96,570450.0,136250.0,10660096,2,0,4,0,0,0,0,136250.0,570450.0
2279,66,97,570550.0,136250.0,10660097,3,0,4,0,0,0,0,136250.0,570550.0
2280,66,98,570650.0,136250.0,10660098,3,0,4,0,0,0,0,136250.0,570650.0
2281,66,99,570750.0,136250.0,10660099,3,0,4,0,0,0,0,136250.0,570750.0
2282,66,100,570850.0,136250.0,10660100,2,0,4,0,0,0,0,136250.0,570850.0
2283,66,101,570950.0,136250.0,10660101,2,0,4,0,0,0,0,136250.0,570950.0
2284,66,102,571050.0,136250.0,10660102,2,0,4,0,0,0,0,136250.0,571050.0
2285,66,103,571150.0,136250.0,10660103,2,0,4,0,0,0,0,136250.0,571150.0
2286,66,104,571250.0,136250.0,10660104,2,0,4,0,0,0,0,136250.0,571250.0
2287,66,105,571350.0,136250.0,10660105,2,0,4,0,0,0,0,136250.0,571350.0
2288,66,106,571450.0,136250.0,10660106,2,0,4,0,0,0,0,136250.0,571450.0
2289,66,107,571550.0,136250.0,10660107,3,0,4,0,0,0,0,136250.0,571550.0
2290,66,108,571650.0,136250.0,10660108,3,0,4,0,0,0,0,136250.0,571650.0
2291,66,109,571750.0,136250.0,10660109,3,0,4,0,0,0,0,136250.0,571750.0
2292,66,110,571850.0,136250.0,10660110,4,0,4,0,0,0,0,136250.0,571850.0
2293,66,111,571950.0,136250.0,10660111,4,0,4,0,0,0,0,136250.0,571950.0
2294,66,112,572050.0,136250.0,10660112,4,0,4,0,0,0,0,136250.0,572050.0
2295,66,113,572150.0,136250.0,10660113,4,0,4,0,0,0,0,136250.0,572150.0
2296,67,32,564050.0,136150.0,10670032,4,0,4,0,0,0,0,136150.0,564050.0
2297,67,33,564150.0,136150.0,10670033,4,0,4,0,0,0,0,136150.0,564150.0
2298,67,34,564250.0,136150.0,10670034,4,0,4,0,0,0,0,136150.0,564250.0
2299,67,35,564350.0,136150.0,10670035,4,0,4,0,0,0,0,136150.0,564350.0
2300,67,36,564450.0,136150.0,10670036,4,0,4,0,0,0,0,136150.0,564450.0
2301,67,37,564550.0,136150.0,10670037,4,0,4,0,0,0,0,136150.0,564550.0
2302,67,38,564650.0,136150.0,10670038,4,0,4,0,0,0,0,136150.0,564650.0
2303,67,39,564750.0,136150.0,10670039,4,0,4,0,0,0,0,136150.0,564750.0
2304,67,40,564850.0,136150.0,10670040,4,0,4,0,0,0,0,136150.0,564850.0
2305,67,41,564950.0,136150.0,10670041,4,0,4,0,0,0,0,136150.0,564950.0
2306,67,42,565050.0,136150.0,10670042,4,0,4,0,0,0,0,136150.0,565050.0
2307,67,43,565150.0,136150.0,10670043,4,0,4,0,0,0,0,136150.0,565150.0
2308,67,44,565250.0,136150.0,10670044,4,0,4,0,0,0,0,136150.0,565250.0
2309,67,45,565350.0,136150.0,10670045,4,0,4,0,0,0,0,136150.0,565350.0
2310,67,46,565450.0,136150.0,10670046,3,0,3,0,0,0,0,136150.0,565450.0
2311,67,47,565550.0,136150.0,10670047,3,0,3,0,0,0,0,136150.0,565550.0
2312,67,48,565650.0,136150.0,10670048,2,0,2,0,0,0,0,136150.0,565650.0
2313,67,49,565750.0,136150.0,10670049,2,0,2,0,0,0,0,136150.0,565750.0
2314,67,50,565850.0,136150.0,10670050,2,0,2,0,0,0,0,136150.0,565850.0
2315,67,51,565950.0,136150.0,10670051,1,0,2,0,0,0,0,136150.0,565950.0
2316,67,52,566050.0,136150.0,10670052,1,0,2,0,0,0,0,136150.0,566050.0
2317,67,53,566150.0,136150.0,10670053,1,0,2,0,0,0,0,136150.0,566150.0
2318,67,54,566250.0,136150.0,10670054,0,0,2,0,0,0,0,136150.0,566250.0
2319,67,55,566350.0,136150.0,10670055,0,0,2,0,0,0,0,136150.0,566350.0
2320,67,56,566450.0,136150.0,10670056,0,1,2,0,0,0,0,136150.0,566450.0
2321,67,57,566550.0,136150.0,10670057,0,2,2,0,0,0,0,136150.0,566550.0
2322,67,58,566650.0,136150.0,10670058,0,4,2,0,0,0,0,136150.0,566650.0
2323,67,59,566750.0,136150.0,10670059,0,2,2,0,0,0,0,136150.0,566750.0
2324,67,60,566850.0,136150.0,10670060,0,2,2,0,0,0,0,136150.0,566850.0
2325,67,61,566950.0,136150.0,10670061,0,2,1,0,0,0,0,136150.0,566950.0
2326,67,62,567050.0,136150.0,10670062,0,2,1,0,0,0,0,136150.0,567050.0
2327,67,63,567150.0,136150.0,10670063,0,1,1,0,0,0,0,136150.0,567150.0
2328,67,64,567250.0,136150.0,10670064,1,2,1,0,0,0,0,136150.0,567250.0
2329,67,65,567350.0,136150.0,10670065,1,3,1,0,0,0,0,136150.0,567350.0
2330,67,66,567450.0,136150.0,10670066,2,2,1,0,0,0,0,136150.0,567450.0
2331,67,67,567550.0,136150.0,10670067,2,2,1,0,0,0,0,136150.0,567550.0
2332,67,68,567650.0,136150.0,10670068,2,1,1,0,0,0,0,136150.0,567650.0
2333,67,69,567750.0,136150.0,10670069,2,1,1,1,0,0,0,136150.0,567750.0
2334,67,70,567850.0,136150.0,10670070,1,1,2,2,0,0,0,136150.0,567850.0
2335,67,71,567950.0,136150.0,10670071,1,1,2,3,0,0,0,136150.0,567950.0
2336,67,72,568050.0,136150.0,10670072,0,1,2,3,0,0,0,136150.0,568050.0
2337,67,73,568150.0,136150.0,10670073,0,2,2,3,0,0,0,136150.0,568150.0
2338,67,74,568250.0,136150.0,10670074,0,3,2,2,0,0,0,136150.0,568250.0
2339,67,75,568350.0,136150.0,10670075,1,4,2,1,0,0,0,136150.0,568350.0
2340,67,76,568450.0,136150.0,10670076,1,2,2,0,0,0,0,136150.0,568450.0
2341,67,77,568550.0,136150.0,10670077,2,1,2,0,0,0,0,136150.0,568550.0
2342,67,78,568650.0,136150.0,10670078,1,0,1,0,0,0,0,136150.0,568650.0
2343,67,79,568750.0,136150.0,10670079,1,0,1,0,0,0,0,136150.0,568750.0
2344,67,80,568850.0,136150.0,10670080,1,0,1,0,0,0,0,136150.0,568850.0
2345,67,81,568950.0,136150.0,10670081,1,0,1,0,0,0,0,136150.0,568950.0
2346,67,82,569050.0,136150.0,10670082,1,0,1,0,0,0,0,136150.0,569050.0
2347,67,83,569150.0,136150.0,10670083,1,0,2,0,0,0,0,136150.0,569150.0
2348,67,84,569250.0,136150.0,10670084,2,0,2,0,0,0,0,136150.0,569250.0
2349,67,85,569350.0,136150.0,10670085,2,0,3,0,0,0,0,136150.0,569350.0
2350,67,86,569450.0,136150.0,10670086,2,0,3,0,0,0,0,136150.0,569450.0
2351,67,87,569550.0,136150.0,10670087,2,0,3,0,0,0,0,136150.0,569550.0
2352,67,88,569650.0,136150.0,10670088,2,0,4,0,0,0,0,136150.0,569650.0
2353,67,89,569750.0,136150.0,10670089,2,0,4,0,0,0,0,136150.0,569750.0
2354,67,90,569850.0,136150.0,10670090,1,0,4,0,0,0,0,136150.0,569850.0
2355,67,91,569950.0,136150.0,10670091,1,0,4,0,0,0,0,136150.0,569950.0
2356,67,92,570050.0,136150.0,10670092,1,0,4,0,0,0,0,136150.0,570050.0
2357,67,93,570150.0,136150.0,10670093,1,0,4,0,0,0,0,136150.0,570150.0
2358,67,94,570250.0,136150.0,10670094,1,0,4,0,0,0,0,136150.0,570250.0
2359,67,95,570350.0,136150.0,10670095,1,0,4,0,0,0,0,136150.0,570350.0
2360,67,96,570450.0,136150.0,10670096,2,0,4,0,0,0,0,136150.0,570450.0
2361,67,97,570550.0,136150.0,10670097,2,0,4,0,0,0,0,136150.0,570550.0
2362,67,98,570650.0,136150.0,10670098,3,0,4,0,0,0,0,136150.0,570650.0
2363,67,99,570750.0,136150.0,10670099,2,0,4,0,0,0,0,136150.0,570750.0
2364,67,100,570850.0,136150.0,10670100,2,0,4,0,0,0,0,136150.0,570850.0
2365,67,101,570950.0,136150.0,10670101,2,0,4,0,0,0,0,136150.0,570950.0
2366,67,102,571050.0,136150.0,10670102,2,0,4,0,0,0,0,136150.0,571050.0
2367,67,103,571150.0,136150.0,10670103,1,0,4,0,0,0,0,136150.0,571150.0
2368,67,104,571250.0,136150.0,10670104,1,0,4,0,0,0,0,136150.0,571250.0
2369,67,105,571350.0,136150.0,10670105,2,0,4,0,0,0,0,136150.0,571350.0
2370,67,106,571450.0,136150.0,10670106,2,0,4,0,0,0,0,136150.0,571450.0
2371,67,107,571550.0,136150.0,10670107,2,0,4,0,0,0,0,136150.0,571550.0
2372,67,108,571650.0,136150.0,10670108,3,0,4,0,0,0,0,136150.0,571650.0
2373,67,109,571750.0,136150.0,10670109,3,0,4,0,0,0,0,136150.0,571750.0
2374,67,110,571850.0,136150.0,10670110,3,0,4,0,0,0,0,136150.0,571850.0
2375,67,111,571950.0,136150.0,10670111,4,0,4,0,0,0,0,136150.0,571950.0
2376,67,112,572050.0,136150.0,10670112,4,0,4,0,0,0,0,136150.0,572050.0
2377,67,113,572150.0,136150.0,10670113,4,0,4,0,0,0,0,136150.0,572150.0
2378,68,32,564050.0,136050.0,10680032,4,0,4,0,0,0,0,136050.0,564050.0
2379,68,33,564150.0,136050.0,10680033,4,0,4,0,0,0,0,136050.0,564150.0
2380,68,34,564250.0,136050.0,10680034,4,0,4,0,0,0,0,136050.0,564250.0
2381,68,35,564350.0,136050.0,10680035,4,0,4,0,0,0,0,136050.0,564350.0
2382,68,36,564450.0,136050.0,10680036,4,0,4,0,0,0,0,136050.0,564450.0
2383,68,37,564550.0,136050.0,10680037,4,0,4,0,0,0,0,136050.0,564550.0
2384,68,38,564650.0,136050.0,10680038,4,0,4,0,0,0,0,136050.0,564650.0
2385,68,39,564750.0,136050.0,10680039,4,0,4,0,0,0,0,136050.0,564750.0
2386,68,40,564850.0,136050.0,10680040,4,0,4,0,0,0,0,136050.0,564850.0
2387,68,41,564950.0,136050.0,10680041,4,0,4,0,0,0,0,136050.0,564950.0
2388,68,42,565050.0,136050.0,10680042,4,0,4,0,0,0,0,136050.0,565050.0
2389,68,43,565150.0,136050.0,10680043,4,0,4,0,0,0,0,136050.0,565150.0
2390,68,44,565250.0,136050.0,10680044,4,0,4,0,0,0,0,136050.0,565250.0
2391,68,45,565350.0,136050.0,10680045,3,0,4,0,0,0,0,136050.0,565350.0
2392,68,46,565450.0,136050.0,10680046,3,0,3,0,0,0,0,136050.0,565450.0
2393,68,47,565550.0,136050.0,10680047,3,0,3,0,0,0,0,136050.0,565550.0
2394,68,48,565650.0,136050.0,10680048,2,0,3,0,0,0,0,136050.0,565650.0
2395,68,49,565750.0,136050.0,10680049,2,0,3,0,0,0,0,136050.0,565750.0
2396,68,50,565850.0,136050.0,10680050,1,0,2,0,0,0,0,136050.0,565850.0
2397,68,51,565950.0,136050.0,10680051,1,0,2,0,0,0,0,136050.0,565950.0
2398,68,52,566050.0,136050.0,10680052,1,0,2,0,0,0,0,136050.0,566050.0
2399,68,53,566150.0,136050.0,10680053,0,0,1,0,0,0,0,136050.0,566150.0
2400,68,54,566250.0,136050.0,10680054,0,0,1,0,0,0,0,136050.0,566250.0
2401,68,55,566350.0,136050.0,10680055,0,0,1,0,0,0,0,136050.0,566350.0
2402,68,56,566450.0,136050.0,10680056,0,1,1,0,0,0,0,136050.0,566450.0
2403,68,57,566550.0,136050.0,10680057,0,2,2,0,0,0,0,136050.0,566550.0
2404,68,58,566650.0,136050.0,10680058,0,3,2,0,0,0,0,136050.0,566650.0
2405,68,59,566750.0,136050.0,10680059,0,2,2,0,0,0,0,136050.0,566750.0
2406,68,60,566850.0,136050.0,10680060,0,1,1,0,0,0,0,136050.0,566850.0
2407,68,61,566950.0,136050.0,10680061,0,1,1,0,0,0,0,136050.0,566950.0
2408,68,62,567050.0,136050.0,10680062,0,1,1,0,0,0,0,136050.0,567050.0
2409,68,63,567150.0,136050.0,10680063,1,1,1,0,0,0,0,136050.0,567150.0
2410,68,64,567250.0,136050.0,10680064,1,2,0,0,0,0,0,136050.0,567250.0
2411,68,65,567350.0,136050.0,10680065,1,2,0,0,0,0,0,136050.0,567350.0
2412,68,66,567450.0,136050.0,10680066,1,2,0,0,0,0,0,136050.0,567450.0
2413,68,67,567550.0,136050.0,10680067,2,1,1,0,0,0,0,136050.0,567550.0
2414,68,68,567650.0,136050.0,10680068,2,2,1,0,0,0,0,136050.0,567650.0
2415,68,69,567750.0,136050.0,10680069,1,2,2,1,0,0,0,136050.0,567750.0
2416,68,70,567850.0,136050.0,10680070,1,1,2,1,0,0,0,136050.0,567850.0
2417,68,71,567950.0,136050.0,10680071,0,1,2,2,0,0,0,136050.0,567950.0
2418,68,72,568050.0,136050.0,10680072,0,1,2,3,0,0,0,136050.0,568050.0
2419,68,73,568150.0,136050.0,10680073,0,2,2,4,0,0,0,136050.0,568150.0
2420,68,74,568250.0,136050.0,10680074,0,2,2,2,0,0,0,136050.0,568250.0
2421,68,75,568350.0,136050.0,10680075,1,3,2,1,0,0,0,136050.0,568350.0
2422,68,76,568450.0,136050.0,10680076,1,2,2,0,0,0,0,136050.0,568450.0
2423,68,77,568550.0,136050.0,10680077,1,1,1,0,0,0,0,136050.0,568550.0
2424,68,78,568650.0,136050.0,10680078,1,0,1,0,0,0,0,136050.0,568650.0
2425,68,79,568750.0,136050.0,10680079,1,0,1,0,0,0,0,136050.0,568750.0
2426,68,80,568850.0,136050.0,10680080,1,0,1,0,0,0,0,136050.0,568850.0
2427,68,81,568950.0,136050.0,10680081,1,0,1,0,0,0,0,136050.0,568950.0
2428,68,82,569050.0,136050.0,10680082,1,0,1,0,0,0,0,136050.0,569050.0
2429,68,83,569150.0,136050.0,10680083,1,0,1,0,0,0,0,136050.0,569150.0
2430,68,84,569250.0,136050.0,10680084,2,0,2,0,0,0,0,136050.0,569250.0
2431,68,85,569350.0,136050.0,10680085,2,0,2,0,0,0,0,136050.0,569350.0
2432,68,86,569450.0,136050.0,10680086,3,0,3,0,0,0,0,136050.0,569450.0
2433,68,87,569550.0,136050.0,10680087,2,0,3,0,0,0,0,136050.0,569550.0
2434,68,88,569650.0,136050.0,10680088,2,0,4,0,0,0,0,136050.0,569650.0
2435,68,89,569750.0,136050.0,10680089,1,0,4,0,0,0,0,136050.0,569750.0
2436,68,90,569850.0,136050.0,10680090,1,0,4,0,0,0,0,136050.0,569850.0
2437,68,91,569950.0,136050.0,10680091,1,0,4,0,0,0,0,136050.0,569950.0
2438,68,92,570050.0,136050.0,10680092,0,0,4,0,0,0,0,136050.0,570050.0
2439,68,93,570150.0,136050.0,10680093,0,0,4,0,0,0,0,136050.0,570150.0
2440,68,94,570250.0,136050.0,10680094,1,0,4,0,0,0,0,136050.0,570250.0
2441,68,95,570350.0,136050.0,10680095,1,0,4,0,0,0,0,136050.0,570350.0
2442,68,96,570450.0,136050.0,10680096,2,0,4,0,0,0,0,136050.0,570450.0
2443,68,97,570550.0,136050.0,10680097,2,0,4,0,0,0,0,136050.0,570550.0
2444,68,98,570650.0,136050.0,10680098,2,0,4,0,0,0,0,136050.0,570650.0
2445,68,99,570750.0,136050.0,10680099,2,0,4,0,0,0,0,136050.0,570750.0
2446,68,100,570850.0,136050.0,10680100,2,0,4,0,0,0,0,136050.0,570850.0
2447,68,101,570950.0,136050.0,10680101,1,0,4,0,0,0,0,136050.0,570950.0
2448,68,102,571050.0,136050.0,10680102,1,0,4,0,0,0,0,136050.0,571050.0
2449,68,103,571150.0,136050.0,10680103,1,0,4,0,0,0,0,136050.0,571150.0
2450,68,104,571250.0,136050.0,10680104,1,0,4,0,0,0,0,136050.0,571250.0
2451,68,105,571350.0,136050.0,10680105,1,0,4,0,0,0,0,136050.0,571350.0
2452,68,106,571450.0,136050.0,10680106,2,0,4,0,0,0,0,136050.0,571450.0
2453,68,107,571550.0,136050.0,10680107,2,0,4,0,0,0,0,136050.0,571550.0
2454,68,108,571650.0,136050.0,10680108,2,0,4,0,0,0,0,136050.0,571650.0
2455,68,109,571750.0,136050.0,10680109,3,0,4,0,0,0,0,136050.0,571750.0
2456,68,110,571850.0,136050.0,10680110,3,0,4,0,0,0,0,136050.0,571850.0
2457,68,111,571950.0,136050.0,10680111,4,0,4,0,0,0,0,136050.0,571950.0
2458,68,112,572050.0,136050.0,10680112,4,0,4,0,0,0,0,136050.0,572050.0
2459,68,113,572150.0,136050.0,10680113,4,0,4,0,0,0,0,136050.0,572150.0
2460,69,32,564050.0,135950.0,10690032,4,0,4,0,0,0,0,135950.0,564050.0
2461,69,33,564150.0,135950.0,10690033,4,0,4,0,0,0,0,135950.0,564150.0
2462,69,34,564250.0,135950.0,10690034,4,0,4,0,0,0,0,135950.0,564250.0
2463,69,35,564350.0,135950.0,10690035,4,0,4,0,0,0,0,135950.0,564350.0
2464,69,36,564450.0,135950.0,10690036,4,0,4,0,0,0,0,135950.0,564450.0
2465,69,37,564550.0,135950.0,10690037,4,0,4,0,0,0,0,135950.0,564550.0
2466,69,38,564650.0,135950.0,10690038,4,0,4,0,0,0,0,135950.0,564650.0
2467,69,39,564750.0,135950.0,10690039,4,0,4,0,0,0,0,135950.0,564750.0
2468,69,40,564850.0,135950.0,10690040,4,0,4,0,0,0,0,135950.0,564850.0
2469,69,41,564950.0,135950.0,10690041,4,0,4,0,0,0,0,135950.0,564950.0
2470,69,42,565050.0,135950.0,10690042,4,0,4,0,0,0,0,135950.0,565050.0
2471,69,43,565150.0,135950.0,10690043,4,0,4,0,0,0,0,135950.0,565150.0
2472,69,44,565250.0,135950.0,10690044,4,0,4,0,0,0,0,135950.0,565250.0
2473,69,45,565350.0,135950.0,10690045,3,0,4,0,0,0,0,135950.0,565350.0
2474,69,46,565450.0,135950.0,10690046,3,0,4,0,0,0,0,135950.0,565450.0
2475,69,47,565550.0,135950.0,10690047,2,0,3,0,0,0,0,135950.0,565550.0
2476,69,48,565650.0,135950.0,10690048,2,0,3,0,0,0,0,135950.0,565650.0
2477,69,49,565750.0,135950.0,10690049,1,0,3,0,0,0,0,135950.0,565750.0
2478,69,50,565850.0,135950.0,10690050,1,0,2,0,0,0,0,135950.0,565850.0
2479,69,51,565950.0,135950.0,10690051,1,0,2,0,0,0,0,135950.0,565950.0
2480,69,52,566050.0,135950.0,10690052,1,0,1,0,0,0,0,135950.0,566050.0
2481,69,53,566150.0,135950.0,10690053,0,0,1,0,0,0,0,135950.0,566150.0
2482,69,54,566250.0,135950.0,10690054,0,0,1,0,0,0,0,135950.0,566250.0
2483,69,55,566350.0,135950.0,10690055,0,0,1,0,0,0,0,135950.0,566350.0
2484,69,56,566450.0,135950.0,10690056,0,1,1,0,0,0,0,135950.0,566450.0
2485,69,57,566550.0,135950.0,10690057,0,2,1,0,0,0,0,135950.0,566550.0
2486,69,58,566650.0,135950.0,10690058,0,2,2,0,0,0,0,135950.0,566650.0
2487,69,59,566750.0,135950.0,10690059,0,2,2,0,0,0,0,135950.0,566750.0
2488,69,60,566850.0,135950.0,10690060,0,2,1,0,0,0,0,135950.0,566850.0
2489,69,61,566950.0,135950.0,10690061,0,2,1,0,0,0,0,135950.0,566950.0
2490,69,62,567050.0,135950.0,10690062,0,2,0,0,0,0,0,135950.0,567050.0
2491,69,63,567150.0,135950.0,10690063,0,1,0,0,0,0,0,135950.0,567150.0
2492,69,64,567250.0,135950.0,10690064,0,2,0,0,0,0,0,135950.0,567250.0
2493,69,65,567350.0,135950.0,10690065,1,4,0,0,0,0,0,135950.0,567350.0
2494,69,66,567450.0,135950.0,10690066,1,3,0,0,0,0,0,135950.0,567450.0
2495,69,67,567550.0,135950.0,10690067,1,2,1,0,0,0,0,135950.0,567550.0
2496,69,68,567650.0,135950.0,10690068,2,3,1,0,0,0,0,135950.0,567650.0
2497,69,69,567750.0,135950.0,10690069,2,3,1,0,0,0,0,135950.0,567750.0
2498,69,70,567850.0,135950.0,10690070,1,2,1,1,0,0,0,135950.0,567850.0
2499,69,71,567950.0,135950.0,10690071,1,1,2,1,0,0,0,135950.0,567950.0
2500,69,72,568050.0,135950.0,10690072,0,1,2,2,0,0,0,135950.0,568050.0
2501,69,73,568150.0,135950.0,10690073,0,2,2,2,0,0,0,135950.0,568150.0
2502,69,74,568250.0,135950.0,10690074,0,2,3,2,0,0,0,135950.0,568250.0
2503,69,75,568350.0,135950.0,10690075,1,3,2,1,0,0,0,135950.0,568350.0
2504,69,76,568450.0,135950.0,10690076,1,2,2,0,0,0,0,135950.0,568450.0
2505,69,77,568550.0,135950.0,10690077,1,1,1,0,0,0,0,135950.0,568550.0
2506,69,78,568650.0,135950.0,10690078,1,0,1,0,0,0,0,135950.0,568650.0
2507,69,79,568750.0,135950.0,10690079,0,0,0,0,0,0,0,135950.0,568750.0
2508,69,80,568850.0,135950.0,10690080,0,0,0,0,0,0,0,135950.0,568850.0
2509,69,81,568950.0,135950.0,10690081,0,0,0,0,0,0,0,135950.0,568950.0
2510,69,82,569050.0,135950.0,10690082,1,0,1,0,0,0,0,135950.0,569050.0
2511,69,83,569150.0,135950.0,10690083,1,0,1,0,0,0,0,135950.0,569150.0
2512,69,84,569250.0,135950.0,10690084,2,0,2,0,0,0,0,135950.0,569250.0
2513,69,85,569350.0,135950.0,10690085,2,0,2,0,0,0,0,135950.0,569350.0
2514,69,86,569450.0,135950.0,10690086,3,0,3,0,0,0,0,135950.0,569450.0
2515,69,87,569550.0,135950.0,10690087,2,0,3,0,0,0,0,135950.0,569550.0
2516,69,88,569650.0,135950.0,10690088,2,0,4,0,0,0,0,135950.0,569650.0
2517,69,89,569750.0,135950.0,10690089,1,0,4,0,0,0,0,135950.0,569750.0
2518,69,90,569850.0,135950.0,10690090,1,0,4,0,0,0,0,135950.0,569850.0
2519,69,91,569950.0,135950.0,10690091,0,0,4,0,0,0,0,135950.0,569950.0
2520,69,92,570050.0,135950.0,10690092,0,0,4,0,0,0,0,135950.0,570050.0
2521,69,93,570150.0,135950.0,10690093,0,0,4,0,0,0,0,135950.0,570150.0
2522,69,94,570250.0,135950.0,10690094,1,0,4,0,0,0,0,135950.0,570250.0
2523,69,95,570350.0,135950.0,10690095,1,0,4,0,0,0,0,135950.0,570350.0
2524,69,96,570450.0,135950.0,10690096,1,0,4,0,0,0,0,135950.0,570450.0
2525,69,97,570550.0,135950.0,10690097,2,0,4,0,0,0,0,135950.0,570550.0
2526,69,98,570650.0,135950.0,10690098,2,0,4,0,0,0,0,135950.0,570650.0
2527,69,99,570750.0,135950.0,10690099,2,0,4,0,0,0,0,135950.0,570750.0
2528,69,100,570850.0,135950.0,10690100,1,0,4,0,0,0,0,135950.0,570850.0
2529,69,101,570950.0,135950.0,10690101,1,0,4,0,0,0,0,135950.0,570950.0
2530,69,102,571050.0,135950.0,10690102,1,0,4,0,0,0,0,135950.0,571050.0
2531,69,103,571150.0,135950.0,10690103,0,0,4,0,0,0,0,135950.0,571150.0
2532,69,104,571250.0,135950.0,10690104,1,0,4,0,0,0,0,135950.0,571250.0
2533,69,105,571350.0,135950.0,10690105,1,0,4,0,0,0,0,135950.0,571350.0
2534,69,106,571450.0,135950.0,10690106,1,0,4,0,0,0,0,135950.0,571450.0
2535,69,107,571550.0,135950.0,10690107,2,0,4,0,0,0,0,135950.0,571550.0
2536,69,108,571650.0,135950.0,10690108,2,0,4,0,0,0,0,135950.0,571650.0
2537,69,109,571750.0,135950.0,10690109,3,0,4,0,0,0,0,135950.0,571750.0
2538,69,110,571850.0,135950.0,10690110,3,0,4,0,0,0,0,135950.0,571850.0
2539,69,111,571950.0,135950.0,10690111,4,0,4,0,0,0,0,135950.0,571950.0
2540,69,112,572050.0,135950.0,10690112,4,0,4,0,0,0,0,135950.0,572050.0
2541,69,113,572150.0,135950.0,10690113,4,0,4,0,0,0,0,135950.0,572150.0
2542,70,32,564050.0,135850.0,10700032,4,0,4,0,0,0,0,135850.0,564050.0
2543,70,33,564150.0,135850.0,10700033,4,0,4,0,0,0,0,135850.0,564150.0
2544,70,34,564250.0,135850.0,10700034,4,0,4,0,0,0,0,135850.0,564250.0
2545,70,35,564350.0,135850.0,10700035,4,0,4,0,0,0,0,135850.0,564350.0
2546,70,36,564450.0,135850.0,10700036,4,0,4,0,0,0,0,135850.0,564450.0
2547,70,37,564550.0,135850.0,10700037,4,0,4,0,0,0,0,135850.0,564550.0
2548,70,38,564650.0,135850.0,10700038,4,0,4,0,0,0,0,135850.0,564650.0
2549,70,39,564750.0,135850.0,10700039,4,0,4,0,0,0,0,135850.0,564750.0
2550,70,40,564850.0,135850.0,10700040,4,0,4,0,0,0,0,135850.0,564850.0
2551,70,41,564950.0,135850.0,10700041,4,0,4,0,0,0,0,135850.0,564950.0
2552,70,42,565050.0,135850.0,10700042,4,0,4,0,0,0,0,135850.0,565050.0
2553,70,43,565150.0,135850.0,10700043,4,0,4,0,0,0,0,135850.0,565150.0
2554,70,44,565250.0,135850.0,10700044,3,0,4,0,0,0,0,135850.0,565250.0
2555,70,45,565350.0,135850.0,10700045,3,0,4,0,0,0,0,135850.0,565350.0
2556,70,46,565450.0,135850.0,10700046,3,0,4,0,0,0,0,135850.0,565450.0
2557,70,47,565550.0,135850.0,10700047,2,0,3,0,0,0,0,135850.0,565550.0
2558,70,48,565650.0,135850.0,10700048,2,0,3,0,0,0,0,135850.0,565650.0
2559,70,49,565750.0,135850.0,10700049,1,0,2,0,0,0,0,135850.0,565750.0
2560,70,50,565850.0,135850.0,10700050,1,0,2,0,0,0,0,135850.0,565850.0
2561,70,51,565950.0,135850.0,10700051,0,0,1,0,0,0,0,135850.0,565950.0
2562,70,52,566050.0,135850.0,10700052,0,0,1,0,0,0,0,135850.0,566050.0
2563,70,53,566150.0,135850.0,10700053,0,0,1,0,0,0,0,135850.0,566150.0
2564,70,54,566250.0,135850.0,10700054,0,0,0,0,0,0,0,135850.0,566250.0
2565,70,55,566350.0,135850.0,10700055,0,0,0,0,0,0,0,135850.0,566350.0
2566,70,56,566450.0,135850.0,10700056,0,0,0,0,0,0,0,135850.0,566450.0
2567,70,57,566550.0,135850.0,10700057,0,1,1,0,0,0,0,135850.0,566550.0
2568,70,58,566650.0,135850.0,10700058,0,1,1,0,0,0,0,135850.0,566650.0
2569,70,59,566750.0,135850.0,10700059,0,1,2,0,0,0,0,135850.0,566750.0
2570,70,60,566850.0,135850.0,10700060,0,2,1,0,0,0,0,135850.0,566850.0
2571,70,61,566950.0,135850.0,10700061,0,4,1,0,0,0,0,135850.0,566950.0
2572,70,62,567050.0,135850.0,10700062,0,2,0,0,0,0,0,135850.0,567050.0
2573,70,63,567150.0,135850.0,10700063,0,1,0,0,0,0,0,135850.0,567150.0
2574,70,64,567250.0,135850.0,10700064,0,2,0,0,0,0,0,135850.0,567250.0
2575,70,65,567350.0,135850.0,10700065,0,3,0,0,0,0,0,135850.0,567350.0
2576,70,66,567450.0,135850.0,10700066,1,2,0,0,0,0,0,135850.0,567450.0
2577,70,67,567550.0,135850.0,10700067,1,2,1,0,0,0,0,135850.0,567550.0
2578,70,68,567650.0,135850.0,10700068,2,3,1,0,0,0,0,135850.0,567650.0
2579,70,69,567750.0,135850.0,10700069,2,4,1,0,0,0,0,135850.0,567750.0
2580,70,70,567850.0,135850.0,10700070,1,2,1,1,0,0,0,135850.0,567850.0
2581,70,71,567950.0,135850.0,10700071,1,1,1,1,0,0,0,135850.0,567950.0
2582,70,72,568050.0,135850.0,10700072,1,1,2,2,0,0,0,135850.0,568050.0
2583,70,73,568150.0,135850.0,10700073,0,2,2,2,0,0,0,135850.0,568150.0
2584,70,74,568250.0,135850.0,10700074,1,3,2,1,0,0,0,135850.0,568250.0
2585,70,75,568350.0,135850.0,10700075,1,4,2,1,0,0,0,135850.0,568350.0
2586,70,76,568450.0,135850.0,10700076,1,2,1,0,0,0,0,135850.0,568450.0
2587,70,77,568550.0,135850.0,10700077,1,1,1,0,0,0,0,135850.0,568550.0
2588,70,78,568650.0,135850.0,10700078,0,0,0,0,0,0,0,135850.0,568650.0
2589,70,79,568750.0,135850.0,10700079,0,0,0,0,0,0,0,135850.0,568750.0
2590,70,80,568850.0,135850.0,10700080,0,0,0,0,0,0,0,135850.0,568850.0
2591,70,81,568950.0,135850.0,10700081,0,0,0,0,0,0,0,135850.0,568950.0
2592,70,82,569050.0,135850.0,10700082,1,0,1,0,0,0,0,135850.0,569050.0
2593,70,83,569150.0,135850.0,10700083,1,0,1,0,0,0,0,135850.0,569150.0
2594,70,84,569250.0,135850.0,10700084,2,0,2,0,0,0,0,135850.0,569250.0
2595,70,85,569350.0,135850.0,10700085,2,0,2,0,0,0,0,135850.0,569350.0
2596,70,86,569450.0,135850.0,10700086,3,0,3,0,0,0,0,135850.0,569450.0
2597,70,87,569550.0,135850.0,10700087,2,0,3,0,0,0,0,135850.0,569550.0
2598,70,88,569650.0,135850.0,10700088,2,0,3,0,0,0,0,135850.0,569650.0
2599,70,89,569750.0,135850.0,10700089,1,0,4,0,0,0,0,135850.0,569750.0
2600,70,90,569850.0,135850.0,10700090,1,0,4,0,0,0,0,135850.0,569850.0
2601,70,91,569950.0,135850.0,10700091,0,0,4,0,0,0,0,135850.0,569950.0
2602,70,92,570050.0,135850.0,10700092,0,0,4,0,0,0,0,135850.0,570050.0
2603,70,93,570150.0,135850.0,10700093,0,0,4,0,0,0,0,135850.0,570150.0
2604,70,94,570250.0,135850.0,10700094,0,0,4,0,0,0,0,135850.0,570250.0
2605,70,95,570350.0,135850.0,10700095,1,0,4,0,0,0,0,135850.0,570350.0
2606,70,96,570450.0,135850.0,10700096,1,0,4,0,0,0,0,135850.0,570450.0
2607,70,97,570550.0,135850.0,10700097,2,0,4,0,0,0,0,135850.0,570550.0
2608,70,98,570650.0,135850.0,10700098,2,0,4,0,0,0,0,135850.0,570650.0
2609,70,99,570750.0,135850.0,10700099,2,0,4,0,0,0,0,135850.0,570750.0
2610,70,100,570850.0,135850.0,10700100,1,0,4,0,0,0,0,135850.0,570850.0
2611,70,101,570950.0,135850.0,10700101,1,0,4,0,0,0,0,135850.0,570950.0
2612,70,102,571050.0,135850.0,10700102,0,0,4,0,0,0,0,135850.0,571050.0
2613,70,103,571150.0,135850.0,10700103,0,0,4,0,0,0,0,135850.0,571150.0
2614,70,104,571250.0,135850.0,10700104,0,0,4,0,0,0,0,135850.0,571250.0
2615,70,105,571350.0,135850.0,10700105,1,0,4,0,0,0,0,135850.0,571350.0
2616,70,106,571450.0,135850.0,10700106,1,0,4,0,0,0,0,135850.0,571450.0
2617,70,107,571550.0,135850.0,10700107,1,0,4,0,0,0,0,135850.0,571550.0
2618,70,108,571650.0,135850.0,10700108,2,0,4,0,0,0,0,135850.0,571650.0
2619,70,109,571750.0,135850.0,10700109,2,0,4,0,0,0,0,135850.0,571750.0
2620,70,110,571850.0,135850.0,10700110,3,0,4,0,0,0,0,135850.0,571850.0
2621,70,111,571950.0,135850.0,10700111,3,0,4,0,0,0,0,135850.0,571950.0
2622,70,112,572050.0,135850.0,10700112,4,0,4,0,0,0,0,135850.0,572050.0
2623,70,113,572150.0,135850.0,10700113,4,0,4,0,0,0,0,135850.0,572150.0
2624,71,32,564050.0,135750.0,10710032,4,0,4,0,0,0,0,135750.0,564050.0
2625,71,33,564150.0,135750.0,10710033,4,0,4,0,0,0,0,135750.0,564150.0
2626,71,34,564250.0,135750.0,10710034,4,0,4,0,0,0,0,135750.0,564250.0
2627,71,35,564350.0,135750.0,10710035,4,0,4,0,0,0,0,135750.0,564350.0
2628,71,36,564450.0,135750.0,10710036,4,0,4,0,0,0,0,135750.0,564450.0
2629,71,37,564550.0,135750.0,10710037,4,0,4,0,0,0,0,135750.0,564550.0
2630,71,38,564650.0,135750.0,10710038,4,0,4,0,0,0,0,135750.0,564650.0
2631,71,39,564750.0,135750.0,10710039,4,0,4,0,0,0,0,135750.0,564750.0
2632,71,40,564850.0,135750.0,10710040,4,0,4,0,0,0,0,135750.0,564850.0
2633,71,41,564950.0,135750.0,10710041,3,0,4,0,0,0,0,135750.0,564950.0
2634,71,42,565050.0,135750.0,10710042,3,0,4,0,0,0,0,135750.0,565050.0
2635,71,43,565150.0,135750.0,10710043,3,0,4,0,0,0,0,135750.0,565150.0
2636,71,44,565250.0,135750.0,10710044,3,0,4,0,0,0,0,135750.0,565250.0
2637,71,45,565350.0,135750.0,10710045,3,0,4,0,0,0,0,135750.0,565350.0
2638,71,46,565450.0,135750.0,10710046,2,0,4,0,0,0,0,135750.0,565450.0
2639,71,47,565550.0,135750.0,10710047,2,0,3,0,0,0,0,135750.0,565550.0
2640,71,48,565650.0,135750.0,10710048,2,0,3,0,0,0,0,135750.0,565650.0
2641,71,49,565750.0,135750.0,10710049,1,0,2,0,0,0,0,135750.0,565750.0
2642,71,50,565850.0,135750.0,10710050,1,0,2,0,0,0,0,135750.0,565850.0
2643,71,51,565950.0,135750.0,10710051,0,0,1,0,0,0,0,135750.0,565950.0
2644,71,52,566050.0,135750.0,10710052,0,0,1,0,0,0,0,135750.0,566050.0
2645,71,53,566150.0,135750.0,10710053,0,0,0,0,0,0,0,135750.0,566150.0
2646,71,54,566250.0,135750.0,10710054,0,0,0,0,0,0,0,135750.0,566250.0
2647,71,55,566350.0,135750.0,10710055,0,0,0,0,0,0,0,135750.0,566350.0
2648,71,56,566450.0,135750.0,10710056,0,0,0,0,0,0,0,135750.0,566450.0
2649,71,57,566550.0,135750.0,10710057,0,0,1,0,0,0,0,135750.0,566550.0
2650,71,58,566650.0,135750.0,10710058,0,0,1,0,0,0,0,135750.0,566650.0
2651,71,59,566750.0,135750.0,10710059,0,1,2,0,0,0,0,135750.0,566750.0
2652,71,60,566850.0,135750.0,10710060,0,2,1,0,0,0,0,135750.0,566850.0
2653,71,61,566950.0,135750.0,10710061,0,3,1,0,0,0,0,135750.0,566950.0
2654,71,62,567050.0,135750.0,10710062,0,2,0,0,0,0,0,135750.0,567050.0
2655,71,63,567150.0,135750.0,10710063,0,1,0,0,0,0,0,135750.0,567150.0
2656,71,64,567250.0,135750.0,10710064,0,1,0,0,0,0,0,135750.0,567250.0
2657,71,65,567350.0,135750.0,10710065,1,2,0,0,0,0,0,135750.0,567350.0
2658,71,66,567450.0,135750.0,10710066,1,2,1,0,0,0,0,135750.0,567450.0
2659,71,67,567550.0,135750.0,10710067,1,1,1,0,0,0,0,135750.0,567550.0
2660,71,68,567650.0,135750.0,10710068,2,2,1,0,0,0,0,135750.0,567650.0
2661,71,69,567750.0,135750.0,10710069,2,2,0,0,0,0,0,135750.0,567750.0
2662,71,70,567850.0,135750.0,10710070,2,2,1,1,0,0,0,135750.0,567850.0
2663,71,71,567950.0,135750.0,10710071,1,1,1,2,0,0,0,135750.0,567950.0
2664,71,72,568050.0,135750.0,10710072,1,1,1,3,0,0,0,135750.0,568050.0
2665,71,73,568150.0,135750.0,10710073,1,1,2,3,0,0,0,135750.0,568150.0
2666,71,74,568250.0,135750.0,10710074,1,2,2,2,0,0,0,135750.0,568250.0
2667,71,75,568350.0,135750.0,10710075,1,2,2,1,0,0,0,135750.0,568350.0
2668,71,76,568450.0,135750.0,10710076,1,2,2,0,0,0,0,135750.0,568450.0
2669,71,77,568550.0,135750.0,10710077,1,1,1,0,0,0,0,135750.0,568550.0
2670,71,78,568650.0,135750.0,10710078,0,0,1,0,0,0,0,135750.0,568650.0
2671,71,79,568750.0,135750.0,10710079,0,0,0,0,0,0,0,135750.0,568750.0
2672,71,80,568850.0,135750.0,10710080,0,0,0,0,0,0,0,135750.0,568850.0
2673,71,81,568950.0,135750.0,10710081,0,0,0,0,0,0,0,135750.0,568950.0
2674,71,82,569050.0,135750.0,10710082,1,0,1,0,0,0,0,135750.0,569050.0
2675,71,83,569150.0,135750.0,10710083,1,0,1,0,0,0,0,135750.0,569150.0
2676,71,84,569250.0,135750.0,10710084,2,0,2,0,0,0,0,135750.0,569250.0
2677,71,85,569350.0,135750.0,10710085,2,0,2,0,0,0,0,135750.0,569350.0
2678,71,86,569450.0,135750.0,10710086,2,0,2,0,0,0,0,135750.0,569450.0
2679,71,87,569550.0,135750.0,10710087,2,0,3,0,0,0,0,135750.0,569550.0
2680,71,88,569650.0,135750.0,10710088,2,0,3,0,0,0,0,135750.0,569650.0
2681,71,89,569750.0,135750.0,10710089,1,0,3,0,0,0,0,135750.0,569750.0
2682,71,90,569850.0,135750.0,10710090,1,0,4,0,0,0,0,135750.0,569850.0
2683,71,91,569950.0,135750.0,10710091,0,0,4,0,0,0,0,135750.0,569950.0
2684,71,92,570050.0,135750.0,10710092,0,0,4,0,0,0,0,135750.0,570050.0
2685,71,93,570150.0,135750.0,10710093,0,0,4,0,0,0,0,135750.0,570150.0
2686,71,94,570250.0,135750.0,10710094,1,0,4,0,0,0,0,135750.0,570250.0
2687,71,95,570350.0,135750.0,10710095,1,0,4,0,0,0,0,135750.0,570350.0
2688,71,96,570450.0,135750.0,10710096,2,0,4,0,0,0,0,135750.0,570450.0
2689,71,97,570550.0,135750.0,10710097,2,0,4,0,0,0,0,135750.0,570550.0
2690,71,98,570650.0,135750.0,10710098,2,0,4,0,0,0,0,135750.0,570650.0
2691,71,99,570750.0,135750.0,10710099,2,0,4,0,0,0,0,135750.0,570750.0
2692,71,100,570850.0,135750.0,10710100,1,0,4,0,0,0,0,135750.0,570850.0
2693,71,101,570950.0,135750.0,10710101,1,0,4,0,0,0,0,135750.0,570950.0
2694,71,102,571050.0,135750.0,10710102,0,0,4,0,0,0,0,135750.0,571050.0
2695,71,103,571150.0,135750.0,10710103,0,0,4,0,0,0,0,135750.0,571150.0
2696,71,104,571250.0,135750.0,10710104,0,0,4,0,0,0,0,135750.0,571250.0
2697,71,105,571350.0,135750.0,10710105,0,0,4,0,0,0,0,135750.0,571350.0
2698,71,106,571450.0,135750.0,10710106,1,0,4,0,0,0,0,135750.0,571450.0
2699,71,107,571550.0,135750.0,10710107,1,0,4,0,0,0,0,135750.0,571550.0
2700,71,108,571650.0,135750.0,10710108,2,0,4,0,0,0,0,135750.0,571650.0
2701,71,109,571750.0,135750.0,10710109,2,0,4,0,0,0,0,135750.0,571750.0
2702,71,110,571850.0,135750.0,10710110,3,0,4,0,0,0,0,135750.0,571850.0
2703,71,111,571950.0,135750.0,10710111,3,0,4,0,0,0,0,135750.0,571950.0
2704,71,112,572050.0,135750.0,10710112,4,0,4,0,0,0,0,135750.0,572050.0
2705,71,113,572150.0,135750.0,10710113,4,0,4,0,0,0,0,135750.0,572150.0
2706,72,32,564050.0,135650.0,10720032,4,0,4,0,0,0,0,135650.0,564050.0
2707,72,33,564150.0,135650.0,10720033,4,0,4,0,0,0,0,135650.0,564150.0
2708,72,34,564250.0,135650.0,10720034,4,0,4,0,0,0,0,135650.0,564250.0
2709,72,35,564350.0,135650.0,10720035,4,0,4,0,0,0,0,135650.0,564350.0
2710,72,36,564450.0,135650.0,10720036,4,0,4,0,0,0,0,135650.0,564450.0
2711,72,37,564550.0,135650.0,10720037,4,0,4,0,0,0,0,135650.0,564550.0
2712,72,38,564650.0,135650.0,10720038,4,0,4,0,0,0,0,135650.0,564650.0
2713,72,39,564750.0,135650.0,10720039,4,0,4,0,0,0,0,135650.0,564750.0
2714,72,40,564850.0,135650.0,10720040,3,0,4,0,0,0,0,135650.0,564850.0
2715,72,41,564950.0,135650.0,10720041,3,0,4,0,0,0,0,135650.0,564950.0
2716,72,42,565050.0,135650.0,10720042,3,0,4,0,0,0,0,135650.0,565050.0
2717,72,43,565150.0,135650.0,10720043,3,0,4,0,0,0,0,135650.0,565150.0
2718,72,44,565250.0,135650.0,10720044,3,0,4,0,0,0,0,135650.0,565250.0
2719,72,45,565350.0,135650.0,10720045,2,0,4,0,0,0,0,135650.0,565350.0
2720,72,46,565450.0,135650.0,10720046,2,0,4,0,0,0,0,135650.0,565450.0
2721,72,47,565550.0,135650.0,10720047,2,0,3,0,0,0,0,135650.0,565550.0
2722,72,48,565650.0,135650.0,10720048,1,0,3,0,0,0,0,135650.0,565650.0
2723,72,49,565750.0,135650.0,10720049,1,0,2,0,0,0,0,135650.0,565750.0
2724,72,50,565850.0,135650.0,10720050,1,0,2,0,0,0,0,135650.0,565850.0
2725,72,51,565950.0,135650.0,10720051,0,0,1,0,0,0,0,135650.0,565950.0
2726,72,52,566050.0,135650.0,10720052,0,0,1,0,0,0,0,135650.0,566050.0
2727,72,53,566150.0,135650.0,10720053,0,0,0,0,0,0,0,135650.0,566150.0
2728,72,54,566250.0,135650.0,10720054,0,0,0,0,0,0,0,135650.0,566250.0
2729,72,55,566350.0,135650.0,10720055,0,0,0,0,0,0,0,135650.0,566350.0
2730,72,56,566450.0,135650.0,10720056,0,0,0,0,0,0,0,135650.0,566450.0
2731,72,57,566550.0,135650.0,10720057,0,0,1,0,0,0,0,135650.0,566550.0
2732,72,58,566650.0,135650.0,10720058,0,0,1,0,0,0,0,135650.0,566650.0
2733,72,59,566750.0,135650.0,10720059,0,1,2,0,0,0,0,135650.0,566750.0
2734,72,60,566850.0,135650.0,10720060,0,2,1,0,0,0,0,135650.0,566850.0
2735,72,61,566950.0,135650.0,10720061,0,2,1,0,0,0,0,135650.0,566950.0
2736,72,62,567050.0,135650.0,10720062,1,2,1,0,0,0,0,135650.0,567050.0
2737,72,63,567150.0,135650.0,10720063,0,2,0,0,0,0,0,135650.0,567150.0
2738,72,64,567250.0,135650.0,10720064,1,2,1,0,0,0,0,135650.0,567250.0
2739,72,65,567350.0,135650.0,10720065,1,2,1,0,0,0,0,135650.0,567350.0
2740,72,66,567450.0,135650.0,10720066,1,2,1,0,0,0,0,135650.0,567450.0
2741,72,67,567550.0,135650.0,10720067,2,1,1,0,0,0,0,135650.0,567550.0
2742,72,68,567650.0,135650.0,10720068,2,1,0,0,0,0,0,135650.0,567650.0
2743,72,69,567750.0,135650.0,10720069,1,1,0,0,0,0,0,135650.0,567750.0
2744,72,70,567850.0,135650.0,10720070,1,1,0,1,0,0,0,135650.0,567850.0
2745,72,71,567950.0,135650.0,10720071,1,0,1,2,0,0,0,135650.0,567950.0
2746,72,72,568050.0,135650.0,10720072,1,0,1,3,0,0,0,135650.0,568050.0
2747,72,73,568150.0,135650.0,10720073,1,1,2,3,0,0,0,135650.0,568150.0
2748,72,74,568250.0,135650.0,10720074,1,1,2,2,0,0,0,135650.0,568250.0
2749,72,75,568350.0,135650.0,10720075,1,1,2,1,0,0,0,135650.0,568350.0
2750,72,76,568450.0,135650.0,10720076,1,1,2,0,0,0,0,135650.0,568450.0
2751,72,77,568550.0,135650.0,10720077,1,0,1,0,0,0,0,135650.0,568550.0
2752,72,78,568650.0,135650.0,10720078,1,0,1,0,0,0,0,135650.0,568650.0
2753,72,79,568750.0,135650.0,10720079,0,0,0,0,0,0,0,135650.0,568750.0
2754,72,80,568850.0,135650.0,10720080,0,0,0,0,0,0,0,135650.0,568850.0
2755,72,81,568950.0,135650.0,10720081,1,0,0,0,0,0,0,135650.0,568950.0
2756,72,82,569050.0,135650.0,10720082,1,0,1,0,0,0,0,135650.0,569050.0
2757,72,83,569150.0,135650.0,10720083,1,0,1,0,0,0,0,135650.0,569150.0
2758,72,84,569250.0,135650.0,10720084,1,0,1,0,0,0,0,135650.0,569250.0
2759,72,85,569350.0,135650.0,10720085,2,0,2,0,0,0,0,135650.0,569350.0
2760,72,86,569450.0,135650.0,10720086,2,0,2,0,0,0,0,135650.0,569450.0
2761,72,87,569550.0,135650.0,10720087,2,0,2,0,0,0,0,135650.0,569550.0
2762,72,88,569650.0,135650.0,10720088,2,0,3,0,0,0,0,135650.0,569650.0
2763,72,89,569750.0,135650.0,10720089,1,0,3,0,0,0,0,135650.0,569750.0
2764,72,90,569850.0,135650.0,10720090,1,0,4,0,0,0,0,135650.0,569850.0
2765,72,91,569950.0,135650.0,10720091,1,0,4,0,0,0,0,135650.0,569950.0
2766,72,92,570050.0,135650.0,10720092,1,0,4,0,0,0,0,135650.0,570050.0
2767,72,93,570150.0,135650.0,10720093,1,0,4,0,0,0,0,135650.0,570150.0
2768,72,94,570250.0,135650.0,10720094,1,0,4,0,0,0,0,135650.0,570250.0
2769,72,95,570350.0,135650.0,10720095,1,0,4,0,0,0,0,135650.0,570350.0
2770,72,96,570450.0,135650.0,10720096,2,0,4,0,0,0,0,135650.0,570450.0
2771,72,97,570550.0,135650.0,10720097,2,0,4,0,0,0,0,135650.0,570550.0
2772,72,98,570650.0,135650.0,10720098,2,0,4,0,0,0,0,135650.0,570650.0
2773,72,99,570750.0,135650.0,10720099,2,0,4,0,0,0,0,135650.0,570750.0
2774,72,100,570850.0,135650.0,10720100,1,0,4,0,0,0,0,135650.0,570850.0
2775,72,101,570950.0,135650.0,10720101,1,0,4,0,0,0,0,135650.0,570950.0
2776,72,102,571050.0,135650.0,10720102,0,0,4,0,0,0,0,135650.0,571050.0
2777,72,103,571150.0,135650.0,10720103,0,0,4,0,0,0,0,135650.0,571150.0
2778,72,104,571250.0,135650.0,10720104,0,0,4,0,0,0,0,135650.0,571250.0
2779,72,105,571350.0,135650.0,10720105,1,0,4,0,0,0,0,135650.0,571350.0
2780,72,106,571450.0,135650.0,10720106,1,0,4,0,0,0,0,135650.0,571450.0
2781,72,107,571550.0,135650.0,10720107,2,0,4,0,0,0,0,135650.0,571550.0
2782,72,108,571650.0,135650.0,10720108,2,0,4,0,0,0,0,135650.0,571650.0
2783,72,109,571750.0,135650.0,10720109,2,0,4,0,0,0,0,135650.0,571750.0
2784,72,110,571850.0,135650.0,10720110,3,0,4,0,0,0,0,135650.0,571850.0
2785,72,111,571950.0,135650.0,10720111,3,0,4,0,0,0,0,135650.0,571950.0
2786,72,112,572050.0,135650.0,10720112,4,0,4,0,0,0,0,135650.0,572050.0
2787,72,113,572150.0,135650.0,10720113,4,0,4,0,0,0,0,135650.0,572150.0
2788,73,32,564050.0,135550.0,10730032,4,0,4,0,0,0,0,135550.0,564050.0
2789,73,33,564150.0,135550.0,10730033,4,0,4,0,0,0,0,135550.0,564150.0
2790,73,34,564250.0,135550.0,10730034,4,0,4,0,0,0,0,135550.0,564250.0
2791,73,35,564350.0,135550.0,10730035,4,0,4,0,0,0,0,135550.0,564350.0
2792,73,36,564450.0,135550.0,10730036,4,0,4,0,0,0,0,135550.0,564450.0
2793,73,37,564550.0,135550.0,10730037,4,0,4,0,0,0,0,135550.0,564550.0
2794,73,38,564650.0,135550.0,10730038,4,0,4,0,0,0,0,135550.0,564650.0
2795,73,39,564750.0,135550.0,10730039,3,0,4,0,0,0,0,135550.0,564750.0
2796,73,40,564850.0,135550.0,10730040,3,0,4,0,0,0,0,135550.0,564850.0
2797,73,41,564950.0,135550.0,10730041,3,0,4,0,0,0,0,135550.0,564950.0
2798,73,42,565050.0,135550.0,10730042,2,0,4,0,0,0,0,135550.0,565050.0
2799,73,43,565150.0,135550.0,10730043,2,0,4,0,0,0,0,135550.0,565150.0
2800,73,44,565250.0,135550.0,10730044,2,0,4,0,0,0,0,135550.0,565250.0
2801,73,45,565350.0,135550.0,10730045,2,0,4,0,0,0,0,135550.0,565350.0
2802,73,46,565450.0,135550.0,10730046,2,0,4,0,0,0,0,135550.0,565450.0
2803,73,47,565550.0,135550.0,10730047,1,0,3,0,0,0,0,135550.0,565550.0
2804,73,48,565650.0,135550.0,10730048,1,0,3,0,0,0,0,135550.0,565650.0
2805,73,49,565750.0,135550.0,10730049,0,0,2,0,0,0,0,135550.0,565750.0
2806,73,50,565850.0,135550.0,10730050,0,0,2,0,0,0,0,135550.0,565850.0
2807,73,51,565950.0,135550.0,10730051,0,0,1,0,0,0,0,135550.0,565950.0
2808,73,52,566050.0,135550.0,10730052,0,0,1,0,0,0,0,135550.0,566050.0
2809,73,53,566150.0,135550.0,10730053,0,0,1,0,0,0,0,135550.0,566150.0
2810,73,54,566250.0,135550.0,10730054,0,0,0,0,0,0,0,135550.0,566250.0
2811,73,55,566350.0,135550.0,10730055,0,0,0,0,0,0,0,135550.0,566350.0
2812,73,56,566450.0,135550.0,10730056,0,0,1,0,0,0,0,135550.0,566450.0
2813,73,57,566550.0,135550.0,10730057,0,0,1,0,0,0,0,135550.0,566550.0
2814,73,58,566650.0,135550.0,10730058,0,0,1,0,0,0,0,135550.0,566650.0
2815,73,59,566750.0,135550.0,10730059,0,1,2,0,0,0,0,135550.0,566750.0
2816,73,60,566850.0,135550.0,10730060,0,1,2,0,0,0,0,135550.0,566850.0
2817,73,61,566950.0,135550.0,10730061,0,1,1,0,0,0,0,135550.0,566950.0
2818,73,62,567050.0,135550.0,10730062,1,1,1,0,0,0,0,135550.0,567050.0
2819,73,63,567150.0,135550.0,10730063,1,2,1,0,0,0,0,135550.0,567150.0
2820,73,64,567250.0,135550.0,10730064,1,3,1,0,0,0,0,135550.0,567250.0
2821,73,65,567350.0,135550.0,10730065,1,4,1,0,0,0,0,135550.0,567350.0
2822,73,66,567450.0,135550.0,10730066,2,2,1,0,0,0,0,135550.0,567450.0
2823,73,67,567550.0,135550.0,10730067,2,1,0,0,0,0,0,135550.0,567550.0
2824,73,68,567650.0,135550.0,10730068,1,0,0,0,0,0,0,135550.0,567650.0
2825,73,69,567750.0,135550.0,10730069,1,0,0,0,0,0,0,135550.0,567750.0
2826,73,70,567850.0,135550.0,10730070,1,0,0,0,0,0,0,135550.0,567850.0
2827,73,71,567950.0,135550.0,10730071,0,0,1,1,0,0,0,135550.0,567950.0
2828,73,72,568050.0,135550.0,10730072,1,0,1,2,0,0,0,135550.0,568050.0
2829,73,73,568150.0,135550.0,10730073,1,0,2,2,0,0,0,135550.0,568150.0
2830,73,74,568250.0,135550.0,10730074,1,0,2,1,0,0,0,135550.0,568250.0
2831,73,75,568350.0,135550.0,10730075,1,0,2,1,0,0,0,135550.0,568350.0
2832,73,76,568450.0,135550.0,10730076,1,0,2,0,0,0,0,135550.0,568450.0
2833,73,77,568550.0,135550.0,10730077,1,0,2,0,0,0,0,135550.0,568550.0
2834,73,78,568650.0,135550.0,10730078,1,0,1,0,0,0,0,135550.0,568650.0
2835,73,79,568750.0,135550.0,10730079,1,0,1,0,0,0,0,135550.0,568750.0
2836,73,80,568850.0,135550.0,10730080,1,0,1,0,0,0,0,135550.0,568850.0
2837,73,81,568950.0,135550.0,10730081,1,0,1,0,0,0,0,135550.0,568950.0
2838,73,82,569050.0,135550.0,10730082,1,0,1,0,0,0,0,135550.0,569050.0
2839,73,83,569150.0,135550.0,10730083,1,0,1,0,0,0,0,135550.0,569150.0
2840,73,84,569250.0,135550.0,10730084,1,0,1,0,0,0,0,135550.0,569250.0
2841,73,85,569350.0,135550.0,10730085,1,0,1,0,0,0,0,135550.0,569350.0
2842,73,86,569450.0,135550.0,10730086,2,0,2,0,0,0,0,135550.0,569450.0
2843,73,87,569550.0,135550.0,10730087,2,0,2,0,0,0,0,135550.0,569550.0
2844,73,88,569650.0,135550.0,10730088,1,0,3,0,0,0,0,135550.0,569650.0
2845,73,89,569750.0,135550.0,10730089,1,0,3,0,0,0,0,135550.0,569750.0
2846,73,90,569850.0,135550.0,10730090,1,0,3,0,0,0,0,135550.0,569850.0
2847,73,91,569950.0,135550.0,10730091,1,0,4,0,0,0,0,135550.0,569950.0
2848,73,92,570050.0,135550.0,10730092,1,0,4,0,0,0,0,135550.0,570050.0
2849,73,93,570150.0,135550.0,10730093,1,0,4,0,0,0,0,135550.0,570150.0
2850,73,94,570250.0,135550.0,10730094,1,0,4,0,0,0,0,135550.0,570250.0
2851,73,95,570350.0,135550.0,10730095,2,0,4,0,0,0,0,135550.0,570350.0
2852,73,96,570450.0,135550.0,10730096,2,0,4,0,0,0,0,135550.0,570450.0
2853,73,97,570550.0,135550.0,10730097,2,0,4,0,0,0,0,135550.0,570550.0
2854,73,98,570650.0,135550.0,10730098,2,0,4,0,0,0,0,135550.0,570650.0
2855,73,99,570750.0,135550.0,10730099,2,0,4,0,0,0,0,135550.0,570750.0
2856,73,100,570850.0,135550.0,10730100,1,0,4,0,0,0,0,135550.0,570850.0
2857,73,101,570950.0,135550.0,10730101,1,0,4,0,0,0,0,135550.0,570950.0
2858,73,102,571050.0,135550.0,10730102,1,0,4,0,0,0,0,135550.0,571050.0
2859,73,103,571150.0,135550.0,10730103,1,0,4,0,0,0,0,135550.0,571150.0
2860,73,104,571250.0,135550.0,10730104,1,0,4,0,0,0,0,135550.0,571250.0
2861,73,105,571350.0,135550.0,10730105,1,0,4,0,0,0,0,135550.0,571350.0
2862,73,106,571450.0,135550.0,10730106,1,0,4,0,0,0,0,135550.0,571450.0
2863,73,107,571550.0,135550.0,10730107,2,0,4,0,0,0,0,135550.0,571550.0
2864,73,108,571650.0,135550.0,10730108,2,0,4,0,0,0,0,135550.0,571650.0
2865,73,109,571750.0,135550.0,10730109,3,0,4,0,0,0,0,135550.0,571750.0
2866,73,110,571850.0,135550.0,10730110,3,0,4,0,0,0,0,135550.0,571850.0
2867,73,111,571950.0,135550.0,10730111,4,0,4,0,0,0,0,135550.0,571950.0
2868,73,112,572050.0,135550.0,10730112,4,0,4,0,0,0,0,135550.0,572050.0
2869,73,113,572150.0,135550.0,10730113,4,0,4,0,0,0,0,135550.0,572150.0
2870,74,32,564050.0,135450.0,10740032,4,0,4,0,0,0,0,135450.0,564050.0
2871,74,33,564150.0,135450.0,10740033,4,0,4,0,0,0,0,135450.0,564150.0
2872,74,34,564250.0,135450.0,10740034,4,0,4,0,0,0,0,135450.0,564250.0
2873,74,35,564350.0,135450.0,10740035,4,0,4,0,0,0,0,135450.0,564350.0
2874,74,36,564450.0,135450.0,10740036,4,0,4,0,0,0,0,135450.0,564450.0
2875,74,37,564550.0,135450.0,10740037,4,0,4,0,0,0,0,135450.0,564550.0
2876,74,38,564650.0,135450.0,10740038,3,0,4,0,0,0,0,135450.0,564650.0
2877,74,39,564750.0,135450.0,10740039,3,0,4,0,0,0,0,135450.0,564750.0
2878,74,40,564850.0,135450.0,10740040,3,0,4,0,0,0,0,135450.0,564850.0
2879,74,41,564950.0,135450.0,10740041,2,0,4,0,0,0,0,135450.0,564950.0
2880,74,42,565050.0,135450.0,10740042,2,0,4,0,0,0,0,135450.0,565050.0
2881,74,43,565150.0,135450.0,10740043,2,0,4,0,0,0,0,135450.0,565150.0
2882,74,44,565250.0,135450.0,10740044,2,0,4,0,0,0,0,135450.0,565250.0
2883,74,45,565350.0,135450.0,10740045,2,0,4,0,0,0,0,135450.0,565350.0
2884,74,46,565450.0,135450.0,10740046,2,0,3,0,0,0,0,135450.0,565450.0
2885,74,47,565550.0,135450.0,10740047,1,0,3,0,0,0,0,135450.0,565550.0
2886,74,48,565650.0,135450.0,10740048,1,0,3,0,0,0,0,135450.0,565650.0
2887,74,49,565750.0,135450.0,10740049,0,0,2,0,0,0,0,135450.0,565750.0
2888,74,50,565850.0,135450.0,10740050,0,0,2,0,0,0,0,135450.0,565850.0
2889,74,51,565950.0,135450.0,10740051,0,0,2,0,0,0,0,135450.0,565950.0
2890,74,52,566050.0,135450.0,10740052,0,0,1,0,0,0,0,135450.0,566050.0
2891,74,53,566150.0,135450.0,10740053,0,0,1,0,0,0,0,135450.0,566150.0
2892,74,54,566250.0,135450.0,10740054,0,0,1,0,0,0,0,135450.0,566250.0
2893,74,55,566350.0,135450.0,10740055,0,0,1,0,0,0,0,135450.0,566350.0
2894,74,56,566450.0,135450.0,10740056,0,0,1,0,0,0,0,135450.0,566450.0
2895,74,57,566550.0,135450.0,10740057,0,0,1,0,0,0,0,135450.0,566550.0
2896,74,58,566650.0,135450.0,10740058,0,0,2,0,0,0,0,135450.0,566650.0
2897,74,59,566750.0,135450.0,10740059,0,1,2,0,0,0,0,135450.0,566750.0
2898,74,60,566850.0,135450.0,10740060,0,2,2,0,0,0,0,135450.0,566850.0
2899,74,61,566950.0,135450.0,10740061,0,2,2,0,0,0,0,135450.0,566950.0
2900,74,62,567050.0,135450.0,10740062,1,2,2,0,0,0,0,135450.0,567050.0
2901,74,63,567150.0,135450.0,10740063,1,2,1,0,0,0,0,135450.0,567150.0
2902,74,64,567250.0,135450.0,10740064,1,2,1,0,0,0,0,135450.0,567250.0
2903,74,65,567350.0,135450.0,10740065,1,2,2,0,0,0,0,135450.0,567350.0
2904,74,66,567450.0,135450.0,10740066,1,2,1,0,0,0,0,135450.0,567450.0
2905,74,67,567550.0,135450.0,10740067,1,1,1,0,0,0,0,135450.0,567550.0
2906,74,68,567650.0,135450.0,10740068,1,0,0,0,0,0,0,135450.0,567650.0
2907,74,69,567750.0,135450.0,10740069,1,0,0,0,0,0,0,135450.0,567750.0
2908,74,70,567850.0,135450.0,10740070,0,0,0,0,0,0,0,135450.0,567850.0
2909,74,71,567950.0,135450.0,10740071,0,0,1,1,0,0,0,135450.0,567950.0
2910,74,72,568050.0,135450.0,10740072,0,0,1,1,0,0,0,135450.0,568050.0
2911,74,73,568150.0,135450.0,10740073,1,0,2,1,0,0,0,135450.0,568150.0
2912,74,74,568250.0,135450.0,10740074,1,0,2,1,0,0,0,135450.0,568250.0
2913,74,75,568350.0,135450.0,10740075,0,0,3,0,0,0,0,135450.0,568350.0
2914,74,76,568450.0,135450.0,10740076,0,0,2,0,0,0,0,135450.0,568450.0
2915,74,77,568550.0,135450.0,10740077,0,0,2,0,0,0,0,135450.0,568550.0
2916,74,78,568650.0,135450.0,10740078,1,0,2,0,0,0,0,135450.0,568650.0
2917,74,79,568750.0,135450.0,10740079,1,0,1,0,0,0,0,135450.0,568750.0
2918,74,80,568850.0,135450.0,10740080,1,0,1,0,0,0,0,135450.0,568850.0
2919,74,81,568950.0,135450.0,10740081,0,0,0,0,0,0,0,135450.0,568950.0
2920,74,82,569050.0,135450.0,10740082,0,0,0,0,0,0,0,135450.0,569050.0
2921,74,83,569150.0,135450.0,10740083,0,0,0,0,0,0,0,135450.0,569150.0
2922,74,84,569250.0,135450.0,10740084,1,0,1,0,0,0,0,135450.0,569250.0
2923,74,85,569350.0,135450.0,10740085,1,0,1,0,0,0,0,135450.0,569350.0
2924,74,86,569450.0,135450.0,10740086,1,0,1,0,0,0,0,135450.0,569450.0
2925,74,87,569550.0,135450.0,10740087,1,0,2,0,0,0,0,135450.0,569550.0
2926,74,88,569650.0,135450.0,10740088,1,0,2,0,0,0,0,135450.0,569650.0
2927,74,89,569750.0,135450.0,10740089,0,0,3,0,0,0,0,135450.0,569750.0
2928,74,90,569850.0,135450.0,10740090,0,0,3,0,0,0,0,135450.0,569850.0
2929,74,91,569950.0,135450.0,10740091,0,0,4,0,0,0,0,135450.0,569950.0
2930,74,92,570050.0,135450.0,10740092,0,0,4,0,0,0,0,135450.0,570050.0
2931,74,93,570150.0,135450.0,10740093,1,0,4,0,0,0,0,135450.0,570150.0
2932,74,94,570250.0,135450.0,10740094,1,0,4,0,0,0,0,135450.0,570250.0
2933,74,95,570350.0,135450.0,10740095,2,0,4,0,0,0,0,135450.0,570350.0
2934,74,96,570450.0,135450.0,10740096,2,0,4,0,0,0,0,135450.0,570450.0
2935,74,97,570550.0,135450.0,10740097,3,0,4,0,0,0,0,135450.0,570550.0
2936,74,98,570650.0,135450.0,10740098,3,0,4,0,0,0,0,135450.0,570650.0
2937,74,99,570750.0,135450.0,10740099,2,0,4,0,0,0,0,135450.0,570750.0
2938,74,100,570850.0,135450.0,10740100,2,0,4,0,0,0,0,135450.0,570850.0
2939,74,101,570950.0,135450.0,10740101,1,0,4,0,0,0,0,135450.0,570950.0
2940,74,102,571050.0,135450.0,10740102,1,0,4,0,0,0,0,135450.0,571050.0
2941,74,103,571150.0,135450.0,10740103,1,0,4,0,0,0,0,135450.0,571150.0
2942,74,104,571250.0,135450.0,10740104,1,0,4,0,0,0,0,135450.0,571250.0
2943,74,105,571350.0,135450.0,10740105,1,0,4,0,0,0,0,135450.0,571350.0
2944,74,106,571450.0,135450.0,10740106,2,0,4,0,0,0,0,135450.0,571450.0
2945,74,107,571550.0,135450.0,10740107,2,0,4,0,0,0,0,135450.0,571550.0
2946,74,108,571650.0,135450.0,10740108,2,0,4,0,0,0,0,135450.0,571650.0
2947,74,109,571750.0,135450.0,10740109,3,0,4,0,0,0,0,135450.0,571750.0
2948,74,110,571850.0,135450.0,10740110,3,0,4,0,0,0,0,135450.0,571850.0
2949,74,111,571950.0,135450.0,10740111,4,0,4,0,0,0,0,135450.0,571950.0
2950,74,112,572050.0,135450.0,10740112,4,0,4,0,0,0,0,135450.0,572050.0
2951,74,113,572150.0,135450.0,10740113,4,0,4,0,0,0,0,135450.0,572150.0
2952,75,32,564050.0,135350.0,10750032,4,0,4,0,0,0,0,135350.0,564050.0
2953,75,33,564150.0,135350.0,10750033,4,0,4,0,0,0,0,135350.0,564150.0
2954,75,34,564250.0,135350.0,10750034,4,0,4,0,0,0,0,135350.0,564250.0
2955,75,35,564350.0,135350.0,10750035,4,0,4,0,0,0,0,135350.0,564350.0
2956,75,36,564450.0,135350.0,10750036,4,0,4,0,0,0,0,135350.0,564450.0
2957,75,37,564550.0,135350.0,10750037,4,0,4,0,0,0,0,135350.0,564550.0
2958,75,38,564650.0,135350.0,10750038,3,0,4,0,0,0,0,135350.0,564650.0
2959,75,39,564750.0,135350.0,10750039,3,0,4,0,0,0,0,135350.0,564750.0
2960,75,40,564850.0,135350.0,10750040,2,0,4,0,0,0,0,135350.0,564850.0
2961,75,41,564950.0,135350.0,10750041,2,0,4,0,0,0,0,135350.0,564950.0
2962,75,42,565050.0,135350.0,10750042,2,0,4,0,0,0,0,135350.0,565050.0
2963,75,43,565150.0,135350.0,10750043,1,0,4,0,0,0,0,135350.0,565150.0
2964,75,44,565250.0,135350.0,10750044,1,0,4,0,0,0,0,135350.0,565250.0
2965,75,45,565350.0,135350.0,10750045,1,0,4,0,0,0,0,135350.0,565350.0
2966,75,46,565450.0,135350.0,10750046,1,0,3,0,0,0,0,135350.0,565450.0
2967,75,47,565550.0,135350.0,10750047,1,0,3,0,0,0,0,135350.0,565550.0
2968,75,48,565650.0,135350.0,10750048,1,0,2,0,0,0,0,135350.0,565650.0
2969,75,49,565750.0,135350.0,10750049,0,0,2,0,0,0,0,135350.0,565750.0
2970,75,50,565850.0,135350.0,10750050,0,0,2,0,0,0,0,135350.0,565850.0
2971,75,51,565950.0,135350.0,10750051,0,0,1,0,0,0,0,135350.0,565950.0
2972,75,52,566050.0,135350.0,10750052,0,0,1,0,0,0,0,135350.0,566050.0
2973,75,53,566150.0,135350.0,10750053,1,0,1,0,0,0,0,135350.0,566150.0
2974,75,54,566250.0,135350.0,10750054,1,0,1,0,0,0,0,135350.0,566250.0
2975,75,55,566350.0,135350.0,10750055,0,0,1,0,0,0,0,135350.0,566350.0
2976,75,56,566450.0,135350.0,10750056,0,0,1,0,0,0,0,135350.0,566450.0
2977,75,57,566550.0,135350.0,10750057,0,0,2,0,0,0,0,135350.0,566550.0
2978,75,58,566650.0,135350.0,10750058,0,1,2,0,0,0,0,135350.0,566650.0
2979,75,59,566750.0,135350.0,10750059,0,2,2,0,0,0,0,135350.0,566750.0
2980,75,60,566850.0,135350.0,10750060,0,3,2,0,0,0,0,135350.0,566850.0
2981,75,61,566950.0,135350.0,10750061,0,4,2,0,0,0,0,135350.0,566950.0
2982,75,62,567050.0,135350.0,10750062,0,2,2,0,0,0,0,135350.0,567050.0
2983,75,63,567150.0,135350.0,10750063,0,1,2,0,0,0,0,135350.0,567150.0
2984,75,64,567250.0,135350.0,10750064,1,1,2,0,0,0,0,135350.0,567250.0
2985,75,65,567350.0,135350.0,10750065,1,1,2,0,0,0,0,135350.0,567350.0
2986,75,66,567450.0,135350.0,10750066,1,1,1,0,0,0,0,135350.0,567450.0
2987,75,67,567550.0,135350.0,10750067,1,0,1,0,0,0,0,135350.0,567550.0
2988,75,68,567650.0,135350.0,10750068,1,1,1,0,0,0,0,135350.0,567650.0
2989,75,69,567750.0,135350.0,10750069,0,1,1,0,0,0,0,135350.0,567750.0
2990,75,70,567850.0,135350.0,10750070,0,1,1,0,0,0,0,135350.0,567850.0
2991,75,71,567950.0,135350.0,10750071,0,0,1,0,0,0,0,135350.0,567950.0
2992,75,72,568050.0,135350.0,10750072,0,0,1,0,0,0,0,135350.0,568050.0
2993,75,73,568150.0,135350.0,10750073,1,0,2,0,0,0,0,135350.0,568150.0
2994,75,74,568250.0,135350.0,10750074,1,0,2,0,0,0,0,135350.0,568250.0
2995,75,75,568350.0,135350.0,10750075,0,0,3,0,0,0,0,135350.0,568350.0
2996,75,76,568450.0,135350.0,10750076,0,0,3,0,0,0,0,135350.0,568450.0
2997,75,77,568550.0,135350.0,10750077,0,0,2,0,0,0,0,135350.0,568550.0
2998,75,78,568650.0,135350.0,10750078,0,0,2,0,0,0,0,135350.0,568650.0
2999,75,79,568750.0,135350.0,10750079,1,0,1,0,0,0,0,135350.0,568750.0
3000,75,80,568850.0,135350.0,10750080,1,0,1,0,0,0,0,135350.0,568850.0
3001,75,81,568950.0,135350.0,10750081,0,0,0,0,0,0,0,135350.0,568950.0
3002,75,82,569050.0,135350.0,10750082,0,0,0,0,0,0,0,135350.0,569050.0
3003,75,83,569150.0,135350.0,10750083,0,0,0,0,0,0,0,135350.0,569150.0
3004,75,84,569250.0,135350.0,10750084,0,0,0,0,0,0,0,135350.0,569250.0
3005,75,85,569350.0,135350.0,10750085,1,0,1,0,0,0,0,135350.0,569350.0
3006,75,86,569450.0,135350.0,10750086,1,0,1,0,0,0,0,135350.0,569450.0
3007,75,87,569550.0,135350.0,10750087,1,0,2,0,0,0,0,135350.0,569550.0
3008,75,88,569650.0,135350.0,10750088,1,0,2,0,0,0,0,135350.0,569650.0
3009,75,89,569750.0,135350.0,10750089,0,0,3,0,0,0,0,135350.0,569750.0
3010,75,90,569850.0,135350.0,10750090,0,0,3,0,0,0,0,135350.0,569850.0
3011,75,91,569950.0,135350.0,10750091,0,0,4,0,0,0,0,135350.0,569950.0
3012,75,92,570050.0,135350.0,10750092,0,0,4,0,0,0,0,135350.0,570050.0
3013,75,93,570150.0,135350.0,10750093,1,0,4,0,0,0,0,135350.0,570150.0
3014,75,94,570250.0,135350.0,10750094,1,0,4,0,0,0,0,135350.0,570250.0
3015,75,95,570350.0,135350.0,10750095,2,0,4,0,0,0,0,135350.0,570350.0
3016,75,96,570450.0,135350.0,10750096,2,0,4,0,0,0,0,135350.0,570450.0
3017,75,97,570550.0,135350.0,10750097,2,0,4,0,0,0,0,135350.0,570550.0
3018,75,98,570650.0,135350.0,10750098,3,0,4,0,0,0,0,135350.0,570650.0
3019,75,99,570750.0,135350.0,10750099,2,0,4,0,0,0,0,135350.0,570750.0
3020,75,100,570850.0,135350.0,10750100,2,0,4,0,0,0,0,135350.0,570850.0
3021,75,101,570950.0,135350.0,10750101,2,0,4,0,0,0,0,135350.0,570950.0
3022,75,102,571050.0,135350.0,10750102,1,0,4,0,0,0,0,135350.0,571050.0
3023,75,103,571150.0,135350.0,10750103,1,0,4,0,0,0,0,135350.0,571150.0
3024,75,104,571250.0,135350.0,10750104,1,0,4,0,0,0,0,135350.0,571250.0
3025,75,105,571350.0,135350.0,10750105,1,0,4,0,0,0,0,135350.0,571350.0
3026,75,106,571450.0,135350.0,10750106,2,0,4,0,0,0,0,135350.0,571450.0
3027,75,107,571550.0,135350.0,10750107,2,0,4,0,0,0,0,135350.0,571550.0
3028,75,108,571650.0,135350.0,10750108,2,0,4,0,0,0,0,135350.0,571650.0
3029,75,109,571750.0,135350.0,10750109,3,0,4,0,0,0,0,135350.0,571750.0
3030,75,110,571850.0,135350.0,10750110,3,0,4,0,0,0,0,135350.0,571850.0
3031,75,111,571950.0,135350.0,10750111,4,0,4,0,0,0,0,135350.0,571950.0
3032,75,112,572050.0,135350.0,10750112,4,0,4,0,0,0,0,135350.0,572050.0
3033,75,113,572150.0,135350.0,10750113,4,0,4,0,0,0,0,135350.0,572150.0
3034,76,32,564050.0,135250.0,10760032,4,0,4,0,0,0,0,135250.0,564050.0
3035,76,33,564150.0,135250.0,10760033,4,0,4,0,0,0,0,135250.0,564150.0
3036,76,34,564250.0,135250.0,10760034,4,0,4,0,0,0,0,135250.0,564250.0
3037,76,35,564350.0,135250.0,10760035,4,0,4,0,0,0,0,135250.0,564350.0
3038,76,36,564450.0,135250.0,10760036,4,0,4,0,0,0,0,135250.0,564450.0
3039,76,37,564550.0,135250.0,10760037,3,0,4,0,0,0,0,135250.0,564550.0
3040,76,38,564650.0,135250.0,10760038,3,0,4,0,0,0,0,135250.0,564650.0
3041,76,39,564750.0,135250.0,10760039,2,0,4,0,0,0,0,135250.0,564750.0
3042,76,40,564850.0,135250.0,10760040,2,0,4,0,0,0,0,135250.0,564850.0
3043,76,41,564950.0,135250.0,10760041,2,0,4,0,0,0,0,135250.0,564950.0
3044,76,42,565050.0,135250.0,10760042,1,0,4,0,0,0,0,135250.0,565050.0
3045,76,43,565150.0,135250.0,10760043,1,0,4,0,0,0,0,135250.0,565150.0
3046,76,44,565250.0,135250.0,10760044,1,0,4,0,0,0,0,135250.0,565250.0
3047,76,45,565350.0,135250.0,10760045,1,0,3,0,0,0,0,135250.0,565350.0
3048,76,46,565450.0,135250.0,10760046,1,0,3,0,0,0,0,135250.0,565450.0
3049,76,47,565550.0,135250.0,10760047,1,0,2,0,0,0,0,135250.0,565550.0
3050,76,48,565650.0,135250.0,10760048,1,0,2,0,0,0,0,135250.0,565650.0
3051,76,49,565750.0,135250.0,10760049,1,0,2,0,0,0,0,135250.0,565750.0
3052,76,50,565850.0,135250.0,10760050,0,0,1,0,0,0,0,135250.0,565850.0
3053,76,51,565950.0,135250.0,10760051,0,0,1,0,0,0,0,135250.0,565950.0
3054,76,52,566050.0,135250.0,10760052,1,0,1,0,0,0,0,135250.0,566050.0
3055,76,53,566150.0,135250.0,10760053,1,0,1,0,0,0,0,135250.0,566150.0
3056,76,54,566250.0,135250.0,10760054,1,0,1,0,0,0,0,135250.0,566250.0
3057,76,55,566350.0,135250.0,10760055,1,0,1,0,0,0,0,135250.0,566350.0
3058,76,56,566450.0,135250.0,10760056,1,0,2,0,0,0,0,135250.0,566450.0
3059,76,57,566550.0,135250.0,10760057,0,0,2,0,0,0,0,135250.0,566550.0
3060,76,58,566650.0,135250.0,10760058,0,1,2,0,0,0,0,135250.0,566650.0
3061,76,59,566750.0,135250.0,10760059,0,2,3,0,0,0,0,135250.0,566750.0
3062,76,60,566850.0,135250.0,10760060,0,2,3,0,0,0,0,135250.0,566850.0
3063,76,61,566950.0,135250.0,10760061,0,3,3,0,0,0,0,135250.0,566950.0
3064,76,62,567050.0,135250.0,10760062,0,2,3,0,0,0,0,135250.0,567050.0
3065,76,63,567150.0,135250.0,10760063,0,1,2,0,0,0,0,135250.0,567150.0
3066,76,64,567250.0,135250.0,10760064,1,0,2,0,0,0,0,135250.0,567250.0
3067,76,65,567350.0,135250.0,10760065,0,1,2,0,0,0,0,135250.0,567350.0
3068,76,66,567450.0,135250.0,10760066,0,1,2,0,0,0,0,135250.0,567450.0
3069,76,67,567550.0,135250.0,10760067,1,1,1,0,0,0,0,135250.0,567550.0
3070,76,68,567650.0,135250.0,10760068,1,2,1,0,0,0,0,135250.0,567650.0
3071,76,69,567750.0,135250.0,10760069,1,2,1,0,0,0,0,135250.0,567750.0
3072,76,70,567850.0,135250.0,10760070,0,1,1,0,0,0,0,135250.0,567850.0
3073,76,71,567950.0,135250.0,10760071,0,1,1,0,0,0,0,135250.0,567950.0
3074,76,72,568050.0,135250.0,10760072,0,1,2,0,0,0,0,135250.0,568050.0
3075,76,73,568150.0,135250.0,10760073,0,0,2,0,0,0,0,135250.0,568150.0
3076,76,74,568250.0,135250.0,10760074,0,0,3,0,0,0,0,135250.0,568250.0
3077,76,75,568350.0,135250.0,10760075,0,0,3,0,0,0,0,135250.0,568350.0
3078,76,76,568450.0,135250.0,10760076,0,0,3,0,0,0,0,135250.0,568450.0
3079,76,77,568550.0,135250.0,10760077,0,0,2,0,0,0,0,135250.0,568550.0
3080,76,78,568650.0,135250.0,10760078,0,0,2,0,0,0,0,135250.0,568650.0
3081,76,79,568750.0,135250.0,10760079,1,0,1,0,0,0,0,135250.0,568750.0
3082,76,80,568850.0,135250.0,10760080,1,0,1,0,0,0,0,135250.0,568850.0
3083,76,81,568950.0,135250.0,10760081,0,0,0,0,0,0,0,135250.0,568950.0
3084,76,82,569050.0,135250.0,10760082,0,0,0,0,0,0,0,135250.0,569050.0
3085,76,83,569150.0,135250.0,10760083,0,0,0,0,0,0,0,135250.0,569150.0
3086,76,84,569250.0,135250.0,10760084,0,0,0,0,0,0,0,135250.0,569250.0
3087,76,85,569350.0,135250.0,10760085,1,0,1,0,0,0,0,135250.0,569350.0
3088,76,86,569450.0,135250.0,10760086,1,0,1,0,0,0,0,135250.0,569450.0
3089,76,87,569550.0,135250.0,10760087,1,0,2,0,0,0,0,135250.0,569550.0
3090,76,88,569650.0,135250.0,10760088,1,0,2,0,0,0,0,135250.0,569650.0
3091,76,89,569750.0,135250.0,10760089,0,0,3,0,0,0,0,135250.0,569750.0
3092,76,90,569850.0,135250.0,10760090,0,0,3,0,0,0,0,135250.0,569850.0
3093,76,91,569950.0,135250.0,10760091,0,0,4,0,0,0,0,135250.0,569950.0
3094,76,92,570050.0,135250.0,10760092,0,0,4,0,0,0,0,135250.0,570050.0
3095,76,93,570150.0,135250.0,10760093,1,0,4,0,0,0,0,135250.0,570150.0
3096,76,94,570250.0,135250.0,10760094,1,0,4,0,0,0,0,135250.0,570250.0
3097,76,95,570350.0,135250.0,10760095,1,0,4,0,0,0,0,135250.0,570350.0
3098,76,96,570450.0,135250.0,10760096,2,0,4,0,0,0,0,135250.0,570450.0
3099,76,97,570550.0,135250.0,10760097,2,0,4,0,0,0,0,135250.0,570550.0
3100,76,98,570650.0,135250.0,10760098,2,0,4,0,0,0,0,135250.0,570650.0
3101,76,99,570750.0,135250.0,10760099,2,0,4,0,0,0,0,135250.0,570750.0
3102,76,100,570850.0,135250.0,10760100,2,0,4,0,0,0,0,135250.0,570850.0
3103,76,101,570950.0,135250.0,10760101,1,0,4,0,0,0,0,135250.0,570950.0
3104,76,102,571050.0,135250.0,10760102,1,0,4,0,0,0,0,135250.0,571050.0
3105,76,103,571150.0,135250.0,10760103,1,0,4,0,0,0,0,135250.0,571150.0
3106,76,104,571250.0,135250.0,10760104,1,0,4,0,0,0,0,135250.0,571250.0
3107,76,105,571350.0,135250.0,10760105,1,0,4,0,0,0,0,135250.0,571350.0
3108,76,106,571450.0,135250.0,10760106,1,0,4,0,0,0,0,135250.0,571450.0
3109,76,107,571550.0,135250.0,10760107,2,0,4,0,0,0,0,135250.0,571550.0
3110,76,108,571650.0,135250.0,10760108,2,0,4,0,0,0,0,135250.0,571650.0
3111,76,109,571750.0,135250.0,10760109,2,0,4,0,0,0,0,135250.0,571750.0
3112,76,110,571850.0,135250.0,10760110,3,0,4,0,0,0,0,135250.0,571850.0
3113,76,111,571950.0,135250.0,10760111,3,0,4,0,0,0,0,135250.0,571950.0
3114,76,112,572050.0,135250.0,10760112,4,0,4,0,0,0,0,135250.0,572050.0
3115,76,113,572150.0,135250.0,10760113,4,0,4,0,0,0,0,135250.0,572150.0
3116,77,32,564050.0,135150.0,10770032,4,0,4,0,0,0,0,135150.0,564050.0
3117,77,33,564150.0,135150.0,10770033,4,0,4,0,0,0,0,135150.0,564150.0
3118,77,34,564250.0,135150.0,10770034,4,0,4,0,0,0,0,135150.0,564250.0
3119,77,35,564350.0,135150.0,10770035,4,0,4,0,0,0,0,135150.0,564350.0
3120,77,36,564450.0,135150.0,10770036,4,0,4,0,0,0,0,135150.0,564450.0
3121,77,37,564550.0,135150.0,10770037,3,0,4,0,0,0,0,135150.0,564550.0
3122,77,38,564650.0,135150.0,10770038,3,0,4,0,0,0,0,135150.0,564650.0
3123,77,39,564750.0,135150.0,10770039,2,0,4,0,0,0,0,135150.0,564750.0
3124,77,40,564850.0,135150.0,10770040,2,0,4,0,0,0,0,135150.0,564850.0
3125,77,41,564950.0,135150.0,10770041,1,0,4,0,0,0,0,135150.0,564950.0
3126,77,42,565050.0,135150.0,10770042,1,0,4,0,0,0,0,135150.0,565050.0
3127,77,43,565150.0,135150.0,10770043,0,0,4,0,0,0,0,135150.0,565150.0
3128,77,44,565250.0,135150.0,10770044,0,0,4,0,0,0,0,135150.0,565250.0
3129,77,45,565350.0,135150.0,10770045,0,0,3,0,0,0,0,135150.0,565350.0
3130,77,46,565450.0,135150.0,10770046,0,0,3,0,0,0,0,135150.0,565450.0
3131,77,47,565550.0,135150.0,10770047,1,0,2,0,0,0,0,135150.0,565550.0
3132,77,48,565650.0,135150.0,10770048,1,0,2,0,0,0,0,135150.0,565650.0
3133,77,49,565750.0,135150.0,10770049,1,0,1,0,0,0,0,135150.0,565750.0
3134,77,50,565850.0,135150.0,10770050,1,0,1,0,0,0,0,135150.0,565850.0
3135,77,51,565950.0,135150.0,10770051,1,0,1,0,0,0,0,135150.0,565950.0
3136,77,52,566050.0,135150.0,10770052,0,0,0,0,0,0,0,135150.0,566050.0
3137,77,53,566150.0,135150.0,10770053,0,0,0,0,0,0,0,135150.0,566150.0
3138,77,54,566250.0,135150.0,10770054,0,0,1,0,0,0,0,135150.0,566250.0
3139,77,55,566350.0,135150.0,10770055,0,0,1,0,0,0,0,135150.0,566350.0
3140,77,56,566450.0,135150.0,10770056,0,0,1,0,0,0,0,135150.0,566450.0
3141,77,57,566550.0,135150.0,10770057,0,0,2,0,0,0,0,135150.0,566550.0
3142,77,58,566650.0,135150.0,10770058,0,0,2,0,0,0,0,135150.0,566650.0
3143,77,59,566750.0,135150.0,10770059,0,1,3,0,0,0,0,135150.0,566750.0
3144,77,60,566850.0,135150.0,10770060,0,2,3,0,0,0,0,135150.0,566850.0
3145,77,61,566950.0,135150.0,10770061,0,2,3,0,0,0,0,135150.0,566950.0
3146,77,62,567050.0,135150.0,10770062,0,1,3,0,0,0,0,135150.0,567050.0
3147,77,63,567150.0,135150.0,10770063,0,1,3,0,0,0,0,135150.0,567150.0
3148,77,64,567250.0,135150.0,10770064,0,0,3,0,0,0,0,135150.0,567250.0
3149,77,65,567350.0,135150.0,10770065,0,1,2,0,0,0,0,135150.0,567350.0
3150,77,66,567450.0,135150.0,10770066,0,2,2,0,0,0,0,135150.0,567450.0
3151,77,67,567550.0,135150.0,10770067,0,2,2,0,0,0,0,135150.0,567550.0
3152,77,68,567650.0,135150.0,10770068,0,3,2,0,0,0,0,135150.0,567650.0
3153,77,69,567750.0,135150.0,10770069,0,3,2,0,0,0,0,135150.0,567750.0
3154,77,70,567850.0,135150.0,10770070,0,2,2,0,0,0,0,135150.0,567850.0
3155,77,71,567950.0,135150.0,10770071,0,2,2,0,0,0,0,135150.0,567950.0
3156,77,72,568050.0,135150.0,10770072,0,1,2,0,0,0,0,135150.0,568050.0
3157,77,73,568150.0,135150.0,10770073,0,1,2,0,0,0,0,135150.0,568150.0
3158,77,74,568250.0,135150.0,10770074,0,0,3,0,0,0,0,135150.0,568250.0
3159,77,75,568350.0,135150.0,10770075,0,0,3,0,0,0,0,135150.0,568350.0
3160,77,76,568450.0,135150.0,10770076,0,0,3,0,0,0,0,135150.0,568450.0
3161,77,77,568550.0,135150.0,10770077,0,0,2,0,0,0,0,135150.0,568550.0
3162,77,78,568650.0,135150.0,10770078,0,0,2,0,0,0,0,135150.0,568650.0
3163,77,79,568750.0,135150.0,10770079,1,0,1,0,0,0,0,135150.0,568750.0
3164,77,80,568850.0,135150.0,10770080,1,0,1,0,0,0,0,135150.0,568850.0
3165,77,81,568950.0,135150.0,10770081,1,0,1,0,0,0,0,135150.0,568950.0
3166,77,82,569050.0,135150.0,10770082,0,0,0,0,0,0,0,135150.0,569050.0
3167,77,83,569150.0,135150.0,10770083,0,0,0,0,0,0,0,135150.0,569150.0
3168,77,84,569250.0,135150.0,10770084,1,0,1,0,0,0,0,135150.0,569250.0
3169,77,85,569350.0,135150.0,10770085,1,0,1,0,0,0,0,135150.0,569350.0
3170,77,86,569450.0,135150.0,10770086,1,0,2,0,0,0,0,135150.0,569450.0
3171,77,87,569550.0,135150.0,10770087,0,0,2,0,0,0,0,135150.0,569550.0
3172,77,88,569650.0,135150.0,10770088,1,0,2,0,0,0,0,135150.0,569650.0
3173,77,89,569750.0,135150.0,10770089,1,0,3,0,0,0,0,135150.0,569750.0
3174,77,90,569850.0,135150.0,10770090,0,0,3,0,0,0,0,135150.0,569850.0
3175,77,91,569950.0,135150.0,10770091,0,0,4,0,0,0,0,135150.0,569950.0
3176,77,92,570050.0,135150.0,10770092,0,0,4,0,0,0,0,135150.0,570050.0
3177,77,93,570150.0,135150.0,10770093,0,0,4,0,0,0,0,135150.0,570150.0
3178,77,94,570250.0,135150.0,10770094,0,0,4,0,0,0,0,135150.0,570250.0
3179,77,95,570350.0,135150.0,10770095,1,0,4,0,0,0,0,135150.0,570350.0
3180,77,96,570450.0,135150.0,10770096,1,0,4,0,0,0,0,135150.0,570450.0
3181,77,97,570550.0,135150.0,10770097,2,0,4,0,0,0,0,135150.0,570550.0
3182,77,98,570650.0,135150.0,10770098,2,0,4,0,0,0,0,135150.0,570650.0
3183,77,99,570750.0,135150.0,10770099,2,0,4,0,0,0,0,135150.0,570750.0
3184,77,100,570850.0,135150.0,10770100,1,0,4,0,0,0,0,135150.0,570850.0
3185,77,101,570950.0,135150.0,10770101,1,0,4,0,0,0,0,135150.0,570950.0
3186,77,102,571050.0,135150.0,10770102,1,0,4,0,0,0,0,135150.0,571050.0
3187,77,103,571150.0,135150.0,10770103,0,0,4,0,0,0,0,135150.0,571150.0
3188,77,104,571250.0,135150.0,10770104,0,0,4,0,0,0,0,135150.0,571250.0
3189,77,105,571350.0,135150.0,10770105,1,0,4,0,0,0,0,135150.0,571350.0
3190,77,106,571450.0,135150.0,10770106,1,0,4,0,0,0,0,135150.0,571450.0
3191,77,107,571550.0,135150.0,10770107,1,0,4,0,0,0,0,135150.0,571550.0
3192,77,108,571650.0,135150.0,10770108,2,0,4,0,0,0,0,135150.0,571650.0
3193,77,109,571750.0,135150.0,10770109,2,0,4,0,0,0,0,135150.0,571750.0
3194,77,110,571850.0,135150.0,10770110,3,0,4,0,0,0,0,135150.0,571850.0
3195,77,111,571950.0,135150.0,10770111,3,0,4,0,0,0,0,135150.0,571950.0
3196,77,112,572050.0,135150.0,10770112,4,0,4,0,0,0,0,135150.0,572050.0
3197,77,113,572150.0,135150.0,10770113,4,0,4,0,0,0,0,135150.0,572150.0
3198,78,32,564050.0,135050.0,10780032,4,0,4,0,0,0,0,135050.0,564050.0
3199,78,33,564150.0,135050.0,10780033,4,0,4,0,0,0,0,135050.0,564150.0
3200,78,34,564250.0,135050.0,10780034,4,0,4,0,0,0,0,135050.0,564250.0
3201,78,35,564350.0,135050.0,10780035,4,0,4,0,0,0,0,135050.0,564350.0
3202,78,36,564450.0,135050.0,10780036,4,0,4,0,0,0,0,135050.0,564450.0
3203,78,37,564550.0,135050.0,10780037,3,0,4,0,0,0,0,135050.0,564550.0
3204,78,38,564650.0,135050.0,10780038,3,0,4,0,0,0,0,135050.0,564650.0
3205,78,39,564750.0,135050.0,10780039,2,0,4,0,0,0,0,135050.0,564750.0
3206,78,40,564850.0,135050.0,10780040,2,0,4,0,0,0,0,135050.0,564850.0
3207,78,41,564950.0,135050.0,10780041,1,0,4,0,0,0,0,135050.0,564950.0
3208,78,42,565050.0,135050.0,10780042,1,0,4,0,0,0,0,135050.0,565050.0
3209,78,43,565150.0,135050.0,10780043,0,0,4,0,0,0,0,135050.0,565150.0
3210,78,44,565250.0,135050.0,10780044,0,0,4,0,0,0,0,135050.0,565250.0
3211,78,45,565350.0,135050.0,10780045,0,0,3,0,0,0,0,135050.0,565350.0
3212,78,46,565450.0,135050.0,10780046,0,0,3,0,0,0,0,135050.0,565450.0
3213,78,47,565550.0,135050.0,10780047,1,0,2,0,0,0,0,135050.0,565550.0
3214,78,48,565650.0,135050.0,10780048,1,0,2,0,0,0,0,135050.0,565650.0
3215,78,49,565750.0,135050.0,10780049,1,0,1,0,0,0,0,135050.0,565750.0
3216,78,50,565850.0,135050.0,10780050,1,0,1,0,0,0,0,135050.0,565850.0
3217,78,51,565950.0,135050.0,10780051,0,0,0,0,0,0,0,135050.0,565950.0
3218,78,52,566050.0,135050.0,10780052,0,0,0,0,0,0,0,135050.0,566050.0
3219,78,53,566150.0,135050.0,10780053,0,0,0,0,0,0,0,135050.0,566150.0
3220,78,54,566250.0,135050.0,10780054,0,0,0,0,0,0,0,135050.0,566250.0
3221,78,55,566350.0,135050.0,10780055,0,0,1,0,0,0,0,135050.0,566350.0
3222,78,56,566450.0,135050.0,10780056,0,0,1,0,0,0,0,135050.0,566450.0
3223,78,57,566550.0,135050.0,10780057,0,0,2,0,0,0,0,135050.0,566550.0
3224,78,58,566650.0,135050.0,10780058,0,0,2,0,0,0,0,135050.0,566650.0
3225,78,59,566750.0,135050.0,10780059,0,0,3,0,0,0,0,135050.0,566750.0
3226,78,60,566850.0,135050.0,10780060,0,1,3,0,0,0,0,135050.0,566850.0
3227,78,61,566950.0,135050.0,10780061,0,1,4,0,0,0,0,135050.0,566950.0
3228,78,62,567050.0,135050.0,10780062,0,0,3,0,0,0,0,135050.0,567050.0
3229,78,63,567150.0,135050.0,10780063,0,0,3,0,0,0,0,135050.0,567150.0
3230,78,64,567250.0,135050.0,10780064,0,1,3,0,0,0,0,135050.0,567250.0
3231,78,65,567350.0,135050.0,10780065,0,2,3,0,0,0,0,135050.0,567350.0
3232,78,66,567450.0,135050.0,10780066,0,3,2,0,0,0,0,135050.0,567450.0
3233,78,67,567550.0,135050.0,10780067,0,3,2,0,0,0,0,135050.0,567550.0
3234,78,68,567650.0,135050.0,10780068,0,4,2,0,0,0,0,135050.0,567650.0
3235,78,69,567750.0,135050.0,10780069,0,3,2,0,0,0,0,135050.0,567750.0
3236,78,70,567850.0,135050.0,10780070,0,3,2,0,0,0,0,135050.0,567850.0
3237,78,71,567950.0,135050.0,10780071,0,3,2,0,0,0,0,135050.0,567950.0
3238,78,72,568050.0,135050.0,10780072,0,2,3,0,0,0,0,135050.0,568050.0
3239,78,73,568150.0,135050.0,10780073,0,1,3,0,0,0,0,135050.0,568150.0
3240,78,74,568250.0,135050.0,10780074,0,0,3,0,0,0,0,135050.0,568250.0
3241,78,75,568350.0,135050.0,10780075,0,0,3,0,0,0,0,135050.0,568350.0
3242,78,76,568450.0,135050.0,10780076,0,0,3,0,0,0,0,135050.0,568450.0
3243,78,77,568550.0,135050.0,10780077,0,0,3,0,0,0,0,135050.0,568550.0
3244,78,78,568650.0,135050.0,10780078,0,0,2,0,0,0,0,135050.0,568650.0
3245,78,79,568750.0,135050.0,10780079,1,0,2,0,0,0,0,135050.0,568750.0
3246,78,80,568850.0,135050.0,10780080,1,0,1,0,0,0,0,135050.0,568850.0
3247,78,81,568950.0,135050.0,10780081,1,0,1,0,0,0,0,135050.0,568950.0
3248,78,82,569050.0,135050.0,10780082,0,0,1,0,0,0,0,135050.0,569050.0
3249,78,83,569150.0,135050.0,10780083,0,0,1,0,0,0,0,135050.0,569150.0
3250,78,84,569250.0,135050.0,10780084,0,0,1,0,0,0,0,135050.0,569250.0
3251,78,85,569350.0,135050.0,10780085,0,0,1,0,0,0,0,135050.0,569350.0
3252,78,86,569450.0,135050.0,10780086,0,0,2,0,0,0,0,135050.0,569450.0
3253,78,87,569550.0,135050.0,10780087,0,0,2,0,0,0,0,135050.0,569550.0
3254,78,88,569650.0,135050.0,10780088,0,0,3,0,0,0,0,135050.0,569650.0
3255,78,89,569750.0,135050.0,10780089,1,0,3,0,0,0,0,135050.0,569750.0
3256,78,90,569850.0,135050.0,10780090,1,0,4,0,0,0,0,135050.0,569850.0
3257,78,91,569950.0,135050.0,10780091,0,0,4,0,0,0,0,135050.0,569950.0
3258,78,92,570050.0,135050.0,10780092,0,0,4,0,0,0,0,135050.0,570050.0
3259,78,93,570150.0,135050.0,10780093,0,0,4,0,0,0,0,135050.0,570150.0
3260,78,94,570250.0,135050.0,10780094,0,0,4,0,0,0,0,135050.0,570250.0
3261,78,95,570350.0,135050.0,10780095,1,0,4,0,0,0,0,135050.0,570350.0
3262,78,96,570450.0,135050.0,10780096,1,0,4,0,0,0,0,135050.0,570450.0
3263,78,97,570550.0,135050.0,10780097,2,0,4,0,0,0,0,135050.0,570550.0
3264,78,98,570650.0,135050.0,10780098,2,0,4,0,0,0,0,135050.0,570650.0
3265,78,99,570750.0,135050.0,10780099,2,0,4,0,0,0,0,135050.0,570750.0
3266,78,100,570850.0,135050.0,10780100,1,0,4,0,0,0,0,135050.0,570850.0
3267,78,101,570950.0,135050.0,10780101,1,0,4,0,0,0,0,135050.0,570950.0
3268,78,102,571050.0,135050.0,10780102,0,0,4,0,0,0,0,135050.0,571050.0
3269,78,103,571150.0,135050.0,10780103,0,0,4,0,0,0,0,135050.0,571150.0
3270,78,104,571250.0,135050.0,10780104,0,0,4,0,0,0,0,135050.0,571250.0
3271,78,105,571350.0,135050.0,10780105,0,0,4,0,0,0,0,135050.0,571350.0
3272,78,106,571450.0,135050.0,10780106,1,0,4,0,0,0,0,135050.0,571450.0
3273,78,107,571550.0,135050.0,10780107,1,0,4,0,0,0,0,135050.0,571550.0
3274,78,108,571650.0,135050.0,10780108,2,0,4,0,0,0,0,135050.0,571650.0
3275,78,109,571750.0,135050.0,10780109,2,0,4,0,0,0,0,135050.0,571750.0
3276,78,110,571850.0,135050.0,10780110,3,0,4,0,0,0,0,135050.0,571850.0
3277,78,111,571950.0,135050.0,10780111,3,0,4,0,0,0,0,135050.0,571950.0
3278,78,112,572050.0,135050.0,10780112,4,0,4,0,0,0,0,135050.0,572050.0
3279,78,113,572150.0,135050.0,10780113,4,0,4,0,0,0,0,135050.0,572150.0
3280,79,32,564050.0,134950.0,10790032,4,0,4,0,0,0,0,134950.0,564050.0
3281,79,33,564150.0,134950.0,10790033,4,0,4,0,0,0,0,134950.0,564150.0
3282,79,34,564250.0,134950.0,10790034,4,0,4,0,0,0,0,134950.0,564250.0
3283,79,35,564350.0,134950.0,10790035,4,0,4,0,0,0,0,134950.0,564350.0
3284,79,36,564450.0,134950.0,10790036,4,0,4,0,0,0,0,134950.0,564450.0
3285,79,37,564550.0,134950.0,10790037,3,0,4,0,0,0,0,134950.0,564550.0
3286,79,38,564650.0,134950.0,10790038,3,0,4,0,0,0,0,134950.0,564650.0
3287,79,39,564750.0,134950.0,10790039,2,0,4,0,0,0,0,134950.0,564750.0
3288,79,40,564850.0,134950.0,10790040,2,0,4,0,0,0,0,134950.0,564850.0
3289,79,41,564950.0,134950.0,10790041,1,0,4,0,0,0,0,134950.0,564950.0
3290,79,42,565050.0,134950.0,10790042,1,0,4,0,0,0,0,134950.0,565050.0
3291,79,43,565150.0,134950.0,10790043,0,0,4,0,0,0,0,134950.0,565150.0
3292,79,44,565250.0,134950.0,10790044,0,0,4,0,0,0,0,134950.0,565250.0
3293,79,45,565350.0,134950.0,10790045,0,0,3,0,0,0,0,134950.0,565350.0
3294,79,46,565450.0,134950.0,10790046,0,0,3,0,0,0,0,134950.0,565450.0
3295,79,47,565550.0,134950.0,10790047,1,0,2,0,0,0,0,134950.0,565550.0
3296,79,48,565650.0,134950.0,10790048,1,0,2,0,0,0,0,134950.0,565650.0
3297,79,49,565750.0,134950.0,10790049,1,0,1,0,0,0,0,134950.0,565750.0
3298,79,50,565850.0,134950.0,10790050,1,0,1,0,0,0,0,134950.0,565850.0
3299,79,51,565950.0,134950.0,10790051,0,0,0,0,0,0,0,134950.0,565950.0
3300,79,52,566050.0,134950.0,10790052,0,0,0,0,0,0,0,134950.0,566050.0
3301,79,53,566150.0,134950.0,10790053,0,0,0,0,0,0,0,134950.0,566150.0
3302,79,54,566250.0,134950.0,10790054,0,0,0,0,0,0,0,134950.0,566250.0
3303,79,55,566350.0,134950.0,10790055,0,0,1,0,0,0,0,134950.0,566350.0
3304,79,56,566450.0,134950.0,10790056,0,0,1,0,0,0,0,134950.0,566450.0
3305,79,57,566550.0,134950.0,10790057,0,0,2,0,0,0,0,134950.0,566550.0
3306,79,58,566650.0,134950.0,10790058,0,0,2,0,0,0,0,134950.0,566650.0
3307,79,59,566750.0,134950.0,10790059,0,0,3,0,0,0,0,134950.0,566750.0
3308,79,60,566850.0,134950.0,10790060,0,0,3,0,0,0,0,134950.0,566850.0
3309,79,61,566950.0,134950.0,10790061,0,0,4,0,0,0,0,134950.0,566950.0
3310,79,62,567050.0,134950.0,10790062,0,0,4,0,0,0,0,134950.0,567050.0
3311,79,63,567150.0,134950.0,10790063,0,0,3,0,0,0,0,134950.0,567150.0
3312,79,64,567250.0,134950.0,10790064,0,1,3,0,0,0,0,134950.0,567250.0
3313,79,65,567350.0,134950.0,10790065,0,2,3,0,0,0,0,134950.0,567350.0
3314,79,66,567450.0,134950.0,10790066,0,3,2,0,0,0,0,134950.0,567450.0
3315,79,67,567550.0,134950.0,10790067,0,3,2,0,0,0,0,134950.0,567550.0
3316,79,68,567650.0,134950.0,10790068,0,3,2,0,0,0,0,134950.0,567650.0
3317,79,69,567750.0,134950.0,10790069,0,3,2,0,0,0,0,134950.0,567750.0
3318,79,70,567850.0,134950.0,10790070,0,3,2,0,0,0,0,134950.0,567850.0
3319,79,71,567950.0,134950.0,10790071,0,3,3,0,0,0,0,134950.0,567950.0
3320,79,72,568050.0,134950.0,10790072,0,2,3,0,0,0,0,134950.0,568050.0
3321,79,73,568150.0,134950.0,10790073,0,1,3,0,0,0,0,134950.0,568150.0
3322,79,74,568250.0,134950.0,10790074,0,0,4,0,0,0,0,134950.0,568250.0
3323,79,75,568350.0,134950.0,10790075,0,0,4,0,0,0,0,134950.0,568350.0
3324,79,76,568450.0,134950.0,10790076,0,0,3,0,0,0,0,134950.0,568450.0
3325,79,77,568550.0,134950.0,10790077,0,0,3,0,0,0,0,134950.0,568550.0
3326,79,78,568650.0,134950.0,10790078,0,0,2,0,0,0,0,134950.0,568650.0
3327,79,79,568750.0,134950.0,10790079,1,0,2,0,0,0,0,134950.0,568750.0
3328,79,80,568850.0,134950.0,10790080,1,0,2,0,0,0,0,134950.0,568850.0
3329,79,81,568950.0,134950.0,10790081,1,0,1,0,0,0,0,134950.0,568950.0
3330,79,82,569050.0,134950.0,10790082,0,0,1,0,0,0,0,134950.0,569050.0
3331,79,83,569150.0,134950.0,10790083,0,0,1,0,0,0,0,134950.0,569150.0
3332,79,84,569250.0,134950.0,10790084,0,0,2,0,0,0,0,134950.0,569250.0
3333,79,85,569350.0,134950.0,10790085,0,0,2,0,0,0,0,134950.0,569350.0
3334,79,86,569450.0,134950.0,10790086,0,0,2,0,0,0,0,134950.0,569450.0
3335,79,87,569550.0,134950.0,10790087,0,0,2,0,0,0,0,134950.0,569550.0
3336,79,88,569650.0,134950.0,10790088,0,0,3,0,0,0,0,134950.0,569650.0
3337,79,89,569750.0,134950.0,10790089,0,0,3,0,0,0,0,134950.0,569750.0
3338,79,90,569850.0,134950.0,10790090,0,0,4,0,0,0,0,134950.0,569850.0
3339,79,91,569950.0,134950.0,10790091,0,0,4,0,0,0,0,134950.0,569950.0
3340,79,92,570050.0,134950.0,10790092,0,0,4,0,0,0,0,134950.0,570050.0
3341,79,93,570150.0,134950.0,10790093,0,0,4,0,0,0,0,134950.0,570150.0
3342,79,94,570250.0,134950.0,10790094,0,0,4,0,0,0,0,134950.0,570250.0
3343,79,95,570350.0,134950.0,10790095,1,0,4,0,0,0,0,134950.0,570350.0
3344,79,96,570450.0,134950.0,10790096,1,0,4,0,0,0,0,134950.0,570450.0
3345,79,97,570550.0,134950.0,10790097,2,0,4,0,0,0,0,134950.0,570550.0
3346,79,98,570650.0,134950.0,10790098,2,0,4,0,0,0,0,134950.0,570650.0
3347,79,99,570750.0,134950.0,10790099,2,0,4,0,0,0,0,134950.0,570750.0
3348,79,100,570850.0,134950.0,10790100,1,0,4,0,0,0,0,134950.0,570850.0
3349,79,101,570950.0,134950.0,10790101,1,0,4,0,0,0,0,134950.0,570950.0
3350,79,102,571050.0,134950.0,10790102,0,0,4,0,0,0,0,134950.0,571050.0
3351,79,103,571150.0,134950.0,10790103,0,0,4,0,0,0,0,134950.0,571150.0
3352,79,104,571250.0,134950.0,10790104,0,0,4,0,0,0,0,134950.0,571250.0
3353,79,105,571350.0,134950.0,10790105,0,0,4,0,0,0,0,134950.0,571350.0
3354,79,106,571450.0,134950.0,10790106,1,0,4,0,0,0,0,134950.0,571450.0
3355,79,107,571550.0,134950.0,10790107,1,0,4,0,0,0,0,134950.0,571550.0
3356,79,108,571650.0,134950.0,10790108,2,0,4,0,0,0,0,134950.0,571650.0
3357,79,109,571750.0,134950.0,10790109,2,0,4,0,0,0,0,134950.0,571750.0
3358,79,110,571850.0,134950.0,10790110,3,0,4,0,0,0,0,134950.0,571850.0
3359,79,111,571950.0,134950.0,10790111,3,0,4,0,0,0,0,134950.0,571950.0
3360,79,112,572050.0,134950.0,10790112,3,0,4,0,0,0,0,134950.0,572050.0
3361,79,113,572150.0,134950.0,10790113,4,0,4,0,0,0,0,134950.0,572150.0
3362,80,32,564050.0,134850.0,10800032,4,0,4,0,0,0,0,134850.0,564050.0
3363,80,33,564150.0,134850.0,10800033,4,0,4,0,0,0,0,134850.0,564150.0
3364,80,34,564250.0,134850.0,10800034,4,0,4,0,0,0,0,134850.0,564250.0
3365,80,35,564350.0,134850.0,10800035,4,0,4,0,0,0,0,134850.0,564350.0
3366,80,36,564450.0,134850.0,10800036,4,0,4,0,0,0,0,134850.0,564450.0
3367,80,37,564550.0,134850.0,10800037,3,0,4,0,0,0,0,134850.0,564550.0
3368,80,38,564650.0,134850.0,10800038,3,0,4,0,0,0,0,134850.0,564650.0
3369,80,39,564750.0,134850.0,10800039,2,0,4,0,0,0,0,134850.0,564750.0
3370,80,40,564850.0,134850.0,10800040,2,0,4,0,0,0,0,134850.0,564850.0
3371,80,41,564950.0,134850.0,10800041,2,0,4,0,0,0,0,134850.0,564950.0
3372,80,42,565050.0,134850.0,10800042,1,0,4,0,0,0,0,134850.0,565050.0
3373,80,43,565150.0,134850.0,10800043,1,0,4,0,0,0,0,134850.0,565150.0
3374,80,44,565250.0,134850.0,10800044,0,0,4,0,0,0,0,134850.0,565250.0
3375,80,45,565350.0,134850.0,10800045,0,0,3,0,0,0,0,134850.0,565350.0
3376,80,46,565450.0,134850.0,10800046,1,0,3,0,0,0,0,134850.0,565450.0
3377,80,47,565550.0,134850.0,10800047,1,0,2,0,0,0,0,134850.0,565550.0
3378,80,48,565650.0,134850.0,10800048,1,0,2,0,0,0,0,134850.0,565650.0
3379,80,49,565750.0,134850.0,10800049,1,0,1,0,0,0,0,134850.0,565750.0
3380,80,50,565850.0,134850.0,10800050,1,0,1,0,0,0,0,134850.0,565850.0
3381,80,51,565950.0,134850.0,10800051,0,0,0,0,0,0,0,134850.0,565950.0
3382,80,52,566050.0,134850.0,10800052,0,0,0,0,0,0,0,134850.0,566050.0
3383,80,53,566150.0,134850.0,10800053,0,0,0,0,0,0,0,134850.0,566150.0
3384,80,54,566250.0,134850.0,10800054,0,0,1,0,0,0,0,134850.0,566250.0
3385,80,55,566350.0,134850.0,10800055,0,0,1,0,0,0,0,134850.0,566350.0
3386,80,56,566450.0,134850.0,10800056,0,0,1,0,0,0,0,134850.0,566450.0
3387,80,57,566550.0,134850.0,10800057,1,0,2,0,0,0,0,134850.0,566550.0
3388,80,58,566650.0,134850.0,10800058,0,0,2,0,0,0,0,134850.0,566650.0
3389,80,59,566750.0,134850.0,10800059,0,0,3,0,0,0,0,134850.0,566750.0
3390,80,60,566850.0,134850.0,10800060,0,0,3,0,0,0,0,134850.0,566850.0
3391,80,61,566950.0,134850.0,10800061,0,0,4,0,0,0,0,134850.0,566950.0
3392,80,62,567050.0,134850.0,10800062,0,0,3,0,0,0,0,134850.0,567050.0
3393,80,63,567150.0,134850.0,10800063,0,0,3,0,0,0,0,134850.0,567150.0
3394,80,64,567250.0,134850.0,10800064,0,1,2,0,0,0,0,134850.0,567250.0
3395,80,65,567350.0,134850.0,10800065,0,1,2,0,0,0,0,134850.0,567350.0
3396,80,66,567450.0,134850.0,10800066,0,2,2,0,0,0,0,134850.0,567450.0
3397,80,67,567550.0,134850.0,10800067,0,2,2,0,0,0,0,134850.0,567550.0
3398,80,68,567650.0,134850.0,10800068,0,2,2,0,0,0,0,134850.0,567650.0
3399,80,69,567750.0,134850.0,10800069,0,2,2,0,0,0,0,134850.0,567750.0
3400,80,70,567850.0,134850.0,10800070,0,2,2,0,0,0,0,134850.0,567850.0
3401,80,71,567950.0,134850.0,10800071,0,2,2,0,0,0,0,134850.0,567950.0
3402,80,72,568050.0,134850.0,10800072,0,1,2,0,0,0,0,134850.0,568050.0
3403,80,73,568150.0,134850.0,10800073,0,1,3,0,0,0,0,134850.0,568150.0
3404,80,74,568250.0,134850.0,10800074,1,0,3,0,0,0,0,134850.0,568250.0
3405,80,75,568350.0,134850.0,10800075,1,0,4,0,0,0,0,134850.0,568350.0
3406,80,76,568450.0,134850.0,10800076,1,0,3,0,0,0,0,134850.0,568450.0
3407,80,77,568550.0,134850.0,10800077,1,0,3,0,0,0,0,134850.0,568550.0
3408,80,78,568650.0,134850.0,10800078,1,0,3,0,0,0,0,134850.0,568650.0
3409,80,79,568750.0,134850.0,10800079,1,0,2,0,0,0,0,134850.0,568750.0
3410,80,80,568850.0,134850.0,10800080,1,0,2,0,0,0,0,134850.0,568850.0
3411,80,81,568950.0,134850.0,10800081,1,0,2,0,0,0,0,134850.0,568950.0
3412,80,82,569050.0,134850.0,10800082,0,0,2,0,0,0,0,134850.0,569050.0
3413,80,83,569150.0,134850.0,10800083,0,0,2,0,0,0,0,134850.0,569150.0
3414,80,84,569250.0,134850.0,10800084,0,0,2,0,0,0,0,134850.0,569250.0
3415,80,85,569350.0,134850.0,10800085,0,0,2,0,0,0,0,134850.0,569350.0
3416,80,86,569450.0,134850.0,10800086,0,0,3,0,0,0,0,134850.0,569450.0
3417,80,87,569550.0,134850.0,10800087,0,0,3,0,0,0,0,134850.0,569550.0
3418,80,88,569650.0,134850.0,10800088,0,0,3,0,0,0,0,134850.0,569650.0
3419,80,89,569750.0,134850.0,10800089,0,0,4,0,0,0,0,134850.0,569750.0
3420,80,90,569850.0,134850.0,10800090,0,0,4,0,0,0,0,134850.0,569850.0
3421,80,91,569950.0,134850.0,10800091,1,0,4,0,0,0,0,134850.0,569950.0
3422,80,92,570050.0,134850.0,10800092,0,0,4,0,0,0,0,134850.0,570050.0
3423,80,93,570150.0,134850.0,10800093,0,0,4,0,0,0,0,134850.0,570150.0
3424,80,94,570250.0,134850.0,10800094,1,0,4,0,0,0,0,134850.0,570250.0
3425,80,95,570350.0,134850.0,10800095,1,0,4,0,0,0,0,134850.0,570350.0
3426,80,96,570450.0,134850.0,10800096,2,0,4,0,0,0,0,134850.0,570450.0
3427,80,97,570550.0,134850.0,10800097,2,0,4,0,0,0,0,134850.0,570550.0
3428,80,98,570650.0,134850.0,10800098,2,0,4,0,0,0,0,134850.0,570650.0
3429,80,99,570750.0,134850.0,10800099,2,0,4,0,0,0,0,134850.0,570750.0
3430,80,100,570850.0,134850.0,10800100,1,0,4,0,0,0,0,134850.0,570850.0
3431,80,101,570950.0,134850.0,10800101,1,0,4,0,0,0,0,134850.0,570950.0
3432,80,102,571050.0,134850.0,10800102,1,0,4,0,0,0,0,134850.0,571050.0
3433,80,103,571150.0,134850.0,10800103,0,0,4,0,0,0,0,134850.0,571150.0
3434,80,104,571250.0,134850.0,10800104,0,0,4,0,0,0,0,134850.0,571250.0
3435,80,105,571350.0,134850.0,10800105,0,0,4,0,0,0,0,134850.0,571350.0
3436,80,106,571450.0,134850.0,10800106,1,0,4,0,0,0,0,134850.0,571450.0
3437,80,107,571550.0,134850.0,10800107,1,0,4,0,0,0,0,134850.0,571550.0
3438,80,108,571650.0,134850.0,10800108,1,0,4,0,0,0,0,134850.0,571650.0
3439,80,109,571750.0,134850.0,10800109,2,0,4,0,0,0,0,134850.0,571750.0
3440,80,110,571850.0,134850.0,10800110,2,0,4,0,0,0,0,134850.0,571850.0
3441,80,111,571950.0,134850.0,10800111,3,0,4,0,0,0,0,134850.0,571950.0
3442,80,112,572050.0,134850.0,10800112,3,0,4,0,0,0,0,134850.0,572050.0
3443,80,113,572150.0,134850.0,10800113,3,0,4,0,0,0,0,134850.0,572150.0
3444,81,32,564050.0,134750.0,10810032,4,0,4,0,0,0,0,134750.0,564050.0
3445,81,33,564150.0,134750.0,10810033,4,0,4,0,0,0,0,134750.0,564150.0
3446,81,34,564250.0,134750.0,10810034,4,0,4,0,0,0,0,134750.0,564250.0
3447,81,35,564350.0,134750.0,10810035,4,0,4,0,0,0,0,134750.0,564350.0
3448,81,36,564450.0,134750.0,10810036,4,0,4,0,0,0,0,134750.0,564450.0
3449,81,37,564550.0,134750.0,10810037,4,0,4,0,0,0,0,134750.0,564550.0
3450,81,38,564650.0,134750.0,10810038,3,0,4,0,0,0,0,134750.0,564650.0
3451,81,39,564750.0,134750.0,10810039,3,0,4,0,0,0,0,134750.0,564750.0
3452,81,40,564850.0,134750.0,10810040,2,0,4,0,0,0,0,134750.0,564850.0
3453,81,41,564950.0,134750.0,10810041,2,0,4,0,0,0,0,134750.0,564950.0
3454,81,42,565050.0,134750.0,10810042,1,0,4,0,0,0,0,134750.0,565050.0
3455,81,43,565150.0,134750.0,10810043,1,0,4,0,0,0,0,134750.0,565150.0
3456,81,44,565250.0,134750.0,10810044,1,0,4,0,0,0,0,134750.0,565250.0
3457,81,45,565350.0,134750.0,10810045,1,0,3,0,0,0,0,134750.0,565350.0
3458,81,46,565450.0,134750.0,10810046,1,0,3,0,0,0,0,134750.0,565450.0
3459,81,47,565550.0,134750.0,10810047,1,0,2,0,0,0,0,134750.0,565550.0
3460,81,48,565650.0,134750.0,10810048,2,0,2,0,0,0,0,134750.0,565650.0
3461,81,49,565750.0,134750.0,10810049,2,0,2,0,0,0,0,134750.0,565750.0
3462,81,50,565850.0,134750.0,10810050,1,0,1,0,0,0,0,134750.0,565850.0
3463,81,51,565950.0,134750.0,10810051,1,0,1,0,0,0,0,134750.0,565950.0
3464,81,52,566050.0,134750.0,10810052,1,0,1,0,0,0,0,134750.0,566050.0
3465,81,53,566150.0,134750.0,10810053,1,0,1,0,0,0,0,134750.0,566150.0
3466,81,54,566250.0,134750.0,10810054,0,0,1,0,0,0,0,134750.0,566250.0
3467,81,55,566350.0,134750.0,10810055,0,0,1,0,0,0,0,134750.0,566350.0
3468,81,56,566450.0,134750.0,10810056,0,0,2,0,0,0,0,134750.0,566450.0
3469,81,57,566550.0,134750.0,10810057,0,0,2,0,0,0,0,134750.0,566550.0
3470,81,58,566650.0,134750.0,10810058,1,0,3,0,0,0,0,134750.0,566650.0
3471,81,59,566750.0,134750.0,10810059,1,0,3,0,0,0,0,134750.0,566750.0
3472,81,60,566850.0,134750.0,10810060,1,1,3,0,0,0,0,134750.0,566850.0
3473,81,61,566950.0,134750.0,10810061,0,1,3,0,0,0,0,134750.0,566950.0
3474,81,62,567050.0,134750.0,10810062,0,1,3,0,0,0,0,134750.0,567050.0
3475,81,63,567150.0,134750.0,10810063,0,0,3,0,0,0,0,134750.0,567150.0
3476,81,64,567250.0,134750.0,10810064,0,0,2,0,0,0,0,134750.0,567250.0
3477,81,65,567350.0,134750.0,10810065,1,1,2,0,0,0,0,134750.0,567350.0
3478,81,66,567450.0,134750.0,10810066,0,1,1,0,0,0,0,134750.0,567450.0
3479,81,67,567550.0,134750.0,10810067,0,1,1,0,0,0,0,134750.0,567550.0
3480,81,68,567650.0,134750.0,10810068,0,1,1,0,0,0,0,134750.0,567650.0
3481,81,69,567750.0,134750.0,10810069,0,1,1,0,0,0,0,134750.0,567750.0
3482,81,70,567850.0,134750.0,10810070,0,1,1,0,0,0,0,134750.0,567850.0
3483,81,71,567950.0,134750.0,10810071,0,1,2,0,0,0,0,134750.0,567950.0
3484,81,72,568050.0,134750.0,10810072,0,0,2,0,0,0,0,134750.0,568050.0
3485,81,73,568150.0,134750.0,10810073,0,0,3,0,0,0,0,134750.0,568150.0
3486,81,74,568250.0,134750.0,10810074,1,0,3,0,0,0,0,134750.0,568250.0
3487,81,75,568350.0,134750.0,10810075,0,0,3,0,0,0,0,134750.0,568350.0
3488,81,76,568450.0,134750.0,10810076,0,0,4,0,0,0,0,134750.0,568450.0
3489,81,77,568550.0,134750.0,10810077,0,0,3,0,0,0,0,134750.0,568550.0
3490,81,78,568650.0,134750.0,10810078,1,0,3,0,0,0,0,134750.0,568650.0
3491,81,79,568750.0,134750.0,10810079,1,0,3,0,0,0,0,134750.0,568750.0
3492,81,80,568850.0,134750.0,10810080,1,0,3,0,0,0,0,134750.0,568850.0
3493,81,81,568950.0,134750.0,10810081,1,0,2,0,0,0,0,134750.0,568950.0
3494,81,82,569050.0,134750.0,10810082,1,0,2,0,0,0,0,134750.0,569050.0
3495,81,83,569150.0,134750.0,10810083,0,0,2,0,0,0,0,134750.0,569150.0
3496,81,84,569250.0,134750.0,10810084,0,0,2,0,0,0,0,134750.0,569250.0
3497,81,85,569350.0,134750.0,10810085,1,0,3,0,0,0,0,134750.0,569350.0
3498,81,86,569450.0,134750.0,10810086,1,0,3,0,0,0,0,134750.0,569450.0
3499,81,87,569550.0,134750.0,10810087,0,0,3,0,0,0,0,134750.0,569550.0
3500,81,88,569650.0,134750.0,10810088,0,0,4,0,0,0,0,134750.0,569650.0
3501,81,89,569750.0,134750.0,10810089,0,0,4,0,0,0,0,134750.0,569750.0
3502,81,90,569850.0,134750.0,10810090,0,0,4,0,0,0,0,134750.0,569850.0
3503,81,91,569950.0,134750.0,10810091,1,0,4,0,0,0,0,134750.0,569950.0
3504,81,92,570050.0,134750.0,10810092,1,0,4,0,0,0,0,134750.0,570050.0
3505,81,93,570150.0,134750.0,10810093,1,0,4,0,0,0,0,134750.0,570150.0
3506,81,94,570250.0,134750.0,10810094,1,0,4,0,0,0,0,134750.0,570250.0
3507,81,95,570350.0,134750.0,10810095,1,0,4,0,0,0,0,134750.0,570350.0
3508,81,96,570450.0,134750.0,10810096,2,0,4,0,0,0,0,134750.0,570450.0
3509,81,97,570550.0,134750.0,10810097,2,0,4,0,0,0,0,134750.0,570550.0
3510,81,98,570650.0,134750.0,10810098,2,0,4,0,0,0,0,134750.0,570650.0
3511,81,99,570750.0,134750.0,10810099,2,0,4,0,0,0,0,134750.0,570750.0
3512,81,100,570850.0,134750.0,10810100,2,0,4,0,0,0,0,134750.0,570850.0
3513,81,101,570950.0,134750.0,10810101,1,0,4,0,0,0,0,134750.0,570950.0
3514,81,102,571050.0,134750.0,10810102,1,0,4,0,0,0,0,134750.0,571050.0
3515,81,103,571150.0,134750.0,10810103,1,0,4,0,0,0,0,134750.0,571150.0
3516,81,104,571250.0,134750.0,10810104,1,0,4,0,0,0,0,134750.0,571250.0
3517,81,105,571350.0,134750.0,10810105,0,0,4,0,0,0,0,134750.0,571350.0
3518,81,106,571450.0,134750.0,10810106,1,0,4,0,0,0,0,134750.0,571450.0
3519,81,107,571550.0,134750.0,10810107,1,0,4,0,0,0,0,134750.0,571550.0
3520,81,108,571650.0,134750.0,10810108,1,0,4,0,0,0,0,134750.0,571650.0
3521,81,109,571750.0,134750.0,10810109,2,0,4,0,0,0,0,134750.0,571750.0
3522,81,110,571850.0,134750.0,10810110,2,0,4,0,0,0,0,134750.0,571850.0
3523,81,111,571950.0,134750.0,10810111,2,0,4,0,0,0,0,134750.0,571950.0
3524,81,112,572050.0,134750.0,10810112,3,0,4,0,0,0,0,134750.0,572050.0
3525,81,113,572150.0,134750.0,10810113,3,0,4,0,0,0,0,134750.0,572150.0
3526,82,32,564050.0,134650.0,10820032,4,0,4,0,0,0,0,134650.0,564050.0
3527,82,33,564150.0,134650.0,10820033,4,0,4,0,0,0,0,134650.0,564150.0
3528,82,34,564250.0,134650.0,10820034,4,0,4,0,0,0,0,134650.0,564250.0
3529,82,35,564350.0,134650.0,10820035,4,0,4,0,0,0,0,134650.0,564350.0
3530,82,36,564450.0,134650.0,10820036,4,0,4,0,0,0,0,134650.0,564450.0
3531,82,37,564550.0,134650.0,10820037,4,0,4,0,0,0,0,134650.0,564550.0
3532,82,38,564650.0,134650.0,10820038,3,0,4,0,0,0,0,134650.0,564650.0
3533,82,39,564750.0,134650.0,10820039,3,0,4,0,0,0,0,134650.0,564750.0
3534,82,40,564850.0,134650.0,10820040,3,0,4,0,0,0,0,134650.0,564850.0
3535,82,41,564950.0,134650.0,10820041,2,0,4,0,0,0,0,134650.0,564950.0
3536,82,42,565050.0,134650.0,10820042,2,0,4,0,0,0,0,134650.0,565050.0
3537,82,43,565150.0,134650.0,10820043,2,0,4,0,0,0,0,134650.0,565150.0
3538,82,44,565250.0,134650.0,10820044,1,0,4,0,0,0,0,134650.0,565250.0
3539,82,45,565350.0,134650.0,10820045,1,0,4,0,0,0,0,134650.0,565350.0
3540,82,46,565450.0,134650.0,10820046,2,0,3,0,0,0,0,134650.0,565450.0
3541,82,47,565550.0,134650.0,10820047,2,0,3,0,0,0,0,134650.0,565550.0
3542,82,48,565650.0,134650.0,10820048,2,0,2,0,0,0,0,134650.0,565650.0
3543,82,49,565750.0,134650.0,10820049,2,0,2,0,0,0,0,134650.0,565750.0
3544,82,50,565850.0,134650.0,10820050,2,0,2,0,0,0,0,134650.0,565850.0
3545,82,51,565950.0,134650.0,10820051,1,0,1,0,0,0,0,134650.0,565950.0
3546,82,52,566050.0,134650.0,10820052,1,0,1,0,0,0,0,134650.0,566050.0
3547,82,53,566150.0,134650.0,10820053,1,0,1,0,0,0,0,134650.0,566150.0
3548,82,54,566250.0,134650.0,10820054,0,0,1,0,0,0,0,134650.0,566250.0
3549,82,55,566350.0,134650.0,10820055,0,0,2,0,0,0,0,134650.0,566350.0
3550,82,56,566450.0,134650.0,10820056,0,0,2,0,0,0,0,134650.0,566450.0
3551,82,57,566550.0,134650.0,10820057,0,0,2,0,0,0,0,134650.0,566550.0
3552,82,58,566650.0,134650.0,10820058,1,0,3,0,0,0,0,134650.0,566650.0
3553,82,59,566750.0,134650.0,10820059,1,1,3,0,0,0,0,134650.0,566750.0
3554,82,60,566850.0,134650.0,10820060,0,1,4,0,0,0,0,134650.0,566850.0
3555,82,61,566950.0,134650.0,10820061,0,2,3,0,0,0,0,134650.0,566950.0
3556,82,62,567050.0,134650.0,10820062,0,2,3,0,0,0,0,134650.0,567050.0
3557,82,63,567150.0,134650.0,10820063,0,1,2,0,0,0,0,134650.0,567150.0
3558,82,64,567250.0,134650.0,10820064,0,0,2,0,0,0,0,134650.0,567250.0
3559,82,65,567350.0,134650.0,10820065,1,0,1,0,0,0,0,134650.0,567350.0
3560,82,66,567450.0,134650.0,10820066,0,0,1,0,0,0,0,134650.0,567450.0
3561,82,67,567550.0,134650.0,10820067,0,0,1,0,0,0,0,134650.0,567550.0
3562,82,68,567650.0,134650.0,10820068,0,0,1,0,0,0,0,134650.0,567650.0
3563,82,69,567750.0,134650.0,10820069,0,0,1,0,0,0,0,134650.0,567750.0
3564,82,70,567850.0,134650.0,10820070,1,0,1,0,0,0,0,134650.0,567850.0
3565,82,71,567950.0,134650.0,10820071,0,0,1,0,0,0,0,134650.0,567950.0
3566,82,72,568050.0,134650.0,10820072,0,0,2,0,0,0,0,134650.0,568050.0
3567,82,73,568150.0,134650.0,10820073,0,0,2,0,0,0,0,134650.0,568150.0
3568,82,74,568250.0,134650.0,10820074,0,0,3,0,0,0,0,134650.0,568250.0
3569,82,75,568350.0,134650.0,10820075,0,0,3,0,0,0,0,134650.0,568350.0
3570,82,76,568450.0,134650.0,10820076,0,0,4,0,0,0,0,134650.0,568450.0
3571,82,77,568550.0,134650.0,10820077,0,0,4,0,0,0,0,134650.0,568550.0
3572,82,78,568650.0,134650.0,10820078,1,0,4,0,0,0,0,134650.0,568650.0
3573,82,79,568750.0,134650.0,10820079,1,0,3,0,0,0,0,134650.0,568750.0
3574,82,80,568850.0,134650.0,10820080,2,0,3,0,0,0,0,134650.0,568850.0
3575,82,81,568950.0,134650.0,10820081,1,0,3,0,0,0,0,134650.0,568950.0
3576,82,82,569050.0,134650.0,10820082,1,0,3,0,0,0,0,134650.0,569050.0
3577,82,83,569150.0,134650.0,10820083,1,0,3,0,0,0,0,134650.0,569150.0
3578,82,84,569250.0,134650.0,10820084,1,0,3,0,0,0,0,134650.0,569250.0
3579,82,85,569350.0,134650.0,10820085,1,0,3,0,0,0,0,134650.0,569350.0
3580,82,86,569450.0,134650.0,10820086,1,0,3,0,0,0,0,134650.0,569450.0
3581,82,87,569550.0,134650.0,10820087,1,0,4,0,0,0,0,134650.0,569550.0
3582,82,88,569650.0,134650.0,10820088,0,0,4,0,0,0,0,134650.0,569650.0
3583,82,89,569750.0,134650.0,10820089,0,0,4,0,0,0,0,134650.0,569750.0
3584,82,90,569850.0,134650.0,10820090,0,0,4,0,0,0,0,134650.0,569850.0
3585,82,91,569950.0,134650.0,10820091,0,0,4,0,0,0,0,134650.0,569950.0
3586,82,92,570050.0,134650.0,10820092,0,0,4,0,0,0,0,134650.0,570050.0
3587,82,93,570150.0,134650.0,10820093,1,0,4,0,0,0,0,134650.0,570150.0
3588,82,94,570250.0,134650.0,10820094,1,0,4,0,0,0,0,134650.0,570250.0
3589,82,95,570350.0,134650.0,10820095,1,0,4,0,0,0,0,134650.0,570350.0
3590,82,96,570450.0,134650.0,10820096,2,0,4,0,0,0,0,134650.0,570450.0
3591,82,97,570550.0,134650.0,10820097,2,0,4,0,0,0,0,134650.0,570550.0
3592,82,98,570650.0,134650.0,10820098,2,0,4,0,0,0,0,134650.0,570650.0
3593,82,99,570750.0,134650.0,10820099,2,0,4,0,0,0,0,134650.0,570750.0
3594,82,100,570850.0,134650.0,10820100,2,0,4,0,0,0,0,134650.0,570850.0
3595,82,101,570950.0,134650.0,10820101,2,0,4,0,0,0,0,134650.0,570950.0
3596,82,102,571050.0,134650.0,10820102,1,0,4,0,0,0,0,134650.0,571050.0
3597,82,103,571150.0,134650.0,10820103,1,0,4,0,0,0,0,134650.0,571150.0
3598,82,104,571250.0,134650.0,10820104,0,0,4,0,0,0,0,134650.0,571250.0
3599,82,105,571350.0,134650.0,10820105,0,0,4,0,0,0,0,134650.0,571350.0
3600,82,106,571450.0,134650.0,10820106,0,0,4,0,0,0,0,134650.0,571450.0
3601,82,107,571550.0,134650.0,10820107,0,0,4,0,0,0,0,134650.0,571550.0
3602,82,108,571650.0,134650.0,10820108,1,0,4,0,0,0,0,134650.0,571650.0
3603,82,109,571750.0,134650.0,10820109,1,0,4,0,0,0,0,134650.0,571750.0
3604,82,110,571850.0,134650.0,10820110,2,0,4,0,0,0,0,134650.0,571850.0
3605,82,111,571950.0,134650.0,10820111,2,0,4,0,0,0,0,134650.0,571950.0
3606,82,112,572050.0,134650.0,10820112,2,0,4,0,0,0,0,134650.0,572050.0
3607,82,113,572150.0,134650.0,10820113,2,0,4,0,0,0,0,134650.0,572150.0
3608,83,32,564050.0,134550.0,10830032,4,0,4,0,0,0,0,134550.0,564050.0
3609,83,33,564150.0,134550.0,10830033,4,0,4,0,0,0,0,134550.0,564150.0
3610,83,34,564250.0,134550.0,10830034,4,0,4,0,0,0,0,134550.0,564250.0
3611,83,35,564350.0,134550.0,10830035,4,0,4,0,0,0,0,134550.0,564350.0
3612,83,36,564450.0,134550.0,10830036,4,0,4,0,0,0,0,134550.0,564450.0
3613,83,37,564550.0,134550.0,10830037,4,0,4,0,0,0,0,134550.0,564550.0
3614,83,38,564650.0,134550.0,10830038,4,0,4,0,0,0,0,134550.0,564650.0
3615,83,39,564750.0,134550.0,10830039,3,0,4,0,0,0,0,134550.0,564750.0
3616,83,40,564850.0,134550.0,10830040,3,0,4,0,0,0,0,134550.0,564850.0
3617,83,41,564950.0,134550.0,10830041,3,0,4,0,0,0,0,134550.0,564950.0
3618,83,42,565050.0,134550.0,10830042,2,0,4,0,0,0,0,134550.0,565050.0
3619,83,43,565150.0,134550.0,10830043,2,0,4,0,0,0,0,134550.0,565150.0
3620,83,44,565250.0,134550.0,10830044,2,0,4,0,0,0,0,134550.0,565250.0
3621,83,45,565350.0,134550.0,10830045,2,0,4,0,0,0,0,134550.0,565350.0
3622,83,46,565450.0,134550.0,10830046,2,0,3,0,0,0,0,134550.0,565450.0
3623,83,47,565550.0,134550.0,10830047,2,0,3,0,0,0,0,134550.0,565550.0
3624,83,48,565650.0,134550.0,10830048,2,0,3,0,0,0,0,134550.0,565650.0
3625,83,49,565750.0,134550.0,10830049,2,0,2,0,0,0,0,134550.0,565750.0
3626,83,50,565850.0,134550.0,10830050,1,0,2,0,0,0,0,134550.0,565850.0
3627,83,51,565950.0,134550.0,10830051,1,0,2,0,0,0,0,134550.0,565950.0
3628,83,52,566050.0,134550.0,10830052,1,0,2,0,0,0,0,134550.0,566050.0
3629,83,53,566150.0,134550.0,10830053,1,0,2,0,0,0,0,134550.0,566150.0
3630,83,54,566250.0,134550.0,10830054,1,0,2,0,0,0,0,134550.0,566250.0
3631,83,55,566350.0,134550.0,10830055,0,0,2,0,0,0,0,134550.0,566350.0
3632,83,56,566450.0,134550.0,10830056,0,0,2,0,0,0,0,134550.0,566450.0
3633,83,57,566550.0,134550.0,10830057,0,0,3,0,0,0,0,134550.0,566550.0
3634,83,58,566650.0,134550.0,10830058,0,0,3,0,0,0,0,134550.0,566650.0
3635,83,59,566750.0,134550.0,10830059,0,1,3,0,0,0,0,134550.0,566750.0
3636,83,60,566850.0,134550.0,10830060,0,2,4,0,0,0,0,134550.0,566850.0
3637,83,61,566950.0,134550.0,10830061,0,3,3,0,0,0,0,134550.0,566950.0
3638,83,62,567050.0,134550.0,10830062,0,2,3,0,0,0,0,134550.0,567050.0
3639,83,63,567150.0,134550.0,10830063,0,1,2,0,0,0,0,134550.0,567150.0
3640,83,64,567250.0,134550.0,10830064,0,1,2,0,0,0,0,134550.0,567250.0
3641,83,65,567350.0,134550.0,10830065,0,0,1,0,0,0,0,134550.0,567350.0
3642,83,66,567450.0,134550.0,10830066,0,0,1,0,0,0,0,134550.0,567450.0
3643,83,67,567550.0,134550.0,10830067,0,0,0,0,0,0,0,134550.0,567550.0
3644,83,68,567650.0,134550.0,10830068,0,0,0,0,0,0,0,134550.0,567650.0
3645,83,69,567750.0,134550.0,10830069,0,0,0,0,0,0,0,134550.0,567750.0
3646,83,70,567850.0,134550.0,10830070,1,0,1,0,0,0,0,134550.0,567850.0
3647,83,71,567950.0,134550.0,10830071,0,0,1,0,0,0,0,134550.0,567950.0
3648,83,72,568050.0,134550.0,10830072,0,0,2,0,0,0,0,134550.0,568050.0
3649,83,73,568150.0,134550.0,10830073,0,0,2,0,0,0,0,134550.0,568150.0
3650,83,74,568250.0,134550.0,10830074,0,0,3,0,0,0,0,134550.0,568250.0
3651,83,75,568350.0,134550.0,10830075,0,0,3,0,0,0,0,134550.0,568350.0
3652,83,76,568450.0,134550.0,10830076,0,0,4,0,0,0,0,134550.0,568450.0
3653,83,77,568550.0,134550.0,10830077,0,0,4,0,0,0,0,134550.0,568550.0
3654,83,78,568650.0,134550.0,10830078,1,0,4,0,0,0,0,134550.0,568650.0
3655,83,79,568750.0,134550.0,10830079,1,0,4,0,0,0,0,134550.0,568750.0
3656,83,80,568850.0,134550.0,10830080,2,0,4,0,0,0,0,134550.0,568850.0
3657,83,81,568950.0,134550.0,10830081,2,0,3,0,0,0,0,134550.0,568950.0
3658,83,82,569050.0,134550.0,10830082,2,0,3,0,0,0,0,134550.0,569050.0
3659,83,83,569150.0,134550.0,10830083,1,0,3,0,0,0,0,134550.0,569150.0
3660,83,84,569250.0,134550.0,10830084,1,0,3,0,0,0,0,134550.0,569250.0
3661,83,85,569350.0,134550.0,10830085,1,0,4,0,0,0,0,134550.0,569350.0
3662,83,86,569450.0,134550.0,10830086,1,0,4,0,0,0,0,134550.0,569450.0
3663,83,87,569550.0,134550.0,10830087,0,0,4,0,0,0,0,134550.0,569550.0
3664,83,88,569650.0,134550.0,10830088,0,0,4,0,0,0,0,134550.0,569650.0
3665,83,89,569750.0,134550.0,10830089,0,0,4,0,0,0,0,134550.0,569750.0
3666,83,90,569850.0,134550.0,10830090,0,0,4,0,0,0,0,134550.0,569850.0
3667,83,91,569950.0,134550.0,10830091,0,0,4,0,0,0,0,134550.0,569950.0
3668,83,92,570050.0,134550.0,10830092,0,0,4,0,0,0,0,134550.0,570050.0
3669,83,93,570150.0,134550.0,10830093,0,0,4,0,0,0,0,134550.0,570150.0
3670,83,94,570250.0,134550.0,10830094,1,0,4,0,0,0,0,134550.0,570250.0
3671,83,95,570350.0,134550.0,10830095,1,0,4,0,0,0,0,134550.0,570350.0
3672,83,96,570450.0,134550.0,10830096,1,0,4,0,0,0,0,134550.0,570450.0
3673,83,97,570550.0,134550.0,10830097,1,0,4,0,0,0,0,134550.0,570550.0
3674,83,98,570650.0,134550.0,10830098,1,0,4,0,0,0,0,134550.0,570650.0
3675,83,99,570750.0,134550.0,10830099,1,0,4,0,0,0,0,134550.0,570750.0
3676,83,100,570850.0,134550.0,10830100,1,0,4,0,0,0,0,134550.0,570850.0
3677,83,101,570950.0,134550.0,10830101,2,0,4,0,0,0,0,134550.0,570950.0
3678,83,102,571050.0,134550.0,10830102,1,0,4,0,0,0,0,134550.0,571050.0
3679,83,103,571150.0,134550.0,10830103,1,0,4,0,0,0,0,134550.0,571150.0
3680,83,104,571250.0,134550.0,10830104,0,0,4,0,0,0,0,134550.0,571250.0
3681,83,105,571350.0,134550.0,10830105,0,0,4,0,0,0,0,134550.0,571350.0
3682,83,106,571450.0,134550.0,10830106,0,0,4,0,0,0,0,134550.0,571450.0
3683,83,107,571550.0,134550.0,10830107,0,0,4,0,0,0,0,134550.0,571550.0
3684,83,108,571650.0,134550.0,10830108,1,0,4,0,0,0,0,134550.0,571650.0
3685,83,109,571750.0,134550.0,10830109,1,0,4,0,0,0,0,134550.0,571750.0
3686,83,110,571850.0,134550.0,10830110,2,0,4,0,0,0,0,134550.0,571850.0
3687,83,111,571950.0,134550.0,10830111,2,0,4,0,0,0,0,134550.0,571950.0
3688,83,112,572050.0,134550.0,10830112,2,0,4,0,0,0,0,134550.0,572050.0
3689,83,113,572150.0,134550.0,10830113,2,0,4,0,0,0,0,134550.0,572150.0
3690,84,32,564050.0,134450.0,10840032,4,0,4,0,0,0,0,134450.0,564050.0
3691,84,33,564150.0,134450.0,10840033,4,0,4,0,0,0,0,134450.0,564150.0
3692,84,34,564250.0,134450.0,10840034,4,0,4,0,0,0,0,134450.0,564250.0
3693,84,35,564350.0,134450.0,10840035,4,0,4,0,0,0,0,134450.0,564350.0
3694,84,36,564450.0,134450.0,10840036,4,0,4,0,0,0,0,134450.0,564450.0
3695,84,37,564550.0,134450.0,10840037,4,0,4,0,0,0,0,134450.0,564550.0
3696,84,38,564650.0,134450.0,10840038,4,0,4,0,0,0,0,134450.0,564650.0
3697,84,39,564750.0,134450.0,10840039,4,0,4,0,0,0,0,134450.0,564750.0
3698,84,40,564850.0,134450.0,10840040,3,0,4,0,0,0,0,134450.0,564850.0
3699,84,41,564950.0,134450.0,10840041,3,0,4,0,0,0,0,134450.0,564950.0
3700,84,42,565050.0,134450.0,10840042,3,0,4,0,0,0,0,134450.0,565050.0
3701,84,43,565150.0,134450.0,10840043,3,0,4,0,0,0,0,134450.0,565150.0
3702,84,44,565250.0,134450.0,10840044,2,0,4,0,0,0,0,134450.0,565250.0
3703,84,45,565350.0,134450.0,10840045,2,0,4,0,0,0,0,134450.0,565350.0
3704,84,46,565450.0,134450.0,10840046,3,0,4,0,0,0,0,134450.0,565450.0
3705,84,47,565550.0,134450.0,10840047,2,0,3,0,0,0,0,134450.0,565550.0
3706,84,48,565650.0,134450.0,10840048,2,0,3,0,0,0,0,134450.0,565650.0
3707,84,49,565750.0,134450.0,10840049,1,0,3,0,0,0,0,134450.0,565750.0
3708,84,50,565850.0,134450.0,10840050,1,0,2,0,0,0,0,134450.0,565850.0
3709,84,51,565950.0,134450.0,10840051,1,0,2,0,0,0,0,134450.0,565950.0
3710,84,52,566050.0,134450.0,10840052,0,0,2,0,0,0,0,134450.0,566050.0
3711,84,53,566150.0,134450.0,10840053,0,0,2,0,0,0,0,134450.0,566150.0
3712,84,54,566250.0,134450.0,10840054,1,0,2,0,0,0,0,134450.0,566250.0
3713,84,55,566350.0,134450.0,10840055,1,0,3,0,0,0,0,134450.0,566350.0
3714,84,56,566450.0,134450.0,10840056,0,0,3,0,0,0,0,134450.0,566450.0
3715,84,57,566550.0,134450.0,10840057,0,0,3,0,0,0,0,134450.0,566550.0
3716,84,58,566650.0,134450.0,10840058,0,0,3,0,0,0,0,134450.0,566650.0
3717,84,59,566750.0,134450.0,10840059,0,1,3,0,0,0,0,134450.0,566750.0
3718,84,60,566850.0,134450.0,10840060,0,2,3,0,0,0,0,134450.0,566850.0
3719,84,61,566950.0,134450.0,10840061,0,4,3,0,0,0,0,134450.0,566950.0
3720,84,62,567050.0,134450.0,10840062,0,3,2,0,0,0,0,134450.0,567050.0
3721,84,63,567150.0,134450.0,10840063,0,2,2,0,0,0,0,134450.0,567150.0
3722,84,64,567250.0,134450.0,10840064,0,1,2,0,0,0,0,134450.0,567250.0
3723,84,65,567350.0,134450.0,10840065,0,0,1,0,0,0,0,134450.0,567350.0
3724,84,66,567450.0,134450.0,10840066,0,0,1,0,0,0,0,134450.0,567450.0
3725,84,67,567550.0,134450.0,10840067,0,0,0,0,0,0,0,134450.0,567550.0
3726,84,68,567650.0,134450.0,10840068,0,0,0,0,0,0,0,134450.0,567650.0
3727,84,69,567750.0,134450.0,10840069,0,0,0,0,0,0,0,134450.0,567750.0
3728,84,70,567850.0,134450.0,10840070,1,0,1,0,0,0,0,134450.0,567850.0
3729,84,71,567950.0,134450.0,10840071,0,0,1,0,0,0,0,134450.0,567950.0
3730,84,72,568050.0,134450.0,10840072,0,0,2,0,0,0,0,134450.0,568050.0
3731,84,73,568150.0,134450.0,10840073,0,0,2,0,0,0,0,134450.0,568150.0
3732,84,74,568250.0,134450.0,10840074,0,0,3,0,0,0,0,134450.0,568250.0
3733,84,75,568350.0,134450.0,10840075,0,0,3,0,0,0,0,134450.0,568350.0
3734,84,76,568450.0,134450.0,10840076,0,0,4,0,0,0,0,134450.0,568450.0
3735,84,77,568550.0,134450.0,10840077,0,0,4,0,0,0,0,134450.0,568550.0
3736,84,78,568650.0,134450.0,10840078,1,0,4,0,0,0,0,134450.0,568650.0
3737,84,79,568750.0,134450.0,10840079,1,0,4,0,0,0,0,134450.0,568750.0
3738,84,80,568850.0,134450.0,10840080,2,0,4,0,0,0,0,134450.0,568850.0
3739,84,81,568950.0,134450.0,10840081,2,0,4,0,0,0,0,134450.0,568950.0
3740,84,82,569050.0,134450.0,10840082,2,0,4,0,0,0,0,134450.0,569050.0
3741,84,83,569150.0,134450.0,10840083,2,0,4,0,0,0,0,134450.0,569150.0
3742,84,84,569250.0,134450.0,10840084,2,0,4,0,0,0,0,134450.0,569250.0
3743,84,85,569350.0,134450.0,10840085,1,0,4,0,0,0,0,134450.0,569350.0
3744,84,86,569450.0,134450.0,10840086,1,0,4,0,0,0,0,134450.0,569450.0
3745,84,87,569550.0,134450.0,10840087,0,0,4,0,0,0,0,134450.0,569550.0
3746,84,88,569650.0,134450.0,10840088,0,0,4,0,0,0,0,134450.0,569650.0
3747,84,89,569750.0,134450.0,10840089,0,0,4,0,0,0,0,134450.0,569750.0
3748,84,90,569850.0,134450.0,10840090,0,0,4,0,0,0,0,134450.0,569850.0
3749,84,91,569950.0,134450.0,10840091,0,0,4,0,0,0,0,134450.0,569950.0
3750,84,92,570050.0,134450.0,10840092,0,0,4,0,0,0,0,134450.0,570050.0
3751,84,93,570150.0,134450.0,10840093,0,0,4,0,0,0,0,134450.0,570150.0
3752,84,94,570250.0,134450.0,10840094,1,0,4,0,0,0,0,134450.0,570250.0
3753,84,95,570350.0,134450.0,10840095,1,0,4,0,0,0,0,134450.0,570350.0
3754,84,96,570450.0,134450.0,10840096,1,0,4,0,0,0,0,134450.0,570450.0
3755,84,97,570550.0,134450.0,10840097,1,0,4,0,0,0,0,134450.0,570550.0
3756,84,98,570650.0,134450.0,10840098,1,0,4,0,0,0,0,134450.0,570650.0
3757,84,99,570750.0,134450.0,10840099,1,0,4,0,0,0,0,134450.0,570750.0
3758,84,100,570850.0,134450.0,10840100,1,0,4,0,0,0,0,134450.0,570850.0
3759,84,101,570950.0,134450.0,10840101,1,0,4,0,0,0,0,134450.0,570950.0
3760,84,102,571050.0,134450.0,10840102,1,0,4,0,0,0,0,134450.0,571050.0
3761,84,103,571150.0,134450.0,10840103,1,0,4,0,0,0,0,134450.0,571150.0
3762,84,104,571250.0,134450.0,10840104,0,0,4,0,0,0,0,134450.0,571250.0
3763,84,105,571350.0,134450.0,10840105,0,0,4,0,0,0,0,134450.0,571350.0
3764,84,106,571450.0,134450.0,10840106,0,0,4,0,0,0,0,134450.0,571450.0
3765,84,107,571550.0,134450.0,10840107,0,0,4,0,0,0,0,134450.0,571550.0
3766,84,108,571650.0,134450.0,10840108,1,0,4,0,0,0,0,134450.0,571650.0
3767,84,109,571750.0,134450.0,10840109,1,0,4,0,0,0,0,134450.0,571750.0
3768,84,110,571850.0,134450.0,10840110,1,0,4,0,0,0,0,134450.0,571850.0
3769,84,111,571950.0,134450.0,10840111,1,0,4,0,0,0,0,134450.0,571950.0
3770,84,112,572050.0,134450.0,10840112,1,0,4,0,0,0,0,134450.0,572050.0
3771,84,113,572150.0,134450.0,10840113,2,0,4,0,0,0,0,134450.0,572150.0
3772,85,32,564050.0,134350.0,10850032,4,0,4,0,0,0,0,134350.0,564050.0
3773,85,33,564150.0,134350.0,10850033,4,0,4,0,0,0,0,134350.0,564150.0
3774,85,34,564250.0,134350.0,10850034,4,0,4,0,0,0,0,134350.0,564250.0
3775,85,35,564350.0,134350.0,10850035,4,0,4,0,0,0,0,134350.0,564350.0
3776,85,36,564450.0,134350.0,10850036,4,0,4,0,0,0,0,134350.0,564450.0
3777,85,37,564550.0,134350.0,10850037,4,0,4,0,0,0,0,134350.0,564550.0
3778,85,38,564650.0,134350.0,10850038,4,0,4,0,0,0,0,134350.0,564650.0
3779,85,39,564750.0,134350.0,10850039,4,0,4,0,0,0,0,134350.0,564750.0
3780,85,40,564850.0,134350.0,10850040,4,0,4,0,0,0,0,134350.0,564850.0
3781,85,41,564950.0,134350.0,10850041,3,0,4,0,0,0,0,134350.0,564950.0
3782,85,42,565050.0,134350.0,10850042,3,0,4,0,0,0,0,134350.0,565050.0
3783,85,43,565150.0,134350.0,10850043,3,0,4,0,0,0,0,134350.0,565150.0
3784,85,44,565250.0,134350.0,10850044,3,0,4,0,0,0,0,134350.0,565250.0
3785,85,45,565350.0,134350.0,10850045,3,0,4,0,0,0,0,134350.0,565350.0
3786,85,46,565450.0,134350.0,10850046,3,0,4,0,0,0,0,134350.0,565450.0
3787,85,47,565550.0,134350.0,10850047,2,0,4,0,0,0,0,134350.0,565550.0
3788,85,48,565650.0,134350.0,10850048,2,0,3,0,0,0,0,134350.0,565650.0
3789,85,49,565750.0,134350.0,10850049,1,0,3,0,0,0,0,134350.0,565750.0
3790,85,50,565850.0,134350.0,10850050,1,0,3,0,0,0,0,134350.0,565850.0
3791,85,51,565950.0,134350.0,10850051,0,0,3,0,0,0,0,134350.0,565950.0
3792,85,52,566050.0,134350.0,10850052,0,0,3,0,0,0,0,134350.0,566050.0
3793,85,53,566150.0,134350.0,10850053,0,0,3,0,0,0,0,134350.0,566150.0
3794,85,54,566250.0,134350.0,10850054,1,0,3,0,0,0,0,134350.0,566250.0
3795,85,55,566350.0,134350.0,10850055,1,0,3,0,0,0,0,134350.0,566350.0
3796,85,56,566450.0,134350.0,10850056,0,0,3,0,0,0,0,134350.0,566450.0
3797,85,57,566550.0,134350.0,10850057,0,0,3,0,0,0,0,134350.0,566550.0
3798,85,58,566650.0,134350.0,10850058,0,0,3,0,0,0,0,134350.0,566650.0
3799,85,59,566750.0,134350.0,10850059,0,1,3,0,0,0,0,134350.0,566750.0
3800,85,60,566850.0,134350.0,10850060,0,2,3,0,0,0,0,134350.0,566850.0
3801,85,61,566950.0,134350.0,10850061,0,2,3,0,0,0,0,134350.0,566950.0
3802,85,62,567050.0,134350.0,10850062,0,2,3,0,0,0,0,134350.0,567050.0
3803,85,63,567150.0,134350.0,10850063,0,1,2,0,0,0,0,134350.0,567150.0
3804,85,64,567250.0,134350.0,10850064,0,0,2,0,0,0,0,134350.0,567250.0
3805,85,65,567350.0,134350.0,10850065,0,0,1,0,0,0,0,134350.0,567350.0
3806,85,66,567450.0,134350.0,10850066,1,0,1,0,0,0,0,134350.0,567450.0
3807,85,67,567550.0,134350.0,10850067,0,0,0,0,0,0,0,134350.0,567550.0
3808,85,68,567650.0,134350.0,10850068,0,0,0,0,0,0,0,134350.0,567650.0
3809,85,69,567750.0,134350.0,10850069,0,0,0,0,0,0,0,134350.0,567750.0
3810,85,70,567850.0,134350.0,10850070,1,0,1,0,0,0,0,134350.0,567850.0
3811,85,71,567950.0,134350.0,10850071,0,0,1,0,0,0,0,134350.0,567950.0
3812,85,72,568050.0,134350.0,10850072,0,0,2,0,0,0,0,134350.0,568050.0
3813,85,73,568150.0,134350.0,10850073,0,0,2,0,0,0,0,134350.0,568150.0
3814,85,74,568250.0,134350.0,10850074,1,0,3,0,0,0,0,134350.0,568250.0
3815,85,75,568350.0,134350.0,10850075,0,0,3,0,0,0,0,134350.0,568350.0
3816,85,76,568450.0,134350.0,10850076,0,0,4,0,0,0,0,134350.0,568450.0
3817,85,77,568550.0,134350.0,10850077,0,0,4,0,0,0,0,134350.0,568550.0
3818,85,78,568650.0,134350.0,10850078,0,0,4,0,0,0,0,134350.0,568650.0
3819,85,79,568750.0,134350.0,10850079,1,0,4,0,0,0,0,134350.0,568750.0
3820,85,80,568850.0,134350.0,10850080,1,0,4,0,0,0,0,134350.0,568850.0
3821,85,81,568950.0,134350.0,10850081,2,0,4,0,0,0,0,134350.0,568950.0
3822,85,82,569050.0,134350.0,10850082,2,0,4,0,0,0,0,134350.0,569050.0
3823,85,83,569150.0,134350.0,10850083,2,0,4,0,0,0,0,134350.0,569150.0
3824,85,84,569250.0,134350.0,10850084,2,0,4,0,0,0,0,134350.0,569250.0
3825,85,85,569350.0,134350.0,10850085,1,0,4,0,0,0,0,134350.0,569350.0
3826,85,86,569450.0,134350.0,10850086,1,0,4,0,0,0,0,134350.0,569450.0
3827,85,87,569550.0,134350.0,10850087,1,0,4,0,0,0,0,134350.0,569550.0
3828,85,88,569650.0,134350.0,10850088,0,0,4,0,0,0,0,134350.0,569650.0
3829,85,89,569750.0,134350.0,10850089,0,0,4,0,0,0,0,134350.0,569750.0
3830,85,90,569850.0,134350.0,10850090,0,0,4,0,0,0,0,134350.0,569850.0
3831,85,91,569950.0,134350.0,10850091,0,0,4,0,0,0,0,134350.0,569950.0
3832,85,92,570050.0,134350.0,10850092,0,0,4,0,0,0,0,134350.0,570050.0
3833,85,93,570150.0,134350.0,10850093,0,0,4,0,0,0,0,134350.0,570150.0
3834,85,94,570250.0,134350.0,10850094,1,0,4,0,0,0,0,134350.0,570250.0
3835,85,95,570350.0,134350.0,10850095,1,0,4,0,0,0,0,134350.0,570350.0
3836,85,96,570450.0,134350.0,10850096,1,0,4,0,0,0,0,134350.0,570450.0
3837,85,97,570550.0,134350.0,10850097,0,0,4,0,0,0,0,134350.0,570550.0
3838,85,98,570650.0,134350.0,10850098,0,0,4,0,0,0,0,134350.0,570650.0
3839,85,99,570750.0,134350.0,10850099,0,0,4,0,0,0,0,134350.0,570750.0
3840,85,100,570850.0,134350.0,10850100,1,0,4,0,0,0,0,134350.0,570850.0
3841,85,101,570950.0,134350.0,10850101,1,0,4,0,0,0,0,134350.0,570950.0
3842,85,102,571050.0,134350.0,10850102,1,0,4,0,0,0,0,134350.0,571050.0
3843,85,103,571150.0,134350.0,10850103,1,0,4,0,0,0,0,134350.0,571150.0
3844,85,104,571250.0,134350.0,10850104,1,0,4,0,0,0,0,134350.0,571250.0
3845,85,105,571350.0,134350.0,10850105,1,0,4,0,0,0,0,134350.0,571350.0
3846,85,106,571450.0,134350.0,10850106,1,0,4,0,0,0,0,134350.0,571450.0
3847,85,107,571550.0,134350.0,10850107,1,0,4,0,0,0,0,134350.0,571550.0
3848,85,108,571650.0,134350.0,10850108,1,0,4,0,0,0,0,134350.0,571650.0
3849,85,109,571750.0,134350.0,10850109,1,0,4,0,0,0,0,134350.0,571750.0
3850,85,110,571850.0,134350.0,10850110,1,0,4,0,0,0,0,134350.0,571850.0
3851,85,111,571950.0,134350.0,10850111,1,0,4,0,0,0,0,134350.0,571950.0
3852,85,112,572050.0,134350.0,10850112,1,0,4,0,0,0,0,134350.0,572050.0
3853,85,113,572150.0,134350.0,10850113,1,0,4,0,0,0,0,134350.0,572150.0
3854,86,32,564050.0,134250.0,10860032,4,0,4,0,0,0,0,134250.0,564050.0
3855,86,33,564150.0,134250.0,10860033,4,0,4,0,0,0,0,134250.0,564150.0
3856,86,34,564250.0,134250.0,10860034,4,0,4,0,0,0,0,134250.0,564250.0
3857,86,35,564350.0,134250.0,10860035,4,0,4,0,0,0,0,134250.0,564350.0
3858,86,36,564450.0,134250.0,10860036,4,0,4,0,0,0,0,134250.0,564450.0
3859,86,37,564550.0,134250.0,10860037,4,0,4,0,0,0,0,134250.0,564550.0
3860,86,38,564650.0,134250.0,10860038,4,0,4,0,0,0,0,134250.0,564650.0
3861,86,39,564750.0,134250.0,10860039,4,0,4,0,0,0,0,134250.0,564750.0
3862,86,40,564850.0,134250.0,10860040,4,0,4,0,0,0,0,134250.0,564850.0
3863,86,41,564950.0,134250.0,10860041,4,0,4,0,0,0,0,134250.0,564950.0
3864,86,42,565050.0,134250.0,10860042,4,0,4,0,0,0,0,134250.0,565050.0
3865,86,43,565150.0,134250.0,10860043,4,0,4,0,0,0,0,134250.0,565150.0
3866,86,44,565250.0,134250.0,10860044,3,0,4,0,0,0,0,134250.0,565250.0
3867,86,45,565350.0,134250.0,10860045,3,0,4,0,0,0,0,134250.0,565350.0
3868,86,46,565450.0,134250.0,10860046,3,0,4,0,0,0,0,134250.0,565450.0
3869,86,47,565550.0,134250.0,10860047,2,0,4,0,0,0,0,134250.0,565550.0
3870,86,48,565650.0,134250.0,10860048,2,0,4,0,0,0,0,134250.0,565650.0
3871,86,49,565750.0,134250.0,10860049,1,0,4,0,0,0,0,134250.0,565750.0
3872,86,50,565850.0,134250.0,10860050,1,0,3,0,0,0,0,134250.0,565850.0
3873,86,51,565950.0,134250.0,10860051,0,0,3,0,0,0,0,134250.0,565950.0
3874,86,52,566050.0,134250.0,10860052,0,0,3,0,0,0,0,134250.0,566050.0
3875,86,53,566150.0,134250.0,10860053,0,0,3,0,0,0,0,134250.0,566150.0
3876,86,54,566250.0,134250.0,10860054,0,0,3,0,0,0,0,134250.0,566250.0
3877,86,55,566350.0,134250.0,10860055,1,0,3,0,0,0,0,134250.0,566350.0
3878,86,56,566450.0,134250.0,10860056,1,0,3,0,0,0,0,134250.0,566450.0
3879,86,57,566550.0,134250.0,10860057,0,0,3,0,0,0,0,134250.0,566550.0
3880,86,58,566650.0,134250.0,10860058,0,1,3,0,0,0,0,134250.0,566650.0
3881,86,59,566750.0,134250.0,10860059,0,2,3,0,0,0,0,134250.0,566750.0
3882,86,60,566850.0,134250.0,10860060,0,2,2,0,0,0,0,134250.0,566850.0
3883,86,61,566950.0,134250.0,10860061,0,2,2,0,0,0,0,134250.0,566950.0
3884,86,62,567050.0,134250.0,10860062,0,2,2,0,0,0,0,134250.0,567050.0
3885,86,63,567150.0,134250.0,10860063,0,1,2,0,0,0,0,134250.0,567150.0
3886,86,64,567250.0,134250.0,10860064,0,1,2,0,0,0,0,134250.0,567250.0
3887,86,65,567350.0,134250.0,10860065,0,1,1,0,0,0,0,134250.0,567350.0
3888,86,66,567450.0,134250.0,10860066,0,0,1,0,0,0,0,134250.0,567450.0
3889,86,67,567550.0,134250.0,10860067,0,0,0,0,0,0,0,134250.0,567550.0
3890,86,68,567650.0,134250.0,10860068,0,0,0,0,0,0,0,134250.0,567650.0
3891,86,69,567750.0,134250.0,10860069,0,0,0,0,0,0,0,134250.0,567750.0
3892,86,70,567850.0,134250.0,10860070,1,0,1,0,0,0,0,134250.0,567850.0
3893,86,71,567950.0,134250.0,10860071,0,0,1,0,0,0,0,134250.0,567950.0
3894,86,72,568050.0,134250.0,10860072,0,0,2,0,0,0,0,134250.0,568050.0
3895,86,73,568150.0,134250.0,10860073,0,0,2,0,0,0,0,134250.0,568150.0
3896,86,74,568250.0,134250.0,10860074,1,0,3,0,0,0,0,134250.0,568250.0
3897,86,75,568350.0,134250.0,10860075,0,0,3,0,0,0,0,134250.0,568350.0
3898,86,76,568450.0,134250.0,10860076,0,0,4,0,0,0,0,134250.0,568450.0
3899,86,77,568550.0,134250.0,10860077,0,0,4,0,0,0,0,134250.0,568550.0
3900,86,78,568650.0,134250.0,10860078,0,0,4,0,0,0,0,134250.0,568650.0
3901,86,79,568750.0,134250.0,10860079,1,0,4,0,0,0,0,134250.0,568750.0
3902,86,80,568850.0,134250.0,10860080,1,0,4,0,0,0,0,134250.0,568850.0
3903,86,81,568950.0,134250.0,10860081,2,0,4,0,0,0,0,134250.0,568950.0
3904,86,82,569050.0,134250.0,10860082,2,0,4,0,0,0,0,134250.0,569050.0
3905,86,83,569150.0,134250.0,10860083,3,0,4,0,0,0,0,134250.0,569150.0
3906,86,84,569250.0,134250.0,10860084,2,0,4,0,0,0,0,134250.0,569250.0
3907,86,85,569350.0,134250.0,10860085,2,0,4,0,0,0,0,134250.0,569350.0
3908,86,86,569450.0,134250.0,10860086,1,0,4,0,0,0,0,134250.0,569450.0
3909,86,87,569550.0,134250.0,10860087,1,0,4,0,0,0,0,134250.0,569550.0
3910,86,88,569650.0,134250.0,10860088,1,0,4,0,0,0,0,134250.0,569650.0
3911,86,89,569750.0,134250.0,10860089,0,0,4,0,0,0,0,134250.0,569750.0
3912,86,90,569850.0,134250.0,10860090,0,0,4,0,0,0,0,134250.0,569850.0
3913,86,91,569950.0,134250.0,10860091,0,0,4,0,0,0,0,134250.0,569950.0
3914,86,92,570050.0,134250.0,10860092,1,0,4,0,0,0,0,134250.0,570050.0
3915,86,93,570150.0,134250.0,10860093,1,0,4,0,0,0,0,134250.0,570150.0
3916,86,94,570250.0,134250.0,10860094,1,0,4,0,0,0,0,134250.0,570250.0
3917,86,95,570350.0,134250.0,10860095,1,0,4,0,0,0,0,134250.0,570350.0
3918,86,96,570450.0,134250.0,10860096,1,0,4,0,0,0,0,134250.0,570450.0
3919,86,97,570550.0,134250.0,10860097,0,0,4,0,0,0,0,134250.0,570550.0
3920,86,98,570650.0,134250.0,10860098,0,0,4,0,0,0,0,134250.0,570650.0
3921,86,99,570750.0,134250.0,10860099,0,0,4,0,0,0,0,134250.0,570750.0
3922,86,100,570850.0,134250.0,10860100,0,0,4,0,0,0,0,134250.0,570850.0
3923,86,101,570950.0,134250.0,10860101,1,0,4,0,0,0,0,134250.0,570950.0
3924,86,102,571050.0,134250.0,10860102,1,0,4,0,0,0,0,134250.0,571050.0
3925,86,103,571150.0,134250.0,10860103,1,0,4,0,0,0,0,134250.0,571150.0
3926,86,104,571250.0,134250.0,10860104,1,0,4,0,0,0,0,134250.0,571250.0
3927,86,105,571350.0,134250.0,10860105,1,0,4,0,0,0,0,134250.0,571350.0
3928,86,106,571450.0,134250.0,10860106,1,0,4,0,0,0,0,134250.0,571450.0
3929,86,107,571550.0,134250.0,10860107,1,0,4,0,0,0,0,134250.0,571550.0
3930,86,108,571650.0,134250.0,10860108,1,0,4,0,0,0,0,134250.0,571650.0
3931,86,109,571750.0,134250.0,10860109,1,0,4,0,0,0,0,134250.0,571750.0
3932,86,110,571850.0,134250.0,10860110,0,0,4,0,0,0,0,134250.0,571850.0
3933,86,111,571950.0,134250.0,10860111,0,0,4,0,0,0,0,134250.0,571950.0
3934,86,112,572050.0,134250.0,10860112,0,0,4,0,0,0,0,134250.0,572050.0
3935,86,113,572150.0,134250.0,10860113,1,0,4,0,0,0,0,134250.0,572150.0
3936,87,32,564050.0,134150.0,10870032,4,0,4,0,0,0,0,134150.0,564050.0
3937,87,33,564150.0,134150.0,10870033,4,0,4,0,0,0,0,134150.0,564150.0
3938,87,34,564250.0,134150.0,10870034,4,0,4,0,0,0,0,134150.0,564250.0
3939,87,35,564350.0,134150.0,10870035,4,0,4,0,0,0,0,134150.0,564350.0
3940,87,36,564450.0,134150.0,10870036,4,0,4,0,0,0,0,134150.0,564450.0
3941,87,37,564550.0,134150.0,10870037,4,0,4,0,0,0,0,134150.0,564550.0
3942,87,38,564650.0,134150.0,10870038,4,0,4,0,0,0,0,134150.0,564650.0
3943,87,39,564750.0,134150.0,10870039,4,0,4,0,0,0,0,134150.0,564750.0
3944,87,40,564850.0,134150.0,10870040,4,0,4,0,0,0,0,134150.0,564850.0
3945,87,41,564950.0,134150.0,10870041,4,0,4,0,0,0,0,134150.0,564950.0
3946,87,42,565050.0,134150.0,10870042,4,0,4,0,0,0,0,134150.0,565050.0
3947,87,43,565150.0,134150.0,10870043,4,0,4,0,0,0,0,134150.0,565150.0
3948,87,44,565250.0,134150.0,10870044,4,0,4,0,0,0,0,134150.0,565250.0
3949,87,45,565350.0,134150.0,10870045,3,0,4,0,0,0,0,134150.0,565350.0
3950,87,46,565450.0,134150.0,10870046,3,0,4,0,0,0,0,134150.0,565450.0
3951,87,47,565550.0,134150.0,10870047,2,0,4,0,0,0,0,134150.0,565550.0
3952,87,48,565650.0,134150.0,10870048,2,0,4,0,0,0,0,134150.0,565650.0
3953,87,49,565750.0,134150.0,10870049,1,0,4,0,0,0,0,134150.0,565750.0
3954,87,50,565850.0,134150.0,10870050,1,0,4,0,0,0,0,134150.0,565850.0
3955,87,51,565950.0,134150.0,10870051,0,0,4,0,0,0,0,134150.0,565950.0
3956,87,52,566050.0,134150.0,10870052,0,0,4,0,0,0,0,134150.0,566050.0
3957,87,53,566150.0,134150.0,10870053,0,0,4,0,0,0,0,134150.0,566150.0
3958,87,54,566250.0,134150.0,10870054,1,0,4,0,0,0,0,134150.0,566250.0
3959,87,55,566350.0,134150.0,10870055,1,0,3,0,0,0,0,134150.0,566350.0
3960,87,56,566450.0,134150.0,10870056,1,0,3,0,0,0,0,134150.0,566450.0
3961,87,57,566550.0,134150.0,10870057,1,0,2,0,0,0,0,134150.0,566550.0
3962,87,58,566650.0,134150.0,10870058,0,1,2,0,0,0,0,134150.0,566650.0
3963,87,59,566750.0,134150.0,10870059,0,2,2,0,0,0,0,134150.0,566750.0
3964,87,60,566850.0,134150.0,10870060,0,3,2,0,0,0,0,134150.0,566850.0
3965,87,61,566950.0,134150.0,10870061,0,4,2,0,0,0,0,134150.0,566950.0
3966,87,62,567050.0,134150.0,10870062,0,2,2,0,0,0,0,134150.0,567050.0
3967,87,63,567150.0,134150.0,10870063,0,2,2,0,0,0,0,134150.0,567150.0
3968,87,64,567250.0,134150.0,10870064,0,2,2,0,0,0,0,134150.0,567250.0
3969,87,65,567350.0,134150.0,10870065,0,1,1,0,0,0,0,134150.0,567350.0
3970,87,66,567450.0,134150.0,10870066,0,0,1,0,0,0,0,134150.0,567450.0
3971,87,67,567550.0,134150.0,10870067,0,0,1,0,0,0,0,134150.0,567550.0
3972,87,68,567650.0,134150.0,10870068,0,0,1,0,0,0,0,134150.0,567650.0
3973,87,69,567750.0,134150.0,10870069,0,0,1,0,0,0,0,134150.0,567750.0
3974,87,70,567850.0,134150.0,10870070,0,0,1,0,0,0,0,134150.0,567850.0
3975,87,71,567950.0,134150.0,10870071,1,0,1,0,0,0,0,134150.0,567950.0
3976,87,72,568050.0,134150.0,10870072,1,0,2,0,0,0,0,134150.0,568050.0
3977,87,73,568150.0,134150.0,10870073,1,0,2,0,0,0,0,134150.0,568150.0
3978,87,74,568250.0,134150.0,10870074,1,0,3,0,0,0,0,134150.0,568250.0
3979,87,75,568350.0,134150.0,10870075,0,0,3,0,0,0,0,134150.0,568350.0
3980,87,76,568450.0,134150.0,10870076,0,0,4,0,0,0,0,134150.0,568450.0
3981,87,77,568550.0,134150.0,10870077,0,0,4,0,0,0,0,134150.0,568550.0
3982,87,78,568650.0,134150.0,10870078,0,0,4,0,0,0,0,134150.0,568650.0
3983,87,79,568750.0,134150.0,10870079,1,0,4,0,0,0,0,134150.0,568750.0
3984,87,80,568850.0,134150.0,10870080,1,0,4,0,0,0,0,134150.0,568850.0
3985,87,81,568950.0,134150.0,10870081,2,0,4,0,0,0,0,134150.0,568950.0
3986,87,82,569050.0,134150.0,10870082,2,0,4,0,0,0,0,134150.0,569050.0
3987,87,83,569150.0,134150.0,10870083,3,0,4,0,0,0,0,134150.0,569150.0
3988,87,84,569250.0,134150.0,10870084,2,0,4,0,0,0,0,134150.0,569250.0
3989,87,85,569350.0,134150.0,10870085,2,0,4,0,0,0,0,134150.0,569350.0
3990,87,86,569450.0,134150.0,10870086,2,0,4,0,0,0,0,134150.0,569450.0
3991,87,87,569550.0,134150.0,10870087,1,0,4,0,0,0,0,134150.0,569550.0
3992,87,88,569650.0,134150.0,10870088,1,0,4,0,0,0,0,134150.0,569650.0
3993,87,89,569750.0,134150.0,10870089,0,0,4,0,0,0,0,134150.0,569750.0
3994,87,90,569850.0,134150.0,10870090,0,0,4,0,0,0,0,134150.0,569850.0
3995,87,91,569950.0,134150.0,10870091,0,0,4,0,0,0,0,134150.0,569950.0
3996,87,92,570050.0,134150.0,10870092,0,0,4,0,0,0,0,134150.0,570050.0
3997,87,93,570150.0,134150.0,10870093,1,0,4,0,0,0,0,134150.0,570150.0
3998,87,94,570250.0,134150.0,10870094,1,0,4,0,0,0,0,134150.0,570250.0
3999,87,95,570350.0,134150.0,10870095,1,0,4,0,0,0,0,134150.0,570350.0
4000,87,96,570450.0,134150.0,10870096,1,0,4,0,0,0,0,134150.0,570450.0
4001,87,97,570550.0,134150.0,10870097,0,0,4,0,0,0,0,134150.0,570550.0
4002,87,98,570650.0,134150.0,10870098,0,0,4,0,0,0,0,134150.0,570650.0
4003,87,99,570750.0,134150.0,10870099,0,0,4,0,0,0,0,134150.0,570750.0
4004,87,100,570850.0,134150.0,10870100,0,0,4,0,0,0,0,134150.0,570850.0
4005,87,101,570950.0,134150.0,10870101,1,0,4,0,0,0,0,134150.0,570950.0
4006,87,102,571050.0,134150.0,10870102,1,0,4,0,0,0,0,134150.0,571050.0
4007,87,103,571150.0,134150.0,10870103,2,0,4,0,0,0,0,134150.0,571150.0
4008,87,104,571250.0,134150.0,10870104,1,0,4,0,0,0,0,134150.0,571250.0
4009,87,105,571350.0,134150.0,10870105,1,0,4,0,0,0,0,134150.0,571350.0
4010,87,106,571450.0,134150.0,10870106,1,0,4,0,0,0,0,134150.0,571450.0
4011,87,107,571550.0,134150.0,10870107,1,0,4,0,0,0,0,134150.0,571550.0
4012,87,108,571650.0,134150.0,10870108,1,0,4,0,0,0,0,134150.0,571650.0
4013,87,109,571750.0,134150.0,10870109,1,0,4,0,0,0,0,134150.0,571750.0
4014,87,110,571850.0,134150.0,10870110,0,0,4,0,0,0,0,134150.0,571850.0
4015,87,111,571950.0,134150.0,10870111,0,0,4,0,0,0,0,134150.0,571950.0
4016,87,112,572050.0,134150.0,10870112,0,0,4,0,0,0,0,134150.0,572050.0
4017,87,113,572150.0,134150.0,10870113,1,0,4,0,0,0,0,134150.0,572150.0
4018,88,32,564050.0,134050.0,10880032,4,0,4,0,0,0,0,134050.0,564050.0
4019,88,33,564150.0,134050.0,10880033,4,0,4,0,0,0,0,134050.0,564150.0
4020,88,34,564250.0,134050.0,10880034,4,0,4,0,0,0,0,134050.0,564250.0
4021,88,35,564350.0,134050.0,10880035,4,0,4,0,0,0,0,134050.0,564350.0
4022,88,36,564450.0,134050.0,10880036,4,0,4,0,0,0,0,134050.0,564450.0
4023,88,37,564550.0,134050.0,10880037,4,0,4,0,0,0,0,134050.0,564550.0
4024,88,38,564650.0,134050.0,10880038,4,0,4,0,0,0,0,134050.0,564650.0
4025,88,39,564750.0,134050.0,10880039,4,0,4,0,0,0,0,134050.0,564750.0
4026,88,40,564850.0,134050.0,10880040,4,0,4,0,0,0,0,134050.0,564850.0
4027,88,41,564950.0,134050.0,10880041,4,0,4,0,0,0,0,134050.0,564950.0
4028,88,42,565050.0,134050.0,10880042,4,0,4,0,0,0,0,134050.0,565050.0
4029,88,43,565150.0,134050.0,10880043,4,0,4,0,0,0,0,134050.0,565150.0
4030,88,44,565250.0,134050.0,10880044,4,0,4,0,0,0,0,134050.0,565250.0
4031,88,45,565350.0,134050.0,10880045,3,0,4,0,0,0,0,134050.0,565350.0
4032,88,46,565450.0,134050.0,10880046,3,0,4,0,0,0,0,134050.0,565450.0
4033,88,47,565550.0,134050.0,10880047,2,0,4,0,0,0,0,134050.0,565550.0
4034,88,48,565650.0,134050.0,10880048,2,0,4,0,0,0,0,134050.0,565650.0
4035,88,49,565750.0,134050.0,10880049,1,0,4,0,0,0,0,134050.0,565750.0
4036,88,50,565850.0,134050.0,10880050,1,0,4,0,0,0,0,134050.0,565850.0
4037,88,51,565950.0,134050.0,10880051,1,0,4,0,0,0,0,134050.0,565950.0
4038,88,52,566050.0,134050.0,10880052,1,0,4,0,0,0,0,134050.0,566050.0
4039,88,53,566150.0,134050.0,10880053,1,0,4,0,0,0,0,134050.0,566150.0
4040,88,54,566250.0,134050.0,10880054,1,0,3,0,0,0,0,134050.0,566250.0
4041,88,55,566350.0,134050.0,10880055,1,0,3,0,0,0,0,134050.0,566350.0
4042,88,56,566450.0,134050.0,10880056,1,0,2,0,0,0,0,134050.0,566450.0
4043,88,57,566550.0,134050.0,10880057,1,0,2,0,0,0,0,134050.0,566550.0
4044,88,58,566650.0,134050.0,10880058,0,1,2,0,0,0,0,134050.0,566650.0
4045,88,59,566750.0,134050.0,10880059,0,2,2,0,0,0,0,134050.0,566750.0
4046,88,60,566850.0,134050.0,10880060,0,2,1,0,0,0,0,134050.0,566850.0
4047,88,61,566950.0,134050.0,10880061,0,3,1,0,0,0,0,134050.0,566950.0
4048,88,62,567050.0,134050.0,10880062,0,2,2,0,0,0,0,134050.0,567050.0
4049,88,63,567150.0,134050.0,10880063,0,4,2,0,0,0,0,134050.0,567150.0
4050,88,64,567250.0,134050.0,10880064,0,3,2,0,0,0,0,134050.0,567250.0
4051,88,65,567350.0,134050.0,10880065,0,2,2,0,0,0,0,134050.0,567350.0
4052,88,66,567450.0,134050.0,10880066,0,1,2,0,0,0,0,134050.0,567450.0
4053,88,67,567550.0,134050.0,10880067,0,0,1,0,0,0,0,134050.0,567550.0
4054,88,68,567650.0,134050.0,10880068,0,0,1,0,0,0,0,134050.0,567650.0
4055,88,69,567750.0,134050.0,10880069,0,0,1,0,0,0,0,134050.0,567750.0
4056,88,70,567850.0,134050.0,10880070,0,0,2,0,0,0,0,134050.0,567850.0
4057,88,71,567950.0,134050.0,10880071,1,0,2,0,0,0,0,134050.0,567950.0
4058,88,72,568050.0,134050.0,10880072,1,0,2,0,0,0,0,134050.0,568050.0
4059,88,73,568150.0,134050.0,10880073,1,0,3,0,0,0,0,134050.0,568150.0
4060,88,74,568250.0,134050.0,10880074,1,0,3,0,0,0,0,134050.0,568250.0
4061,88,75,568350.0,134050.0,10880075,1,0,3,0,0,0,0,134050.0,568350.0
4062,88,76,568450.0,134050.0,10880076,0,0,4,0,0,0,0,134050.0,568450.0
4063,88,77,568550.0,134050.0,10880077,0,0,4,0,0,0,0,134050.0,568550.0
4064,88,78,568650.0,134050.0,10880078,0,0,4,0,0,0,0,134050.0,568650.0
4065,88,79,568750.0,134050.0,10880079,0,0,4,0,0,0,0,134050.0,568750.0
4066,88,80,568850.0,134050.0,10880080,1,0,4,0,0,0,0,134050.0,568850.0
4067,88,81,568950.0,134050.0,10880081,1,0,4,0,0,0,0,134050.0,568950.0
4068,88,82,569050.0,134050.0,10880082,2,0,4,0,0,0,0,134050.0,569050.0
4069,88,83,569150.0,134050.0,10880083,2,0,4,0,0,0,0,134050.0,569150.0
4070,88,84,569250.0,134050.0,10880084,3,0,4,0,0,0,0,134050.0,569250.0
4071,88,85,569350.0,134050.0,10880085,2,0,4,0,0,0,0,134050.0,569350.0
4072,88,86,569450.0,134050.0,10880086,2,0,4,0,0,0,0,134050.0,569450.0
4073,88,87,569550.0,134050.0,10880087,1,0,4,0,0,0,0,134050.0,569550.0
4074,88,88,569650.0,134050.0,10880088,1,0,4,0,0,0,0,134050.0,569650.0
4075,88,89,569750.0,134050.0,10880089,0,0,4,0,0,0,0,134050.0,569750.0
4076,88,90,569850.0,134050.0,10880090,0,0,4,0,0,0,0,134050.0,569850.0
4077,88,91,569950.0,134050.0,10880091,0,0,4,0,0,0,0,134050.0,569950.0
4078,88,92,570050.0,134050.0,10880092,0,0,4,0,0,0,0,134050.0,570050.0
4079,88,93,570150.0,134050.0,10880093,1,0,4,0,0,0,0,134050.0,570150.0
4080,88,94,570250.0,134050.0,10880094,1,0,4,0,0,0,0,134050.0,570250.0
4081,88,95,570350.0,134050.0,10880095,1,0,4,0,0,0,0,134050.0,570350.0
4082,88,96,570450.0,134050.0,10880096,1,0,4,0,0,0,0,134050.0,570450.0
4083,88,97,570550.0,134050.0,10880097,1,0,4,0,0,0,0,134050.0,570550.0
4084,88,98,570650.0,134050.0,10880098,0,0,4,0,0,0,0,134050.0,570650.0
4085,88,99,570750.0,134050.0,10880099,0,0,4,0,0,0,0,134050.0,570750.0
4086,88,100,570850.0,134050.0,10880100,1,0,4,0,0,0,0,134050.0,570850.0
4087,88,101,570950.0,134050.0,10880101,1,0,4,0,0,0,0,134050.0,570950.0
4088,88,102,571050.0,134050.0,10880102,2,0,4,0,0,0,0,134050.0,571050.0
4089,88,103,571150.0,134050.0,10880103,1,0,4,0,0,0,0,134050.0,571150.0
4090,88,104,571250.0,134050.0,10880104,1,0,4,0,0,0,0,134050.0,571250.0
4091,88,105,571350.0,134050.0,10880105,1,0,4,0,0,0,0,134050.0,571350.0
4092,88,106,571450.0,134050.0,10880106,1,0,4,0,0,0,0,134050.0,571450.0
4093,88,107,571550.0,134050.0,10880107,1,0,4,0,0,0,0,134050.0,571550.0
4094,88,108,571650.0,134050.0,10880108,1,0,4,0,0,0,0,134050.0,571650.0
4095,88,109,571750.0,134050.0,10880109,1,0,4,0,0,0,0,134050.0,571750.0
4096,88,110,571850.0,134050.0,10880110,0,0,4,0,0,0,0,134050.0,571850.0
4097,88,111,571950.0,134050.0,10880111,0,0,4,0,0,0,0,134050.0,571950.0
4098,88,112,572050.0,134050.0,10880112,0,0,4,0,0,0,0,134050.0,572050.0
4099,88,113,572150.0,134050.0,10880113,0,0,4,0,0,0,0,134050.0,572150.0
4100,89,32,564050.0,133950.0,10890032,4,0,4,0,0,0,0,133950.0,564050.0
4101,89,33,564150.0,133950.0,10890033,4,0,4,0,0,0,0,133950.0,564150.0
4102,89,34,564250.0,133950.0,10890034,4,0,4,0,0,0,0,133950.0,564250.0
4103,89,35,564350.0,133950.0,10890035,4,0,4,0,0,0,0,133950.0,564350.0
4104,89,36,564450.0,133950.0,10890036,4,0,4,0,0,0,0,133950.0,564450.0
4105,89,37,564550.0,133950.0,10890037,4,0,4,0,0,0,0,133950.0,564550.0
4106,89,38,564650.0,133950.0,10890038,4,0,4,0,0,0,0,133950.0,564650.0
4107,89,39,564750.0,133950.0,10890039,4,0,4,0,0,0,0,133950.0,564750.0
4108,89,40,564850.0,133950.0,10890040,4,0,4,0,0,0,0,133950.0,564850.0
4109,89,41,564950.0,133950.0,10890041,4,0,4,0,0,0,0,133950.0,564950.0
4110,89,42,565050.0,133950.0,10890042,4,0,4,0,0,0,0,133950.0,565050.0
4111,89,43,565150.0,133950.0,10890043,4,0,4,0,0,0,0,133950.0,565150.0
4112,89,44,565250.0,133950.0,10890044,4,0,4,0,0,0,0,133950.0,565250.0
4113,89,45,565350.0,133950.0,10890045,3,0,4,0,0,0,0,133950.0,565350.0
4114,89,46,565450.0,133950.0,10890046,3,0,4,0,0,0,0,133950.0,565450.0
4115,89,47,565550.0,133950.0,10890047,3,0,4,0,0,0,0,133950.0,565550.0
4116,89,48,565650.0,133950.0,10890048,2,0,4,0,0,0,0,133950.0,565650.0
4117,89,49,565750.0,133950.0,10890049,2,0,4,0,0,0,0,133950.0,565750.0
4118,89,50,565850.0,133950.0,10890050,1,0,4,0,0,0,0,133950.0,565850.0
4119,89,51,565950.0,133950.0,10890051,1,0,4,0,0,0,0,133950.0,565950.0
4120,89,52,566050.0,133950.0,10890052,1,0,4,0,0,0,0,133950.0,566050.0
4121,89,53,566150.0,133950.0,10890053,1,0,4,0,0,0,0,133950.0,566150.0
4122,89,54,566250.0,133950.0,10890054,1,0,3,0,0,0,0,133950.0,566250.0
4123,89,55,566350.0,133950.0,10890055,2,0,3,0,0,0,0,133950.0,566350.0
4124,89,56,566450.0,133950.0,10890056,1,0,2,0,0,0,0,133950.0,566450.0
4125,89,57,566550.0,133950.0,10890057,1,0,2,0,0,0,0,133950.0,566550.0
4126,89,58,566650.0,133950.0,10890058,1,0,1,0,0,0,0,133950.0,566650.0
4127,89,59,566750.0,133950.0,10890059,0,1,1,0,0,0,0,133950.0,566750.0
4128,89,60,566850.0,133950.0,10890060,0,2,1,0,0,0,0,133950.0,566850.0
4129,89,61,566950.0,133950.0,10890061,0,2,1,0,0,0,0,133950.0,566950.0
4130,89,62,567050.0,133950.0,10890062,0,2,1,0,0,0,0,133950.0,567050.0
4131,89,63,567150.0,133950.0,10890063,0,3,1,0,0,0,0,133950.0,567150.0
4132,89,64,567250.0,133950.0,10890064,0,2,2,0,0,0,0,133950.0,567250.0
4133,89,65,567350.0,133950.0,10890065,0,2,2,0,0,0,0,133950.0,567350.0
4134,89,66,567450.0,133950.0,10890066,0,1,2,0,0,0,0,133950.0,567450.0
4135,89,67,567550.0,133950.0,10890067,0,0,2,0,0,0,0,133950.0,567550.0
4136,89,68,567650.0,133950.0,10890068,0,0,2,0,0,0,0,133950.0,567650.0
4137,89,69,567750.0,133950.0,10890069,0,0,2,0,0,0,0,133950.0,567750.0
4138,89,70,567850.0,133950.0,10890070,0,0,2,0,0,0,0,133950.0,567850.0
4139,89,71,567950.0,133950.0,10890071,0,0,2,0,0,0,0,133950.0,567950.0
4140,89,72,568050.0,133950.0,10890072,1,0,3,0,0,0,0,133950.0,568050.0
4141,89,73,568150.0,133950.0,10890073,1,0,3,0,0,0,0,133950.0,568150.0
4142,89,74,568250.0,133950.0,10890074,1,0,3,0,0,0,0,133950.0,568250.0
4143,89,75,568350.0,133950.0,10890075,1,0,4,0,0,0,0,133950.0,568350.0
4144,89,76,568450.0,133950.0,10890076,0,0,4,0,0,0,0,133950.0,568450.0
4145,89,77,568550.0,133950.0,10890077,0,0,4,0,0,0,0,133950.0,568550.0
4146,89,78,568650.0,133950.0,10890078,0,0,4,0,0,0,0,133950.0,568650.0
4147,89,79,568750.0,133950.0,10890079,0,0,4,0,0,0,0,133950.0,568750.0
4148,89,80,568850.0,133950.0,10890080,1,0,4,0,0,0,0,133950.0,568850.0
4149,89,81,568950.0,133950.0,10890081,1,0,4,0,0,0,0,133950.0,568950.0
4150,89,82,569050.0,133950.0,10890082,2,0,4,0,0,0,0,133950.0,569050.0
4151,89,83,569150.0,133950.0,10890083,2,0,4,0,0,0,0,133950.0,569150.0
4152,89,84,569250.0,133950.0,10890084,3,0,4,0,0,0,0,133950.0,569250.0
4153,89,85,569350.0,133950.0,10890085,2,0,4,0,0,0,0,133950.0,569350.0
4154,89,86,569450.0,133950.0,10890086,2,0,4,0,0,0,0,133950.0,569450.0
4155,89,87,569550.0,133950.0,10890087,1,0,4,0,0,0,0,133950.0,569550.0
4156,89,88,569650.0,133950.0,10890088,1,0,4,0,0,0,0,133950.0,569650.0
4157,89,89,569750.0,133950.0,10890089,0,0,4,0,0,0,0,133950.0,569750.0
4158,89,90,569850.0,133950.0,10890090,0,0,4,0,0,0,0,133950.0,569850.0
4159,89,91,569950.0,133950.0,10890091,0,0,4,0,0,0,0,133950.0,569950.0
4160,89,92,570050.0,133950.0,10890092,1,0,4,0,0,0,0,133950.0,570050.0
4161,89,93,570150.0,133950.0,10890093,1,0,4,0,0,0,0,133950.0,570150.0
4162,89,94,570250.0,133950.0,10890094,2,0,4,0,0,0,0,133950.0,570250.0
4163,89,95,570350.0,133950.0,10890095,2,0,4,0,0,0,0,133950.0,570350.0
4164,89,96,570450.0,133950.0,10890096,1,0,4,0,0,0,0,133950.0,570450.0
4165,89,97,570550.0,133950.0,10890097,1,0,4,0,0,0,0,133950.0,570550.0
4166,89,98,570650.0,133950.0,10890098,1,0,4,0,0,0,0,133950.0,570650.0
4167,89,99,570750.0,133950.0,10890099,1,0,3,0,0,0,0,133950.0,570750.0
4168,89,100,570850.0,133950.0,10890100,1,0,3,0,0,0,0,133950.0,570850.0
4169,89,101,570950.0,133950.0,10890101,1,0,3,0,0,0,0,133950.0,570950.0
4170,89,102,571050.0,133950.0,10890102,1,0,3,0,0,0,0,133950.0,571050.0
4171,89,103,571150.0,133950.0,10890103,1,0,3,0,0,0,0,133950.0,571150.0
4172,89,104,571250.0,133950.0,10890104,1,0,3,0,0,0,0,133950.0,571250.0
4173,89,105,571350.0,133950.0,10890105,0,0,4,0,0,0,0,133950.0,571350.0
4174,89,106,571450.0,133950.0,10890106,0,0,4,0,0,0,0,133950.0,571450.0
4175,89,107,571550.0,133950.0,10890107,1,0,4,0,0,0,0,133950.0,571550.0
4176,89,108,571650.0,133950.0,10890108,1,0,4,0,0,0,0,133950.0,571650.0
4177,89,109,571750.0,133950.0,10890109,1,0,4,0,0,0,0,133950.0,571750.0
4178,89,110,571850.0,133950.0,10890110,0,0,4,0,0,0,0,133950.0,571850.0
4179,89,111,571950.0,133950.0,10890111,0,0,4,0,0,0,0,133950.0,571950.0
4180,89,112,572050.0,133950.0,10890112,0,0,4,0,0,0,0,133950.0,572050.0
4181,89,113,572150.0,133950.0,10890113,1,0,4,0,0,0,0,133950.0,572150.0
4182,90,32,564050.0,133850.0,10900032,4,0,4,0,0,0,0,133850.0,564050.0
4183,90,33,564150.0,133850.0,10900033,4,0,4,0,0,0,0,133850.0,564150.0
4184,90,34,564250.0,133850.0,10900034,4,0,4,0,0,0,0,133850.0,564250.0
4185,90,35,564350.0,133850.0,10900035,4,0,4,0,0,0,0,133850.0,564350.0
4186,90,36,564450.0,133850.0,10900036,4,0,4,0,0,0,0,133850.0,564450.0
4187,90,37,564550.0,133850.0,10900037,4,0,4,0,0,0,0,133850.0,564550.0
4188,90,38,564650.0,133850.0,10900038,4,0,4,0,0,0,0,133850.0,564650.0
4189,90,39,564750.0,133850.0,10900039,4,0,4,0,0,0,0,133850.0,564750.0
4190,90,40,564850.0,133850.0,10900040,4,0,4,0,0,0,0,133850.0,564850.0
4191,90,41,564950.0,133850.0,10900041,4,0,4,0,0,0,0,133850.0,564950.0
4192,90,42,565050.0,133850.0,10900042,4,0,4,0,0,0,0,133850.0,565050.0
4193,90,43,565150.0,133850.0,10900043,4,0,4,0,0,0,0,133850.0,565150.0
4194,90,44,565250.0,133850.0,10900044,4,0,4,0,0,0,0,133850.0,565250.0
4195,90,45,565350.0,133850.0,10900045,4,0,4,0,0,0,0,133850.0,565350.0
4196,90,46,565450.0,133850.0,10900046,3,0,4,0,0,0,0,133850.0,565450.0
4197,90,47,565550.0,133850.0,10900047,3,0,4,0,0,0,0,133850.0,565550.0
4198,90,48,565650.0,133850.0,10900048,2,0,4,0,0,0,0,133850.0,565650.0
4199,90,49,565750.0,133850.0,10900049,2,0,4,0,0,0,0,133850.0,565750.0
4200,90,50,565850.0,133850.0,10900050,2,0,4,0,0,0,0,133850.0,565850.0
4201,90,51,565950.0,133850.0,10900051,2,0,4,0,0,0,0,133850.0,565950.0
4202,90,52,566050.0,133850.0,10900052,2,0,4,0,0,0,0,133850.0,566050.0
4203,90,53,566150.0,133850.0,10900053,2,0,3,0,0,0,0,133850.0,566150.0
4204,90,54,566250.0,133850.0,10900054,2,0,3,0,0,0,0,133850.0,566250.0
4205,90,55,566350.0,133850.0,10900055,1,0,2,0,0,0,0,133850.0,566350.0
4206,90,56,566450.0,133850.0,10900056,1,0,2,0,0,0,0,133850.0,566450.0
4207,90,57,566550.0,133850.0,10900057,1,0,2,0,0,0,0,133850.0,566550.0
4208,90,58,566650.0,133850.0,10900058,1,0,1,0,0,0,0,133850.0,566650.0
4209,90,59,566750.0,133850.0,10900059,0,0,1,0,0,0,0,133850.0,566750.0
4210,90,60,566850.0,133850.0,10900060,0,1,0,0,0,0,0,133850.0,566850.0
4211,90,61,566950.0,133850.0,10900061,0,1,0,0,0,0,0,133850.0,566950.0
4212,90,62,567050.0,133850.0,10900062,0,1,1,0,0,0,0,133850.0,567050.0
4213,90,63,567150.0,133850.0,10900063,0,2,1,0,0,0,0,133850.0,567150.0
4214,90,64,567250.0,133850.0,10900064,1,2,1,0,0,0,0,133850.0,567250.0
4215,90,65,567350.0,133850.0,10900065,1,1,2,0,0,0,0,133850.0,567350.0
4216,90,66,567450.0,133850.0,10900066,0,0,2,0,0,0,0,133850.0,567450.0
4217,90,67,567550.0,133850.0,10900067,0,0,2,0,0,0,0,133850.0,567550.0
4218,90,68,567650.0,133850.0,10900068,0,0,2,0,0,0,0,133850.0,567650.0
4219,90,69,567750.0,133850.0,10900069,0,0,2,0,0,0,0,133850.0,567750.0
4220,90,70,567850.0,133850.0,10900070,0,0,2,0,0,0,0,133850.0,567850.0
4221,90,71,567950.0,133850.0,10900071,0,0,3,0,0,0,0,133850.0,567950.0
4222,90,72,568050.0,133850.0,10900072,1,0,3,0,0,0,0,133850.0,568050.0
4223,90,73,568150.0,133850.0,10900073,1,0,3,0,0,0,0,133850.0,568150.0
4224,90,74,568250.0,133850.0,10900074,1,0,4,0,0,0,0,133850.0,568250.0
4225,90,75,568350.0,133850.0,10900075,1,0,4,0,0,0,0,133850.0,568350.0
4226,90,76,568450.0,133850.0,10900076,0,0,4,0,0,0,0,133850.0,568450.0
4227,90,77,568550.0,133850.0,10900077,0,0,4,0,0,0,0,133850.0,568550.0
4228,90,78,568650.0,133850.0,10900078,0,0,4,0,0,0,0,133850.0,568650.0
4229,90,79,568750.0,133850.0,10900079,1,0,4,0,0,0,0,133850.0,568750.0
4230,90,80,568850.0,133850.0,10900080,1,0,4,0,0,0,0,133850.0,568850.0
4231,90,81,568950.0,133850.0,10900081,2,0,4,0,0,0,0,133850.0,568950.0
4232,90,82,569050.0,133850.0,10900082,2,0,4,0,0,0,0,133850.0,569050.0
4233,90,83,569150.0,133850.0,10900083,2,0,4,0,0,0,0,133850.0,569150.0
4234,90,84,569250.0,133850.0,10900084,3,0,4,0,0,0,0,133850.0,569250.0
4235,90,85,569350.0,133850.0,10900085,2,0,4,0,0,0,0,133850.0,569350.0
4236,90,86,569450.0,133850.0,10900086,2,0,4,0,0,0,0,133850.0,569450.0
4237,90,87,569550.0,133850.0,10900087,1,0,4,0,0,0,0,133850.0,569550.0
4238,90,88,569650.0,133850.0,10900088,1,0,4,0,0,0,0,133850.0,569650.0
4239,90,89,569750.0,133850.0,10900089,1,0,4,0,0,0,0,133850.0,569750.0
4240,90,90,569850.0,133850.0,10900090,1,0,4,0,0,0,0,133850.0,569850.0
4241,90,91,569950.0,133850.0,10900091,1,0,4,0,0,0,0,133850.0,569950.0
4242,90,92,570050.0,133850.0,10900092,1,0,4,0,0,0,0,133850.0,570050.0
4243,90,93,570150.0,133850.0,10900093,1,0,4,0,0,0,0,133850.0,570150.0
4244,90,94,570250.0,133850.0,10900094,2,0,4,0,0,0,0,133850.0,570250.0
4245,90,95,570350.0,133850.0,10900095,2,0,4,0,0,0,0,133850.0,570350.0
4246,90,96,570450.0,133850.0,10900096,2,0,4,0,0,0,0,133850.0,570450.0
4247,90,97,570550.0,133850.0,10900097,2,0,3,0,0,0,0,133850.0,570550.0
4248,90,98,570650.0,133850.0,10900098,1,0,3,0,0,0,0,133850.0,570650.0
4249,90,99,570750.0,133850.0,10900099,1,0,3,0,0,0,0,133850.0,570750.0
4250,90,100,570850.0,133850.0,10900100,2,0,3,0,0,0,0,133850.0,570850.0
4251,90,101,570950.0,133850.0,10900101,2,0,3,0,0,0,0,133850.0,570950.0
4252,90,102,571050.0,133850.0,10900102,1,0,3,0,0,0,0,133850.0,571050.0
4253,90,103,571150.0,133850.0,10900103,1,0,3,0,0,0,0,133850.0,571150.0
4254,90,104,571250.0,133850.0,10900104,0,0,3,0,0,0,0,133850.0,571250.0
4255,90,105,571350.0,133850.0,10900105,0,0,3,0,0,0,0,133850.0,571350.0
4256,90,106,571450.0,133850.0,10900106,0,0,3,0,0,0,0,133850.0,571450.0
4257,90,107,571550.0,133850.0,10900107,0,0,4,0,0,0,0,133850.0,571550.0
4258,90,108,571650.0,133850.0,10900108,1,0,4,0,0,0,0,133850.0,571650.0
4259,90,109,571750.0,133850.0,10900109,1,0,4,0,0,0,0,133850.0,571750.0
4260,90,110,571850.0,133850.0,10900110,1,0,4,0,0,0,0,133850.0,571850.0
4261,90,111,571950.0,133850.0,10900111,1,0,4,0,0,0,0,133850.0,571950.0
4262,90,112,572050.0,133850.0,10900112,1,0,4,0,0,0,0,133850.0,572050.0
4263,90,113,572150.0,133850.0,10900113,1,0,4,0,0,0,0,133850.0,572150.0
4264,91,32,564050.0,133750.0,10910032,4,0,4,0,0,0,0,133750.0,564050.0
4265,91,33,564150.0,133750.0,10910033,4,0,4,0,0,0,0,133750.0,564150.0
4266,91,34,564250.0,133750.0,10910034,4,0,4,0,0,0,0,133750.0,564250.0
4267,91,35,564350.0,133750.0,10910035,4,0,4,0,0,0,0,133750.0,564350.0
4268,91,36,564450.0,133750.0,10910036,4,0,4,0,0,0,0,133750.0,564450.0
4269,91,37,564550.0,133750.0,10910037,4,0,4,0,0,0,0,133750.0,564550.0
4270,91,38,564650.0,133750.0,10910038,4,0,4,0,0,0,0,133750.0,564650.0
4271,91,39,564750.0,133750.0,10910039,4,0,4,0,0,0,0,133750.0,564750.0
4272,91,40,564850.0,133750.0,10910040,4,0,4,0,0,0,0,133750.0,564850.0
4273,91,41,564950.0,133750.0,10910041,4,0,4,0,0,0,0,133750.0,564950.0
4274,91,42,565050.0,133750.0,10910042,4,0,4,0,0,0,0,133750.0,565050.0
4275,91,43,565150.0,133750.0,10910043,4,0,4,0,0,0,0,133750.0,565150.0
4276,91,44,565250.0,133750.0,10910044,4,0,4,0,0,0,0,133750.0,565250.0
4277,91,45,565350.0,133750.0,10910045,4,0,4,0,0,0,0,133750.0,565350.0
4278,91,46,565450.0,133750.0,10910046,4,0,4,0,0,0,0,133750.0,565450.0
4279,91,47,565550.0,133750.0,10910047,3,0,4,0,0,0,0,133750.0,565550.0
4280,91,48,565650.0,133750.0,10910048,3,0,4,0,0,0,0,133750.0,565650.0
4281,91,49,565750.0,133750.0,10910049,3,0,4,0,0,0,0,133750.0,565750.0
4282,91,50,565850.0,133750.0,10910050,2,0,4,0,0,0,0,133750.0,565850.0
4283,91,51,565950.0,133750.0,10910051,2,0,4,0,0,0,0,133750.0,565950.0
4284,91,52,566050.0,133750.0,10910052,2,0,4,0,0,0,0,133750.0,566050.0
4285,91,53,566150.0,133750.0,10910053,2,0,3,0,0,0,0,133750.0,566150.0
4286,91,54,566250.0,133750.0,10910054,2,0,3,0,0,0,0,133750.0,566250.0
4287,91,55,566350.0,133750.0,10910055,1,0,2,0,0,0,0,133750.0,566350.0
4288,91,56,566450.0,133750.0,10910056,1,0,2,0,0,0,0,133750.0,566450.0
4289,91,57,566550.0,133750.0,10910057,0,0,1,0,0,0,0,133750.0,566550.0
4290,91,58,566650.0,133750.0,10910058,0,0,1,0,0,0,0,133750.0,566650.0
4291,91,59,566750.0,133750.0,10910059,0,0,0,0,0,0,0,133750.0,566750.0
4292,91,60,566850.0,133750.0,10910060,0,0,0,0,0,0,0,133750.0,566850.0
4293,91,61,566950.0,133750.0,10910061,0,0,0,0,0,0,0,133750.0,566950.0
4294,91,62,567050.0,133750.0,10910062,0,0,0,0,0,0,0,133750.0,567050.0
4295,91,63,567150.0,133750.0,10910063,1,1,1,0,0,0,0,133750.0,567150.0
4296,91,64,567250.0,133750.0,10910064,1,1,1,0,0,0,0,133750.0,567250.0
4297,91,65,567350.0,133750.0,10910065,1,0,2,0,0,0,0,133750.0,567350.0
4298,91,66,567450.0,133750.0,10910066,0,0,2,0,0,0,0,133750.0,567450.0
4299,91,67,567550.0,133750.0,10910067,0,0,3,0,0,0,0,133750.0,567550.0
4300,91,68,567650.0,133750.0,10910068,0,0,3,0,0,0,0,133750.0,567650.0
4301,91,69,567750.0,133750.0,10910069,0,0,3,0,0,0,0,133750.0,567750.0
4302,91,70,567850.0,133750.0,10910070,0,0,3,0,0,0,0,133750.0,567850.0
4303,91,71,567950.0,133750.0,10910071,0,0,3,0,0,0,0,133750.0,567950.0
4304,91,72,568050.0,133750.0,10910072,0,0,3,0,0,0,0,133750.0,568050.0
4305,91,73,568150.0,133750.0,10910073,1,0,4,0,0,0,0,133750.0,568150.0
4306,91,74,568250.0,133750.0,10910074,1,0,4,0,0,0,0,133750.0,568250.0
4307,91,75,568350.0,133750.0,10910075,1,0,4,0,0,0,0,133750.0,568350.0
4308,91,76,568450.0,133750.0,10910076,1,0,4,0,0,0,0,133750.0,568450.0
4309,91,77,568550.0,133750.0,10910077,1,0,4,0,0,0,0,133750.0,568550.0
4310,91,78,568650.0,133750.0,10910078,1,0,4,0,0,0,0,133750.0,568650.0
4311,91,79,568750.0,133750.0,10910079,1,0,4,0,0,0,0,133750.0,568750.0
4312,91,80,568850.0,133750.0,10910080,1,0,4,0,0,0,0,133750.0,568850.0
4313,91,81,568950.0,133750.0,10910081,2,0,4,0,0,0,0,133750.0,568950.0
4314,91,82,569050.0,133750.0,10910082,2,0,4,0,0,0,0,133750.0,569050.0
4315,91,83,569150.0,133750.0,10910083,3,0,4,0,0,0,0,133750.0,569150.0
4316,91,84,569250.0,133750.0,10910084,3,0,4,0,0,0,0,133750.0,569250.0
4317,91,85,569350.0,133750.0,10910085,3,0,4,0,0,0,0,133750.0,569350.0
4318,91,86,569450.0,133750.0,10910086,2,0,4,0,0,0,0,133750.0,569450.0
4319,91,87,569550.0,133750.0,10910087,2,0,4,0,0,0,0,133750.0,569550.0
4320,91,88,569650.0,133750.0,10910088,2,0,4,0,0,0,0,133750.0,569650.0
4321,91,89,569750.0,133750.0,10910089,1,0,4,0,0,0,0,133750.0,569750.0
4322,91,90,569850.0,133750.0,10910090,1,0,4,0,0,0,0,133750.0,569850.0
4323,91,91,569950.0,133750.0,10910091,1,0,4,0,0,0,0,133750.0,569950.0
4324,91,92,570050.0,133750.0,10910092,1,0,4,0,0,0,0,133750.0,570050.0
4325,91,93,570150.0,133750.0,10910093,2,0,4,0,0,0,0,133750.0,570150.0
4326,91,94,570250.0,133750.0,10910094,2,0,4,0,0,0,0,133750.0,570250.0
4327,91,95,570350.0,133750.0,10910095,2,0,4,0,0,0,0,133750.0,570350.0
4328,91,96,570450.0,133750.0,10910096,2,0,3,0,0,0,0,133750.0,570450.0
4329,91,97,570550.0,133750.0,10910097,2,0,3,0,0,0,0,133750.0,570550.0
4330,91,98,570650.0,133750.0,10910098,2,0,3,0,0,0,0,133750.0,570650.0
4331,91,99,570750.0,133750.0,10910099,2,0,2,0,0,0,0,133750.0,570750.0
4332,91,100,570850.0,133750.0,10910100,2,0,2,0,0,0,0,133750.0,570850.0
4333,91,101,570950.0,133750.0,10910101,2,0,2,0,0,0,0,133750.0,570950.0
4334,91,102,571050.0,133750.0,10910102,1,0,2,0,0,0,0,133750.0,571050.0
4335,91,103,571150.0,133750.0,10910103,1,0,2,0,0,0,0,133750.0,571150.0
4336,91,104,571250.0,133750.0,10910104,0,0,2,0,0,0,0,133750.0,571250.0
4337,91,105,571350.0,133750.0,10910105,0,0,3,0,0,0,0,133750.0,571350.0
4338,91,106,571450.0,133750.0,10910106,0,0,3,0,0,0,0,133750.0,571450.0
4339,91,107,571550.0,133750.0,10910107,0,0,3,0,0,0,0,133750.0,571550.0
4340,91,108,571650.0,133750.0,10910108,1,0,4,0,0,0,0,133750.0,571650.0
4341,91,109,571750.0,133750.0,10910109,1,0,4,0,0,0,0,133750.0,571750.0
4342,91,110,571850.0,133750.0,10910110,1,0,4,0,0,0,0,133750.0,571850.0
4343,91,111,571950.0,133750.0,10910111,1,0,4,0,0,0,0,133750.0,571950.0
4344,91,112,572050.0,133750.0,10910112,1,0,4,0,0,0,0,133750.0,572050.0
4345,91,113,572150.0,133750.0,10910113,1,0,4,0,0,0,0,133750.0,572150.0
4346,92,32,564050.0,133650.0,10920032,4,0,4,0,0,0,0,133650.0,564050.0
4347,92,33,564150.0,133650.0,10920033,4,0,4,0,0,0,0,133650.0,564150.0
4348,92,34,564250.0,133650.0,10920034,4,0,4,0,0,0,0,133650.0,564250.0
4349,92,35,564350.0,133650.0,10920035,4,0,4,0,0,0,0,133650.0,564350.0
4350,92,36,564450.0,133650.0,10920036,4,0,4,0,0,0,0,133650.0,564450.0
4351,92,37,564550.0,133650.0,10920037,4,0,4,0,0,0,0,133650.0,564550.0
4352,92,38,564650.0,133650.0,10920038,4,0,4,0,0,0,0,133650.0,564650.0
4353,92,39,564750.0,133650.0,10920039,4,0,4,0,0,0,0,133650.0,564750.0
4354,92,40,564850.0,133650.0,10920040,4,0,4,0,0,0,0,133650.0,564850.0
4355,92,41,564950.0,133650.0,10920041,4,0,4,0,0,0,0,133650.0,564950.0
4356,92,42,565050.0,133650.0,10920042,4,0,4,0,0,0,0,133650.0,565050.0
4357,92,43,565150.0,133650.0,10920043,4,0,4,0,0,0,0,133650.0,565150.0
4358,92,44,565250.0,133650.0,10920044,4,0,4,0,0,0,0,133650.0,565250.0
4359,92,45,565350.0,133650.0,10920045,4,0,4,0,0,0,0,133650.0,565350.0
4360,92,46,565450.0,133650.0,10920046,4,0,4,0,0,0,0,133650.0,565450.0
4361,92,47,565550.0,133650.0,10920047,4,0,4,0,0,0,0,133650.0,565550.0
4362,92,48,565650.0,133650.0,10920048,3,0,4,0,0,0,0,133650.0,565650.0
4363,92,49,565750.0,133650.0,10920049,3,0,4,0,0,0,0,133650.0,565750.0
4364,92,50,565850.0,133650.0,10920050,3,0,4,0,0,0,0,133650.0,565850.0
4365,92,51,565950.0,133650.0,10920051,2,0,4,0,0,0,0,133650.0,565950.0
4366,92,52,566050.0,133650.0,10920052,2,0,4,0,0,0,0,133650.0,566050.0
4367,92,53,566150.0,133650.0,10920053,2,0,3,0,0,0,0,133650.0,566150.0
4368,92,54,566250.0,133650.0,10920054,1,0,3,0,0,0,0,133650.0,566250.0
4369,92,55,566350.0,133650.0,10920055,1,0,2,0,0,0,0,133650.0,566350.0
4370,92,56,566450.0,133650.0,10920056,0,0,2,0,0,0,0,133650.0,566450.0
4371,92,57,566550.0,133650.0,10920057,0,0,1,0,0,0,0,133650.0,566550.0
4372,92,58,566650.0,133650.0,10920058,0,0,1,0,0,0,0,133650.0,566650.0
4373,92,59,566750.0,133650.0,10920059,0,0,0,0,0,0,0,133650.0,566750.0
4374,92,60,566850.0,133650.0,10920060,0,0,0,0,0,0,0,133650.0,566850.0
4375,92,61,566950.0,133650.0,10920061,0,0,0,0,0,0,0,133650.0,566950.0
4376,92,62,567050.0,133650.0,10920062,0,0,0,0,0,0,0,133650.0,567050.0
4377,92,63,567150.0,133650.0,10920063,1,0,1,0,0,0,0,133650.0,567150.0
4378,92,64,567250.0,133650.0,10920064,1,0,1,0,0,0,0,133650.0,567250.0
4379,92,65,567350.0,133650.0,10920065,0,0,2,0,0,0,0,133650.0,567350.0
4380,92,66,567450.0,133650.0,10920066,0,0,2,0,0,0,0,133650.0,567450.0
4381,92,67,567550.0,133650.0,10920067,0,0,3,0,0,0,0,133650.0,567550.0
4382,92,68,567650.0,133650.0,10920068,1,0,3,0,0,0,0,133650.0,567650.0
4383,92,69,567750.0,133650.0,10920069,0,0,3,0,0,0,0,133650.0,567750.0
4384,92,70,567850.0,133650.0,10920070,0,0,3,0,0,0,0,133650.0,567850.0
4385,92,71,567950.0,133650.0,10920071,0,0,4,0,0,0,0,133650.0,567950.0
4386,92,72,568050.0,133650.0,10920072,1,0,4,0,0,0,0,133650.0,568050.0
4387,92,73,568150.0,133650.0,10920073,1,0,4,0,0,0,0,133650.0,568150.0
4388,92,74,568250.0,133650.0,10920074,2,0,4,0,0,0,0,133650.0,568250.0
4389,92,75,568350.0,133650.0,10920075,1,0,4,0,0,0,0,133650.0,568350.0
4390,92,76,568450.0,133650.0,10920076,1,0,4,0,0,0,0,133650.0,568450.0
4391,92,77,568550.0,133650.0,10920077,1,0,4,0,0,0,0,133650.0,568550.0
4392,92,78,568650.0,133650.0,10920078,1,0,4,0,0,0,0,133650.0,568650.0
4393,92,79,568750.0,133650.0,10920079,1,0,4,0,0,0,0,133650.0,568750.0
4394,92,80,568850.0,133650.0,10920080,2,0,4,0,0,0,0,133650.0,568850.0
4395,92,81,568950.0,133650.0,10920081,2,0,4,0,0,0,0,133650.0,568950.0
4396,92,82,569050.0,133650.0,10920082,2,0,4,0,0,0,0,133650.0,569050.0
4397,92,83,569150.0,133650.0,10920083,3,0,4,0,0,0,0,133650.0,569150.0
4398,92,84,569250.0,133650.0,10920084,3,0,4,0,0,0,0,133650.0,569250.0
4399,92,85,569350.0,133650.0,10920085,3,0,4,0,0,0,0,133650.0,569350.0
4400,92,86,569450.0,133650.0,10920086,2,0,4,0,0,0,0,133650.0,569450.0
4401,92,87,569550.0,133650.0,10920087,2,0,4,0,0,0,0,133650.0,569550.0
4402,92,88,569650.0,133650.0,10920088,2,0,4,0,0,0,0,133650.0,569650.0
4403,92,89,569750.0,133650.0,10920089,2,0,4,0,0,0,0,133650.0,569750.0
4404,92,90,569850.0,133650.0,10920090,2,0,4,0,0,0,0,133650.0,569850.0
4405,92,91,569950.0,133650.0,10920091,2,0,4,0,0,0,0,133650.0,569950.0
4406,92,92,570050.0,133650.0,10920092,2,0,4,0,0,0,0,133650.0,570050.0
4407,92,93,570150.0,133650.0,10920093,2,0,4,0,0,0,0,133650.0,570150.0
4408,92,94,570250.0,133650.0,10920094,2,0,4,0,0,0,0,133650.0,570250.0
4409,92,95,570350.0,133650.0,10920095,1,0,3,0,0,0,0,133650.0,570350.0
4410,92,96,570450.0,133650.0,10920096,1,0,3,0,0,0,0,133650.0,570450.0
4411,92,97,570550.0,133650.0,10920097,1,0,3,0,0,0,0,133650.0,570550.0
4412,92,98,570650.0,133650.0,10920098,1,0,2,0,0,0,0,133650.0,570650.0
4413,92,99,570750.0,133650.0,10920099,2,0,2,0,0,0,0,133650.0,570750.0
4414,92,100,570850.0,133650.0,10920100,2,0,2,0,0,0,0,133650.0,570850.0
4415,92,101,570950.0,133650.0,10920101,2,0,2,0,0,0,0,133650.0,570950.0
4416,92,102,571050.0,133650.0,10920102,1,0,2,0,0,0,0,133650.0,571050.0
4417,92,103,571150.0,133650.0,10920103,1,0,2,0,0,0,0,133650.0,571150.0
4418,92,104,571250.0,133650.0,10920104,1,0,2,0,0,0,0,133650.0,571250.0
4419,92,105,571350.0,133650.0,10920105,0,0,2,0,0,0,0,133650.0,571350.0
4420,92,106,571450.0,133650.0,10920106,0,0,3,0,0,0,0,133650.0,571450.0
4421,92,107,571550.0,133650.0,10920107,1,0,3,0,0,0,0,133650.0,571550.0
4422,92,108,571650.0,133650.0,10920108,1,0,3,0,0,0,0,133650.0,571650.0
4423,92,109,571750.0,133650.0,10920109,1,0,4,0,0,0,0,133650.0,571750.0
4424,92,110,571850.0,133650.0,10920110,1,0,4,0,0,0,0,133650.0,571850.0
4425,92,111,571950.0,133650.0,10920111,1,0,4,0,0,0,0,133650.0,571950.0
4426,92,112,572050.0,133650.0,10920112,1,0,4,0,0,0,0,133650.0,572050.0
4427,92,113,572150.0,133650.0,10920113,2,0,4,0,0,0,0,133650.0,572150.0
4428,93,32,564050.0,133550.0,10930032,4,0,4,0,0,0,0,133550.0,564050.0
4429,93,33,564150.0,133550.0,10930033,4,0,4,0,0,0,0,133550.0,564150.0
4430,93,34,564250.0,133550.0,10930034,4,0,4,0,0,0,0,133550.0,564250.0
4431,93,35,564350.0,133550.0,10930035,4,0,4,0,0,0,0,133550.0,564350.0
4432,93,36,564450.0,133550.0,10930036,4,0,4,0,0,0,0,133550.0,564450.0
4433,93,37,564550.0,133550.0,10930037,4,0,4,0,0,0,0,133550.0,564550.0
4434,93,38,564650.0,133550.0,10930038,4,0,4,0,0,0,0,133550.0,564650.0
4435,93,39,564750.0,133550.0,10930039,4,0,4,0,0,0,0,133550.0,564750.0
4436,93,40,564850.0,133550.0,10930040,4,0,4,0,0,0,0,133550.0,564850.0
4437,93,41,564950.0,133550.0,10930041,4,0,4,0,0,0,0,133550.0,564950.0
4438,93,42,565050.0,133550.0,10930042,4,0,4,0,0,0,0,133550.0,565050.0
4439,93,43,565150.0,133550.0,10930043,4,0,4,0,0,0,0,133550.0,565150.0
4440,93,44,565250.0,133550.0,10930044,4,0,4,0,0,0,0,133550.0,565250.0
4441,93,45,565350.0,133550.0,10930045,4,0,4,0,0,0,0,133550.0,565350.0
4442,93,46,565450.0,133550.0,10930046,4,0,4,0,0,0,0,133550.0,565450.0
4443,93,47,565550.0,133550.0,10930047,4,0,4,0,0,0,0,133550.0,565550.0
4444,93,48,565650.0,133550.0,10930048,3,0,4,0,0,0,0,133550.0,565650.0
4445,93,49,565750.0,133550.0,10930049,3,0,4,0,0,0,0,133550.0,565750.0
4446,93,50,565850.0,133550.0,10930050,2,0,4,0,0,0,0,133550.0,565850.0
4447,93,51,565950.0,133550.0,10930051,2,0,4,0,0,0,0,133550.0,565950.0
4448,93,52,566050.0,133550.0,10930052,2,0,4,0,0,0,0,133550.0,566050.0
4449,93,53,566150.0,133550.0,10930053,1,0,3,0,0,0,0,133550.0,566150.0
4450,93,54,566250.0,133550.0,10930054,1,0,3,0,0,0,0,133550.0,566250.0
4451,93,55,566350.0,133550.0,10930055,1,0,2,0,0,0,0,133550.0,566350.0
4452,93,56,566450.0,133550.0,10930056,0,0,2,0,0,0,0,133550.0,566450.0
4453,93,57,566550.0,133550.0,10930057,0,0,1,0,0,0,0,133550.0,566550.0
4454,93,58,566650.0,133550.0,10930058,0,0,1,0,0,0,0,133550.0,566650.0
4455,93,59,566750.0,133550.0,10930059,0,0,0,0,0,0,0,133550.0,566750.0
4456,93,60,566850.0,133550.0,10930060,0,0,0,0,0,0,0,133550.0,566850.0
4457,93,61,566950.0,133550.0,10930061,0,0,0,0,0,0,0,133550.0,566950.0
4458,93,62,567050.0,133550.0,10930062,0,0,0,0,0,0,0,133550.0,567050.0
4459,93,63,567150.0,133550.0,10930063,1,0,1,0,0,0,0,133550.0,567150.0
4460,93,64,567250.0,133550.0,10930064,1,0,1,0,0,0,0,133550.0,567250.0
4461,93,65,567350.0,133550.0,10930065,0,0,2,0,0,0,0,133550.0,567350.0
4462,93,66,567450.0,133550.0,10930066,0,0,2,0,0,0,0,133550.0,567450.0
4463,93,67,567550.0,133550.0,10930067,0,0,3,0,0,0,0,133550.0,567550.0
4464,93,68,567650.0,133550.0,10930068,0,0,3,0,0,0,0,133550.0,567650.0
4465,93,69,567750.0,133550.0,10930069,1,0,4,0,0,0,0,133550.0,567750.0
4466,93,70,567850.0,133550.0,10930070,1,0,4,0,0,0,0,133550.0,567850.0
4467,93,71,567950.0,133550.0,10930071,0,0,4,0,0,0,0,133550.0,567950.0
4468,93,72,568050.0,133550.0,10930072,1,0,4,0,0,0,0,133550.0,568050.0
4469,93,73,568150.0,133550.0,10930073,1,0,4,0,0,0,0,133550.0,568150.0
4470,93,74,568250.0,133550.0,10930074,1,0,4,0,0,0,0,133550.0,568250.0
4471,93,75,568350.0,133550.0,10930075,1,0,4,0,0,0,0,133550.0,568350.0
4472,93,76,568450.0,133550.0,10930076,1,0,4,0,0,0,0,133550.0,568450.0
4473,93,77,568550.0,133550.0,10930077,1,0,4,0,0,0,0,133550.0,568550.0
4474,93,78,568650.0,133550.0,10930078,1,0,4,0,0,0,0,133550.0,568650.0
4475,93,79,568750.0,133550.0,10930079,2,0,4,0,0,0,0,133550.0,568750.0
4476,93,80,568850.0,133550.0,10930080,2,0,4,0,0,0,0,133550.0,568850.0
4477,93,81,568950.0,133550.0,10930081,2,0,4,0,0,0,0,133550.0,568950.0
4478,93,82,569050.0,133550.0,10930082,3,0,4,0,0,0,0,133550.0,569050.0
4479,93,83,569150.0,133550.0,10930083,3,0,4,0,0,0,0,133550.0,569150.0
4480,93,84,569250.0,133550.0,10930084,2,0,4,0,0,0,0,133550.0,569250.0
4481,93,85,569350.0,133550.0,10930085,2,0,4,0,0,0,0,133550.0,569350.0
4482,93,86,569450.0,133550.0,10930086,2,0,4,0,0,0,0,133550.0,569450.0
4483,93,87,569550.0,133550.0,10930087,2,0,4,0,0,0,0,133550.0,569550.0
4484,93,88,569650.0,133550.0,10930088,2,0,4,0,0,0,0,133550.0,569650.0
4485,93,89,569750.0,133550.0,10930089,2,0,4,0,0,0,0,133550.0,569750.0
4486,93,90,569850.0,133550.0,10930090,2,0,4,0,0,0,0,133550.0,569850.0
4487,93,91,569950.0,133550.0,10930091,2,0,4,0,0,0,0,133550.0,569950.0
4488,93,92,570050.0,133550.0,10930092,2,0,4,0,0,0,0,133550.0,570050.0
4489,93,93,570150.0,133550.0,10930093,1,0,4,0,0,0,0,133550.0,570150.0
4490,93,94,570250.0,133550.0,10930094,1,0,4,0,0,0,0,133550.0,570250.0
4491,93,95,570350.0,133550.0,10930095,1,0,3,0,0,0,0,133550.0,570350.0
4492,93,96,570450.0,133550.0,10930096,1,0,3,0,0,0,0,133550.0,570450.0
4493,93,97,570550.0,133550.0,10930097,1,0,2,0,0,0,0,133550.0,570550.0
4494,93,98,570650.0,133550.0,10930098,1,0,2,0,0,0,0,133550.0,570650.0
4495,93,99,570750.0,133550.0,10930099,1,0,2,0,0,0,0,133550.0,570750.0
4496,93,100,570850.0,133550.0,10930100,1,0,1,0,0,0,0,133550.0,570850.0
4497,93,101,570950.0,133550.0,10930101,1,0,1,0,0,0,0,133550.0,570950.0
4498,93,102,571050.0,133550.0,10930102,1,0,1,0,0,0,0,133550.0,571050.0
4499,93,103,571150.0,133550.0,10930103,1,0,1,0,0,0,0,133550.0,571150.0
4500,93,104,571250.0,133550.0,10930104,1,0,2,0,0,0,0,133550.0,571250.0
4501,93,105,571350.0,133550.0,10930105,1,0,2,0,0,0,0,133550.0,571350.0
4502,93,106,571450.0,133550.0,10930106,1,0,2,0,0,0,0,133550.0,571450.0
4503,93,107,571550.0,133550.0,10930107,1,0,3,0,0,0,0,133550.0,571550.0
4504,93,108,571650.0,133550.0,10930108,1,0,3,0,0,0,0,133550.0,571650.0
4505,93,109,571750.0,133550.0,10930109,0,0,4,0,0,0,0,133550.0,571750.0
4506,93,110,571850.0,133550.0,10930110,0,0,4,0,0,0,0,133550.0,571850.0
4507,93,111,571950.0,133550.0,10930111,1,0,4,0,0,0,0,133550.0,571950.0
4508,93,112,572050.0,133550.0,10930112,1,0,4,0,0,0,0,133550.0,572050.0
4509,93,113,572150.0,133550.0,10930113,1,0,4,0,0,0,0,133550.0,572150.0
4510,94,32,564050.0,133450.0,10940032,4,0,4,0,0,0,0,133450.0,564050.0
4511,94,33,564150.0,133450.0,10940033,4,0,4,0,0,0,0,133450.0,564150.0
4512,94,34,564250.0,133450.0,10940034,4,0,4,0,0,0,0,133450.0,564250.0
4513,94,35,564350.0,133450.0,10940035,4,0,4,0,0,0,0,133450.0,564350.0
4514,94,36,564450.0,133450.0,10940036,4,0,4,0,0,0,0,133450.0,564450.0
4515,94,37,564550.0,133450.0,10940037,4,0,4,0,0,0,0,133450.0,564550.0
4516,94,38,564650.0,133450.0,10940038,4,0,4,0,0,0,0,133450.0,564650.0
4517,94,39,564750.0,133450.0,10940039,4,0,4,0,0,0,0,133450.0,564750.0
4518,94,40,564850.0,133450.0,10940040,4,0,4,0,0,0,0,133450.0,564850.0
4519,94,41,564950.0,133450.0,10940041,4,0,4,0,0,0,0,133450.0,564950.0
4520,94,42,565050.0,133450.0,10940042,4,0,4,0,0,0,0,133450.0,565050.0
4521,94,43,565150.0,133450.0,10940043,4,0,4,0,0,0,0,133450.0,565150.0
4522,94,44,565250.0,133450.0,10940044,4,0,4,0,0,0,0,133450.0,565250.0
4523,94,45,565350.0,133450.0,10940045,4,0,4,0,0,0,0,133450.0,565350.0
4524,94,46,565450.0,133450.0,10940046,4,0,4,0,0,0,0,133450.0,565450.0
4525,94,47,565550.0,133450.0,10940047,4,0,4,0,0,0,0,133450.0,565550.0
4526,94,48,565650.0,133450.0,10940048,3,0,4,0,0,0,0,133450.0,565650.0
4527,94,49,565750.0,133450.0,10940049,3,0,4,0,0,0,0,133450.0,565750.0
4528,94,50,565850.0,133450.0,10940050,2,0,4,0,0,0,0,133450.0,565850.0
4529,94,51,565950.0,133450.0,10940051,2,0,4,0,0,0,0,133450.0,565950.0
4530,94,52,566050.0,133450.0,10940052,1,0,4,0,0,0,0,133450.0,566050.0
4531,94,53,566150.0,133450.0,10940053,1,0,3,0,0,0,0,133450.0,566150.0
4532,94,54,566250.0,133450.0,10940054,1,0,3,0,0,0,0,133450.0,566250.0
4533,94,55,566350.0,133450.0,10940055,0,0,3,0,0,0,0,133450.0,566350.0
4534,94,56,566450.0,133450.0,10940056,0,0,2,0,0,0,0,133450.0,566450.0
4535,94,57,566550.0,133450.0,10940057,0,0,2,0,0,0,0,133450.0,566550.0
4536,94,58,566650.0,133450.0,10940058,0,0,1,0,0,0,0,133450.0,566650.0
4537,94,59,566750.0,133450.0,10940059,0,0,1,0,0,0,0,133450.0,566750.0
4538,94,60,566850.0,133450.0,10940060,0,0,1,0,0,0,0,133450.0,566850.0
4539,94,61,566950.0,133450.0,10940061,1,0,1,0,0,0,0,133450.0,566950.0
4540,94,62,567050.0,133450.0,10940062,1,0,1,0,0,0,0,133450.0,567050.0
4541,94,63,567150.0,133450.0,10940063,1,0,1,0,0,0,0,133450.0,567150.0
4542,94,64,567250.0,133450.0,10940064,1,0,2,0,0,0,0,133450.0,567250.0
4543,94,65,567350.0,133450.0,10940065,0,0,2,0,0,0,0,133450.0,567350.0
4544,94,66,567450.0,133450.0,10940066,0,0,2,0,0,0,0,133450.0,567450.0
4545,94,67,567550.0,133450.0,10940067,0,0,3,0,0,0,0,133450.0,567550.0
4546,94,68,567650.0,133450.0,10940068,1,0,3,0,0,0,0,133450.0,567650.0
4547,94,69,567750.0,133450.0,10940069,1,0,4,0,0,0,0,133450.0,567750.0
4548,94,70,567850.0,133450.0,10940070,0,0,4,0,0,0,0,133450.0,567850.0
4549,94,71,567950.0,133450.0,10940071,0,0,4,0,0,0,0,133450.0,567950.0
4550,94,72,568050.0,133450.0,10940072,0,0,4,0,0,0,0,133450.0,568050.0
4551,94,73,568150.0,133450.0,10940073,1,0,4,0,0,0,0,133450.0,568150.0
4552,94,74,568250.0,133450.0,10940074,1,0,4,0,0,0,0,133450.0,568250.0
4553,94,75,568350.0,133450.0,10940075,1,0,4,0,0,0,0,133450.0,568350.0
4554,94,76,568450.0,133450.0,10940076,1,0,4,0,0,0,0,133450.0,568450.0
4555,94,77,568550.0,133450.0,10940077,1,0,4,0,0,0,0,133450.0,568550.0
4556,94,78,568650.0,133450.0,10940078,1,0,4,0,0,0,0,133450.0,568650.0
4557,94,79,568750.0,133450.0,10940079,1,0,4,0,0,0,0,133450.0,568750.0
4558,94,80,568850.0,133450.0,10940080,2,0,4,0,0,0,0,133450.0,568850.0
4559,94,81,568950.0,133450.0,10940081,2,0,4,0,0,0,0,133450.0,568950.0
4560,94,82,569050.0,133450.0,10940082,3,0,4,0,0,0,0,133450.0,569050.0
4561,94,83,569150.0,133450.0,10940083,2,0,4,0,0,0,0,133450.0,569150.0
4562,94,84,569250.0,133450.0,10940084,2,0,4,0,0,0,0,133450.0,569250.0
4563,94,85,569350.0,133450.0,10940085,2,0,4,0,0,0,0,133450.0,569350.0
4564,94,86,569450.0,133450.0,10940086,1,0,4,0,0,0,0,133450.0,569450.0
4565,94,87,569550.0,133450.0,10940087,1,0,4,0,0,0,0,133450.0,569550.0
4566,94,88,569650.0,133450.0,10940088,1,0,3,0,0,0,0,133450.0,569650.0
4567,94,89,569750.0,133450.0,10940089,1,0,3,0,0,0,0,133450.0,569750.0
4568,94,90,569850.0,133450.0,10940090,2,0,3,0,0,0,0,133450.0,569850.0
4569,94,91,569950.0,133450.0,10940091,2,0,3,0,0,0,0,133450.0,569950.0
4570,94,92,570050.0,133450.0,10940092,2,0,3,0,0,0,0,133450.0,570050.0
4571,94,93,570150.0,133450.0,10940093,1,0,3,0,0,0,0,133450.0,570150.0
4572,94,94,570250.0,133450.0,10940094,1,0,3,0,0,0,0,133450.0,570250.0
4573,94,95,570350.0,133450.0,10940095,0,0,3,0,0,0,0,133450.0,570350.0
4574,94,96,570450.0,133450.0,10940096,0,0,3,0,0,0,0,133450.0,570450.0
4575,94,97,570550.0,133450.0,10940097,0,0,2,0,0,0,0,133450.0,570550.0
4576,94,98,570650.0,133450.0,10940098,1,0,2,0,0,0,0,133450.0,570650.0
4577,94,99,570750.0,133450.0,10940099,1,0,1,0,0,0,0,133450.0,570750.0
4578,94,100,570850.0,133450.0,10940100,1,0,1,0,0,0,0,133450.0,570850.0
4579,94,101,570950.0,133450.0,10940101,1,0,1,0,0,0,0,133450.0,570950.0
4580,94,102,571050.0,133450.0,10940102,1,0,1,0,0,0,0,133450.0,571050.0
4581,94,103,571150.0,133450.0,10940103,1,0,1,0,0,0,0,133450.0,571150.0
4582,94,104,571250.0,133450.0,10940104,1,0,1,0,0,0,0,133450.0,571250.0
4583,94,105,571350.0,133450.0,10940105,1,0,2,0,0,0,0,133450.0,571350.0
4584,94,106,571450.0,133450.0,10940106,1,0,2,0,0,0,0,133450.0,571450.0
4585,94,107,571550.0,133450.0,10940107,1,0,2,0,0,0,0,133450.0,571550.0
4586,94,108,571650.0,133450.0,10940108,0,0,3,0,0,0,0,133450.0,571650.0
4587,94,109,571750.0,133450.0,10940109,0,0,3,0,0,0,0,133450.0,571750.0
4588,94,110,571850.0,133450.0,10940110,0,0,4,0,0,0,0,133450.0,571850.0
4589,94,111,571950.0,133450.0,10940111,0,0,4,0,0,0,0,133450.0,571950.0
4590,94,112,572050.0,133450.0,10940112,1,0,4,0,0,0,0,133450.0,572050.0
4591,94,113,572150.0,133450.0,10940113,1,0,4,0,0,0,0,133450.0,572150.0
4592,95,32,564050.0,133350.0,10950032,4,0,4,0,0,0,0,133350.0,564050.0
4593,95,33,564150.0,133350.0,10950033,4,0,4,0,0,0,0,133350.0,564150.0
4594,95,34,564250.0,133350.0,10950034,4,0,4,0,0,0,0,133350.0,564250.0
4595,95,35,564350.0,133350.0,10950035,4,0,4,0,0,0,0,133350.0,564350.0
4596,95,36,564450.0,133350.0,10950036,4,0,4,0,0,0,0,133350.0,564450.0
4597,95,37,564550.0,133350.0,10950037,4,0,4,0,0,0,0,133350.0,564550.0
4598,95,38,564650.0,133350.0,10950038,4,0,4,0,0,0,0,133350.0,564650.0
4599,95,39,564750.0,133350.0,10950039,4,0,4,0,0,0,0,133350.0,564750.0
4600,95,40,564850.0,133350.0,10950040,4,0,4,0,0,0,0,133350.0,564850.0
4601,95,41,564950.0,133350.0,10950041,4,0,4,0,0,0,0,133350.0,564950.0
4602,95,42,565050.0,133350.0,10950042,4,0,4,0,0,0,0,133350.0,565050.0
4603,95,43,565150.0,133350.0,10950043,4,0,4,0,0,0,0,133350.0,565150.0
4604,95,44,565250.0,133350.0,10950044,4,0,4,0,0,0,0,133350.0,565250.0
4605,95,45,565350.0,133350.0,10950045,4,0,4,0,0,0,0,133350.0,565350.0
4606,95,46,565450.0,133350.0,10950046,4,0,4,0,0,0,0,133350.0,565450.0
4607,95,47,565550.0,133350.0,10950047,3,0,4,0,0,0,0,133350.0,565550.0
4608,95,48,565650.0,133350.0,10950048,3,0,4,0,0,0,0,133350.0,565650.0
4609,95,49,565750.0,133350.0,10950049,2,0,4,0,0,0,0,133350.0,565750.0
4610,95,50,565850.0,133350.0,10950050,2,0,4,0,0,0,0,133350.0,565850.0
4611,95,51,565950.0,133350.0,10950051,1,0,4,0,0,0,0,133350.0,565950.0
4612,95,52,566050.0,133350.0,10950052,1,0,4,0,0,0,0,133350.0,566050.0
4613,95,53,566150.0,133350.0,10950053,1,0,4,0,0,0,0,133350.0,566150.0
4614,95,54,566250.0,133350.0,10950054,0,0,3,0,0,0,0,133350.0,566250.0
4615,95,55,566350.0,133350.0,10950055,0,0,3,0,0,0,0,133350.0,566350.0
4616,95,56,566450.0,133350.0,10950056,0,0,2,0,0,0,0,133350.0,566450.0
4617,95,57,566550.0,133350.0,10950057,0,0,2,0,0,0,0,133350.0,566550.0
4618,95,58,566650.0,133350.0,10950058,0,0,2,0,0,0,0,133350.0,566650.0
4619,95,59,566750.0,133350.0,10950059,0,0,1,0,0,0,0,133350.0,566750.0
4620,95,60,566850.0,133350.0,10950060,1,0,1,0,0,0,0,133350.0,566850.0
4621,95,61,566950.0,133350.0,10950061,1,0,1,0,0,0,0,133350.0,566950.0
4622,95,62,567050.0,133350.0,10950062,1,0,1,0,0,0,0,133350.0,567050.0
4623,95,63,567150.0,133350.0,10950063,1,0,2,0,0,0,0,133350.0,567150.0
4624,95,64,567250.0,133350.0,10950064,1,0,2,0,0,0,0,133350.0,567250.0
4625,95,65,567350.0,133350.0,10950065,1,0,2,0,0,0,0,133350.0,567350.0
4626,95,66,567450.0,133350.0,10950066,1,0,3,0,0,0,0,133350.0,567450.0
4627,95,67,567550.0,133350.0,10950067,1,0,3,0,0,0,0,133350.0,567550.0
4628,95,68,567650.0,133350.0,10950068,1,0,4,0,0,0,0,133350.0,567650.0
4629,95,69,567750.0,133350.0,10950069,0,0,4,0,0,0,0,133350.0,567750.0
4630,95,70,567850.0,133350.0,10950070,0,0,4,0,0,0,0,133350.0,567850.0
4631,95,71,567950.0,133350.0,10950071,0,0,4,0,0,0,0,133350.0,567950.0
4632,95,72,568050.0,133350.0,10950072,0,0,4,0,0,0,0,133350.0,568050.0
4633,95,73,568150.0,133350.0,10950073,1,0,4,0,0,0,0,133350.0,568150.0
4634,95,74,568250.0,133350.0,10950074,1,0,4,0,0,0,0,133350.0,568250.0
4635,95,75,568350.0,133350.0,10950075,0,0,4,0,0,0,0,133350.0,568350.0
4636,95,76,568450.0,133350.0,10950076,0,0,4,0,0,0,0,133350.0,568450.0
4637,95,77,568550.0,133350.0,10950077,0,0,4,0,0,0,0,133350.0,568550.0
4638,95,78,568650.0,133350.0,10950078,1,0,4,0,0,0,0,133350.0,568650.0
4639,95,79,568750.0,133350.0,10950079,1,0,4,0,0,0,0,133350.0,568750.0
4640,95,80,568850.0,133350.0,10950080,2,0,4,0,0,0,0,133350.0,568850.0
4641,95,81,568950.0,133350.0,10950081,2,0,4,0,0,0,0,133350.0,568950.0
4642,95,82,569050.0,133350.0,10950082,2,0,4,0,0,0,0,133350.0,569050.0
4643,95,83,569150.0,133350.0,10950083,2,0,4,0,0,0,0,133350.0,569150.0
4644,95,84,569250.0,133350.0,10950084,2,0,4,0,0,0,0,133350.0,569250.0
4645,95,85,569350.0,133350.0,10950085,1,0,4,0,0,0,0,133350.0,569350.0
4646,95,86,569450.0,133350.0,10950086,1,0,4,0,0,0,0,133350.0,569450.0
4647,95,87,569550.0,133350.0,10950087,1,0,3,0,0,0,0,133350.0,569550.0
4648,95,88,569650.0,133350.0,10950088,1,0,3,0,0,0,0,133350.0,569650.0
4649,95,89,569750.0,133350.0,10950089,1,0,3,0,0,0,0,133350.0,569750.0
4650,95,90,569850.0,133350.0,10950090,1,0,3,0,0,0,0,133350.0,569850.0
4651,95,91,569950.0,133350.0,10950091,2,0,3,0,0,0,0,133350.0,569950.0
4652,95,92,570050.0,133350.0,10950092,2,0,3,0,0,0,0,133350.0,570050.0
4653,95,93,570150.0,133350.0,10950093,1,0,3,0,0,0,0,133350.0,570150.0
4654,95,94,570250.0,133350.0,10950094,1,0,3,0,0,0,0,133350.0,570250.0
4655,95,95,570350.0,133350.0,10950095,0,0,3,0,0,0,0,133350.0,570350.0
4656,95,96,570450.0,133350.0,10950096,0,0,2,0,0,0,0,133350.0,570450.0
4657,95,97,570550.0,133350.0,10950097,0,0,2,0,0,0,0,133350.0,570550.0
4658,95,98,570650.0,133350.0,10950098,1,0,1,0,0,0,0,133350.0,570650.0
4659,95,99,570750.0,133350.0,10950099,1,0,1,0,0,0,0,133350.0,570750.0
4660,95,100,570850.0,133350.0,10950100,1,0,1,0,0,0,0,133350.0,570850.0
4661,95,101,570950.0,133350.0,10950101,0,0,0,0,0,0,0,133350.0,570950.0
4662,95,102,571050.0,133350.0,10950102,0,0,0,0,0,0,0,133350.0,571050.0
4663,95,103,571150.0,133350.0,10950103,0,0,0,0,0,0,0,133350.0,571150.0
4664,95,104,571250.0,133350.0,10950104,1,0,1,0,0,0,0,133350.0,571250.0
4665,95,105,571350.0,133350.0,10950105,1,0,1,0,0,0,0,133350.0,571350.0
4666,95,106,571450.0,133350.0,10950106,1,0,2,0,0,0,0,133350.0,571450.0
4667,95,107,571550.0,133350.0,10950107,1,0,2,0,0,0,0,133350.0,571550.0
4668,95,108,571650.0,133350.0,10950108,0,0,3,0,0,0,0,133350.0,571650.0
4669,95,109,571750.0,133350.0,10950109,0,0,3,0,0,0,0,133350.0,571750.0
4670,95,110,571850.0,133350.0,10950110,0,0,4,0,0,0,0,133350.0,571850.0
4671,95,111,571950.0,133350.0,10950111,0,0,4,0,0,0,0,133350.0,571950.0
4672,95,112,572050.0,133350.0,10950112,1,0,4,0,0,0,0,133350.0,572050.0
4673,95,113,572150.0,133350.0,10950113,1,0,4,0,0,0,0,133350.0,572150.0
4674,96,32,564050.0,133250.0,10960032,4,0,4,0,0,0,0,133250.0,564050.0
4675,96,33,564150.0,133250.0,10960033,4,0,4,0,0,0,0,133250.0,564150.0
4676,96,34,564250.0,133250.0,10960034,4,0,4,0,0,0,0,133250.0,564250.0
4677,96,35,564350.0,133250.0,10960035,4,0,4,0,0,0,0,133250.0,564350.0
4678,96,36,564450.0,133250.0,10960036,4,0,4,0,0,0,0,133250.0,564450.0
4679,96,37,564550.0,133250.0,10960037,4,0,4,0,0,0,0,133250.0,564550.0
4680,96,38,564650.0,133250.0,10960038,4,0,4,0,0,0,0,133250.0,564650.0
4681,96,39,564750.0,133250.0,10960039,4,0,4,0,0,0,0,133250.0,564750.0
4682,96,40,564850.0,133250.0,10960040,4,0,4,0,0,0,0,133250.0,564850.0
4683,96,41,564950.0,133250.0,10960041,4,0,4,0,0,0,0,133250.0,564950.0
4684,96,42,565050.0,133250.0,10960042,4,0,4,0,0,0,0,133250.0,565050.0
4685,96,43,565150.0,133250.0,10960043,4,0,4,0,0,0,0,133250.0,565150.0
4686,96,44,565250.0,133250.0,10960044,4,0,4,0,0,0,0,133250.0,565250.0
4687,96,45,565350.0,133250.0,10960045,4,0,4,0,0,0,0,133250.0,565350.0
4688,96,46,565450.0,133250.0,10960046,4,0,4,0,0,0,0,133250.0,565450.0
4689,96,47,565550.0,133250.0,10960047,3,0,4,0,0,0,0,133250.0,565550.0
4690,96,48,565650.0,133250.0,10960048,3,0,4,0,0,0,0,133250.0,565650.0
4691,96,49,565750.0,133250.0,10960049,2,0,4,0,0,0,0,133250.0,565750.0
4692,96,50,565850.0,133250.0,10960050,2,0,4,0,0,0,0,133250.0,565850.0
4693,96,51,565950.0,133250.0,10960051,1,0,4,0,0,0,0,133250.0,565950.0
4694,96,52,566050.0,133250.0,10960052,1,0,4,0,0,0,0,133250.0,566050.0
4695,96,53,566150.0,133250.0,10960053,0,0,4,0,0,0,0,133250.0,566150.0
4696,96,54,566250.0,133250.0,10960054,0,0,3,0,0,0,0,133250.0,566250.0
4697,96,55,566350.0,133250.0,10960055,0,0,3,0,0,0,0,133250.0,566350.0
4698,96,56,566450.0,133250.0,10960056,0,0,3,0,0,0,0,133250.0,566450.0
4699,96,57,566550.0,133250.0,10960057,0,0,2,0,0,0,0,133250.0,566550.0
4700,96,58,566650.0,133250.0,10960058,0,0,2,0,0,0,0,133250.0,566650.0
4701,96,59,566750.0,133250.0,10960059,0,0,2,0,0,0,0,133250.0,566750.0
4702,96,60,566850.0,133250.0,10960060,1,0,2,0,0,0,0,133250.0,566850.0
4703,96,61,566950.0,133250.0,10960061,1,0,2,0,0,0,0,133250.0,566950.0
4704,96,62,567050.0,133250.0,10960062,1,0,2,0,0,0,0,133250.0,567050.0
4705,96,63,567150.0,133250.0,10960063,2,0,2,0,0,0,0,133250.0,567150.0
4706,96,64,567250.0,133250.0,10960064,1,0,2,0,0,0,0,133250.0,567250.0
4707,96,65,567350.0,133250.0,10960065,1,0,3,0,0,0,0,133250.0,567350.0
4708,96,66,567450.0,133250.0,10960066,1,0,3,0,0,0,0,133250.0,567450.0
4709,96,67,567550.0,133250.0,10960067,1,0,3,0,0,0,0,133250.0,567550.0
4710,96,68,567650.0,133250.0,10960068,1,0,4,0,0,0,0,133250.0,567650.0
4711,96,69,567750.0,133250.0,10960069,1,0,4,0,0,0,0,133250.0,567750.0
4712,96,70,567850.0,133250.0,10960070,0,0,4,0,0,0,0,133250.0,567850.0
4713,96,71,567950.0,133250.0,10960071,0,0,4,0,0,0,0,133250.0,567950.0
4714,96,72,568050.0,133250.0,10960072,0,0,4,0,0,0,0,133250.0,568050.0
4715,96,73,568150.0,133250.0,10960073,1,0,4,0,0,0,0,133250.0,568150.0
4716,96,74,568250.0,133250.0,10960074,1,0,4,0,0,0,0,133250.0,568250.0
4717,96,75,568350.0,133250.0,10960075,0,0,4,0,0,0,0,133250.0,568350.0
4718,96,76,568450.0,133250.0,10960076,0,0,4,0,0,0,0,133250.0,568450.0
4719,96,77,568550.0,133250.0,10960077,0,0,4,0,0,0,0,133250.0,568550.0
4720,96,78,568650.0,133250.0,10960078,0,0,4,0,0,0,0,133250.0,568650.0
4721,96,79,568750.0,133250.0,10960079,1,0,4,0,0,0,0,133250.0,568750.0
4722,96,80,568850.0,133250.0,10960080,1,0,4,0,0,0,0,133250.0,568850.0
4723,96,81,568950.0,133250.0,10960081,2,0,4,0,0,0,0,133250.0,568950.0
4724,96,82,569050.0,133250.0,10960082,2,0,4,0,0,0,0,133250.0,569050.0
4725,96,83,569150.0,133250.0,10960083,2,0,4,0,0,0,0,133250.0,569150.0
4726,96,84,569250.0,133250.0,10960084,1,0,4,0,0,0,0,133250.0,569250.0
4727,96,85,569350.0,133250.0,10960085,1,0,4,0,0,0,0,133250.0,569350.0
4728,96,86,569450.0,133250.0,10960086,1,0,3,0,0,0,0,133250.0,569450.0
4729,96,87,569550.0,133250.0,10960087,0,0,3,0,0,0,0,133250.0,569550.0
4730,96,88,569650.0,133250.0,10960088,0,0,3,0,0,0,0,133250.0,569650.0
4731,96,89,569750.0,133250.0,10960089,1,0,2,0,0,0,0,133250.0,569750.0
4732,96,90,569850.0,133250.0,10960090,1,0,2,0,0,0,0,133250.0,569850.0
4733,96,91,569950.0,133250.0,10960091,1,0,2,0,0,0,0,133250.0,569950.0
4734,96,92,570050.0,133250.0,10960092,2,0,2,0,0,0,0,133250.0,570050.0
4735,96,93,570150.0,133250.0,10960093,1,0,2,0,0,0,0,133250.0,570150.0
4736,96,94,570250.0,133250.0,10960094,1,0,2,0,0,0,0,133250.0,570250.0
4737,96,95,570350.0,133250.0,10960095,0,0,3,0,0,0,0,133250.0,570350.0
4738,96,96,570450.0,133250.0,10960096,0,0,2,0,0,0,0,133250.0,570450.0
4739,96,97,570550.0,133250.0,10960097,0,0,2,0,0,0,0,133250.0,570550.0
4740,96,98,570650.0,133250.0,10960098,1,0,1,0,0,0,0,133250.0,570650.0
4741,96,99,570750.0,133250.0,10960099,1,0,1,0,0,0,0,133250.0,570750.0
4742,96,100,570850.0,133250.0,10960100,0,0,0,0,0,0,0,133250.0,570850.0
4743,96,101,570950.0,133250.0,10960101,0,0,0,0,0,0,0,133250.0,570950.0
4744,96,102,571050.0,133250.0,10960102,0,0,0,0,0,0,0,133250.0,571050.0
4745,96,103,571150.0,133250.0,10960103,0,0,0,0,0,0,0,133250.0,571150.0
4746,96,104,571250.0,133250.0,10960104,1,0,1,0,0,0,0,133250.0,571250.0
4747,96,105,571350.0,133250.0,10960105,1,0,1,0,0,0,0,133250.0,571350.0
4748,96,106,571450.0,133250.0,10960106,1,0,2,0,0,0,0,133250.0,571450.0
4749,96,107,571550.0,133250.0,10960107,1,0,2,0,0,0,0,133250.0,571550.0
4750,96,108,571650.0,133250.0,10960108,1,0,3,0,0,0,0,133250.0,571650.0
4751,96,109,571750.0,133250.0,10960109,0,0,3,0,0,0,0,133250.0,571750.0
4752,96,110,571850.0,133250.0,10960110,0,0,4,0,0,0,0,133250.0,571850.0
4753,96,111,571950.0,133250.0,10960111,1,0,4,0,0,0,0,133250.0,571950.0
4754,96,112,572050.0,133250.0,10960112,1,0,4,0,0,0,0,133250.0,572050.0
4755,96,113,572150.0,133250.0,10960113,1,0,4,0,0,0,0,133250.0,572150.0
4756,97,32,564050.0,133150.0,10970032,4,0,4,0,0,0,0,133150.0,564050.0
4757,97,33,564150.0,133150.0,10970033,4,0,4,0,0,0,0,133150.0,564150.0
4758,97,34,564250.0,133150.0,10970034,4,0,4,0,0,0,0,133150.0,564250.0
4759,97,35,564350.0,133150.0,10970035,4,0,4,0,0,0,0,133150.0,564350.0
4760,97,36,564450.0,133150.0,10970036,4,0,4,0,0,0,0,133150.0,564450.0
4761,97,37,564550.0,133150.0,10970037,4,0,4,0,0,0,0,133150.0,564550.0
4762,97,38,564650.0,133150.0,10970038,4,0,4,0,0,0,0,133150.0,564650.0
4763,97,39,564750.0,133150.0,10970039,4,0,4,0,0,0,0,133150.0,564750.0
4764,97,40,564850.0,133150.0,10970040,4,0,4,0,0,0,0,133150.0,564850.0
4765,97,41,564950.0,133150.0,10970041,4,0,4,0,0,0,0,133150.0,564950.0
4766,97,42,565050.0,133150.0,10970042,4,0,4,0,0,0,0,133150.0,565050.0
4767,97,43,565150.0,133150.0,10970043,4,0,4,0,0,0,0,133150.0,565150.0
4768,97,44,565250.0,133150.0,10970044,4,0,4,0,0,0,0,133150.0,565250.0
4769,97,45,565350.0,133150.0,10970045,4,0,4,0,0,0,0,133150.0,565350.0
4770,97,46,565450.0,133150.0,10970046,4,0,4,0,0,0,0,133150.0,565450.0
4771,97,47,565550.0,133150.0,10970047,3,0,4,0,0,0,0,133150.0,565550.0
4772,97,48,565650.0,133150.0,10970048,3,0,4,0,0,0,0,133150.0,565650.0
4773,97,49,565750.0,133150.0,10970049,2,0,4,0,0,0,0,133150.0,565750.0
4774,97,50,565850.0,133150.0,10970050,2,0,4,0,0,0,0,133150.0,565850.0
4775,97,51,565950.0,133150.0,10970051,1,0,4,0,0,0,0,133150.0,565950.0
4776,97,52,566050.0,133150.0,10970052,1,0,4,0,0,0,0,133150.0,566050.0
4777,97,53,566150.0,133150.0,10970053,0,0,4,0,0,0,0,133150.0,566150.0
4778,97,54,566250.0,133150.0,10970054,0,0,4,0,0,0,0,133150.0,566250.0
4779,97,55,566350.0,133150.0,10970055,0,0,3,0,0,0,0,133150.0,566350.0
4780,97,56,566450.0,133150.0,10970056,0,0,3,0,0,0,0,133150.0,566450.0
4781,97,57,566550.0,133150.0,10970057,0,0,3,0,0,0,0,133150.0,566550.0
4782,97,58,566650.0,133150.0,10970058,0,0,2,0,0,0,0,133150.0,566650.0
4783,97,59,566750.0,133150.0,10970059,0,0,2,0,0,0,0,133150.0,566750.0
4784,97,60,566850.0,133150.0,10970060,0,0,2,0,0,0,0,133150.0,566850.0
4785,97,61,566950.0,133150.0,10970061,1,0,2,0,0,0,0,133150.0,566950.0
4786,97,62,567050.0,133150.0,10970062,1,0,2,0,0,0,0,133150.0,567050.0
4787,97,63,567150.0,133150.0,10970063,2,0,2,0,0,0,0,133150.0,567150.0
4788,97,64,567250.0,133150.0,10970064,2,0,3,0,0,0,0,133150.0,567250.0
4789,97,65,567350.0,133150.0,10970065,2,0,3,0,0,0,0,133150.0,567350.0
4790,97,66,567450.0,133150.0,10970066,2,0,3,0,0,0,0,133150.0,567450.0
4791,97,67,567550.0,133150.0,10970067,2,0,4,0,0,0,0,133150.0,567550.0
4792,97,68,567650.0,133150.0,10970068,1,0,4,0,0,0,0,133150.0,567650.0
4793,97,69,567750.0,133150.0,10970069,1,0,4,0,0,0,0,133150.0,567750.0
4794,97,70,567850.0,133150.0,10970070,1,0,4,0,0,0,0,133150.0,567850.0
4795,97,71,567950.0,133150.0,10970071,1,0,4,0,0,0,0,133150.0,567950.0
4796,97,72,568050.0,133150.0,10970072,1,0,4,0,0,0,0,133150.0,568050.0
4797,97,73,568150.0,133150.0,10970073,1,0,4,0,0,0,0,133150.0,568150.0
4798,97,74,568250.0,133150.0,10970074,1,0,4,0,0,0,0,133150.0,568250.0
4799,97,75,568350.0,133150.0,10970075,0,0,4,0,0,0,0,133150.0,568350.0
4800,97,76,568450.0,133150.0,10970076,0,0,4,0,0,0,0,133150.0,568450.0
4801,97,77,568550.0,133150.0,10970077,0,0,4,0,0,0,0,133150.0,568550.0
4802,97,78,568650.0,133150.0,10970078,1,0,4,0,0,0,0,133150.0,568650.0
4803,97,79,568750.0,133150.0,10970079,1,0,4,0,0,0,0,133150.0,568750.0
4804,97,80,568850.0,133150.0,10970080,1,0,4,0,0,0,0,133150.0,568850.0
4805,97,81,568950.0,133150.0,10970081,2,0,4,0,0,0,0,133150.0,568950.0
4806,97,82,569050.0,133150.0,10970082,2,0,4,0,0,0,0,133150.0,569050.0
4807,97,83,569150.0,133150.0,10970083,2,0,4,0,0,0,0,133150.0,569150.0
4808,97,84,569250.0,133150.0,10970084,1,0,4,0,0,0,0,133150.0,569250.0
4809,97,85,569350.0,133150.0,10970085,1,0,3,0,0,0,0,133150.0,569350.0
4810,97,86,569450.0,133150.0,10970086,0,0,3,0,0,0,0,133150.0,569450.0
4811,97,87,569550.0,133150.0,10970087,0,0,3,0,0,0,0,133150.0,569550.0
4812,97,88,569650.0,133150.0,10970088,0,0,2,0,0,0,0,133150.0,569650.0
4813,97,89,569750.0,133150.0,10970089,0,0,2,0,0,0,0,133150.0,569750.0
4814,97,90,569850.0,133150.0,10970090,1,0,2,0,0,0,0,133150.0,569850.0
4815,97,91,569950.0,133150.0,10970091,1,0,2,0,0,0,0,133150.0,569950.0
4816,97,92,570050.0,133150.0,10970092,2,0,2,0,0,0,0,133150.0,570050.0
4817,97,93,570150.0,133150.0,10970093,1,0,2,0,0,0,0,133150.0,570150.0
4818,97,94,570250.0,133150.0,10970094,1,0,2,0,0,0,0,133150.0,570250.0
4819,97,95,570350.0,133150.0,10970095,0,0,2,0,0,0,0,133150.0,570350.0
4820,97,96,570450.0,133150.0,10970096,0,0,2,0,0,0,0,133150.0,570450.0
4821,97,97,570550.0,133150.0,10970097,0,0,2,0,0,0,0,133150.0,570550.0
4822,97,98,570650.0,133150.0,10970098,1,0,1,0,0,0,0,133150.0,570650.0
4823,97,99,570750.0,133150.0,10970099,1,0,1,0,0,0,0,133150.0,570750.0
4824,97,100,570850.0,133150.0,10970100,0,0,0,0,0,0,0,133150.0,570850.0
4825,97,101,570950.0,133150.0,10970101,0,0,0,0,0,0,0,133150.0,570950.0
4826,97,102,571050.0,133150.0,10970102,0,0,0,0,0,0,0,133150.0,571050.0
4827,97,103,571150.0,133150.0,10970103,0,0,0,0,0,0,0,133150.0,571150.0
4828,97,104,571250.0,133150.0,10970104,1,0,1,0,0,0,0,133150.0,571250.0
4829,97,105,571350.0,133150.0,10970105,1,0,1,0,0,0,0,133150.0,571350.0
4830,97,106,571450.0,133150.0,10970106,2,0,2,0,0,0,0,133150.0,571450.0
4831,97,107,571550.0,133150.0,10970107,1,0,2,0,0,0,0,133150.0,571550.0
4832,97,108,571650.0,133150.0,10970108,1,0,3,0,0,0,0,133150.0,571650.0
4833,97,109,571750.0,133150.0,10970109,1,0,3,0,0,0,0,133150.0,571750.0
4834,97,110,571850.0,133150.0,10970110,1,0,4,0,0,0,0,133150.0,571850.0
4835,97,111,571950.0,133150.0,10970111,1,0,4,0,0,0,0,133150.0,571950.0
4836,97,112,572050.0,133150.0,10970112,1,0,4,0,0,0,0,133150.0,572050.0
4837,97,113,572150.0,133150.0,10970113,2,0,4,0,0,0,0,133150.0,572150.0
4838,98,32,564050.0,133050.0,10980032,4,0,4,0,0,0,0,133050.0,564050.0
4839,98,33,564150.0,133050.0,10980033,4,0,4,0,0,0,0,133050.0,564150.0
4840,98,34,564250.0,133050.0,10980034,4,0,4,0,0,0,0,133050.0,564250.0
4841,98,35,564350.0,133050.0,10980035,4,0,4,0,0,0,0,133050.0,564350.0
4842,98,36,564450.0,133050.0,10980036,4,0,4,0,0,0,0,133050.0,564450.0
4843,98,37,564550.0,133050.0,10980037,4,0,4,0,0,0,0,133050.0,564550.0
4844,98,38,564650.0,133050.0,10980038,4,0,4,0,0,0,0,133050.0,564650.0
4845,98,39,564750.0,133050.0,10980039,4,0,4,0,0,0,0,133050.0,564750.0
4846,98,40,564850.0,133050.0,10980040,4,0,4,0,0,0,0,133050.0,564850.0
4847,98,41,564950.0,133050.0,10980041,4,0,4,0,0,0,0,133050.0,564950.0
4848,98,42,565050.0,133050.0,10980042,4,0,4,0,0,0,0,133050.0,565050.0
4849,98,43,565150.0,133050.0,10980043,4,0,4,0,0,0,0,133050.0,565150.0
4850,98,44,565250.0,133050.0,10980044,4,0,4,0,0,0,0,133050.0,565250.0
4851,98,45,565350.0,133050.0,10980045,4,0,4,0,0,0,0,133050.0,565350.0
4852,98,46,565450.0,133050.0,10980046,4,0,4,0,0,0,0,133050.0,565450.0
4853,98,47,565550.0,133050.0,10980047,3,0,4,0,0,0,0,133050.0,565550.0
4854,98,48,565650.0,133050.0,10980048,3,0,4,0,0,0,0,133050.0,565650.0
4855,98,49,565750.0,133050.0,10980049,3,0,4,0,0,0,0,133050.0,565750.0
4856,98,50,565850.0,133050.0,10980050,2,0,4,0,0,0,0,133050.0,565850.0
4857,98,51,565950.0,133050.0,10980051,2,0,4,0,0,0,0,133050.0,565950.0
4858,98,52,566050.0,133050.0,10980052,1,0,4,0,0,0,0,133050.0,566050.0
4859,98,53,566150.0,133050.0,10980053,1,0,4,0,0,0,0,133050.0,566150.0
4860,98,54,566250.0,133050.0,10980054,0,0,4,0,0,0,0,133050.0,566250.0
4861,98,55,566350.0,133050.0,10980055,0,0,4,0,0,0,0,133050.0,566350.0
4862,98,56,566450.0,133050.0,10980056,0,0,3,0,0,0,0,133050.0,566450.0
4863,98,57,566550.0,133050.0,10980057,0,0,3,0,0,0,0,133050.0,566550.0
4864,98,58,566650.0,133050.0,10980058,0,0,3,0,0,0,0,133050.0,566650.0
4865,98,59,566750.0,133050.0,10980059,0,0,3,0,0,0,0,133050.0,566750.0
4866,98,60,566850.0,133050.0,10980060,0,0,3,0,0,0,0,133050.0,566850.0
4867,98,61,566950.0,133050.0,10980061,1,0,3,0,0,0,0,133050.0,566950.0
4868,98,62,567050.0,133050.0,10980062,1,0,3,0,0,0,0,133050.0,567050.0
4869,98,63,567150.0,133050.0,10980063,2,0,3,0,0,0,0,133050.0,567150.0
4870,98,64,567250.0,133050.0,10980064,2,0,3,0,0,0,0,133050.0,567250.0
4871,98,65,567350.0,133050.0,10980065,2,0,3,0,0,0,0,133050.0,567350.0
4872,98,66,567450.0,133050.0,10980066,2,0,4,0,0,0,0,133050.0,567450.0
4873,98,67,567550.0,133050.0,10980067,1,0,4,0,0,0,0,133050.0,567550.0
4874,98,68,567650.0,133050.0,10980068,1,0,4,0,0,0,0,133050.0,567650.0
4875,98,69,567750.0,133050.0,10980069,1,0,4,0,0,0,0,133050.0,567750.0
4876,98,70,567850.0,133050.0,10980070,1,0,4,0,0,0,0,133050.0,567850.0
4877,98,71,567950.0,133050.0,10980071,1,0,4,0,0,0,0,133050.0,567950.0
4878,98,72,568050.0,133050.0,10980072,1,0,4,0,0,0,0,133050.0,568050.0
4879,98,73,568150.0,133050.0,10980073,1,0,4,0,0,0,0,133050.0,568150.0
4880,98,74,568250.0,133050.0,10980074,1,0,4,0,0,0,0,133050.0,568250.0
4881,98,75,568350.0,133050.0,10980075,1,0,4,0,0,0,0,133050.0,568350.0
4882,98,76,568450.0,133050.0,10980076,0,0,4,0,0,0,0,133050.0,568450.0
4883,98,77,568550.0,133050.0,10980077,1,0,4,0,0,0,0,133050.0,568550.0
4884,98,78,568650.0,133050.0,10980078,1,0,4,0,0,0,0,133050.0,568650.0
4885,98,79,568750.0,133050.0,10980079,1,0,4,0,0,0,0,133050.0,568750.0
4886,98,80,568850.0,133050.0,10980080,2,0,4,0,0,0,0,133050.0,568850.0
4887,98,81,568950.0,133050.0,10980081,2,0,4,0,0,0,0,133050.0,568950.0
4888,98,82,569050.0,133050.0,10980082,2,0,4,0,0,0,0,133050.0,569050.0
4889,98,83,569150.0,133050.0,10980083,2,0,4,0,0,0,0,133050.0,569150.0
4890,98,84,569250.0,133050.0,10980084,1,0,4,0,0,0,0,133050.0,569250.0
4891,98,85,569350.0,133050.0,10980085,1,0,3,0,0,0,0,133050.0,569350.0
4892,98,86,569450.0,133050.0,10980086,0,0,3,0,0,0,0,133050.0,569450.0
4893,98,87,569550.0,133050.0,10980087,0,0,2,0,0,0,0,133050.0,569550.0
4894,98,88,569650.0,133050.0,10980088,0,0,2,0,0,0,0,133050.0,569650.0
4895,98,89,569750.0,133050.0,10980089,0,0,1,0,0,0,0,133050.0,569750.0
4896,98,90,569850.0,133050.0,10980090,1,0,1,0,0,0,0,133050.0,569850.0
4897,98,91,569950.0,133050.0,10980091,1,0,1,0,0,0,0,133050.0,569950.0
4898,98,92,570050.0,133050.0,10980092,2,0,1,0,0,0,0,133050.0,570050.0
4899,98,93,570150.0,133050.0,10980093,1,0,1,0,0,0,0,133050.0,570150.0
4900,98,94,570250.0,133050.0,10980094,1,0,2,0,0,0,0,133050.0,570250.0
4901,98,95,570350.0,133050.0,10980095,1,0,2,0,0,0,0,133050.0,570350.0
4902,98,96,570450.0,133050.0,10980096,1,0,2,0,0,0,0,133050.0,570450.0
4903,98,97,570550.0,133050.0,10980097,1,0,2,0,0,0,0,133050.0,570550.0
4904,98,98,570650.0,133050.0,10980098,1,0,1,0,0,0,0,133050.0,570650.0
4905,98,99,570750.0,133050.0,10980099,1,0,1,0,0,0,0,133050.0,570750.0
4906,98,100,570850.0,133050.0,10980100,1,0,1,0,0,0,0,133050.0,570850.0
4907,98,101,570950.0,133050.0,10980101,0,0,0,0,0,0,0,133050.0,570950.0
4908,98,102,571050.0,133050.0,10980102,0,0,0,0,0,0,0,133050.0,571050.0
4909,98,103,571150.0,133050.0,10980103,1,0,1,0,0,0,0,133050.0,571150.0
4910,98,104,571250.0,133050.0,10980104,1,0,1,0,0,0,0,133050.0,571250.0
4911,98,105,571350.0,133050.0,10980105,1,0,1,0,0,0,0,133050.0,571350.0
4912,98,106,571450.0,133050.0,10980106,2,0,2,0,0,0,0,133050.0,571450.0
4913,98,107,571550.0,133050.0,10980107,2,0,2,0,0,0,0,133050.0,571550.0
4914,98,108,571650.0,133050.0,10980108,1,0,3,0,0,0,0,133050.0,571650.0
4915,98,109,571750.0,133050.0,10980109,1,0,3,0,0,0,0,133050.0,571750.0
4916,98,110,571850.0,133050.0,10980110,1,0,4,0,0,0,0,133050.0,571850.0
4917,98,111,571950.0,133050.0,10980111,1,0,4,0,0,0,0,133050.0,571950.0
4918,98,112,572050.0,133050.0,10980112,2,0,4,0,0,0,0,133050.0,572050.0
4919,98,113,572150.0,133050.0,10980113,1,0,4,0,0,0,0,133050.0,572150.0
4920,99,32,564050.0,132950.0,10990032,4,0,4,0,0,0,0,132950.0,564050.0
4921,99,33,564150.0,132950.0,10990033,4,0,4,0,0,0,0,132950.0,564150.0
4922,99,34,564250.0,132950.0,10990034,4,0,4,0,0,0,0,132950.0,564250.0
4923,99,35,564350.0,132950.0,10990035,4,0,4,0,0,0,0,132950.0,564350.0
4924,99,36,564450.0,132950.0,10990036,4,0,4,0,0,0,0,132950.0,564450.0
4925,99,37,564550.0,132950.0,10990037,4,0,4,0,0,0,0,132950.0,564550.0
4926,99,38,564650.0,132950.0,10990038,4,0,4,0,0,0,0,132950.0,564650.0
4927,99,39,564750.0,132950.0,10990039,4,0,4,0,0,0,0,132950.0,564750.0
4928,99,40,564850.0,132950.0,10990040,4,0,4,0,0,0,0,132950.0,564850.0
4929,99,41,564950.0,132950.0,10990041,4,0,4,0,0,0,0,132950.0,564950.0
4930,99,42,565050.0,132950.0,10990042,4,0,4,0,0,0,0,132950.0,565050.0
4931,99,43,565150.0,132950.0,10990043,4,0,4,0,0,0,0,132950.0,565150.0
4932,99,44,565250.0,132950.0,10990044,4,0,4,0,0,0,0,132950.0,565250.0
4933,99,45,565350.0,132950.0,10990045,4,0,4,0,0,0,0,132950.0,565350.0
4934,99,46,565450.0,132950.0,10990046,4,0,4,0,0,0,0,132950.0,565450.0
4935,99,47,565550.0,132950.0,10990047,4,0,4,0,0,0,0,132950.0,565550.0
4936,99,48,565650.0,132950.0,10990048,3,0,4,0,0,0,0,132950.0,565650.0
4937,99,49,565750.0,132950.0,10990049,3,0,4,0,0,0,0,132950.0,565750.0
4938,99,50,565850.0,132950.0,10990050,2,0,4,0,0,0,0,132950.0,565850.0
4939,99,51,565950.0,132950.0,10990051,2,0,4,0,0,0,0,132950.0,565950.0
4940,99,52,566050.0,132950.0,10990052,1,0,4,0,0,0,0,132950.0,566050.0
4941,99,53,566150.0,132950.0,10990053,1,0,4,0,0,0,0,132950.0,566150.0
4942,99,54,566250.0,132950.0,10990054,1,0,4,0,0,0,0,132950.0,566250.0
4943,99,55,566350.0,132950.0,10990055,1,0,4,0,0,0,0,132950.0,566350.0
4944,99,56,566450.0,132950.0,10990056,1,0,4,0,0,0,0,132950.0,566450.0
4945,99,57,566550.0,132950.0,10990057,1,0,4,0,0,0,0,132950.0,566550.0
4946,99,58,566650.0,132950.0,10990058,0,0,3,0,0,0,0,132950.0,566650.0
4947,99,59,566750.0,132950.0,10990059,0,0,3,0,0,0,0,132950.0,566750.0
4948,99,60,566850.0,132950.0,10990060,1,0,3,0,0,0,0,132950.0,566850.0
4949,99,61,566950.0,132950.0,10990061,1,0,3,0,0,0,0,132950.0,566950.0
4950,99,62,567050.0,132950.0,10990062,2,0,3,0,0,0,0,132950.0,567050.0
4951,99,63,567150.0,132950.0,10990063,2,0,3,0,0,0,0,132950.0,567150.0
4952,99,64,567250.0,132950.0,10990064,2,0,3,0,0,0,0,132950.0,567250.0
4953,99,65,567350.0,132950.0,10990065,2,0,4,0,0,0,0,132950.0,567350.0
4954,99,66,567450.0,132950.0,10990066,1,0,4,0,0,0,0,132950.0,567450.0
4955,99,67,567550.0,132950.0,10990067,1,0,4,0,0,0,0,132950.0,567550.0
4956,99,68,567650.0,132950.0,10990068,1,0,4,0,0,0,0,132950.0,567650.0
4957,99,69,567750.0,132950.0,10990069,0,0,4,0,0,0,0,132950.0,567750.0
4958,99,70,567850.0,132950.0,10990070,0,0,4,0,0,0,0,132950.0,567850.0
4959,99,71,567950.0,132950.0,10990071,1,0,4,0,0,0,0,132950.0,567950.0
4960,99,72,568050.0,132950.0,10990072,1,0,4,0,0,0,0,132950.0,568050.0
4961,99,73,568150.0,132950.0,10990073,2,0,4,0,0,0,0,132950.0,568150.0
4962,99,74,568250.0,132950.0,10990074,1,0,4,0,0,0,0,132950.0,568250.0
4963,99,75,568350.0,132950.0,10990075,1,0,4,0,0,0,0,132950.0,568350.0
4964,99,76,568450.0,132950.0,10990076,1,0,4,0,0,0,0,132950.0,568450.0
4965,99,77,568550.0,132950.0,10990077,1,0,4,0,0,0,0,132950.0,568550.0
4966,99,78,568650.0,132950.0,10990078,1,0,4,0,0,0,0,132950.0,568650.0
4967,99,79,568750.0,132950.0,10990079,2,0,4,0,0,0,0,132950.0,568750.0
4968,99,80,568850.0,132950.0,10990080,2,0,4,0,0,0,0,132950.0,568850.0
4969,99,81,568950.0,132950.0,10990081,2,0,4,0,0,0,0,132950.0,568950.0
4970,99,82,569050.0,132950.0,10990082,2,0,4,0,0,0,0,132950.0,569050.0
4971,99,83,569150.0,132950.0,10990083,2,0,4,0,0,0,0,132950.0,569150.0
4972,99,84,569250.0,132950.0,10990084,1,0,3,0,0,0,0,132950.0,569250.0
4973,99,85,569350.0,132950.0,10990085,1,0,3,0,0,0,0,132950.0,569350.0
4974,99,86,569450.0,132950.0,10990086,0,0,2,0,0,0,0,132950.0,569450.0
4975,99,87,569550.0,132950.0,10990087,0,0,2,0,0,0,0,132950.0,569550.0
4976,99,88,569650.0,132950.0,10990088,0,0,2,0,0,0,0,132950.0,569650.0
4977,99,89,569750.0,132950.0,10990089,1,0,1,0,0,0,0,132950.0,569750.0
4978,99,90,569850.0,132950.0,10990090,1,0,1,0,0,0,0,132950.0,569850.0
4979,99,91,569950.0,132950.0,10990091,1,0,1,0,0,0,0,132950.0,569950.0
4980,99,92,570050.0,132950.0,10990092,2,0,1,0,0,0,0,132950.0,570050.0
4981,99,93,570150.0,132950.0,10990093,2,0,1,0,0,0,0,132950.0,570150.0
4982,99,94,570250.0,132950.0,10990094,2,0,1,0,0,0,0,132950.0,570250.0
4983,99,95,570350.0,132950.0,10990095,1,0,2,0,0,0,0,132950.0,570350.0
4984,99,96,570450.0,132950.0,10990096,1,0,2,0,0,0,0,132950.0,570450.0
4985,99,97,570550.0,132950.0,10990097,1,0,2,0,0,0,0,132950.0,570550.0
4986,99,98,570650.0,132950.0,10990098,1,0,2,0,0,0,0,132950.0,570650.0
4987,99,99,570750.0,132950.0,10990099,1,0,1,0,0,0,0,132950.0,570750.0
4988,99,100,570850.0,132950.0,10990100,1,0,1,0,0,0,0,132950.0,570850.0
4989,99,101,570950.0,132950.0,10990101,1,0,1,0,0,0,0,132950.0,570950.0
4990,99,102,571050.0,132950.0,10990102,1,0,1,0,0,0,0,132950.0,571050.0
4991,99,103,571150.0,132950.0,10990103,1,0,1,0,0,0,0,132950.0,571150.0
4992,99,104,571250.0,132950.0,10990104,1,0,1,0,0,0,0,132950.0,571250.0
4993,99,105,571350.0,132950.0,10990105,2,0,2,0,0,0,0,132950.0,571350.0
4994,99,106,571450.0,132950.0,10990106,2,0,2,0,0,0,0,132950.0,571450.0
4995,99,107,571550.0,132950.0,10990107,2,0,3,0,0,0,0,132950.0,571550.0
4996,99,108,571650.0,132950.0,10990108,2,0,3,0,0,0,0,132950.0,571650.0
4997,99,109,571750.0,132950.0,10990109,2,0,3,0,0,0,0,132950.0,571750.0
4998,99,110,571850.0,132950.0,10990110,2,0,4,0,0,0,0,132950.0,571850.0
4999,99,111,571950.0,132950.0,10990111,2,0,4,0,0,0,0,132950.0,571950.0
5000,99,112,572050.0,132950.0,10990112,1,0,4,0,0,0,0,132950.0,572050.0
5001,99,113,572150.0,132950.0,10990113,1,0,4,0,0,0,0,132950.0,572150.0
5002,100,32,564050.0,132850.0,11000032,4,0,4,0,0,0,0,132850.0,564050.0
5003,100,33,564150.0,132850.0,11000033,4,0,4,0,0,0,0,132850.0,564150.0
5004,100,34,564250.0,132850.0,11000034,4,0,4,0,0,0,0,132850.0,564250.0
5005,100,35,564350.0,132850.0,11000035,4,0,4,0,0,0,0,132850.0,564350.0
5006,100,36,564450.0,132850.0,11000036,4,0,4,0,0,0,0,132850.0,564450.0
5007,100,37,564550.0,132850.0,11000037,4,0,4,0,0,0,0,132850.0,564550.0
5008,100,38,564650.0,132850.0,11000038,4,0,4,0,0,0,0,132850.0,564650.0
5009,100,39,564750.0,132850.0,11000039,4,0,4,0,0,0,0,132850.0,564750.0
5010,100,40,564850.0,132850.0,11000040,4,0,4,0,0,0,0,132850.0,564850.0
5011,100,41,564950.0,132850.0,11000041,4,0,4,0,0,0,0,132850.0,564950.0
5012,100,42,565050.0,132850.0,11000042,4,0,4,0,0,0,0,132850.0,565050.0
5013,100,43,565150.0,132850.0,11000043,4,0,4,0,0,0,0,132850.0,565150.0
5014,100,44,565250.0,132850.0,11000044,4,0,4,0,0,0,0,132850.0,565250.0
5015,100,45,565350.0,132850.0,11000045,4,0,4,0,0,0,0,132850.0,565350.0
5016,100,46,565450.0,132850.0,11000046,4,0,4,0,0,0,0,132850.0,565450.0
5017,100,47,565550.0,132850.0,11000047,4,0,4,0,0,0,0,132850.0,565550.0
5018,100,48,565650.0,132850.0,11000048,3,0,4,0,0,0,0,132850.0,565650.0
5019,100,49,565750.0,132850.0,11000049,3,0,4,0,0,0,0,132850.0,565750.0
5020,100,50,565850.0,132850.0,11000050,3,0,4,0,0,0,0,132850.0,565850.0
5021,100,51,565950.0,132850.0,11000051,2,0,4,0,0,0,0,132850.0,565950.0
5022,100,52,566050.0,132850.0,11000052,2,0,4,0,0,0,0,132850.0,566050.0
5023,100,53,566150.0,132850.0,11000053,2,0,4,0,0,0,0,132850.0,566150.0
5024,100,54,566250.0,132850.0,11000054,1,0,4,0,0,0,0,132850.0,566250.0
5025,100,55,566350.0,132850.0,11000055,1,0,4,0,0,0,0,132850.0,566350.0
5026,100,56,566450.0,132850.0,11000056,1,0,4,0,0,0,0,132850.0,566450.0
5027,100,57,566550.0,132850.0,11000057,1,0,4,0,0,0,0,132850.0,566550.0
5028,100,58,566650.0,132850.0,11000058,1,0,4,0,0,0,0,132850.0,566650.0
5029,100,59,566750.0,132850.0,11000059,1,0,4,0,0,0,0,132850.0,566750.0
5030,100,60,566850.0,132850.0,11000060,1,0,4,0,0,0,0,132850.0,566850.0
5031,100,61,566950.0,132850.0,11000061,1,0,4,0,0,0,0,132850.0,566950.0
5032,100,62,567050.0,132850.0,11000062,2,0,4,0,0,0,0,132850.0,567050.0
5033,100,63,567150.0,132850.0,11000063,2,0,4,0,0,0,0,132850.0,567150.0
5034,100,64,567250.0,132850.0,11000064,2,0,4,0,0,0,0,132850.0,567250.0
5035,100,65,567350.0,132850.0,11000065,2,0,4,0,0,0,0,132850.0,567350.0
5036,100,66,567450.0,132850.0,11000066,1,0,4,0,0,0,0,132850.0,567450.0
5037,100,67,567550.0,132850.0,11000067,1,0,4,0,0,0,0,132850.0,567550.0
5038,100,68,567650.0,132850.0,11000068,0,0,4,0,0,0,0,132850.0,567650.0
5039,100,69,567750.0,132850.0,11000069,0,0,4,0,0,0,0,132850.0,567750.0
5040,100,70,567850.0,132850.0,11000070,0,0,4,0,0,0,0,132850.0,567850.0
5041,100,71,567950.0,132850.0,11000071,0,0,4,0,0,0,0,132850.0,567950.0
5042,100,72,568050.0,132850.0,11000072,1,0,4,0,0,0,0,132850.0,568050.0
5043,100,73,568150.0,132850.0,11000073,1,0,4,0,0,0,0,132850.0,568150.0
5044,100,74,568250.0,132850.0,11000074,1,0,4,0,0,0,0,132850.0,568250.0
5045,100,75,568350.0,132850.0,11000075,1,0,4,0,0,0,0,132850.0,568350.0
5046,100,76,568450.0,132850.0,11000076,1,0,4,0,0,0,0,132850.0,568450.0
5047,100,77,568550.0,132850.0,11000077,1,0,4,0,0,0,0,132850.0,568550.0
5048,100,78,568650.0,132850.0,11000078,1,0,4,0,0,0,0,132850.0,568650.0
5049,100,79,568750.0,132850.0,11000079,2,0,4,0,0,0,0,132850.0,568750.0
5050,100,80,568850.0,132850.0,11000080,2,0,4,0,0,0,0,132850.0,568850.0
5051,100,81,568950.0,132850.0,11000081,2,0,4,0,0,0,0,132850.0,568950.0
5052,100,82,569050.0,132850.0,11000082,2,0,4,0,0,0,0,132850.0,569050.0
5053,100,83,569150.0,132850.0,11000083,2,0,4,0,0,0,0,132850.0,569150.0
5054,100,84,569250.0,132850.0,11000084,2,0,3,0,0,0,0,132850.0,569250.0
5055,100,85,569350.0,132850.0,11000085,1,0,3,0,0,0,0,132850.0,569350.0
5056,100,86,569450.0,132850.0,11000086,1,0,2,0,0,0,0,132850.0,569450.0
5057,100,87,569550.0,132850.0,11000087,1,0,2,0,0,0,0,132850.0,569550.0
5058,100,88,569650.0,132850.0,11000088,1,0,1,0,0,0,0,132850.0,569650.0
5059,100,89,569750.0,132850.0,11000089,1,0,1,0,0,0,0,132850.0,569750.0
5060,100,90,569850.0,132850.0,11000090,1,0,0,0,0,0,0,132850.0,569850.0
5061,100,91,569950.0,132850.0,11000091,2,0,0,0,0,0,0,132850.0,569950.0
5062,100,92,570050.0,132850.0,11000092,2,0,0,0,0,0,0,132850.0,570050.0
5063,100,93,570150.0,132850.0,11000093,2,0,0,0,0,0,0,132850.0,570150.0
5064,100,94,570250.0,132850.0,11000094,2,0,1,0,0,0,0,132850.0,570250.0
5065,100,95,570350.0,132850.0,11000095,2,0,1,0,0,0,0,132850.0,570350.0
5066,100,96,570450.0,132850.0,11000096,1,0,2,0,0,0,0,132850.0,570450.0
5067,100,97,570550.0,132850.0,11000097,1,0,2,0,0,0,0,132850.0,570550.0
5068,100,98,570650.0,132850.0,11000098,0,0,2,0,0,0,0,132850.0,570650.0
5069,100,99,570750.0,132850.0,11000099,0,0,2,0,0,0,0,132850.0,570750.0
5070,100,100,570850.0,132850.0,11000100,1,0,1,0,0,0,0,132850.0,570850.0
5071,100,101,570950.0,132850.0,11000101,1,0,1,0,0,0,0,132850.0,570950.0
5072,100,102,571050.0,132850.0,11000102,1,0,1,0,0,0,0,132850.0,571050.0
5073,100,103,571150.0,132850.0,11000103,1,0,1,0,0,0,0,132850.0,571150.0
5074,100,104,571250.0,132850.0,11000104,2,0,2,0,0,0,0,132850.0,571250.0
5075,100,105,571350.0,132850.0,11000105,2,0,2,0,0,0,0,132850.0,571350.0
5076,100,106,571450.0,132850.0,11000106,2,0,2,0,0,0,0,132850.0,571450.0
5077,100,107,571550.0,132850.0,11000107,3,0,3,0,0,0,0,132850.0,571550.0
5078,100,108,571650.0,132850.0,11000108,2,0,3,0,0,0,0,132850.0,571650.0
5079,100,109,571750.0,132850.0,11000109,2,0,4,0,0,0,0,132850.0,571750.0
5080,100,110,571850.0,132850.0,11000110,2,0,4,0,0,0,0,132850.0,571850.0
5081,100,111,571950.0,132850.0,11000111,2,0,4,0,0,0,0,132850.0,571950.0
5082,100,112,572050.0,132850.0,11000112,1,0,4,0,0,0,0,132850.0,572050.0
5083,100,113,572150.0,132850.0,11000113,1,0,4,0,0,0,0,132850.0,572150.0
5084,101,32,564050.0,132750.0,11010032,4,0,4,0,0,0,0,132750.0,564050.0
5085,101,33,564150.0,132750.0,11010033,4,0,4,0,0,0,0,132750.0,564150.0
5086,101,34,564250.0,132750.0,11010034,4,0,4,0,0,0,0,132750.0,564250.0
5087,101,35,564350.0,132750.0,11010035,4,0,4,0,0,0,0,132750.0,564350.0
5088,101,36,564450.0,132750.0,11010036,4,0,4,0,0,0,0,132750.0,564450.0
5089,101,37,564550.0,132750.0,11010037,4,0,4,0,0,0,0,132750.0,564550.0
5090,101,38,564650.0,132750.0,11010038,4,0,4,0,0,0,0,132750.0,564650.0
5091,101,39,564750.0,132750.0,11010039,4,0,4,0,0,0,0,132750.0,564750.0
5092,101,40,564850.0,132750.0,11010040,4,0,4,0,0,0,0,132750.0,564850.0
5093,101,41,564950.0,132750.0,11010041,4,0,4,0,0,0,0,132750.0,564950.0
5094,101,42,565050.0,132750.0,11010042,4,0,4,0,0,0,0,132750.0,565050.0
5095,101,43,565150.0,132750.0,11010043,4,0,4,0,0,0,0,132750.0,565150.0
5096,101,44,565250.0,132750.0,11010044,4,0,4,0,0,0,0,132750.0,565250.0
5097,101,45,565350.0,132750.0,11010045,4,0,4,0,0,0,0,132750.0,565350.0
5098,101,46,565450.0,132750.0,11010046,4,0,4,0,0,0,0,132750.0,565450.0
5099,101,47,565550.0,132750.0,11010047,4,0,4,0,0,0,0,132750.0,565550.0
5100,101,48,565650.0,132750.0,11010048,4,0,4,0,0,0,0,132750.0,565650.0
5101,101,49,565750.0,132750.0,11010049,3,0,4,0,0,0,0,132750.0,565750.0
5102,101,50,565850.0,132750.0,11010050,3,0,4,0,0,0,0,132750.0,565850.0
5103,101,51,565950.0,132750.0,11010051,3,0,4,0,0,0,0,132750.0,565950.0
5104,101,52,566050.0,132750.0,11010052,2,0,4,0,0,0,0,132750.0,566050.0
5105,101,53,566150.0,132750.0,11010053,2,0,4,0,0,0,0,132750.0,566150.0
5106,101,54,566250.0,132750.0,11010054,2,0,4,0,0,0,0,132750.0,566250.0
5107,101,55,566350.0,132750.0,11010055,2,0,4,0,0,0,0,132750.0,566350.0
5108,101,56,566450.0,132750.0,11010056,2,0,4,0,0,0,0,132750.0,566450.0
5109,101,57,566550.0,132750.0,11010057,2,0,4,0,0,0,0,132750.0,566550.0
5110,101,58,566650.0,132750.0,11010058,1,0,4,0,0,0,0,132750.0,566650.0
5111,101,59,566750.0,132750.0,11010059,1,0,4,0,0,0,0,132750.0,566750.0
5112,101,60,566850.0,132750.0,11010060,2,0,4,0,0,0,0,132750.0,566850.0
5113,101,61,566950.0,132750.0,11010061,2,0,4,0,0,0,0,132750.0,566950.0
5114,101,62,567050.0,132750.0,11010062,2,0,4,0,0,0,0,132750.0,567050.0
5115,101,63,567150.0,132750.0,11010063,3,0,4,0,0,0,0,132750.0,567150.0
5116,101,64,567250.0,132750.0,11010064,2,0,4,0,0,0,0,132750.0,567250.0
5117,101,65,567350.0,132750.0,11010065,2,0,4,0,0,0,0,132750.0,567350.0
5118,101,66,567450.0,132750.0,11010066,1,0,4,0,0,0,0,132750.0,567450.0
5119,101,67,567550.0,132750.0,11010067,1,0,4,0,0,0,0,132750.0,567550.0
5120,101,68,567650.0,132750.0,11010068,0,0,4,0,0,0,0,132750.0,567650.0
5121,101,69,567750.0,132750.0,11010069,0,0,4,0,0,0,0,132750.0,567750.0
5122,101,70,567850.0,132750.0,11010070,0,0,4,0,0,0,0,132750.0,567850.0
5123,101,71,567950.0,132750.0,11010071,0,0,4,0,0,0,0,132750.0,567950.0
5124,101,72,568050.0,132750.0,11010072,1,0,4,0,0,0,0,132750.0,568050.0
5125,101,73,568150.0,132750.0,11010073,1,0,4,0,0,0,0,132750.0,568150.0
5126,101,74,568250.0,132750.0,11010074,1,0,4,0,0,0,0,132750.0,568250.0
5127,101,75,568350.0,132750.0,11010075,0,0,4,0,0,0,0,132750.0,568350.0
5128,101,76,568450.0,132750.0,11010076,0,0,4,0,0,0,0,132750.0,568450.0
5129,101,77,568550.0,132750.0,11010077,1,0,4,0,0,0,0,132750.0,568550.0
5130,101,78,568650.0,132750.0,11010078,1,0,4,0,0,0,0,132750.0,568650.0
5131,101,79,568750.0,132750.0,11010079,1,0,4,0,0,0,0,132750.0,568750.0
5132,101,80,568850.0,132750.0,11010080,2,0,4,0,0,0,0,132750.0,568850.0
5133,101,81,568950.0,132750.0,11010081,2,0,4,0,0,0,0,132750.0,568950.0
5134,101,82,569050.0,132750.0,11010082,3,0,4,0,0,0,0,132750.0,569050.0
5135,101,83,569150.0,132750.0,11010083,2,0,4,0,0,0,0,132750.0,569150.0
5136,101,84,569250.0,132750.0,11010084,2,0,3,0,0,0,0,132750.0,569250.0
5137,101,85,569350.0,132750.0,11010085,2,0,3,0,0,0,0,132750.0,569350.0
5138,101,86,569450.0,132750.0,11010086,1,0,2,0,0,0,0,132750.0,569450.0
5139,101,87,569550.0,132750.0,11010087,1,0,2,0,0,0,0,132750.0,569550.0
5140,101,88,569650.0,132750.0,11010088,1,0,1,0,0,0,0,132750.0,569650.0
5141,101,89,569750.0,132750.0,11010089,1,0,1,0,0,0,0,132750.0,569750.0
5142,101,90,569850.0,132750.0,11010090,2,0,0,0,0,0,0,132750.0,569850.0
5143,101,91,569950.0,132750.0,11010091,2,0,0,0,0,0,0,132750.0,569950.0
5144,101,92,570050.0,132750.0,11010092,2,0,0,0,0,0,0,132750.0,570050.0
5145,101,93,570150.0,132750.0,11010093,2,0,0,0,0,0,0,132750.0,570150.0
5146,101,94,570250.0,132750.0,11010094,2,0,1,0,0,0,0,132750.0,570250.0
5147,101,95,570350.0,132750.0,11010095,1,0,1,0,0,0,0,132750.0,570350.0
5148,101,96,570450.0,132750.0,11010096,1,0,2,0,0,0,0,132750.0,570450.0
5149,101,97,570550.0,132750.0,11010097,0,0,2,0,0,0,0,132750.0,570550.0
5150,101,98,570650.0,132750.0,11010098,0,0,2,0,0,0,0,132750.0,570650.0
5151,101,99,570750.0,132750.0,11010099,0,0,2,0,0,0,0,132750.0,570750.0
5152,101,100,570850.0,132750.0,11010100,0,0,2,0,0,0,0,132750.0,570850.0
5153,101,101,570950.0,132750.0,11010101,1,0,2,0,0,0,0,132750.0,570950.0
5154,101,102,571050.0,132750.0,11010102,1,0,2,0,0,0,0,132750.0,571050.0
5155,101,103,571150.0,132750.0,11010103,2,0,2,0,0,0,0,132750.0,571150.0
5156,101,104,571250.0,132750.0,11010104,2,0,2,0,0,0,0,132750.0,571250.0
5157,101,105,571350.0,132750.0,11010105,2,0,2,0,0,0,0,132750.0,571350.0
5158,101,106,571450.0,132750.0,11010106,3,0,3,0,0,0,0,132750.0,571450.0
5159,101,107,571550.0,132750.0,11010107,3,0,3,0,0,0,0,132750.0,571550.0
5160,101,108,571650.0,132750.0,11010108,3,0,3,0,0,0,0,132750.0,571650.0
5161,101,109,571750.0,132750.0,11010109,3,0,4,0,0,0,0,132750.0,571750.0
5162,101,110,571850.0,132750.0,11010110,2,0,4,0,0,0,0,132750.0,571850.0
5163,101,111,571950.0,132750.0,11010111,2,0,4,0,0,0,0,132750.0,571950.0
5164,101,112,572050.0,132750.0,11010112,1,0,4,0,0,0,0,132750.0,572050.0
5165,101,113,572150.0,132750.0,11010113,1,0,4,0,0,0,0,132750.0,572150.0
5166,102,32,564050.0,132650.0,11020032,4,0,4,0,0,0,0,132650.0,564050.0
5167,102,33,564150.0,132650.0,11020033,4,0,4,0,0,0,0,132650.0,564150.0
5168,102,34,564250.0,132650.0,11020034,4,0,4,0,0,0,0,132650.0,564250.0
5169,102,35,564350.0,132650.0,11020035,4,0,4,0,0,0,0,132650.0,564350.0
5170,102,36,564450.0,132650.0,11020036,4,0,4,0,0,0,0,132650.0,564450.0
5171,102,37,564550.0,132650.0,11020037,4,0,4,0,0,0,0,132650.0,564550.0
5172,102,38,564650.0,132650.0,11020038,4,0,4,0,0,0,0,132650.0,564650.0
5173,102,39,564750.0,132650.0,11020039,4,0,4,0,0,0,0,132650.0,564750.0
5174,102,40,564850.0,132650.0,11020040,4,0,4,0,0,0,0,132650.0,564850.0
5175,102,41,564950.0,132650.0,11020041,4,0,4,0,0,0,0,132650.0,564950.0
5176,102,42,565050.0,132650.0,11020042,4,0,4,0,0,0,0,132650.0,565050.0
5177,102,43,565150.0,132650.0,11020043,4,0,4,0,0,0,0,132650.0,565150.0
5178,102,44,565250.0,132650.0,11020044,4,0,4,0,0,0,0,132650.0,565250.0
5179,102,45,565350.0,132650.0,11020045,4,0,4,0,0,0,0,132650.0,565350.0
5180,102,46,565450.0,132650.0,11020046,4,0,4,0,0,0,0,132650.0,565450.0
5181,102,47,565550.0,132650.0,11020047,4,0,4,0,0,0,0,132650.0,565550.0
5182,102,48,565650.0,132650.0,11020048,4,0,4,0,0,0,0,132650.0,565650.0
5183,102,49,565750.0,132650.0,11020049,4,0,4,0,0,0,0,132650.0,565750.0
5184,102,50,565850.0,132650.0,11020050,3,0,4,0,0,0,0,132650.0,565850.0
5185,102,51,565950.0,132650.0,11020051,3,0,4,0,0,0,0,132650.0,565950.0
5186,102,52,566050.0,132650.0,11020052,3,0,4,0,0,0,0,132650.0,566050.0
5187,102,53,566150.0,132650.0,11020053,2,0,4,0,0,0,0,132650.0,566150.0
5188,102,54,566250.0,132650.0,11020054,2,0,4,0,0,0,0,132650.0,566250.0
5189,102,55,566350.0,132650.0,11020055,2,0,4,0,0,0,0,132650.0,566350.0
5190,102,56,566450.0,132650.0,11020056,2,0,4,0,0,0,0,132650.0,566450.0
5191,102,57,566550.0,132650.0,11020057,2,0,4,0,0,0,0,132650.0,566550.0
5192,102,58,566650.0,132650.0,11020058,2,0,4,0,0,0,0,132650.0,566650.0
5193,102,59,566750.0,132650.0,11020059,2,0,4,0,0,0,0,132650.0,566750.0
5194,102,60,566850.0,132650.0,11020060,2,0,4,0,0,0,0,132650.0,566850.0
5195,102,61,566950.0,132650.0,11020061,2,0,4,0,0,0,0,132650.0,566950.0
5196,102,62,567050.0,132650.0,11020062,3,0,4,0,0,0,0,132650.0,567050.0
5197,102,63,567150.0,132650.0,11020063,3,0,4,0,0,0,0,132650.0,567150.0
5198,102,64,567250.0,132650.0,11020064,2,0,4,0,0,0,0,132650.0,567250.0
5199,102,65,567350.0,132650.0,11020065,2,0,4,0,0,0,0,132650.0,567350.0
5200,102,66,567450.0,132650.0,11020066,1,0,4,0,0,0,0,132650.0,567450.0
5201,102,67,567550.0,132650.0,11020067,1,0,4,0,0,0,0,132650.0,567550.0
5202,102,68,567650.0,132650.0,11020068,0,0,4,0,0,0,0,132650.0,567650.0
5203,102,69,567750.0,132650.0,11020069,0,0,4,0,0,0,0,132650.0,567750.0
5204,102,70,567850.0,132650.0,11020070,0,0,4,0,0,0,0,132650.0,567850.0
5205,102,71,567950.0,132650.0,11020071,1,0,4,0,0,0,0,132650.0,567950.0
5206,102,72,568050.0,132650.0,11020072,1,0,4,0,0,0,0,132650.0,568050.0
5207,102,73,568150.0,132650.0,11020073,1,0,4,0,0,0,0,132650.0,568150.0
5208,102,74,568250.0,132650.0,11020074,0,0,4,0,0,0,0,132650.0,568250.0
5209,102,75,568350.0,132650.0,11020075,0,0,4,0,0,0,0,132650.0,568350.0
5210,102,76,568450.0,132650.0,11020076,0,0,4,0,0,0,0,132650.0,568450.0
5211,102,77,568550.0,132650.0,11020077,0,0,4,0,0,0,0,132650.0,568550.0
5212,102,78,568650.0,132650.0,11020078,1,0,4,0,0,0,0,132650.0,568650.0
5213,102,79,568750.0,132650.0,11020079,1,0,4,0,0,0,0,132650.0,568750.0
5214,102,80,568850.0,132650.0,11020080,2,0,4,0,0,0,0,132650.0,568850.0
5215,102,81,568950.0,132650.0,11020081,2,0,4,0,0,0,0,132650.0,568950.0
5216,102,82,569050.0,132650.0,11020082,3,0,4,0,0,0,0,132650.0,569050.0
5217,102,83,569150.0,132650.0,11020083,3,0,4,0,0,0,0,132650.0,569150.0
5218,102,84,569250.0,132650.0,11020084,2,0,3,0,0,0,0,132650.0,569250.0
5219,102,85,569350.0,132650.0,11020085,2,0,3,0,0,0,0,132650.0,569350.0
5220,102,86,569450.0,132650.0,11020086,2,0,2,0,0,0,0,132650.0,569450.0
5221,102,87,569550.0,132650.0,11020087,2,0,2,0,0,0,0,132650.0,569550.0
5222,102,88,569650.0,132650.0,11020088,2,0,1,0,0,0,0,132650.0,569650.0
5223,102,89,569750.0,132650.0,11020089,2,0,1,0,0,0,0,132650.0,569750.0
5224,102,90,569850.0,132650.0,11020090,1,0,0,0,0,0,0,132650.0,569850.0
5225,102,91,569950.0,132650.0,11020091,1,0,0,0,0,0,0,132650.0,569950.0
5226,102,92,570050.0,132650.0,11020092,1,0,0,0,0,0,0,132650.0,570050.0
5227,102,93,570150.0,132650.0,11020093,1,0,0,0,0,0,0,132650.0,570150.0
5228,102,94,570250.0,132650.0,11020094,1,0,1,0,0,0,0,132650.0,570250.0
5229,102,95,570350.0,132650.0,11020095,1,0,1,0,0,0,0,132650.0,570350.0
5230,102,96,570450.0,132650.0,11020096,1,0,2,0,0,0,0,132650.0,570450.0
5231,102,97,570550.0,132650.0,11020097,0,0,2,0,0,0,0,132650.0,570550.0
5232,102,98,570650.0,132650.0,11020098,0,0,3,0,0,0,0,132650.0,570650.0
5233,102,99,570750.0,132650.0,11020099,0,0,3,0,0,0,0,132650.0,570750.0
5234,102,100,570850.0,132650.0,11020100,0,0,2,0,0,0,0,132650.0,570850.0
5235,102,101,570950.0,132650.0,11020101,1,0,2,0,0,0,0,132650.0,570950.0
5236,102,102,571050.0,132650.0,11020102,1,0,2,0,0,0,0,132650.0,571050.0
5237,102,103,571150.0,132650.0,11020103,2,0,2,0,0,0,0,132650.0,571150.0
5238,102,104,571250.0,132650.0,11020104,2,0,3,0,0,0,0,132650.0,571250.0
5239,102,105,571350.0,132650.0,11020105,3,0,3,0,0,0,0,132650.0,571350.0
5240,102,106,571450.0,132650.0,11020106,3,0,3,0,0,0,0,132650.0,571450.0
5241,102,107,571550.0,132650.0,11020107,3,0,3,0,0,0,0,132650.0,571550.0
5242,102,108,571650.0,132650.0,11020108,3,0,4,0,0,0,0,132650.0,571650.0
5243,102,109,571750.0,132650.0,11020109,3,0,4,0,0,0,0,132650.0,571750.0
5244,102,110,571850.0,132650.0,11020110,2,0,4,0,0,0,0,132650.0,571850.0
5245,102,111,571950.0,132650.0,11020111,2,0,4,0,0,0,0,132650.0,571950.0
5246,102,112,572050.0,132650.0,11020112,1,0,4,0,0,0,0,132650.0,572050.0
5247,102,113,572150.0,132650.0,11020113,1,0,4,0,0,0,0,132650.0,572150.0
5248,103,32,564050.0,132550.0,11030032,4,0,4,0,0,0,0,132550.0,564050.0
5249,103,33,564150.0,132550.0,11030033,4,0,4,0,0,0,0,132550.0,564150.0
5250,103,34,564250.0,132550.0,11030034,4,0,4,0,0,0,0,132550.0,564250.0
5251,103,35,564350.0,132550.0,11030035,4,0,4,0,0,0,0,132550.0,564350.0
5252,103,36,564450.0,132550.0,11030036,4,0,4,0,0,0,0,132550.0,564450.0
5253,103,37,564550.0,132550.0,11030037,4,0,4,0,0,0,0,132550.0,564550.0
5254,103,38,564650.0,132550.0,11030038,4,0,4,0,0,0,0,132550.0,564650.0
5255,103,39,564750.0,132550.0,11030039,4,0,4,0,0,0,0,132550.0,564750.0
5256,103,40,564850.0,132550.0,11030040,4,0,4,0,0,0,0,132550.0,564850.0
5257,103,41,564950.0,132550.0,11030041,4,0,4,0,0,0,0,132550.0,564950.0
5258,103,42,565050.0,132550.0,11030042,4,0,4,0,0,0,0,132550.0,565050.0
5259,103,43,565150.0,132550.0,11030043,4,0,4,0,0,0,0,132550.0,565150.0
5260,103,44,565250.0,132550.0,11030044,4,0,4,0,0,0,0,132550.0,565250.0
5261,103,45,565350.0,132550.0,11030045,4,0,4,0,0,0,0,132550.0,565350.0
5262,103,46,565450.0,132550.0,11030046,4,0,4,0,0,0,0,132550.0,565450.0
5263,103,47,565550.0,132550.0,11030047,4,0,4,0,0,0,0,132550.0,565550.0
5264,103,48,565650.0,132550.0,11030048,4,0,4,0,0,0,0,132550.0,565650.0
5265,103,49,565750.0,132550.0,11030049,4,0,4,0,0,0,0,132550.0,565750.0
5266,103,50,565850.0,132550.0,11030050,4,0,4,0,0,0,0,132550.0,565850.0
5267,103,51,565950.0,132550.0,11030051,3,0,4,0,0,0,0,132550.0,565950.0
5268,103,52,566050.0,132550.0,11030052,3,0,4,0,0,0,0,132550.0,566050.0
5269,103,53,566150.0,132550.0,11030053,3,0,4,0,0,0,0,132550.0,566150.0
5270,103,54,566250.0,132550.0,11030054,3,0,4,0,0,0,0,132550.0,566250.0
5271,103,55,566350.0,132550.0,11030055,3,0,4,0,0,0,0,132550.0,566350.0
5272,103,56,566450.0,132550.0,11030056,3,0,4,0,0,0,0,132550.0,566450.0
5273,103,57,566550.0,132550.0,11030057,3,0,4,0,0,0,0,132550.0,566550.0
5274,103,58,566650.0,132550.0,11030058,2,0,4,0,0,0,0,132550.0,566650.0
5275,103,59,566750.0,132550.0,11030059,2,0,4,0,0,0,0,132550.0,566750.0
5276,103,60,566850.0,132550.0,11030060,3,0,4,0,0,0,0,132550.0,566850.0
5277,103,61,566950.0,132550.0,11030061,3,0,4,0,0,0,0,132550.0,566950.0
5278,103,62,567050.0,132550.0,11030062,3,0,4,0,0,0,0,132550.0,567050.0
5279,103,63,567150.0,132550.0,11030063,3,0,4,0,0,0,0,132550.0,567150.0
5280,103,64,567250.0,132550.0,11030064,2,0,4,0,0,0,0,132550.0,567250.0
5281,103,65,567350.0,132550.0,11030065,2,0,4,0,0,0,0,132550.0,567350.0
5282,103,66,567450.0,132550.0,11030066,2,0,4,0,0,0,0,132550.0,567450.0
5283,103,67,567550.0,132550.0,11030067,1,0,4,0,0,0,0,132550.0,567550.0
5284,103,68,567650.0,132550.0,11030068,1,0,4,0,0,0,0,132550.0,567650.0
5285,103,69,567750.0,132550.0,11030069,1,0,4,0,0,0,0,132550.0,567750.0
5286,103,70,567850.0,132550.0,11030070,1,0,4,0,0,0,0,132550.0,567850.0
5287,103,71,567950.0,132550.0,11030071,1,0,4,0,0,0,0,132550.0,567950.0
5288,103,72,568050.0,132550.0,11030072,1,0,4,0,0,0,0,132550.0,568050.0
5289,103,73,568150.0,132550.0,11030073,1,0,4,0,0,0,0,132550.0,568150.0
5290,103,74,568250.0,132550.0,11030074,0,0,4,0,0,0,0,132550.0,568250.0
5291,103,75,568350.0,132550.0,11030075,0,0,4,0,0,0,0,132550.0,568350.0
5292,103,76,568450.0,132550.0,11030076,0,0,4,0,0,0,0,132550.0,568450.0
5293,103,77,568550.0,132550.0,11030077,0,0,4,0,0,0,0,132550.0,568550.0
5294,103,78,568650.0,132550.0,11030078,1,0,4,0,0,0,0,132550.0,568650.0
5295,103,79,568750.0,132550.0,11030079,1,0,4,0,0,0,0,132550.0,568750.0
5296,103,80,568850.0,132550.0,11030080,2,0,4,0,0,0,0,132550.0,568850.0
5297,103,81,568950.0,132550.0,11030081,2,0,4,0,0,0,0,132550.0,568950.0
5298,103,82,569050.0,132550.0,11030082,3,0,4,0,0,0,0,132550.0,569050.0
5299,103,83,569150.0,132550.0,11030083,3,0,4,0,0,0,0,132550.0,569150.0
5300,103,84,569250.0,132550.0,11030084,3,0,3,0,0,0,0,132550.0,569250.0
5301,103,85,569350.0,132550.0,11030085,2,0,3,0,0,0,0,132550.0,569350.0
5302,103,86,569450.0,132550.0,11030086,2,0,2,0,0,0,0,132550.0,569450.0
5303,103,87,569550.0,132550.0,11030087,2,0,2,0,0,0,0,132550.0,569550.0
5304,103,88,569650.0,132550.0,11030088,2,0,1,0,0,0,0,132550.0,569650.0
5305,103,89,569750.0,132550.0,11030089,1,0,1,0,0,0,0,132550.0,569750.0
5306,103,90,569850.0,132550.0,11030090,1,0,1,0,0,0,0,132550.0,569850.0
5307,103,91,569950.0,132550.0,11030091,1,0,0,0,0,0,0,132550.0,569950.0
5308,103,92,570050.0,132550.0,11030092,1,0,0,0,0,0,0,132550.0,570050.0
5309,103,93,570150.0,132550.0,11030093,1,0,1,0,0,0,0,132550.0,570150.0
5310,103,94,570250.0,132550.0,11030094,1,0,1,0,0,0,0,132550.0,570250.0
5311,103,95,570350.0,132550.0,11030095,1,0,2,0,0,0,0,132550.0,570350.0
5312,103,96,570450.0,132550.0,11030096,1,0,2,0,0,0,0,132550.0,570450.0
5313,103,97,570550.0,132550.0,11030097,1,0,2,0,0,0,0,132550.0,570550.0
5314,103,98,570650.0,132550.0,11030098,0,0,3,0,0,0,0,132550.0,570650.0
5315,103,99,570750.0,132550.0,11030099,0,0,3,0,0,0,0,132550.0,570750.0
5316,103,100,570850.0,132550.0,11030100,0,0,3,0,0,0,0,132550.0,570850.0
5317,103,101,570950.0,132550.0,11030101,1,0,3,0,0,0,0,132550.0,570950.0
5318,103,102,571050.0,132550.0,11030102,1,0,3,0,0,0,0,132550.0,571050.0
5319,103,103,571150.0,132550.0,11030103,2,0,3,0,0,0,0,132550.0,571150.0
5320,103,104,571250.0,132550.0,11030104,2,0,3,0,0,0,0,132550.0,571250.0
5321,103,105,571350.0,132550.0,11030105,3,0,3,0,0,0,0,132550.0,571350.0
5322,103,106,571450.0,132550.0,11030106,3,0,3,0,0,0,0,132550.0,571450.0
5323,103,107,571550.0,132550.0,11030107,4,0,4,0,0,0,0,132550.0,571550.0
5324,103,108,571650.0,132550.0,11030108,3,0,4,0,0,0,0,132550.0,571650.0
5325,103,109,571750.0,132550.0,11030109,3,0,4,0,0,0,0,132550.0,571750.0
5326,103,110,571850.0,132550.0,11030110,2,0,4,0,0,0,0,132550.0,571850.0
5327,103,111,571950.0,132550.0,11030111,2,0,4,0,0,0,0,132550.0,571950.0
5328,103,112,572050.0,132550.0,11030112,2,0,4,0,0,0,0,132550.0,572050.0
5329,103,113,572150.0,132550.0,11030113,1,0,4,0,0,0,0,132550.0,572150.0
