FID,Shape,row,col,Easting,Northing,Smw_fscore,Sew_fscore,cr_Spcs_fscore,tec99_Spcs_fscore,ctet_Spcs_fscore,ctet_uu_mu_mik_cv_score,ctet_uu_mu_mik_cov_score,ctet_lu_cr_mik_cv_score,ctet_lu_cr_mik_cov_score,hexcr_uu_mu_mik_cv_score,hexcr_uu_mu_mik_cov_score,hexcr_lu_cr_mik_cv_score,hexcr_lu_cr_mik_cov_score,tc99_uu_mu_mik_cv_score,tc99_uu_mu_mik_cov_score,tc99_lu_cr_mik_cv_score,tc99_lu_cr_mik_cov_score
0,Point,39,32,564050,138950,4,0,0.0,0,0,3,3.0,2,1.0,3,2.0,4,3.0,3,2.0,2,1.0
1,Point,39,33,564150,138950,4,0,0.0,0,0,3,2.0,2,1.0,3,2.0,4,3.0,3,2.0,2,1.0
2,Point,39,34,564250,138950,4,0,0.0,0,0,3,2.0,2,1.0,3,2.0,4,3.0,3,2.0,2,1.0
3,Point,39,35,564350,138950,4,0,0.0,0,0,3,2.0,2,1.0,3,2.0,4,3.0,3,2.0,2,1.0
4,Point,39,36,564450,138950,4,0,0.0,0,0,3,2.0,2,1.0,3,2.0,4,3.0,3,2.0,2,1.0
5,Point,39,37,564550,138950,4,0,0.0,0,0,3,2.0,3,2.0,3,2.0,4,3.0,3,2.0,2,1.0
6,Point,39,38,564650,138950,4,0,0.0,0,0,3,2.0,3,2.0,3,2.0,4,3.0,3,2.0,2,1.0
7,Point,39,39,564750,138950,4,0,0.0,0,0,3,2.0,3,2.0,3,2.0,4,3.0,2,2.0,1,1.0
8,Point,39,40,564850,138950,4,0,0.0,0,0,3,2.0,3,2.0,3,2.0,4,3.0,2,2.0,1,1.0
9,Point,39,41,564950,138950,4,0,0.0,0,0,3,2.0,3,2.0,3,2.0,4,3.0,2,2.0,1,1.0
10,Point,39,42,565050,138950,4,0,0.0,0,0,3,2.0,3,2.0,3,3.0,4,3.0,2,2.0,1,1.0
11,Point,39,43,565150,138950,4,0,0.0,0,0,2,2.0,3,2.0,3,3.0,4,3.0,2,2.0,1,1.0
12,Point,39,44,565250,138950,4,0,0.0,0,0,2,2.0,3,2.0,3,3.0,4,3.0,2,2.0,1,1.0
13,Point,39,45,565350,138950,3,0,0.0,0,0,2,2.0,4,2.0,3,3.0,4,3.0,1,2.0,1,1.0
14,Point,39,46,565450,138950,3,0,0.0,0,0,2,2.0,4,2.0,3,3.0,4,3.0,1,2.0,1,1.0
15,Point,39,47,565550,138950,3,0,0.0,0,0,2,2.0,4,2.0,3,3.0,4,3.0,1,2.0,1,1.0
16,Point,39,48,565650,138950,3,0,0.0,0,0,2,2.0,4,2.0,3,3.0,4,3.0,1,2.0,1,1.0
17,Point,39,49,565750,138950,3,0,0.0,0,0,2,1.0,4,2.0,3,3.0,4,3.0,1,2.0,1,1.0
18,Point,39,50,565850,138950,3,0,0.0,0,0,1,1.0,3,2.0,3,3.0,4,3.0,1,2.0,1,0.0
19,Point,39,51,565950,138950,3,0,0.0,0,0,1,1.0,3,2.0,3,3.0,4,3.0,1,2.0,1,0.0
20,Point,39,52,566050,138950,3,0,0.0,0,0,1,1.0,3,2.0,3,3.0,4,3.0,1,2.0,1,0.0
21,Point,39,53,566150,138950,3,0,0.0,0,0,1,1.0,3,2.0,3,3.0,4,3.0,1,2.0,1,0.0
22,Point,39,54,566250,138950,3,0,0.0,0,0,1,1.0,3,2.0,3,3.0,4,3.0,1,2.0,1,0.0
23,Point,39,55,566350,138950,3,0,0.0,0,0,1,1.0,3,2.0,2,3.0,4,3.0,1,3.0,1,0.0
24,Point,39,56,566450,138950,2,0,0.0,0,0,1,1.0,3,2.0,2,3.0,4,3.0,1,3.0,1,0.0
25,Point,39,57,566550,138950,2,0,0.0,0,0,1,1.0,3,2.0,2,2.0,4,3.0,1,3.0,1,0.0
26,Point,39,58,566650,138950,1,0,0.0,0,0,1,1.0,3,2.0,3,2.0,4,3.0,0,4.0,1,0.0
27,Point,39,59,566750,138950,1,0,0.0,0,0,0,1.0,3,2.0,3,2.0,4,3.0,0,4.0,1,0.0
28,Point,39,60,566850,138950,0,0,0.0,0,0,0,1.0,4,2.0,3,2.0,4,3.0,0,4.0,1,0.0
29,Point,39,61,566950,138950,0,0,0.0,0,0,0,1.0,3,2.0,3,2.0,4,3.0,0,4.0,1,0.0
30,Point,39,62,567050,138950,0,0,0.0,0,0,0,1.0,3,2.0,3,1.0,4,3.0,0,4.0,1,0.0
31,Point,39,63,567150,138950,0,0,0.0,0,0,0,1.0,3,2.0,3,1.0,4,3.0,0,4.0,1,0.0
32,Point,39,64,567250,138950,1,0,0.0,0,0,1,1.0,3,2.0,3,1.0,4,3.0,0,4.0,1,0.0
33,Point,39,65,567350,138950,1,0,0.0,0,0,1,2.0,3,2.0,3,1.0,4,3.0,1,4.0,1,0.0
34,Point,39,66,567450,138950,1,0,0.0,0,0,2,2.0,3,2.0,3,1.0,4,3.0,1,3.0,1,0.0
35,Point,39,67,567550,138950,1,0,0.0,0,0,3,2.0,3,2.0,2,1.0,4,3.0,1,3.0,1,0.0
36,Point,39,68,567650,138950,2,0,0.0,0,0,3,2.0,3,1.0,2,1.0,4,3.0,1,3.0,1,0.0
37,Point,39,69,567750,138950,2,0,0.0,0,0,3,1.0,3,1.0,2,0.0,4,3.0,2,2.0,1,0.0
38,Point,39,70,567850,138950,2,0,0.0,0,0,3,1.0,4,0.0,2,0.0,4,3.0,2,2.0,1,0.0
39,Point,39,71,567950,138950,3,0,0.0,0,0,3,1.0,4,0.0,2,0.0,4,3.0,2,2.0,1,0.0
40,Point,39,72,568050,138950,3,0,0.0,0,0,4,1.0,4,0.0,2,0.0,4,3.0,2,2.0,1,0.0
41,Point,39,73,568150,138950,4,0,0.0,0,0,4,1.0,4,0.0,2,0.0,4,3.0,2,2.0,1,0.0
42,Point,39,74,568250,138950,4,0,0.0,0,0,4,1.0,4,0.0,1,0.0,4,3.0,2,2.0,1,0.0
43,Point,39,75,568350,138950,4,0,0.0,0,0,4,1.0,3,0.0,1,0.0,4,3.0,2,2.0,1,0.0
44,Point,39,76,568450,138950,4,0,0.0,0,0,4,1.0,2,0.0,1,0.0,4,3.0,2,2.0,1,0.0
45,Point,39,77,568550,138950,4,0,0.0,0,0,4,1.0,1,0.0,1,0.0,4,3.0,2,2.0,1,0.0
46,Point,39,78,568650,138950,4,0,0.0,0,0,4,1.0,1,1.0,1,0.0,4,3.0,2,2.0,1,0.0
47,Point,39,79,568750,138950,4,0,0.0,0,0,4,1.0,1,1.0,2,0.0,4,3.0,2,2.0,1,0.0
48,Point,39,80,568850,138950,4,0,0.0,0,0,4,1.0,1,1.0,2,0.0,4,3.0,2,2.0,1,0.0
49,Point,39,81,568950,138950,4,0,0.0,0,0,4,1.0,1,1.0,2,0.0,4,3.0,2,2.0,1,0.0
50,Point,39,82,569050,138950,4,0,0.0,0,0,4,1.0,1,0.0,2,0.0,4,3.0,2,2.0,1,0.0
51,Point,39,83,569150,138950,4,0,0.0,0,0,4,1.0,1,0.0,2,0.0,4,3.0,2,2.0,1,0.0
52,Point,39,84,569250,138950,4,0,0.0,0,0,3,1.0,1,0.0,2,1.0,4,3.0,3,2.0,1,0.0
53,Point,39,85,569350,138950,4,0,0.0,0,0,3,2.0,2,0.0,2,1.0,4,3.0,3,2.0,1,0.0
54,Point,39,86,569450,138950,4,0,0.0,0,0,3,2.0,2,0.0,2,1.0,4,3.0,3,2.0,1,0.0
55,Point,39,87,569550,138950,4,0,0.0,0,0,3,2.0,2,0.0,3,1.0,4,3.0,3,2.0,1,0.0
56,Point,39,88,569650,138950,4,0,0.0,0,0,3,2.0,2,0.0,3,1.0,4,3.0,3,2.0,1,0.0
57,Point,39,89,569750,138950,4,0,0.0,0,0,3,2.0,2,0.0,3,1.0,4,3.0,3,2.0,1,1.0
58,Point,39,90,569850,138950,4,0,0.0,0,0,3,2.0,2,0.0,3,1.0,4,3.0,3,2.0,1,1.0
59,Point,39,91,569950,138950,3,0,0.0,0,0,2,2.0,2,0.0,3,2.0,4,3.0,3,2.0,1,1.0
60,Point,39,92,570050,138950,3,0,0.0,0,0,2,2.0,2,1.0,3,2.0,4,3.0,3,2.0,1,1.0
61,Point,39,93,570150,138950,2,0,0.0,0,0,2,2.0,2,1.0,3,2.0,4,3.0,3,2.0,1,1.0
62,Point,39,94,570250,138950,2,0,0.0,0,0,2,2.0,2,1.0,3,2.0,4,3.0,3,2.0,1,2.0
63,Point,39,95,570350,138950,1,0,0.0,0,0,1,2.0,3,1.0,3,2.0,4,3.0,3,3.0,1,2.0
64,Point,39,96,570450,138950,1,0,0.0,0,0,1,3.0,3,1.0,3,3.0,4,3.0,3,3.0,1,2.0
65,Point,39,97,570550,138950,1,0,0.0,0,0,1,3.0,3,1.0,3,3.0,4,3.0,3,3.0,1,2.0
66,Point,39,98,570650,138950,0,0,0.0,0,0,1,3.0,3,1.0,2,3.0,4,3.0,3,3.0,1,2.0
67,Point,39,99,570750,138950,1,0,0.0,0,0,1,3.0,3,1.0,2,3.0,4,3.0,3,3.0,1,2.0
68,Point,39,100,570850,138950,1,0,0.0,0,0,1,3.0,3,1.0,2,3.0,4,3.0,3,3.0,1,2.0
69,Point,39,101,570950,138950,1,0,0.0,0,0,1,3.0,3,1.0,2,3.0,4,3.0,3,3.0,1,2.0
70,Point,39,102,571050,138950,2,0,0.0,0,0,1,3.0,3,1.0,2,3.0,4,3.0,2,3.0,1,2.0
71,Point,39,103,571150,138950,2,0,0.0,0,0,1,2.0,3,1.0,2,3.0,4,3.0,2,3.0,1,2.0
72,Point,39,104,571250,138950,3,0,0.0,0,0,1,2.0,3,1.0,2,3.0,4,3.0,2,3.0,1,2.0
73,Point,39,105,571350,138950,3,0,0.0,0,0,2,2.0,3,1.0,2,3.0,4,3.0,2,3.0,2,2.0
74,Point,39,106,571450,138950,4,0,0.0,0,0,2,2.0,3,1.0,2,3.0,4,3.0,2,3.0,2,2.0
75,Point,39,107,571550,138950,4,0,0.0,0,0,2,2.0,3,1.0,2,3.0,4,3.0,2,3.0,2,2.0
76,Point,39,108,571650,138950,4,0,0.0,0,0,2,2.0,3,1.0,2,3.0,4,3.0,2,3.0,2,2.0
77,Point,39,109,571750,138950,4,0,0.0,0,0,2,2.0,3,1.0,2,3.0,4,3.0,2,3.0,2,2.0
78,Point,39,110,571850,138950,4,0,0.0,0,0,2,2.0,3,1.0,2,3.0,4,3.0,2,3.0,2,2.0
79,Point,39,111,571950,138950,4,0,0.0,0,0,2,2.0,3,1.0,2,3.0,4,3.0,3,3.0,2,2.0
80,Point,39,112,572050,138950,4,0,0.0,0,0,2,2.0,3,1.0,2,3.0,4,3.0,3,3.0,2,2.0
81,Point,39,113,572150,138950,4,0,0.0,0,0,3,2.0,3,1.0,2,3.0,4,3.0,3,3.0,2,2.0
82,Point,40,32,564050,138850,4,0,0.0,0,0,3,2.0,2,1.0,3,2.0,4,3.0,3,2.0,2,1.0
83,Point,40,33,564150,138850,4,0,0.0,0,0,3,2.0,2,1.0,3,2.0,4,3.0,3,2.0,2,1.0
84,Point,40,34,564250,138850,4,0,0.0,0,0,3,2.0,2,1.0,3,2.0,4,3.0,3,2.0,2,1.0
85,Point,40,35,564350,138850,4,0,0.0,0,0,3,2.0,2,1.0,3,2.0,4,3.0,3,2.0,2,1.0
86,Point,40,36,564450,138850,4,0,0.0,0,0,3,2.0,2,2.0,3,2.0,4,3.0,3,2.0,2,1.0
87,Point,40,37,564550,138850,4,0,0.0,0,0,3,2.0,3,2.0,3,2.0,4,3.0,3,2.0,2,1.0
88,Point,40,38,564650,138850,4,0,0.0,0,0,3,2.0,3,2.0,3,2.0,4,3.0,2,2.0,2,1.0
89,Point,40,39,564750,138850,4,0,0.0,0,0,3,2.0,3,2.0,3,2.0,4,3.0,2,2.0,1,1.0
90,Point,40,40,564850,138850,4,0,0.0,0,0,3,2.0,3,2.0,3,2.0,4,3.0,2,2.0,1,1.0
91,Point,40,41,564950,138850,4,0,0.0,0,0,3,2.0,3,2.0,3,3.0,4,3.0,2,2.0,1,1.0
92,Point,40,42,565050,138850,4,0,0.0,0,0,2,2.0,3,2.0,3,3.0,4,3.0,2,2.0,1,1.0
93,Point,40,43,565150,138850,4,0,0.0,0,0,2,2.0,3,2.0,3,3.0,4,3.0,2,2.0,1,1.0
94,Point,40,44,565250,138850,3,0,0.0,0,0,2,2.0,3,2.0,3,3.0,4,3.0,1,2.0,1,1.0
95,Point,40,45,565350,138850,3,0,0.0,0,0,2,2.0,4,2.0,3,3.0,4,3.0,1,2.0,1,1.0
96,Point,40,46,565450,138850,3,0,0.0,0,0,2,2.0,4,2.0,3,3.0,4,3.0,1,2.0,1,1.0
97,Point,40,47,565550,138850,3,0,0.0,0,0,2,2.0,4,2.0,3,3.0,4,3.0,1,2.0,1,1.0
98,Point,40,48,565650,138850,2,0,0.0,0,0,1,1.0,3,2.0,3,3.0,4,3.0,1,2.0,1,1.0
99,Point,40,49,565750,138850,2,0,0.0,0,0,1,1.0,3,2.0,3,3.0,4,3.0,0,2.0,1,1.0
100,Point,40,50,565850,138850,2,0,0.0,0,0,1,1.0,3,2.0,3,3.0,4,3.0,0,2.0,1,0.0
101,Point,40,51,565950,138850,3,0,0.0,0,0,1,1.0,3,2.0,2,3.0,4,3.0,0,2.0,1,0.0
102,Point,40,52,566050,138850,3,0,0.0,0,0,1,1.0,3,3.0,2,3.0,4,3.0,0,2.0,1,0.0
103,Point,40,53,566150,138850,3,0,0.0,0,0,1,1.0,3,3.0,2,3.0,4,3.0,1,2.0,1,0.0
104,Point,40,54,566250,138850,3,0,0.0,0,0,1,1.0,3,3.0,2,3.0,4,3.0,1,3.0,1,0.0
105,Point,40,55,566350,138850,3,0,0.0,0,0,1,1.0,3,3.0,2,3.0,4,3.0,1,3.0,1,0.0
106,Point,40,56,566450,138850,2,0,0.0,0,0,1,1.0,3,3.0,2,3.0,4,3.0,1,3.0,1,0.0
107,Point,40,57,566550,138850,2,0,0.0,0,0,1,1.0,3,3.0,2,2.0,4,3.0,1,4.0,1,0.0
108,Point,40,58,566650,138850,1,0,0.0,0,0,0,1.0,3,2.0,2,2.0,4,3.0,1,4.0,1,0.0
109,Point,40,59,566750,138850,1,0,0.0,0,0,0,1.0,3,2.0,2,2.0,4,3.0,1,4.0,1,0.0
110,Point,40,60,566850,138850,0,0,0.0,0,0,0,1.0,3,2.0,2,2.0,4,3.0,0,4.0,1,0.0
111,Point,40,61,566950,138850,0,0,0.0,0,0,0,1.0,3,2.0,2,2.0,4,3.0,0,4.0,1,0.0
112,Point,40,62,567050,138850,0,0,0.0,0,0,0,1.0,3,2.0,2,1.0,4,3.0,0,4.0,1,0.0
113,Point,40,63,567150,138850,0,0,0.0,0,0,0,1.0,3,2.0,3,1.0,4,3.0,0,4.0,1,0.0
114,Point,40,64,567250,138850,1,0,0.0,0,0,1,2.0,3,2.0,3,1.0,4,3.0,1,4.0,1,0.0
115,Point,40,65,567350,138850,1,0,0.0,0,0,1,3.0,2,2.0,2,1.0,4,3.0,1,4.0,1,0.0
116,Point,40,66,567450,138850,1,0,0.0,0,0,2,3.0,2,2.0,2,1.0,4,3.0,1,3.0,1,0.0
117,Point,40,67,567550,138850,1,0,0.0,0,0,3,2.0,3,1.0,2,1.0,4,3.0,1,3.0,1,0.0
118,Point,40,68,567650,138850,1,0,0.0,0,0,3,2.0,4,1.0,2,1.0,4,3.0,1,2.0,1,0.0
119,Point,40,69,567750,138850,2,0,0.0,0,0,3,1.0,4,0.0,2,0.0,4,3.0,2,2.0,1,0.0
120,Point,40,70,567850,138850,2,0,0.0,0,0,3,1.0,4,0.0,2,0.0,4,3.0,2,2.0,1,0.0
121,Point,40,71,567950,138850,3,0,0.0,0,0,4,1.0,4,0.0,2,0.0,4,3.0,2,2.0,1,0.0
122,Point,40,72,568050,138850,3,0,0.0,0,0,4,1.0,4,0.0,1,0.0,4,3.0,2,2.0,1,0.0
123,Point,40,73,568150,138850,4,0,0.0,0,0,4,0.0,4,0.0,1,0.0,4,3.0,2,2.0,1,0.0
124,Point,40,74,568250,138850,4,0,0.0,0,0,4,0.0,4,0.0,1,0.0,4,3.0,2,2.0,1,0.0
125,Point,40,75,568350,138850,3,0,0.0,0,0,4,0.0,4,0.0,1,0.0,4,3.0,2,2.0,1,0.0
126,Point,40,76,568450,138850,3,0,0.0,0,0,4,0.0,4,0.0,1,0.0,4,3.0,2,2.0,1,0.0
127,Point,40,77,568550,138850,4,0,0.0,0,0,4,0.0,2,0.0,1,0.0,4,3.0,2,2.0,1,0.0
128,Point,40,78,568650,138850,4,0,0.0,0,0,4,0.0,1,0.0,1,0.0,4,3.0,2,2.0,1,0.0
129,Point,40,79,568750,138850,4,0,0.0,0,0,4,0.0,1,1.0,1,0.0,4,3.0,2,2.0,1,0.0
130,Point,40,80,568850,138850,4,0,0.0,0,0,4,0.0,1,1.0,1,0.0,4,3.0,2,1.0,1,0.0
131,Point,40,81,568950,138850,4,0,0.0,0,0,4,1.0,1,1.0,2,0.0,4,3.0,2,1.0,1,0.0
132,Point,40,82,569050,138850,4,0,0.0,0,0,4,1.0,1,1.0,2,0.0,4,3.0,2,2.0,1,0.0
133,Point,40,83,569150,138850,4,0,0.0,0,0,4,1.0,1,1.0,2,0.0,4,3.0,2,2.0,1,0.0
134,Point,40,84,569250,138850,4,0,0.0,0,0,4,1.0,1,0.0,2,0.0,4,3.0,2,2.0,1,0.0
135,Point,40,85,569350,138850,4,0,0.0,0,0,3,1.0,1,0.0,2,1.0,4,3.0,3,2.0,1,0.0
136,Point,40,86,569450,138850,4,0,0.0,0,0,3,2.0,2,0.0,2,1.0,4,3.0,3,2.0,1,0.0
137,Point,40,87,569550,138850,4,0,0.0,0,0,3,2.0,2,0.0,2,1.0,4,3.0,3,2.0,1,0.0
138,Point,40,88,569650,138850,4,0,0.0,0,0,3,2.0,2,0.0,3,1.0,4,3.0,3,2.0,1,0.0
139,Point,40,89,569750,138850,4,0,0.0,0,0,3,2.0,2,0.0,3,1.0,4,3.0,3,2.0,1,0.0
140,Point,40,90,569850,138850,4,0,0.0,0,0,3,2.0,2,0.0,3,1.0,4,3.0,3,2.0,1,1.0
141,Point,40,91,569950,138850,3,0,0.0,0,0,2,2.0,2,0.0,3,1.0,4,3.0,3,2.0,1,1.0
142,Point,40,92,570050,138850,3,0,0.0,0,0,2,2.0,2,1.0,3,2.0,4,3.0,3,2.0,1,1.0
143,Point,40,93,570150,138850,2,0,0.0,0,0,2,2.0,2,1.0,3,2.0,4,3.0,3,2.0,1,2.0
144,Point,40,94,570250,138850,2,0,0.0,0,0,2,2.0,2,1.0,3,2.0,4,3.0,3,2.0,1,2.0
145,Point,40,95,570350,138850,2,0,0.0,0,0,1,2.0,3,1.0,3,2.0,4,3.0,3,3.0,1,2.0
146,Point,40,96,570450,138850,1,0,0.0,0,0,1,2.0,3,1.0,3,3.0,4,3.0,3,3.0,1,2.0
147,Point,40,97,570550,138850,1,0,0.0,0,0,1,3.0,3,1.0,2,3.0,4,3.0,3,3.0,1,2.0
148,Point,40,98,570650,138850,1,0,0.0,0,0,1,3.0,3,1.0,2,3.0,4,3.0,3,3.0,1,2.0
149,Point,40,99,570750,138850,1,0,0.0,0,0,1,3.0,3,1.0,2,3.0,4,3.0,3,3.0,1,2.0
150,Point,40,100,570850,138850,1,0,0.0,0,0,1,3.0,3,1.0,2,3.0,4,3.0,3,3.0,1,2.0
151,Point,40,101,570950,138850,2,0,0.0,0,0,1,2.0,3,1.0,2,3.0,4,3.0,2,3.0,1,2.0
152,Point,40,102,571050,138850,2,0,0.0,0,0,1,2.0,3,1.0,2,3.0,4,3.0,2,3.0,1,2.0
153,Point,40,103,571150,138850,2,0,0.0,0,0,1,2.0,3,1.0,2,3.0,4,3.0,2,3.0,1,2.0
154,Point,40,104,571250,138850,3,0,0.0,0,0,1,2.0,3,1.0,2,3.0,4,3.0,2,3.0,1,2.0
155,Point,40,105,571350,138850,3,0,0.0,0,0,1,2.0,3,1.0,2,3.0,4,3.0,2,3.0,1,2.0
156,Point,40,106,571450,138850,4,0,0.0,0,0,2,2.0,3,1.0,2,3.0,4,3.0,2,3.0,2,2.0
157,Point,40,107,571550,138850,4,0,0.0,0,0,2,2.0,3,1.0,2,3.0,4,3.0,2,3.0,2,2.0
158,Point,40,108,571650,138850,4,0,0.0,0,0,2,2.0,3,1.0,2,3.0,4,3.0,2,3.0,2,2.0
159,Point,40,109,571750,138850,4,0,0.0,0,0,2,2.0,3,1.0,2,3.0,4,3.0,2,3.0,2,2.0
160,Point,40,110,571850,138850,4,0,0.0,0,0,2,2.0,3,1.0,2,3.0,4,3.0,2,3.0,2,2.0
161,Point,40,111,571950,138850,4,0,0.0,0,0,2,2.0,3,1.0,2,3.0,4,3.0,2,3.0,2,2.0
162,Point,40,112,572050,138850,4,0,0.0,0,0,2,2.0,3,1.0,2,3.0,4,3.0,2,3.0,2,2.0
163,Point,40,113,572150,138850,4,0,0.0,0,0,3,2.0,3,1.0,2,3.0,4,3.0,3,3.0,2,2.0
164,Point,41,32,564050,138750,4,0,0.0,0,0,3,2.0,2,1.0,3,2.0,4,3.0,3,2.0,2,2.0
165,Point,41,33,564150,138750,4,0,0.0,0,0,3,2.0,2,1.0,3,2.0,4,3.0,3,2.0,2,2.0
166,Point,41,34,564250,138750,4,0,0.0,0,0,3,2.0,2,1.0,3,2.0,4,3.0,3,2.0,2,1.0
167,Point,41,35,564350,138750,4,0,0.0,0,0,3,2.0,2,1.0,3,2.0,4,3.0,3,2.0,2,1.0
168,Point,41,36,564450,138750,4,0,0.0,0,0,3,2.0,3,2.0,3,2.0,4,3.0,3,2.0,2,1.0
169,Point,41,37,564550,138750,4,0,0.0,0,0,3,2.0,3,2.0,3,2.0,4,3.0,3,2.0,2,1.0
170,Point,41,38,564650,138750,4,0,0.0,0,0,3,2.0,3,2.0,3,2.0,4,3.0,2,2.0,1,1.0
171,Point,41,39,564750,138750,4,0,0.0,0,0,3,2.0,3,2.0,3,2.0,4,3.0,2,2.0,1,1.0
172,Point,41,40,564850,138750,4,0,0.0,0,0,3,2.0,3,2.0,3,3.0,4,3.0,2,2.0,1,1.0
173,Point,41,41,564950,138750,4,0,0.0,0,0,2,2.0,3,2.0,3,3.0,4,3.0,2,2.0,1,1.0
174,Point,41,42,565050,138750,4,0,0.0,0,0,2,2.0,3,2.0,3,3.0,4,3.0,2,2.0,1,1.0
175,Point,41,43,565150,138750,3,0,0.0,0,0,2,2.0,3,2.0,3,3.0,4,3.0,1,2.0,1,1.0
176,Point,41,44,565250,138750,3,0,0.0,0,0,2,2.0,4,2.0,3,3.0,4,3.0,1,2.0,1,1.0
177,Point,41,45,565350,138750,3,0,0.0,0,0,2,2.0,4,2.0,3,2.0,4,3.0,1,2.0,1,1.0
178,Point,41,46,565450,138750,2,0,0.0,0,0,1,2.0,4,2.0,3,2.0,4,3.0,0,2.0,1,1.0
179,Point,41,47,565550,138750,2,0,0.0,0,0,1,2.0,3,2.0,3,2.0,4,3.0,0,2.0,1,1.0
180,Point,41,48,565650,138750,2,0,0.0,0,0,1,1.0,3,2.0,3,3.0,4,3.0,0,2.0,1,1.0
181,Point,41,49,565750,138750,2,0,0.0,0,0,1,1.0,3,3.0,3,3.0,4,3.0,0,2.0,1,1.0
182,Point,41,50,565850,138750,2,0,0.0,0,0,1,1.0,3,3.0,2,3.0,4,3.0,0,2.0,1,1.0
183,Point,41,51,565950,138750,2,0,0.0,0,0,1,1.0,2,3.0,2,3.0,4,3.0,0,2.0,1,0.0
184,Point,41,52,566050,138750,2,0,0.0,0,0,1,1.0,2,3.0,2,3.0,4,3.0,0,2.0,1,0.0
185,Point,41,53,566150,138750,3,0,0.0,0,0,1,1.0,2,3.0,2,3.0,4,3.0,1,3.0,1,0.0
186,Point,41,54,566250,138750,3,0,0.0,0,0,1,1.0,2,3.0,2,3.0,4,3.0,1,3.0,1,0.0
187,Point,41,55,566350,138750,3,0,0.0,0,0,1,1.0,2,3.0,2,3.0,4,3.0,1,4.0,1,0.0
188,Point,41,56,566450,138750,2,0,0.0,0,0,0,1.0,2,3.0,2,3.0,4,3.0,2,4.0,1,0.0
189,Point,41,57,566550,138750,2,0,0.0,0,0,0,1.0,2,3.0,2,3.0,4,3.0,2,4.0,1,0.0
190,Point,41,58,566650,138750,1,0,0.0,0,0,0,1.0,2,3.0,2,2.0,4,3.0,2,4.0,1,0.0
191,Point,41,59,566750,138750,1,0,0.0,0,0,0,1.0,2,3.0,2,2.0,4,3.0,2,4.0,1,0.0
192,Point,41,60,566850,138750,1,0,0.0,0,0,0,1.0,3,3.0,2,2.0,4,3.0,2,4.0,1,0.0
193,Point,41,61,566950,138750,0,0,0.0,0,0,0,1.0,3,2.0,2,2.0,4,3.0,1,4.0,1,0.0
194,Point,41,62,567050,138750,0,0,0.0,0,0,0,1.0,3,2.0,2,1.0,4,3.0,1,4.0,1,0.0
195,Point,41,63,567150,138750,1,0,0.0,0,0,0,2.0,2,2.0,2,1.0,4,3.0,1,4.0,1,0.0
196,Point,41,64,567250,138750,0,0,0.0,0,0,1,3.0,1,2.0,2,1.0,4,3.0,1,4.0,1,0.0
197,Point,41,65,567350,138750,0,0,0.0,0,0,2,3.0,1,2.0,2,1.0,4,3.0,1,4.0,1,0.0
198,Point,41,66,567450,138750,0,0,0.0,0,0,2,3.0,2,2.0,2,1.0,4,3.0,1,3.0,1,0.0
199,Point,41,67,567550,138750,1,0,0.0,0,0,3,2.0,3,1.0,2,1.0,4,3.0,1,3.0,1,0.0
200,Point,41,68,567650,138750,1,0,0.0,0,0,3,1.0,4,0.0,2,0.0,4,3.0,1,2.0,1,0.0
201,Point,41,69,567750,138750,2,0,0.0,0,0,3,1.0,4,0.0,2,0.0,4,3.0,2,2.0,1,0.0
202,Point,41,70,567850,138750,2,0,0.0,0,0,4,1.0,4,0.0,2,0.0,4,3.0,2,2.0,1,0.0
203,Point,41,71,567950,138750,2,0,0.0,0,0,4,1.0,4,0.0,1,0.0,4,3.0,2,2.0,1,0.0
204,Point,41,72,568050,138750,3,0,0.0,0,0,4,0.0,4,0.0,1,0.0,4,3.0,2,2.0,1,0.0
205,Point,41,73,568150,138750,3,0,0.0,0,0,4,0.0,4,0.0,1,0.0,4,3.0,2,2.0,1,0.0
206,Point,41,74,568250,138750,3,0,0.0,0,0,4,0.0,4,0.0,1,0.0,4,3.0,2,2.0,1,0.0
207,Point,41,75,568350,138750,3,0,0.0,0,0,4,0.0,4,0.0,1,0.0,4,3.0,2,2.0,1,0.0
208,Point,41,76,568450,138750,3,0,0.0,0,0,4,0.0,4,0.0,1,0.0,4,3.0,2,2.0,1,0.0
209,Point,41,77,568550,138750,3,0,0.0,0,0,4,0.0,4,0.0,1,0.0,4,3.0,2,2.0,1,0.0
210,Point,41,78,568650,138750,3,0,0.0,0,0,4,0.0,1,0.0,1,0.0,4,3.0,2,2.0,1,0.0
211,Point,41,79,568750,138750,3,0,0.0,0,0,4,0.0,1,1.0,1,0.0,4,3.0,2,2.0,1,0.0
212,Point,41,80,568850,138750,4,0,0.0,0,0,4,0.0,1,1.0,1,0.0,4,3.0,2,2.0,1,0.0
213,Point,41,81,568950,138750,4,0,0.0,0,0,4,0.0,1,2.0,1,0.0,4,3.0,2,1.0,1,0.0
214,Point,41,82,569050,138750,4,0,0.0,0,0,4,1.0,1,2.0,2,0.0,4,3.0,2,2.0,1,0.0
215,Point,41,83,569150,138750,4,0,0.0,0,0,4,1.0,1,2.0,2,0.0,4,3.0,2,2.0,1,0.0
216,Point,41,84,569250,138750,4,0,0.0,0,0,4,1.0,1,1.0,2,0.0,4,3.0,2,2.0,1,0.0
217,Point,41,85,569350,138750,4,0,0.0,0,0,3,1.0,1,0.0,2,0.0,4,3.0,3,2.0,1,0.0
218,Point,41,86,569450,138750,4,0,0.0,0,0,3,1.0,1,0.0,2,1.0,4,3.0,3,2.0,1,0.0
219,Point,41,87,569550,138750,4,0,0.0,0,0,3,2.0,1,0.0,2,1.0,4,3.0,3,2.0,1,0.0
220,Point,41,88,569650,138750,4,0,0.0,0,0,3,2.0,2,0.0,3,1.0,4,3.0,3,2.0,1,0.0
221,Point,41,89,569750,138750,4,0,0.0,0,0,3,2.0,2,0.0,3,1.0,4,3.0,3,2.0,1,0.0
222,Point,41,90,569850,138750,4,0,0.0,0,0,3,2.0,2,0.0,3,1.0,4,3.0,3,2.0,1,1.0
223,Point,41,91,569950,138750,4,0,0.0,0,0,2,2.0,2,0.0,3,1.0,4,3.0,3,2.0,1,1.0
224,Point,41,92,570050,138750,3,0,0.0,0,0,2,2.0,2,1.0,3,2.0,4,3.0,3,2.0,1,1.0
225,Point,41,93,570150,138750,3,0,0.0,0,0,2,2.0,2,1.0,3,2.0,4,3.0,3,2.0,1,2.0
226,Point,41,94,570250,138750,2,0,0.0,0,0,2,2.0,2,1.0,3,2.0,4,3.0,3,3.0,1,2.0
227,Point,41,95,570350,138750,2,0,0.0,0,0,2,2.0,2,1.0,3,2.0,4,3.0,3,3.0,1,2.0
228,Point,41,96,570450,138750,2,0,0.0,0,0,1,2.0,3,1.0,2,3.0,4,3.0,3,3.0,1,2.0
229,Point,41,97,570550,138750,2,0,0.0,0,0,1,2.0,3,1.0,2,3.0,4,3.0,3,3.0,1,2.0
230,Point,41,98,570650,138750,1,0,0.0,0,0,1,2.0,3,1.0,2,3.0,4,3.0,3,3.0,1,2.0
231,Point,41,99,570750,138750,2,0,0.0,0,0,1,2.0,3,1.0,2,3.0,4,3.0,2,3.0,1,2.0
232,Point,41,100,570850,138750,2,0,0.0,0,0,1,2.0,3,1.0,2,3.0,4,3.0,2,3.0,1,2.0
233,Point,41,101,570950,138750,2,0,0.0,0,0,1,2.0,3,1.0,2,3.0,4,3.0,2,3.0,1,2.0
234,Point,41,102,571050,138750,2,0,0.0,0,0,1,2.0,3,1.0,2,3.0,4,3.0,2,3.0,1,2.0
235,Point,41,103,571150,138750,3,0,0.0,0,0,1,2.0,3,1.0,2,3.0,4,3.0,2,3.0,1,2.0
236,Point,41,104,571250,138750,3,0,0.0,0,0,1,2.0,3,1.0,2,3.0,4,3.0,2,3.0,1,2.0
237,Point,41,105,571350,138750,3,0,0.0,0,0,1,2.0,3,1.0,1,3.0,4,3.0,2,3.0,1,2.0
238,Point,41,106,571450,138750,3,0,0.0,0,0,1,2.0,3,1.0,1,3.0,4,3.0,2,3.0,2,2.0
239,Point,41,107,571550,138750,3,0,0.0,0,0,2,2.0,3,1.0,1,3.0,4,3.0,2,3.0,2,3.0
240,Point,41,108,571650,138750,4,0,0.0,0,0,2,2.0,3,1.0,2,3.0,4,3.0,2,3.0,2,3.0
241,Point,41,109,571750,138750,4,0,0.0,0,0,2,2.0,3,1.0,2,3.0,4,3.0,2,3.0,2,3.0
242,Point,41,110,571850,138750,4,0,0.0,0,0,2,2.0,3,1.0,2,3.0,4,3.0,2,3.0,2,2.0
243,Point,41,111,571950,138750,4,0,0.0,0,0,2,2.0,3,1.0,2,3.0,4,3.0,2,3.0,2,2.0
244,Point,41,112,572050,138750,4,0,0.0,0,0,2,2.0,3,1.0,2,3.0,4,3.0,2,3.0,2,2.0
245,Point,41,113,572150,138750,4,0,0.0,0,0,2,2.0,3,1.0,2,3.0,4,3.0,2,3.0,2,2.0
246,Point,42,32,564050,138650,4,0,0.0,0,0,3,2.0,2,1.0,3,2.0,4,3.0,3,2.0,2,2.0
247,Point,42,33,564150,138650,4,0,0.0,0,0,3,2.0,2,1.0,3,2.0,4,3.0,3,2.0,2,2.0
248,Point,42,34,564250,138650,4,0,0.0,0,0,3,2.0,2,1.0,3,2.0,4,3.0,3,2.0,2,2.0
249,Point,42,35,564350,138650,4,0,0.0,0,0,3,2.0,2,2.0,3,2.0,4,3.0,3,2.0,2,2.0
250,Point,42,36,564450,138650,4,0,0.0,0,0,3,2.0,3,2.0,3,2.0,4,3.0,3,2.0,2,2.0
251,Point,42,37,564550,138650,4,0,0.0,0,0,3,2.0,3,2.0,3,2.0,4,3.0,3,2.0,2,2.0
252,Point,42,38,564650,138650,4,0,0.0,0,0,3,2.0,3,2.0,3,2.0,4,3.0,2,2.0,1,2.0
253,Point,42,39,564750,138650,4,0,0.0,0,0,3,2.0,3,2.0,3,2.0,4,3.0,2,2.0,1,1.0
254,Point,42,40,564850,138650,4,0,0.0,0,0,3,2.0,3,2.0,3,3.0,4,3.0,2,2.0,1,1.0
255,Point,42,41,564950,138650,4,0,0.0,0,0,2,2.0,3,2.0,3,3.0,4,3.0,2,2.0,1,1.0
256,Point,42,42,565050,138650,4,0,0.0,0,0,2,2.0,3,2.0,3,3.0,4,3.0,1,2.0,1,1.0
257,Point,42,43,565150,138650,3,0,0.0,0,0,2,2.0,3,2.0,3,2.0,4,3.0,1,2.0,1,1.0
258,Point,42,44,565250,138650,3,0,0.0,0,0,2,2.0,3,2.0,3,2.0,4,3.0,1,2.0,1,1.0
259,Point,42,45,565350,138650,2,0,0.0,0,0,1,2.0,3,2.0,3,2.0,4,3.0,0,2.0,1,1.0
260,Point,42,46,565450,138650,2,0,0.0,0,0,1,2.0,3,2.0,3,2.0,4,3.0,0,2.0,0,1.0
261,Point,42,47,565550,138650,2,0,0.0,0,0,1,2.0,3,2.0,3,3.0,4,3.0,0,2.0,0,1.0
262,Point,42,48,565650,138650,1,0,0.0,0,0,1,2.0,3,3.0,3,3.0,4,3.0,0,3.0,0,1.0
263,Point,42,49,565750,138650,1,0,0.0,0,0,1,2.0,2,3.0,2,3.0,4,3.0,0,3.0,1,1.0
264,Point,42,50,565850,138650,1,0,0.0,0,0,1,1.0,2,3.0,2,3.0,4,3.0,0,3.0,1,1.0
265,Point,42,51,565950,138650,2,0,0.0,0,0,1,1.0,1,3.0,2,3.0,4,3.0,0,3.0,1,1.0
266,Point,42,52,566050,138650,2,0,0.0,0,0,1,1.0,1,3.0,2,4.0,4,3.0,1,3.0,1,0.0
267,Point,42,53,566150,138650,2,0,0.0,0,0,1,1.0,1,3.0,2,4.0,4,3.0,1,4.0,1,0.0
268,Point,42,54,566250,138650,3,0,0.0,0,0,1,1.0,1,3.0,2,4.0,4,3.0,2,4.0,1,0.0
269,Point,42,55,566350,138650,2,0,0.0,0,0,1,1.0,1,3.0,2,3.0,4,3.0,2,4.0,1,0.0
270,Point,42,56,566450,138650,2,0,0.0,0,0,0,1.0,1,3.0,2,3.0,4,3.0,3,4.0,1,0.0
271,Point,42,57,566550,138650,2,0,0.0,0,0,0,1.0,1,3.0,2,3.0,4,3.0,3,4.0,1,0.0
272,Point,42,58,566650,138650,2,0,0.0,0,0,0,1.0,1,3.0,2,2.0,4,3.0,3,4.0,1,0.0
273,Point,42,59,566750,138650,1,0,0.0,0,0,0,1.0,1,3.0,2,2.0,4,3.0,3,4.0,1,0.0
274,Point,42,60,566850,138650,1,0,0.0,0,0,0,1.0,2,3.0,2,2.0,4,3.0,3,4.0,1,0.0
275,Point,42,61,566950,138650,1,0,0.0,0,0,0,1.0,1,3.0,2,2.0,4,3.0,3,4.0,1,0.0
276,Point,42,62,567050,138650,1,0,0.0,0,0,0,1.0,1,3.0,2,1.0,4,3.0,3,4.0,1,0.0
277,Point,42,63,567150,138650,1,0,0.0,0,0,0,2.0,1,3.0,2,1.0,4,3.0,3,4.0,1,0.0
278,Point,42,64,567250,138650,0,0,0.0,0,0,1,3.0,1,3.0,2,1.0,4,3.0,3,4.0,1,0.0
279,Point,42,65,567350,138650,0,0,0.0,0,0,2,3.0,1,3.0,2,1.0,4,3.0,2,4.0,1,0.0
280,Point,42,66,567450,138650,0,0,0.0,0,0,3,3.0,1,2.0,2,1.0,4,3.0,2,4.0,1,0.0
281,Point,42,67,567550,138650,0,0,0.0,0,0,3,2.0,3,1.0,2,1.0,4,3.0,2,3.0,1,0.0
282,Point,42,68,567650,138650,1,0,0.0,0,0,3,1.0,4,0.0,2,0.0,4,3.0,2,3.0,1,0.0
283,Point,42,69,567750,138650,1,0,0.0,0,0,4,1.0,4,0.0,2,0.0,4,3.0,2,2.0,1,0.0
284,Point,42,70,567850,138650,2,0,0.0,0,0,4,0.0,4,0.0,1,0.0,4,3.0,2,2.0,1,0.0
285,Point,42,71,567950,138650,2,0,0.0,0,0,4,0.0,4,0.0,1,0.0,4,3.0,2,2.0,1,0.0
286,Point,42,72,568050,138650,3,0,0.0,0,0,4,0.0,4,0.0,1,0.0,4,3.0,2,2.0,1,0.0
287,Point,42,73,568150,138650,3,0,0.0,0,0,4,0.0,4,0.0,1,0.0,4,3.0,1,2.0,1,0.0
288,Point,42,74,568250,138650,3,0,0.0,0,0,4,0.0,4,0.0,1,0.0,4,3.0,1,2.0,1,0.0
289,Point,42,75,568350,138650,2,0,0.0,0,0,4,0.0,4,0.0,1,0.0,4,3.0,1,2.0,1,0.0
290,Point,42,76,568450,138650,2,0,0.0,0,0,4,0.0,4,0.0,1,0.0,4,3.0,1,2.0,1,0.0
291,Point,42,77,568550,138650,3,0,0.0,0,0,4,0.0,4,0.0,1,0.0,4,3.0,2,2.0,1,0.0
292,Point,42,78,568650,138650,3,0,0.0,0,0,4,0.0,3,0.0,1,0.0,0,3.0,2,2.0,1,0.0
293,Point,42,79,568750,138650,3,0,0.0,0,0,4,0.0,1,0.0,1,0.0,0,3.0,2,2.0,1,0.0
294,Point,42,80,568850,138650,3,0,0.0,0,0,4,0.0,1,1.0,1,0.0,4,3.0,2,2.0,1,0.0
295,Point,42,81,568950,138650,4,0,0.0,0,0,4,0.0,0,2.0,1,0.0,4,3.0,2,2.0,1,0.0
296,Point,42,82,569050,138650,4,0,0.0,0,0,4,0.0,0,2.0,1,0.0,4,3.0,2,2.0,1,0.0
297,Point,42,83,569150,138650,4,0,0.0,0,0,4,1.0,0,2.0,2,0.0,4,3.0,2,2.0,1,0.0
298,Point,42,84,569250,138650,4,0,0.0,0,0,4,1.0,0,2.0,2,0.0,4,3.0,2,2.0,1,0.0
299,Point,42,85,569350,138650,4,0,0.0,0,0,4,1.0,1,1.0,2,0.0,4,3.0,2,2.0,1,0.0
300,Point,42,86,569450,138650,4,0,0.0,0,0,3,1.0,1,1.0,2,1.0,4,3.0,3,2.0,1,0.0
301,Point,42,87,569550,138650,4,0,0.0,0,0,3,1.0,1,0.0,2,1.0,4,3.0,3,2.0,1,0.0
302,Point,42,88,569650,138650,4,0,0.0,0,0,3,2.0,1,0.0,2,1.0,4,3.0,3,2.0,1,0.0
303,Point,42,89,569750,138650,4,0,0.0,0,0,3,2.0,1,0.0,3,1.0,4,3.0,3,2.0,1,0.0
304,Point,42,90,569850,138650,4,0,0.0,0,0,3,2.0,1,0.0,3,1.0,4,3.0,3,2.0,1,1.0
305,Point,42,91,569950,138650,4,0,0.0,0,0,3,2.0,1,0.0,3,1.0,4,3.0,3,2.0,1,1.0
306,Point,42,92,570050,138650,3,0,0.0,0,0,2,2.0,1,1.0,3,1.0,4,3.0,3,2.0,1,1.0
307,Point,42,93,570150,138650,3,0,0.0,0,0,2,2.0,1,1.0,3,2.0,4,3.0,3,3.0,1,2.0
308,Point,42,94,570250,138650,3,0,0.0,0,0,2,1.0,1,1.0,3,2.0,4,3.0,3,3.0,0,2.0
309,Point,42,95,570350,138650,2,0,0.0,0,0,2,1.0,2,1.0,3,2.0,4,3.0,3,3.0,0,2.0
310,Point,42,96,570450,138650,2,0,0.0,0,0,1,2.0,2,1.0,2,2.0,4,3.0,3,3.0,0,3.0
311,Point,42,97,570550,138650,2,0,0.0,0,0,1,2.0,3,1.0,2,3.0,4,3.0,3,3.0,0,3.0
312,Point,42,98,570650,138650,2,0,0.0,0,0,1,2.0,3,1.0,2,3.0,4,3.0,2,3.0,0,3.0
313,Point,42,99,570750,138650,2,0,0.0,0,0,1,2.0,3,1.0,2,3.0,4,3.0,2,3.0,0,3.0
314,Point,42,100,570850,138650,2,0,0.0,0,0,1,2.0,3,1.0,2,3.0,4,3.0,2,3.0,1,2.0
315,Point,42,101,570950,138650,2,0,0.0,0,0,1,2.0,3,1.0,2,3.0,4,3.0,2,3.0,1,2.0
316,Point,42,102,571050,138650,3,0,0.0,0,0,1,2.0,3,1.0,1,3.0,4,3.0,2,3.0,1,2.0
317,Point,42,103,571150,138650,3,0,0.0,0,0,1,2.0,3,1.0,1,3.0,4,3.0,2,3.0,1,2.0
318,Point,42,104,571250,138650,3,0,0.0,0,0,1,2.0,3,1.0,1,3.0,4,3.0,2,3.0,1,2.0
319,Point,42,105,571350,138650,3,0,0.0,0,0,1,2.0,3,1.0,1,3.0,4,3.0,2,3.0,1,2.0
320,Point,42,106,571450,138650,3,0,0.0,0,0,1,2.0,3,1.0,1,3.0,4,3.0,2,3.0,1,3.0
321,Point,42,107,571550,138650,3,0,0.0,0,0,1,2.0,3,1.0,1,3.0,4,3.0,2,3.0,2,3.0
322,Point,42,108,571650,138650,3,0,0.0,0,0,2,2.0,3,1.0,1,3.0,4,3.0,2,3.0,2,3.0
323,Point,42,109,571750,138650,3,0,0.0,0,0,2,2.0,3,1.0,1,3.0,4,3.0,2,3.0,2,3.0
324,Point,42,110,571850,138650,3,0,0.0,0,0,2,2.0,3,1.0,1,3.0,4,3.0,2,3.0,2,3.0
325,Point,42,111,571950,138650,4,0,0.0,0,0,2,2.0,3,1.0,2,3.0,4,3.0,2,3.0,2,2.0
326,Point,42,112,572050,138650,4,0,0.0,0,0,2,2.0,3,1.0,2,3.0,4,3.0,2,3.0,2,2.0
327,Point,42,113,572150,138650,4,0,0.0,0,0,2,2.0,3,1.0,2,3.0,4,3.0,2,3.0,2,2.0
328,Point,43,32,564050,138550,4,0,0.0,0,0,3,2.0,2,1.0,3,2.0,4,3.0,3,2.0,2,2.0
329,Point,43,33,564150,138550,4,0,0.0,0,0,3,2.0,2,1.0,3,2.0,4,3.0,3,2.0,2,2.0
330,Point,43,34,564250,138550,4,0,0.0,0,0,3,2.0,2,1.0,3,2.0,4,3.0,3,2.0,2,2.0
331,Point,43,35,564350,138550,4,0,0.0,0,0,3,2.0,3,2.0,3,2.0,4,3.0,3,2.0,2,2.0
332,Point,43,36,564450,138550,4,0,0.0,0,0,3,2.0,3,2.0,3,2.0,4,3.0,3,2.0,2,2.0
333,Point,43,37,564550,138550,4,0,0.0,0,0,3,2.0,3,2.0,3,2.0,4,3.0,2,2.0,1,2.0
334,Point,43,38,564650,138550,4,0,0.0,0,0,3,2.0,3,2.0,3,2.0,4,3.0,2,2.0,1,2.0
335,Point,43,39,564750,138550,4,0,0.0,0,0,3,2.0,3,2.0,3,3.0,4,3.0,2,2.0,1,2.0
336,Point,43,40,564850,138550,4,0,0.0,0,0,2,2.0,3,2.0,3,3.0,4,3.0,2,2.0,1,1.0
337,Point,43,41,564950,138550,4,0,0.0,0,0,2,2.0,3,2.0,3,2.0,4,3.0,2,2.0,1,1.0
338,Point,43,42,565050,138550,3,0,0.0,0,0,2,2.0,3,2.0,3,2.0,4,3.0,1,2.0,1,1.0
339,Point,43,43,565150,138550,3,0,0.0,0,0,2,2.0,3,2.0,3,2.0,4,3.0,1,2.0,1,1.0
340,Point,43,44,565250,138550,2,0,0.0,0,0,1,2.0,3,2.0,3,2.0,4,3.0,1,2.0,0,1.0
341,Point,43,45,565350,138550,2,0,0.0,0,0,1,2.0,3,2.0,3,2.0,4,3.0,0,2.0,0,1.0
342,Point,43,46,565450,138550,2,0,0.0,0,0,1,2.0,3,3.0,3,2.0,4,3.0,0,2.0,0,1.0
343,Point,43,47,565550,138550,1,0,0.0,0,0,1,2.0,2,3.0,2,3.0,4,3.0,0,3.0,0,1.0
344,Point,43,48,565650,138550,1,0,0.0,0,0,1,2.0,2,3.0,2,3.0,4,3.0,0,3.0,0,1.0
345,Point,43,49,565750,138550,1,0,0.0,0,0,1,2.0,1,3.0,2,3.0,4,3.0,0,3.0,0,1.0
346,Point,43,50,565850,138550,1,0,0.0,0,0,1,2.0,1,3.0,2,3.0,4,3.0,0,3.0,0,1.0
347,Point,43,51,565950,138550,1,0,0.0,0,0,1,2.0,1,3.0,2,4.0,4,3.0,0,4.0,0,1.0
348,Point,43,52,566050,138550,1,0,0.0,0,0,1,1.0,1,3.0,2,4.0,4,3.0,1,4.0,0,1.0
349,Point,43,53,566150,138550,2,0,0.0,0,0,1,1.0,1,3.0,2,4.0,4,3.0,2,4.0,1,1.0
350,Point,43,54,566250,138550,2,0,0.0,0,0,1,1.0,1,3.0,2,4.0,4,3.0,3,4.0,1,0.0
351,Point,43,55,566350,138550,2,0,0.0,0,0,0,1.0,1,3.0,2,4.0,4,3.0,3,4.0,1,0.0
352,Point,43,56,566450,138550,2,0,0.0,0,0,0,1.0,1,3.0,2,3.0,4,3.0,3,4.0,1,0.0
353,Point,43,57,566550,138550,2,0,0.0,0,0,0,1.0,1,3.0,2,3.0,4,3.0,3,4.0,1,0.0
354,Point,43,58,566650,138550,2,0,0.0,0,0,0,1.0,1,3.0,2,2.0,4,3.0,3,4.0,1,0.0
355,Point,43,59,566750,138550,2,0,0.0,0,0,0,0.0,1,3.0,2,2.0,4,3.0,3,4.0,1,0.0
356,Point,43,60,566850,138550,1,0,0.0,0,0,0,1.0,1,3.0,2,2.0,4,3.0,3,4.0,1,0.0
357,Point,43,61,566950,138550,1,0,0.0,0,0,0,1.0,1,3.0,2,2.0,4,3.0,3,4.0,1,0.0
358,Point,43,62,567050,138550,1,0,0.0,0,0,0,1.0,1,3.0,2,1.0,4,3.0,3,4.0,1,0.0
359,Point,43,63,567150,138550,1,0,0.0,0,0,1,2.0,1,3.0,2,1.0,4,3.0,3,4.0,1,0.0
360,Point,43,64,567250,138550,0,0,0.0,0,0,1,3.0,1,3.0,2,1.0,4,3.0,3,4.0,1,0.0
361,Point,43,65,567350,138550,0,0,0.0,0,0,2,3.0,1,3.0,2,1.0,4,3.0,3,4.0,1,0.0
362,Point,43,66,567450,138550,0,0,0.0,0,0,3,2.0,1,3.0,2,1.0,4,3.0,3,4.0,1,0.0
363,Point,43,67,567550,138550,1,0,0.0,0,0,3,2.0,2,1.0,2,0.0,4,3.0,3,3.0,1,0.0
364,Point,43,68,567650,138550,1,0,0.0,0,0,3,1.0,4,0.0,2,0.0,4,3.0,2,3.0,1,0.0
365,Point,43,69,567750,138550,2,0,0.0,0,0,4,1.0,4,0.0,1,0.0,4,3.0,2,2.0,1,0.0
366,Point,43,70,567850,138550,2,0,0.0,0,0,4,0.0,4,0.0,1,0.0,4,3.0,2,2.0,1,0.0
367,Point,43,71,567950,138550,2,0,0.0,0,0,4,0.0,4,0.0,1,0.0,4,3.0,1,2.0,1,0.0
368,Point,43,72,568050,138550,2,0,0.0,0,0,4,0.0,4,0.0,1,0.0,4,3.0,1,2.0,0,0.0
369,Point,43,73,568150,138550,2,0,0.0,0,0,4,0.0,4,0.0,1,0.0,4,3.0,1,2.0,0,0.0
370,Point,43,74,568250,138550,2,0,0.0,0,0,4,0.0,4,0.0,1,0.0,4,3.0,1,2.0,0,0.0
371,Point,43,75,568350,138550,2,0,0.0,0,0,4,0.0,4,0.0,1,0.0,4,3.0,1,2.0,0,0.0
372,Point,43,76,568450,138550,2,0,0.0,0,0,4,0.0,4,0.0,1,0.0,0,3.0,1,2.0,1,0.0
373,Point,43,77,568550,138550,2,0,0.0,0,0,4,0.0,4,0.0,1,0.0,0,3.0,1,2.0,1,0.0
374,Point,43,78,568650,138550,2,0,0.0,0,0,4,0.0,4,0.0,1,0.0,0,3.0,1,2.0,1,0.0
375,Point,43,79,568750,138550,3,0,0.0,0,0,4,0.0,1,0.0,1,0.0,0,3.0,2,2.0,1,0.0
376,Point,43,80,568850,138550,3,0,0.0,0,0,4,0.0,1,1.0,1,0.0,0,3.0,2,2.0,1,0.0
377,Point,43,81,568950,138550,3,0,0.0,0,0,4,0.0,0,2.0,1,0.0,0,3.0,2,2.0,1,0.0
378,Point,43,82,569050,138550,4,0,0.0,0,0,4,0.0,0,3.0,1,0.0,0,3.0,2,2.0,1,0.0
379,Point,43,83,569150,138550,4,0,0.0,0,0,4,0.0,0,3.0,1,0.0,0,3.0,2,2.0,1,0.0
380,Point,43,84,569250,138550,4,0,0.0,0,0,4,1.0,0,3.0,2,0.0,4,3.0,2,2.0,1,0.0
381,Point,43,85,569350,138550,4,0,0.0,0,0,4,1.0,0,2.0,2,0.0,4,3.0,2,2.0,1,0.0
382,Point,43,86,569450,138550,4,0,0.0,0,0,3,1.0,0,2.0,2,0.0,4,3.0,3,2.0,1,0.0
383,Point,43,87,569550,138550,4,0,0.0,0,0,3,1.0,1,1.0,2,1.0,4,3.0,3,2.0,1,0.0
384,Point,43,88,569650,138550,4,0,0.0,0,0,3,1.0,1,1.0,2,1.0,4,3.0,3,2.0,1,0.0
385,Point,43,89,569750,138550,4,0,0.0,0,0,3,2.0,1,0.0,3,1.0,4,3.0,3,2.0,1,0.0
386,Point,43,90,569850,138550,4,0,0.0,0,0,3,2.0,1,0.0,3,1.0,4,3.0,3,2.0,1,1.0
387,Point,43,91,569950,138550,4,0,0.0,0,0,3,2.0,1,1.0,3,1.0,4,3.0,3,2.0,1,1.0
388,Point,43,92,570050,138550,4,0,0.0,0,0,2,2.0,1,1.0,3,1.0,4,3.0,3,2.0,0,1.0
389,Point,43,93,570150,138550,3,0,0.0,0,0,2,1.0,1,1.0,3,2.0,4,3.0,3,3.0,0,2.0
390,Point,43,94,570250,138550,3,0,0.0,0,0,2,1.0,1,1.0,3,2.0,4,3.0,3,3.0,0,2.0
391,Point,43,95,570350,138550,3,0,0.0,0,0,2,1.0,1,1.0,2,2.0,4,3.0,3,3.0,0,3.0
392,Point,43,96,570450,138550,3,0,0.0,0,0,2,1.0,1,1.0,2,2.0,4,3.0,3,3.0,0,3.0
393,Point,43,97,570550,138550,3,0,0.0,0,0,1,1.0,2,1.0,2,3.0,4,3.0,3,3.0,0,3.0
394,Point,43,98,570650,138550,2,0,0.0,0,0,1,1.0,3,1.0,2,3.0,4,3.0,2,3.0,0,3.0
395,Point,43,99,570750,138550,3,0,0.0,0,0,1,1.0,3,1.0,2,3.0,4,3.0,2,3.0,0,3.0
396,Point,43,100,570850,138550,3,0,0.0,0,0,1,1.0,3,1.0,2,3.0,4,3.0,2,3.0,0,3.0
397,Point,43,101,570950,138550,3,0,0.0,0,0,1,1.0,3,1.0,1,3.0,4,3.0,2,3.0,1,2.0
398,Point,43,102,571050,138550,3,0,0.0,0,0,1,1.0,3,1.0,1,3.0,4,3.0,2,3.0,1,2.0
399,Point,43,103,571150,138550,3,0,0.0,0,0,1,2.0,3,1.0,1,3.0,4,3.0,2,3.0,1,2.0
400,Point,43,104,571250,138550,3,0,0.0,0,0,1,2.0,3,1.0,1,2.0,4,3.0,2,3.0,1,2.0
401,Point,43,105,571350,138550,2,0,0.0,0,0,1,2.0,3,1.0,1,2.0,4,3.0,2,3.0,1,2.0
402,Point,43,106,571450,138550,2,0,0.0,0,0,1,2.0,3,1.0,1,2.0,4,3.0,2,3.0,1,3.0
403,Point,43,107,571550,138550,2,0,0.0,0,0,1,2.0,3,1.0,1,2.0,4,3.0,2,3.0,2,3.0
404,Point,43,108,571650,138550,3,0,0.0,0,0,1,2.0,3,1.0,1,2.0,4,3.0,2,3.0,2,3.0
405,Point,43,109,571750,138550,3,0,0.0,0,0,2,2.0,3,1.0,1,3.0,4,3.0,2,3.0,2,3.0
406,Point,43,110,571850,138550,3,0,0.0,0,0,2,2.0,3,1.0,1,3.0,4,3.0,2,3.0,2,3.0
407,Point,43,111,571950,138550,3,0,0.0,0,0,2,2.0,3,1.0,1,3.0,4,3.0,2,3.0,2,3.0
408,Point,43,112,572050,138550,4,0,0.0,0,0,2,2.0,3,1.0,2,3.0,4,3.0,2,3.0,2,2.0
409,Point,43,113,572150,138550,4,0,0.0,0,0,2,2.0,3,1.0,2,3.0,4,3.0,2,3.0,2,2.0
410,Point,44,32,564050,138450,4,0,0.0,0,0,3,2.0,2,1.0,3,2.0,4,3.0,3,2.0,2,2.0
411,Point,44,33,564150,138450,4,0,0.0,0,0,3,2.0,2,1.0,3,2.0,4,3.0,3,2.0,2,2.0
412,Point,44,34,564250,138450,4,0,0.0,0,0,3,2.0,2,2.0,3,2.0,4,3.0,3,2.0,2,2.0
413,Point,44,35,564350,138450,4,0,0.0,0,0,3,2.0,3,2.0,3,2.0,4,3.0,3,2.0,2,2.0
414,Point,44,36,564450,138450,4,0,0.0,0,0,3,2.0,3,2.0,3,2.0,4,3.0,3,2.0,2,2.0
415,Point,44,37,564550,138450,4,0,0.0,0,0,3,2.0,3,2.0,3,2.0,4,3.0,2,2.0,1,2.0
416,Point,44,38,564650,138450,4,0,0.0,0,0,3,2.0,3,2.0,3,3.0,4,3.0,2,2.0,1,2.0
417,Point,44,39,564750,138450,4,0,0.0,0,0,2,2.0,3,2.0,3,3.0,4,3.0,2,2.0,1,2.0
418,Point,44,40,564850,138450,4,0,0.0,0,0,2,2.0,3,2.0,3,2.0,4,3.0,2,2.0,1,2.0
419,Point,44,41,564950,138450,4,0,0.0,0,0,2,2.0,3,2.0,3,2.0,4,3.0,2,2.0,1,1.0
420,Point,44,42,565050,138450,3,0,0.0,0,0,2,2.0,3,2.0,3,2.0,4,3.0,1,2.0,1,1.0
421,Point,44,43,565150,138450,3,0,0.0,0,0,1,1.0,3,2.0,3,2.0,4,3.0,1,2.0,0,1.0
422,Point,44,44,565250,138450,2,0,0.0,0,0,1,1.0,3,2.0,3,2.0,4,3.0,0,2.0,0,1.0
423,Point,44,45,565350,138450,2,0,0.0,0,0,1,2.0,3,2.0,2,2.0,4,3.0,0,2.0,0,1.0
424,Point,44,46,565450,138450,1,0,0.0,0,0,1,2.0,2,3.0,2,3.0,4,3.0,0,3.0,0,1.0
425,Point,44,47,565550,138450,1,0,0.0,0,0,1,2.0,2,3.0,2,3.0,4,3.0,0,3.0,0,1.0
426,Point,44,48,565650,138450,1,0,0.0,0,0,1,2.0,1,3.0,2,3.0,4,3.0,0,3.0,0,1.0
427,Point,44,49,565750,138450,0,0,0.0,0,0,0,3.0,1,3.0,2,3.0,4,3.0,0,4.0,0,1.0
428,Point,44,50,565850,138450,0,0,0.0,0,0,0,2.0,1,3.0,2,4.0,4,3.0,0,4.0,0,1.0
429,Point,44,51,565950,138450,1,0,0.0,0,0,0,2.0,1,3.0,2,4.0,4,3.0,1,4.0,0,1.0
430,Point,44,52,566050,138450,1,0,0.0,0,0,0,2.0,1,3.0,2,4.0,4,3.0,2,4.0,0,1.0
431,Point,44,53,566150,138450,2,0,0.0,0,0,0,2.0,1,3.0,2,4.0,4,3.0,3,4.0,0,1.0
432,Point,44,54,566250,138450,2,0,0.0,0,0,0,1.0,1,3.0,2,4.0,4,3.0,3,4.0,0,1.0
433,Point,44,55,566350,138450,1,0,0.0,0,0,0,1.0,1,3.0,2,4.0,4,3.0,3,4.0,0,0.0
434,Point,44,56,566450,138450,1,0,0.0,0,0,0,1.0,1,3.0,2,3.0,4,3.0,3,4.0,0,0.0
435,Point,44,57,566550,138450,1,0,0.0,0,0,0,0.0,1,3.0,2,3.0,4,3.0,3,4.0,1,0.0
436,Point,44,58,566650,138450,2,0,0.0,0,0,0,0.0,1,3.0,2,2.0,4,3.0,3,4.0,1,0.0
437,Point,44,59,566750,138450,2,0,0.0,0,0,0,1.0,1,3.0,2,2.0,4,3.0,3,4.0,1,0.0
438,Point,44,60,566850,138450,2,0,0.0,0,0,0,1.0,1,3.0,2,2.0,4,3.0,3,4.0,1,0.0
439,Point,44,61,566950,138450,2,0,0.0,0,0,0,1.0,0,3.0,2,1.0,4,3.0,3,4.0,1,0.0
440,Point,44,62,567050,138450,1,0,0.0,0,0,0,1.0,0,3.0,2,1.0,4,3.0,3,4.0,1,0.0
441,Point,44,63,567150,138450,1,0,0.0,0,0,1,2.0,0,3.0,2,1.0,4,3.0,3,4.0,1,0.0
442,Point,44,64,567250,138450,1,0,0.0,0,0,1,2.0,0,3.0,2,1.0,4,3.0,3,4.0,1,0.0
443,Point,44,65,567350,138450,0,0,0.0,0,0,2,2.0,1,3.0,2,1.0,4,3.0,3,4.0,1,0.0
444,Point,44,66,567450,138450,1,0,0.0,0,0,3,2.0,1,3.0,2,1.0,4,3.0,3,4.0,1,0.0
445,Point,44,67,567550,138450,1,0,0.0,0,0,3,1.0,2,2.0,2,0.0,0,3.0,3,3.0,1,0.0
446,Point,44,68,567650,138450,1,0,0.0,0,0,3,1.0,4,0.0,1,0.0,4,3.0,3,3.0,0,0.0
447,Point,44,69,567750,138450,2,0,0.0,0,0,4,0.0,4,0.0,1,0.0,4,3.0,2,3.0,0,0.0
448,Point,44,70,567850,138450,2,0,0.0,0,0,4,0.0,4,0.0,1,0.0,4,0.0,2,2.0,0,0.0
449,Point,44,71,567950,138450,2,0,0.0,0,0,4,0.0,4,0.0,1,0.0,4,0.0,1,2.0,0,0.0
450,Point,44,72,568050,138450,2,0,0.0,0,0,4,0.0,4,0.0,1,0.0,4,0.0,1,2.0,0,0.0
451,Point,44,73,568150,138450,2,0,0.0,0,0,4,0.0,4,0.0,1,0.0,4,0.0,1,2.0,0,0.0
452,Point,44,74,568250,138450,2,0,0.0,0,0,4,0.0,4,0.0,1,0.0,4,0.0,1,2.0,0,0.0
453,Point,44,75,568350,138450,1,0,0.0,0,0,4,0.0,4,0.0,0,0.0,4,3.0,1,2.0,0,0.0
454,Point,44,76,568450,138450,1,0,0.0,0,0,4,0.0,4,0.0,0,0.0,4,4.0,1,2.0,0,0.0
455,Point,44,77,568550,138450,2,0,0.0,0,0,4,0.0,4,0.0,0,0.0,0,4.0,1,2.0,0,0.0
456,Point,44,78,568650,138450,2,0,0.0,0,0,4,0.0,4,0.0,1,0.0,0,3.0,1,2.0,0,0.0
457,Point,44,79,568750,138450,2,0,0.0,0,0,4,0.0,1,0.0,1,0.0,0,3.0,1,2.0,1,0.0
458,Point,44,80,568850,138450,3,0,0.0,0,0,4,0.0,1,2.0,1,0.0,0,3.0,1,2.0,1,0.0
459,Point,44,81,568950,138450,3,0,0.0,0,0,4,0.0,0,3.0,1,0.0,0,3.0,2,2.0,1,0.0
460,Point,44,82,569050,138450,3,0,0.0,0,0,4,0.0,0,3.0,1,0.0,0,3.0,2,2.0,1,0.0
461,Point,44,83,569150,138450,4,0,0.0,0,0,4,0.0,0,3.0,1,0.0,0,3.0,2,2.0,1,0.0
462,Point,44,84,569250,138450,4,0,0.0,0,0,4,0.0,0,3.0,2,0.0,0,3.0,2,2.0,1,0.0
463,Point,44,85,569350,138450,4,0,0.0,0,0,4,1.0,0,3.0,2,0.0,4,3.0,2,2.0,1,0.0
464,Point,44,86,569450,138450,4,0,0.0,0,0,3,1.0,0,3.0,2,0.0,4,3.0,2,2.0,1,0.0
465,Point,44,87,569550,138450,4,0,0.0,0,0,3,1.0,0,2.0,2,1.0,4,3.0,3,2.0,1,0.0
466,Point,44,88,569650,138450,4,0,0.0,0,0,3,1.0,1,2.0,2,1.0,4,3.0,3,2.0,1,0.0
467,Point,44,89,569750,138450,4,0,0.0,0,0,3,1.0,1,1.0,3,1.0,4,3.0,3,2.0,1,0.0
468,Point,44,90,569850,138450,4,0,0.0,0,0,3,2.0,1,1.0,3,1.0,4,3.0,3,2.0,0,1.0
469,Point,44,91,569950,138450,4,0,0.0,0,0,3,2.0,1,1.0,3,1.0,4,3.0,3,2.0,0,1.0
470,Point,44,92,570050,138450,4,0,0.0,0,0,2,2.0,1,1.0,3,1.0,4,3.0,3,3.0,0,2.0
471,Point,44,93,570150,138450,4,0,0.0,0,0,2,1.0,1,2.0,3,2.0,4,3.0,3,3.0,0,2.0
472,Point,44,94,570250,138450,4,0,0.0,0,0,2,1.0,1,2.0,3,2.0,4,3.0,3,3.0,0,3.0
473,Point,44,95,570350,138450,3,0,0.0,0,0,2,1.0,1,2.0,2,2.0,4,3.0,3,3.0,0,3.0
474,Point,44,96,570450,138450,3,0,0.0,0,0,2,1.0,1,1.0,2,2.0,4,3.0,3,3.0,0,3.0
475,Point,44,97,570550,138450,3,0,0.0,0,0,1,1.0,1,1.0,2,3.0,4,3.0,2,3.0,0,3.0
476,Point,44,98,570650,138450,3,0,0.0,0,0,1,1.0,2,1.0,2,3.0,4,3.0,2,3.0,0,3.0
477,Point,44,99,570750,138450,3,0,0.0,0,0,1,1.0,3,1.0,2,3.0,4,3.0,2,3.0,0,3.0
478,Point,44,100,570850,138450,3,0,0.0,0,0,1,1.0,3,1.0,1,3.0,4,3.0,2,3.0,0,3.0
479,Point,44,101,570950,138450,3,0,0.0,0,0,1,1.0,3,1.0,1,3.0,4,3.0,2,3.0,0,3.0
480,Point,44,102,571050,138450,3,0,0.0,0,0,1,1.0,3,1.0,1,2.0,4,3.0,2,3.0,1,3.0
481,Point,44,103,571150,138450,2,0,0.0,0,0,1,2.0,3,1.0,1,2.0,4,3.0,2,3.0,1,3.0
482,Point,44,104,571250,138450,2,0,0.0,0,0,1,2.0,3,1.0,1,2.0,4,3.0,1,3.0,1,2.0
483,Point,44,105,571350,138450,2,0,0.0,0,0,1,2.0,3,1.0,1,2.0,4,3.0,1,4.0,1,3.0
484,Point,44,106,571450,138450,2,0,0.0,0,0,1,3.0,3,1.0,1,2.0,4,3.0,1,4.0,1,3.0
485,Point,44,107,571550,138450,2,0,0.0,0,0,1,3.0,3,1.0,1,2.0,4,3.0,1,4.0,1,3.0
486,Point,44,108,571650,138450,2,0,0.0,0,0,1,3.0,3,1.0,1,2.0,4,3.0,1,3.0,2,3.0
487,Point,44,109,571750,138450,2,0,0.0,0,0,1,3.0,3,1.0,1,2.0,4,3.0,1,3.0,2,3.0
488,Point,44,110,571850,138450,3,0,0.0,0,0,2,3.0,3,1.0,1,2.0,4,3.0,2,3.0,2,3.0
489,Point,44,111,571950,138450,3,0,0.0,0,0,2,3.0,3,1.0,1,3.0,4,3.0,2,3.0,2,3.0
490,Point,44,112,572050,138450,3,0,0.0,0,0,2,2.0,3,1.0,1,3.0,4,3.0,2,3.0,2,2.0
491,Point,44,113,572150,138450,4,0,0.0,0,0,2,2.0,3,1.0,2,3.0,4,3.0,2,3.0,2,2.0
492,Point,45,32,564050,138350,4,0,0.0,0,0,3,2.0,2,1.0,3,2.0,4,3.0,3,2.0,2,2.0
493,Point,45,33,564150,138350,4,0,0.0,0,0,3,2.0,2,1.0,3,2.0,4,3.0,3,2.0,2,2.0
494,Point,45,34,564250,138350,4,0,0.0,0,0,3,2.0,2,2.0,3,2.0,4,3.0,3,2.0,2,2.0
495,Point,45,35,564350,138350,4,0,0.0,0,0,3,2.0,3,2.0,3,2.0,4,3.0,3,2.0,2,2.0
496,Point,45,36,564450,138350,4,0,0.0,0,0,3,2.0,3,2.0,3,2.0,4,3.0,3,2.0,2,2.0
497,Point,45,37,564550,138350,4,0,0.0,0,0,3,2.0,3,2.0,3,2.0,4,3.0,2,2.0,1,2.0
498,Point,45,38,564650,138350,4,0,0.0,0,0,3,2.0,3,2.0,3,3.0,4,3.0,2,2.0,1,2.0
499,Point,45,39,564750,138350,4,0,0.0,0,0,2,2.0,3,2.0,2,2.0,4,3.0,2,2.0,1,2.0
500,Point,45,40,564850,138350,4,0,0.0,0,0,2,2.0,3,2.0,2,2.0,4,3.0,2,2.0,1,2.0
501,Point,45,41,564950,138350,4,0,0.0,0,0,2,1.0,3,2.0,3,2.0,4,3.0,2,2.0,1,2.0
502,Point,45,42,565050,138350,3,0,0.0,0,0,1,1.0,3,2.0,3,2.0,4,3.0,1,2.0,1,1.0
503,Point,45,43,565150,138350,3,0,0.0,0,0,1,1.0,3,2.0,3,2.0,4,3.0,1,2.0,0,1.0
504,Point,45,44,565250,138350,2,0,0.0,0,0,1,2.0,3,2.0,2,2.0,4,3.0,0,2.0,0,1.0
505,Point,45,45,565350,138350,2,0,0.0,0,0,1,2.0,3,3.0,2,2.0,4,3.0,0,2.0,0,1.0
506,Point,45,46,565450,138350,1,0,0.0,0,0,1,2.0,2,3.0,2,3.0,4,3.0,0,3.0,0,1.0
507,Point,45,47,565550,138350,1,0,0.0,0,0,1,3.0,1,3.0,2,3.0,4,3.0,0,3.0,0,1.0
508,Point,45,48,565650,138350,0,0,0.0,0,0,0,3.0,1,3.0,2,3.0,4,3.0,0,4.0,0,2.0
509,Point,45,49,565750,138350,0,0,0.0,0,0,0,3.0,1,3.0,2,3.0,4,3.0,0,4.0,0,2.0
510,Point,45,50,565850,138350,0,0,0.0,0,0,0,3.0,1,3.0,2,4.0,4,3.0,0,4.0,0,2.0
511,Point,45,51,565950,138350,0,0,0.0,0,0,0,3.0,1,3.0,2,4.0,4,3.0,2,4.0,0,1.0
512,Point,45,52,566050,138350,1,0,0.0,0,0,0,3.0,1,3.0,2,4.0,4,3.0,3,4.0,0,1.0
513,Point,45,53,566150,138350,1,0,0.0,0,0,0,2.0,1,3.0,2,4.0,4,3.0,3,4.0,0,1.0
514,Point,45,54,566250,138350,1,0,0.0,0,0,0,1.0,1,3.0,1,4.0,4,3.0,3,4.0,0,1.0
515,Point,45,55,566350,138350,1,0,0.0,0,0,0,1.0,1,3.0,1,3.0,4,3.0,4,4.0,0,1.0
516,Point,45,56,566450,138350,1,0,0.0,0,0,0,1.0,1,3.0,1,3.0,4,3.0,4,4.0,0,0.0
517,Point,45,57,566550,138350,1,0,0.0,0,0,0,1.0,1,3.0,1,3.0,4,3.0,4,4.0,0,0.0
518,Point,45,58,566650,138350,1,0,0.0,0,0,0,1.0,1,3.0,1,2.0,4,3.0,4,4.0,0,0.0
519,Point,45,59,566750,138350,1,0,0.0,0,0,0,1.0,0,3.0,1,2.0,4,3.0,4,4.0,1,0.0
520,Point,45,60,566850,138350,2,0,0.0,0,0,0,1.0,0,4.0,1,2.0,4,3.0,4,4.0,1,0.0
521,Point,45,61,566950,138350,2,0,0.0,0,0,0,1.0,0,4.0,2,1.0,4,3.0,4,4.0,1,0.0
522,Point,45,62,567050,138350,2,0,0.0,0,0,0,1.0,0,4.0,2,1.0,4,3.0,4,4.0,1,0.0
523,Point,45,63,567150,138350,1,0,0.0,0,0,1,2.0,0,4.0,2,1.0,4,3.0,4,4.0,1,0.0
524,Point,45,64,567250,138350,1,0,0.0,0,0,2,2.0,0,4.0,2,1.0,4,3.0,3,4.0,1,0.0
525,Point,45,65,567350,138350,1,0,0.0,0,0,3,2.0,0,3.0,2,1.0,0,3.0,3,4.0,1,0.0
526,Point,45,66,567450,138350,1,0,0.0,0,0,3,1.0,1,3.0,2,1.0,0,4.0,3,4.0,0,0.0
527,Point,45,67,567550,138350,1,0,0.0,0,0,3,1.0,2,2.0,1,0.0,0,4.0,3,4.0,0,0.0
528,Point,45,68,567650,138350,2,0,0.0,0,0,3,1.0,4,0.0,1,0.0,4,4.0,3,3.0,0,0.0
529,Point,45,69,567750,138350,2,0,0.0,0,0,4,0.0,4,0.0,1,0.0,4,4.0,3,3.0,0,0.0
530,Point,45,70,567850,138350,2,0,0.0,0,0,4,0.0,4,0.0,1,0.0,4,3.0,2,3.0,0,0.0
531,Point,45,71,567950,138350,2,0,0.0,0,0,4,0.0,4,0.0,1,0.0,4,0.0,1,2.0,0,0.0
532,Point,45,72,568050,138350,2,0,0.0,0,0,4,0.0,4,0.0,1,0.0,4,0.0,1,2.0,0,0.0
533,Point,45,73,568150,138350,1,0,0.0,0,0,4,0.0,4,0.0,0,0.0,4,0.0,1,2.0,0,0.0
534,Point,45,74,568250,138350,1,0,0.0,0,0,4,0.0,4,0.0,0,0.0,4,0.0,1,2.0,0,0.0
535,Point,45,75,568350,138350,1,0,0.0,0,0,4,0.0,4,0.0,0,0.0,4,0.0,0,2.0,0,0.0
536,Point,45,76,568450,138350,1,0,0.0,0,0,4,0.0,4,0.0,0,0.0,4,4.0,0,2.0,0,0.0
537,Point,45,77,568550,138350,1,0,0.0,0,0,4,0.0,4,0.0,0,0.0,0,4.0,1,2.0,0,0.0
538,Point,45,78,568650,138350,1,0,0.0,0,0,4,0.0,4,0.0,0,0.0,0,4.0,1,2.0,0,0.0
539,Point,45,79,568750,138350,2,0,0.0,0,0,4,0.0,1,1.0,1,0.0,0,0.0,1,2.0,0,0.0
540,Point,45,80,568850,138350,2,0,0.0,0,0,4,0.0,1,3.0,1,0.0,0,0.0,1,2.0,0,0.0
541,Point,45,81,568950,138350,3,0,0.0,0,0,4,0.0,0,3.0,1,0.0,0,0.0,2,2.0,1,0.0
542,Point,45,82,569050,138350,3,0,0.0,0,0,4,0.0,0,3.0,1,0.0,0,0.0,2,2.0,1,0.0
543,Point,45,83,569150,138350,4,0,0.0,0,0,4,0.0,0,3.0,1,0.0,0,3.0,2,2.0,1,0.0
544,Point,45,84,569250,138350,4,0,0.0,0,0,4,0.0,0,3.0,1,0.0,0,3.0,2,2.0,1,0.0
545,Point,45,85,569350,138350,4,0,0.0,0,0,3,1.0,0,3.0,2,0.0,0,3.0,2,2.0,1,0.0
546,Point,45,86,569450,138350,4,0,0.0,0,0,3,1.0,0,3.0,2,0.0,4,3.0,2,2.0,1,0.0
547,Point,45,87,569550,138350,4,0,0.0,0,0,3,1.0,0,3.0,2,1.0,4,3.0,3,2.0,1,0.0
548,Point,45,88,569650,138350,4,0,0.0,0,0,3,1.0,0,3.0,2,1.0,4,3.0,3,2.0,0,0.0
549,Point,45,89,569750,138350,4,0,0.0,0,0,3,1.0,0,2.0,2,1.0,4,3.0,3,2.0,0,1.0
550,Point,45,90,569850,138350,4,0,0.0,0,0,3,1.0,1,2.0,3,1.0,4,3.0,3,2.0,0,1.0
551,Point,45,91,569950,138350,4,0,0.0,0,0,3,2.0,1,1.0,3,1.0,4,3.0,3,2.0,0,1.0
552,Point,45,92,570050,138350,4,0,0.0,0,0,3,1.0,1,2.0,3,1.0,4,3.0,3,3.0,0,2.0
553,Point,45,93,570150,138350,4,0,0.0,0,0,2,1.0,1,2.0,3,2.0,4,3.0,3,3.0,0,3.0
554,Point,45,94,570250,138350,4,0,0.0,0,0,2,1.0,1,2.0,3,2.0,4,3.0,3,3.0,0,3.0
555,Point,45,95,570350,138350,4,0,0.0,0,0,2,1.0,1,2.0,2,2.0,4,3.0,3,3.0,0,3.0
556,Point,45,96,570450,138350,4,0,0.0,0,0,2,1.0,1,2.0,2,2.0,4,3.0,2,3.0,0,3.0
557,Point,45,97,570550,138350,4,0,0.0,0,0,1,1.0,1,1.0,2,3.0,4,3.0,2,3.0,0,3.0
558,Point,45,98,570650,138350,3,0,0.0,0,0,1,1.0,1,1.0,2,3.0,4,3.0,2,3.0,0,3.0
559,Point,45,99,570750,138350,4,0,0.0,0,0,1,1.0,2,1.0,1,3.0,4,3.0,2,3.0,0,3.0
560,Point,45,100,570850,138350,3,0,0.0,0,0,1,1.0,2,1.0,1,3.0,4,3.0,2,3.0,0,3.0
561,Point,45,101,570950,138350,3,0,0.0,0,0,1,1.0,3,1.0,1,2.0,4,3.0,2,3.0,0,3.0
562,Point,45,102,571050,138350,2,0,0.0,0,0,1,1.0,3,1.0,1,2.0,4,3.0,1,3.0,0,3.0
563,Point,45,103,571150,138350,2,0,0.0,0,0,1,2.0,3,1.0,1,2.0,4,3.0,1,4.0,1,3.0
564,Point,45,104,571250,138350,2,0,0.0,0,0,1,2.0,3,1.0,1,2.0,4,3.0,1,4.0,1,3.0
565,Point,45,105,571350,138350,2,0,0.0,0,0,1,3.0,3,1.0,0,2.0,4,3.0,1,4.0,1,3.0
566,Point,45,106,571450,138350,1,0,0.0,0,0,1,3.0,3,1.0,0,1.0,4,3.0,1,4.0,1,3.0
567,Point,45,107,571550,138350,1,0,0.0,0,0,1,3.0,3,1.0,0,1.0,4,3.0,1,4.0,1,3.0
568,Point,45,108,571650,138350,2,0,0.0,0,0,1,3.0,3,1.0,0,2.0,4,3.0,1,4.0,2,3.0
569,Point,45,109,571750,138350,2,0,0.0,0,0,1,3.0,3,1.0,1,2.0,4,3.0,1,4.0,2,3.0
570,Point,45,110,571850,138350,2,0,0.0,0,0,1,3.0,3,1.0,1,2.0,4,3.0,1,3.0,2,3.0
571,Point,45,111,571950,138350,3,0,0.0,0,0,2,3.0,3,1.0,1,2.0,4,3.0,2,3.0,2,3.0
572,Point,45,112,572050,138350,3,0,0.0,0,0,2,3.0,3,1.0,1,3.0,4,3.0,2,3.0,2,3.0
573,Point,45,113,572150,138350,3,0,0.0,0,0,2,2.0,3,1.0,1,3.0,4,3.0,2,3.0,2,2.0
574,Point,46,32,564050,138250,4,0,0.0,0,0,3,2.0,2,1.0,3,2.0,4,3.0,3,2.0,2,2.0
575,Point,46,33,564150,138250,4,0,0.0,0,0,3,2.0,2,2.0,3,2.0,4,3.0,3,2.0,2,2.0
576,Point,46,34,564250,138250,4,0,0.0,0,0,3,2.0,3,2.0,3,2.0,4,3.0,3,2.0,2,2.0
577,Point,46,35,564350,138250,4,0,0.0,0,0,3,2.0,3,2.0,3,2.0,4,3.0,3,2.0,2,2.0
578,Point,46,36,564450,138250,4,0,0.0,0,0,3,2.0,3,2.0,3,2.0,4,3.0,3,2.0,2,2.0
579,Point,46,37,564550,138250,4,0,0.0,0,0,3,2.0,3,2.0,3,3.0,4,3.0,2,2.0,1,2.0
580,Point,46,38,564650,138250,4,0,0.0,0,0,2,2.0,3,2.0,2,2.0,4,3.0,2,2.0,1,2.0
581,Point,46,39,564750,138250,4,0,0.0,0,0,2,2.0,3,2.0,2,2.0,4,3.0,2,2.0,1,2.0
582,Point,46,40,564850,138250,4,0,0.0,0,0,2,1.0,3,2.0,3,2.0,4,3.0,2,2.0,1,2.0
583,Point,46,41,564950,138250,4,0,0.0,0,0,1,1.0,3,2.0,3,2.0,4,3.0,1,2.0,1,2.0
584,Point,46,42,565050,138250,3,0,0.0,0,0,1,1.0,3,2.0,3,2.0,4,3.0,1,2.0,0,2.0
585,Point,46,43,565150,138250,3,0,0.0,0,0,1,1.0,3,2.0,2,2.0,4,3.0,1,2.0,0,2.0
586,Point,46,44,565250,138250,2,0,0.0,0,0,1,2.0,3,3.0,2,2.0,4,3.0,0,3.0,0,2.0
587,Point,46,45,565350,138250,2,0,0.0,0,0,1,2.0,2,3.0,2,3.0,4,3.0,0,3.0,0,2.0
588,Point,46,46,565450,138250,1,0,0.0,0,0,1,2.0,1,3.0,2,3.0,4,3.0,0,3.0,0,2.0
589,Point,46,47,565550,138250,1,0,0.0,0,0,1,3.0,1,3.0,2,3.0,4,3.0,0,4.0,0,2.0
590,Point,46,48,565650,138250,0,0,0.0,0,0,0,3.0,1,3.0,2,3.0,4,3.0,0,4.0,0,2.0
591,Point,46,49,565750,138250,0,0,0.0,0,0,0,3.0,1,3.0,2,4.0,4,3.0,0,4.0,0,2.0
592,Point,46,50,565850,138250,0,0,0.0,0,0,0,3.0,1,3.0,2,4.0,4,3.0,1,4.0,0,2.0
593,Point,46,51,565950,138250,0,0,0.0,0,0,0,3.0,1,3.0,2,4.0,4,3.0,3,4.0,0,2.0
594,Point,46,52,566050,138250,1,0,0.0,0,0,0,3.0,1,3.0,1,4.0,4,3.0,3,4.0,0,2.0
595,Point,46,53,566150,138250,1,0,0.0,0,0,0,2.0,0,3.0,1,4.0,4,3.0,3,4.0,0,1.0
596,Point,46,54,566250,138250,1,0,0.0,0,0,0,1.0,0,3.0,1,3.0,4,3.0,4,4.0,0,1.0
597,Point,46,55,566350,138250,1,0,0.0,0,0,0,1.0,0,4.0,1,3.0,4,3.0,4,4.0,0,1.0
598,Point,46,56,566450,138250,0,0,0.0,0,0,0,1.0,0,4.0,1,3.0,4,3.0,4,4.0,0,0.0
599,Point,46,57,566550,138250,0,0,0.0,0,0,0,1.0,0,4.0,1,2.0,4,3.0,4,4.0,0,0.0
600,Point,46,58,566650,138250,1,0,0.0,0,0,0,1.0,0,4.0,1,2.0,4,3.0,4,4.0,0,0.0
601,Point,46,59,566750,138250,1,0,0.0,0,0,0,1.0,0,4.0,1,2.0,4,3.0,4,4.0,0,0.0
602,Point,46,60,566850,138250,2,0,0.0,0,0,0,1.0,0,4.0,1,2.0,4,3.0,4,4.0,0,0.0
603,Point,46,61,566950,138250,2,0,0.0,0,0,0,1.0,0,4.0,1,1.0,4,3.0,4,4.0,0,0.0
604,Point,46,62,567050,138250,2,0,0.0,0,0,1,2.0,0,4.0,1,1.0,4,3.0,4,4.0,0,0.0
605,Point,46,63,567150,138250,2,0,0.0,0,0,1,2.0,0,4.0,1,1.0,0,3.0,4,4.0,0,0.0
606,Point,46,64,567250,138250,2,0,0.0,0,0,2,2.0,0,4.0,1,1.0,0,4.0,4,4.0,0,0.0
607,Point,46,65,567350,138250,1,0,0.0,0,0,3,1.0,0,3.0,1,1.0,0,4.0,4,4.0,0,0.0
608,Point,46,66,567450,138250,2,0,0.0,0,0,3,1.0,1,3.0,1,0.0,0,4.0,3,4.0,0,0.0
609,Point,46,67,567550,138250,2,0,0.0,0,0,3,1.0,1,2.0,1,0.0,0,4.0,3,4.0,0,0.0
610,Point,46,68,567650,138250,2,0,0.0,0,0,3,0.0,4,0.0,1,0.0,4,4.0,3,3.0,0,0.0
611,Point,46,69,567750,138250,2,0,0.0,0,0,4,0.0,4,0.0,1,0.0,4,4.0,3,3.0,0,0.0
612,Point,46,70,567850,138250,2,0,0.0,0,0,4,0.0,4,0.0,1,0.0,4,4.0,2,3.0,0,0.0
613,Point,46,71,567950,138250,2,0,0.0,0,0,4,0.0,4,0.0,1,0.0,4,0.0,1,3.0,0,0.0
614,Point,46,72,568050,138250,1,0,0.0,0,0,4,0.0,4,0.0,0,0.0,4,0.0,1,3.0,0,0.0
615,Point,46,73,568150,138250,1,0,0.0,0,0,4,0.0,4,0.0,0,0.0,4,0.0,0,2.0,0,0.0
616,Point,46,74,568250,138250,1,0,0.0,0,0,4,0.0,4,0.0,0,0.0,4,0.0,0,3.0,0,0.0
617,Point,46,75,568350,138250,0,0,0.0,0,0,4,0.0,4,0.0,0,0.0,4,0.0,0,2.0,0,0.0
618,Point,46,76,568450,138250,1,0,0.0,0,0,4,0.0,4,0.0,0,0.0,4,3.0,0,2.0,0,0.0
619,Point,46,77,568550,138250,1,0,0.0,0,0,4,0.0,4,0.0,0,0.0,4,4.0,0,2.0,0,0.0
620,Point,46,78,568650,138250,1,0,0.0,0,0,4,0.0,4,0.0,0,0.0,0,4.0,1,2.0,0,0.0
621,Point,46,79,568750,138250,2,0,0.0,0,0,4,0.0,1,0.0,0,0.0,0,0.0,1,2.0,0,0.0
622,Point,46,80,568850,138250,2,0,0.0,0,0,4,0.0,1,2.0,1,0.0,0,0.0,1,2.0,0,0.0
623,Point,46,81,568950,138250,2,0,0.0,0,0,4,0.0,0,3.0,1,0.0,0,0.0,1,2.0,0,0.0
624,Point,46,82,569050,138250,3,0,0.0,0,0,4,0.0,0,3.0,1,0.0,0,0.0,2,2.0,1,0.0
625,Point,46,83,569150,138250,3,0,0.0,0,0,4,0.0,0,3.0,1,0.0,0,0.0,2,2.0,1,0.0
626,Point,46,84,569250,138250,4,0,0.0,0,0,3,0.0,0,3.0,1,0.0,0,3.0,2,2.0,1,0.0
627,Point,46,85,569350,138250,4,0,0.0,0,0,3,0.0,0,3.0,2,0.0,0,3.0,2,2.0,1,0.0
628,Point,46,86,569450,138250,4,0,0.0,0,0,3,1.0,0,3.0,2,0.0,0,3.0,2,2.0,1,0.0
629,Point,46,87,569550,138250,4,0,0.0,0,0,3,1.0,0,3.0,2,1.0,4,3.0,3,2.0,0,0.0
630,Point,46,88,569650,138250,4,0,0.0,0,0,3,1.0,0,3.0,2,1.0,4,3.0,3,2.0,0,0.0
631,Point,46,89,569750,138250,4,0,0.0,0,0,3,1.0,0,3.0,2,1.0,4,3.0,3,2.0,0,1.0
632,Point,46,90,569850,138250,4,0,0.0,0,0,3,1.0,0,3.0,3,1.0,4,3.0,3,2.0,0,1.0
633,Point,46,91,569950,138250,4,0,0.0,0,0,3,1.0,1,2.0,3,1.0,4,3.0,3,3.0,0,2.0
634,Point,46,92,570050,138250,4,0,0.0,0,0,3,1.0,1,2.0,3,1.0,4,3.0,3,3.0,0,3.0
635,Point,46,93,570150,138250,4,0,0.0,0,0,2,1.0,1,2.0,3,2.0,4,3.0,3,3.0,0,3.0
636,Point,46,94,570250,138250,4,0,0.0,0,0,2,1.0,1,2.0,2,2.0,4,3.0,3,3.0,0,3.0
637,Point,46,95,570350,138250,4,0,0.0,0,0,2,1.0,1,2.0,2,2.0,4,3.0,3,3.0,0,3.0
638,Point,46,96,570450,138250,4,0,0.0,0,0,2,1.0,1,2.0,2,2.0,4,3.0,2,3.0,0,3.0
639,Point,46,97,570550,138250,4,0,0.0,0,0,1,1.0,1,2.0,2,3.0,4,3.0,2,3.0,0,3.0
640,Point,46,98,570650,138250,4,0,0.0,0,0,1,1.0,1,1.0,2,3.0,4,3.0,2,3.0,0,3.0
641,Point,46,99,570750,138250,3,0,0.0,0,0,1,1.0,1,1.0,1,3.0,4,3.0,2,3.0,0,3.0
642,Point,46,100,570850,138250,3,0,0.0,0,0,1,1.0,2,1.0,1,2.0,4,3.0,2,3.0,0,3.0
643,Point,46,101,570950,138250,2,0,0.0,0,0,1,1.0,2,1.0,1,2.0,4,3.0,1,3.0,0,3.0
644,Point,46,102,571050,138250,2,0,0.0,0,0,1,2.0,3,1.0,1,2.0,4,3.0,1,4.0,0,3.0
645,Point,46,103,571150,138250,2,0,0.0,0,0,1,2.0,3,1.0,0,2.0,4,3.0,1,4.0,1,3.0
646,Point,46,104,571250,138250,1,0,0.0,0,0,0,3.0,3,1.0,0,1.0,4,3.0,1,4.0,1,3.0
647,Point,46,105,571350,138250,1,0,0.0,0,0,0,3.0,3,1.0,0,1.0,4,3.0,0,4.0,1,3.0
648,Point,46,106,571450,138250,1,0,0.0,0,0,0,3.0,3,1.0,0,1.0,4,3.0,0,4.0,1,3.0
649,Point,46,107,571550,138250,1,0,0.0,0,0,1,3.0,3,1.0,0,1.0,4,3.0,0,4.0,1,3.0
650,Point,46,108,571650,138250,1,0,0.0,0,0,1,3.0,3,1.0,0,1.0,4,3.0,1,4.0,2,3.0
651,Point,46,109,571750,138250,1,0,0.0,0,0,1,3.0,3,1.0,0,1.0,4,3.0,1,4.0,2,3.0
652,Point,46,110,571850,138250,2,0,0.0,0,0,1,3.0,3,1.0,1,2.0,4,3.0,1,4.0,2,3.0
653,Point,46,111,571950,138250,2,0,0.0,0,0,2,3.0,3,1.0,1,2.0,4,3.0,1,3.0,2,3.0
654,Point,46,112,572050,138250,3,0,0.0,0,0,2,3.0,3,1.0,1,2.0,4,3.0,2,3.0,2,3.0
655,Point,46,113,572150,138250,3,0,0.0,0,0,2,2.0,3,1.0,1,3.0,4,3.0,2,3.0,2,2.0
656,Point,47,32,564050,138150,4,0,0.0,0,0,3,2.0,2,1.0,3,2.0,4,3.0,3,2.0,2,2.0
657,Point,47,33,564150,138150,4,0,0.0,0,0,3,2.0,2,2.0,3,2.0,4,3.0,3,2.0,2,2.0
658,Point,47,34,564250,138150,4,0,0.0,0,0,3,2.0,3,2.0,3,2.0,4,3.0,3,2.0,2,2.0
659,Point,47,35,564350,138150,4,0,0.0,0,0,3,2.0,3,2.0,3,2.0,4,3.0,3,2.0,2,2.0
660,Point,47,36,564450,138150,4,0,0.0,0,0,3,2.0,3,2.0,3,2.0,4,3.0,3,2.0,1,2.0
661,Point,47,37,564550,138150,4,0,0.0,0,0,3,2.0,3,2.0,2,2.0,4,3.0,2,2.0,1,2.0
662,Point,47,38,564650,138150,4,0,0.0,0,0,2,2.0,3,2.0,2,2.0,4,3.0,2,2.0,1,2.0
663,Point,47,39,564750,138150,4,0,0.0,0,0,2,2.0,3,2.0,2,2.0,4,3.0,2,2.0,1,2.0
664,Point,47,40,564850,138150,4,0,0.0,0,0,2,1.0,3,2.0,3,2.0,4,3.0,2,2.0,1,2.0
665,Point,47,41,564950,138150,4,0,0.0,0,0,1,1.0,3,2.0,3,2.0,4,3.0,2,2.0,1,2.0
666,Point,47,42,565050,138150,3,0,0.0,0,0,1,1.0,3,2.0,2,2.0,4,3.0,1,2.0,0,2.0
667,Point,47,43,565150,138150,3,0,0.0,0,0,1,1.0,3,2.0,2,2.0,4,3.0,1,3.0,0,2.0
668,Point,47,44,565250,138150,2,0,0.0,0,0,1,1.0,2,3.0,2,2.0,4,3.0,1,3.0,0,2.0
669,Point,47,45,565350,138150,2,0,0.0,0,0,1,2.0,1,3.0,2,3.0,4,3.0,1,3.0,0,2.0
670,Point,47,46,565450,138150,1,0,0.0,0,0,1,2.0,1,3.0,2,3.0,4,3.0,0,4.0,0,2.0
671,Point,47,47,565550,138150,1,0,0.0,0,0,0,2.0,1,3.0,2,3.0,4,3.0,1,4.0,0,2.0
672,Point,47,48,565650,138150,0,0,0.0,0,0,0,3.0,1,3.0,2,3.0,4,3.0,1,4.0,0,3.0
673,Point,47,49,565750,138150,0,0,0.0,0,0,0,3.0,1,3.0,2,4.0,4,3.0,2,4.0,0,3.0
674,Point,47,50,565850,138150,0,0,0.0,0,0,0,3.0,1,3.0,1,4.0,4,3.0,3,4.0,0,3.0
675,Point,47,51,565950,138150,1,0,0.0,0,0,0,3.0,0,3.0,1,4.0,4,3.0,3,4.0,0,3.0
676,Point,47,52,566050,138150,1,0,0.0,0,0,0,3.0,0,4.0,1,4.0,4,3.0,4,4.0,0,2.0
677,Point,47,53,566150,138150,1,0,0.0,0,0,0,3.0,0,4.0,1,3.0,4,3.0,4,4.0,0,2.0
678,Point,47,54,566250,138150,1,0,0.0,0,0,0,2.0,0,4.0,1,3.0,4,3.0,4,4.0,0,1.0
679,Point,47,55,566350,138150,0,0,0.0,0,0,0,1.0,0,4.0,1,3.0,4,3.0,4,4.0,0,1.0
680,Point,47,56,566450,138150,0,0,0.0,0,0,0,1.0,0,4.0,1,2.0,4,3.0,4,4.0,0,1.0
681,Point,47,57,566550,138150,0,0,0.0,0,0,0,1.0,0,4.0,1,2.0,4,3.0,4,4.0,0,0.0
682,Point,47,58,566650,138150,0,0,0.0,0,0,0,1.0,0,4.0,1,2.0,4,3.0,4,4.0,0,0.0
683,Point,47,59,566750,138150,1,0,0.0,0,0,0,2.0,0,4.0,1,2.0,4,3.0,4,4.0,0,0.0
684,Point,47,60,566850,138150,1,0,0.0,0,0,0,1.0,0,4.0,1,1.0,4,3.0,3,4.0,0,0.0
685,Point,47,61,566950,138150,2,0,0.0,0,0,0,1.0,0,4.0,1,1.0,4,3.0,3,4.0,0,0.0
686,Point,47,62,567050,138150,2,0,0.0,0,0,1,2.0,0,4.0,1,1.0,0,3.0,3,4.0,0,0.0
687,Point,47,63,567150,138150,2,0,0.0,0,0,1,2.0,0,4.0,1,1.0,0,4.0,3,4.0,0,0.0
688,Point,47,64,567250,138150,2,0,0.0,0,0,2,1.0,0,4.0,1,1.0,0,4.0,3,4.0,0,0.0
689,Point,47,65,567350,138150,2,0,0.0,0,0,3,1.0,0,4.0,1,1.0,0,4.0,3,4.0,0,0.0
690,Point,47,66,567450,138150,2,0,0.0,0,0,3,1.0,0,3.0,1,0.0,0,4.0,3,4.0,0,0.0
691,Point,47,67,567550,138150,2,0,0.0,0,0,3,0.0,1,2.0,1,0.0,0,4.0,3,4.0,0,0.0
692,Point,47,68,567650,138150,2,0,0.0,0,0,3,0.0,4,0.0,1,0.0,4,4.0,3,3.0,0,0.0
693,Point,47,69,567750,138150,3,0,0.0,0,0,3,0.0,4,0.0,1,0.0,4,4.0,3,3.0,0,0.0
694,Point,47,70,567850,138150,2,0,0.0,0,0,4,0.0,4,0.0,1,0.0,4,4.0,3,3.0,0,0.0
695,Point,47,71,567950,138150,2,0,0.0,0,0,4,0.0,4,0.0,1,0.0,4,0.0,2,3.0,0,0.0
696,Point,47,72,568050,138150,1,0,0.0,0,0,4,0.0,4,0.0,0,0.0,4,0.0,1,3.0,0,0.0
697,Point,47,73,568150,138150,1,0,0.0,0,0,4,0.0,4,0.0,0,0.0,4,0.0,0,3.0,0,0.0
698,Point,47,74,568250,138150,0,0,0.0,0,0,4,0.0,4,0.0,0,0.0,4,0.0,0,3.0,0,0.0
699,Point,47,75,568350,138150,0,0,0.0,0,0,4,0.0,4,0.0,0,0.0,4,0.0,0,2.0,0,0.0
700,Point,47,76,568450,138150,0,0,0.0,0,0,4,0.0,4,0.0,0,0.0,4,0.0,0,2.0,0,0.0
701,Point,47,77,568550,138150,0,0,0.0,0,0,4,0.0,4,0.0,0,0.0,4,4.0,0,2.0,0,0.0
702,Point,47,78,568650,138150,1,0,0.0,0,0,4,0.0,4,0.0,0,0.0,0,4.0,0,2.0,0,0.0
703,Point,47,79,568750,138150,1,0,0.0,0,0,4,0.0,1,0.0,0,0.0,0,0.0,1,2.0,0,0.0
704,Point,47,80,568850,138150,2,0,0.0,0,0,4,0.0,0,2.0,1,0.0,0,0.0,1,2.0,0,0.0
705,Point,47,81,568950,138150,2,0,0.0,0,0,4,0.0,0,3.0,1,0.0,0,0.0,1,2.0,0,0.0
706,Point,47,82,569050,138150,3,0,0.0,0,0,4,0.0,0,3.0,1,0.0,0,0.0,2,2.0,0,0.0
707,Point,47,83,569150,138150,3,0,0.0,0,0,3,0.0,0,3.0,1,0.0,0,0.0,2,2.0,0,0.0
708,Point,47,84,569250,138150,3,0,0.0,0,0,3,0.0,0,3.0,1,0.0,0,0.0,2,2.0,1,0.0
709,Point,47,85,569350,138150,4,0,0.0,0,0,3,0.0,0,3.0,2,0.0,0,3.0,2,2.0,0,0.0
710,Point,47,86,569450,138150,4,0,0.0,0,0,3,0.0,0,4.0,2,0.0,0,3.0,2,2.0,0,0.0
711,Point,47,87,569550,138150,4,0,0.0,0,0,3,1.0,0,4.0,2,1.0,0,3.0,3,2.0,0,0.0
712,Point,47,88,569650,138150,4,0,0.0,0,0,3,1.0,0,3.0,2,1.0,4,3.0,3,2.0,0,1.0
713,Point,47,89,569750,138150,3,0,0.0,0,0,3,1.0,0,3.0,2,1.0,4,3.0,3,2.0,0,1.0
714,Point,47,90,569850,138150,3,0,0.0,0,0,3,1.0,0,3.0,3,1.0,4,3.0,3,2.0,0,2.0
715,Point,47,91,569950,138150,3,0,0.0,0,0,2,1.0,0,3.0,3,1.0,4,3.0,3,3.0,0,3.0
716,Point,47,92,570050,138150,3,0,0.0,0,0,2,1.0,0,3.0,3,1.0,4,3.0,3,3.0,0,3.0
717,Point,47,93,570150,138150,3,0,0.0,0,0,2,1.0,0,3.0,3,2.0,4,3.0,3,3.0,0,3.0
718,Point,47,94,570250,138150,3,0,0.0,0,0,2,1.0,0,3.0,2,2.0,4,3.0,3,3.0,0,3.0
719,Point,47,95,570350,138150,4,0,0.0,0,0,2,1.0,1,3.0,2,2.0,4,3.0,2,3.0,0,3.0
720,Point,47,96,570450,138150,4,0,0.0,0,0,2,1.0,1,2.0,2,2.0,4,3.0,2,3.0,0,3.0
721,Point,47,97,570550,138150,4,0,0.0,0,0,1,1.0,1,2.0,2,2.0,4,3.0,2,3.0,0,3.0
722,Point,47,98,570650,138150,4,0,0.0,0,0,1,1.0,1,2.0,1,3.0,4,3.0,2,3.0,0,3.0
723,Point,47,99,570750,138150,3,0,0.0,0,0,1,1.0,1,1.0,1,2.0,4,3.0,2,3.0,0,3.0
724,Point,47,100,570850,138150,3,0,0.0,0,0,1,1.0,1,1.0,1,2.0,4,3.0,2,3.0,0,3.0
725,Point,47,101,570950,138150,2,0,0.0,0,0,1,1.0,2,1.0,1,2.0,4,3.0,1,4.0,0,3.0
726,Point,47,102,571050,138150,2,0,0.0,0,0,1,2.0,3,1.0,0,1.0,4,3.0,1,4.0,0,3.0
727,Point,47,103,571150,138150,1,0,0.0,0,0,0,2.0,3,1.0,0,1.0,4,3.0,1,4.0,0,3.0
728,Point,47,104,571250,138150,1,0,0.0,0,0,0,3.0,3,1.0,0,1.0,4,3.0,0,4.0,1,3.0
729,Point,47,105,571350,138150,1,0,0.0,0,0,0,3.0,3,1.0,0,1.0,4,3.0,0,4.0,1,3.0
730,Point,47,106,571450,138150,0,0,0.0,0,0,0,3.0,3,1.0,0,0.0,4,3.0,0,4.0,1,3.0
731,Point,47,107,571550,138150,0,0,0.0,0,0,0,4.0,3,1.0,0,1.0,4,3.0,0,4.0,1,3.0
732,Point,47,108,571650,138150,1,0,0.0,0,0,0,3.0,3,1.0,0,1.0,4,3.0,0,4.0,1,3.0
733,Point,47,109,571750,138150,1,0,0.0,0,0,1,3.0,3,1.0,0,1.0,4,3.0,0,4.0,2,3.0
734,Point,47,110,571850,138150,2,0,0.0,0,0,1,3.0,3,1.0,0,1.0,4,3.0,1,4.0,2,3.0
735,Point,47,111,571950,138150,2,0,0.0,0,0,1,3.0,3,1.0,1,2.0,4,3.0,1,4.0,2,3.0
736,Point,47,112,572050,138150,3,0,0.0,0,0,2,3.0,3,1.0,1,2.0,4,3.0,1,3.0,2,3.0
737,Point,47,113,572150,138150,3,0,0.0,0,0,2,3.0,3,1.0,1,2.0,4,3.0,2,3.0,2,3.0
738,Point,48,32,564050,138050,4,0,0.0,0,0,3,2.0,2,1.0,3,2.0,4,3.0,3,2.0,2,2.0
739,Point,48,33,564150,138050,4,0,0.0,0,0,3,2.0,2,2.0,3,2.0,4,3.0,3,2.0,2,2.0
740,Point,48,34,564250,138050,4,0,0.0,0,0,3,2.0,3,2.0,3,2.0,4,3.0,3,2.0,2,3.0
741,Point,48,35,564350,138050,4,0,0.0,0,0,3,2.0,3,2.0,3,2.0,4,3.0,3,2.0,2,3.0
742,Point,48,36,564450,138050,4,0,0.0,0,0,3,2.0,3,2.0,2,2.0,4,3.0,3,2.0,1,3.0
743,Point,48,37,564550,138050,4,0,0.0,0,0,2,2.0,3,2.0,2,2.0,4,3.0,2,2.0,1,3.0
744,Point,48,38,564650,138050,4,0,0.0,0,0,2,2.0,3,2.0,2,2.0,4,3.0,2,2.0,1,3.0
745,Point,48,39,564750,138050,4,0,0.0,0,0,2,1.0,3,2.0,3,2.0,4,3.0,2,2.0,1,3.0
746,Point,48,40,564850,138050,4,0,0.0,0,0,1,1.0,3,2.0,3,2.0,4,3.0,2,2.0,1,2.0
747,Point,48,41,564950,138050,4,0,0.0,0,0,1,1.0,3,2.0,2,2.0,4,3.0,2,2.0,0,2.0
748,Point,48,42,565050,138050,3,0,0.0,0,0,1,1.0,3,2.0,2,2.0,4,3.0,2,3.0,0,2.0
749,Point,48,43,565150,138050,3,0,0.0,0,0,1,1.0,3,3.0,2,2.0,4,3.0,1,3.0,0,2.0
750,Point,48,44,565250,138050,2,0,0.0,0,0,1,1.0,2,3.0,2,3.0,4,3.0,1,3.0,0,2.0
751,Point,48,45,565350,138050,2,0,0.0,0,0,1,2.0,1,3.0,2,3.0,4,3.0,1,4.0,0,3.0
752,Point,48,46,565450,138050,1,0,0.0,0,0,1,2.0,1,3.0,2,3.0,4,3.0,2,4.0,0,3.0
753,Point,48,47,565550,138050,1,0,0.0,0,0,0,2.0,1,3.0,2,3.0,4,3.0,2,4.0,0,3.0
754,Point,48,48,565650,138050,1,0,0.0,0,0,0,3.0,1,3.0,2,3.0,4,3.0,3,4.0,0,3.0
755,Point,48,49,565750,138050,1,0,0.0,0,0,0,3.0,1,3.0,1,3.0,4,3.0,3,4.0,0,3.0
756,Point,48,50,565850,138050,1,0,0.0,0,0,0,3.0,0,3.0,1,3.0,4,3.0,3,4.0,0,3.0
757,Point,48,51,565950,138050,1,0,0.0,0,0,0,3.0,0,4.0,1,3.0,4,3.0,4,4.0,0,3.0
758,Point,48,52,566050,138050,1,0,0.0,0,0,0,3.0,0,4.0,1,3.0,4,3.0,4,4.0,0,3.0
759,Point,48,53,566150,138050,1,0,0.0,0,0,0,3.0,0,4.0,1,3.0,4,3.0,4,4.0,0,2.0
760,Point,48,54,566250,138050,1,0,0.0,0,0,0,3.0,0,4.0,1,2.0,4,3.0,4,4.0,0,2.0
761,Point,48,55,566350,138050,0,0,0.0,0,0,0,2.0,0,4.0,1,2.0,4,3.0,4,4.0,0,1.0
762,Point,48,56,566450,138050,0,0,0.0,0,0,0,2.0,0,4.0,1,2.0,4,3.0,4,4.0,0,1.0
763,Point,48,57,566550,138050,0,0,0.0,0,0,0,2.0,0,4.0,1,2.0,4,3.0,4,4.0,0,0.0
764,Point,48,58,566650,138050,0,0,0.0,0,0,0,2.0,0,4.0,1,1.0,4,3.0,3,4.0,0,0.0
765,Point,48,59,566750,138050,1,0,0.0,0,0,0,1.0,0,4.0,1,1.0,4,3.0,3,4.0,0,0.0
766,Point,48,60,566850,138050,1,0,0.0,0,0,0,1.0,0,0.0,1,1.0,4,3.0,3,4.0,0,0.0
767,Point,48,61,566950,138050,2,0,0.0,0,0,0,1.0,0,4.0,1,1.0,4,3.0,3,4.0,0,0.0
768,Point,48,62,567050,138050,2,0,0.0,0,0,1,1.0,0,4.0,1,1.0,0,4.0,3,4.0,0,0.0
769,Point,48,63,567150,138050,2,0,0.0,0,0,1,1.0,0,3.0,1,1.0,0,4.0,1,3.0,0,0.0
770,Point,48,64,567250,138050,2,0,0.0,0,0,2,1.0,0,4.0,1,1.0,0,4.0,0,2.0,0,0.0
771,Point,48,65,567350,138050,2,0,0.0,0,0,3,1.0,0,4.0,1,1.0,0,4.0,0,1.0,0,0.0
772,Point,48,66,567450,138050,2,0,0.0,0,0,3,1.0,0,3.0,1,0.0,0,4.0,0,1.0,0,0.0
773,Point,48,67,567550,138050,2,0,0.0,0,0,3,0.0,1,2.0,1,0.0,0,4.0,0,1.0,0,0.0
774,Point,48,68,567650,138050,2,0,0.0,0,0,3,0.0,4,0.0,1,0.0,4,4.0,2,3.0,0,0.0
775,Point,48,69,567750,138050,2,0,0.0,0,0,3,0.0,4,0.0,1,0.0,4,4.0,3,3.0,0,0.0
776,Point,48,70,567850,138050,2,0,0.0,0,0,4,0.0,4,0.0,1,0.0,4,4.0,2,3.0,0,0.0
777,Point,48,71,567950,138050,2,0,0.0,0,0,4,0.0,4,0.0,1,0.0,4,0.0,2,3.0,0,0.0
778,Point,48,72,568050,138050,1,0,0.0,0,0,4,0.0,4,0.0,0,0.0,4,0.0,1,3.0,0,0.0
779,Point,48,73,568150,138050,1,0,0.0,0,0,4,0.0,4,0.0,0,0.0,4,0.0,0,3.0,0,0.0
780,Point,48,74,568250,138050,0,0,0.0,0,0,4,0.0,4,0.0,0,0.0,4,0.0,0,3.0,0,0.0
781,Point,48,75,568350,138050,0,0,0.0,0,0,4,0.0,4,0.0,0,0.0,4,0.0,0,2.0,0,0.0
782,Point,48,76,568450,138050,0,0,0.0,0,0,4,0.0,4,0.0,0,0.0,4,0.0,0,2.0,0,0.0
783,Point,48,77,568550,138050,0,0,0.0,0,0,4,0.0,4,0.0,0,0.0,4,4.0,0,2.0,0,0.0
784,Point,48,78,568650,138050,1,0,0.0,0,0,4,0.0,4,0.0,0,0.0,0,4.0,0,2.0,0,0.0
785,Point,48,79,568750,138050,1,0,0.0,0,0,4,0.0,1,0.0,0,0.0,0,0.0,1,2.0,0,0.0
786,Point,48,80,568850,138050,2,0,0.0,0,0,4,0.0,0,2.0,1,0.0,0,0.0,1,2.0,0,0.0
787,Point,48,81,568950,138050,2,0,0.0,0,0,4,0.0,0,3.0,1,0.0,0,0.0,1,2.0,0,0.0
788,Point,48,82,569050,138050,2,0,0.0,0,0,4,0.0,0,3.0,1,0.0,0,0.0,2,2.0,0,0.0
789,Point,48,83,569150,138050,3,0,0.0,0,0,3,0.0,0,3.0,1,0.0,0,0.0,2,2.0,0,0.0
790,Point,48,84,569250,138050,3,0,0.0,0,0,3,0.0,0,3.0,1,0.0,0,0.0,2,2.0,0,0.0
791,Point,48,85,569350,138050,3,0,0.0,0,0,3,0.0,0,3.0,2,0.0,0,0.0,2,2.0,0,0.0
792,Point,48,86,569450,138050,4,0,0.0,0,0,3,0.0,0,3.0,2,0.0,0,3.0,2,2.0,0,0.0
793,Point,48,87,569550,138050,3,0,0.0,0,0,3,0.0,0,4.0,2,1.0,0,3.0,2,2.0,0,0.0
794,Point,48,88,569650,138050,3,0,0.0,0,0,3,1.0,0,4.0,2,1.0,0,3.0,3,2.0,0,1.0
795,Point,48,89,569750,138050,3,0,0.0,0,0,2,1.0,0,3.0,2,1.0,0,3.0,3,2.0,0,2.0
796,Point,48,90,569850,138050,3,0,0.0,0,0,2,1.0,0,3.0,3,1.0,4,3.0,3,2.0,0,3.0
797,Point,48,91,569950,138050,3,0,0.0,0,0,2,1.0,0,3.0,3,1.0,4,3.0,3,3.0,0,3.0
798,Point,48,92,570050,138050,3,0,0.0,0,0,2,1.0,0,3.0,3,1.0,4,3.0,3,3.0,0,3.0
799,Point,48,93,570150,138050,3,0,0.0,0,0,2,1.0,0,3.0,3,2.0,4,3.0,3,3.0,0,3.0
800,Point,48,94,570250,138050,3,0,0.0,0,0,2,1.0,0,3.0,2,2.0,4,3.0,2,3.0,0,3.0
801,Point,48,95,570350,138050,3,0,0.0,0,0,2,1.0,0,3.0,2,2.0,4,3.0,2,3.0,0,3.0
802,Point,48,96,570450,138050,3,0,0.0,0,0,2,1.0,0,3.0,2,2.0,4,3.0,2,3.0,0,3.0
803,Point,48,97,570550,138050,4,0,0.0,0,0,1,1.0,1,3.0,2,2.0,4,3.0,2,3.0,0,3.0
804,Point,48,98,570650,138050,4,0,0.0,0,0,1,1.0,1,2.0,1,2.0,4,3.0,2,3.0,0,3.0
805,Point,48,99,570750,138050,3,0,0.0,0,0,1,1.0,1,1.0,1,2.0,4,3.0,2,3.0,0,3.0
806,Point,48,100,570850,138050,3,0,0.0,0,0,1,1.0,1,1.0,1,2.0,4,3.0,1,3.0,0,3.0
807,Point,48,101,570950,138050,2,0,0.0,0,0,1,1.0,1,1.0,0,2.0,4,3.0,1,4.0,0,3.0
808,Point,48,102,571050,138050,2,0,0.0,0,0,0,2.0,2,1.0,0,1.0,4,3.0,1,4.0,0,3.0
809,Point,48,103,571150,138050,1,0,0.0,0,0,0,3.0,3,1.0,0,1.0,4,3.0,0,4.0,0,3.0
810,Point,48,104,571250,138050,1,0,0.0,0,0,0,3.0,3,1.0,0,0.0,4,3.0,0,4.0,1,3.0
811,Point,48,105,571350,138050,0,0,0.0,0,0,0,4.0,3,1.0,0,0.0,4,3.0,0,4.0,1,3.0
812,Point,48,106,571450,138050,0,0,0.0,0,0,0,4.0,3,1.0,0,0.0,4,3.0,0,4.0,1,3.0
813,Point,48,107,571550,138050,0,0,0.0,0,0,0,4.0,3,1.0,0,0.0,4,3.0,0,4.0,1,3.0
814,Point,48,108,571650,138050,0,0,0.0,0,0,0,4.0,3,1.0,0,0.0,4,3.0,0,4.0,1,3.0
815,Point,48,109,571750,138050,1,0,0.0,0,0,1,3.0,3,1.0,0,1.0,4,3.0,0,4.0,2,3.0
816,Point,48,110,571850,138050,1,0,0.0,0,0,1,3.0,3,1.0,0,1.0,4,3.0,1,4.0,2,3.0
817,Point,48,111,571950,138050,2,0,0.0,0,0,1,3.0,3,1.0,0,2.0,4,3.0,1,4.0,2,3.0
818,Point,48,112,572050,138050,2,0,0.0,0,0,2,3.0,3,1.0,1,2.0,4,3.0,1,3.0,2,3.0
819,Point,48,113,572150,138050,3,0,0.0,0,0,2,3.0,3,1.0,1,2.0,4,3.0,2,3.0,2,3.0
820,Point,49,32,564050,137950,4,0,0.0,0,0,3,2.0,2,2.0,3,2.0,4,3.0,3,2.0,2,3.0
821,Point,49,33,564150,137950,4,0,0.0,0,0,3,2.0,2,2.0,3,2.0,4,3.0,3,2.0,2,3.0
822,Point,49,34,564250,137950,4,0,0.0,0,0,3,2.0,3,2.0,3,2.0,4,3.0,3,2.0,2,3.0
823,Point,49,35,564350,137950,4,0,0.0,0,0,3,2.0,3,2.0,3,2.0,4,3.0,3,2.0,2,3.0
824,Point,49,36,564450,137950,4,0,0.0,0,0,3,2.0,3,2.0,2,2.0,4,3.0,3,2.0,1,3.0
825,Point,49,37,564550,137950,4,0,0.0,0,0,2,2.0,3,2.0,2,2.0,4,3.0,3,3.0,1,3.0
826,Point,49,38,564650,137950,4,0,0.0,0,0,2,1.0,3,2.0,3,2.0,4,3.0,2,3.0,1,3.0
827,Point,49,39,564750,137950,4,0,0.0,0,0,2,1.0,3,2.0,3,2.0,4,3.0,2,2.0,1,3.0
828,Point,49,40,564850,137950,4,0,0.0,0,0,1,1.0,3,2.0,3,2.0,4,3.0,2,3.0,1,3.0
829,Point,49,41,564950,137950,4,0,0.0,0,0,1,1.0,3,2.0,2,2.0,4,3.0,2,3.0,0,2.0
830,Point,49,42,565050,137950,3,0,0.0,0,0,1,1.0,3,2.0,2,2.0,4,3.0,2,3.0,0,2.0
831,Point,49,43,565150,137950,3,0,0.0,0,0,1,1.0,2,3.0,2,2.0,4,3.0,2,3.0,0,3.0
832,Point,49,44,565250,137950,3,0,0.0,0,0,1,1.0,2,3.0,2,3.0,4,3.0,2,4.0,0,3.0
833,Point,49,45,565350,137950,2,0,0.0,0,0,1,1.0,1,3.0,2,3.0,4,3.0,3,4.0,0,3.0
834,Point,49,46,565450,137950,2,0,0.0,0,0,1,2.0,1,3.0,2,3.0,4,3.0,3,4.0,0,3.0
835,Point,49,47,565550,137950,1,0,0.0,0,0,0,2.0,1,3.0,2,3.0,4,3.0,3,4.0,0,3.0
836,Point,49,48,565650,137950,1,0,0.0,0,0,0,2.0,1,3.0,1,3.0,4,3.0,3,4.0,0,3.0
837,Point,49,49,565750,137950,1,0,0.0,0,0,0,3.0,0,3.0,1,3.0,4,3.0,3,4.0,0,3.0
838,Point,49,50,565850,137950,1,0,0.0,0,0,0,3.0,0,4.0,1,3.0,4,3.0,4,4.0,0,3.0
839,Point,49,51,565950,137950,1,0,0.0,0,0,1,3.0,0,4.0,1,3.0,4,3.0,4,4.0,0,3.0
840,Point,49,52,566050,137950,1,0,0.0,0,0,1,3.0,0,4.0,1,2.0,4,3.0,4,4.0,0,3.0
841,Point,49,53,566150,137950,1,0,0.0,0,0,1,3.0,0,4.0,1,2.0,4,3.0,4,4.0,0,3.0
842,Point,49,54,566250,137950,1,0,0.0,0,0,0,3.0,0,4.0,0,2.0,4,3.0,4,4.0,0,2.0
843,Point,49,55,566350,137950,0,0,0.0,0,0,0,3.0,0,4.0,0,2.0,4,3.0,4,4.0,0,1.0
844,Point,49,56,566450,137950,0,0,0.0,0,0,0,3.0,0,4.0,0,1.0,4,3.0,3,4.0,0,1.0
845,Point,49,57,566550,137950,0,0,0.0,0,0,0,3.0,0,4.0,0,1.0,4,3.0,3,4.0,0,0.0
846,Point,49,58,566650,137950,1,0,0.0,0,0,0,1.0,0,4.0,0,1.0,4,3.0,3,4.0,0,0.0
847,Point,49,59,566750,137950,1,0,0.0,0,0,0,0.0,0,4.0,0,1.0,4,3.0,3,4.0,0,0.0
848,Point,49,60,566850,137950,1,0,0.0,0,0,0,0.0,0,0.0,0,1.0,4,3.0,3,4.0,0,0.0
849,Point,49,61,566950,137950,1,0,0.0,0,0,0,0.0,0,4.0,1,1.0,0,3.0,2,4.0,0,0.0
850,Point,49,62,567050,137950,2,0,0.0,0,0,1,0.0,0,4.0,1,1.0,0,4.0,1,3.0,0,0.0
851,Point,49,63,567150,137950,1,0,0.0,0,0,1,1.0,0,3.0,1,1.0,0,4.0,0,1.0,0,0.0
852,Point,49,64,567250,137950,1,0,0.0,0,0,2,1.0,0,3.0,1,1.0,0,0.0,0,1.0,0,0.0
853,Point,49,65,567350,137950,1,0,0.0,0,0,3,1.0,0,4.0,1,1.0,0,0.0,0,1.0,0,0.0
854,Point,49,66,567450,137950,1,0,0.0,0,0,3,1.0,0,3.0,1,0.0,0,0.0,0,1.0,0,0.0
855,Point,49,67,567550,137950,1,0,0.0,0,0,3,0.0,1,2.0,1,0.0,0,4.0,0,1.0,0,0.0
856,Point,49,68,567650,137950,2,0,0.0,0,0,3,0.0,4,0.0,1,0.0,4,4.0,0,1.0,0,0.0
857,Point,49,69,567750,137950,2,0,0.0,0,0,3,0.0,4,0.0,1,0.0,4,4.0,0,1.0,0,0.0
858,Point,49,70,567850,137950,2,0,0.0,0,0,4,0.0,4,0.0,1,0.0,4,0.0,1,1.0,0,0.0
859,Point,49,71,567950,137950,1,0,0.0,0,0,4,0.0,4,0.0,1,0.0,4,0.0,1,2.0,0,0.0
860,Point,49,72,568050,137950,1,0,0.0,0,0,4,0.0,4,0.0,0,0.0,4,0.0,1,3.0,0,0.0
861,Point,49,73,568150,137950,1,0,0.0,0,0,4,0.0,4,0.0,0,0.0,4,0.0,0,3.0,0,0.0
862,Point,49,74,568250,137950,0,0,0.0,0,0,4,0.0,4,0.0,0,0.0,4,0.0,0,3.0,0,0.0
863,Point,49,75,568350,137950,0,0,0.0,0,0,4,0.0,4,0.0,0,0.0,4,0.0,0,2.0,0,0.0
864,Point,49,76,568450,137950,0,0,0.0,0,0,4,0.0,4,0.0,0,0.0,4,0.0,0,2.0,0,0.0
865,Point,49,77,568550,137950,0,0,0.0,0,0,4,0.0,4,0.0,0,0.0,4,4.0,0,2.0,0,0.0
866,Point,49,78,568650,137950,1,0,0.0,0,0,4,0.0,3,0.0,0,0.0,0,4.0,0,2.0,0,0.0
867,Point,49,79,568750,137950,1,0,0.0,0,0,4,0.0,0,1.0,0,0.0,0,0.0,1,2.0,0,0.0
868,Point,49,80,568850,137950,1,0,0.0,0,0,4,0.0,0,2.0,1,0.0,0,0.0,1,2.0,0,0.0
869,Point,49,81,568950,137950,1,0,0.0,0,0,4,0.0,0,3.0,1,0.0,0,0.0,1,2.0,0,0.0
870,Point,49,82,569050,137950,2,0,0.0,0,0,4,0.0,0,3.0,1,0.0,0,0.0,2,2.0,0,0.0
871,Point,49,83,569150,137950,2,0,0.0,0,0,3,0.0,0,3.0,1,0.0,0,0.0,2,2.0,0,0.0
872,Point,49,84,569250,137950,3,0,0.0,0,0,3,0.0,0,0.0,1,0.0,0,0.0,2,2.0,0,0.0
873,Point,49,85,569350,137950,3,0,0.0,0,0,3,0.0,0,0.0,2,0.0,0,0.0,2,2.0,0,0.0
874,Point,49,86,569450,137950,3,0,0.0,0,0,3,0.0,0,0.0,2,0.0,0,3.0,2,2.0,0,0.0
875,Point,49,87,569550,137950,3,0,0.0,0,0,3,0.0,0,3.0,2,1.0,0,4.0,2,2.0,0,1.0
876,Point,49,88,569650,137950,3,0,0.0,0,0,3,1.0,0,4.0,2,1.0,0,4.0,3,2.0,0,2.0
877,Point,49,89,569750,137950,3,0,0.0,0,0,2,1.0,0,4.0,2,1.0,0,3.0,3,2.0,0,3.0
878,Point,49,90,569850,137950,2,0,0.0,0,0,2,1.0,0,3.0,3,1.0,0,3.0,3,3.0,0,3.0
879,Point,49,91,569950,137950,2,0,0.0,0,0,2,1.0,0,3.0,3,1.0,0,3.0,3,3.0,0,3.0
880,Point,49,92,570050,137950,2,0,0.0,0,0,2,1.0,0,3.0,3,1.0,4,3.0,2,3.0,0,3.0
881,Point,49,93,570150,137950,2,0,0.0,0,0,2,1.0,0,3.0,3,2.0,4,3.0,2,3.0,0,4.0
882,Point,49,94,570250,137950,3,0,0.0,0,0,2,1.0,0,3.0,2,2.0,4,3.0,2,3.0,0,4.0
883,Point,49,95,570350,137950,3,0,0.0,0,0,2,1.0,0,3.0,2,2.0,4,3.0,2,3.0,0,4.0
884,Point,49,96,570450,137950,3,0,0.0,0,0,2,1.0,0,3.0,2,2.0,4,3.0,2,3.0,0,4.0
885,Point,49,97,570550,137950,3,0,0.0,0,0,1,1.0,0,3.0,1,2.0,4,3.0,2,3.0,0,4.0
886,Point,49,98,570650,137950,4,0,0.0,0,0,1,1.0,1,2.0,1,2.0,4,3.0,2,3.0,0,3.0
887,Point,49,99,570750,137950,3,0,0.0,0,0,1,1.0,1,2.0,1,2.0,4,3.0,2,3.0,0,3.0
888,Point,49,100,570850,137950,3,0,0.0,0,0,1,1.0,1,1.0,1,2.0,4,3.0,1,3.0,0,3.0
889,Point,49,101,570950,137950,2,0,0.0,0,0,1,2.0,1,1.0,0,1.0,4,3.0,1,4.0,0,3.0
890,Point,49,102,571050,137950,2,0,0.0,0,0,0,2.0,1,1.0,0,1.0,4,3.0,0,4.0,0,3.0
891,Point,49,103,571150,137950,1,0,0.0,0,0,0,3.0,2,1.0,0,1.0,4,3.0,0,4.0,0,3.0
892,Point,49,104,571250,137950,1,0,0.0,0,0,0,3.0,3,1.0,0,0.0,4,3.0,0,4.0,0,3.0
893,Point,49,105,571350,137950,0,0,0.0,0,0,0,4.0,3,1.0,0,0.0,4,3.0,0,4.0,1,3.0
894,Point,49,106,571450,137950,0,0,0.0,0,0,0,4.0,3,1.0,0,0.0,4,3.0,0,4.0,1,3.0
895,Point,49,107,571550,137950,0,0,0.0,0,0,0,4.0,3,1.0,0,0.0,4,3.0,0,4.0,1,3.0
896,Point,49,108,571650,137950,0,0,0.0,0,0,0,4.0,3,1.0,0,0.0,4,3.0,0,4.0,1,3.0
897,Point,49,109,571750,137950,1,0,0.0,0,0,0,4.0,3,1.0,0,0.0,4,3.0,0,4.0,2,3.0
898,Point,49,110,571850,137950,1,0,0.0,0,0,1,3.0,3,1.0,0,1.0,4,3.0,0,4.0,2,3.0
899,Point,49,111,571950,137950,2,0,0.0,0,0,1,3.0,3,1.0,0,1.0,4,3.0,1,4.0,2,3.0
900,Point,49,112,572050,137950,2,0,0.0,0,0,2,3.0,3,1.0,1,2.0,4,3.0,1,3.0,2,3.0
901,Point,49,113,572150,137950,3,0,0.0,0,0,2,3.0,3,1.0,1,2.0,4,3.0,2,3.0,2,3.0
902,Point,50,32,564050,137850,4,0,0.0,0,0,3,2.0,2,2.0,3,2.0,4,3.0,3,2.0,2,3.0
903,Point,50,33,564150,137850,4,0,0.0,0,0,3,2.0,2,2.0,3,2.0,4,3.0,3,2.0,2,3.0
904,Point,50,34,564250,137850,4,0,0.0,0,0,3,2.0,3,2.0,3,2.0,4,3.0,3,2.0,2,3.0
905,Point,50,35,564350,137850,4,0,0.0,0,0,3,2.0,3,2.0,2,2.0,4,3.0,3,2.0,2,3.0
906,Point,50,36,564450,137850,4,0,0.0,0,0,2,2.0,3,2.0,2,2.0,4,3.0,3,3.0,1,3.0
907,Point,50,37,564550,137850,4,0,0.0,0,0,2,2.0,3,2.0,2,2.0,4,3.0,3,3.0,1,3.0
908,Point,50,38,564650,137850,4,0,0.0,0,0,2,1.0,3,2.0,3,2.0,4,3.0,2,3.0,1,3.0
909,Point,50,39,564750,137850,4,0,0.0,0,0,2,1.0,3,2.0,3,2.0,4,3.0,2,3.0,1,3.0
910,Point,50,40,564850,137850,4,0,0.0,0,0,1,1.0,3,2.0,2,2.0,4,3.0,2,3.0,0,3.0
911,Point,50,41,564950,137850,4,0,0.0,0,0,1,1.0,3,2.0,2,2.0,4,3.0,2,3.0,0,3.0
912,Point,50,42,565050,137850,4,0,0.0,0,0,1,1.0,3,2.0,2,2.0,4,3.0,3,3.0,0,3.0
913,Point,50,43,565150,137850,3,0,0.0,0,0,1,1.0,2,3.0,2,3.0,4,3.0,3,3.0,0,3.0
914,Point,50,44,565250,137850,3,0,0.0,0,0,1,1.0,1,3.0,2,3.0,4,3.0,3,4.0,0,3.0
915,Point,50,45,565350,137850,2,0,0.0,0,0,1,1.0,1,3.0,2,3.0,4,3.0,3,4.0,0,3.0
916,Point,50,46,565450,137850,2,0,0.0,0,0,1,1.0,1,3.0,2,3.0,4,3.0,3,4.0,0,3.0
917,Point,50,47,565550,137850,2,0,0.0,0,0,0,2.0,1,3.0,1,3.0,4,3.0,3,4.0,0,3.0
918,Point,50,48,565650,137850,2,0,0.0,0,0,0,3.0,1,3.0,1,3.0,4,3.0,4,4.0,0,3.0
919,Point,50,49,565750,137850,2,0,0.0,0,0,1,3.0,0,4.0,1,3.0,4,3.0,4,4.0,0,3.0
920,Point,50,50,565850,137850,2,0,0.0,0,0,1,3.0,0,4.0,1,2.0,4,3.0,4,4.0,0,3.0
921,Point,50,51,565950,137850,2,0,0.0,0,0,1,3.0,0,4.0,1,2.0,4,3.0,4,4.0,0,3.0
922,Point,50,52,566050,137850,1,0,0.0,0,0,1,3.0,0,4.0,0,2.0,4,3.0,4,4.0,0,3.0
923,Point,50,53,566150,137850,1,0,0.0,0,0,1,3.0,0,4.0,0,1.0,4,3.0,4,4.0,0,2.0
924,Point,50,54,566250,137850,1,0,0.0,0,0,1,3.0,0,4.0,0,1.0,4,3.0,3,4.0,0,2.0
925,Point,50,55,566350,137850,1,0,0.0,0,0,1,3.0,0,4.0,0,1.0,4,3.0,3,4.0,0,1.0
926,Point,50,56,566450,137850,1,0,0.0,0,0,0,3.0,0,4.0,0,1.0,4,3.0,3,4.0,0,1.0
927,Point,50,57,566550,137850,1,0,0.0,0,0,0,1.0,0,4.0,0,1.0,4,3.0,3,4.0,0,0.0
928,Point,50,58,566650,137850,1,0,0.0,0,0,0,0.0,0,4.0,0,1.0,4,3.0,2,4.0,0,0.0
929,Point,50,59,566750,137850,1,0,0.0,0,0,0,0.0,0,3.0,0,1.0,4,3.0,1,4.0,0,0.0
930,Point,50,60,566850,137850,1,0,0.0,0,0,0,0.0,0,4.0,0,1.0,0,3.0,0,3.0,0,0.0
931,Point,50,61,566950,137850,1,0,0.0,0,0,0,0.0,0,4.0,0,1.0,0,4.0,0,2.0,0,0.0
932,Point,50,62,567050,137850,1,0,0.0,0,0,1,0.0,0,4.0,0,1.0,0,4.0,0,2.0,0,0.0
933,Point,50,63,567150,137850,1,0,0.0,0,0,2,0.0,0,3.0,1,1.0,0,0.0,0,2.0,0,0.0
934,Point,50,64,567250,137850,1,0,0.0,0,0,2,0.0,0,3.0,1,1.0,0,0.0,0,1.0,0,0.0
935,Point,50,65,567350,137850,1,0,0.0,0,0,3,1.0,0,4.0,1,1.0,0,0.0,0,1.0,0,0.0
936,Point,50,66,567450,137850,1,0,0.0,0,0,3,0.0,0,3.0,1,0.0,0,0.0,0,1.0,0,0.0
937,Point,50,67,567550,137850,1,0,0.0,0,0,3,0.0,1,1.0,1,0.0,0,4.0,0,1.0,0,0.0
938,Point,50,68,567650,137850,1,0,0.0,0,0,3,0.0,4,0.0,1,0.0,4,4.0,0,1.0,0,0.0
939,Point,50,69,567750,137850,1,0,0.0,0,0,3,0.0,4,0.0,1,0.0,4,4.0,0,1.0,0,0.0
940,Point,50,70,567850,137850,1,0,0.0,0,0,4,0.0,4,0.0,1,0.0,4,0.0,0,1.0,0,0.0
941,Point,50,71,567950,137850,1,0,0.0,0,0,4,0.0,4,0.0,1,0.0,4,0.0,0,1.0,0,0.0
942,Point,50,72,568050,137850,1,0,0.0,0,0,4,0.0,4,0.0,0,0.0,4,0.0,0,1.0,0,0.0
943,Point,50,73,568150,137850,1,0,0.0,0,0,4,0.0,4,0.0,0,0.0,4,0.0,0,2.0,0,0.0
944,Point,50,74,568250,137850,1,0,0.0,0,0,4,0.0,4,0.0,0,0.0,4,0.0,0,2.0,0,0.0
945,Point,50,75,568350,137850,1,0,0.0,0,0,4,0.0,4,0.0,0,0.0,4,0.0,0,2.0,0,0.0
946,Point,50,76,568450,137850,1,0,0.0,0,0,4,0.0,4,0.0,0,0.0,4,0.0,0,2.0,0,0.0
947,Point,50,77,568550,137850,1,0,0.0,0,0,4,0.0,4,0.0,0,0.0,4,4.0,0,2.0,0,0.0
948,Point,50,78,568650,137850,0,0,0.0,0,0,4,0.0,1,0.0,0,0.0,0,4.0,1,2.0,0,0.0
949,Point,50,79,568750,137850,1,0,0.0,0,0,4,0.0,0,1.0,1,0.0,0,0.0,1,2.0,0,0.0
950,Point,50,80,568850,137850,1,0,0.0,0,0,4,0.0,0,2.0,1,0.0,0,0.0,1,2.0,0,0.0
951,Point,50,81,568950,137850,1,0,0.0,0,0,4,0.0,0,2.0,1,0.0,0,0.0,1,2.0,0,0.0
952,Point,50,82,569050,137850,2,0,0.0,0,0,3,0.0,0,0.0,1,0.0,0,0.0,2,2.0,0,0.0
953,Point,50,83,569150,137850,2,0,0.0,0,0,3,0.0,0,0.0,1,0.0,0,0.0,2,2.0,0,0.0
954,Point,50,84,569250,137850,2,0,0.0,0,0,3,0.0,0,0.0,1,0.0,0,0.0,2,2.0,0,0.0
955,Point,50,85,569350,137850,3,0,0.0,0,0,3,0.0,0,0.0,2,0.0,0,0.0,2,2.0,0,0.0
956,Point,50,86,569450,137850,3,0,0.0,0,0,3,0.0,0,0.0,2,0.0,0,0.0,2,2.0,0,0.0
957,Point,50,87,569550,137850,3,0,0.0,0,0,3,0.0,0,0.0,2,1.0,0,4.0,2,2.0,0,2.0
958,Point,50,88,569650,137850,2,0,0.0,0,0,2,1.0,0,3.0,2,1.0,0,4.0,2,2.0,0,3.0
959,Point,50,89,569750,137850,2,0,0.0,0,0,2,1.0,0,4.0,2,1.0,0,4.0,3,2.0,0,3.0
960,Point,50,90,569850,137850,2,0,0.0,0,0,2,1.0,0,4.0,3,1.0,0,4.0,2,2.0,0,3.0
961,Point,50,91,569950,137850,2,0,0.0,0,0,1,1.0,0,3.0,3,1.0,0,3.0,2,3.0,0,4.0
962,Point,50,92,570050,137850,2,0,0.0,0,0,1,1.0,0,3.0,3,1.0,0,3.0,2,3.0,0,4.0
963,Point,50,93,570150,137850,2,0,0.0,0,0,1,1.0,0,3.0,2,2.0,4,3.0,2,3.0,0,4.0
964,Point,50,94,570250,137850,2,0,0.0,0,0,2,1.0,0,3.0,2,2.0,4,3.0,2,3.0,0,4.0
965,Point,50,95,570350,137850,2,0,0.0,0,0,2,1.0,0,3.0,2,2.0,4,3.0,2,3.0,0,4.0
966,Point,50,96,570450,137850,3,0,0.0,0,0,2,1.0,0,3.0,2,2.0,4,3.0,2,3.0,0,4.0
967,Point,50,97,570550,137850,3,0,0.0,0,0,1,1.0,0,3.0,1,2.0,4,3.0,2,3.0,0,4.0
968,Point,50,98,570650,137850,3,0,0.0,0,0,1,1.0,0,3.0,1,2.0,4,3.0,2,3.0,0,4.0
969,Point,50,99,570750,137850,3,0,0.0,0,0,1,1.0,1,2.0,1,2.0,4,3.0,1,3.0,0,4.0
970,Point,50,100,570850,137850,3,0,0.0,0,0,1,1.0,1,1.0,1,2.0,4,3.0,1,3.0,0,3.0
971,Point,50,101,570950,137850,2,0,0.0,0,0,1,2.0,1,1.0,0,1.0,4,3.0,1,4.0,0,3.0
972,Point,50,102,571050,137850,2,0,0.0,0,0,0,2.0,1,1.0,0,1.0,4,3.0,0,4.0,0,3.0
973,Point,50,103,571150,137850,1,0,0.0,0,0,0,3.0,2,1.0,0,0.0,4,3.0,0,4.0,0,3.0
974,Point,50,104,571250,137850,1,0,0.0,0,0,0,3.0,3,1.0,0,0.0,4,3.0,0,4.0,0,3.0
975,Point,50,105,571350,137850,0,0,0.0,0,0,0,4.0,3,1.0,0,0.0,4,3.0,0,4.0,1,3.0
976,Point,50,106,571450,137850,0,0,0.0,0,0,0,4.0,3,1.0,0,0.0,4,3.0,0,4.0,1,3.0
977,Point,50,107,571550,137850,0,0,0.0,0,0,0,4.0,3,1.0,0,0.0,4,3.0,0,4.0,1,3.0
978,Point,50,108,571650,137850,1,0,0.0,0,0,0,4.0,3,1.0,0,0.0,4,3.0,0,4.0,1,3.0
979,Point,50,109,571750,137850,1,0,0.0,0,0,0,4.0,3,1.0,0,0.0,4,3.0,0,4.0,2,3.0
980,Point,50,110,571850,137850,1,0,0.0,0,0,1,3.0,3,1.0,0,1.0,4,3.0,0,4.0,2,3.0
981,Point,50,111,571950,137850,2,0,0.0,0,0,1,3.0,3,1.0,0,1.0,4,3.0,1,4.0,2,3.0
982,Point,50,112,572050,137850,2,0,0.0,0,0,1,3.0,3,1.0,1,2.0,4,3.0,1,4.0,2,3.0
983,Point,50,113,572150,137850,3,0,0.0,0,0,2,3.0,3,1.0,1,2.0,4,3.0,2,3.0,2,3.0
984,Point,51,32,564050,137750,4,0,0.0,0,0,3,2.0,2,2.0,3,2.0,4,3.0,3,2.0,2,3.0
985,Point,51,33,564150,137750,4,0,0.0,0,0,3,2.0,2,2.0,3,2.0,4,3.0,3,2.0,2,3.0
986,Point,51,34,564250,137750,4,0,0.0,0,0,3,2.0,3,2.0,3,2.0,4,3.0,3,2.0,2,3.0
987,Point,51,35,564350,137750,4,0,0.0,0,0,3,2.0,3,2.0,2,2.0,4,3.0,3,2.0,2,3.0
988,Point,51,36,564450,137750,4,0,0.0,0,0,2,2.0,3,2.0,2,2.0,4,3.0,3,3.0,1,3.0
989,Point,51,37,564550,137750,4,0,0.0,0,0,2,1.0,3,2.0,2,2.0,4,3.0,3,3.0,1,3.0
990,Point,51,38,564650,137750,4,0,0.0,0,0,2,1.0,3,2.0,3,2.0,4,3.0,3,3.0,1,3.0
991,Point,51,39,564750,137750,4,0,0.0,0,0,2,1.0,3,2.0,3,2.0,4,3.0,3,3.0,1,3.0
992,Point,51,40,564850,137750,4,0,0.0,0,0,1,1.0,3,2.0,2,2.0,4,3.0,3,3.0,0,3.0
993,Point,51,41,564950,137750,4,0,0.0,0,0,1,1.0,3,2.0,2,2.0,4,3.0,3,3.0,0,3.0
994,Point,51,42,565050,137750,4,0,0.0,0,0,1,1.0,3,2.0,2,2.0,4,3.0,3,3.0,0,3.0
995,Point,51,43,565150,137750,4,0,0.0,0,0,1,1.0,2,3.0,2,3.0,4,3.0,3,4.0,0,3.0
996,Point,51,44,565250,137750,3,0,0.0,0,0,1,1.0,1,3.0,2,3.0,4,3.0,3,4.0,0,3.0
997,Point,51,45,565350,137750,3,0,0.0,0,0,1,1.0,1,3.0,2,3.0,4,3.0,3,4.0,0,3.0
998,Point,51,46,565450,137750,3,0,0.0,0,0,0,1.0,1,3.0,1,3.0,4,3.0,3,4.0,0,3.0
999,Point,51,47,565550,137750,2,0,0.0,0,0,0,2.0,1,3.0,1,3.0,4,3.0,4,4.0,0,3.0
1000,Point,51,48,565650,137750,2,0,0.0,0,0,1,3.0,0,4.0,1,3.0,4,3.0,4,4.0,0,3.0
1001,Point,51,49,565750,137750,2,0,0.0,0,0,1,3.0,0,4.0,1,2.0,4,3.0,4,4.0,0,3.0
1002,Point,51,50,565850,137750,2,0,0.0,0,0,1,3.0,0,4.0,1,2.0,4,3.0,4,4.0,0,3.0
1003,Point,51,51,565950,137750,1,0,0.0,0,0,1,3.0,0,4.0,0,2.0,4,3.0,4,4.0,0,3.0
1004,Point,51,52,566050,137750,1,0,0.0,0,0,1,4.0,0,4.0,0,1.0,4,3.0,4,4.0,0,3.0
1005,Point,51,53,566150,137750,0,0,0.0,0,0,1,4.0,0,4.0,0,1.0,4,3.0,3,4.0,0,2.0
1006,Point,51,54,566250,137750,0,0,0.0,0,0,1,3.0,0,4.0,0,1.0,4,3.0,3,4.0,0,1.0
1007,Point,51,55,566350,137750,0,0,0.0,0,0,1,3.0,0,4.0,0,1.0,4,3.0,1,4.0,0,1.0
1008,Point,51,56,566450,137750,0,0,0.0,0,0,1,2.0,0,4.0,0,0.0,4,3.0,0,3.0,0,1.0
1009,Point,51,57,566550,137750,1,0,0.0,0,0,1,1.0,0,4.0,0,0.0,0,3.0,0,3.0,0,0.0
1010,Point,51,58,566650,137750,0,0,0.0,0,0,0,0.0,0,4.0,0,0.0,0,3.0,0,3.0,0,0.0
1011,Point,51,59,566750,137750,0,0,0.0,0,0,0,0.0,0,4.0,0,0.0,0,3.0,0,3.0,0,0.0
1012,Point,51,60,566850,137750,0,0,0.0,0,0,0,0.0,0,4.0,0,0.0,0,4.0,0,3.0,0,0.0
1013,Point,51,61,566950,137750,1,0,0.0,0,0,0,0.0,0,4.0,0,0.0,0,4.0,0,3.0,0,0.0
1014,Point,51,62,567050,137750,1,0,0.0,0,0,1,0.0,0,4.0,0,1.0,0,4.0,0,2.0,0,0.0
1015,Point,51,63,567150,137750,1,0,0.0,0,0,2,0.0,0,3.0,0,1.0,0,0.0,0,2.0,0,0.0
1016,Point,51,64,567250,137750,0,0,0.0,0,0,2,0.0,0,3.0,1,1.0,0,0.0,0,1.0,0,0.0
1017,Point,51,65,567350,137750,0,0,0.0,0,0,3,1.0,0,4.0,1,1.0,0,0.0,0,1.0,0,0.0
1018,Point,51,66,567450,137750,0,0,0.0,0,0,3,0.0,0,3.0,1,0.0,0,0.0,0,1.0,0,0.0
1019,Point,51,67,567550,137750,1,0,0.0,0,0,3,0.0,1,0.0,1,0.0,0,0.0,0,1.0,0,0.0
1020,Point,51,68,567650,137750,1,0,0.0,0,0,3,0.0,4,0.0,1,0.0,0,4.0,0,1.0,0,0.0
1021,Point,51,69,567750,137750,1,0,0.0,0,0,3,0.0,4,0.0,1,0.0,4,4.0,0,1.0,0,0.0
1022,Point,51,70,567850,137750,1,0,0.0,0,0,4,0.0,4,0.0,1,0.0,4,0.0,0,1.0,0,0.0
1023,Point,51,71,567950,137750,1,0,0.0,0,0,4,0.0,4,0.0,1,0.0,4,0.0,0,1.0,0,0.0
1024,Point,51,72,568050,137750,0,0,0.0,0,0,4,0.0,4,0.0,1,0.0,4,0.0,0,1.0,0,0.0
1025,Point,51,73,568150,137750,0,0,0.0,0,0,4,0.0,4,0.0,0,0.0,4,0.0,0,1.0,1,0.0
1026,Point,51,74,568250,137750,0,0,0.0,0,0,4,0.0,4,0.0,0,0.0,4,0.0,0,1.0,1,0.0
1027,Point,51,75,568350,137750,1,0,0.0,0,0,4,0.0,4,0.0,0,0.0,4,0.0,0,2.0,1,0.0
1028,Point,51,76,568450,137750,1,0,0.0,0,0,4,0.0,4,0.0,0,0.0,4,0.0,1,2.0,0,0.0
1029,Point,51,77,568550,137750,0,0,0.0,0,0,4,0.0,4,0.0,0,0.0,4,4.0,1,2.0,0,0.0
1030,Point,51,78,568650,137750,0,0,0.0,0,0,4,0.0,1,0.0,0,0.0,0,4.0,1,2.0,0,0.0
1031,Point,51,79,568750,137750,0,0,0.0,0,0,4,0.0,0,2.0,1,0.0,0,0.0,1,2.0,0,0.0
1032,Point,51,80,568850,137750,0,0,0.0,0,0,4,0.0,0,1.0,1,0.0,0,0.0,1,2.0,0,0.0
1033,Point,51,81,568950,137750,1,0,0.0,0,0,3,0.0,0,0.0,1,0.0,0,0.0,2,2.0,0,0.0
1034,Point,51,82,569050,137750,1,0,0.0,0,0,3,0.0,0,0.0,1,0.0,0,0.0,2,2.0,0,0.0
1035,Point,51,83,569150,137750,2,0,0.0,0,0,3,0.0,0,0.0,1,0.0,0,0.0,2,2.0,0,0.0
1036,Point,51,84,569250,137750,2,0,0.0,0,0,3,0.0,0,0.0,1,0.0,0,0.0,2,2.0,0,0.0
1037,Point,51,85,569350,137750,3,0,0.0,0,0,3,0.0,0,0.0,2,0.0,0,0.0,2,2.0,0,0.0
1038,Point,51,86,569450,137750,3,0,0.0,0,0,3,0.0,0,0.0,2,1.0,0,0.0,2,2.0,0,1.0
1039,Point,51,87,569550,137750,2,0,0.0,0,0,3,0.0,0,0.0,2,1.0,0,4.0,2,2.0,0,3.0
1040,Point,51,88,569650,137750,2,0,0.0,0,0,2,1.0,0,0.0,2,1.0,0,4.0,2,2.0,0,3.0
1041,Point,51,89,569750,137750,2,0,0.0,0,0,2,1.0,0,4.0,3,1.0,0,4.0,2,2.0,0,4.0
1042,Point,51,90,569850,137750,1,0,0.0,0,0,2,1.0,0,4.0,3,1.0,0,4.0,2,2.0,0,4.0
1043,Point,51,91,569950,137750,1,0,0.0,0,0,1,0.0,0,4.0,3,1.0,0,4.0,2,2.0,0,4.0
1044,Point,51,92,570050,137750,1,0,0.0,0,0,1,0.0,0,3.0,3,1.0,0,3.0,2,3.0,0,4.0
1045,Point,51,93,570150,137750,1,0,0.0,0,0,1,0.0,0,3.0,2,2.0,0,3.0,2,3.0,0,4.0
1046,Point,51,94,570250,137750,2,0,0.0,0,0,1,1.0,0,3.0,2,2.0,4,3.0,2,3.0,0,4.0
1047,Point,51,95,570350,137750,2,0,0.0,0,0,1,1.0,0,3.0,2,2.0,4,3.0,2,3.0,0,4.0
1048,Point,51,96,570450,137750,2,0,0.0,0,0,2,1.0,0,3.0,2,2.0,4,3.0,2,3.0,0,4.0
1049,Point,51,97,570550,137750,3,0,0.0,0,0,1,1.0,0,3.0,1,2.0,4,3.0,2,3.0,0,4.0
1050,Point,51,98,570650,137750,3,0,0.0,0,0,1,1.0,0,3.0,1,2.0,4,3.0,2,3.0,0,4.0
1051,Point,51,99,570750,137750,3,0,0.0,0,0,1,1.0,1,2.0,1,2.0,4,3.0,1,3.0,0,4.0
1052,Point,51,100,570850,137750,3,0,0.0,0,0,1,1.0,1,2.0,1,2.0,4,3.0,1,3.0,0,4.0
1053,Point,51,101,570950,137750,2,0,0.0,0,0,1,2.0,1,1.0,0,1.0,4,3.0,1,4.0,0,3.0
1054,Point,51,102,571050,137750,2,0,0.0,0,0,0,3.0,1,1.0,0,1.0,4,3.0,0,4.0,0,3.0
1055,Point,51,103,571150,137750,1,0,0.0,0,0,0,3.0,2,1.0,0,0.0,4,3.0,0,4.0,0,3.0
1056,Point,51,104,571250,137750,1,0,0.0,0,0,0,4.0,3,1.0,0,0.0,4,3.0,0,4.0,0,3.0
1057,Point,51,105,571350,137750,1,0,0.0,0,0,0,4.0,3,1.0,0,0.0,4,3.0,0,4.0,1,3.0
1058,Point,51,106,571450,137750,1,0,0.0,0,0,0,4.0,3,1.0,0,0.0,4,3.0,0,4.0,1,3.0
1059,Point,51,107,571550,137750,1,0,0.0,0,0,0,4.0,3,1.0,0,0.0,4,3.0,0,4.0,1,3.0
1060,Point,51,108,571650,137750,1,0,0.0,0,0,0,4.0,3,1.0,0,0.0,4,3.0,0,4.0,1,3.0
1061,Point,51,109,571750,137750,1,0,0.0,0,0,0,4.0,3,1.0,0,0.0,4,3.0,0,4.0,2,3.0
1062,Point,51,110,571850,137750,2,0,0.0,0,0,1,3.0,3,1.0,0,1.0,4,3.0,0,4.0,2,3.0
1063,Point,51,111,571950,137750,2,0,0.0,0,0,1,3.0,3,1.0,0,1.0,4,3.0,1,4.0,2,3.0
1064,Point,51,112,572050,137750,3,0,0.0,0,0,1,3.0,3,1.0,0,2.0,4,3.0,1,4.0,2,3.0
1065,Point,51,113,572150,137750,3,0,0.0,0,0,2,3.0,3,1.0,1,2.0,4,3.0,2,3.0,2,3.0
1066,Point,52,32,564050,137650,4,0,0.0,0,0,3,2.0,2,2.0,3,2.0,4,3.0,3,2.0,2,3.0
1067,Point,52,33,564150,137650,4,0,0.0,0,0,3,2.0,2,2.0,3,2.0,4,3.0,3,2.0,2,3.0
1068,Point,52,34,564250,137650,4,0,0.0,0,0,3,2.0,3,2.0,3,2.0,4,3.0,3,2.0,2,3.0
1069,Point,52,35,564350,137650,4,0,0.0,0,0,2,2.0,3,2.0,2,2.0,4,3.0,3,2.0,2,3.0
1070,Point,52,36,564450,137650,4,0,0.0,0,0,2,2.0,3,2.0,2,2.0,4,3.0,3,3.0,1,3.0
1071,Point,52,37,564550,137650,4,0,0.0,0,0,2,1.0,3,2.0,3,2.0,4,3.0,3,3.0,1,3.0
1072,Point,52,38,564650,137650,4,0,0.0,0,0,2,1.0,3,2.0,3,2.0,4,3.0,3,3.0,1,3.0
1073,Point,52,39,564750,137650,4,0,0.0,0,0,2,1.0,3,2.0,2,2.0,4,3.0,3,3.0,1,3.0
1074,Point,52,40,564850,137650,4,0,0.0,0,0,1,1.0,3,2.0,2,2.0,4,3.0,3,3.0,0,3.0
1075,Point,52,41,564950,137650,4,0,0.0,0,0,1,1.0,3,2.0,2,2.0,4,3.0,3,3.0,0,3.0
1076,Point,52,42,565050,137650,4,0,0.0,0,0,1,1.0,3,3.0,2,3.0,4,3.0,3,3.0,0,3.0
1077,Point,52,43,565150,137650,4,0,0.0,0,0,1,1.0,2,3.0,2,3.0,4,3.0,3,4.0,0,3.0
1078,Point,52,44,565250,137650,4,0,0.0,0,0,1,1.0,1,3.0,2,3.0,4,3.0,3,4.0,0,3.0
1079,Point,52,45,565350,137650,3,0,0.0,0,0,1,1.0,1,3.0,2,3.0,4,3.0,3,4.0,0,3.0
1080,Point,52,46,565450,137650,3,0,0.0,0,0,1,1.0,1,3.0,1,3.0,4,3.0,4,4.0,0,3.0
1081,Point,52,47,565550,137650,3,0,0.0,0,0,1,2.0,0,3.0,1,3.0,4,3.0,4,4.0,0,3.0
1082,Point,52,48,565650,137650,2,0,0.0,0,0,1,3.0,0,4.0,1,2.0,4,3.0,4,4.0,0,3.0
1083,Point,52,49,565750,137650,2,0,0.0,0,0,1,3.0,0,4.0,1,2.0,4,3.0,4,4.0,0,3.0
1084,Point,52,50,565850,137650,2,0,0.0,0,0,1,3.0,0,4.0,0,2.0,4,3.0,4,4.0,0,3.0
1085,Point,52,51,565950,137650,1,0,0.0,0,0,1,4.0,0,4.0,0,1.0,4,3.0,4,4.0,0,3.0
1086,Point,52,52,566050,137650,1,0,0.0,0,0,1,4.0,0,4.0,0,1.0,4,3.0,3,4.0,0,3.0
1087,Point,52,53,566150,137650,0,0,0.0,0,0,1,4.0,0,4.0,0,1.0,4,3.0,1,4.0,0,2.0
1088,Point,52,54,566250,137650,0,0,0.0,0,0,1,3.0,0,4.0,0,0.0,4,3.0,0,3.0,0,1.0
1089,Point,52,55,566350,137650,0,0,0.0,0,0,1,3.0,0,4.0,0,0.0,0,3.0,0,3.0,0,1.0
1090,Point,52,56,566450,137650,0,0,0.0,0,0,1,1.0,0,4.0,0,0.0,0,3.0,0,3.0,0,0.0
1091,Point,52,57,566550,137650,1,0,0.0,0,0,1,0.0,0,4.0,0,0.0,0,3.0,0,3.0,0,0.0
1092,Point,52,58,566650,137650,0,0,0.0,0,0,0,0.0,0,4.0,0,0.0,0,3.0,0,4.0,0,0.0
1093,Point,52,59,566750,137650,0,0,0.0,0,0,0,0.0,0,4.0,0,0.0,0,4.0,0,4.0,0,0.0
1094,Point,52,60,566850,137650,0,0,0.0,0,0,0,0.0,0,4.0,0,0.0,0,4.0,0,4.0,0,0.0
1095,Point,52,61,566950,137650,0,0,0.0,0,0,0,0.0,0,4.0,0,0.0,0,4.0,0,3.0,0,0.0
1096,Point,52,62,567050,137650,1,0,0.0,0,0,1,0.0,0,3.0,0,0.0,0,0.0,0,3.0,0,0.0
1097,Point,52,63,567150,137650,0,0,0.0,0,0,2,0.0,0,3.0,0,1.0,0,0.0,0,2.0,0,0.0
1098,Point,52,64,567250,137650,0,0,0.0,0,0,2,0.0,0,3.0,0,1.0,0,0.0,0,2.0,0,0.0
1099,Point,52,65,567350,137650,0,0,0.0,0,0,3,1.0,0,4.0,1,1.0,0,0.0,0,1.0,0,0.0
1100,Point,52,66,567450,137650,0,0,0.0,0,0,3,0.0,0,3.0,1,1.0,0,0.0,0,1.0,0,0.0
1101,Point,52,67,567550,137650,1,0,0.0,0,0,3,0.0,1,0.0,1,0.0,0,0.0,0,1.0,0,0.0
1102,Point,52,68,567650,137650,1,0,0.0,0,0,3,0.0,3,0.0,1,0.0,0,0.0,0,1.0,0,0.0
1103,Point,52,69,567750,137650,0,0,0.0,0,0,3,0.0,4,0.0,1,0.0,4,4.0,0,1.0,0,0.0
1104,Point,52,70,567850,137650,0,1,0.0,0,0,4,0.0,4,0.0,1,0.0,4,0.0,0,1.0,0,0.0
1105,Point,52,71,567950,137650,1,1,0.0,0,0,4,0.0,4,0.0,1,0.0,4,0.0,0,1.0,0,0.0
1106,Point,52,72,568050,137650,0,1,0.0,0,0,4,0.0,4,0.0,1,0.0,4,0.0,0,1.0,1,0.0
1107,Point,52,73,568150,137650,0,1,0.0,0,0,4,0.0,4,0.0,1,0.0,0,0.0,0,1.0,1,0.0
1108,Point,52,74,568250,137650,0,0,0.0,0,0,4,0.0,4,0.0,1,0.0,0,0.0,0,1.0,1,0.0
1109,Point,52,75,568350,137650,0,0,0.0,0,0,4,0.0,4,0.0,1,0.0,4,0.0,0,1.0,1,0.0
1110,Point,52,76,568450,137650,1,0,0.0,0,0,4,0.0,4,0.0,1,0.0,4,0.0,1,2.0,1,0.0
1111,Point,52,77,568550,137650,0,0,0.0,0,0,4,0.0,4,0.0,1,0.0,4,4.0,1,2.0,0,0.0
1112,Point,52,78,568650,137650,0,0,0.0,0,0,4,0.0,1,0.0,1,0.0,0,4.0,1,2.0,0,0.0
1113,Point,52,79,568750,137650,0,0,0.0,0,0,4,0.0,0,2.0,1,0.0,0,0.0,1,2.0,0,0.0
1114,Point,52,80,568850,137650,0,0,0.0,0,0,3,0.0,0,0.0,1,0.0,0,0.0,1,2.0,0,0.0
1115,Point,52,81,568950,137650,1,0,0.0,0,0,3,0.0,0,0.0,1,0.0,0,0.0,2,1.0,0,0.0
1116,Point,52,82,569050,137650,1,0,0.0,0,0,3,0.0,0,0.0,1,0.0,0,0.0,2,1.0,0,0.0
1117,Point,52,83,569150,137650,2,0,0.0,0,0,3,0.0,0,0.0,1,0.0,0,0.0,2,2.0,0,0.0
1118,Point,52,84,569250,137650,2,0,0.0,0,0,3,0.0,0,0.0,2,0.0,0,0.0,2,2.0,0,0.0
1119,Point,52,85,569350,137650,2,0,0.0,0,0,3,0.0,0,0.0,2,0.0,0,0.0,2,2.0,0,1.0
1120,Point,52,86,569450,137650,2,0,0.0,0,0,3,0.0,0,0.0,2,1.0,0,0.0,2,2.0,0,3.0
1121,Point,52,87,569550,137650,2,0,0.0,0,0,2,0.0,0,0.0,2,1.0,0,3.0,2,2.0,0,3.0
1122,Point,52,88,569650,137650,2,0,0.0,0,0,2,1.0,0,0.0,2,1.0,0,4.0,2,2.0,0,4.0
1123,Point,52,89,569750,137650,1,0,0.0,0,0,2,0.0,0,4.0,3,1.0,0,4.0,2,2.0,0,4.0
1124,Point,52,90,569850,137650,1,0,0.0,0,0,1,0.0,0,4.0,3,1.0,0,4.0,2,2.0,0,4.0
1125,Point,52,91,569950,137650,1,0,0.0,0,0,1,0.0,0,4.0,3,1.0,0,4.0,2,3.0,0,4.0
1126,Point,52,92,570050,137650,1,0,0.0,0,0,1,0.0,0,4.0,3,2.0,0,4.0,2,3.0,0,4.0
1127,Point,52,93,570150,137650,1,0,0.0,0,0,1,0.0,0,3.0,2,2.0,0,3.0,2,3.0,0,4.0
1128,Point,52,94,570250,137650,1,0,0.0,0,0,1,0.0,0,3.0,2,2.0,0,3.0,2,3.0,0,4.0
1129,Point,52,95,570350,137650,2,0,0.0,0,0,1,1.0,0,3.0,2,2.0,4,3.0,2,3.0,0,4.0
1130,Point,52,96,570450,137650,2,0,0.0,0,0,2,1.0,0,3.0,2,2.0,4,3.0,2,3.0,0,4.0
1131,Point,52,97,570550,137650,3,0,0.0,0,0,2,1.0,0,3.0,1,3.0,4,3.0,2,3.0,0,4.0
1132,Point,52,98,570650,137650,3,0,0.0,0,0,1,1.0,0,3.0,1,2.0,4,3.0,1,3.0,0,4.0
1133,Point,52,99,570750,137650,3,0,0.0,0,0,1,1.0,0,2.0,1,2.0,4,3.0,1,3.0,0,4.0
1134,Point,52,100,570850,137650,3,0,0.0,0,0,1,2.0,1,2.0,1,2.0,4,3.0,1,3.0,0,4.0
1135,Point,52,101,570950,137650,2,0,0.0,0,0,1,2.0,1,1.0,0,1.0,4,3.0,0,4.0,0,4.0
1136,Point,52,102,571050,137650,2,0,0.0,0,0,0,2.0,1,1.0,0,1.0,4,3.0,0,4.0,0,3.0
1137,Point,52,103,571150,137650,1,0,0.0,0,0,0,3.0,1,1.0,0,0.0,4,3.0,0,4.0,0,3.0
1138,Point,52,104,571250,137650,1,0,0.0,0,0,0,4.0,2,1.0,0,0.0,4,3.0,0,4.0,0,3.0
1139,Point,52,105,571350,137650,1,0,0.0,0,0,0,4.0,3,1.0,0,0.0,4,3.0,0,4.0,1,3.0
1140,Point,52,106,571450,137650,1,0,0.0,0,0,0,4.0,3,1.0,0,0.0,4,3.0,0,4.0,1,3.0
1141,Point,52,107,571550,137650,1,0,0.0,0,0,0,4.0,3,1.0,0,0.0,4,3.0,0,4.0,1,3.0
1142,Point,52,108,571650,137650,1,0,0.0,0,0,0,4.0,3,1.0,0,0.0,4,3.0,0,4.0,1,3.0
1143,Point,52,109,571750,137650,1,0,0.0,0,0,0,4.0,3,1.0,0,0.0,4,3.0,0,4.0,1,3.0
1144,Point,52,110,571850,137650,2,0,0.0,0,0,1,3.0,3,1.0,0,1.0,4,3.0,0,4.0,2,3.0
1145,Point,52,111,571950,137650,2,0,0.0,0,0,1,3.0,3,1.0,0,1.0,4,3.0,1,4.0,2,3.0
1146,Point,52,112,572050,137650,3,0,0.0,0,0,1,3.0,3,1.0,0,2.0,4,3.0,1,4.0,2,3.0
1147,Point,52,113,572150,137650,3,0,0.0,0,0,2,3.0,3,1.0,1,2.0,4,3.0,2,3.0,2,3.0
1148,Point,53,32,564050,137550,4,0,0.0,0,0,3,2.0,2,2.0,3,2.0,4,3.0,3,2.0,2,3.0
1149,Point,53,33,564150,137550,4,0,0.0,0,0,3,2.0,2,2.0,3,2.0,4,3.0,3,2.0,2,3.0
1150,Point,53,34,564250,137550,4,0,0.0,0,0,3,2.0,3,2.0,2,2.0,4,3.0,3,2.0,2,3.0
1151,Point,53,35,564350,137550,4,0,0.0,0,0,2,2.0,3,2.0,2,2.0,4,3.0,3,2.0,2,3.0
1152,Point,53,36,564450,137550,4,0,0.0,0,0,2,2.0,3,2.0,2,2.0,4,3.0,3,3.0,1,3.0
1153,Point,53,37,564550,137550,4,0,0.0,0,0,2,1.0,3,2.0,3,2.0,4,3.0,3,3.0,1,3.0
1154,Point,53,38,564650,137550,4,0,0.0,0,0,2,1.0,3,2.0,3,2.0,4,3.0,3,3.0,1,3.0
1155,Point,53,39,564750,137550,4,0,0.0,0,0,2,1.0,3,2.0,2,2.0,4,3.0,3,3.0,1,3.0
1156,Point,53,40,564850,137550,4,0,0.0,0,0,1,1.0,3,2.0,2,2.0,4,3.0,3,3.0,0,3.0
1157,Point,53,41,564950,137550,4,0,0.0,0,0,1,1.0,3,2.0,2,2.0,4,3.0,3,3.0,0,3.0
1158,Point,53,42,565050,137550,4,0,0.0,0,0,1,1.0,3,3.0,2,3.0,4,3.0,3,3.0,0,3.0
1159,Point,53,43,565150,137550,4,0,0.0,0,0,1,1.0,1,3.0,2,3.0,4,3.0,3,4.0,0,3.0
1160,Point,53,44,565250,137550,4,0,0.0,0,0,1,1.0,1,3.0,2,3.0,4,3.0,3,4.0,0,3.0
1161,Point,53,45,565350,137550,3,0,0.0,0,0,1,1.0,1,3.0,1,3.0,4,3.0,4,4.0,0,3.0
1162,Point,53,46,565450,137550,3,0,0.0,0,0,1,2.0,1,3.0,1,3.0,4,3.0,4,4.0,0,3.0
1163,Point,53,47,565550,137550,3,0,0.0,0,0,1,3.0,0,4.0,1,2.0,4,3.0,4,3.0,0,3.0
1164,Point,53,48,565650,137550,2,0,0.0,0,0,1,3.0,0,4.0,1,2.0,4,3.0,4,3.0,0,3.0
1165,Point,53,49,565750,137550,2,0,0.0,0,0,1,3.0,0,4.0,1,2.0,4,3.0,4,4.0,0,3.0
1166,Point,53,50,565850,137550,1,0,0.0,0,0,1,4.0,0,4.0,0,1.0,4,3.0,4,4.0,0,3.0
1167,Point,53,51,565950,137550,1,0,0.0,0,0,1,4.0,0,4.0,0,1.0,4,3.0,3,4.0,0,3.0
1168,Point,53,52,566050,137550,1,0,0.0,0,0,1,4.0,0,4.0,0,1.0,4,3.0,0,3.0,0,2.0
1169,Point,53,53,566150,137550,0,0,0.0,0,0,1,4.0,0,4.0,0,0.0,4,3.0,0,3.0,0,1.0
1170,Point,53,54,566250,137550,0,0,0.0,0,0,1,3.0,0,4.0,0,0.0,0,3.0,0,3.0,0,1.0
1171,Point,53,55,566350,137550,0,0,0.0,0,0,1,2.0,0,4.0,0,0.0,0,3.0,0,3.0,0,0.0
1172,Point,53,56,566450,137550,0,0,0.0,0,0,1,0.0,0,4.0,0,0.0,0,3.0,0,3.0,0,0.0
1173,Point,53,57,566550,137550,1,0,0.0,0,0,0,0.0,0,4.0,0,0.0,0,3.0,0,4.0,0,0.0
1174,Point,53,58,566650,137550,0,0,0.0,0,0,0,0.0,0,4.0,0,0.0,0,4.0,0,3.0,0,0.0
1175,Point,53,59,566750,137550,0,0,0.0,0,0,0,0.0,0,4.0,0,0.0,0,4.0,0,1.0,0,0.0
1176,Point,53,60,566850,137550,0,0,0.0,0,0,0,0.0,0,4.0,0,0.0,0,4.0,0,0.0,0,0.0
1177,Point,53,61,566950,137550,0,0,0.0,0,0,0,0.0,0,4.0,0,0.0,0,0.0,0,0.0,0,0.0
1178,Point,53,62,567050,137550,1,0,0.0,0,0,1,0.0,0,3.0,0,0.0,0,0.0,0,0.0,0,0.0
1179,Point,53,63,567150,137550,0,0,0.0,0,0,2,0.0,0,3.0,0,0.0,0,0.0,0,0.0,0,0.0
1180,Point,53,64,567250,137550,0,0,0.0,0,0,2,1.0,0,2.0,0,1.0,0,0.0,0,0.0,0,0.0
1181,Point,53,65,567350,137550,0,0,0.0,0,0,3,1.0,0,3.0,0,1.0,0,0.0,0,1.0,0,0.0
1182,Point,53,66,567450,137550,0,0,0.0,0,0,3,1.0,0,0.0,1,1.0,0,0.0,0,1.0,0,0.0
1183,Point,53,67,567550,137550,1,0,0.0,0,0,3,0.0,1,0.0,1,0.0,0,0.0,0,1.0,0,0.0
1184,Point,53,68,567650,137550,0,0,0.0,0,0,3,0.0,3,0.0,1,0.0,0,0.0,0,1.0,0,0.0
1185,Point,53,69,567750,137550,0,1,0.0,0,0,4,0.0,4,0.0,1,0.0,0,4.0,0,1.0,0,0.0
1186,Point,53,70,567850,137550,0,1,0.0,0,0,4,0.0,4,0.0,1,0.0,4,4.0,0,1.0,0,0.0
1187,Point,53,71,567950,137550,0,2,0.0,0,0,4,0.0,4,0.0,1,0.0,4,0.0,0,1.0,0,0.0
1188,Point,53,72,568050,137550,0,2,0.0,0,0,4,0.0,4,0.0,1,0.0,4,0.0,0,1.0,1,0.0
1189,Point,53,73,568150,137550,0,1,0.0,0,0,4,0.0,4,0.0,1,0.0,0,0.0,0,1.0,1,0.0
1190,Point,53,74,568250,137550,0,1,0.0,0,0,4,0.0,4,0.0,1,0.0,0,0.0,0,1.0,1,0.0
1191,Point,53,75,568350,137550,0,1,0.0,0,0,4,0.0,4,0.0,1,0.0,4,0.0,0,1.0,1,0.0
1192,Point,53,76,568450,137550,1,1,0.0,0,0,3,0.0,4,0.0,1,0.0,4,0.0,1,1.0,1,0.0
1193,Point,53,77,568550,137550,0,0,0.0,0,0,3,0.0,4,0.0,1,0.0,4,4.0,1,2.0,1,0.0
1194,Point,53,78,568650,137550,0,0,0.0,0,0,3,0.0,4,0.0,1,0.0,0,4.0,1,1.0,0,0.0
1195,Point,53,79,568750,137550,0,0,0.0,0,0,3,0.0,0,0.0,1,0.0,0,0.0,1,1.0,0,0.0
1196,Point,53,80,568850,137550,0,0,0.0,0,0,3,0.0,0,0.0,1,0.0,0,0.0,1,1.0,0,0.0
1197,Point,53,81,568950,137550,1,0,0.0,0,0,3,0.0,0,0.0,1,0.0,0,0.0,2,1.0,0,0.0
1198,Point,53,82,569050,137550,1,0,0.0,0,0,3,0.0,0,0.0,1,0.0,0,0.0,2,1.0,0,0.0
1199,Point,53,83,569150,137550,1,0,0.0,0,0,3,0.0,0,0.0,1,0.0,0,0.0,2,1.0,0,0.0
1200,Point,53,84,569250,137550,2,0,0.0,0,0,3,0.0,0,0.0,2,0.0,0,0.0,2,2.0,0,0.0
1201,Point,53,85,569350,137550,2,0,0.0,0,0,3,0.0,0,0.0,2,1.0,0,0.0,2,2.0,0,2.0
1202,Point,53,86,569450,137550,2,0,0.0,0,0,2,0.0,0,0.0,2,1.0,0,0.0,2,2.0,0,3.0
1203,Point,53,87,569550,137550,2,0,0.0,0,0,2,0.0,0,0.0,2,1.0,0,0.0,2,2.0,0,4.0
1204,Point,53,88,569650,137550,1,0,0.0,0,0,2,0.0,0,0.0,2,1.0,0,4.0,2,2.0,0,4.0
1205,Point,53,89,569750,137550,1,0,0.0,0,0,1,0.0,0,3.0,3,1.0,0,4.0,2,2.0,0,4.0
1206,Point,53,90,569850,137550,1,0,0.0,0,0,1,0.0,0,4.0,3,1.0,0,4.0,2,2.0,0,4.0
1207,Point,53,91,569950,137550,0,0,0.0,0,0,1,0.0,0,4.0,3,1.0,0,4.0,2,3.0,0,4.0
1208,Point,53,92,570050,137550,0,0,0.0,0,0,1,0.0,0,4.0,3,2.0,0,4.0,2,3.0,0,4.0
1209,Point,53,93,570150,137550,1,0,0.0,0,0,1,0.0,0,4.0,2,2.0,0,4.0,2,3.0,0,4.0
1210,Point,53,94,570250,137550,1,0,0.0,0,0,1,0.0,0,3.0,2,2.0,0,3.0,2,3.0,0,4.0
1211,Point,53,95,570350,137550,1,0,0.0,0,0,1,0.0,0,3.0,2,2.0,4,3.0,2,3.0,0,4.0
1212,Point,53,96,570450,137550,2,0,0.0,0,0,1,1.0,0,3.0,2,3.0,4,3.0,1,3.0,0,4.0
1213,Point,53,97,570550,137550,2,0,0.0,0,0,2,1.0,0,3.0,1,3.0,4,3.0,1,3.0,0,4.0
1214,Point,53,98,570650,137550,3,0,0.0,0,0,1,1.0,0,3.0,1,2.0,4,3.0,1,3.0,0,4.0
1215,Point,53,99,570750,137550,3,0,0.0,0,0,1,1.0,0,3.0,1,2.0,4,3.0,1,3.0,0,4.0
1216,Point,53,100,570850,137550,2,0,0.0,0,0,1,2.0,1,2.0,1,2.0,4,3.0,1,3.0,0,4.0
1217,Point,53,101,570950,137550,2,0,0.0,0,0,1,2.0,1,1.0,0,1.0,4,3.0,0,4.0,0,4.0
1218,Point,53,102,571050,137550,1,0,0.0,0,0,0,2.0,1,1.0,0,1.0,4,3.0,0,4.0,0,4.0
1219,Point,53,103,571150,137550,1,0,0.0,0,0,0,3.0,1,1.0,0,0.0,4,3.0,0,4.0,0,3.0
1220,Point,53,104,571250,137550,1,0,0.0,0,0,0,3.0,2,1.0,0,0.0,4,3.0,0,4.0,0,3.0
1221,Point,53,105,571350,137550,0,0,0.0,0,0,0,4.0,3,1.0,0,0.0,4,3.0,0,4.0,1,3.0
1222,Point,53,106,571450,137550,0,0,0.0,0,0,0,4.0,3,1.0,0,0.0,4,3.0,0,4.0,1,3.0
1223,Point,53,107,571550,137550,0,0,0.0,0,0,0,4.0,3,1.0,0,0.0,4,3.0,0,4.0,1,3.0
1224,Point,53,108,571650,137550,1,0,0.0,0,0,0,4.0,3,1.0,0,0.0,4,3.0,0,4.0,1,3.0
1225,Point,53,109,571750,137550,1,0,0.0,0,0,0,4.0,3,1.0,0,0.0,4,3.0,0,4.0,1,3.0
1226,Point,53,110,571850,137550,2,0,0.0,0,0,1,3.0,3,1.0,0,1.0,4,3.0,0,4.0,2,3.0
1227,Point,53,111,571950,137550,2,0,0.0,0,0,1,3.0,3,1.0,0,1.0,4,3.0,1,4.0,2,3.0
1228,Point,53,112,572050,137550,3,0,0.0,0,0,1,3.0,3,1.0,1,2.0,4,3.0,1,3.0,2,3.0
1229,Point,53,113,572150,137550,3,0,0.0,0,0,2,3.0,3,1.0,1,2.0,4,3.0,2,3.0,2,3.0
1230,Point,54,32,564050,137450,4,0,0.0,0,0,3,2.0,2,2.0,3,2.0,4,3.0,3,2.0,2,3.0
1231,Point,54,33,564150,137450,4,0,0.0,0,0,3,2.0,2,2.0,3,2.0,4,3.0,3,2.0,2,3.0
1232,Point,54,34,564250,137450,4,0,0.0,0,0,3,2.0,3,2.0,2,2.0,4,3.0,3,2.0,2,3.0
1233,Point,54,35,564350,137450,4,0,0.0,0,0,2,2.0,3,2.0,2,2.0,4,3.0,3,2.0,1,3.0
1234,Point,54,36,564450,137450,4,0,0.0,0,0,2,1.0,3,2.0,2,2.0,4,3.0,3,3.0,1,3.0
1235,Point,54,37,564550,137450,4,0,0.0,0,0,2,1.0,3,2.0,3,2.0,4,3.0,3,3.0,1,3.0
1236,Point,54,38,564650,137450,4,0,0.0,0,0,2,1.0,3,2.0,3,2.0,4,3.0,3,3.0,1,3.0
1237,Point,54,39,564750,137450,4,0,0.0,0,0,2,1.0,3,2.0,2,2.0,4,3.0,3,3.0,1,3.0
1238,Point,54,40,564850,137450,4,0,0.0,0,0,1,1.0,3,2.0,2,2.0,4,3.0,3,3.0,0,3.0
1239,Point,54,41,564950,137450,4,0,0.0,0,0,1,1.0,3,2.0,2,2.0,4,3.0,3,3.0,0,3.0
1240,Point,54,42,565050,137450,4,0,0.0,0,0,1,1.0,2,3.0,2,3.0,4,3.0,3,4.0,0,3.0
1241,Point,54,43,565150,137450,4,0,0.0,0,0,1,1.0,1,3.0,2,3.0,4,3.0,3,4.0,0,3.0
1242,Point,54,44,565250,137450,3,0,0.0,0,0,1,1.0,1,3.0,2,3.0,4,3.0,4,4.0,0,3.0
1243,Point,54,45,565350,137450,3,0,0.0,0,0,1,1.0,1,3.0,1,3.0,4,3.0,4,4.0,0,3.0
1244,Point,54,46,565450,137450,3,0,0.0,0,0,1,2.0,0,3.0,1,3.0,4,3.0,4,3.0,0,3.0
1245,Point,54,47,565550,137450,2,0,0.0,0,0,1,3.0,0,4.0,1,2.0,4,3.0,4,3.0,0,3.0
1246,Point,54,48,565650,137450,2,0,0.0,0,0,1,3.0,0,4.0,1,2.0,4,3.0,4,4.0,0,3.0
1247,Point,54,49,565750,137450,1,0,0.0,0,0,1,4.0,0,4.0,0,2.0,4,3.0,4,4.0,0,3.0
1248,Point,54,50,565850,137450,1,0,0.0,0,0,1,4.0,0,4.0,0,1.0,4,3.0,3,4.0,0,3.0
1249,Point,54,51,565950,137450,1,0,0.0,0,0,1,4.0,0,4.0,0,1.0,4,3.0,0,2.0,0,3.0
1250,Point,54,52,566050,137450,0,0,0.0,0,0,1,4.0,0,4.0,0,0.0,4,3.0,0,3.0,0,2.0
1251,Point,54,53,566150,137450,0,0,0.0,0,0,1,4.0,0,4.0,0,0.0,0,3.0,0,3.0,0,1.0
1252,Point,54,54,566250,137450,0,0,0.0,0,0,1,3.0,0,4.0,0,0.0,0,3.0,0,3.0,0,0.0
1253,Point,54,55,566350,137450,0,0,0.0,0,0,1,1.0,0,3.0,0,0.0,0,3.0,0,3.0,0,0.0
1254,Point,54,56,566450,137450,0,0,0.0,0,0,0,0.0,0,3.0,0,0.0,0,3.0,0,3.0,0,0.0
1255,Point,54,57,566550,137450,1,0,0.0,0,0,0,0.0,0,3.0,0,0.0,0,4.0,0,3.0,0,0.0
1256,Point,54,58,566650,137450,1,0,0.0,0,0,0,0.0,0,3.0,0,0.0,0,4.0,0,1.0,0,0.0
1257,Point,54,59,566750,137450,0,0,0.0,0,0,0,0.0,0,3.0,0,0.0,0,4.0,0,0.0,0,0.0
1258,Point,54,60,566850,137450,1,0,0.0,0,0,0,0.0,0,3.0,0,0.0,0,0.0,0,0.0,0,0.0
1259,Point,54,61,566950,137450,1,0,0.0,0,0,1,0.0,0,3.0,0,0.0,0,0.0,0,0.0,0,0.0
1260,Point,54,62,567050,137450,0,0,0.0,0,0,1,0.0,0,3.0,0,0.0,0,0.0,0,0.0,0,0.0
1261,Point,54,63,567150,137450,0,0,0.0,0,0,2,0.0,0,3.0,0,0.0,0,0.0,0,0.0,0,0.0
1262,Point,54,64,567250,137450,1,0,0.0,0,0,2,1.0,0,3.0,0,0.0,0,0.0,0,0.0,0,0.0
1263,Point,54,65,567350,137450,0,0,0.0,0,0,3,1.0,0,2.0,0,1.0,0,0.0,0,0.0,0,0.0
1264,Point,54,66,567450,137450,1,0,0.0,0,0,3,1.0,1,0.0,0,1.0,0,0.0,0,0.0,0,0.0
1265,Point,54,67,567550,137450,1,0,0.0,0,0,3,1.0,4,0.0,1,0.0,0,0.0,0,0.0,0,0.0
1266,Point,54,68,567650,137450,0,0,0.0,0,0,4,0.0,4,0.0,1,0.0,0,0.0,0,1.0,0,0.0
1267,Point,54,69,567750,137450,0,1,0.0,0,0,4,0.0,4,0.0,1,0.0,0,0.0,0,1.0,0,0.0
1268,Point,54,70,567850,137450,0,2,0.0,0,0,4,0.0,4,0.0,1,0.0,4,0.0,0,1.0,0,0.0
1269,Point,54,71,567950,137450,0,3,0.0,0,0,4,0.0,4,0.0,1,0.0,4,0.0,0,1.0,1,0.0
1270,Point,54,72,568050,137450,0,3,0.0,0,0,4,0.0,4,0.0,1,0.0,4,0.0,0,1.0,1,0.0
1271,Point,54,73,568150,137450,0,2,0.0,0,0,4,0.0,4,0.0,1,0.0,0,0.0,0,1.0,1,0.0
1272,Point,54,74,568250,137450,0,2,0.0,0,0,4,0.0,4,0.0,1,0.0,4,0.0,0,1.0,1,0.0
1273,Point,54,75,568350,137450,1,2,0.0,0,0,4,0.0,4,0.0,1,0.0,4,0.0,0,1.0,1,0.0
1274,Point,54,76,568450,137450,1,2,0.0,0,0,3,0.0,4,0.0,1,0.0,4,0.0,1,1.0,1,0.0
1275,Point,54,77,568550,137450,1,1,0.0,0,0,3,0.0,4,0.0,1,0.0,4,0.0,1,1.0,1,0.0
1276,Point,54,78,568650,137450,1,0,0.0,0,0,3,0.0,4,0.0,1,0.0,4,4.0,1,1.0,1,0.0
1277,Point,54,79,568750,137450,1,0,0.0,0,0,3,0.0,1,0.0,1,0.0,0,0.0,1,1.0,1,0.0
1278,Point,54,80,568850,137450,1,0,0.0,0,0,3,0.0,0,0.0,1,0.0,0,0.0,2,1.0,0,0.0
1279,Point,54,81,568950,137450,1,0,0.0,0,0,3,0.0,0,0.0,1,0.0,0,0.0,2,1.0,0,0.0
1280,Point,54,82,569050,137450,1,0,0.0,0,0,3,0.0,0,0.0,1,0.0,0,0.0,2,1.0,0,0.0
1281,Point,54,83,569150,137450,1,0,0.0,0,0,3,0.0,0,0.0,1,0.0,0,0.0,2,1.0,0,0.0
1282,Point,54,84,569250,137450,1,0,0.0,0,0,3,0.0,0,0.0,2,1.0,0,0.0,2,1.0,0,1.0
1283,Point,54,85,569350,137450,1,0,0.0,0,0,2,0.0,0,0.0,2,1.0,0,0.0,2,2.0,0,3.0
1284,Point,54,86,569450,137450,1,0,0.0,0,0,2,0.0,0,0.0,2,1.0,0,0.0,2,2.0,0,4.0
1285,Point,54,87,569550,137450,1,0,0.0,0,0,2,0.0,0,0.0,2,1.0,0,0.0,2,2.0,0,4.0
1286,Point,54,88,569650,137450,1,0,0.0,0,0,1,0.0,0,0.0,2,1.0,0,0.0,2,2.0,0,4.0
1287,Point,54,89,569750,137450,1,0,0.0,0,0,1,0.0,0,3.0,2,1.0,0,4.0,2,2.0,0,4.0
1288,Point,54,90,569850,137450,0,0,0.0,0,0,1,0.0,0,4.0,3,1.0,0,4.0,2,2.0,0,4.0
1289,Point,54,91,569950,137450,0,0,0.0,0,0,1,0.0,0,4.0,3,2.0,0,4.0,2,3.0,0,4.0
1290,Point,54,92,570050,137450,0,0,0.0,0,0,1,0.0,0,4.0,3,2.0,0,4.0,2,3.0,0,4.0
1291,Point,54,93,570150,137450,0,0,0.0,0,0,1,0.0,0,4.0,2,2.0,0,4.0,2,3.0,0,4.0
1292,Point,54,94,570250,137450,1,0,0.0,0,0,1,0.0,0,3.0,2,2.0,0,3.0,1,3.0,0,4.0
1293,Point,54,95,570350,137450,1,0,0.0,0,0,1,0.0,0,3.0,2,3.0,0,3.0,1,3.0,0,4.0
1294,Point,54,96,570450,137450,2,0,0.0,0,0,1,0.0,0,3.0,2,3.0,4,3.0,1,3.0,0,4.0
1295,Point,54,97,570550,137450,2,0,0.0,0,0,2,1.0,0,3.0,1,3.0,4,3.0,1,3.0,0,4.0
1296,Point,54,98,570650,137450,3,0,0.0,0,0,1,1.0,0,3.0,1,3.0,4,3.0,1,3.0,0,4.0
1297,Point,54,99,570750,137450,3,0,0.0,0,0,1,1.0,0,3.0,1,2.0,4,3.0,1,3.0,0,4.0
1298,Point,54,100,570850,137450,2,0,0.0,0,0,1,2.0,1,2.0,1,2.0,4,3.0,1,3.0,0,4.0
1299,Point,54,101,570950,137450,2,0,0.0,0,0,1,2.0,1,2.0,0,1.0,4,3.0,0,3.0,0,4.0
1300,Point,54,102,571050,137450,1,0,0.0,0,0,0,3.0,1,1.0,0,1.0,4,3.0,0,4.0,0,4.0
1301,Point,54,103,571150,137450,1,0,0.0,0,0,0,3.0,1,1.0,0,1.0,4,3.0,0,4.0,0,4.0
1302,Point,54,104,571250,137450,0,0,0.0,0,0,0,3.0,2,1.0,0,0.0,4,3.0,0,4.0,0,3.0
1303,Point,54,105,571350,137450,0,0,0.0,0,0,0,4.0,3,1.0,0,0.0,4,3.0,0,4.0,1,3.0
1304,Point,54,106,571450,137450,0,0,0.0,0,0,0,4.0,3,1.0,0,0.0,4,3.0,0,4.0,1,3.0
1305,Point,54,107,571550,137450,0,0,0.0,0,0,0,4.0,3,1.0,0,0.0,4,3.0,0,4.0,1,3.0
1306,Point,54,108,571650,137450,1,0,0.0,0,0,0,4.0,3,1.0,0,0.0,4,3.0,0,4.0,1,3.0
1307,Point,54,109,571750,137450,1,0,0.0,0,0,1,4.0,3,1.0,0,1.0,4,3.0,0,4.0,1,3.0
1308,Point,54,110,571850,137450,2,0,0.0,0,0,1,3.0,3,1.0,0,1.0,4,3.0,0,4.0,2,3.0
1309,Point,54,111,571950,137450,2,0,0.0,0,0,1,3.0,3,1.0,0,1.0,4,3.0,1,4.0,2,3.0
1310,Point,54,112,572050,137450,3,0,0.0,0,0,2,3.0,3,1.0,1,2.0,4,3.0,1,3.0,2,3.0
1311,Point,54,113,572150,137450,3,0,0.0,0,0,2,3.0,3,1.0,1,2.0,4,3.0,2,3.0,2,3.0
1312,Point,55,32,564050,137350,4,0,0.0,0,0,3,2.0,2,2.0,3,2.0,4,3.0,3,2.0,2,3.0
1313,Point,55,33,564150,137350,4,0,0.0,0,0,3,2.0,2,2.0,3,2.0,4,3.0,3,2.0,2,3.0
1314,Point,55,34,564250,137350,4,0,0.0,0,0,2,2.0,3,2.0,2,2.0,4,3.0,3,2.0,2,3.0
1315,Point,55,35,564350,137350,4,0,0.0,0,0,2,2.0,3,2.0,2,2.0,4,3.0,3,2.0,1,3.0
1316,Point,55,36,564450,137350,4,0,0.0,0,0,2,1.0,3,2.0,2,2.0,4,3.0,3,3.0,1,3.0
1317,Point,55,37,564550,137350,4,0,0.0,0,0,2,1.0,3,2.0,3,2.0,4,3.0,3,3.0,1,3.0
1318,Point,55,38,564650,137350,4,0,0.0,0,0,2,1.0,3,2.0,3,2.0,4,3.0,3,3.0,1,3.0
1319,Point,55,39,564750,137350,4,0,0.0,0,0,2,1.0,3,2.0,2,2.0,4,3.0,3,3.0,0,3.0
1320,Point,55,40,564850,137350,4,0,0.0,0,0,1,1.0,3,2.0,2,2.0,4,3.0,3,3.0,0,3.0
1321,Point,55,41,564950,137350,4,0,0.0,0,0,1,1.0,3,3.0,2,3.0,4,3.0,3,3.0,0,3.0
1322,Point,55,42,565050,137350,4,0,0.0,0,0,1,1.0,2,3.0,2,3.0,4,3.0,3,4.0,0,3.0
1323,Point,55,43,565150,137350,3,0,0.0,0,0,1,1.0,1,3.0,2,3.0,4,3.0,4,4.0,0,3.0
1324,Point,55,44,565250,137350,3,0,0.0,0,0,1,1.0,1,3.0,2,3.0,4,3.0,4,4.0,0,3.0
1325,Point,55,45,565350,137350,3,0,0.0,0,0,1,1.0,1,3.0,1,3.0,4,3.0,4,4.0,0,3.0
1326,Point,55,46,565450,137350,2,0,0.0,0,0,1,2.0,0,4.0,1,2.0,4,3.0,4,3.0,0,3.0
1327,Point,55,47,565550,137350,2,0,0.0,0,0,1,3.0,0,4.0,1,2.0,4,3.0,4,3.0,0,3.0
1328,Point,55,48,565650,137350,2,0,0.0,0,0,1,4.0,0,4.0,1,2.0,4,3.0,4,4.0,0,3.0
1329,Point,55,49,565750,137350,1,0,0.0,0,0,1,4.0,0,4.0,0,1.0,4,3.0,3,4.0,0,3.0
1330,Point,55,50,565850,137350,1,0,0.0,0,0,1,4.0,0,4.0,0,1.0,4,3.0,0,1.0,0,3.0
1331,Point,55,51,565950,137350,0,0,0.0,0,0,1,4.0,0,4.0,0,0.0,4,3.0,0,2.0,0,3.0
1332,Point,55,52,566050,137350,0,0,0.0,0,0,0,4.0,0,4.0,0,0.0,0,3.0,0,3.0,0,2.0
1333,Point,55,53,566150,137350,0,0,0.0,0,0,0,4.0,0,3.0,0,0.0,0,3.0,0,3.0,0,1.0
1334,Point,55,54,566250,137350,0,0,0.0,0,0,0,2.0,0,3.0,0,0.0,0,3.0,0,3.0,0,0.0
1335,Point,55,55,566350,137350,0,0,0.0,0,0,0,0.0,0,3.0,0,0.0,0,3.0,0,2.0,0,0.0
1336,Point,55,56,566450,137350,0,0,0.0,0,0,0,0.0,0,3.0,0,0.0,0,4.0,0,1.0,0,0.0
1337,Point,55,57,566550,137350,0,0,0.0,0,0,0,0.0,0,2.0,0,0.0,0,4.0,0,0.0,0,0.0
1338,Point,55,58,566650,137350,1,0,0.0,0,0,0,0.0,0,3.0,0,0.0,0,4.0,0,0.0,0,0.0
1339,Point,55,59,566750,137350,0,0,0.0,0,0,0,0.0,0,3.0,0,0.0,0,0.0,0,0.0,0,0.0
1340,Point,55,60,566850,137350,0,0,0.0,0,0,1,0.0,0,3.0,0,0.0,0,0.0,0,0.0,0,0.0
1341,Point,55,61,566950,137350,0,0,0.0,0,0,1,0.0,0,3.0,0,0.0,0,0.0,0,0.0,0,0.0
1342,Point,55,62,567050,137350,0,0,0.0,0,0,2,0.0,0,3.0,0,0.0,0,0.0,0,0.0,0,0.0
1343,Point,55,63,567150,137350,0,0,0.0,0,0,2,0.0,0,3.0,0,0.0,0,0.0,0,0.0,0,0.0
1344,Point,55,64,567250,137350,0,0,0.0,0,0,2,0.0,0,3.0,0,0.0,0,0.0,0,0.0,0,0.0
1345,Point,55,65,567350,137350,1,0,0.0,0,0,3,1.0,1,0.0,0,1.0,0,0.0,0,0.0,0,0.0
1346,Point,55,66,567450,137350,1,0,0.0,0,0,3,1.0,4,0.0,0,1.0,0,0.0,0,0.0,0,0.0
1347,Point,55,67,567550,137350,1,0,0.0,0,0,4,1.0,4,0.0,1,1.0,0,0.0,0,0.0,0,0.0
1348,Point,55,68,567650,137350,0,0,0.0,0,0,4,1.0,4,0.0,1,1.0,0,0.0,0,0.0,0,0.0
1349,Point,55,69,567750,137350,0,1,0.0,0,0,4,0.0,4,0.0,1,0.0,0,0.0,0,1.0,0,0.0
1350,Point,55,70,567850,137350,0,2,0.0,0,0,4,0.0,4,0.0,1,0.0,4,0.0,0,1.0,0,0.0
1351,Point,55,71,567950,137350,0,3,0.0,0,0,4,0.0,4,0.0,1,0.0,4,0.0,0,1.0,1,0.0
1352,Point,55,72,568050,137350,0,3,0.0,0,0,4,0.0,4,0.0,1,0.0,4,0.0,0,1.0,1,0.0
1353,Point,55,73,568150,137350,0,2,0.0,0,0,4,0.0,4,0.0,1,0.0,4,0.0,0,1.0,1,0.0
1354,Point,55,74,568250,137350,1,3,0.0,0,0,4,0.0,4,0.0,1,0.0,4,0.0,0,1.0,2,0.0
1355,Point,55,75,568350,137350,1,4,0.0,0,0,4,0.0,4,0.0,1,0.0,4,0.0,0,1.0,2,0.0
1356,Point,55,76,568450,137350,1,2,0.0,0,0,4,0.0,4,0.0,1,0.0,4,0.0,0,1.0,2,0.0
1357,Point,55,77,568550,137350,1,1,0.0,0,0,3,0.0,4,0.0,1,0.0,4,0.0,1,1.0,1,0.0
1358,Point,55,78,568650,137350,1,0,0.0,0,0,3,0.0,4,0.0,1,0.0,4,4.0,1,1.0,1,0.0
1359,Point,55,79,568750,137350,1,0,0.0,0,0,3,0.0,1,0.0,1,0.0,0,0.0,1,1.0,1,0.0
1360,Point,55,80,568850,137350,0,0,0.0,0,0,3,0.0,0,0.0,1,0.0,0,0.0,2,1.0,1,0.0
1361,Point,55,81,568950,137350,0,0,0.0,0,0,3,0.0,0,0.0,1,0.0,0,0.0,2,1.0,1,0.0
1362,Point,55,82,569050,137350,0,0,0.0,0,0,3,0.0,0,0.0,1,0.0,0,0.0,2,1.0,1,0.0
1363,Point,55,83,569150,137350,1,0,0.0,0,0,2,0.0,0,0.0,1,1.0,0,0.0,2,1.0,1,0.0
1364,Point,55,84,569250,137350,1,0,0.0,0,0,2,0.0,0,0.0,2,1.0,0,0.0,2,1.0,0,3.0
1365,Point,55,85,569350,137350,1,0,0.0,0,0,2,0.0,0,0.0,2,1.0,0,0.0,2,1.0,0,4.0
1366,Point,55,86,569450,137350,1,0,0.0,0,0,1,0.0,0,0.0,2,1.0,0,0.0,2,2.0,0,4.0
1367,Point,55,87,569550,137350,1,0,0.0,0,0,1,0.0,0,0.0,2,1.0,0,0.0,2,2.0,0,4.0
1368,Point,55,88,569650,137350,1,0,0.0,0,0,1,0.0,0,0.0,2,1.0,0,0.0,2,2.0,0,4.0
1369,Point,55,89,569750,137350,1,0,0.0,0,0,1,0.0,0,3.0,2,1.0,0,0.0,2,2.0,0,4.0
1370,Point,55,90,569850,137350,0,0,0.0,0,0,1,0.0,0,4.0,2,2.0,0,4.0,2,2.0,0,4.0
1371,Point,55,91,569950,137350,0,0,0.0,0,0,1,0.0,0,4.0,3,2.0,0,4.0,2,3.0,0,4.0
1372,Point,55,92,570050,137350,0,0,0.0,0,0,1,0.0,0,4.0,3,2.0,0,4.0,1,3.0,0,4.0
1373,Point,55,93,570150,137350,0,0,0.0,0,0,1,0.0,0,4.0,2,2.0,0,4.0,1,3.0,0,4.0
1374,Point,55,94,570250,137350,1,0,0.0,0,0,1,0.0,0,3.0,2,2.0,0,4.0,1,3.0,0,4.0
1375,Point,55,95,570350,137350,1,0,0.0,0,0,0,0.0,0,3.0,2,3.0,0,3.0,1,3.0,0,4.0
1376,Point,55,96,570450,137350,2,0,0.0,0,0,1,0.0,0,3.0,2,3.0,4,3.0,1,3.0,0,4.0
1377,Point,55,97,570550,137350,2,0,0.0,0,0,1,1.0,0,3.0,1,3.0,4,3.0,1,3.0,0,4.0
1378,Point,55,98,570650,137350,2,0,0.0,0,0,2,1.0,0,3.0,1,3.0,4,3.0,1,3.0,0,4.0
1379,Point,55,99,570750,137350,2,0,0.0,0,0,1,1.0,0,3.0,1,2.0,4,3.0,1,3.0,0,4.0
1380,Point,55,100,570850,137350,2,0,0.0,0,0,1,1.0,1,2.0,1,2.0,4,3.0,1,3.0,0,4.0
1381,Point,55,101,570950,137350,2,0,0.0,0,0,1,2.0,1,2.0,0,2.0,4,3.0,0,3.0,0,4.0
1382,Point,55,102,571050,137350,1,0,0.0,0,0,1,3.0,1,1.0,0,1.0,4,3.0,0,4.0,0,4.0
1383,Point,55,103,571150,137350,1,0,0.0,0,0,0,3.0,1,1.0,0,1.0,4,3.0,0,4.0,0,4.0
1384,Point,55,104,571250,137350,1,0,0.0,0,0,0,3.0,2,1.0,0,0.0,4,3.0,0,4.0,0,3.0
1385,Point,55,105,571350,137350,0,0,0.0,0,0,0,3.0,3,1.0,0,0.0,4,3.0,0,4.0,1,3.0
1386,Point,55,106,571450,137350,0,0,0.0,0,0,0,4.0,3,1.0,0,0.0,4,3.0,0,4.0,1,3.0
1387,Point,55,107,571550,137350,0,0,0.0,0,0,0,4.0,3,1.0,0,0.0,4,3.0,0,4.0,1,3.0
1388,Point,55,108,571650,137350,1,0,0.0,0,0,0,3.0,3,1.0,0,1.0,4,3.0,0,4.0,1,3.0
1389,Point,55,109,571750,137350,1,0,0.0,0,0,1,3.0,3,1.0,0,1.0,4,3.0,0,4.0,1,3.0
1390,Point,55,110,571850,137350,2,0,0.0,0,0,1,3.0,3,1.0,0,1.0,4,3.0,1,4.0,2,3.0
1391,Point,55,111,571950,137350,2,0,0.0,0,0,1,3.0,3,1.0,0,2.0,4,3.0,1,4.0,2,3.0
1392,Point,55,112,572050,137350,3,0,0.0,0,0,2,3.0,3,1.0,1,2.0,4,3.0,1,3.0,2,3.0
1393,Point,55,113,572150,137350,3,0,0.0,0,0,2,2.0,3,1.0,1,2.0,4,3.0,2,3.0,2,3.0
1394,Point,56,32,564050,137250,4,0,0.0,0,0,3,2.0,2,2.0,3,2.0,4,3.0,3,2.0,2,3.0
1395,Point,56,33,564150,137250,4,0,0.0,0,0,3,2.0,3,2.0,3,2.0,4,3.0,3,2.0,2,3.0
1396,Point,56,34,564250,137250,4,0,0.0,0,0,2,2.0,3,2.0,2,2.0,4,3.0,3,2.0,2,3.0
1397,Point,56,35,564350,137250,4,0,0.0,0,0,2,2.0,3,2.0,2,2.0,4,3.0,3,2.0,1,3.0
1398,Point,56,36,564450,137250,4,0,0.0,0,0,2,1.0,3,2.0,2,2.0,4,3.0,3,3.0,1,3.0
1399,Point,56,37,564550,137250,4,0,0.0,0,0,2,1.0,3,2.0,3,2.0,4,3.0,3,3.0,1,3.0
1400,Point,56,38,564650,137250,4,0,0.0,0,0,2,1.0,3,2.0,3,2.0,4,3.0,3,3.0,1,3.0
1401,Point,56,39,564750,137250,4,0,0.0,0,0,2,1.0,3,2.0,2,2.0,4,3.0,3,3.0,0,3.0
1402,Point,56,40,564850,137250,4,0,0.0,0,0,1,1.0,3,2.0,2,3.0,4,3.0,3,3.0,0,3.0
1403,Point,56,41,564950,137250,4,0,0.0,0,0,1,1.0,3,3.0,2,3.0,4,3.0,3,4.0,0,3.0
1404,Point,56,42,565050,137250,3,0,0.0,0,0,1,1.0,1,3.0,2,3.0,4,3.0,3,4.0,0,3.0
1405,Point,56,43,565150,137250,3,0,0.0,0,0,1,1.0,1,3.0,2,3.0,4,3.0,4,4.0,0,3.0
1406,Point,56,44,565250,137250,3,0,0.0,0,0,1,1.0,1,3.0,2,3.0,4,3.0,4,4.0,0,3.0
1407,Point,56,45,565350,137250,2,0,0.0,0,0,1,2.0,1,3.0,1,3.0,4,3.0,4,3.0,0,3.0
1408,Point,56,46,565450,137250,2,0,0.0,0,0,1,3.0,0,4.0,1,3.0,4,3.0,4,3.0,0,3.0
1409,Point,56,47,565550,137250,2,0,0.0,0,0,1,3.0,0,4.0,1,2.0,4,3.0,4,4.0,0,4.0
1410,Point,56,48,565650,137250,1,0,0.0,0,0,1,4.0,0,4.0,1,2.0,4,3.0,3,4.0,0,3.0
1411,Point,56,49,565750,137250,1,0,0.0,0,0,1,4.0,0,4.0,0,1.0,4,3.0,0,1.0,0,3.0
1412,Point,56,50,565850,137250,1,0,0.0,0,0,1,4.0,0,4.0,0,1.0,4,3.0,0,1.0,0,3.0
1413,Point,56,51,565950,137250,0,0,0.0,0,0,0,4.0,0,4.0,0,0.0,4,3.0,0,2.0,0,3.0
1414,Point,56,52,566050,137250,0,0,0.0,0,0,0,4.0,0,3.0,0,0.0,0,3.0,0,3.0,0,1.0
1415,Point,56,53,566150,137250,0,0,0.0,0,0,0,4.0,0,3.0,0,0.0,0,3.0,0,1.0,0,0.0
1416,Point,56,54,566250,137250,0,0,0.0,0,0,0,1.0,0,3.0,0,0.0,0,3.0,0,1.0,0,0.0
1417,Point,56,55,566350,137250,0,0,0.0,0,0,0,0.0,0,0.0,0,0.0,0,3.0,0,0.0,0,0.0
1418,Point,56,56,566450,137250,0,0,0.0,0,0,0,0.0,0,0.0,0,0.0,0,4.0,0,0.0,0,0.0
1419,Point,56,57,566550,137250,0,0,0.0,0,0,0,0.0,0,0.0,0,0.0,0,4.0,0,0.0,0,0.0
1420,Point,56,58,566650,137250,0,0,0.0,0,0,0,0.0,0,0.0,0,0.0,0,0.0,0,0.0,0,0.0
1421,Point,56,59,566750,137250,0,0,0.0,0,0,0,0.0,0,0.0,0,0.0,0,0.0,0,0.0,0,0.0
1422,Point,56,60,566850,137250,0,0,0.0,0,0,1,0.0,0,0.0,0,0.0,0,0.0,0,0.0,0,0.0
1423,Point,56,61,566950,137250,0,0,0.0,0,0,2,0.0,0,0.0,0,0.0,0,0.0,0,0.0,0,0.0
1424,Point,56,62,567050,137250,0,0,0.0,0,0,2,0.0,0,0.0,0,0.0,0,0.0,0,0.0,0,0.0
1425,Point,56,63,567150,137250,0,0,0.0,0,0,2,0.0,0,0.0,0,0.0,0,0.0,0,0.0,0,0.0
1426,Point,56,64,567250,137250,0,0,0.0,0,0,3,0.0,0,0.0,0,0.0,0,0.0,0,0.0,0,0.0
1427,Point,56,65,567350,137250,0,0,0.0,0,0,3,1.0,1,0.0,0,1.0,0,0.0,0,0.0,0,0.0
1428,Point,56,66,567450,137250,1,0,0.0,0,0,4,1.0,4,0.0,0,1.0,0,0.0,0,0.0,1,0.0
1429,Point,56,67,567550,137250,1,1,0.0,0,0,4,1.0,4,0.0,1,1.0,0,0.0,0,0.0,1,0.0
1430,Point,56,68,567650,137250,1,1,0.0,0,0,4,1.0,4,0.0,1,1.0,0,0.0,0,0.0,1,0.0
1431,Point,56,69,567750,137250,0,2,0.0,0,0,4,0.0,4,0.0,1,1.0,0,0.0,0,0.0,1,0.0
1432,Point,56,70,567850,137250,0,2,0.0,0,0,4,0.0,4,0.0,1,0.0,0,0.0,0,1.0,1,0.0
1433,Point,56,71,567950,137250,0,2,0.0,0,0,4,0.0,4,0.0,1,0.0,0,0.0,0,1.0,1,0.0
1434,Point,56,72,568050,137250,0,2,0.0,0,0,4,0.0,4,0.0,1,0.0,0,0.0,0,0.0,1,0.0
1435,Point,56,73,568150,137250,1,2,0.0,0,0,4,0.0,4,0.0,1,0.0,4,0.0,0,0.0,2,0.0
1436,Point,56,74,568250,137250,1,2,0.0,0,0,4,0.0,4,0.0,1,0.0,4,0.0,0,0.0,2,0.0
1437,Point,56,75,568350,137250,1,3,0.0,0,0,4,0.0,4,0.0,1,0.0,4,0.0,0,0.0,2,0.0
1438,Point,56,76,568450,137250,2,2,0.0,0,0,4,0.0,4,0.0,1,0.0,4,0.0,0,0.0,2,0.0
1439,Point,56,77,568550,137250,1,1,0.0,0,0,3,0.0,4,0.0,1,0.0,4,0.0,1,1.0,2,0.0
1440,Point,56,78,568650,137250,1,0,0.0,0,0,3,0.0,4,0.0,1,0.0,0,4.0,1,1.0,1,0.0
1441,Point,56,79,568750,137250,0,0,0.0,0,0,3,0.0,1,0.0,1,0.0,0,0.0,1,1.0,1,0.0
1442,Point,56,80,568850,137250,0,0,0.0,0,0,3,0.0,0,0.0,1,0.0,0,0.0,1,1.0,1,0.0
1443,Point,56,81,568950,137250,0,0,0.0,0,0,2,0.0,0,0.0,1,0.0,0,0.0,1,1.0,1,0.0
1444,Point,56,82,569050,137250,0,0,0.0,0,0,2,0.0,0,0.0,1,1.0,0,0.0,2,1.0,1,0.0
1445,Point,56,83,569150,137250,1,0,0.0,0,0,2,0.0,0,0.0,1,1.0,0,0.0,2,1.0,1,2.0
1446,Point,56,84,569250,137250,1,0,0.0,0,0,1,0.0,0,0.0,2,1.0,0,0.0,2,1.0,0,4.0
1447,Point,56,85,569350,137250,0,0,0.0,0,0,1,0.0,0,0.0,2,1.0,0,0.0,2,1.0,0,4.0
1448,Point,56,86,569450,137250,0,0,0.0,0,0,1,0.0,0,0.0,2,1.0,0,0.0,2,1.0,0,4.0
1449,Point,56,87,569550,137250,0,0,0.0,0,0,1,0.0,0,0.0,2,1.0,0,0.0,2,2.0,0,4.0
1450,Point,56,88,569650,137250,1,0,0.0,0,0,0,0.0,0,0.0,2,1.0,0,0.0,2,2.0,0,4.0
1451,Point,56,89,569750,137250,1,0,0.0,0,0,0,0.0,0,3.0,2,1.0,0,0.0,2,2.0,0,4.0
1452,Point,56,90,569850,137250,1,0,0.0,0,0,0,0.0,0,4.0,2,2.0,0,4.0,2,2.0,0,4.0
1453,Point,56,91,569950,137250,0,0,0.0,0,0,0,0.0,0,4.0,2,2.0,0,4.0,1,3.0,0,4.0
1454,Point,56,92,570050,137250,0,0,0.0,0,0,0,0.0,0,4.0,2,2.0,0,4.0,1,3.0,0,4.0
1455,Point,56,93,570150,137250,1,0,0.0,0,0,0,0.0,0,4.0,2,2.0,0,4.0,1,3.0,0,4.0
1456,Point,56,94,570250,137250,1,0,0.0,0,0,0,0.0,0,3.0,2,3.0,0,4.0,1,3.0,0,4.0
1457,Point,56,95,570350,137250,1,0,0.0,0,0,0,0.0,0,3.0,2,3.0,0,3.0,1,4.0,0,4.0
1458,Point,56,96,570450,137250,1,0,0.0,0,0,1,0.0,0,3.0,2,3.0,4,3.0,1,3.0,0,4.0
1459,Point,56,97,570550,137250,1,0,0.0,0,0,1,0.0,0,3.0,2,3.0,4,3.0,1,3.0,0,4.0
1460,Point,56,98,570650,137250,2,0,0.0,0,0,2,1.0,0,3.0,1,3.0,4,3.0,1,3.0,0,4.0
1461,Point,56,99,570750,137250,2,0,0.0,0,0,2,1.0,0,3.0,1,3.0,4,3.0,1,3.0,0,4.0
1462,Point,56,100,570850,137250,2,0,0.0,0,0,1,1.0,1,2.0,1,2.0,4,3.0,1,3.0,0,4.0
1463,Point,56,101,570950,137250,2,0,0.0,0,0,1,2.0,1,2.0,1,2.0,4,3.0,0,3.0,0,4.0
1464,Point,56,102,571050,137250,2,0,0.0,0,0,1,3.0,1,1.0,0,1.0,4,3.0,0,3.0,0,4.0
1465,Point,56,103,571150,137250,1,0,0.0,0,0,0,3.0,1,1.0,0,1.0,4,3.0,0,4.0,0,4.0
1466,Point,56,104,571250,137250,1,0,0.0,0,0,0,3.0,2,1.0,0,1.0,4,3.0,0,4.0,1,4.0
1467,Point,56,105,571350,137250,1,0,0.0,0,0,0,3.0,3,1.0,0,1.0,4,3.0,0,4.0,1,3.0
1468,Point,56,106,571450,137250,0,0,0.0,0,0,0,3.0,3,1.0,0,1.0,4,3.0,0,4.0,1,3.0
1469,Point,56,107,571550,137250,1,0,0.0,0,0,0,3.0,3,1.0,0,1.0,4,3.0,0,4.0,1,3.0
1470,Point,56,108,571650,137250,1,0,0.0,0,0,0,3.0,3,1.0,0,1.0,4,3.0,0,4.0,1,3.0
1471,Point,56,109,571750,137250,1,0,0.0,0,0,1,3.0,3,1.0,0,1.0,4,3.0,1,4.0,1,3.0
1472,Point,56,110,571850,137250,2,0,0.0,0,0,1,3.0,3,1.0,0,1.0,4,3.0,1,4.0,2,3.0
1473,Point,56,111,571950,137250,2,0,0.0,0,0,1,3.0,3,1.0,1,2.0,4,3.0,1,3.0,2,3.0
1474,Point,56,112,572050,137250,3,0,0.0,0,0,2,3.0,3,1.0,1,2.0,4,3.0,2,3.0,2,3.0
1475,Point,56,113,572150,137250,3,0,0.0,0,0,2,2.0,3,1.0,1,3.0,4,3.0,2,3.0,2,3.0
1476,Point,57,32,564050,137150,4,0,0.0,0,0,3,2.0,2,2.0,3,2.0,4,3.0,3,2.0,2,3.0
1477,Point,57,33,564150,137150,4,0,0.0,0,0,3,2.0,3,2.0,3,3.0,4,3.0,3,2.0,2,3.0
1478,Point,57,34,564250,137150,4,0,0.0,0,0,2,2.0,3,2.0,3,2.0,4,3.0,3,2.0,2,3.0
1479,Point,57,35,564350,137150,4,0,0.0,0,0,2,2.0,3,2.0,3,2.0,4,3.0,3,2.0,1,3.0
1480,Point,57,36,564450,137150,4,0,0.0,0,0,2,1.0,3,2.0,3,2.0,4,3.0,3,3.0,1,3.0
1481,Point,57,37,564550,137150,4,0,0.0,0,0,2,1.0,3,2.0,3,2.0,4,3.0,3,3.0,1,3.0
1482,Point,57,38,564650,137150,4,0,0.0,0,0,2,1.0,3,2.0,3,2.0,4,3.0,3,3.0,1,3.0
1483,Point,57,39,564750,137150,4,0,0.0,0,0,2,1.0,3,2.0,2,3.0,4,3.0,3,3.0,0,3.0
1484,Point,57,40,564850,137150,4,0,0.0,0,0,1,1.0,3,3.0,2,3.0,4,3.0,3,3.0,0,3.0
1485,Point,57,41,564950,137150,4,0,0.0,0,0,1,1.0,2,3.0,2,3.0,4,3.0,3,4.0,0,3.0
1486,Point,57,42,565050,137150,3,0,0.0,0,0,1,1.0,1,3.0,2,3.0,4,3.0,4,4.0,0,3.0
1487,Point,57,43,565150,137150,3,0,0.0,0,0,1,1.0,1,3.0,2,3.0,4,3.0,4,4.0,0,3.0
1488,Point,57,44,565250,137150,2,0,0.0,0,0,1,1.0,1,3.0,2,3.0,4,3.0,4,3.0,0,3.0
1489,Point,57,45,565350,137150,2,0,0.0,0,0,1,2.0,0,3.0,1,3.0,4,3.0,4,3.0,0,3.0
1490,Point,57,46,565450,137150,2,0,0.0,0,0,1,3.0,0,4.0,1,3.0,4,3.0,4,3.0,0,3.0
1491,Point,57,47,565550,137150,1,0,0.0,0,0,1,4.0,0,4.0,1,2.0,4,3.0,4,4.0,0,4.0
1492,Point,57,48,565650,137150,1,0,0.0,0,0,1,4.0,0,4.0,1,2.0,4,3.0,0,4.0,0,3.0
1493,Point,57,49,565750,137150,1,0,0.0,0,0,1,4.0,0,4.0,0,2.0,4,3.0,0,1.0,0,3.0
1494,Point,57,50,565850,137150,1,0,0.0,0,0,1,4.0,0,4.0,0,1.0,4,3.0,0,1.0,0,3.0
1495,Point,57,51,565950,137150,0,0,0.0,0,0,0,4.0,0,3.0,0,0.0,0,3.0,0,1.0,0,2.0
1496,Point,57,52,566050,137150,0,0,0.0,0,0,0,4.0,0,3.0,0,0.0,0,3.0,0,2.0,0,1.0
1497,Point,57,53,566150,137150,0,0,0.0,0,0,0,3.0,0,3.0,0,0.0,0,3.0,0,1.0,0,0.0
1498,Point,57,54,566250,137150,0,0,0.0,0,0,0,0.0,0,1.0,0,0.0,0,3.0,0,0.0,0,0.0
1499,Point,57,55,566350,137150,0,0,0.0,0,0,0,0.0,0,0.0,0,0.0,0,3.0,0,0.0,0,0.0
1500,Point,57,56,566450,137150,0,0,0.0,0,0,0,0.0,0,0.0,0,0.0,0,4.0,0,0.0,0,0.0
1501,Point,57,57,566550,137150,1,0,0.0,0,0,1,0.0,0,0.0,0,0.0,0,0.0,0,0.0,0,0.0
1502,Point,57,58,566650,137150,0,0,0.0,0,0,1,0.0,0,0.0,0,0.0,0,0.0,0,0.0,0,0.0
1503,Point,57,59,566750,137150,0,0,0.0,0,0,1,0.0,0,0.0,0,0.0,0,0.0,0,0.0,0,0.0
1504,Point,57,60,566850,137150,0,0,0.0,0,0,1,0.0,0,0.0,0,0.0,0,0.0,0,0.0,0,0.0
1505,Point,57,61,566950,137150,0,0,0.0,0,0,2,0.0,0,0.0,0,0.0,0,0.0,0,0.0,0,0.0
1506,Point,57,62,567050,137150,0,0,0.0,0,0,3,0.0,0,0.0,0,0.0,0,0.0,0,0.0,0,0.0
1507,Point,57,63,567150,137150,0,0,0.0,0,0,3,0.0,0,0.0,0,0.0,0,0.0,0,0.0,0,0.0
1508,Point,57,64,567250,137150,0,0,0.0,0,0,3,0.0,0,0.0,0,0.0,0,0.0,0,0.0,0,0.0
1509,Point,57,65,567350,137150,0,0,0.0,0,0,4,1.0,2,0.0,0,1.0,0,0.0,0,0.0,0,0.0
1510,Point,57,66,567450,137150,1,0,0.0,0,0,4,1.0,4,0.0,0,1.0,0,0.0,0,0.0,1,0.0
1511,Point,57,67,567550,137150,1,1,0.0,0,0,4,1.0,4,0.0,1,1.0,0,0.0,0,0.0,1,0.0
1512,Point,57,68,567650,137150,0,2,0.0,0,0,4,0.0,4,0.0,1,1.0,0,0.0,0,0.0,1,0.0
1513,Point,57,69,567750,137150,0,3,0.0,0,0,4,0.0,4,0.0,1,1.0,0,0.0,0,0.0,1,0.0
1514,Point,57,70,567850,137150,0,2,0.0,0,0,4,0.0,4,0.0,1,1.0,0,0.0,0,0.0,1,0.0
1515,Point,57,71,567950,137150,0,2,0.0,0,0,4,0.0,2,0.0,1,1.0,0,0.0,0,0.0,2,0.0
1516,Point,57,72,568050,137150,0,1,0.0,0,0,4,0.0,2,0.0,1,0.0,0,0.0,0,0.0,2,0.0
1517,Point,57,73,568150,137150,1,1,0.0,0,0,4,0.0,3,0.0,1,0.0,0,0.0,0,0.0,2,0.0
1518,Point,57,74,568250,137150,1,2,0.0,0,0,4,0.0,4,0.0,1,0.0,4,0.0,0,0.0,2,0.0
1519,Point,57,75,568350,137150,2,2,0.0,0,0,4,0.0,4,0.0,1,0.0,4,0.0,0,0.0,2,0.0
1520,Point,57,76,568450,137150,1,2,0.0,0,0,4,0.0,4,0.0,1,0.0,4,0.0,0,0.0,2,0.0
1521,Point,57,77,568550,137150,1,1,0.0,0,0,3,0.0,4,0.0,1,0.0,4,0.0,1,1.0,2,0.0
1522,Point,57,78,568650,137150,1,0,0.0,0,0,3,0.0,4,0.0,1,0.0,0,4.0,1,1.0,2,0.0
1523,Point,57,79,568750,137150,1,0,0.0,0,0,3,0.0,1,0.0,1,0.0,0,0.0,1,1.0,2,0.0
1524,Point,57,80,568850,137150,0,0,0.0,0,0,2,0.0,0,0.0,1,0.0,0,0.0,1,1.0,1,0.0
1525,Point,57,81,568950,137150,0,0,0.0,0,0,2,0.0,0,0.0,1,1.0,0,0.0,1,1.0,1,0.0
1526,Point,57,82,569050,137150,0,0,0.0,0,0,1,0.0,0,0.0,1,1.0,0,0.0,1,1.0,1,1.0
1527,Point,57,83,569150,137150,1,0,0.0,0,0,1,0.0,0,0.0,1,1.0,0,0.0,1,1.0,1,3.0
1528,Point,57,84,569250,137150,0,0,0.0,0,0,1,0.0,0,0.0,1,1.0,0,0.0,1,1.0,1,4.0
1529,Point,57,85,569350,137150,0,0,0.0,0,0,0,0.0,0,0.0,2,1.0,0,0.0,2,1.0,0,4.0
1530,Point,57,86,569450,137150,0,0,0.0,0,0,0,0.0,0,0.0,2,1.0,0,0.0,2,1.0,0,4.0
1531,Point,57,87,569550,137150,0,0,0.0,0,0,0,0.0,0,0.0,2,1.0,0,0.0,2,1.0,0,4.0
1532,Point,57,88,569650,137150,1,0,0.0,0,0,0,0.0,0,3.0,2,1.0,0,0.0,2,2.0,0,4.0
1533,Point,57,89,569750,137150,1,0,0.0,0,0,0,0.0,0,3.0,2,2.0,0,0.0,1,2.0,0,4.0
1534,Point,57,90,569850,137150,1,0,0.0,0,0,0,0.0,0,3.0,2,2.0,0,4.0,1,2.0,0,4.0
1535,Point,57,91,569950,137150,1,0,0.0,0,0,0,0.0,0,3.0,2,2.0,0,4.0,1,3.0,0,4.0
1536,Point,57,92,570050,137150,1,0,0.0,0,0,0,0.0,0,4.0,2,2.0,0,4.0,1,3.0,0,4.0
1537,Point,57,93,570150,137150,1,0,0.0,0,0,0,0.0,0,3.0,2,3.0,0,4.0,1,3.0,0,4.0
1538,Point,57,94,570250,137150,1,0,0.0,0,0,0,0.0,0,3.0,2,3.0,0,4.0,1,4.0,0,4.0
1539,Point,57,95,570350,137150,1,0,0.0,0,0,0,0.0,0,3.0,2,3.0,0,3.0,0,4.0,0,4.0
1540,Point,57,96,570450,137150,1,0,0.0,0,0,1,0.0,0,3.0,2,4.0,4,3.0,0,4.0,0,4.0
1541,Point,57,97,570550,137150,1,0,0.0,0,0,1,0.0,0,3.0,2,4.0,4,3.0,0,4.0,0,4.0
1542,Point,57,98,570650,137150,1,0,0.0,0,0,2,1.0,0,3.0,1,3.0,4,3.0,0,3.0,0,4.0
1543,Point,57,99,570750,137150,2,0,0.0,0,0,2,1.0,1,3.0,1,3.0,4,3.0,0,3.0,0,4.0
1544,Point,57,100,570850,137150,2,0,0.0,0,0,2,1.0,1,2.0,1,2.0,4,3.0,1,3.0,0,4.0
1545,Point,57,101,570950,137150,2,0,0.0,0,0,1,1.0,1,2.0,1,2.0,4,3.0,1,3.0,0,4.0
1546,Point,57,102,571050,137150,2,0,0.0,0,0,1,2.0,1,1.0,1,2.0,4,3.0,0,3.0,0,4.0
1547,Point,57,103,571150,137150,2,0,0.0,0,0,1,3.0,1,1.0,0,1.0,4,3.0,0,3.0,1,4.0
1548,Point,57,104,571250,137150,1,0,0.0,0,0,0,3.0,2,1.0,0,1.0,4,3.0,0,3.0,1,4.0
1549,Point,57,105,571350,137150,1,0,0.0,0,0,0,3.0,3,1.0,0,1.0,4,3.0,0,4.0,1,3.0
1550,Point,57,106,571450,137150,1,0,0.0,0,0,0,3.0,3,1.0,0,1.0,4,3.0,0,4.0,1,3.0
1551,Point,57,107,571550,137150,1,0,0.0,0,0,0,3.0,3,1.0,0,1.0,4,3.0,0,4.0,1,3.0
1552,Point,57,108,571650,137150,1,0,0.0,0,0,1,3.0,3,1.0,0,1.0,4,3.0,1,4.0,1,3.0
1553,Point,57,109,571750,137150,2,0,0.0,0,0,1,3.0,3,1.0,0,2.0,4,3.0,1,4.0,2,3.0
1554,Point,57,110,571850,137150,2,0,0.0,0,0,1,3.0,3,1.0,1,2.0,4,3.0,1,3.0,2,3.0
1555,Point,57,111,571950,137150,2,0,0.0,0,0,1,2.0,3,1.0,1,2.0,4,3.0,2,3.0,2,3.0
1556,Point,57,112,572050,137150,3,0,0.0,0,0,2,2.0,3,1.0,1,2.0,4,3.0,2,3.0,2,3.0
1557,Point,57,113,572150,137150,3,0,0.0,0,0,2,2.0,3,1.0,1,3.0,4,3.0,2,3.0,2,3.0
1558,Point,58,32,564050,137050,4,0,0.0,0,0,3,2.0,2,2.0,3,2.0,4,3.0,3,2.0,2,3.0
1559,Point,58,33,564150,137050,4,0,0.0,0,0,3,2.0,3,2.0,3,3.0,4,3.0,3,2.0,2,3.0
1560,Point,58,34,564250,137050,4,0,0.0,0,0,2,2.0,3,2.0,3,2.0,4,3.0,3,2.0,2,3.0
1561,Point,58,35,564350,137050,4,0,0.0,0,0,2,2.0,3,2.0,3,2.0,4,3.0,3,2.0,1,3.0
1562,Point,58,36,564450,137050,4,0,0.0,0,0,2,1.0,3,2.0,3,2.0,4,3.0,3,3.0,1,3.0
1563,Point,58,37,564550,137050,4,0,0.0,0,0,2,1.0,3,2.0,3,2.0,4,3.0,3,3.0,1,3.0
1564,Point,58,38,564650,137050,4,0,0.0,0,0,2,1.0,3,2.0,3,2.0,4,3.0,3,3.0,1,3.0
1565,Point,58,39,564750,137050,4,0,0.0,0,0,2,1.0,3,2.0,3,3.0,4,3.0,3,3.0,0,3.0
1566,Point,58,40,564850,137050,4,0,0.0,0,0,2,1.0,3,3.0,2,3.0,4,3.0,3,3.0,0,3.0
1567,Point,58,41,564950,137050,4,0,0.0,0,0,1,1.0,2,3.0,2,3.0,4,3.0,3,4.0,0,3.0
1568,Point,58,42,565050,137050,3,0,0.0,0,0,1,1.0,1,3.0,2,3.0,4,3.0,4,4.0,0,3.0
1569,Point,58,43,565150,137050,3,0,0.0,0,0,1,1.0,1,3.0,2,3.0,4,3.0,4,4.0,0,3.0
1570,Point,58,44,565250,137050,2,0,0.0,0,0,1,2.0,1,3.0,2,3.0,4,3.0,4,3.0,0,3.0
1571,Point,58,45,565350,137050,2,0,0.0,0,0,2,3.0,0,3.0,1,3.0,4,3.0,4,3.0,0,3.0
1572,Point,58,46,565450,137050,1,0,0.0,0,0,2,3.0,0,4.0,1,3.0,4,3.0,4,3.0,0,4.0
1573,Point,58,47,565550,137050,1,0,0.0,0,0,2,4.0,0,4.0,1,3.0,4,3.0,3,4.0,0,4.0
1574,Point,58,48,565650,137050,0,0,0.0,0,0,1,4.0,0,4.0,1,2.0,4,3.0,0,1.0,0,3.0
1575,Point,58,49,565750,137050,0,0,0.0,0,0,1,4.0,0,4.0,0,2.0,4,3.0,0,1.0,0,3.0
1576,Point,58,50,565850,137050,0,0,0.0,0,0,0,4.0,0,4.0,0,1.0,4,3.0,0,1.0,0,3.0
1577,Point,58,51,565950,137050,0,0,0.0,0,0,0,4.0,0,3.0,0,1.0,0,3.0,0,1.0,0,1.0
1578,Point,58,52,566050,137050,0,0,0.0,0,0,0,4.0,0,3.0,0,0.0,0,3.0,0,1.0,0,0.0
1579,Point,58,53,566150,137050,0,0,0.0,0,0,0,3.0,0,2.0,0,0.0,0,3.0,0,1.0,0,0.0
1580,Point,58,54,566250,137050,0,0,0.0,0,0,0,0.0,0,0.0,0,0.0,0,3.0,0,0.0,0,0.0
1581,Point,58,55,566350,137050,0,0,0.0,0,0,0,0.0,0,0.0,0,0.0,0,4.0,0,0.0,0,0.0
1582,Point,58,56,566450,137050,1,0,0.0,0,0,0,0.0,0,0.0,0,0.0,0,3.0,0,0.0,0,0.0
1583,Point,58,57,566550,137050,1,0,0.0,0,0,1,0.0,0,0.0,0,0.0,0,0.0,0,0.0,0,0.0
1584,Point,58,58,566650,137050,0,0,0.0,0,0,1,0.0,0,0.0,0,0.0,0,0.0,0,0.0,0,0.0
1585,Point,58,59,566750,137050,0,0,0.0,0,0,1,0.0,0,0.0,0,0.0,0,0.0,0,0.0,0,0.0
1586,Point,58,60,566850,137050,0,0,0.0,0,0,2,0.0,0,0.0,0,0.0,0,0.0,0,0.0,0,0.0
1587,Point,58,61,566950,137050,1,1,0.0,0,0,3,0.0,0,0.0,0,0.0,0,0.0,0,4.0,0,1.0
1588,Point,58,62,567050,137050,0,0,0.0,0,0,3,0.0,0,0.0,0,0.0,0,0.0,1,4.0,0,1.0
1589,Point,58,63,567150,137050,0,0,0.0,0,0,3,0.0,0,0.0,0,0.0,0,0.0,1,4.0,0,0.0
1590,Point,58,64,567250,137050,0,0,0.0,0,0,4,0.0,0,0.0,0,0.0,0,0.0,1,4.0,0,0.0
1591,Point,58,65,567350,137050,0,0,0.0,0,0,4,1.0,1,0.0,0,1.0,0,0.0,2,4.0,0,0.0
1592,Point,58,66,567450,137050,0,0,0.0,0,0,4,1.0,4,0.0,0,1.0,0,0.0,2,4.0,1,0.0
1593,Point,58,67,567550,137050,1,1,0.0,0,0,4,0.0,4,0.0,1,1.0,0,0.0,1,4.0,1,0.0
1594,Point,58,68,567650,137050,0,2,0.0,0,0,4,0.0,4,0.0,1,1.0,0,0.0,0,0.0,1,0.0
1595,Point,58,69,567750,137050,0,4,0.0,0,0,4,0.0,4,0.0,1,1.0,0,0.0,0,0.0,2,0.0
1596,Point,58,70,567850,137050,0,3,0.0,0,0,4,0.0,2,0.0,1,1.0,0,0.0,0,0.0,2,0.0
1597,Point,58,71,567950,137050,0,2,0.0,0,0,4,0.0,1,0.0,1,1.0,0,0.0,0,0.0,2,0.0
1598,Point,58,72,568050,137050,0,2,0.0,0,0,4,0.0,1,0.0,1,1.0,0,0.0,0,0.0,2,0.0
1599,Point,58,73,568150,137050,1,2,0.0,0,0,4,0.0,1,0.0,1,1.0,0,0.0,0,0.0,2,0.0
1600,Point,58,74,568250,137050,1,3,0.0,0,0,4,0.0,1,0.0,1,1.0,4,0.0,0,0.0,2,0.0
1601,Point,58,75,568350,137050,1,3,0.0,0,0,4,0.0,4,0.0,1,1.0,4,0.0,0,0.0,2,0.0
1602,Point,58,76,568450,137050,1,2,0.0,0,0,4,0.0,4,0.0,1,0.0,4,0.0,0,0.0,3,0.0
1603,Point,58,77,568550,137050,1,1,0.0,0,0,4,0.0,4,0.0,1,0.0,0,0.0,1,1.0,3,0.0
1604,Point,58,78,568650,137050,1,0,0.0,0,0,3,0.0,2,0.0,1,0.0,0,0.0,1,1.0,2,0.0
1605,Point,58,79,568750,137050,1,0,0.0,0,0,2,0.0,1,0.0,1,1.0,0,0.0,1,1.0,2,0.0
1606,Point,58,80,568850,137050,1,0,0.0,0,0,2,0.0,0,0.0,1,1.0,0,0.0,1,1.0,2,0.0
1607,Point,58,81,568950,137050,0,0,0.0,0,0,1,0.0,0,0.0,1,1.0,0,0.0,1,1.0,2,1.0
1608,Point,58,82,569050,137050,1,0,0.0,0,0,1,0.0,0,0.0,1,1.0,0,0.0,1,1.0,1,3.0
1609,Point,58,83,569150,137050,1,0,0.0,0,0,0,0.0,0,0.0,1,1.0,0,0.0,1,1.0,1,4.0
1610,Point,58,84,569250,137050,0,0,0.0,0,0,0,0.0,0,0.0,1,1.0,0,0.0,1,1.0,1,4.0
1611,Point,58,85,569350,137050,0,0,0.0,0,0,0,0.0,0,0.0,1,1.0,0,0.0,1,1.0,0,4.0
1612,Point,58,86,569450,137050,0,0,0.0,0,0,0,0.0,0,0.0,2,1.0,0,0.0,1,1.0,0,4.0
1613,Point,58,87,569550,137050,0,0,0.0,0,0,0,0.0,0,0.0,2,2.0,0,0.0,1,1.0,0,4.0
1614,Point,58,88,569650,137050,1,0,0.0,0,0,0,0.0,0,3.0,2,2.0,0,0.0,1,1.0,0,4.0
1615,Point,58,89,569750,137050,1,0,0.0,0,0,0,0.0,0,3.0,2,2.0,0,0.0,1,2.0,0,4.0
1616,Point,58,90,569850,137050,1,0,0.0,0,0,0,0.0,0,3.0,2,2.0,0,4.0,1,2.0,0,4.0
1617,Point,58,91,569950,137050,1,0,0.0,0,0,0,0.0,0,3.0,2,2.0,0,4.0,1,3.0,0,4.0
1618,Point,58,92,570050,137050,1,0,0.0,0,0,0,0.0,0,3.0,2,3.0,0,4.0,1,3.0,0,4.0
1619,Point,58,93,570150,137050,1,0,0.0,0,0,0,0.0,0,3.0,2,3.0,0,4.0,0,3.0,1,4.0
1620,Point,58,94,570250,137050,1,0,0.0,0,0,0,0.0,0,3.0,2,3.0,0,4.0,0,4.0,1,4.0
1621,Point,58,95,570350,137050,0,0,0.0,0,0,0,0.0,0,3.0,2,4.0,0,3.0,0,4.0,1,4.0
1622,Point,58,96,570450,137050,0,0,0.0,0,0,1,0.0,0,3.0,2,4.0,4,3.0,0,4.0,1,4.0
1623,Point,58,97,570550,137050,1,0,0.0,0,0,2,0.0,0,3.0,2,4.0,4,3.0,0,4.0,1,4.0
1624,Point,58,98,570650,137050,1,0,0.0,0,0,2,1.0,0,3.0,2,4.0,4,3.0,0,3.0,1,4.0
1625,Point,58,99,570750,137050,1,0,0.0,0,0,2,1.0,1,2.0,1,3.0,4,3.0,0,3.0,1,4.0
1626,Point,58,100,570850,137050,2,0,0.0,0,0,2,1.0,1,2.0,1,3.0,4,3.0,1,3.0,1,4.0
1627,Point,58,101,570950,137050,2,0,0.0,0,0,1,1.0,1,2.0,1,2.0,4,3.0,1,3.0,1,4.0
1628,Point,58,102,571050,137050,2,0,0.0,0,0,1,2.0,1,1.0,1,2.0,4,3.0,1,3.0,1,4.0
1629,Point,58,103,571150,137050,2,0,0.0,0,0,1,3.0,2,1.0,1,2.0,4,3.0,1,3.0,1,4.0
1630,Point,58,104,571250,137050,2,0,0.0,0,0,1,3.0,3,1.0,1,2.0,4,3.0,1,3.0,1,4.0
1631,Point,58,105,571350,137050,1,0,0.0,0,0,1,2.0,3,1.0,0,2.0,4,3.0,1,3.0,1,3.0
1632,Point,58,106,571450,137050,1,0,0.0,0,0,1,2.0,3,1.0,0,2.0,4,3.0,1,3.0,1,3.0
1633,Point,58,107,571550,137050,1,0,0.0,0,0,1,2.0,3,1.0,0,2.0,4,3.0,1,3.0,1,3.0
1634,Point,58,108,571650,137050,2,0,0.0,0,0,1,2.0,3,1.0,1,2.0,4,3.0,1,3.0,1,3.0
1635,Point,58,109,571750,137050,2,0,0.0,0,0,1,2.0,3,1.0,1,2.0,4,3.0,1,3.0,2,3.0
1636,Point,58,110,571850,137050,2,0,0.0,0,0,1,2.0,3,1.0,1,2.0,4,3.0,1,3.0,2,3.0
1637,Point,58,111,571950,137050,3,0,0.0,0,0,2,2.0,3,1.0,1,2.0,4,3.0,2,3.0,2,3.0
1638,Point,58,112,572050,137050,3,0,0.0,0,0,2,2.0,3,1.0,1,3.0,4,3.0,2,3.0,2,3.0
1639,Point,58,113,572150,137050,4,0,0.0,0,0,2,2.0,3,1.0,1,3.0,4,3.0,2,3.0,2,3.0
1640,Point,59,32,564050,136950,4,0,0.0,0,0,3,2.0,3,2.0,3,2.0,4,3.0,3,2.0,2,3.0
1641,Point,59,33,564150,136950,4,0,0.0,0,0,3,2.0,3,2.0,3,3.0,4,3.0,3,2.0,2,3.0
1642,Point,59,34,564250,136950,4,0,0.0,0,0,2,2.0,3,2.0,3,2.0,4,3.0,3,2.0,2,3.0
1643,Point,59,35,564350,136950,4,0,0.0,0,0,2,2.0,3,2.0,3,2.0,4,3.0,3,2.0,1,3.0
1644,Point,59,36,564450,136950,4,0,0.0,0,0,2,1.0,3,2.0,3,2.0,4,3.0,3,2.0,1,3.0
1645,Point,59,37,564550,136950,4,0,0.0,0,0,2,1.0,3,2.0,3,2.0,4,3.0,3,3.0,1,3.0
1646,Point,59,38,564650,136950,4,0,0.0,0,0,2,1.0,3,2.0,3,3.0,4,3.0,3,3.0,1,3.0
1647,Point,59,39,564750,136950,4,0,0.0,0,0,2,1.0,3,2.0,3,3.0,4,3.0,3,3.0,0,3.0
1648,Point,59,40,564850,136950,4,0,0.0,0,0,2,1.0,3,3.0,3,3.0,4,3.0,3,3.0,0,3.0
1649,Point,59,41,564950,136950,3,0,0.0,0,0,1,1.0,1,3.0,2,3.0,4,3.0,3,4.0,0,3.0
1650,Point,59,42,565050,136950,3,0,0.0,0,0,1,1.0,1,3.0,2,3.0,4,3.0,4,4.0,0,3.0
1651,Point,59,43,565150,136950,2,0,0.0,0,0,1,1.0,1,3.0,2,3.0,4,3.0,4,4.0,0,3.0
1652,Point,59,44,565250,136950,2,0,0.0,0,0,2,2.0,1,3.0,2,4.0,4,3.0,4,3.0,0,3.0
1653,Point,59,45,565350,136950,1,0,0.0,0,0,2,3.0,0,4.0,2,3.0,4,3.0,4,3.0,0,3.0
1654,Point,59,46,565450,136950,1,0,0.0,0,0,2,3.0,0,4.0,1,3.0,4,3.0,4,4.0,0,4.0
1655,Point,59,47,565550,136950,1,0,0.0,0,0,2,4.0,0,4.0,1,3.0,4,3.0,0,1.0,0,3.0
1656,Point,59,48,565650,136950,0,0,0.0,0,0,1,4.0,0,4.0,1,2.0,4,3.0,0,1.0,0,3.0
1657,Point,59,49,565750,136950,0,0,0.0,0,0,0,4.0,0,4.0,0,2.0,4,3.0,0,1.0,0,3.0
1658,Point,59,50,565850,136950,0,0,0.0,0,0,0,4.0,0,4.0,0,1.0,4,3.0,0,1.0,0,3.0
1659,Point,59,51,565950,136950,0,0,0.0,0,0,0,4.0,0,3.0,0,1.0,0,3.0,0,1.0,0,1.0
1660,Point,59,52,566050,136950,0,0,0.0,0,0,0,4.0,0,3.0,0,0.0,0,3.0,0,0.0,0,0.0
1661,Point,59,53,566150,136950,0,0,0.0,0,0,0,2.0,0,2.0,0,0.0,0,3.0,0,1.0,0,0.0
1662,Point,59,54,566250,136950,0,0,0.0,0,0,0,0.0,0,0.0,0,0.0,0,3.0,0,0.0,0,0.0
1663,Point,59,55,566350,136950,0,0,0.0,0,0,0,0.0,0,0.0,0,0.0,0,3.0,0,0.0,0,0.0
1664,Point,59,56,566450,136950,0,0,0.0,0,0,0,0.0,0,0.0,0,0.0,0,3.0,0,0.0,0,0.0
1665,Point,59,57,566550,136950,1,0,0.0,0,0,1,0.0,0,0.0,0,0.0,0,0.0,0,0.0,0,0.0
1666,Point,59,58,566650,136950,1,0,0.0,0,0,1,0.0,0,0.0,0,0.0,0,0.0,0,0.0,0,0.0
1667,Point,59,59,566750,136950,0,1,0.0,0,0,2,0.0,0,0.0,0,0.0,0,0.0,0,1.0,0,0.0
1668,Point,59,60,566850,136950,0,1,0.0,0,0,2,0.0,0,0.0,0,0.0,0,0.0,2,3.0,0,1.0
1669,Point,59,61,566950,136950,0,2,0.0,0,0,3,0.0,0,0.0,0,0.0,0,0.0,4,2.0,0,1.0
1670,Point,59,62,567050,136950,0,1,0.0,0,0,3,0.0,0,0.0,0,0.0,0,0.0,4,2.0,0,1.0
1671,Point,59,63,567150,136950,0,1,0.0,0,0,3,0.0,0,0.0,0,0.0,0,0.0,4,3.0,0,1.0
1672,Point,59,64,567250,136950,0,0,0.0,0,0,4,0.0,0,0.0,0,0.0,0,0.0,4,3.0,0,0.0
1673,Point,59,65,567350,136950,0,0,0.0,0,0,4,0.0,1,0.0,0,0.0,0,4.0,4,3.0,0,0.0
1674,Point,59,66,567450,136950,0,0,0.0,0,0,4,0.0,4,0.0,0,1.0,4,0.0,4,3.0,1,0.0
1675,Point,59,67,567550,136950,1,1,0.0,0,0,4,0.0,4,0.0,1,1.0,4,0.0,3,4.0,1,0.0
1676,Point,59,68,567650,136950,0,2,0.0,0,0,4,0.0,4,0.0,1,1.0,4,0.0,3,4.0,1,0.0
1677,Point,59,69,567750,136950,0,2,0.0,0,0,4,0.0,4,0.0,1,1.0,0,0.0,0,4.0,2,0.0
1678,Point,59,70,567850,136950,0,2,0.0,0,0,4,0.0,1,0.0,1,1.0,0,0.0,0,0.0,2,0.0
1679,Point,59,71,567950,136950,0,2,0.0,0,0,4,0.0,1,0.0,2,1.0,0,0.0,0,0.0,2,0.0
1680,Point,59,72,568050,136950,0,3,0.0,0,0,4,0.0,0,0.0,2,1.0,0,0.0,0,0.0,2,0.0
1681,Point,59,73,568150,136950,0,2,0.0,0,0,4,0.0,0,0.0,2,1.0,0,0.0,0,0.0,2,0.0
1682,Point,59,74,568250,136950,1,3,0.0,0,0,4,0.0,1,0.0,1,1.0,0,0.0,0,0.0,3,0.0
1683,Point,59,75,568350,136950,1,3,0.0,0,0,4,0.0,1,0.0,1,1.0,0,0.0,0,0.0,3,0.0
1684,Point,59,76,568450,136950,1,2,0.0,0,0,4,0.0,1,0.0,1,1.0,0,0.0,0,0.0,3,0.0
1685,Point,59,77,568550,136950,0,1,0.0,0,0,4,0.0,1,0.0,1,1.0,0,0.0,0,1.0,3,0.0
1686,Point,59,78,568650,136950,0,0,0.0,0,0,3,0.0,1,0.0,1,1.0,0,0.0,1,1.0,3,1.0
1687,Point,59,79,568750,136950,0,0,0.0,0,0,1,0.0,0,0.0,1,1.0,0,0.0,1,1.0,2,1.0
1688,Point,59,80,568850,136950,1,0,0.0,0,0,1,0.0,0,0.0,1,1.0,0,0.0,1,1.0,2,3.0
1689,Point,59,81,568950,136950,1,0,0.0,0,0,0,0.0,0,0.0,1,1.0,0,0.0,1,1.0,2,3.0
1690,Point,59,82,569050,136950,1,0,0.0,0,0,0,0.0,0,0.0,1,1.0,0,0.0,1,1.0,2,4.0
1691,Point,59,83,569150,136950,1,0,0.0,0,0,0,0.0,0,0.0,1,1.0,0,0.0,1,1.0,2,4.0
1692,Point,59,84,569250,136950,1,0,0.0,0,0,0,0.0,0,0.0,1,1.0,0,0.0,1,1.0,1,4.0
1693,Point,59,85,569350,136950,0,0,0.0,0,0,0,0.0,0,0.0,1,1.0,0,0.0,1,1.0,1,4.0
1694,Point,59,86,569450,136950,0,0,0.0,0,0,0,0.0,0,0.0,1,2.0,0,0.0,1,1.0,1,4.0
1695,Point,59,87,569550,136950,1,0,0.0,0,0,0,0.0,0,0.0,1,2.0,0,0.0,1,1.0,1,4.0
1696,Point,59,88,569650,136950,1,0,0.0,0,0,0,0.0,0,2.0,2,2.0,0,0.0,1,1.0,1,4.0
1697,Point,59,89,569750,136950,1,0,0.0,0,0,0,0.0,0,3.0,2,2.0,0,0.0,1,1.0,1,4.0
1698,Point,59,90,569850,136950,2,0,0.0,0,0,0,0.0,0,3.0,2,2.0,0,4.0,1,2.0,1,4.0
1699,Point,59,91,569950,136950,2,0,0.0,0,0,0,0.0,0,3.0,2,3.0,0,4.0,1,2.0,1,4.0
1700,Point,59,92,570050,136950,1,0,0.0,0,0,0,0.0,0,3.0,2,3.0,0,4.0,1,3.0,1,4.0
1701,Point,59,93,570150,136950,1,0,0.0,0,0,0,0.0,0,3.0,2,3.0,0,4.0,0,3.0,1,4.0
1702,Point,59,94,570250,136950,0,0,0.0,0,0,0,0.0,0,3.0,2,4.0,0,4.0,0,3.0,1,4.0
1703,Point,59,95,570350,136950,0,0,0.0,0,0,0,0.0,0,3.0,2,4.0,0,3.0,0,4.0,1,4.0
1704,Point,59,96,570450,136950,0,0,0.0,0,0,1,0.0,0,3.0,2,4.0,4,3.0,0,4.0,1,4.0
1705,Point,59,97,570550,136950,0,0,0.0,0,0,2,0.0,0,3.0,2,4.0,4,3.0,0,3.0,1,4.0
1706,Point,59,98,570650,136950,1,0,0.0,0,0,2,1.0,1,3.0,2,4.0,4,3.0,0,3.0,1,4.0
1707,Point,59,99,570750,136950,1,0,0.0,0,0,2,1.0,1,2.0,1,3.0,4,3.0,0,3.0,1,4.0
1708,Point,59,100,570850,136950,2,0,0.0,0,0,2,1.0,1,2.0,1,3.0,4,3.0,1,3.0,1,4.0
1709,Point,59,101,570950,136950,2,0,0.0,0,0,2,1.0,1,1.0,1,3.0,4,3.0,1,3.0,1,4.0
1710,Point,59,102,571050,136950,3,0,0.0,0,0,1,2.0,1,1.0,1,2.0,4,3.0,1,3.0,1,4.0
1711,Point,59,103,571150,136950,2,0,0.0,0,0,1,2.0,2,1.0,1,2.0,4,3.0,1,3.0,1,4.0
1712,Point,59,104,571250,136950,2,0,0.0,0,0,1,2.0,3,1.0,1,2.0,4,3.0,1,3.0,1,4.0
1713,Point,59,105,571350,136950,2,0,0.0,0,0,1,2.0,3,1.0,1,2.0,4,3.0,1,3.0,1,4.0
1714,Point,59,106,571450,136950,2,0,0.0,0,0,1,2.0,3,1.0,1,2.0,4,3.0,1,3.0,1,3.0
1715,Point,59,107,571550,136950,2,0,0.0,0,0,1,2.0,3,1.0,1,2.0,4,3.0,1,3.0,1,3.0
1716,Point,59,108,571650,136950,2,0,0.0,0,0,1,2.0,3,1.0,1,2.0,4,3.0,1,3.0,2,3.0
1717,Point,59,109,571750,136950,2,0,0.0,0,0,1,2.0,3,1.0,1,2.0,4,3.0,2,3.0,2,3.0
1718,Point,59,110,571850,136950,3,0,0.0,0,0,1,2.0,3,1.0,1,2.0,4,3.0,2,3.0,2,3.0
1719,Point,59,111,571950,136950,3,0,0.0,0,0,2,2.0,3,1.0,1,3.0,4,3.0,2,3.0,2,3.0
1720,Point,59,112,572050,136950,3,0,0.0,0,0,2,2.0,3,1.0,1,3.0,4,3.0,2,3.0,2,3.0
1721,Point,59,113,572150,136950,4,0,0.0,0,0,2,2.0,3,1.0,2,3.0,4,3.0,2,3.0,2,3.0
1722,Point,60,32,564050,136850,4,0,0.0,0,0,3,2.0,3,2.0,3,2.0,4,3.0,3,2.0,2,3.0
1723,Point,60,33,564150,136850,4,0,0.0,0,0,3,2.0,3,2.0,3,3.0,4,3.0,3,2.0,2,3.0
1724,Point,60,34,564250,136850,4,0,0.0,0,0,2,2.0,3,2.0,3,3.0,4,3.0,3,2.0,2,3.0
1725,Point,60,35,564350,136850,4,0,0.0,0,0,2,2.0,3,2.0,3,2.0,4,3.0,3,2.0,1,3.0
1726,Point,60,36,564450,136850,4,0,0.0,0,0,2,1.0,3,2.0,3,2.0,4,3.0,3,2.0,1,3.0
1727,Point,60,37,564550,136850,4,0,0.0,0,0,2,1.0,3,2.0,3,3.0,4,3.0,3,3.0,1,3.0
1728,Point,60,38,564650,136850,4,0,0.0,0,0,2,1.0,3,2.0,3,3.0,4,3.0,3,3.0,1,3.0
1729,Point,60,39,564750,136850,4,0,0.0,0,0,2,1.0,3,3.0,3,3.0,4,3.0,3,3.0,0,3.0
1730,Point,60,40,564850,136850,4,0,0.0,0,0,2,1.0,2,3.0,3,3.0,4,3.0,3,3.0,0,3.0
1731,Point,60,41,564950,136850,3,0,0.0,0,0,2,1.0,1,3.0,2,3.0,4,3.0,3,4.0,0,3.0
1732,Point,60,42,565050,136850,3,0,0.0,0,0,1,1.0,1,3.0,2,3.0,4,3.0,4,4.0,0,3.0
1733,Point,60,43,565150,136850,2,0,0.0,0,0,2,2.0,1,3.0,2,4.0,4,3.0,4,4.0,0,3.0
1734,Point,60,44,565250,136850,2,0,0.0,0,0,2,3.0,1,3.0,2,4.0,4,3.0,4,3.0,0,3.0
1735,Point,60,45,565350,136850,1,0,0.0,0,0,2,3.0,0,4.0,2,3.0,4,3.0,4,3.0,0,3.0
1736,Point,60,46,565450,136850,1,0,0.0,0,0,2,4.0,0,4.0,1,3.0,4,3.0,3,4.0,0,3.0
1737,Point,60,47,565550,136850,0,0,0.0,0,0,2,4.0,0,4.0,1,3.0,4,3.0,0,1.0,0,3.0
1738,Point,60,48,565650,136850,0,0,0.0,0,0,1,4.0,0,4.0,1,2.0,4,3.0,0,1.0,0,3.0
1739,Point,60,49,565750,136850,0,0,0.0,0,0,0,4.0,0,4.0,1,2.0,4,3.0,0,2.0,0,3.0
1740,Point,60,50,565850,136850,0,0,0.0,0,0,0,4.0,0,4.0,0,1.0,4,3.0,0,1.0,0,2.0
1741,Point,60,51,565950,136850,0,0,0.0,0,0,0,4.0,0,4.0,0,1.0,0,3.0,0,1.0,0,0.0
1742,Point,60,52,566050,136850,0,0,0.0,0,0,0,1.0,0,3.0,0,0.0,0,3.0,0,0.0,0,0.0
1743,Point,60,53,566150,136850,0,0,0.0,0,0,0,0.0,0,2.0,0,0.0,0,3.0,0,0.0,0,0.0
1744,Point,60,54,566250,136850,0,0,0.0,0,0,0,0.0,0,0.0,0,0.0,0,3.0,0,0.0,0,0.0
1745,Point,60,55,566350,136850,0,0,0.0,0,0,0,0.0,0,0.0,0,0.0,0,3.0,0,0.0,0,0.0
1746,Point,60,56,566450,136850,1,0,0.0,0,0,0,0.0,0,0.0,0,0.0,0,3.0,0,0.0,0,0.0
1747,Point,60,57,566550,136850,0,0,0.0,0,0,1,0.0,0,0.0,0,0.0,0,0.0,0,1.0,0,0.0
1748,Point,60,58,566650,136850,0,0,0.0,0,0,1,0.0,0,0.0,0,0.0,0,0.0,0,1.0,0,0.0
1749,Point,60,59,566750,136850,0,1,0.0,0,0,2,0.0,0,0.0,0,0.0,0,0.0,3,3.0,0,0.0
1750,Point,60,60,566850,136850,0,2,0.0,0,0,3,0.0,0,0.0,0,0.0,0,0.0,4,1.0,0,1.0
1751,Point,60,61,566950,136850,0,3,0.0,0,0,3,0.0,0,0.0,0,0.0,0,0.0,4,0.0,0,2.0
1752,Point,60,62,567050,136850,0,2,0.0,0,0,3,0.0,0,0.0,0,0.0,0,0.0,4,0.0,0,2.0
1753,Point,60,63,567150,136850,0,1,0.0,0,0,3,0.0,0,0.0,0,0.0,0,4.0,4,0.0,0,1.0
1754,Point,60,64,567250,136850,0,1,0.0,0,0,4,0.0,0,0.0,0,0.0,4,4.0,4,1.0,0,0.0
1755,Point,60,65,567350,136850,0,0,0.0,0,0,4,0.0,4,0.0,0,0.0,4,4.0,4,1.0,0,0.0
1756,Point,60,66,567450,136850,1,1,0.0,0,0,4,0.0,4,0.0,0,1.0,4,0.0,4,1.0,1,0.0
1757,Point,60,67,567550,136850,1,1,0.0,0,0,4,0.0,4,0.0,1,1.0,4,0.0,4,2.0,1,0.0
1758,Point,60,68,567650,136850,0,2,0.0,0,0,4,0.0,4,0.0,1,1.0,4,0.0,4,3.0,1,0.0
1759,Point,60,69,567750,136850,0,3,0.0,0,0,4,0.0,4,0.0,1,1.0,4,0.0,3,4.0,1,0.0
1760,Point,60,70,567850,136850,0,2,0.0,0,0,4,0.0,1,0.0,1,1.0,4,0.0,1,3.0,2,0.0
1761,Point,60,71,567950,136850,0,2,0.0,0,0,4,0.0,0,0.0,2,1.0,4,0.0,0,0.0,2,0.0
1762,Point,60,72,568050,136850,0,4,0.0,0,0,4,0.0,0,0.0,2,1.0,4,0.0,0,0.0,2,0.0
1763,Point,60,73,568150,136850,0,3,0.0,0,0,4,0.0,0,0.0,2,1.0,0,0.0,0,0.0,3,0.0
1764,Point,60,74,568250,136850,0,2,0.0,0,0,4,0.0,0,0.0,2,1.0,0,0.0,0,0.0,3,0.0
1765,Point,60,75,568350,136850,1,2,0.0,0,0,4,0.0,1,0.0,1,1.0,0,0.0,0,0.0,3,0.0
1766,Point,60,76,568450,136850,1,2,0.0,0,0,4,0.0,1,0.0,1,1.0,0,0.0,0,0.0,3,0.0
1767,Point,60,77,568550,136850,0,1,0.0,0,0,4,1.0,0,0.0,1,1.0,0,0.0,0,1.0,3,1.0
1768,Point,60,78,568650,136850,0,0,0.0,0,0,3,0.0,0,0.0,1,1.0,0,0.0,1,1.0,3,3.0
1769,Point,60,79,568750,136850,0,0,0.0,0,0,1,0.0,0,0.0,1,1.0,0,0.0,1,1.0,3,3.0
1770,Point,60,80,568850,136850,0,0,0.0,0,0,0,0.0,0,0.0,1,1.0,0,0.0,1,2.0,3,4.0
1771,Point,60,81,568950,136850,1,0,0.0,0,0,0,0.0,0,0.0,1,1.0,0,0.0,1,2.0,3,4.0
1772,Point,60,82,569050,136850,1,0,0.0,0,0,0,0.0,0,0.0,1,1.0,0,0.0,1,2.0,2,4.0
1773,Point,60,83,569150,136850,1,0,0.0,0,0,0,0.0,0,0.0,1,1.0,0,0.0,1,2.0,2,4.0
1774,Point,60,84,569250,136850,1,0,0.0,0,0,0,0.0,0,0.0,1,1.0,0,0.0,1,1.0,2,4.0
1775,Point,60,85,569350,136850,1,0,0.0,0,0,0,0.0,0,0.0,1,1.0,0,0.0,1,1.0,2,4.0
1776,Point,60,86,569450,136850,1,0,0.0,0,0,0,0.0,0,0.0,1,2.0,0,0.0,1,1.0,1,4.0
1777,Point,60,87,569550,136850,1,0,0.0,0,0,0,0.0,0,0.0,1,2.0,0,0.0,1,1.0,1,4.0
1778,Point,60,88,569650,136850,1,0,0.0,0,0,0,0.0,0,1.0,1,2.0,0,0.0,1,1.0,1,4.0
1779,Point,60,89,569750,136850,2,0,0.0,0,0,0,0.0,0,2.0,2,2.0,0,4.0,1,1.0,1,4.0
1780,Point,60,90,569850,136850,2,0,0.0,0,0,0,0.0,0,3.0,2,3.0,0,4.0,1,1.0,1,4.0
1781,Point,60,91,569950,136850,2,0,0.0,0,0,0,0.0,0,3.0,2,3.0,0,4.0,1,2.0,1,4.0
1782,Point,60,92,570050,136850,1,0,0.0,0,0,0,0.0,0,3.0,2,4.0,0,4.0,0,2.0,1,4.0
1783,Point,60,93,570150,136850,1,0,0.0,0,0,0,0.0,0,3.0,2,4.0,0,4.0,0,3.0,1,4.0
1784,Point,60,94,570250,136850,0,0,0.0,0,0,0,0.0,0,3.0,2,4.0,0,3.0,0,3.0,1,4.0
1785,Point,60,95,570350,136850,0,0,0.0,0,0,0,0.0,0,3.0,2,4.0,0,3.0,0,3.0,1,4.0
1786,Point,60,96,570450,136850,0,0,0.0,0,0,1,0.0,1,3.0,2,4.0,4,3.0,0,3.0,1,4.0
1787,Point,60,97,570550,136850,0,0,0.0,0,0,2,0.0,1,3.0,2,4.0,4,3.0,0,3.0,1,4.0
1788,Point,60,98,570650,136850,1,0,0.0,0,0,2,1.0,1,2.0,2,4.0,4,3.0,0,3.0,1,4.0
1789,Point,60,99,570750,136850,1,0,0.0,0,0,2,1.0,1,2.0,2,4.0,4,3.0,0,3.0,1,4.0
1790,Point,60,100,570850,136850,2,0,0.0,0,0,2,1.0,1,2.0,2,3.0,4,3.0,1,3.0,1,4.0
1791,Point,60,101,570950,136850,2,0,0.0,0,0,2,1.0,1,1.0,1,3.0,4,3.0,1,2.0,1,4.0
1792,Point,60,102,571050,136850,3,0,0.0,0,0,2,2.0,2,1.0,1,3.0,4,3.0,1,2.0,1,4.0
1793,Point,60,103,571150,136850,3,0,0.0,0,0,1,2.0,2,1.0,1,3.0,4,3.0,1,2.0,1,4.0
1794,Point,60,104,571250,136850,3,0,0.0,0,0,1,2.0,3,1.0,1,2.0,4,3.0,1,2.0,1,4.0
1795,Point,60,105,571350,136850,2,0,0.0,0,0,1,2.0,3,1.0,1,2.0,4,3.0,1,2.0,1,4.0
1796,Point,60,106,571450,136850,2,0,0.0,0,0,1,2.0,3,1.0,1,2.0,4,3.0,1,2.0,1,3.0
1797,Point,60,107,571550,136850,2,0,0.0,0,0,1,1.0,3,1.0,1,2.0,4,3.0,2,3.0,1,3.0
1798,Point,60,108,571650,136850,3,0,0.0,0,0,1,1.0,3,1.0,1,2.0,4,3.0,2,3.0,2,3.0
1799,Point,60,109,571750,136850,3,0,0.0,0,0,1,1.0,3,1.0,1,3.0,4,3.0,2,3.0,2,3.0
1800,Point,60,110,571850,136850,3,0,0.0,0,0,1,2.0,3,1.0,1,3.0,4,3.0,2,3.0,2,3.0
1801,Point,60,111,571950,136850,3,0,0.0,0,0,2,2.0,3,1.0,1,3.0,4,3.0,2,3.0,2,3.0
1802,Point,60,112,572050,136850,4,0,0.0,0,0,2,2.0,3,1.0,2,3.0,4,3.0,2,2.0,2,3.0
1803,Point,60,113,572150,136850,4,0,0.0,0,0,2,2.0,3,1.0,2,3.0,4,3.0,2,2.0,2,3.0
1804,Point,61,32,564050,136750,4,0,0.0,0,0,3,2.0,3,2.0,3,2.0,4,3.0,3,2.0,2,3.0
1805,Point,61,33,564150,136750,4,0,0.0,0,0,3,2.0,3,2.0,3,3.0,4,3.0,3,2.0,2,3.0
1806,Point,61,34,564250,136750,4,0,0.0,0,0,2,2.0,3,2.0,3,3.0,4,3.0,3,2.0,2,3.0
1807,Point,61,35,564350,136750,4,0,0.0,0,0,2,2.0,3,2.0,3,2.0,4,3.0,3,2.0,1,3.0
1808,Point,61,36,564450,136750,4,0,0.0,0,0,2,1.0,3,2.0,3,2.0,4,3.0,3,2.0,1,3.0
1809,Point,61,37,564550,136750,4,0,0.0,0,0,2,1.0,3,2.0,3,3.0,4,3.0,3,3.0,1,3.0
1810,Point,61,38,564650,136750,4,0,0.0,0,0,2,1.0,3,2.0,3,3.0,4,3.0,3,3.0,1,3.0
1811,Point,61,39,564750,136750,4,0,0.0,0,0,2,1.0,3,3.0,3,3.0,4,3.0,3,3.0,0,3.0
1812,Point,61,40,564850,136750,4,0,0.0,0,0,2,1.0,2,3.0,3,3.0,4,3.0,3,3.0,0,3.0
1813,Point,61,41,564950,136750,4,0,0.0,0,0,2,1.0,1,3.0,3,3.0,4,3.0,3,4.0,0,3.0
1814,Point,61,42,565050,136750,3,0,0.0,0,0,2,1.0,1,3.0,2,3.0,4,3.0,4,4.0,0,3.0
1815,Point,61,43,565150,136750,3,0,0.0,0,0,2,2.0,1,3.0,2,4.0,4,3.0,4,4.0,0,3.0
1816,Point,61,44,565250,136750,2,0,0.0,0,0,2,3.0,1,3.0,2,3.0,4,3.0,4,3.0,0,3.0
1817,Point,61,45,565350,136750,2,0,0.0,0,0,3,3.0,0,4.0,2,3.0,4,3.0,4,3.0,0,3.0
1818,Point,61,46,565450,136750,1,0,0.0,0,0,3,4.0,0,4.0,1,3.0,4,3.0,2,4.0,0,3.0
1819,Point,61,47,565550,136750,1,0,0.0,0,0,2,4.0,0,4.0,1,3.0,4,3.0,0,1.0,0,3.0
1820,Point,61,48,565650,136750,0,0,0.0,0,0,2,4.0,0,4.0,1,2.0,4,3.0,0,1.0,0,3.0
1821,Point,61,49,565750,136750,0,0,0.0,0,0,1,4.0,0,4.0,1,2.0,4,3.0,0,1.0,0,3.0
1822,Point,61,50,565850,136750,0,0,0.0,0,0,0,3.0,0,4.0,0,1.0,4,3.0,1,1.0,0,1.0
1823,Point,61,51,565950,136750,0,0,0.0,0,0,0,0.0,0,4.0,0,1.0,0,3.0,0,2.0,0,0.0
1824,Point,61,52,566050,136750,0,0,0.0,0,0,0,0.0,0,3.0,0,0.0,0,3.0,0,0.0,0,0.0
1825,Point,61,53,566150,136750,0,0,0.0,0,0,0,0.0,0,3.0,0,0.0,0,3.0,0,0.0,0,0.0
1826,Point,61,54,566250,136750,0,0,0.0,0,0,0,0.0,0,0.0,0,0.0,0,3.0,0,0.0,0,0.0
1827,Point,61,55,566350,136750,0,0,0.0,0,0,0,0.0,0,0.0,0,0.0,0,3.0,0,1.0,0,0.0
1828,Point,61,56,566450,136750,1,0,0.0,0,0,0,0.0,0,0.0,0,0.0,0,3.0,0,1.0,0,0.0
1829,Point,61,57,566550,136750,0,0,0.0,0,0,0,0.0,0,0.0,0,0.0,0,0.0,0,1.0,0,0.0
1830,Point,61,58,566650,136750,0,0,0.0,0,0,1,0.0,0,0.0,0,1.0,0,0.0,3,3.0,0,0.0
1831,Point,61,59,566750,136750,0,1,0.0,0,0,2,0.0,0,0.0,1,1.0,0,0.0,4,0.0,0,0.0
1832,Point,61,60,566850,136750,0,2,0.0,4,0,3,0.0,0,0.0,0,0.0,0,0.0,4,0.0,0,1.0
1833,Point,61,61,566950,136750,0,4,1.0,3,0,3,0.0,0,0.0,0,0.0,0,0.0,4,0.0,0,2.0
1834,Point,61,62,567050,136750,0,3,1.0,2,0,3,0.0,0,0.0,0,0.0,0,4.0,4,0.0,0,2.0
1835,Point,61,63,567150,136750,0,2,0.0,0,0,4,0.0,0,0.0,0,0.0,4,4.0,4,0.0,0,1.0
1836,Point,61,64,567250,136750,0,1,0.0,0,0,4,0.0,1,0.0,0,0.0,4,4.0,4,0.0,0,0.0
1837,Point,61,65,567350,136750,0,1,0.0,0,0,4,0.0,4,0.0,0,1.0,4,0.0,4,0.0,0,0.0
1838,Point,61,66,567450,136750,1,1,0.0,0,0,4,0.0,4,0.0,0,1.0,4,0.0,4,1.0,0,0.0
1839,Point,61,67,567550,136750,0,2,0.0,0,0,4,0.0,4,0.0,1,1.0,4,0.0,4,1.0,1,0.0
1840,Point,61,68,567650,136750,0,2,0.0,0,0,4,0.0,4,0.0,1,1.0,4,0.0,4,2.0,1,0.0
1841,Point,61,69,567750,136750,0,4,0.0,0,0,4,0.0,4,0.0,1,1.0,4,0.0,4,3.0,1,0.0
1842,Point,61,70,567850,136750,0,3,0.0,0,0,4,0.0,1,0.0,1,1.0,4,0.0,3,4.0,1,0.0
1843,Point,61,71,567950,136750,0,2,0.0,0,0,4,0.0,0,0.0,1,1.0,4,0.0,0,0.0,2,0.0
1844,Point,61,72,568050,136750,0,2,0.0,0,0,4,0.0,0,0.0,1,1.0,4,0.0,0,0.0,2,0.0
1845,Point,61,73,568150,136750,0,2,0.0,0,0,4,0.0,0,0.0,2,1.0,0,0.0,0,0.0,3,0.0
1846,Point,61,74,568250,136750,0,2,0.0,0,0,4,0.0,0,0.0,1,1.0,0,0.0,0,0.0,3,0.0
1847,Point,61,75,568350,136750,1,2,0.0,0,0,4,0.0,0,0.0,1,1.0,0,0.0,0,0.0,3,0.0
1848,Point,61,76,568450,136750,1,2,0.0,0,0,4,0.0,1,0.0,1,1.0,0,0.0,0,0.0,3,0.0
1849,Point,61,77,568550,136750,0,1,0.0,0,0,4,0.0,0,0.0,1,1.0,0,0.0,0,1.0,3,2.0
1850,Point,61,78,568650,136750,0,0,0.0,0,0,4,1.0,0,0.0,1,1.0,0,0.0,1,1.0,3,3.0
1851,Point,61,79,568750,136750,0,0,0.0,0,0,3,0.0,0,0.0,1,1.0,0,0.0,1,2.0,3,4.0
1852,Point,61,80,568850,136750,0,0,0.0,0,0,0,0.0,0,0.0,0,1.0,0,0.0,0,2.0,3,4.0
1853,Point,61,81,568950,136750,1,0,0.0,0,0,0,0.0,0,0.0,0,1.0,0,0.0,0,2.0,3,4.0
1854,Point,61,82,569050,136750,1,0,0.0,0,0,0,0.0,0,0.0,0,1.0,0,4.0,0,2.0,3,4.0
1855,Point,61,83,569150,136750,1,0,0.0,0,0,0,0.0,0,0.0,0,1.0,0,4.0,0,2.0,3,4.0
1856,Point,61,84,569250,136750,1,0,0.0,0,0,0,0.0,0,0.0,1,1.0,0,3.0,1,1.0,3,4.0
1857,Point,61,85,569350,136750,1,0,0.0,0,0,0,0.0,0,0.0,1,2.0,0,0.0,1,1.0,2,4.0
1858,Point,61,86,569450,136750,1,0,0.0,0,0,0,0.0,0,0.0,1,2.0,0,0.0,1,1.0,2,4.0
1859,Point,61,87,569550,136750,1,0,0.0,0,0,0,0.0,0,0.0,1,2.0,0,3.0,1,1.0,2,4.0
1860,Point,61,88,569650,136750,2,0,0.0,0,0,0,0.0,0,0.0,1,2.0,0,4.0,1,1.0,2,4.0
1861,Point,61,89,569750,136750,2,0,0.0,0,0,0,0.0,0,1.0,2,3.0,0,4.0,1,1.0,2,4.0
1862,Point,61,90,569850,136750,2,0,0.0,0,0,0,0.0,0,1.0,2,3.0,0,4.0,1,1.0,2,4.0
1863,Point,61,91,569950,136750,2,0,0.0,0,0,0,0.0,1,2.0,2,4.0,0,4.0,1,1.0,2,4.0
1864,Point,61,92,570050,136750,1,0,0.0,0,0,0,0.0,1,3.0,2,4.0,0,4.0,0,1.0,2,4.0
1865,Point,61,93,570150,136750,1,0,0.0,0,0,0,0.0,1,3.0,2,4.0,0,4.0,0,1.0,2,4.0
1866,Point,61,94,570250,136750,1,0,0.0,0,0,0,0.0,1,3.0,2,4.0,0,3.0,0,2.0,2,4.0
1867,Point,61,95,570350,136750,0,0,0.0,0,0,0,0.0,1,3.0,2,4.0,0,3.0,0,2.0,2,4.0
1868,Point,61,96,570450,136750,0,0,0.0,0,0,1,0.0,1,3.0,2,4.0,4,3.0,0,3.0,2,4.0
1869,Point,61,97,570550,136750,1,0,0.0,0,0,2,0.0,1,2.0,2,4.0,4,3.0,0,3.0,2,4.0
1870,Point,61,98,570650,136750,1,0,0.0,0,0,3,1.0,1,2.0,2,4.0,4,3.0,0,3.0,1,4.0
1871,Point,61,99,570750,136750,1,0,0.0,0,0,3,1.0,1,2.0,2,4.0,4,3.0,1,2.0,1,4.0
1872,Point,61,100,570850,136750,2,0,0.0,0,0,2,1.0,1,2.0,2,3.0,4,3.0,1,2.0,1,4.0
1873,Point,61,101,570950,136750,2,0,0.0,0,0,2,1.0,1,1.0,2,3.0,4,3.0,1,2.0,1,4.0
1874,Point,61,102,571050,136750,3,0,0.0,0,0,2,2.0,2,1.0,1,3.0,4,3.0,1,2.0,1,4.0
1875,Point,61,103,571150,136750,3,0,0.0,0,0,2,2.0,3,1.0,1,3.0,4,3.0,1,2.0,1,4.0
1876,Point,61,104,571250,136750,3,0,0.0,0,0,1,2.0,3,1.0,1,3.0,4,3.0,2,2.0,1,4.0
1877,Point,61,105,571350,136750,3,0,0.0,0,0,1,2.0,3,1.0,1,3.0,4,3.0,2,2.0,1,4.0
1878,Point,61,106,571450,136750,3,0,0.0,0,0,1,1.0,3,1.0,1,3.0,4,3.0,2,2.0,1,3.0
1879,Point,61,107,571550,136750,3,0,0.0,0,0,1,1.0,3,1.0,1,3.0,4,3.0,2,2.0,2,3.0
1880,Point,61,108,571650,136750,3,0,0.0,0,0,1,1.0,3,1.0,1,3.0,4,3.0,2,2.0,2,3.0
1881,Point,61,109,571750,136750,3,0,0.0,0,0,1,1.0,3,1.0,1,3.0,4,3.0,2,2.0,2,3.0
1882,Point,61,110,571850,136750,3,0,0.0,0,0,1,1.0,3,1.0,2,3.0,4,3.0,2,2.0,2,3.0
1883,Point,61,111,571950,136750,4,0,0.0,0,0,2,2.0,3,1.0,2,3.0,4,3.0,2,2.0,2,3.0
1884,Point,61,112,572050,136750,4,0,0.0,0,0,2,2.0,3,1.0,2,3.0,4,3.0,2,2.0,2,3.0
1885,Point,61,113,572150,136750,4,0,0.0,0,0,2,2.0,3,1.0,2,3.0,4,3.0,2,2.0,2,3.0
1886,Point,62,32,564050,136650,4,0,0.0,0,0,3,2.0,3,2.0,3,3.0,4,3.0,3,2.0,2,3.0
1887,Point,62,33,564150,136650,4,0,0.0,0,0,3,2.0,3,2.0,3,3.0,4,3.0,3,2.0,2,3.0
1888,Point,62,34,564250,136650,4,0,0.0,0,0,2,2.0,3,2.0,3,3.0,4,3.0,3,2.0,2,3.0
1889,Point,62,35,564350,136650,4,0,0.0,0,0,2,2.0,3,2.0,3,3.0,4,3.0,3,2.0,1,3.0
1890,Point,62,36,564450,136650,4,0,0.0,0,0,2,1.0,3,2.0,3,3.0,4,3.0,3,2.0,1,3.0
1891,Point,62,37,564550,136650,4,0,0.0,0,0,2,1.0,3,2.0,3,3.0,4,3.0,3,3.0,1,3.0
1892,Point,62,38,564650,136650,4,0,0.0,0,0,2,1.0,3,2.0,3,3.0,4,3.0,3,3.0,1,3.0
1893,Point,62,39,564750,136650,4,0,0.0,0,0,2,1.0,3,3.0,3,3.0,4,3.0,3,3.0,0,3.0
1894,Point,62,40,564850,136650,4,0,0.0,0,0,2,1.0,2,3.0,3,3.0,4,3.0,3,3.0,0,3.0
1895,Point,62,41,564950,136650,4,0,0.0,0,0,2,1.0,1,3.0,3,3.0,4,3.0,3,3.0,0,3.0
1896,Point,62,42,565050,136650,3,0,0.0,0,0,2,2.0,1,3.0,2,3.0,4,3.0,4,4.0,0,3.0
1897,Point,62,43,565150,136650,3,0,0.0,0,0,2,2.0,1,3.0,2,3.0,4,3.0,4,4.0,0,3.0
1898,Point,62,44,565250,136650,2,0,0.0,0,0,3,3.0,1,3.0,2,3.0,4,3.0,4,3.0,0,3.0
1899,Point,62,45,565350,136650,2,0,0.0,0,0,3,3.0,0,4.0,2,3.0,4,3.0,4,4.0,0,3.0
1900,Point,62,46,565450,136650,1,0,0.0,0,0,3,4.0,0,4.0,1,3.0,4,3.0,0,1.0,0,3.0
1901,Point,62,47,565550,136650,1,0,0.0,0,0,3,4.0,0,4.0,1,2.0,4,3.0,0,1.0,0,3.0
1902,Point,62,48,565650,136650,1,0,0.0,0,0,2,4.0,0,4.0,1,2.0,4,3.0,0,1.0,0,3.0
1903,Point,62,49,565750,136650,1,0,0.0,0,0,1,3.0,0,4.0,1,2.0,4,3.0,1,1.0,0,2.0
1904,Point,62,50,565850,136650,0,0,0.0,0,0,1,1.0,0,4.0,0,1.0,4,3.0,1,1.0,0,1.0
1905,Point,62,51,565950,136650,0,0,0.0,0,0,0,0.0,0,4.0,0,1.0,0,3.0,0,1.0,0,0.0
1906,Point,62,52,566050,136650,0,0,0.0,0,0,0,0.0,0,4.0,0,1.0,0,3.0,0,0.0,0,0.0
1907,Point,62,53,566150,136650,0,0,0.0,0,0,0,0.0,0,3.0,0,0.0,0,3.0,0,0.0,0,0.0
1908,Point,62,54,566250,136650,0,0,0.0,0,0,0,0.0,0,0.0,0,0.0,0,3.0,0,1.0,0,0.0
1909,Point,62,55,566350,136650,1,0,0.0,0,0,0,0.0,0,0.0,0,0.0,0,3.0,0,1.0,0,0.0
1910,Point,62,56,566450,136650,1,0,0.0,0,0,0,0.0,0,0.0,0,0.0,0,3.0,0,1.0,0,0.0
1911,Point,62,57,566550,136650,0,0,0.0,0,0,0,0.0,0,0.0,0,0.0,0,0.0,3,1.0,0,0.0
1912,Point,62,58,566650,136650,0,0,0.0,0,0,1,0.0,0,0.0,0,1.0,0,0.0,4,1.0,0,0.0
1913,Point,62,59,566750,136650,0,1,0.0,0,0,2,0.0,0,0.0,0,0.0,0,0.0,4,0.0,0,0.0
1914,Point,62,60,566850,136650,0,2,2.0,0,0,3,0.0,0,0.0,0,0.0,0,4.0,4,0.0,0,1.0
1915,Point,62,61,566950,136650,0,2,1.5,2,0,3,0.0,0,0.0,0,0.0,0,4.0,4,0.0,0,2.0
1916,Point,62,62,567050,136650,0,2,1.0,2,0,3,0.0,0,0.0,0,0.0,4,4.0,4,0.0,0,2.0
1917,Point,62,63,567150,136650,0,1,0.5,2,0,4,0.0,0,0.0,0,0.0,4,4.0,4,0.0,0,1.0
1918,Point,62,64,567250,136650,0,2,0.5,1,0,4,0.0,1,0.0,0,0.0,4,0.0,4,0.0,0,0.0
1919,Point,62,65,567350,136650,0,2,0.0,0,0,4,0.0,4,0.0,0,1.0,4,0.0,4,0.0,0,0.0
1920,Point,62,66,567450,136650,0,2,0.0,0,0,4,0.0,4,0.0,1,1.0,4,0.0,4,0.0,0,0.0
1921,Point,62,67,567550,136650,0,3,0.0,0,0,4,0.0,4,0.0,1,1.0,4,0.0,4,1.0,0,0.0
1922,Point,62,68,567650,136650,0,2,0.0,0,0,4,0.0,4,0.0,1,1.0,0,0.0,4,1.0,1,0.0
1923,Point,62,69,567750,136650,0,2,0.0,0,0,4,0.0,4,0.0,1,1.0,4,0.0,4,2.0,1,0.0
1924,Point,62,70,567850,136650,0,2,0.0,0,0,4,0.0,1,0.0,1,1.0,4,0.0,3,3.0,1,0.0
1925,Point,62,71,567950,136650,0,2,0.0,0,0,4,0.0,1,0.0,1,1.0,4,0.0,2,2.0,2,0.0
1926,Point,62,72,568050,136650,0,2,0.0,0,0,4,0.0,0,0.0,1,1.0,4,0.0,0,0.0,2,0.0
1927,Point,62,73,568150,136650,0,2,0.0,0,0,4,0.0,0,0.0,1,1.0,0,0.0,0,0.0,3,0.0
1928,Point,62,74,568250,136650,0,3,0.0,0,0,4,0.0,0,0.0,1,1.0,0,0.0,0,0.0,3,0.0
1929,Point,62,75,568350,136650,1,3,0.0,0,0,4,0.0,1,0.0,1,1.0,0,0.0,0,0.0,3,0.0
1930,Point,62,76,568450,136650,1,2,0.0,0,0,4,0.0,1,0.0,1,1.0,0,0.0,0,0.0,3,0.0
1931,Point,62,77,568550,136650,0,1,0.0,0,0,4,0.0,0,0.0,1,1.0,0,0.0,0,1.0,3,2.0
1932,Point,62,78,568650,136650,0,0,0.0,0,0,4,0.0,0,0.0,1,1.0,0,0.0,1,2.0,3,3.0
1933,Point,62,79,568750,136650,0,0,0.0,0,0,4,1.0,0,0.0,0,1.0,0,0.0,0,2.0,3,4.0
1934,Point,62,80,568850,136650,0,0,0.0,0,0,3,0.0,0,0.0,0,1.0,0,0.0,0,2.0,3,4.0
1935,Point,62,81,568950,136650,0,0,0.0,0,0,0,0.0,0,0.0,0,1.0,0,4.0,0,2.0,3,4.0
1936,Point,62,82,569050,136650,0,0,0.0,0,0,0,0.0,0,0.0,0,1.0,0,4.0,0,2.0,3,4.0
1937,Point,62,83,569150,136650,1,0,0.0,0,0,0,0.0,0,0.0,0,1.0,0,4.0,0,2.0,3,4.0
1938,Point,62,84,569250,136650,1,0,0.0,0,0,0,0.0,0,0.0,0,1.0,0,4.0,0,2.0,3,4.0
1939,Point,62,85,569350,136650,2,0,0.0,0,0,0,0.0,0,0.0,1,1.0,0,4.0,1,1.0,3,4.0
1940,Point,62,86,569450,136650,2,0,0.0,0,0,0,0.0,0,0.0,1,2.0,0,4.0,1,1.0,3,4.0
1941,Point,62,87,569550,136650,2,0,0.0,0,0,0,0.0,0,0.0,1,2.0,0,4.0,1,1.0,3,4.0
1942,Point,62,88,569650,136650,2,0,0.0,0,0,0,0.0,0,0.0,1,3.0,0,4.0,1,1.0,3,4.0
1943,Point,62,89,569750,136650,2,0,0.0,0,0,0,0.0,0,0.0,1,3.0,0,4.0,1,1.0,3,4.0
1944,Point,62,90,569850,136650,2,0,0.0,0,0,0,0.0,0,0.0,2,4.0,0,4.0,1,1.0,2,4.0
1945,Point,62,91,569950,136650,2,0,0.0,0,0,0,0.0,1,1.0,2,4.0,0,4.0,1,1.0,2,4.0
1946,Point,62,92,570050,136650,2,0,0.0,0,0,0,0.0,1,2.0,2,4.0,0,4.0,0,1.0,2,4.0
1947,Point,62,93,570150,136650,1,0,0.0,0,0,0,0.0,1,2.0,2,4.0,0,3.0,0,1.0,2,4.0
1948,Point,62,94,570250,136650,1,0,0.0,0,0,0,0.0,1,2.0,2,4.0,0,3.0,0,1.0,2,4.0
1949,Point,62,95,570350,136650,1,0,0.0,0,0,0,0.0,1,2.0,2,4.0,4,3.0,0,1.0,2,4.0
1950,Point,62,96,570450,136650,1,0,0.0,0,0,1,0.0,1,2.0,2,4.0,4,3.0,0,1.0,2,4.0
1951,Point,62,97,570550,136650,1,0,0.0,0,0,2,1.0,1,2.0,2,4.0,4,3.0,0,2.0,2,4.0
1952,Point,62,98,570650,136650,1,0,0.0,0,0,3,1.0,1,2.0,2,4.0,4,3.0,1,2.0,2,4.0
1953,Point,62,99,570750,136650,2,0,0.0,0,0,3,1.0,1,2.0,2,4.0,4,3.0,1,2.0,2,4.0
1954,Point,62,100,570850,136650,2,0,0.0,0,0,3,1.0,1,1.0,2,4.0,4,3.0,1,2.0,2,4.0
1955,Point,62,101,570950,136650,3,0,0.0,0,0,2,2.0,2,1.0,2,3.0,4,3.0,1,2.0,2,4.0
1956,Point,62,102,571050,136650,3,0,0.0,0,0,2,2.0,2,1.0,2,3.0,4,3.0,1,2.0,1,4.0
1957,Point,62,103,571150,136650,3,0,0.0,0,0,2,2.0,3,1.0,2,3.0,4,3.0,2,2.0,1,4.0
1958,Point,62,104,571250,136650,4,0,0.0,0,0,2,2.0,3,1.0,2,3.0,4,3.0,2,2.0,1,4.0
1959,Point,62,105,571350,136650,3,0,0.0,0,0,1,2.0,3,1.0,2,3.0,4,3.0,2,2.0,2,4.0
1960,Point,62,106,571450,136650,3,0,0.0,0,0,1,1.0,3,1.0,2,3.0,4,3.0,2,2.0,2,3.0
1961,Point,62,107,571550,136650,3,0,0.0,0,0,1,1.0,3,1.0,2,3.0,4,3.0,2,2.0,2,3.0
1962,Point,62,108,571650,136650,4,0,0.0,0,0,1,1.0,3,1.0,2,3.0,4,3.0,2,2.0,2,3.0
1963,Point,62,109,571750,136650,4,0,0.0,0,0,1,1.0,3,1.0,2,3.0,4,3.0,2,2.0,2,3.0
1964,Point,62,110,571850,136650,4,0,0.0,0,0,1,1.0,3,1.0,2,3.0,4,3.0,2,2.0,2,3.0
1965,Point,62,111,571950,136650,4,0,0.0,0,0,2,1.0,3,1.0,2,3.0,4,3.0,2,2.0,2,3.0
1966,Point,62,112,572050,136650,4,0,0.0,0,0,2,2.0,3,1.0,2,3.0,4,3.0,2,2.0,2,3.0
1967,Point,62,113,572150,136650,4,0,0.0,0,0,2,2.0,3,1.0,2,3.0,4,3.0,3,2.0,2,3.0
1968,Point,63,32,564050,136550,4,0,0.0,0,0,3,2.0,3,2.0,3,3.0,4,3.0,3,2.0,2,3.0
1969,Point,63,33,564150,136550,4,0,0.0,0,0,3,2.0,3,2.0,3,3.0,4,3.0,3,2.0,2,3.0
1970,Point,63,34,564250,136550,4,0,0.0,0,0,2,2.0,3,2.0,3,3.0,4,3.0,3,2.0,2,3.0
1971,Point,63,35,564350,136550,4,0,0.0,0,0,2,2.0,3,2.0,3,3.0,4,3.0,3,2.0,1,3.0
1972,Point,63,36,564450,136550,4,0,0.0,0,0,2,1.0,3,2.0,3,3.0,4,3.0,3,2.0,1,3.0
1973,Point,63,37,564550,136550,4,0,0.0,0,0,2,1.0,3,2.0,3,3.0,4,3.0,3,3.0,1,3.0
1974,Point,63,38,564650,136550,4,0,0.0,0,0,2,1.0,3,2.0,3,3.0,4,3.0,3,3.0,1,3.0
1975,Point,63,39,564750,136550,4,0,0.0,0,0,2,1.0,3,3.0,3,3.0,4,3.0,3,3.0,0,3.0
1976,Point,63,40,564850,136550,4,0,0.0,0,0,2,1.0,2,3.0,3,3.0,4,3.0,3,3.0,0,3.0
1977,Point,63,41,564950,136550,4,0,0.0,0,0,2,1.0,1,3.0,3,3.0,4,3.0,3,3.0,0,3.0
1978,Point,63,42,565050,136550,3,0,0.0,0,0,2,2.0,1,3.0,2,3.0,4,3.0,4,4.0,0,3.0
1979,Point,63,43,565150,136550,3,0,0.0,0,0,3,3.0,1,3.0,2,3.0,4,3.0,4,4.0,0,3.0
1980,Point,63,44,565250,136550,2,0,0.0,0,0,3,3.0,1,3.0,2,3.0,4,3.0,4,3.0,0,3.0
1981,Point,63,45,565350,136550,2,0,0.0,0,0,3,3.0,0,4.0,2,3.0,4,3.0,4,4.0,0,3.0
1982,Point,63,46,565450,136550,2,0,0.0,0,0,3,3.0,0,4.0,1,2.0,4,3.0,0,1.0,0,3.0
1983,Point,63,47,565550,136550,1,0,0.0,0,0,3,3.0,0,4.0,1,2.0,4,3.0,0,1.0,0,3.0
1984,Point,63,48,565650,136550,1,0,0.0,0,0,2,3.0,0,4.0,1,2.0,4,3.0,1,1.0,0,3.0
1985,Point,63,49,565750,136550,1,0,0.0,0,0,2,2.0,0,4.0,1,2.0,4,3.0,1,1.0,0,2.0
1986,Point,63,50,565850,136550,0,0,0.0,0,0,1,1.0,0,4.0,0,1.0,4,3.0,1,1.0,0,0.0
1987,Point,63,51,565950,136550,0,0,0.0,0,0,0,0.0,0,4.0,0,1.0,0,3.0,0,0.0,0,0.0
1988,Point,63,52,566050,136550,0,0,0.0,0,0,0,0.0,0,4.0,0,1.0,0,3.0,0,0.0,0,0.0
1989,Point,63,53,566150,136550,0,0,0.0,0,0,0,0.0,0,3.0,0,0.0,0,3.0,0,0.0,0,0.0
1990,Point,63,54,566250,136550,1,0,0.0,0,0,0,0.0,0,0.0,0,0.0,0,3.0,0,1.0,0,0.0
1991,Point,63,55,566350,136550,1,0,0.0,0,0,0,0.0,0,0.0,0,0.0,0,3.0,0,1.0,0,0.0
1992,Point,63,56,566450,136550,0,0,0.0,0,0,0,0.0,0,0.0,0,0.0,0,3.0,2,1.0,0,0.0
1993,Point,63,57,566550,136550,0,1,0.0,0,0,0,0.0,0,0.0,0,0.0,0,3.0,4,1.0,0,0.0
1994,Point,63,58,566650,136550,0,1,0.0,0,0,0,0.0,0,0.0,0,0.0,0,0.0,4,0.0,0,0.0
1995,Point,63,59,566750,136550,0,1,0.0,0,0,2,0.0,0,0.0,0,0.0,0,0.0,4,0.0,0,0.0
1996,Point,63,60,566850,136550,0,1,0.0,0,0,3,0.0,0,0.0,0,0.0,0,4.0,4,0.0,0,1.0
1997,Point,63,61,566950,136550,0,1,1.0,0,0,3,0.0,0,0.0,0,0.0,0,4.0,4,0.0,0,2.0
1998,Point,63,62,567050,136550,0,1,1.0,0,0,4,0.0,0,0.0,0,0.0,4,4.0,4,0.0,0,2.0
1999,Point,63,63,567150,136550,0,2,1.0,1,0,4,0.0,1,0.0,0,0.0,4,0.0,4,0.0,0,1.0
2000,Point,63,64,567250,136550,0,3,0.5,1,0,4,0.0,1,0.0,0,0.0,4,0.0,4,0.0,0,0.0
2001,Point,63,65,567350,136550,0,3,0.5,1,0,4,0.0,4,0.0,0,0.0,4,0.0,4,0.0,0,0.0
2002,Point,63,66,567450,136550,0,3,0.0,0,0,4,0.0,4,0.0,0,1.0,4,0.0,4,0.0,0,0.0
2003,Point,63,67,567550,136550,0,4,0.0,0,0,4,0.0,4,0.0,1,1.0,0,0.0,4,0.0,0,0.0
2004,Point,63,68,567650,136550,0,3,0.0,0,0,4,0.0,4,0.0,1,1.0,0,0.0,4,1.0,0,0.0
2005,Point,63,69,567750,136550,0,4,0.0,0,0,4,0.0,4,0.0,1,1.0,4,0.0,4,2.0,1,0.0
2006,Point,63,70,567850,136550,0,3,0.0,0,0,4,0.0,3,0.0,1,1.0,4,0.0,3,3.0,1,0.0
2007,Point,63,71,567950,136550,0,2,0.0,0,0,4,0.0,1,0.0,1,1.0,4,0.0,3,2.0,2,0.0
2008,Point,63,72,568050,136550,0,3,0.0,0,0,4,0.0,0,0.0,1,1.0,4,4.0,0,0.0,2,0.0
2009,Point,63,73,568150,136550,0,4,0.0,0,0,4,0.0,0,0.0,1,1.0,0,0.0,0,0.0,3,0.0
2010,Point,63,74,568250,136550,0,3,0.0,0,0,4,0.0,0,0.0,1,1.0,0,0.0,0,0.0,3,0.0
2011,Point,63,75,568350,136550,1,3,0.0,0,0,4,0.0,1,0.0,1,1.0,0,0.0,0,0.0,3,0.0
2012,Point,63,76,568450,136550,1,2,0.0,0,0,4,0.0,1,0.0,1,1.0,0,0.0,0,0.0,3,0.0
2013,Point,63,77,568550,136550,1,1,0.0,0,0,4,0.0,1,0.0,1,1.0,0,0.0,0,1.0,3,2.0
2014,Point,63,78,568650,136550,1,0,0.0,0,0,4,0.0,0,0.0,0,1.0,0,0.0,1,2.0,3,3.0
2015,Point,63,79,568750,136550,1,0,0.0,0,0,4,0.0,0,0.0,0,1.0,0,0.0,0,2.0,3,4.0
2016,Point,63,80,568850,136550,0,0,0.0,0,0,4,0.0,0,0.0,0,0.0,0,0.0,0,2.0,3,4.0
2017,Point,63,81,568950,136550,0,0,0.0,0,0,1,0.0,0,0.0,0,0.0,0,4.0,0,2.0,3,4.0
2018,Point,63,82,569050,136550,0,0,0.0,0,0,0,0.0,0,0.0,0,0.0,0,4.0,0,2.0,3,4.0
2019,Point,63,83,569150,136550,0,0,0.0,0,0,0,0.0,0,0.0,0,1.0,0,4.0,0,2.0,3,4.0
2020,Point,63,84,569250,136550,1,0,0.0,0,0,0,0.0,0,0.0,0,1.0,0,4.0,0,2.0,3,4.0
2021,Point,63,85,569350,136550,1,0,0.0,0,0,0,0.0,0,0.0,0,1.0,0,4.0,1,1.0,3,4.0
2022,Point,63,86,569450,136550,2,0,0.0,0,0,0,0.0,0,0.0,1,2.0,0,4.0,1,1.0,3,4.0
2023,Point,63,87,569550,136550,2,0,0.0,0,0,0,0.0,0,0.0,1,2.0,0,4.0,1,1.0,3,4.0
2024,Point,63,88,569650,136550,3,0,0.0,0,0,0,0.0,0,0.0,1,3.0,0,4.0,1,1.0,3,4.0
2025,Point,63,89,569750,136550,3,0,0.0,0,0,0,0.0,0,0.0,1,4.0,0,4.0,1,0.0,3,4.0
2026,Point,63,90,569850,136550,3,0,0.0,0,0,0,0.0,1,0.0,2,4.0,0,4.0,1,0.0,3,4.0
2027,Point,63,91,569950,136550,2,0,0.0,0,0,0,0.0,1,0.0,2,4.0,0,4.0,1,0.0,3,4.0
2028,Point,63,92,570050,136550,2,0,0.0,0,0,0,0.0,1,1.0,2,4.0,0,4.0,0,0.0,3,4.0
2029,Point,63,93,570150,136550,2,0,0.0,0,0,0,0.0,1,1.0,2,4.0,0,3.0,0,0.0,3,4.0
2030,Point,63,94,570250,136550,1,0,0.0,0,0,0,0.0,1,1.0,2,4.0,4,3.0,0,0.0,3,4.0
2031,Point,63,95,570350,136550,1,0,0.0,0,0,0,0.0,1,1.0,2,4.0,4,3.0,0,0.0,3,4.0
2032,Point,63,96,570450,136550,1,0,0.0,0,0,2,0.0,1,2.0,2,4.0,4,3.0,0,1.0,2,4.0
2033,Point,63,97,570550,136550,1,0,0.0,0,0,3,1.0,1,2.0,2,4.0,4,3.0,1,1.0,2,4.0
2034,Point,63,98,570650,136550,2,0,0.0,0,0,3,1.0,1,2.0,2,4.0,4,3.0,1,1.0,2,4.0
2035,Point,63,99,570750,136550,2,0,0.0,0,0,3,1.0,1,1.0,2,4.0,4,3.0,1,1.0,2,4.0
2036,Point,63,100,570850,136550,2,0,0.0,0,0,3,2.0,1,1.0,2,4.0,4,3.0,1,1.0,2,4.0
2037,Point,63,101,570950,136550,3,0,0.0,0,0,3,2.0,2,1.0,2,4.0,4,3.0,1,1.0,2,4.0
2038,Point,63,102,571050,136550,3,0,0.0,0,0,2,2.0,3,1.0,2,3.0,4,3.0,2,1.0,2,4.0
2039,Point,63,103,571150,136550,3,0,0.0,0,0,2,3.0,3,1.0,2,3.0,4,3.0,2,1.0,2,4.0
2040,Point,63,104,571250,136550,3,0,0.0,0,0,2,2.0,3,1.0,2,3.0,4,3.0,2,1.0,2,4.0
2041,Point,63,105,571350,136550,4,0,0.0,0,0,1,2.0,3,1.0,2,3.0,4,3.0,2,1.0,2,4.0
2042,Point,63,106,571450,136550,4,0,0.0,0,0,1,1.0,3,1.0,2,3.0,4,3.0,2,1.0,2,3.0
2043,Point,63,107,571550,136550,4,0,0.0,0,0,1,1.0,3,1.0,2,3.0,4,3.0,2,1.0,2,3.0
2044,Point,63,108,571650,136550,4,0,0.0,0,0,1,1.0,3,1.0,2,3.0,4,3.0,2,2.0,2,3.0
2045,Point,63,109,571750,136550,4,0,0.0,0,0,1,1.0,3,1.0,2,3.0,4,3.0,2,2.0,2,3.0
2046,Point,63,110,571850,136550,4,0,0.0,0,0,1,1.0,3,1.0,2,3.0,4,3.0,2,2.0,2,3.0
2047,Point,63,111,571950,136550,4,0,0.0,0,0,2,1.0,3,1.0,2,3.0,4,3.0,2,2.0,2,3.0
2048,Point,63,112,572050,136550,4,0,0.0,0,0,2,2.0,3,1.0,2,3.0,4,3.0,3,2.0,2,3.0
2049,Point,63,113,572150,136550,4,0,0.0,0,0,2,2.0,3,1.0,2,3.0,4,3.0,3,2.0,2,3.0
2050,Point,64,32,564050,136450,4,0,0.0,0,0,3,2.0,3,2.0,3,3.0,4,3.0,3,2.0,2,3.0
2051,Point,64,33,564150,136450,4,0,0.0,0,0,3,2.0,3,2.0,3,3.0,4,3.0,3,2.0,2,3.0
2052,Point,64,34,564250,136450,4,0,0.0,0,0,3,2.0,3,2.0,3,3.0,4,3.0,3,2.0,2,3.0
2053,Point,64,35,564350,136450,4,0,0.0,0,0,2,2.0,3,2.0,3,3.0,4,3.0,3,2.0,1,3.0
2054,Point,64,36,564450,136450,4,0,0.0,0,0,2,1.0,3,2.0,3,3.0,4,3.0,3,2.0,1,3.0
2055,Point,64,37,564550,136450,4,0,0.0,0,0,2,1.0,3,2.0,3,3.0,4,3.0,3,2.0,1,3.0
2056,Point,64,38,564650,136450,4,0,0.0,0,0,2,1.0,3,2.0,3,3.0,4,3.0,3,3.0,1,3.0
2057,Point,64,39,564750,136450,4,0,0.0,0,0,2,1.0,3,3.0,3,3.0,4,3.0,3,3.0,0,3.0
2058,Point,64,40,564850,136450,4,0,0.0,0,0,2,1.0,2,3.0,3,3.0,4,3.0,3,3.0,0,3.0
2059,Point,64,41,564950,136450,4,0,0.0,0,0,2,1.0,1,3.0,3,3.0,4,3.0,3,3.0,0,3.0
2060,Point,64,42,565050,136450,4,0,0.0,0,0,3,2.0,1,3.0,2,3.0,4,3.0,3,3.0,0,3.0
2061,Point,64,43,565150,136450,3,0,0.0,0,0,3,3.0,1,3.0,2,3.0,4,3.0,4,4.0,0,3.0
2062,Point,64,44,565250,136450,3,0,0.0,0,0,3,3.0,1,3.0,2,3.0,4,3.0,4,4.0,0,3.0
2063,Point,64,45,565350,136450,2,0,0.0,0,0,3,3.0,0,4.0,2,3.0,4,3.0,3,4.0,0,3.0
2064,Point,64,46,565450,136450,2,0,0.0,0,0,3,3.0,0,4.0,1,2.0,4,3.0,0,1.0,0,3.0
2065,Point,64,47,565550,136450,2,0,0.0,0,0,3,3.0,0,4.0,1,2.0,4,3.0,0,1.0,0,3.0
2066,Point,64,48,565650,136450,2,0,0.0,0,0,3,2.0,0,4.0,1,2.0,4,3.0,1,1.0,0,3.0
2067,Point,64,49,565750,136450,1,0,0.0,0,0,2,1.0,0,4.0,1,2.0,4,3.0,1,0.0,0,1.0
2068,Point,64,50,565850,136450,1,0,0.0,0,0,2,1.0,0,4.0,0,1.0,4,3.0,1,1.0,0,0.0
2069,Point,64,51,565950,136450,0,0,0.0,0,0,1,0.0,0,4.0,0,1.0,4,3.0,0,0.0,0,0.0
2070,Point,64,52,566050,136450,0,0,0.0,0,0,0,0.0,0,4.0,0,1.0,0,3.0,0,0.0,0,0.0
2071,Point,64,53,566150,136450,1,0,0.0,0,0,0,0.0,0,3.0,0,0.0,0,3.0,0,0.0,0,0.0
2072,Point,64,54,566250,136450,1,0,0.0,0,0,0,0.0,0,0.0,0,0.0,0,3.0,0,1.0,0,0.0
2073,Point,64,55,566350,136450,1,0,0.0,0,0,0,0.0,0,0.0,0,0.0,0,3.0,1,0.0,0,0.0
2074,Point,64,56,566450,136450,0,1,0.0,0,0,0,0.0,0,0.0,0,0.0,0,3.0,3,0.0,0,0.0
2075,Point,64,57,566550,136450,0,2,0.0,0,0,0,0.0,0,0.0,0,0.0,0,3.0,4,0.0,0,0.0
2076,Point,64,58,566650,136450,0,2,0.0,0,0,0,0.0,0,0.0,0,0.0,0,0.0,4,0.0,0,0.0
2077,Point,64,59,566750,136450,0,2,2.0,0,0,0,0.0,0,0.0,0,0.0,0,4.0,4,0.0,0,0.0
2078,Point,64,60,566850,136450,0,2,1.5,0,0,1,0.0,0,0.0,0,0.0,0,4.0,4,0.0,0,1.0
2079,Point,64,61,566950,136450,0,2,1.0,0,0,3,0.0,0,0.0,0,0.0,4,4.0,4,0.0,0,2.0
2080,Point,64,62,567050,136450,0,1,0.5,0,0,4,0.0,0,0.0,0,0.0,4,4.0,4,0.0,0,2.0
2081,Point,64,63,567150,136450,0,2,1.0,0,0,4,0.0,1,0.0,0,0.0,4,0.0,4,0.0,0,1.0
2082,Point,64,64,567250,136450,0,3,1.0,0,0,4,0.0,2,0.0,0,0.0,4,0.0,4,0.0,0,0.0
2083,Point,64,65,567350,136450,0,3,0.0,0,0,4,0.0,4,0.0,0,0.0,4,0.0,4,0.0,0,0.0
2084,Point,64,66,567450,136450,0,4,0.0,0,0,4,0.0,4,0.0,0,1.0,4,0.0,4,0.0,0,0.0
2085,Point,64,67,567550,136450,0,3,0.0,0,0,4,0.0,4,0.0,1,1.0,0,0.0,4,0.0,0,0.0
2086,Point,64,68,567650,136450,0,2,0.0,0,0,4,0.0,4,0.0,1,1.0,0,0.0,4,1.0,0,0.0
2087,Point,64,69,567750,136450,0,3,0.0,0,0,4,0.0,4,0.0,1,1.0,4,0.0,4,2.0,1,0.0
2088,Point,64,70,567850,136450,0,3,0.0,0,0,4,0.0,4,0.0,1,1.0,4,0.0,3,3.0,1,0.0
2089,Point,64,71,567950,136450,0,3,0.0,0,0,4,0.0,1,0.0,1,1.0,4,0.0,3,1.0,2,0.0
2090,Point,64,72,568050,136450,0,4,0.0,0,0,4,0.0,1,0.0,1,1.0,4,4.0,0,0.0,2,0.0
2091,Point,64,73,568150,136450,0,3,0.0,0,0,4,0.0,1,0.0,1,1.0,0,4.0,0,0.0,3,0.0
2092,Point,64,74,568250,136450,0,2,0.0,0,0,4,0.0,1,0.0,1,1.0,0,0.0,0,0.0,3,0.0
2093,Point,64,75,568350,136450,1,3,0.0,0,0,4,0.0,1,0.0,1,1.0,0,0.0,0,0.0,3,0.0
2094,Point,64,76,568450,136450,1,2,0.0,0,0,4,0.0,1,0.0,1,1.0,0,0.0,0,0.0,3,0.0
2095,Point,64,77,568550,136450,1,1,0.0,0,0,4,0.0,1,0.0,0,1.0,0,0.0,1,1.0,3,1.0
2096,Point,64,78,568650,136450,1,0,0.0,0,0,4,0.0,1,0.0,0,1.0,0,0.0,1,2.0,3,3.0
2097,Point,64,79,568750,136450,1,0,0.0,0,0,4,0.0,0,0.0,0,1.0,0,0.0,0,3.0,3,3.0
2098,Point,64,80,568850,136450,0,0,0.0,0,0,4,0.0,0,0.0,0,0.0,0,4.0,0,3.0,3,4.0
2099,Point,64,81,568950,136450,0,0,0.0,0,0,3,0.0,0,0.0,0,0.0,0,4.0,0,3.0,3,4.0
2100,Point,64,82,569050,136450,0,0,0.0,0,0,0,0.0,0,0.0,0,0.0,0,4.0,0,3.0,3,4.0
2101,Point,64,83,569150,136450,0,0,0.0,0,0,0,0.0,0,0.0,0,0.0,0,4.0,0,2.0,3,4.0
2102,Point,64,84,569250,136450,1,0,0.0,0,0,0,0.0,0,0.0,0,1.0,0,4.0,0,2.0,3,4.0
2103,Point,64,85,569350,136450,1,0,0.0,0,0,0,0.0,0,0.0,0,1.0,0,4.0,1,1.0,3,4.0
2104,Point,64,86,569450,136450,2,0,0.0,0,0,0,0.0,0,0.0,0,2.0,0,4.0,1,1.0,3,4.0
2105,Point,64,87,569550,136450,2,0,0.0,0,0,0,0.0,0,0.0,1,3.0,0,4.0,1,1.0,3,4.0
2106,Point,64,88,569650,136450,3,0,0.0,0,0,0,0.0,0,0.0,1,3.0,0,4.0,1,0.0,3,4.0
2107,Point,64,89,569750,136450,3,0,0.0,0,0,0,0.0,0,0.0,1,4.0,0,4.0,1,0.0,3,4.0
2108,Point,64,90,569850,136450,3,0,0.0,0,0,0,0.0,1,0.0,1,4.0,0,4.0,1,0.0,3,4.0
2109,Point,64,91,569950,136450,2,0,0.0,0,0,0,0.0,1,0.0,2,4.0,0,4.0,1,0.0,3,4.0
2110,Point,64,92,570050,136450,2,0,0.0,0,0,0,0.0,1,0.0,2,4.0,0,3.0,1,0.0,3,4.0
2111,Point,64,93,570150,136450,2,0,0.0,0,0,0,0.0,1,0.0,2,4.0,0,3.0,0,0.0,3,4.0
2112,Point,64,94,570250,136450,2,0,0.0,0,0,0,0.0,1,0.0,2,4.0,4,3.0,0,0.0,3,4.0
2113,Point,64,95,570350,136450,2,0,0.0,0,0,0,0.0,1,1.0,2,4.0,4,3.0,1,0.0,3,4.0
2114,Point,64,96,570450,136450,2,0,0.0,0,0,2,1.0,1,1.0,2,4.0,4,3.0,1,0.0,3,4.0
2115,Point,64,97,570550,136450,2,0,0.0,0,0,3,1.0,1,2.0,2,4.0,4,3.0,1,0.0,3,4.0
2116,Point,64,98,570650,136450,2,0,0.0,0,0,3,2.0,1,1.0,2,4.0,4,3.0,1,1.0,3,4.0
2117,Point,64,99,570750,136450,2,0,0.0,0,0,3,2.0,1,1.0,2,4.0,4,3.0,1,1.0,2,4.0
2118,Point,64,100,570850,136450,3,0,0.0,0,0,3,3.0,2,1.0,2,4.0,4,3.0,1,1.0,2,4.0
2119,Point,64,101,570950,136450,3,0,0.0,0,0,3,3.0,2,1.0,2,4.0,4,3.0,2,1.0,2,4.0
2120,Point,64,102,571050,136450,3,0,0.0,0,0,2,3.0,3,1.0,2,3.0,4,3.0,2,1.0,2,4.0
2121,Point,64,103,571150,136450,3,0,0.0,0,0,2,3.0,3,1.0,2,3.0,4,3.0,2,1.0,2,4.0
2122,Point,64,104,571250,136450,3,0,0.0,0,0,2,2.0,3,1.0,2,3.0,4,3.0,2,1.0,2,4.0
2123,Point,64,105,571350,136450,3,0,0.0,0,0,1,2.0,3,1.0,2,3.0,4,3.0,2,1.0,2,4.0
2124,Point,64,106,571450,136450,3,0,0.0,0,0,1,1.0,3,1.0,2,3.0,4,3.0,2,1.0,2,3.0
2125,Point,64,107,571550,136450,3,0,0.0,0,0,1,1.0,3,1.0,2,3.0,4,3.0,2,1.0,2,3.0
2126,Point,64,108,571650,136450,4,0,0.0,0,0,1,1.0,3,1.0,2,3.0,4,3.0,2,1.0,2,3.0
2127,Point,64,109,571750,136450,4,0,0.0,0,0,1,1.0,3,1.0,2,3.0,4,3.0,2,1.0,2,3.0
2128,Point,64,110,571850,136450,4,0,0.0,0,0,1,1.0,3,1.0,2,3.0,4,3.0,2,2.0,2,3.0
2129,Point,64,111,571950,136450,4,0,0.0,0,0,2,1.0,3,1.0,2,3.0,4,3.0,3,2.0,2,3.0
2130,Point,64,112,572050,136450,4,0,0.0,0,0,2,1.0,3,1.0,2,3.0,4,3.0,3,2.0,2,3.0
2131,Point,64,113,572150,136450,4,0,0.0,0,0,2,2.0,3,1.0,2,3.0,4,3.0,3,2.0,2,3.0
2132,Point,65,32,564050,136350,4,0,0.0,0,0,3,2.0,3,2.0,3,3.0,4,3.0,3,2.0,2,3.0
2133,Point,65,33,564150,136350,4,0,0.0,0,0,3,2.0,3,2.0,3,3.0,4,3.0,3,2.0,2,3.0
2134,Point,65,34,564250,136350,4,0,0.0,0,0,3,2.0,3,2.0,3,3.0,4,3.0,3,2.0,2,3.0
2135,Point,65,35,564350,136350,4,0,0.0,0,0,2,2.0,3,2.0,3,3.0,4,3.0,3,2.0,1,3.0
2136,Point,65,36,564450,136350,4,0,0.0,0,0,2,1.0,3,2.0,3,3.0,4,3.0,3,2.0,1,3.0
2137,Point,65,37,564550,136350,4,0,0.0,0,0,2,1.0,3,2.0,3,3.0,4,3.0,3,2.0,1,3.0
2138,Point,65,38,564650,136350,4,0,0.0,0,0,2,1.0,3,2.0,3,3.0,4,3.0,3,2.0,1,3.0
2139,Point,65,39,564750,136350,4,0,0.0,0,0,2,1.0,3,3.0,3,3.0,4,3.0,3,3.0,0,3.0
2140,Point,65,40,564850,136350,4,0,0.0,0,0,2,1.0,2,3.0,3,3.0,4,3.0,3,3.0,0,3.0
2141,Point,65,41,564950,136350,4,0,0.0,0,0,2,2.0,1,3.0,2,3.0,4,3.0,3,3.0,0,3.0
2142,Point,65,42,565050,136350,4,0,0.0,0,0,3,2.0,1,3.0,2,3.0,4,3.0,3,3.0,0,3.0
2143,Point,65,43,565150,136350,3,0,0.0,0,0,3,2.0,1,3.0,2,3.0,4,3.0,4,3.0,0,3.0
2144,Point,65,44,565250,136350,3,0,0.0,0,0,3,3.0,1,3.0,2,3.0,4,3.0,4,3.0,0,3.0
2145,Point,65,45,565350,136350,3,0,0.0,0,0,3,3.0,0,4.0,2,3.0,4,3.0,3,3.0,0,3.0
2146,Point,65,46,565450,136350,2,0,0.0,0,0,3,3.0,0,4.0,1,2.0,4,3.0,0,1.0,0,3.0
2147,Point,65,47,565550,136350,2,0,0.0,0,0,3,2.0,0,4.0,1,2.0,4,3.0,0,1.0,0,3.0
2148,Point,65,48,565650,136350,2,0,0.0,0,0,3,2.0,0,4.0,1,2.0,4,3.0,1,0.0,0,2.0
2149,Point,65,49,565750,136350,1,0,0.0,0,0,3,1.0,0,4.0,1,2.0,4,3.0,1,0.0,0,1.0
2150,Point,65,50,565850,136350,1,0,0.0,0,0,2,1.0,0,4.0,1,2.0,4,3.0,1,0.0,0,0.0
2151,Point,65,51,565950,136350,1,0,0.0,0,0,1,1.0,0,4.0,0,1.0,4,3.0,0,1.0,0,0.0
2152,Point,65,52,566050,136350,1,0,0.0,0,0,0,0.0,0,4.0,0,1.0,0,3.0,0,0.0,0,0.0
2153,Point,65,53,566150,136350,1,0,0.0,0,0,0,0.0,0,3.0,0,1.0,0,3.0,0,0.0,0,0.0
2154,Point,65,54,566250,136350,1,0,0.0,0,0,0,0.0,0,2.0,0,0.0,0,3.0,0,0.0,0,0.0
2155,Point,65,55,566350,136350,0,0,0.0,0,0,0,0.0,0,0.0,0,0.0,0,3.0,1,0.0,0,0.0
2156,Point,65,56,566450,136350,0,1,0.0,0,0,0,0.0,0,0.0,0,0.0,0,4.0,3,0.0,0,0.0
2157,Point,65,57,566550,136350,0,2,0.0,0,0,0,0.0,0,0.0,0,0.0,0,4.0,4,0.0,0,0.0
2158,Point,65,58,566650,136350,0,4,0.0,0,0,0,0.0,0,0.0,0,0.0,0,3.0,4,0.0,0,0.0
2159,Point,65,59,566750,136350,0,3,0.0,0,0,0,0.0,0,0.0,0,0.0,0,4.0,4,0.0,0,0.0
2160,Point,65,60,566850,136350,0,3,1.0,0,0,0,0.0,0,0.0,0,0.0,0,4.0,4,0.0,0,2.0
2161,Point,65,61,566950,136350,0,3,1.0,0,0,2,0.0,0,0.0,0,0.0,4,4.0,4,0.0,0,3.0
2162,Point,65,62,567050,136350,0,2,1.0,0,0,3,0.0,0,0.0,0,0.0,4,4.0,4,0.0,0,3.0
2163,Point,65,63,567150,136350,0,1,0.5,0,0,4,0.0,1,0.0,0,0.0,4,0.0,4,0.0,0,1.0
2164,Point,65,64,567250,136350,0,2,0.5,0,0,4,0.0,2,0.0,0,0.0,4,0.0,4,0.0,0,0.0
2165,Point,65,65,567350,136350,0,2,0.0,0,0,4,0.0,4,0.0,0,0.0,4,0.0,4,0.0,0,0.0
2166,Point,65,66,567450,136350,0,2,0.0,0,0,4,0.0,4,0.0,0,1.0,4,0.0,4,0.0,0,0.0
2167,Point,65,67,567550,136350,0,2,0.0,0,0,4,0.0,4,0.0,1,1.0,4,0.0,4,0.0,0,0.0
2168,Point,65,68,567650,136350,0,2,0.0,0,0,4,0.0,4,0.0,1,1.0,4,0.0,4,1.0,1,0.0
2169,Point,65,69,567750,136350,0,4,0.0,0,0,4,0.0,4,0.0,1,1.0,4,0.0,4,2.0,1,0.0
2170,Point,65,70,567850,136350,0,3,0.0,0,0,4,0.0,4,0.0,1,1.0,4,0.0,3,3.0,1,0.0
2171,Point,65,71,567950,136350,0,2,0.0,0,0,4,0.0,2,0.0,1,1.0,4,0.0,3,1.0,2,0.0
2172,Point,65,72,568050,136350,0,4,0.0,0,0,4,0.0,1,0.0,1,1.0,4,4.0,0,0.0,2,0.0
2173,Point,65,73,568150,136350,0,3,0.0,0,0,4,0.0,1,0.0,1,1.0,0,4.0,0,0.0,3,0.0
2174,Point,65,74,568250,136350,0,3,0.0,0,0,4,0.0,2,0.0,1,1.0,0,0.0,0,0.0,3,0.0
2175,Point,65,75,568350,136350,1,4,0.0,0,0,4,0.0,3,0.0,1,1.0,0,0.0,0,0.0,3,0.0
2176,Point,65,76,568450,136350,1,2,0.0,0,0,4,0.0,4,0.0,0,1.0,0,0.0,0,0.0,3,0.0
2177,Point,65,77,568550,136350,2,1,0.0,0,0,4,0.0,2,0.0,0,1.0,0,0.0,0,1.0,3,1.0
2178,Point,65,78,568650,136350,1,0,0.0,0,0,4,0.0,1,0.0,0,1.0,0,0.0,1,2.0,3,2.0
2179,Point,65,79,568750,136350,1,0,0.0,0,0,4,0.0,0,0.0,0,1.0,0,0.0,0,3.0,3,3.0
2180,Point,65,80,568850,136350,0,0,0.0,0,0,4,0.0,0,0.0,0,0.0,0,4.0,0,3.0,3,4.0
2181,Point,65,81,568950,136350,0,0,0.0,0,0,3,0.0,0,0.0,0,0.0,0,4.0,0,3.0,4,4.0
2182,Point,65,82,569050,136350,0,0,0.0,0,0,2,0.0,0,0.0,0,0.0,0,4.0,0,3.0,4,4.0
2183,Point,65,83,569150,136350,1,0,0.0,0,0,0,0.0,0,0.0,0,0.0,0,4.0,0,3.0,4,4.0
2184,Point,65,84,569250,136350,1,0,0.0,0,0,0,0.0,0,0.0,0,1.0,0,4.0,1,2.0,4,4.0
2185,Point,65,85,569350,136350,2,0,0.0,0,0,0,0.0,0,0.0,0,1.0,0,4.0,1,1.0,4,4.0
2186,Point,65,86,569450,136350,2,0,0.0,0,0,0,0.0,0,0.0,0,2.0,0,4.0,1,1.0,3,4.0
2187,Point,65,87,569550,136350,2,0,0.0,0,0,0,0.0,0,0.0,1,3.0,0,4.0,1,0.0,3,4.0
2188,Point,65,88,569650,136350,3,0,0.0,0,0,0,0.0,0,0.0,1,4.0,0,4.0,1,0.0,3,4.0
2189,Point,65,89,569750,136350,2,0,0.0,0,0,0,0.0,0,0.0,1,4.0,0,4.0,1,0.0,3,4.0
2190,Point,65,90,569850,136350,2,0,0.0,0,0,0,0.0,1,0.0,1,4.0,0,3.0,1,0.0,3,4.0
2191,Point,65,91,569950,136350,2,0,0.0,0,0,0,0.0,1,0.0,2,4.0,0,3.0,1,0.0,3,4.0
2192,Point,65,92,570050,136350,2,0,0.0,0,0,0,0.0,1,0.0,2,4.0,0,3.0,1,0.0,3,4.0
2193,Point,65,93,570150,136350,2,0,0.0,0,0,0,0.0,1,0.0,2,4.0,4,3.0,1,0.0,3,4.0
2194,Point,65,94,570250,136350,2,0,0.0,0,0,0,0.0,1,0.0,2,4.0,4,3.0,1,0.0,3,4.0
2195,Point,65,95,570350,136350,2,0,0.0,0,0,1,1.0,1,0.0,2,4.0,4,3.0,1,0.0,3,4.0
2196,Point,65,96,570450,136350,2,0,0.0,0,0,2,1.0,1,1.0,2,4.0,4,3.0,1,0.0,3,4.0
2197,Point,65,97,570550,136350,2,0,0.0,0,0,3,2.0,1,1.0,2,4.0,4,3.0,1,0.0,3,4.0
2198,Point,65,98,570650,136350,3,0,0.0,0,0,3,3.0,1,1.0,2,4.0,4,3.0,1,0.0,3,4.0
2199,Point,65,99,570750,136350,3,0,0.0,0,0,3,3.0,2,1.0,2,4.0,4,3.0,1,1.0,3,4.0
2200,Point,65,100,570850,136350,3,0,0.0,0,0,3,3.0,2,1.0,2,4.0,4,3.0,2,1.0,3,4.0
2201,Point,65,101,570950,136350,3,0,0.0,0,0,3,3.0,3,1.0,2,4.0,4,3.0,2,1.0,2,4.0
2202,Point,65,102,571050,136350,2,0,0.0,0,0,2,3.0,3,1.0,2,3.0,4,3.0,2,1.0,2,4.0
2203,Point,65,103,571150,136350,2,0,0.0,0,0,2,3.0,3,1.0,2,3.0,4,3.0,2,1.0,2,4.0
2204,Point,65,104,571250,136350,2,0,0.0,0,0,2,2.0,3,1.0,2,3.0,4,3.0,2,1.0,2,4.0
2205,Point,65,105,571350,136350,3,0,0.0,0,0,1,2.0,3,1.0,2,3.0,4,3.0,2,1.0,2,4.0
2206,Point,65,106,571450,136350,3,0,0.0,0,0,1,1.0,3,1.0,2,3.0,4,3.0,2,1.0,2,3.0
2207,Point,65,107,571550,136350,3,0,0.0,0,0,1,1.0,3,1.0,2,3.0,4,3.0,2,1.0,2,3.0
2208,Point,65,108,571650,136350,3,0,0.0,0,0,1,1.0,3,1.0,2,3.0,4,3.0,2,1.0,2,3.0
2209,Point,65,109,571750,136350,4,0,0.0,0,0,1,1.0,3,1.0,2,3.0,4,3.0,3,1.0,2,3.0
2210,Point,65,110,571850,136350,4,0,0.0,0,0,1,1.0,3,1.0,2,3.0,4,3.0,3,1.0,2,3.0
2211,Point,65,111,571950,136350,4,0,0.0,0,0,2,1.0,3,1.0,2,3.0,4,3.0,3,1.0,2,3.0
2212,Point,65,112,572050,136350,4,0,0.0,0,0,2,1.0,3,1.0,2,3.0,4,3.0,3,1.0,2,3.0
2213,Point,65,113,572150,136350,4,0,0.0,0,0,2,2.0,3,1.0,2,3.0,4,3.0,3,2.0,2,3.0
2214,Point,66,32,564050,136250,4,0,0.0,0,0,3,2.0,3,2.0,3,3.0,4,3.0,3,2.0,2,3.0
2215,Point,66,33,564150,136250,4,0,0.0,0,0,3,2.0,3,2.0,3,3.0,4,3.0,3,2.0,2,3.0
2216,Point,66,34,564250,136250,4,0,0.0,0,0,3,2.0,3,2.0,3,3.0,4,3.0,3,2.0,2,3.0
2217,Point,66,35,564350,136250,4,0,0.0,0,0,2,2.0,3,2.0,3,3.0,4,3.0,3,2.0,1,3.0
2218,Point,66,36,564450,136250,4,0,0.0,0,0,2,2.0,3,2.0,3,3.0,4,3.0,3,2.0,1,3.0
2219,Point,66,37,564550,136250,4,0,0.0,0,0,2,1.0,3,2.0,3,3.0,4,3.0,3,2.0,1,3.0
2220,Point,66,38,564650,136250,4,0,0.0,0,0,2,1.0,3,2.0,3,3.0,4,3.0,3,2.0,1,3.0
2221,Point,66,39,564750,136250,4,0,0.0,0,0,2,1.0,3,2.0,2,3.0,4,3.0,3,3.0,0,3.0
2222,Point,66,40,564850,136250,4,0,0.0,0,0,2,1.0,3,3.0,2,3.0,4,3.0,3,3.0,0,3.0
2223,Point,66,41,564950,136250,4,0,0.0,0,0,2,2.0,2,3.0,2,3.0,4,3.0,3,3.0,0,3.0
2224,Point,66,42,565050,136250,4,0,0.0,0,0,3,2.0,1,3.0,2,3.0,4,3.0,3,3.0,0,3.0
2225,Point,66,43,565150,136250,4,0,0.0,0,0,3,3.0,1,3.0,2,3.0,4,3.0,4,3.0,0,3.0
2226,Point,66,44,565250,136250,3,0,0.0,0,0,3,3.0,1,3.0,2,3.0,4,3.0,4,3.0,0,3.0
2227,Point,66,45,565350,136250,3,0,0.0,0,0,3,3.0,1,3.0,2,3.0,4,3.0,3,3.0,0,3.0
2228,Point,66,46,565450,136250,3,0,0.0,0,0,3,3.0,0,4.0,2,2.0,4,3.0,0,0.0,0,3.0
2229,Point,66,47,565550,136250,2,0,0.0,0,0,3,3.0,0,4.0,1,2.0,4,3.0,1,0.0,0,2.0
2230,Point,66,48,565650,136250,2,0,0.0,0,0,3,2.0,0,4.0,1,2.0,4,3.0,1,0.0,0,1.0
2231,Point,66,49,565750,136250,2,0,0.0,0,0,3,2.0,0,4.0,1,2.0,4,3.0,2,0.0,0,0.0
2232,Point,66,50,565850,136250,1,0,0.0,0,0,2,1.0,0,4.0,0,2.0,4,3.0,1,0.0,0,0.0
2233,Point,66,51,565950,136250,1,0,0.0,0,0,1,1.0,0,4.0,0,1.0,4,3.0,0,0.0,0,0.0
2234,Point,66,52,566050,136250,1,0,0.0,0,0,0,0.0,0,4.0,0,1.0,4,3.0,0,0.0,0,0.0
2235,Point,66,53,566150,136250,1,0,0.0,0,0,0,0.0,0,3.0,0,1.0,0,3.0,0,0.0,0,0.0
2236,Point,66,54,566250,136250,1,0,0.0,0,0,0,0.0,0,3.0,0,0.0,0,3.0,1,0.0,0,0.0
2237,Point,66,55,566350,136250,0,0,0.0,0,0,0,0.0,0,0.0,0,0.0,0,3.0,1,0.0,0,0.0
2238,Point,66,56,566450,136250,0,1,0.0,0,0,0,0.0,0,0.0,0,0.0,0,4.0,3,0.0,0,0.0
2239,Point,66,57,566550,136250,0,2,0.0,0,0,0,0.0,0,0.0,0,0.0,0,4.0,4,1.0,0,0.0
2240,Point,66,58,566650,136250,0,2,0.0,0,0,0,0.0,0,0.0,0,0.0,0,3.0,4,0.0,0,0.0
2241,Point,66,59,566750,136250,0,2,0.0,4,0,0,0.0,0,0.0,0,0.0,0,4.0,4,0.0,0,1.0
2242,Point,66,60,566850,136250,0,3,0.0,3,0,0,0.0,0,0.0,0,0.0,0,4.0,4,0.0,0,2.0
2243,Point,66,61,566950,136250,0,3,0.5,2,0,2,0.0,0,0.0,0,0.0,4,4.0,4,0.0,0,3.0
2244,Point,66,62,567050,136250,0,2,0.5,0,0,3,0.0,0,0.0,0,0.0,4,4.0,4,0.0,0,3.0
2245,Point,66,63,567150,136250,0,1,0.5,0,0,4,0.0,1,0.0,0,0.0,4,4.0,4,0.0,0,3.0
2246,Point,66,64,567250,136250,0,2,0.0,0,0,4,0.0,1,0.0,0,0.0,4,0.0,4,0.0,0,1.0
2247,Point,66,65,567350,136250,0,4,0.0,0,0,4,0.0,3,0.0,0,0.0,4,0.0,4,0.0,0,0.0
2248,Point,66,66,567450,136250,0,2,0.0,0,0,4,0.0,4,0.0,1,1.0,4,0.0,4,0.0,0,0.0
2249,Point,66,67,567550,136250,0,2,0.0,0,0,4,0.0,4,0.0,1,1.0,4,0.0,4,1.0,1,0.0
2250,Point,66,68,567650,136250,0,2,0.0,0,0,4,0.0,4,0.0,1,1.0,4,0.0,4,1.0,1,0.0
2251,Point,66,69,567750,136250,0,2,0.0,0,0,4,0.0,4,0.0,1,1.0,4,0.0,4,2.0,1,0.0
2252,Point,66,70,567850,136250,0,2,0.0,0,0,4,0.0,4,0.0,1,1.0,4,0.0,3,3.0,2,0.0
2253,Point,66,71,567950,136250,0,3,0.0,0,0,4,0.0,3,0.0,1,1.0,4,0.0,2,1.0,2,0.0
2254,Point,66,72,568050,136250,0,3,0.0,0,0,4,0.0,3,0.0,1,1.0,4,4.0,0,0.0,3,0.0
2255,Point,66,73,568150,136250,0,2,0.0,0,0,4,0.0,4,0.0,1,1.0,4,4.0,0,0.0,3,0.0
2256,Point,66,74,568250,136250,0,2,0.0,0,0,4,0.0,4,0.0,1,1.0,0,4.0,0,0.0,3,0.0
2257,Point,66,75,568350,136250,1,2,0.0,0,0,4,0.0,4,0.0,0,1.0,0,0.0,0,0.0,3,0.0
2258,Point,66,76,568450,136250,1,2,0.0,0,0,4,0.0,4,0.0,0,1.0,0,0.0,0,0.0,3,0.0
2259,Point,66,77,568550,136250,2,1,0.0,0,0,4,0.0,3,0.0,0,1.0,0,0.0,0,1.0,3,1.0
2260,Point,66,78,568650,136250,1,0,0.0,0,0,4,0.0,1,0.0,0,0.0,0,0.0,0,2.0,3,1.0
2261,Point,66,79,568750,136250,1,0,0.0,0,0,4,0.0,0,0.0,0,0.0,0,4.0,0,3.0,4,3.0
2262,Point,66,80,568850,136250,1,0,0.0,0,0,4,0.0,0,0.0,0,0.0,0,4.0,0,4.0,4,3.0
2263,Point,66,81,568950,136250,1,0,0.0,0,0,4,0.0,0,0.0,0,0.0,0,4.0,1,4.0,4,4.0
2264,Point,66,82,569050,136250,1,0,0.0,0,0,3,0.0,0,0.0,0,0.0,0,4.0,1,4.0,4,4.0
2265,Point,66,83,569150,136250,1,0,0.0,0,0,0,0.0,0,0.0,0,1.0,0,4.0,1,3.0,4,4.0
2266,Point,66,84,569250,136250,1,0,0.0,0,0,0,0.0,0,0.0,0,1.0,0,4.0,1,2.0,4,4.0
2267,Point,66,85,569350,136250,2,0,0.0,0,0,0,0.0,0,0.0,0,1.0,0,4.0,1,1.0,4,4.0
2268,Point,66,86,569450,136250,2,0,0.0,0,0,0,0.0,0,0.0,0,2.0,0,3.0,1,0.0,4,4.0
2269,Point,66,87,569550,136250,3,0,0.0,0,0,0,0.0,0,0.0,1,3.0,0,3.0,1,0.0,4,4.0
2270,Point,66,88,569650,136250,2,0,0.0,0,0,0,0.0,0,0.0,1,4.0,0,3.0,1,0.0,4,4.0
2271,Point,66,89,569750,136250,2,0,0.0,0,0,0,0.0,0,0.0,1,4.0,0,3.0,1,0.0,4,4.0
2272,Point,66,90,569850,136250,2,0,0.0,0,0,0,0.0,1,0.0,1,4.0,0,3.0,1,0.0,3,4.0
2273,Point,66,91,569950,136250,1,0,0.0,0,0,0,0.0,1,0.0,2,4.0,4,3.0,1,0.0,3,4.0
2274,Point,66,92,570050,136250,1,0,0.0,0,0,0,0.0,1,0.0,2,4.0,4,3.0,1,0.0,3,4.0
2275,Point,66,93,570150,136250,1,0,0.0,0,0,0,0.0,1,0.0,2,4.0,4,3.0,1,0.0,3,4.0
2276,Point,66,94,570250,136250,2,0,0.0,0,0,0,0.0,1,0.0,2,4.0,4,3.0,1,0.0,3,4.0
2277,Point,66,95,570350,136250,2,0,0.0,0,0,2,1.0,1,0.0,2,4.0,4,3.0,1,0.0,3,4.0
2278,Point,66,96,570450,136250,2,0,0.0,0,0,3,3.0,1,0.0,3,4.0,4,3.0,1,0.0,3,4.0
2279,Point,66,97,570550,136250,3,0,0.0,0,0,3,3.0,1,1.0,3,4.0,4,3.0,1,0.0,3,4.0
2280,Point,66,98,570650,136250,3,0,0.0,0,0,3,3.0,2,1.0,3,4.0,4,3.0,1,0.0,3,4.0
2281,Point,66,99,570750,136250,3,0,0.0,0,0,3,3.0,2,1.0,2,4.0,4,3.0,1,0.0,3,4.0
2282,Point,66,100,570850,136250,2,0,0.0,0,0,3,3.0,2,1.0,2,4.0,4,3.0,2,1.0,3,4.0
2283,Point,66,101,570950,136250,2,0,0.0,0,0,3,3.0,3,1.0,2,4.0,4,3.0,2,1.0,3,4.0
2284,Point,66,102,571050,136250,2,0,0.0,0,0,2,3.0,3,1.0,2,3.0,4,3.0,2,1.0,3,4.0
2285,Point,66,103,571150,136250,2,0,0.0,0,0,2,3.0,3,1.0,2,3.0,4,3.0,2,1.0,2,4.0
2286,Point,66,104,571250,136250,2,0,0.0,0,0,2,3.0,3,1.0,2,3.0,4,3.0,2,1.0,2,4.0
2287,Point,66,105,571350,136250,2,0,0.0,0,0,1,2.0,3,1.0,2,3.0,4,3.0,2,1.0,2,3.0
2288,Point,66,106,571450,136250,2,0,0.0,0,0,1,2.0,3,1.0,2,3.0,4,3.0,2,1.0,2,3.0
2289,Point,66,107,571550,136250,3,0,0.0,0,0,1,1.0,3,1.0,2,3.0,4,3.0,2,1.0,2,3.0
2290,Point,66,108,571650,136250,3,0,0.0,0,0,1,1.0,3,1.0,2,3.0,4,3.0,3,1.0,2,3.0
2291,Point,66,109,571750,136250,3,0,0.0,0,0,1,1.0,3,1.0,2,3.0,4,3.0,3,1.0,2,3.0
2292,Point,66,110,571850,136250,4,0,0.0,0,0,1,1.0,3,1.0,2,3.0,4,3.0,3,1.0,2,3.0
2293,Point,66,111,571950,136250,4,0,0.0,0,0,1,1.0,3,1.0,2,3.0,4,3.0,3,1.0,2,3.0
2294,Point,66,112,572050,136250,4,0,0.0,0,0,2,1.0,3,1.0,2,3.0,4,3.0,3,1.0,2,3.0
2295,Point,66,113,572150,136250,4,0,0.0,0,0,2,2.0,3,1.0,3,3.0,4,3.0,3,1.0,2,3.0
2296,Point,67,32,564050,136150,4,0,0.0,0,0,3,2.0,3,2.0,3,3.0,4,3.0,3,2.0,2,3.0
2297,Point,67,33,564150,136150,4,0,0.0,0,0,3,2.0,3,2.0,3,3.0,4,3.0,3,2.0,2,3.0
2298,Point,67,34,564250,136150,4,0,0.0,0,0,3,2.0,3,2.0,3,3.0,4,3.0,3,2.0,2,3.0
2299,Point,67,35,564350,136150,4,0,0.0,0,0,2,2.0,3,2.0,3,3.0,4,3.0,3,2.0,1,3.0
2300,Point,67,36,564450,136150,4,0,0.0,0,0,2,2.0,3,2.0,3,3.0,4,3.0,3,2.0,1,3.0
2301,Point,67,37,564550,136150,4,0,0.0,0,0,2,1.0,3,2.0,3,3.0,4,3.0,3,2.0,1,3.0
2302,Point,67,38,564650,136150,4,0,0.0,0,0,2,1.0,4,2.0,2,3.0,4,3.0,3,2.0,1,3.0
2303,Point,67,39,564750,136150,4,0,0.0,0,0,2,1.0,3,2.0,2,3.0,4,3.0,3,2.0,0,3.0
2304,Point,67,40,564850,136150,4,0,0.0,0,0,2,1.0,3,3.0,2,3.0,4,3.0,3,3.0,0,3.0
2305,Point,67,41,564950,136150,4,0,0.0,0,0,3,2.0,2,3.0,2,3.0,4,3.0,3,3.0,0,3.0
2306,Point,67,42,565050,136150,4,0,0.0,0,0,3,2.0,1,3.0,2,3.0,4,3.0,3,3.0,0,3.0
2307,Point,67,43,565150,136150,4,0,0.0,0,0,3,3.0,1,3.0,2,3.0,4,3.0,3,3.0,0,3.0
2308,Point,67,44,565250,136150,4,0,0.0,0,0,3,3.0,1,3.0,2,3.0,4,3.0,4,3.0,0,3.0
2309,Point,67,45,565350,136150,4,0,0.0,0,0,3,3.0,1,3.0,2,3.0,4,3.0,3,3.0,0,3.0
2310,Point,67,46,565450,136150,3,0,0.0,0,0,3,3.0,0,4.0,2,2.0,4,3.0,0,0.0,0,3.0
2311,Point,67,47,565550,136150,3,0,0.0,0,0,3,3.0,0,4.0,1,2.0,4,3.0,1,0.0,0,2.0
2312,Point,67,48,565650,136150,2,0,0.0,0,0,3,3.0,0,4.0,1,2.0,4,3.0,1,0.0,0,1.0
2313,Point,67,49,565750,136150,2,0,0.0,0,0,3,3.0,0,4.0,1,2.0,4,3.0,2,0.0,0,0.0
2314,Point,67,50,565850,136150,2,0,0.0,0,0,3,3.0,0,4.0,0,1.0,4,3.0,2,0.0,0,0.0
2315,Point,67,51,565950,136150,1,0,0.0,0,0,2,2.0,0,4.0,0,1.0,4,3.0,1,0.0,0,0.0
2316,Point,67,52,566050,136150,1,0,0.0,0,0,0,1.0,0,4.0,0,1.0,4,3.0,1,0.0,0,0.0
2317,Point,67,53,566150,136150,1,0,0.0,0,0,0,0.0,0,4.0,0,0.0,4,3.0,0,0.0,0,0.0
2318,Point,67,54,566250,136150,0,0,0.0,0,0,0,0.0,0,3.0,0,0.0,0,3.0,0,0.0,0,0.0
2319,Point,67,55,566350,136150,0,0,0.0,0,0,0,0.0,0,2.0,0,0.0,0,3.0,1,0.0,0,0.0
2320,Point,67,56,566450,136150,0,1,0.0,0,0,0,0.0,0,0.0,0,0.0,0,4.0,0,0.0,0,0.0
2321,Point,67,57,566550,136150,0,2,0.0,0,0,0,0.0,0,0.0,0,0.0,0,4.0,3,1.0,0,0.0
2322,Point,67,58,566650,136150,0,4,0.0,0,0,0,0.0,0,0.0,0,0.0,0,0.0,4,1.0,0,0.0
2323,Point,67,59,566750,136150,0,2,0.0,0,0,0,0.0,0,0.0,0,0.0,0,0.0,4,0.0,0,1.0
2324,Point,67,60,566850,136150,0,2,0.0,0,0,1,0.0,0,0.0,0,0.0,0,4.0,4,0.0,0,3.0
2325,Point,67,61,566950,136150,0,2,0.0,0,0,3,0.0,0,0.0,0,0.0,0,4.0,4,0.0,0,3.0
2326,Point,67,62,567050,136150,0,2,0.0,0,0,3,0.0,0,0.0,0,0.0,4,4.0,4,0.0,0,3.0
2327,Point,67,63,567150,136150,0,1,0.0,0,0,4,0.0,0,0.0,0,0.0,4,4.0,4,0.0,0,3.0
2328,Point,67,64,567250,136150,0,2,0.0,0,0,4,0.0,1,0.0,0,0.0,4,0.0,4,0.0,0,3.0
2329,Point,67,65,567350,136150,0,3,0.0,0,0,4,0.0,1,0.0,0,1.0,4,0.0,4,0.0,0,1.0
2330,Point,67,66,567450,136150,0,2,0.0,0,0,4,0.0,2,0.0,1,1.0,4,0.0,4,0.0,1,0.0
2331,Point,67,67,567550,136150,0,2,0.0,0,0,4,0.0,3,0.0,1,1.0,4,0.0,4,1.0,1,0.0
2332,Point,67,68,567650,136150,1,1,0.0,0,0,4,0.0,3,0.0,1,1.0,4,0.0,4,1.0,1,0.0
2333,Point,67,69,567750,136150,1,1,0.0,0,0,4,0.0,4,0.0,1,1.0,4,0.0,4,2.0,2,0.0
2334,Point,67,70,567850,136150,0,2,0.0,0,0,4,0.0,4,0.0,1,1.0,4,0.0,3,3.0,2,0.0
2335,Point,67,71,567950,136150,0,3,0.0,0,0,4,0.0,4,0.0,1,1.0,4,0.0,1,1.0,2,0.0
2336,Point,67,72,568050,136150,0,3,0.0,0,0,4,0.0,4,0.0,1,1.0,4,4.0,0,0.0,3,0.0
2337,Point,67,73,568150,136150,0,3,0.0,0,0,4,0.0,4,0.0,1,1.0,4,4.0,0,0.0,3,0.0
2338,Point,67,74,568250,136150,0,3,0.0,0,0,4,0.0,4,0.0,1,1.0,0,4.0,0,0.0,3,0.0
2339,Point,67,75,568350,136150,1,4,0.0,0,0,4,0.0,4,0.0,0,1.0,0,0.0,0,0.0,3,0.0
2340,Point,67,76,568450,136150,1,2,0.0,0,0,4,0.0,4,0.0,0,1.0,0,0.0,0,0.0,3,0.0
2341,Point,67,77,568550,136150,1,1,0.0,0,0,4,0.0,4,0.0,0,1.0,0,0.0,0,0.0,3,0.0
2342,Point,67,78,568650,136150,1,0,0.0,0,0,4,0.0,1,0.0,0,0.0,0,4.0,0,1.0,4,1.0
2343,Point,67,79,568750,136150,1,0,0.0,0,0,4,0.0,0,0.0,0,0.0,0,4.0,0,3.0,4,1.0
2344,Point,67,80,568850,136150,1,0,0.0,0,0,4,0.0,0,0.0,0,0.0,0,4.0,1,4.0,4,3.0
2345,Point,67,81,568950,136150,1,0,0.0,0,0,4,0.0,0,0.0,0,0.0,0,4.0,1,4.0,4,3.0
2346,Point,67,82,569050,136150,1,0,0.0,0,0,3,0.0,0,0.0,0,0.0,0,4.0,1,4.0,4,3.0
2347,Point,67,83,569150,136150,1,0,0.0,0,0,0,0.0,0,0.0,0,1.0,0,3.0,1,3.0,4,4.0
2348,Point,67,84,569250,136150,2,0,0.0,0,0,0,0.0,0,0.0,0,1.0,0,3.0,1,2.0,4,4.0
2349,Point,67,85,569350,136150,2,0,0.0,0,0,0,0.0,0,0.0,0,1.0,0,3.0,1,1.0,4,4.0
2350,Point,67,86,569450,136150,2,0,0.0,0,0,0,0.0,0,0.0,0,2.0,0,3.0,1,0.0,4,4.0
2351,Point,67,87,569550,136150,2,0,0.0,0,0,0,0.0,0,0.0,1,3.0,0,3.0,1,0.0,4,4.0
2352,Point,67,88,569650,136150,2,0,0.0,0,0,0,0.0,0,0.0,1,4.0,4,3.0,1,0.0,4,4.0
2353,Point,67,89,569750,136150,2,0,0.0,0,0,0,0.0,0,0.0,1,4.0,4,3.0,1,0.0,4,4.0
2354,Point,67,90,569850,136150,1,0,0.0,0,0,0,0.0,1,0.0,1,4.0,4,3.0,1,0.0,4,4.0
2355,Point,67,91,569950,136150,1,0,0.0,0,0,0,0.0,1,0.0,2,4.0,4,3.0,1,0.0,4,4.0
2356,Point,67,92,570050,136150,1,0,0.0,0,0,0,0.0,1,0.0,2,4.0,4,3.0,0,0.0,3,4.0
2357,Point,67,93,570150,136150,1,0,0.0,0,0,0,0.0,1,0.0,2,4.0,4,3.0,0,0.0,3,4.0
2358,Point,67,94,570250,136150,1,0,0.0,0,0,0,1.0,1,0.0,2,4.0,4,3.0,1,0.0,3,4.0
2359,Point,67,95,570350,136150,1,0,0.0,0,0,2,3.0,1,0.0,3,4.0,4,3.0,1,0.0,3,4.0
2360,Point,67,96,570450,136150,2,0,0.0,0,0,3,3.0,1,0.0,3,4.0,4,3.0,1,0.0,3,4.0
2361,Point,67,97,570550,136150,2,0,0.0,0,0,3,3.0,1,1.0,3,4.0,4,3.0,1,0.0,3,4.0
2362,Point,67,98,570650,136150,3,0,0.0,0,0,3,3.0,2,1.0,3,4.0,4,3.0,1,0.0,3,4.0
2363,Point,67,99,570750,136150,2,0,0.0,0,0,3,3.0,2,1.0,3,4.0,4,3.0,2,0.0,3,4.0
2364,Point,67,100,570850,136150,2,0,0.0,0,0,3,3.0,2,1.0,3,4.0,4,3.0,2,1.0,3,4.0
2365,Point,67,101,570950,136150,2,0,0.0,0,0,3,3.0,2,1.0,3,3.0,4,3.0,2,1.0,3,4.0
2366,Point,67,102,571050,136150,2,0,0.0,0,0,2,3.0,3,1.0,2,3.0,4,3.0,2,1.0,3,4.0
2367,Point,67,103,571150,136150,1,0,0.0,0,0,2,3.0,3,1.0,2,3.0,4,3.0,2,1.0,3,4.0
2368,Point,67,104,571250,136150,1,0,0.0,0,0,1,3.0,3,1.0,2,3.0,4,3.0,2,1.0,3,4.0
2369,Point,67,105,571350,136150,2,0,0.0,0,0,1,2.0,3,1.0,2,3.0,4,3.0,2,1.0,3,3.0
2370,Point,67,106,571450,136150,2,0,0.0,0,0,1,2.0,3,1.0,2,3.0,4,3.0,2,1.0,3,3.0
2371,Point,67,107,571550,136150,2,0,0.0,0,0,1,1.0,3,1.0,2,3.0,4,3.0,2,1.0,3,3.0
2372,Point,67,108,571650,136150,3,0,0.0,0,0,1,1.0,3,1.0,2,3.0,4,3.0,3,1.0,3,3.0
2373,Point,67,109,571750,136150,3,0,0.0,0,0,1,1.0,3,1.0,2,3.0,4,3.0,3,1.0,2,3.0
2374,Point,67,110,571850,136150,3,0,0.0,0,0,1,1.0,3,1.0,3,3.0,4,3.0,3,1.0,2,3.0
2375,Point,67,111,571950,136150,4,0,0.0,0,0,1,1.0,3,1.0,3,3.0,4,3.0,3,1.0,2,3.0
2376,Point,67,112,572050,136150,4,0,0.0,0,0,2,1.0,3,1.0,3,3.0,4,3.0,3,1.0,2,3.0
2377,Point,67,113,572150,136150,4,0,0.0,0,0,2,1.0,3,1.0,3,3.0,4,3.0,3,1.0,2,3.0
2378,Point,68,32,564050,136050,4,0,0.0,0,0,3,2.0,3,2.0,3,3.0,4,3.0,3,2.0,2,2.0
2379,Point,68,33,564150,136050,4,0,0.0,0,0,3,2.0,3,2.0,3,3.0,4,3.0,3,2.0,2,3.0
2380,Point,68,34,564250,136050,4,0,0.0,0,0,3,2.0,3,2.0,3,3.0,4,3.0,3,2.0,2,3.0
2381,Point,68,35,564350,136050,4,0,0.0,0,0,3,2.0,3,2.0,3,3.0,4,3.0,3,2.0,1,3.0
2382,Point,68,36,564450,136050,4,0,0.0,0,0,2,2.0,3,2.0,3,2.0,4,3.0,3,2.0,1,3.0
2383,Point,68,37,564550,136050,4,0,0.0,0,0,2,1.0,3,2.0,2,3.0,4,3.0,3,2.0,1,3.0
2384,Point,68,38,564650,136050,4,0,0.0,0,0,2,1.0,4,2.0,2,3.0,4,3.0,3,2.0,1,3.0
2385,Point,68,39,564750,136050,4,0,0.0,0,0,2,1.0,3,2.0,2,3.0,4,3.0,3,2.0,1,3.0
2386,Point,68,40,564850,136050,4,0,0.0,0,0,2,2.0,3,3.0,2,3.0,4,3.0,3,2.0,0,3.0
2387,Point,68,41,564950,136050,4,0,0.0,0,0,3,2.0,2,3.0,2,3.0,4,3.0,3,3.0,0,3.0
2388,Point,68,42,565050,136050,4,0,0.0,0,0,3,2.0,1,3.0,2,3.0,4,3.0,3,3.0,0,3.0
2389,Point,68,43,565150,136050,4,0,0.0,0,0,3,3.0,1,3.0,2,3.0,4,3.0,3,3.0,0,3.0
2390,Point,68,44,565250,136050,4,0,0.0,0,0,3,3.0,1,3.0,2,3.0,4,3.0,4,3.0,0,3.0
2391,Point,68,45,565350,136050,3,0,0.0,0,0,3,3.0,1,3.0,2,3.0,4,3.0,3,3.0,0,3.0
2392,Point,68,46,565450,136050,3,0,0.0,0,0,3,3.0,1,3.0,1,2.0,4,3.0,0,0.0,0,2.0
2393,Point,68,47,565550,136050,3,0,0.0,0,0,3,3.0,0,4.0,1,2.0,4,3.0,1,0.0,0,1.0
2394,Point,68,48,565650,136050,2,0,0.0,0,0,3,3.0,0,4.0,1,2.0,4,3.0,1,0.0,0,1.0
2395,Point,68,49,565750,136050,2,0,0.0,0,0,3,3.0,0,4.0,1,2.0,4,3.0,2,0.0,0,0.0
2396,Point,68,50,565850,136050,1,0,0.0,0,0,3,3.0,0,4.0,0,1.0,4,3.0,2,0.0,0,0.0
2397,Point,68,51,565950,136050,1,0,0.0,0,0,2,3.0,0,4.0,0,1.0,4,3.0,1,0.0,0,0.0
2398,Point,68,52,566050,136050,1,0,0.0,0,0,0,3.0,0,4.0,0,1.0,4,3.0,1,0.0,0,0.0
2399,Point,68,53,566150,136050,0,0,0.0,0,0,0,0.0,0,4.0,0,0.0,4,3.0,1,0.0,0,0.0
2400,Point,68,54,566250,136050,0,0,0.0,0,0,0,0.0,0,4.0,0,0.0,0,3.0,0,0.0,0,0.0
2401,Point,68,55,566350,136050,0,0,0.0,0,0,0,0.0,0,3.0,0,0.0,0,4.0,0,0.0,0,0.0
2402,Point,68,56,566450,136050,0,1,0.0,0,0,0,0.0,0,2.0,0,0.0,0,4.0,0,0.0,0,0.0
2403,Point,68,57,566550,136050,0,2,0.0,0,0,0,0.0,0,0.0,0,0.0,0,4.0,0,0.0,0,0.0
2404,Point,68,58,566650,136050,0,3,0.0,0,0,0,0.0,0,0.0,0,0.0,0,0.0,3,3.0,0,0.0
2405,Point,68,59,566750,136050,0,2,0.0,0,0,0,0.0,0,0.0,0,0.0,0,0.0,4,1.0,0,1.0
2406,Point,68,60,566850,136050,0,1,0.0,0,0,1,0.0,0,0.0,0,0.0,0,0.0,4,0.0,0,3.0
2407,Point,68,61,566950,136050,0,1,0.0,0,0,3,0.0,0,0.0,0,0.0,0,4.0,4,0.0,0,3.0
2408,Point,68,62,567050,136050,0,1,0.0,0,0,4,0.0,0,0.0,0,0.0,0,4.0,4,0.0,0,4.0
2409,Point,68,63,567150,136050,1,1,0.0,0,0,4,0.0,0,0.0,0,0.0,4,4.0,4,0.0,0,4.0
2410,Point,68,64,567250,136050,0,2,0.0,0,0,4,0.0,1,0.0,0,0.0,4,4.0,4,1.0,0,3.0
2411,Point,68,65,567350,136050,0,2,0.0,0,0,4,0.0,1,0.0,0,1.0,4,0.0,4,1.0,0,3.0
2412,Point,68,66,567450,136050,0,2,0.0,0,0,4,0.0,1,0.0,1,1.0,4,0.0,4,1.0,1,1.0
2413,Point,68,67,567550,136050,1,1,0.0,0,0,4,0.0,1,0.0,1,1.0,4,0.0,4,1.0,1,0.0
2414,Point,68,68,567650,136050,0,2,0.0,0,0,4,0.0,2,0.0,1,1.0,4,0.0,4,1.0,2,0.0
2415,Point,68,69,567750,136050,0,2,0.0,0,0,4,0.0,3,0.0,1,1.0,4,0.0,4,2.0,2,0.0
2416,Point,68,70,567850,136050,1,1,0.0,0,0,4,0.0,4,0.0,1,1.0,4,0.0,3,3.0,2,0.0
2417,Point,68,71,567950,136050,0,2,0.0,0,0,4,0.0,4,0.0,1,1.0,4,4.0,0,0.0,3,0.0
2418,Point,68,72,568050,136050,0,3,0.0,0,0,4,0.0,4,0.0,1,1.0,4,4.0,0,0.0,3,0.0
2419,Point,68,73,568150,136050,0,4,0.0,0,0,4,0.0,4,0.0,1,1.0,4,4.0,0,0.0,3,0.0
2420,Point,68,74,568250,136050,0,2,0.0,0,0,4,0.0,4,0.0,1,1.0,0,4.0,0,0.0,3,0.0
2421,Point,68,75,568350,136050,0,3,0.0,0,0,4,0.0,4,0.0,0,1.0,0,4.0,0,0.0,3,0.0
2422,Point,68,76,568450,136050,1,2,0.0,0,0,4,0.0,4,0.0,0,1.0,0,0.0,0,0.0,3,0.0
2423,Point,68,77,568550,136050,1,1,0.0,0,0,4,0.0,4,0.0,0,1.0,0,4.0,0,0.0,3,0.0
2424,Point,68,78,568650,136050,1,0,0.0,0,0,4,0.0,1,0.0,0,0.0,0,4.0,0,0.0,4,0.0
2425,Point,68,79,568750,136050,1,0,0.0,0,0,4,0.0,0,0.0,0,0.0,0,4.0,0,2.0,4,1.0
2426,Point,68,80,568850,136050,1,0,0.0,0,0,4,0.0,0,0.0,0,0.0,0,4.0,0,4.0,4,1.0
2427,Point,68,81,568950,136050,1,0,0.0,0,0,4,0.0,0,0.0,0,0.0,0,4.0,1,4.0,4,2.0
2428,Point,68,82,569050,136050,1,0,0.0,0,0,3,0.0,0,0.0,0,1.0,0,3.0,1,4.0,4,3.0
2429,Point,68,83,569150,136050,1,0,0.0,0,0,0,0.0,0,0.0,0,1.0,0,3.0,1,4.0,4,3.0
2430,Point,68,84,569250,136050,2,0,0.0,0,0,0,0.0,0,0.0,0,1.0,0,3.0,1,2.0,4,3.0
2431,Point,68,85,569350,136050,2,0,0.0,0,0,0,0.0,0,0.0,0,1.0,4,3.0,1,1.0,4,4.0
2432,Point,68,86,569450,136050,3,0,0.0,0,0,0,0.0,0,0.0,0,2.0,4,3.0,1,0.0,4,4.0
2433,Point,68,87,569550,136050,2,0,0.0,0,0,0,0.0,0,0.0,1,3.0,4,3.0,1,0.0,4,4.0
2434,Point,68,88,569650,136050,2,0,0.0,0,0,0,0.0,0,0.0,1,4.0,4,3.0,1,0.0,4,4.0
2435,Point,68,89,569750,136050,1,0,0.0,0,0,0,0.0,0,0.0,1,4.0,4,3.0,1,0.0,4,4.0
2436,Point,68,90,569850,136050,1,0,0.0,0,0,0,0.0,1,0.0,1,4.0,4,3.0,1,0.0,4,4.0
2437,Point,68,91,569950,136050,1,0,0.0,0,0,0,0.0,1,0.0,2,4.0,4,3.0,0,0.0,4,4.0
2438,Point,68,92,570050,136050,0,0,0.0,0,0,0,0.0,1,0.0,2,4.0,4,3.0,0,0.0,4,4.0
2439,Point,68,93,570150,136050,0,0,0.0,0,0,0,0.0,1,0.0,2,4.0,4,3.0,0,0.0,4,4.0
2440,Point,68,94,570250,136050,1,0,0.0,0,0,1,1.0,1,0.0,2,4.0,4,3.0,0,0.0,3,4.0
2441,Point,68,95,570350,136050,1,0,0.0,0,0,3,3.0,1,0.0,3,4.0,4,3.0,1,0.0,3,4.0
2442,Point,68,96,570450,136050,2,0,0.0,0,0,3,3.0,1,0.0,3,4.0,4,3.0,1,0.0,3,4.0
2443,Point,68,97,570550,136050,2,0,0.0,0,0,3,3.0,2,0.0,3,4.0,4,3.0,1,0.0,3,4.0
2444,Point,68,98,570650,136050,2,0,0.0,0,0,3,3.0,2,1.0,3,4.0,4,3.0,1,0.0,3,4.0
2445,Point,68,99,570750,136050,2,0,0.0,0,0,3,3.0,2,1.0,3,4.0,4,3.0,2,0.0,3,4.0
2446,Point,68,100,570850,136050,2,0,0.0,0,0,3,3.0,2,1.0,3,4.0,4,3.0,2,0.0,3,4.0
2447,Point,68,101,570950,136050,1,0,0.0,0,0,3,3.0,2,1.0,3,3.0,4,3.0,2,1.0,3,4.0
2448,Point,68,102,571050,136050,1,0,0.0,0,0,2,3.0,2,1.0,3,3.0,4,3.0,2,1.0,3,4.0
2449,Point,68,103,571150,136050,1,0,0.0,0,0,2,3.0,2,1.0,3,3.0,4,3.0,2,1.0,3,4.0
2450,Point,68,104,571250,136050,1,0,0.0,0,0,1,3.0,2,1.0,3,3.0,4,3.0,2,1.0,3,4.0
2451,Point,68,105,571350,136050,1,0,0.0,0,0,1,2.0,3,1.0,3,3.0,4,3.0,2,1.0,3,3.0
2452,Point,68,106,571450,136050,2,0,0.0,0,0,1,2.0,3,1.0,3,3.0,4,3.0,2,1.0,3,3.0
2453,Point,68,107,571550,136050,2,0,0.0,0,0,1,1.0,3,1.0,3,3.0,4,3.0,2,1.0,3,3.0
2454,Point,68,108,571650,136050,2,0,0.0,0,0,1,1.0,3,1.0,3,3.0,4,3.0,2,1.0,3,3.0
2455,Point,68,109,571750,136050,3,0,0.0,0,0,1,1.0,3,1.0,3,3.0,4,3.0,3,1.0,3,3.0
2456,Point,68,110,571850,136050,3,0,0.0,0,0,1,1.0,3,1.0,3,3.0,4,3.0,3,1.0,2,3.0
2457,Point,68,111,571950,136050,4,0,0.0,0,0,1,1.0,3,1.0,3,3.0,4,3.0,3,1.0,2,3.0
2458,Point,68,112,572050,136050,4,0,0.0,0,0,2,1.0,3,1.0,3,3.0,4,3.0,3,1.0,2,3.0
2459,Point,68,113,572150,136050,4,0,0.0,0,0,2,1.0,3,1.0,3,3.0,4,3.0,3,1.0,2,3.0
2460,Point,69,32,564050,135950,4,0,0.0,0,0,3,2.0,3,2.0,3,3.0,4,3.0,3,2.0,2,2.0
2461,Point,69,33,564150,135950,4,0,0.0,0,0,3,2.0,3,2.0,3,3.0,4,3.0,3,2.0,2,2.0
2462,Point,69,34,564250,135950,4,0,0.0,0,0,3,2.0,3,2.0,3,3.0,4,3.0,3,2.0,2,3.0
2463,Point,69,35,564350,135950,4,0,0.0,0,0,3,2.0,3,2.0,3,3.0,4,3.0,3,2.0,1,3.0
2464,Point,69,36,564450,135950,4,0,0.0,0,0,2,2.0,3,2.0,2,2.0,4,3.0,3,2.0,1,3.0
2465,Point,69,37,564550,135950,4,0,0.0,0,0,2,2.0,3,2.0,3,2.0,4,3.0,3,2.0,1,3.0
2466,Point,69,38,564650,135950,4,0,0.0,0,0,2,1.0,4,2.0,3,3.0,4,3.0,3,2.0,1,3.0
2467,Point,69,39,564750,135950,4,0,0.0,0,0,2,1.0,4,2.0,2,3.0,4,3.0,3,2.0,1,3.0
2468,Point,69,40,564850,135950,4,0,0.0,0,0,2,2.0,3,2.0,2,3.0,4,3.0,3,2.0,0,3.0
2469,Point,69,41,564950,135950,4,0,0.0,0,0,3,2.0,3,3.0,2,3.0,4,3.0,3,2.0,0,3.0
2470,Point,69,42,565050,135950,4,0,0.0,0,0,3,2.0,2,3.0,2,3.0,4,3.0,3,3.0,0,3.0
2471,Point,69,43,565150,135950,4,0,0.0,0,0,3,3.0,1,3.0,2,3.0,4,3.0,3,3.0,0,3.0
2472,Point,69,44,565250,135950,4,0,0.0,0,0,3,3.0,1,3.0,2,3.0,4,3.0,3,3.0,0,3.0
2473,Point,69,45,565350,135950,3,0,0.0,0,0,3,3.0,1,3.0,2,3.0,4,3.0,3,3.0,0,2.0
2474,Point,69,46,565450,135950,3,0,0.0,0,0,3,3.0,1,3.0,1,2.0,4,3.0,0,0.0,0,2.0
2475,Point,69,47,565550,135950,2,0,0.0,0,0,3,4.0,0,4.0,1,2.0,4,3.0,1,0.0,0,1.0
2476,Point,69,48,565650,135950,2,0,0.0,0,0,3,3.0,0,4.0,1,2.0,4,3.0,1,0.0,0,0.0
2477,Point,69,49,565750,135950,1,0,0.0,0,0,3,3.0,0,4.0,1,2.0,4,3.0,2,0.0,0,0.0
2478,Point,69,50,565850,135950,1,0,0.0,0,0,3,3.0,0,4.0,0,1.0,4,3.0,3,0.0,0,0.0
2479,Point,69,51,565950,135950,1,0,0.0,0,0,2,4.0,0,4.0,0,1.0,4,3.0,2,0.0,0,0.0
2480,Point,69,52,566050,135950,1,0,0.0,0,0,1,4.0,0,4.0,0,0.0,4,3.0,1,0.0,0,0.0
2481,Point,69,53,566150,135950,0,0,0.0,0,0,0,0.0,0,4.0,0,0.0,4,3.0,0,0.0,0,0.0
2482,Point,69,54,566250,135950,0,0,0.0,0,0,0,0.0,0,4.0,0,0.0,0,3.0,0,0.0,0,0.0
2483,Point,69,55,566350,135950,0,0,0.0,0,0,0,0.0,0,4.0,0,0.0,0,4.0,0,0.0,0,0.0
2484,Point,69,56,566450,135950,0,1,0.0,0,0,0,0.0,0,3.0,0,0.0,0,4.0,0,0.0,0,0.0
2485,Point,69,57,566550,135950,0,2,0.0,0,0,0,0.0,0,3.0,0,0.0,0,4.0,0,0.0,0,0.0
2486,Point,69,58,566650,135950,0,2,0.0,0,0,0,2.0,0,0.0,0,0.0,0,0.0,0,1.0,0,0.0
2487,Point,69,59,566750,135950,0,2,0.0,0,0,1,0.0,0,0.0,0,0.0,0,0.0,3,3.0,0,2.0
2488,Point,69,60,566850,135950,0,2,0.0,0,0,2,0.0,0,0.0,0,0.0,0,0.0,4,1.0,0,3.0
2489,Point,69,61,566950,135950,0,2,0.0,0,0,3,0.0,0,0.0,0,0.0,0,0.0,4,1.0,0,4.0
2490,Point,69,62,567050,135950,0,2,0.0,0,0,4,0.0,0,0.0,0,0.0,0,0.0,4,1.0,0,4.0
2491,Point,69,63,567150,135950,0,1,0.0,0,0,4,0.0,0,0.0,0,0.0,0,4.0,4,1.0,0,4.0
2492,Point,69,64,567250,135950,0,2,0.0,0,0,4,0.0,0,0.0,0,0.0,0,4.0,4,1.0,0,4.0
2493,Point,69,65,567350,135950,0,4,0.0,0,0,4,0.0,0,0.0,0,1.0,4,4.0,4,1.0,0,3.0
2494,Point,69,66,567450,135950,0,3,0.0,0,0,4,0.0,1,0.0,0,1.0,4,4.0,4,1.0,1,3.0
2495,Point,69,67,567550,135950,0,2,0.0,0,0,4,0.0,2,0.0,1,1.0,4,0.0,4,1.0,1,1.0
2496,Point,69,68,567650,135950,0,3,0.0,0,0,4,0.0,3,0.0,1,1.0,4,0.0,4,2.0,2,0.0
2497,Point,69,69,567750,135950,0,3,0.0,0,0,4,0.0,3,0.0,1,1.0,4,0.0,3,3.0,2,0.0
2498,Point,69,70,567850,135950,0,2,0.0,0,0,4,0.0,4,0.0,1,1.0,4,0.0,1,2.0,3,0.0
2499,Point,69,71,567950,135950,1,1,0.0,0,0,4,0.0,4,0.0,1,1.0,4,4.0,0,0.0,3,0.0
2500,Point,69,72,568050,135950,0,2,0.0,0,0,4,0.0,4,0.0,1,1.0,4,4.0,0,0.0,3,0.0
2501,Point,69,73,568150,135950,0,2,0.0,0,0,4,0.0,4,0.0,1,1.0,4,4.0,0,0.0,3,0.0
2502,Point,69,74,568250,135950,0,2,0.0,0,0,4,0.0,4,0.0,1,1.0,0,4.0,0,0.0,3,0.0
2503,Point,69,75,568350,135950,0,2,0.0,0,0,4,0.0,4,0.0,0,1.0,0,4.0,0,0.0,3,0.0
2504,Point,69,76,568450,135950,0,1,0.0,0,0,4,0.0,4,0.0,0,1.0,0,4.0,0,1.0,3,0.0
2505,Point,69,77,568550,135950,1,1,0.0,0,0,4,0.0,4,0.0,0,1.0,0,4.0,0,1.0,4,0.0
2506,Point,69,78,568650,135950,1,0,0.0,0,0,4,0.0,1,0.0,0,0.0,0,4.0,0,0.0,4,0.0
2507,Point,69,79,568750,135950,0,0,0.0,0,0,4,0.0,0,0.0,0,0.0,0,4.0,0,0.0,4,0.0
2508,Point,69,80,568850,135950,0,0,0.0,0,0,4,0.0,0,0.0,0,0.0,0,3.0,0,4.0,4,0.0
2509,Point,69,81,568950,135950,0,0,0.0,0,0,3,0.0,0,0.0,0,0.0,0,3.0,1,4.0,4,1.0
2510,Point,69,82,569050,135950,1,0,0.0,0,0,1,0.0,0,0.0,0,1.0,0,3.0,1,4.0,4,1.0
2511,Point,69,83,569150,135950,1,0,0.0,0,0,0,0.0,0,0.0,0,1.0,0,3.0,1,4.0,4,2.0
2512,Point,69,84,569250,135950,2,0,0.0,0,0,0,0.0,0,0.0,0,1.0,4,3.0,2,2.0,4,3.0
2513,Point,69,85,569350,135950,2,0,0.0,0,0,0,0.0,0,0.0,0,2.0,4,3.0,2,1.0,4,3.0
2514,Point,69,86,569450,135950,3,0,0.0,0,0,0,0.0,0,0.0,1,2.0,4,3.0,1,0.0,4,4.0
2515,Point,69,87,569550,135950,2,0,0.0,0,0,0,0.0,0,0.0,1,3.0,4,3.0,1,0.0,4,4.0
2516,Point,69,88,569650,135950,2,0,0.0,0,0,0,0.0,0,0.0,1,4.0,4,3.0,1,0.0,4,4.0
2517,Point,69,89,569750,135950,1,0,0.0,0,0,0,0.0,0,0.0,1,4.0,4,3.0,1,0.0,4,4.0
2518,Point,69,90,569850,135950,1,0,0.0,0,0,0,0.0,0,0.0,2,4.0,4,3.0,1,0.0,4,4.0
2519,Point,69,91,569950,135950,0,0,0.0,0,0,0,0.0,1,0.0,2,4.0,4,3.0,0,0.0,4,4.0
2520,Point,69,92,570050,135950,0,0,0.0,0,0,0,0.0,1,0.0,2,4.0,4,3.0,0,0.0,4,4.0
2521,Point,69,93,570150,135950,0,0,0.0,0,0,0,0.0,1,0.0,2,4.0,4,3.0,0,0.0,4,4.0
2522,Point,69,94,570250,135950,1,0,0.0,0,0,2,3.0,1,0.0,3,4.0,4,3.0,0,0.0,4,4.0
2523,Point,69,95,570350,135950,1,0,0.0,0,0,3,3.0,1,0.0,3,4.0,4,3.0,1,0.0,3,4.0
2524,Point,69,96,570450,135950,1,0,0.0,0,0,3,3.0,2,0.0,3,4.0,4,3.0,1,0.0,3,4.0
2525,Point,69,97,570550,135950,2,0,0.0,0,0,3,3.0,2,0.0,3,4.0,4,3.0,1,0.0,3,4.0
2526,Point,69,98,570650,135950,2,0,0.0,0,0,3,3.0,2,1.0,3,4.0,4,3.0,1,0.0,3,4.0
2527,Point,69,99,570750,135950,2,0,0.0,0,0,3,3.0,2,1.0,3,4.0,4,3.0,2,0.0,3,4.0
2528,Point,69,100,570850,135950,1,0,0.0,0,0,3,4.0,2,1.0,3,3.0,4,3.0,2,0.0,3,4.0
2529,Point,69,101,570950,135950,1,0,0.0,0,0,3,4.0,2,1.0,3,3.0,4,3.0,2,0.0,3,4.0
2530,Point,69,102,571050,135950,1,0,0.0,0,0,2,4.0,2,1.0,3,3.0,4,3.0,2,1.0,3,4.0
2531,Point,69,103,571150,135950,0,0,0.0,0,0,1,3.0,2,1.0,3,3.0,4,3.0,2,1.0,3,4.0
2532,Point,69,104,571250,135950,1,0,0.0,0,0,1,3.0,2,1.0,3,3.0,4,3.0,2,1.0,3,3.0
2533,Point,69,105,571350,135950,1,0,0.0,0,0,1,2.0,2,1.0,3,3.0,4,3.0,2,1.0,3,3.0
2534,Point,69,106,571450,135950,1,0,0.0,0,0,1,2.0,2,1.0,3,3.0,4,3.0,2,1.0,3,3.0
2535,Point,69,107,571550,135950,2,0,0.0,0,0,1,2.0,2,1.0,3,3.0,4,3.0,2,1.0,3,3.0
2536,Point,69,108,571650,135950,2,0,0.0,0,0,1,1.0,2,1.0,3,3.0,4,3.0,2,1.0,3,3.0
2537,Point,69,109,571750,135950,3,0,0.0,0,0,1,1.0,3,1.0,3,3.0,4,3.0,2,1.0,3,3.0
2538,Point,69,110,571850,135950,3,0,0.0,0,0,1,1.0,3,1.0,3,3.0,4,3.0,2,1.0,3,3.0
2539,Point,69,111,571950,135950,4,0,0.0,0,0,1,1.0,3,1.0,3,3.0,4,3.0,3,1.0,2,3.0
2540,Point,69,112,572050,135950,4,0,0.0,0,0,2,1.0,3,1.0,3,3.0,4,3.0,3,1.0,2,3.0
2541,Point,69,113,572150,135950,4,0,0.0,0,0,2,1.0,3,1.0,3,3.0,4,3.0,3,1.0,2,3.0
2542,Point,70,32,564050,135850,4,0,0.0,0,0,3,2.0,3,2.0,3,3.0,4,3.0,3,2.0,2,2.0
2543,Point,70,33,564150,135850,4,0,0.0,0,0,3,2.0,3,2.0,3,3.0,4,3.0,3,2.0,2,2.0
2544,Point,70,34,564250,135850,4,0,0.0,0,0,3,2.0,3,2.0,3,3.0,4,3.0,3,2.0,2,2.0
2545,Point,70,35,564350,135850,4,0,0.0,0,0,3,2.0,3,2.0,2,2.0,4,3.0,3,2.0,1,3.0
2546,Point,70,36,564450,135850,4,0,0.0,0,0,2,2.0,3,2.0,2,2.0,4,3.0,3,2.0,1,3.0
2547,Point,70,37,564550,135850,4,0,0.0,0,0,2,2.0,3,2.0,3,2.0,4,3.0,3,2.0,1,3.0
2548,Point,70,38,564650,135850,4,0,0.0,0,0,2,1.0,4,2.0,3,3.0,4,3.0,2,2.0,1,3.0
2549,Point,70,39,564750,135850,4,0,0.0,0,0,2,1.0,4,2.0,2,3.0,4,3.0,3,2.0,1,3.0
2550,Point,70,40,564850,135850,4,0,0.0,0,0,2,2.0,4,2.0,2,3.0,4,3.0,3,2.0,0,3.0
2551,Point,70,41,564950,135850,4,0,0.0,0,0,3,2.0,3,2.0,2,3.0,4,3.0,3,2.0,0,3.0
2552,Point,70,42,565050,135850,4,0,0.0,0,0,3,2.0,2,3.0,2,3.0,4,3.0,3,3.0,0,3.0
2553,Point,70,43,565150,135850,4,0,0.0,0,0,3,3.0,1,3.0,2,3.0,4,3.0,3,3.0,0,3.0
2554,Point,70,44,565250,135850,4,0,0.0,0,0,3,3.0,1,3.0,2,3.0,4,3.0,3,3.0,0,3.0
2555,Point,70,45,565350,135850,3,0,0.0,0,0,3,3.0,1,3.0,2,3.0,4,3.0,3,3.0,0,2.0
2556,Point,70,46,565450,135850,3,0,0.0,0,0,3,3.0,1,3.0,1,2.0,4,3.0,2,1.0,0,1.0
2557,Point,70,47,565550,135850,2,0,0.0,0,0,3,4.0,0,3.0,1,2.0,4,3.0,1,0.0,0,1.0
2558,Point,70,48,565650,135850,2,0,0.0,0,0,3,4.0,0,4.0,1,2.0,4,3.0,1,0.0,0,0.0
2559,Point,70,49,565750,135850,1,0,0.0,0,0,3,4.0,0,4.0,0,1.0,4,3.0,2,0.0,0,0.0
2560,Point,70,50,565850,135850,1,0,0.0,0,0,3,4.0,0,4.0,0,1.0,4,3.0,3,0.0,0,0.0
2561,Point,70,51,565950,135850,0,0,0.0,0,0,2,4.0,0,4.0,0,1.0,4,3.0,2,0.0,0,0.0
2562,Point,70,52,566050,135850,0,0,0.0,0,0,1,4.0,0,4.0,0,0.0,4,3.0,0,0.0,0,0.0
2563,Point,70,53,566150,135850,0,0,0.0,0,0,0,0.0,0,4.0,0,0.0,4,3.0,0,0.0,0,0.0
2564,Point,70,54,566250,135850,0,0,0.0,0,0,0,0.0,0,4.0,0,0.0,0,3.0,0,0.0,0,0.0
2565,Point,70,55,566350,135850,0,0,0.0,0,0,0,0.0,0,4.0,0,0.0,0,4.0,0,0.0,0,0.0
2566,Point,70,56,566450,135850,0,0,0.0,0,0,0,0.0,0,4.0,0,0.0,0,4.0,0,0.0,0,0.0
2567,Point,70,57,566550,135850,0,1,0.0,0,0,0,1.0,0,3.0,0,0.0,0,4.0,0,0.0,0,0.0
2568,Point,70,58,566650,135850,0,1,0.0,0,0,0,3.0,0,3.0,0,0.0,0,0.0,0,2.0,0,1.0
2569,Point,70,59,566750,135850,0,1,0.0,0,0,1,0.0,0,1.0,0,0.0,0,0.0,3,2.0,0,3.0
2570,Point,70,60,566850,135850,0,2,0.0,0,0,2,0.0,0,0.0,0,0.0,0,0.0,3,1.0,0,3.0
2571,Point,70,61,566950,135850,0,4,0.0,0,0,3,0.0,0,0.0,0,0.0,0,0.0,4,0.0,0,4.0
2572,Point,70,62,567050,135850,0,2,0.0,0,0,4,0.0,0,0.0,0,0.0,0,0.0,4,1.0,0,4.0
2573,Point,70,63,567150,135850,0,1,0.0,0,0,4,0.0,0,0.0,0,0.0,0,0.0,4,1.0,0,4.0
2574,Point,70,64,567250,135850,0,2,0.0,0,0,4,0.0,1,0.0,0,0.0,0,0.0,4,2.0,0,4.0
2575,Point,70,65,567350,135850,0,3,0.0,0,0,4,0.0,1,0.0,0,0.0,0,4.0,4,2.0,1,4.0
2576,Point,70,66,567450,135850,0,2,0.0,0,0,4,0.0,4,0.0,0,1.0,4,4.0,4,2.0,1,3.0
2577,Point,70,67,567550,135850,0,2,0.0,0,0,4,0.0,4,0.0,0,1.0,4,4.0,4,2.0,2,3.0
2578,Point,70,68,567650,135850,0,3,0.0,0,0,4,0.0,4,0.0,1,1.0,4,4.0,4,3.0,2,1.0
2579,Point,70,69,567750,135850,0,4,0.0,0,0,4,0.0,3,0.0,1,1.0,4,4.0,3,3.0,3,0.0
2580,Point,70,70,567850,135850,0,2,0.0,0,0,4,0.0,4,0.0,1,2.0,4,4.0,0,0.0,3,0.0
2581,Point,70,71,567950,135850,1,1,0.0,0,0,4,0.0,4,0.0,1,2.0,4,4.0,0,0.0,3,0.0
2582,Point,70,72,568050,135850,0,2,0.0,0,0,4,0.0,4,0.0,1,2.0,4,4.0,0,0.0,3,0.0
2583,Point,70,73,568150,135850,0,2,0.0,0,0,4,0.0,4,0.0,1,2.0,4,4.0,0,0.0,3,0.0
2584,Point,70,74,568250,135850,0,1,0.0,0,0,4,0.0,4,0.0,1,1.0,0,4.0,0,0.0,3,0.0
2585,Point,70,75,568350,135850,0,1,0.0,0,0,4,0.0,4,0.0,0,1.0,0,4.0,0,0.0,3,0.0
2586,Point,70,76,568450,135850,0,1,0.0,0,0,4,0.0,4,0.0,0,1.0,0,4.0,1,1.0,4,0.0
2587,Point,70,77,568550,135850,1,0,0.0,0,0,4,0.0,4,0.0,0,1.0,0,4.0,0,1.0,4,0.0
2588,Point,70,78,568650,135850,0,0,0.0,0,0,4,0.0,1,0.0,0,0.0,0,4.0,0,0.0,4,0.0
2589,Point,70,79,568750,135850,0,0,0.0,0,0,4,0.0,0,0.0,0,0.0,0,3.0,0,0.0,4,0.0
2590,Point,70,80,568850,135850,0,0,0.0,0,0,3,0.0,0,0.0,0,0.0,0,3.0,0,0.0,4,0.0
2591,Point,70,81,568950,135850,0,0,0.0,0,0,2,0.0,0,0.0,0,0.0,4,3.0,0,4.0,4,0.0
2592,Point,70,82,569050,135850,1,0,0.0,0,0,1,0.0,0,0.0,0,1.0,4,3.0,1,4.0,4,0.0
2593,Point,70,83,569150,135850,1,0,0.0,0,0,0,0.0,0,0.0,0,1.0,4,3.0,1,4.0,4,1.0
2594,Point,70,84,569250,135850,2,0,0.0,0,0,0,0.0,0,0.0,0,2.0,4,3.0,2,2.0,4,1.0
2595,Point,70,85,569350,135850,2,0,0.0,0,0,0,0.0,0,0.0,0,2.0,4,3.0,2,1.0,4,2.0
2596,Point,70,86,569450,135850,3,0,0.0,0,0,0,0.0,0,0.0,1,3.0,4,3.0,2,0.0,4,3.0
2597,Point,70,87,569550,135850,2,0,0.0,0,0,0,0.0,0,0.0,1,4.0,4,3.0,1,0.0,4,3.0
2598,Point,70,88,569650,135850,2,0,0.0,0,0,0,0.0,0,0.0,1,4.0,4,3.0,1,0.0,4,4.0
2599,Point,70,89,569750,135850,1,0,0.0,0,0,0,0.0,0,0.0,1,4.0,4,3.0,1,0.0,4,4.0
2600,Point,70,90,569850,135850,1,0,0.0,0,0,0,0.0,0,0.0,2,4.0,4,3.0,1,0.0,4,4.0
2601,Point,70,91,569950,135850,0,0,0.0,0,0,0,0.0,1,0.0,2,4.0,4,3.0,0,0.0,4,4.0
2602,Point,70,92,570050,135850,0,0,0.0,0,0,0,0.0,1,0.0,2,4.0,4,3.0,0,0.0,4,4.0
2603,Point,70,93,570150,135850,0,0,0.0,0,0,0,1.0,1,0.0,2,4.0,4,3.0,0,0.0,4,4.0
2604,Point,70,94,570250,135850,0,0,0.0,0,0,2,3.0,1,0.0,3,4.0,4,3.0,0,0.0,4,4.0
2605,Point,70,95,570350,135850,1,0,0.0,0,0,3,3.0,1,0.0,3,4.0,4,3.0,1,0.0,4,4.0
2606,Point,70,96,570450,135850,1,0,0.0,0,0,3,3.0,2,0.0,3,4.0,4,3.0,1,0.0,3,4.0
2607,Point,70,97,570550,135850,2,0,0.0,0,0,3,3.0,2,0.0,3,4.0,4,3.0,1,0.0,3,4.0
2608,Point,70,98,570650,135850,2,0,0.0,0,0,3,3.0,2,0.0,3,4.0,4,3.0,1,0.0,3,4.0
2609,Point,70,99,570750,135850,2,0,0.0,0,0,3,3.0,2,1.0,3,3.0,4,3.0,2,0.0,3,4.0
2610,Point,70,100,570850,135850,1,0,0.0,0,0,3,4.0,2,1.0,3,3.0,4,3.0,2,0.0,3,4.0
2611,Point,70,101,570950,135850,1,0,0.0,0,0,3,4.0,2,1.0,3,3.0,4,3.0,2,0.0,3,4.0
2612,Point,70,102,571050,135850,0,0,0.0,0,0,2,4.0,2,1.0,3,3.0,4,3.0,2,1.0,3,4.0
2613,Point,70,103,571150,135850,0,0,0.0,0,0,1,4.0,2,1.0,3,3.0,4,3.0,2,1.0,3,3.0
2614,Point,70,104,571250,135850,0,0,0.0,0,0,0,3.0,2,1.0,3,3.0,4,3.0,2,1.0,3,3.0
2615,Point,70,105,571350,135850,1,0,0.0,0,0,0,3.0,2,1.0,3,3.0,4,3.0,2,1.0,3,3.0
2616,Point,70,106,571450,135850,1,0,0.0,0,0,1,2.0,2,1.0,3,3.0,4,3.0,2,1.0,3,3.0
2617,Point,70,107,571550,135850,1,0,0.0,0,0,1,2.0,2,1.0,3,3.0,4,3.0,2,1.0,3,3.0
2618,Point,70,108,571650,135850,2,0,0.0,0,0,1,1.0,2,1.0,3,3.0,4,3.0,2,1.0,3,3.0
2619,Point,70,109,571750,135850,2,0,0.0,0,0,1,1.0,2,1.0,3,3.0,4,3.0,2,1.0,3,3.0
2620,Point,70,110,571850,135850,3,0,0.0,0,0,1,1.0,2,1.0,3,3.0,4,3.0,2,1.0,3,3.0
2621,Point,70,111,571950,135850,3,0,0.0,0,0,1,1.0,2,1.0,3,3.0,4,3.0,2,1.0,2,3.0
2622,Point,70,112,572050,135850,4,0,0.0,0,0,1,1.0,2,1.0,3,3.0,4,3.0,3,1.0,2,3.0
2623,Point,70,113,572150,135850,4,0,0.0,0,0,2,1.0,2,1.0,3,3.0,4,3.0,3,1.0,2,2.0
2624,Point,71,32,564050,135750,4,0,0.0,0,0,3,3.0,3,2.0,3,2.0,4,3.0,3,2.0,2,2.0
2625,Point,71,33,564150,135750,4,0,0.0,0,0,3,2.0,3,2.0,3,3.0,4,3.0,3,2.0,2,2.0
2626,Point,71,34,564250,135750,4,0,0.0,0,0,3,2.0,3,2.0,2,3.0,4,3.0,3,2.0,2,2.0
2627,Point,71,35,564350,135750,4,0,0.0,0,0,3,2.0,3,2.0,2,3.0,4,3.0,3,2.0,1,3.0
2628,Point,71,36,564450,135750,4,0,0.0,0,0,2,2.0,3,2.0,2,2.0,4,3.0,3,2.0,1,3.0
2629,Point,71,37,564550,135750,4,0,0.0,0,0,2,2.0,3,2.0,3,2.0,4,3.0,2,2.0,1,3.0
2630,Point,71,38,564650,135750,4,0,0.0,0,0,2,1.0,4,2.0,3,3.0,4,3.0,2,2.0,1,3.0
2631,Point,71,39,564750,135750,4,0,0.0,0,0,2,1.0,4,2.0,2,3.0,4,3.0,2,2.0,1,3.0
2632,Point,71,40,564850,135750,4,0,0.0,0,0,2,1.0,4,2.0,2,3.0,4,3.0,3,2.0,0,3.0
2633,Point,71,41,564950,135750,3,0,0.0,0,0,3,2.0,3,2.0,2,3.0,4,3.0,3,2.0,0,3.0
2634,Point,71,42,565050,135750,3,0,0.0,0,0,3,2.0,3,3.0,2,3.0,4,3.0,3,2.0,0,3.0
2635,Point,71,43,565150,135750,3,0,0.0,0,0,3,3.0,1,3.0,2,3.0,4,3.0,3,3.0,0,3.0
2636,Point,71,44,565250,135750,3,0,0.0,0,0,3,3.0,1,3.0,2,3.0,4,3.0,3,3.0,0,3.0
2637,Point,71,45,565350,135750,3,0,0.0,0,0,3,3.0,1,3.0,1,2.0,4,3.0,3,3.0,0,2.0
2638,Point,71,46,565450,135750,3,0,0.0,0,0,3,3.0,1,3.0,1,2.0,4,3.0,3,2.0,0,1.0
2639,Point,71,47,565550,135750,2,0,0.0,0,0,3,4.0,1,3.0,1,2.0,4,3.0,1,0.0,0,1.0
2640,Point,71,48,565650,135750,2,0,0.0,0,0,3,4.0,0,4.0,1,2.0,4,3.0,1,0.0,0,0.0
2641,Point,71,49,565750,135750,1,0,0.0,0,0,3,4.0,0,4.0,0,1.0,4,3.0,2,0.0,0,0.0
2642,Point,71,50,565850,135750,1,0,0.0,0,0,3,4.0,0,4.0,0,1.0,4,3.0,3,0.0,0,0.0
2643,Point,71,51,565950,135750,0,0,0.0,0,0,2,4.0,0,4.0,0,0.0,4,3.0,2,0.0,0,0.0
2644,Point,71,52,566050,135750,0,0,0.0,0,0,0,4.0,0,4.0,0,0.0,4,3.0,0,0.0,0,0.0
2645,Point,71,53,566150,135750,0,0,0.0,0,0,0,1.0,0,4.0,0,0.0,4,3.0,0,0.0,0,0.0
2646,Point,71,54,566250,135750,0,0,0.0,0,0,0,0.0,0,4.0,0,0.0,0,3.0,0,0.0,0,0.0
2647,Point,71,55,566350,135750,0,0,0.0,0,0,0,0.0,0,4.0,0,0.0,0,4.0,0,0.0,0,0.0
2648,Point,71,56,566450,135750,0,0,0.0,0,0,0,0.0,0,4.0,0,0.0,0,4.0,0,1.0,0,0.0
2649,Point,71,57,566550,135750,1,0,0.0,0,0,0,1.0,0,4.0,0,0.0,0,4.0,1,2.0,0,0.0
2650,Point,71,58,566650,135750,0,0,0.0,0,0,0,3.0,0,3.0,0,0.0,0,0.0,2,3.0,0,1.0
2651,Point,71,59,566750,135750,0,1,0.0,0,0,1,0.0,0,3.0,0,0.0,0,0.0,3,1.0,0,3.0
2652,Point,71,60,566850,135750,0,2,0.0,0,0,3,0.0,0,1.0,0,0.0,0,0.0,4,0.0,0,4.0
2653,Point,71,61,566950,135750,0,3,0.0,0,0,3,0.0,0,0.0,0,0.0,0,0.0,4,0.0,0,4.0
2654,Point,71,62,567050,135750,0,2,0.0,0,0,4,0.0,0,0.0,0,0.0,0,0.0,4,0.0,0,4.0
2655,Point,71,63,567150,135750,0,1,0.0,0,0,4,0.0,1,0.0,0,0.0,0,0.0,4,0.0,0,4.0
2656,Point,71,64,567250,135750,0,1,0.0,0,0,4,0.0,4,0.0,0,0.0,0,0.0,4,0.0,0,4.0
2657,Point,71,65,567350,135750,0,2,0.0,0,0,4,0.0,4,0.0,0,0.0,0,0.0,4,1.0,1,4.0
2658,Point,71,66,567450,135750,0,2,0.0,0,0,4,0.0,4,0.0,0,1.0,0,4.0,4,2.0,1,4.0
2659,Point,71,67,567550,135750,1,1,0.0,0,0,4,0.0,4,0.0,0,1.0,0,4.0,4,2.0,2,3.0
2660,Point,71,68,567650,135750,0,2,0.0,0,0,4,0.0,4,0.0,0,1.0,4,4.0,3,3.0,2,2.0
2661,Point,71,69,567750,135750,0,2,0.0,0,0,4,0.0,4,0.0,1,1.0,4,4.0,2,3.0,3,1.0
2662,Point,71,70,567850,135750,0,2,0.0,0,0,4,0.0,4,0.0,1,2.0,4,4.0,0,0.0,3,0.0
2663,Point,71,71,567950,135750,0,2,0.0,0,0,4,0.0,4,0.0,1,2.0,4,4.0,0,0.0,3,0.0
2664,Point,71,72,568050,135750,0,3,0.0,0,0,4,0.0,4,0.0,1,2.0,4,4.0,0,0.0,3,0.0
2665,Point,71,73,568150,135750,0,3,0.0,0,0,4,0.0,4,0.0,1,2.0,0,4.0,0,0.0,3,0.0
2666,Point,71,74,568250,135750,0,2,0.0,0,0,4,0.0,4,0.0,1,2.0,0,4.0,0,0.0,3,0.0
2667,Point,71,75,568350,135750,0,1,0.0,0,0,4,0.0,4,0.0,1,1.0,0,4.0,0,0.0,3,0.0
2668,Point,71,76,568450,135750,0,0,0.0,0,0,4,0.0,4,0.0,0,1.0,0,4.0,1,1.0,4,0.0
2669,Point,71,77,568550,135750,1,0,0.0,0,0,4,0.0,4,0.0,0,1.0,0,3.0,0,1.0,4,0.0
2670,Point,71,78,568650,135750,0,0,0.0,0,0,4,0.0,1,0.0,0,0.0,0,3.0,0,1.0,4,0.0
2671,Point,71,79,568750,135750,0,0,0.0,0,0,4,0.0,0,0.0,0,0.0,4,3.0,0,0.0,4,0.0
2672,Point,71,80,568850,135750,0,0,0.0,0,0,3,0.0,0,0.0,0,0.0,4,3.0,0,0.0,4,0.0
2673,Point,71,81,568950,135750,0,0,0.0,0,0,1,0.0,0,0.0,0,0.0,4,3.0,0,2.0,4,0.0
2674,Point,71,82,569050,135750,1,0,0.0,0,0,1,0.0,0,0.0,0,1.0,4,3.0,1,4.0,4,0.0
2675,Point,71,83,569150,135750,1,0,0.0,0,0,0,0.0,0,0.0,0,2.0,4,3.0,1,3.0,4,0.0
2676,Point,71,84,569250,135750,2,0,0.0,0,0,0,0.0,0,0.0,0,2.0,4,3.0,2,2.0,4,0.0
2677,Point,71,85,569350,135750,2,0,0.0,0,0,0,0.0,0,0.0,1,3.0,4,3.0,2,1.0,4,1.0
2678,Point,71,86,569450,135750,2,0,0.0,0,0,0,0.0,0,0.0,1,4.0,4,3.0,2,0.0,4,1.0
2679,Point,71,87,569550,135750,2,0,0.0,0,0,0,0.0,0,0.0,1,4.0,4,3.0,1,0.0,4,2.0
2680,Point,71,88,569650,135750,2,0,0.0,0,0,0,0.0,0,0.0,1,4.0,4,3.0,1,0.0,4,3.0
2681,Point,71,89,569750,135750,1,0,0.0,0,0,0,0.0,0,0.0,1,4.0,4,3.0,1,0.0,4,3.0
2682,Point,71,90,569850,135750,1,0,0.0,0,0,0,0.0,0,0.0,2,4.0,4,3.0,1,0.0,4,3.0
2683,Point,71,91,569950,135750,0,0,0.0,0,0,0,0.0,1,0.0,2,4.0,4,3.0,0,0.0,4,3.0
2684,Point,71,92,570050,135750,0,0,0.0,0,0,0,1.0,1,0.0,2,4.0,4,3.0,0,0.0,4,3.0
2685,Point,71,93,570150,135750,0,0,0.0,0,0,1,3.0,1,0.0,2,4.0,4,3.0,0,0.0,4,3.0
2686,Point,71,94,570250,135750,1,0,0.0,0,0,3,4.0,1,0.0,3,4.0,4,3.0,0,0.0,4,4.0
2687,Point,71,95,570350,135750,1,0,0.0,0,0,3,3.0,1,0.0,3,4.0,4,3.0,1,0.0,4,4.0
2688,Point,71,96,570450,135750,2,0,0.0,0,0,3,3.0,2,0.0,3,4.0,4,3.0,1,0.0,3,4.0
2689,Point,71,97,570550,135750,2,0,0.0,0,0,3,3.0,2,0.0,3,4.0,4,3.0,1,0.0,3,4.0
2690,Point,71,98,570650,135750,2,0,0.0,0,0,3,3.0,2,0.0,3,3.0,4,3.0,1,0.0,3,4.0
2691,Point,71,99,570750,135750,2,0,0.0,0,0,3,3.0,2,1.0,3,3.0,4,3.0,1,0.0,3,4.0
2692,Point,71,100,570850,135750,1,0,0.0,0,0,3,4.0,2,1.0,3,3.0,4,3.0,2,0.0,3,4.0
2693,Point,71,101,570950,135750,1,0,0.0,0,0,3,4.0,2,1.0,3,3.0,4,3.0,2,0.0,3,3.0
2694,Point,71,102,571050,135750,0,0,0.0,0,0,2,4.0,2,1.0,3,3.0,4,3.0,2,0.0,3,3.0
2695,Point,71,103,571150,135750,0,0,0.0,0,0,1,4.0,2,1.0,3,3.0,4,3.0,2,1.0,3,3.0
2696,Point,71,104,571250,135750,0,0,0.0,0,0,0,3.0,2,1.0,3,3.0,4,3.0,2,1.0,3,3.0
2697,Point,71,105,571350,135750,0,0,0.0,0,0,0,3.0,2,1.0,3,3.0,4,3.0,2,1.0,3,3.0
2698,Point,71,106,571450,135750,1,0,0.0,0,0,0,2.0,2,1.0,3,3.0,4,3.0,2,1.0,3,3.0
2699,Point,71,107,571550,135750,1,0,0.0,0,0,1,2.0,2,1.0,3,3.0,4,3.0,2,1.0,3,3.0
2700,Point,71,108,571650,135750,2,0,0.0,0,0,1,2.0,2,1.0,3,3.0,4,3.0,2,1.0,3,3.0
2701,Point,71,109,571750,135750,2,0,0.0,0,0,1,1.0,2,1.0,3,3.0,4,3.0,2,1.0,3,3.0
2702,Point,71,110,571850,135750,3,0,0.0,0,0,1,1.0,2,1.0,3,3.0,4,3.0,2,1.0,3,3.0
2703,Point,71,111,571950,135750,3,0,0.0,0,0,1,1.0,2,1.0,3,3.0,4,3.0,2,1.0,3,3.0
2704,Point,71,112,572050,135750,4,0,0.0,0,0,1,1.0,2,1.0,3,3.0,4,3.0,2,1.0,2,3.0
2705,Point,71,113,572150,135750,4,0,0.0,0,0,2,1.0,2,1.0,3,3.0,4,3.0,3,1.0,2,2.0
2706,Point,72,32,564050,135650,4,0,0.0,0,0,3,3.0,3,2.0,3,2.0,4,3.0,3,2.0,2,2.0
2707,Point,72,33,564150,135650,4,0,0.0,0,0,3,2.0,3,2.0,3,2.0,4,3.0,3,2.0,2,2.0
2708,Point,72,34,564250,135650,4,0,0.0,0,0,3,2.0,3,2.0,2,3.0,4,3.0,3,2.0,2,2.0
2709,Point,72,35,564350,135650,4,0,0.0,0,0,3,2.0,3,2.0,2,3.0,4,3.0,3,2.0,1,2.0
2710,Point,72,36,564450,135650,4,0,0.0,0,0,2,2.0,3,2.0,2,2.0,4,3.0,2,2.0,1,3.0
2711,Point,72,37,564550,135650,4,0,0.0,0,0,2,2.0,3,2.0,3,2.0,4,3.0,2,2.0,1,3.0
2712,Point,72,38,564650,135650,4,0,0.0,0,0,2,1.0,4,2.0,3,2.0,4,3.0,2,2.0,1,3.0
2713,Point,72,39,564750,135650,4,0,0.0,0,0,2,1.0,4,2.0,3,3.0,4,3.0,2,2.0,1,3.0
2714,Point,72,40,564850,135650,3,0,0.0,0,0,2,1.0,4,2.0,2,3.0,4,3.0,2,2.0,0,3.0
2715,Point,72,41,564950,135650,3,0,0.0,0,0,2,2.0,3,2.0,2,3.0,4,3.0,2,2.0,0,3.0
2716,Point,72,42,565050,135650,3,0,0.0,0,0,3,2.0,3,3.0,2,3.0,4,3.0,3,3.0,0,3.0
2717,Point,72,43,565150,135650,3,0,0.0,0,0,3,3.0,1,3.0,2,3.0,4,3.0,3,3.0,0,3.0
2718,Point,72,44,565250,135650,3,0,0.0,0,0,3,3.0,1,3.0,2,3.0,4,3.0,3,3.0,0,3.0
2719,Point,72,45,565350,135650,3,0,0.0,0,0,3,3.0,1,3.0,1,2.0,4,3.0,3,3.0,0,2.0
2720,Point,72,46,565450,135650,3,0,0.0,0,0,3,3.0,1,3.0,1,2.0,4,3.0,3,3.0,0,1.0
2721,Point,72,47,565550,135650,2,0,0.0,0,0,3,4.0,1,3.0,1,2.0,4,3.0,1,0.0,0,1.0
2722,Point,72,48,565650,135650,2,0,0.0,0,0,3,4.0,0,3.0,1,2.0,4,3.0,1,0.0,0,0.0
2723,Point,72,49,565750,135650,1,0,0.0,0,0,3,4.0,0,4.0,0,1.0,4,3.0,2,0.0,0,0.0
2724,Point,72,50,565850,135650,1,0,0.0,0,0,3,4.0,0,4.0,0,1.0,4,3.0,3,0.0,0,0.0
2725,Point,72,51,565950,135650,0,0,0.0,0,0,2,4.0,0,4.0,0,0.0,4,3.0,2,0.0,0,0.0
2726,Point,72,52,566050,135650,0,0,0.0,0,0,1,4.0,0,4.0,0,0.0,4,3.0,0,0.0,0,0.0
2727,Point,72,53,566150,135650,0,0,0.0,0,0,0,4.0,0,4.0,0,0.0,4,3.0,0,0.0,0,0.0
2728,Point,72,54,566250,135650,0,0,0.0,0,0,0,0.0,0,4.0,0,0.0,0,3.0,0,0.0,0,0.0
2729,Point,72,55,566350,135650,0,0,0.0,0,0,0,0.0,0,4.0,0,0.0,0,4.0,0,0.0,0,0.0
2730,Point,72,56,566450,135650,0,0,0.0,0,0,0,0.0,0,4.0,0,0.0,0,4.0,0,0.0,0,0.0
2731,Point,72,57,566550,135650,1,0,0.0,0,0,0,2.0,0,4.0,0,0.0,0,4.0,0,0.0,0,0.0
2732,Point,72,58,566650,135650,0,0,0.0,0,0,0,3.0,0,3.0,0,0.0,0,0.0,2,0.0,0,2.0
2733,Point,72,59,566750,135650,0,1,0.0,0,0,1,2.0,0,3.0,0,0.0,0,0.0,3,0.0,0,3.0
2734,Point,72,60,566850,135650,0,2,0.0,0,0,2,0.0,0,3.0,0,0.0,0,0.0,4,0.0,0,4.0
2735,Point,72,61,566950,135650,0,2,0.0,0,0,3,0.0,0,2.0,0,0.0,0,0.0,4,0.0,0,4.0
2736,Point,72,62,567050,135650,0,2,0.0,0,0,4,0.0,0,0.0,0,0.0,0,0.0,4,0.0,0,4.0
2737,Point,72,63,567150,135650,0,1,0.0,0,0,4,0.0,3,0.0,0,0.0,0,0.0,4,0.0,0,4.0
2738,Point,72,64,567250,135650,1,1,0.0,0,0,4,0.0,4,0.0,0,0.0,0,0.0,4,0.0,0,4.0
2739,Point,72,65,567350,135650,1,1,0.0,0,0,4,0.0,4,0.0,0,1.0,0,0.0,4,0.0,1,4.0
2740,Point,72,66,567450,135650,1,1,0.0,0,0,4,0.0,4,0.0,0,1.0,0,0.0,4,1.0,2,4.0
2741,Point,72,67,567550,135650,1,1,0.0,0,0,4,0.0,4,0.0,0,1.0,0,4.0,4,2.0,2,3.0
2742,Point,72,68,567650,135650,0,1,0.0,0,0,4,0.0,4,0.0,0,1.0,0,4.0,3,3.0,3,3.0
2743,Point,72,69,567750,135650,0,1,0.0,0,0,4,0.0,3,0.0,0,1.0,0,4.0,0,1.0,3,1.0
2744,Point,72,70,567850,135650,0,1,0.0,0,0,4,0.0,4,0.0,1,1.0,0,4.0,0,0.0,3,1.0
2745,Point,72,71,567950,135650,0,2,0.0,0,0,4,0.0,4,0.0,1,2.0,4,4.0,0,0.0,3,0.0
2746,Point,72,72,568050,135650,0,3,0.0,0,0,4,0.0,4,0.0,1,2.0,4,3.0,0,0.0,3,0.0
2747,Point,72,73,568150,135650,0,3,0.0,0,0,4,0.0,4,0.0,1,2.0,0,3.0,0,0.0,3,0.0
2748,Point,72,74,568250,135650,0,2,0.0,0,0,4,0.0,4,0.0,1,2.0,0,3.0,0,0.0,3,0.0
2749,Point,72,75,568350,135650,1,1,0.0,0,0,4,0.0,4,0.0,1,1.0,0,3.0,1,1.0,3,0.0
2750,Point,72,76,568450,135650,1,0,0.0,0,0,4,0.0,4,0.0,0,1.0,4,3.0,0,1.0,4,0.0
2751,Point,72,77,568550,135650,1,0,0.0,0,0,4,0.0,4,0.0,0,1.0,4,3.0,0,1.0,4,0.0
2752,Point,72,78,568650,135650,1,0,0.0,0,0,4,0.0,1,0.0,0,1.0,4,3.0,0,0.0,4,0.0
2753,Point,72,79,568750,135650,0,0,0.0,0,0,4,0.0,0,0.0,0,1.0,4,3.0,0,0.0,4,0.0
2754,Point,72,80,568850,135650,0,0,0.0,0,0,3,0.0,0,0.0,0,1.0,4,3.0,0,0.0,4,0.0
2755,Point,72,81,568950,135650,0,0,0.0,0,0,1,0.0,0,0.0,0,1.0,4,3.0,0,0.0,4,0.0
2756,Point,72,82,569050,135650,1,0,0.0,0,0,0,0.0,0,0.0,0,1.0,4,3.0,1,3.0,4,0.0
2757,Point,72,83,569150,135650,1,0,0.0,0,0,0,0.0,0,0.0,0,2.0,4,3.0,1,3.0,4,0.0
2758,Point,72,84,569250,135650,1,0,0.0,0,0,0,0.0,0,0.0,1,4.0,4,3.0,2,2.0,4,0.0
2759,Point,72,85,569350,135650,2,0,0.0,0,0,0,0.0,0,0.0,1,4.0,4,3.0,2,1.0,4,0.0
2760,Point,72,86,569450,135650,2,0,0.0,0,0,0,0.0,0,0.0,1,4.0,4,3.0,2,0.0,4,0.0
2761,Point,72,87,569550,135650,2,0,0.0,0,0,0,0.0,0,0.0,1,4.0,4,3.0,1,0.0,4,1.0
2762,Point,72,88,569650,135650,2,0,0.0,0,0,0,0.0,0,0.0,1,4.0,4,3.0,1,0.0,4,1.0
2763,Point,72,89,569750,135650,1,0,0.0,0,0,0,0.0,0,0.0,2,4.0,4,3.0,1,0.0,4,2.0
2764,Point,72,90,569850,135650,1,0,0.0,0,0,0,0.0,0,0.0,2,4.0,4,3.0,1,0.0,4,3.0
2765,Point,72,91,569950,135650,1,0,0.0,0,0,0,1.0,1,0.0,2,4.0,4,3.0,0,0.0,4,3.0
2766,Point,72,92,570050,135650,1,0,0.0,0,0,0,1.0,1,0.0,2,4.0,4,3.0,0,0.0,4,3.0
2767,Point,72,93,570150,135650,1,0,0.0,0,0,1,3.0,1,0.0,3,4.0,4,3.0,0,0.0,4,3.0
2768,Point,72,94,570250,135650,1,0,0.0,0,0,3,4.0,1,0.0,3,4.0,4,3.0,0,0.0,4,3.0
2769,Point,72,95,570350,135650,1,0,0.0,0,0,3,3.0,1,0.0,3,4.0,4,3.0,1,0.0,4,3.0
2770,Point,72,96,570450,135650,2,0,0.0,0,0,3,3.0,2,0.0,3,4.0,4,3.0,1,0.0,4,3.0
2771,Point,72,97,570550,135650,2,0,0.0,0,0,3,3.0,2,0.0,3,3.0,4,3.0,1,0.0,3,3.0
2772,Point,72,98,570650,135650,2,0,0.0,0,0,3,3.0,2,0.0,3,3.0,4,3.0,1,0.0,3,3.0
2773,Point,72,99,570750,135650,2,0,0.0,0,0,3,3.0,2,0.0,3,3.0,4,3.0,1,0.0,3,3.0
2774,Point,72,100,570850,135650,1,0,0.0,0,0,3,4.0,2,1.0,3,3.0,4,3.0,1,0.0,3,3.0
2775,Point,72,101,570950,135650,1,0,0.0,0,0,3,4.0,2,1.0,3,3.0,4,3.0,2,0.0,3,3.0
2776,Point,72,102,571050,135650,0,0,0.0,0,0,2,4.0,2,1.0,3,3.0,4,3.0,2,0.0,3,3.0
2777,Point,72,103,571150,135650,0,0,0.0,0,0,1,4.0,2,1.0,3,3.0,4,3.0,2,0.0,3,3.0
2778,Point,72,104,571250,135650,0,0,0.0,0,0,0,3.0,2,1.0,3,3.0,4,3.0,2,1.0,3,3.0
2779,Point,72,105,571350,135650,1,0,0.0,0,0,0,3.0,2,1.0,3,3.0,4,3.0,2,1.0,3,3.0
2780,Point,72,106,571450,135650,1,0,0.0,0,0,0,2.0,2,1.0,3,3.0,4,3.0,2,1.0,3,3.0
2781,Point,72,107,571550,135650,2,0,0.0,0,0,1,2.0,2,1.0,3,3.0,4,3.0,2,1.0,3,3.0
2782,Point,72,108,571650,135650,2,0,0.0,0,0,1,2.0,2,1.0,3,3.0,4,3.0,2,1.0,3,3.0
2783,Point,72,109,571750,135650,2,0,0.0,0,0,1,1.0,2,1.0,3,3.0,4,3.0,2,1.0,3,3.0
2784,Point,72,110,571850,135650,3,0,0.0,0,0,1,1.0,2,1.0,3,3.0,4,3.0,2,1.0,3,3.0
2785,Point,72,111,571950,135650,3,0,0.0,0,0,1,1.0,2,1.0,3,3.0,4,3.0,2,1.0,3,3.0
2786,Point,72,112,572050,135650,4,0,0.0,0,0,1,1.0,2,1.0,3,3.0,4,3.0,2,1.0,2,2.0
2787,Point,72,113,572150,135650,4,0,0.0,0,0,2,1.0,2,1.0,3,3.0,4,3.0,2,1.0,2,2.0
2788,Point,73,32,564050,135550,4,0,0.0,0,0,3,3.0,3,2.0,3,2.0,4,3.0,3,2.0,2,1.0
2789,Point,73,33,564150,135550,4,0,0.0,0,0,3,2.0,3,2.0,3,2.0,4,3.0,3,2.0,2,2.0
2790,Point,73,34,564250,135550,4,0,0.0,0,0,3,2.0,3,2.0,2,3.0,4,3.0,3,2.0,2,2.0
2791,Point,73,35,564350,135550,4,0,0.0,0,0,3,2.0,3,2.0,2,3.0,4,3.0,2,2.0,1,2.0
2792,Point,73,36,564450,135550,4,0,0.0,0,0,2,2.0,3,2.0,2,2.0,4,3.0,2,2.0,1,2.0
2793,Point,73,37,564550,135550,4,0,0.0,0,0,2,2.0,3,2.0,3,2.0,4,3.0,2,2.0,1,3.0
2794,Point,73,38,564650,135550,4,0,0.0,0,0,2,1.0,4,2.0,3,2.0,4,3.0,2,2.0,1,3.0
2795,Point,73,39,564750,135550,3,0,0.0,0,0,2,1.0,4,2.0,3,2.0,4,3.0,2,2.0,1,3.0
2796,Point,73,40,564850,135550,3,0,0.0,0,0,2,1.0,3,2.0,2,3.0,4,3.0,2,2.0,0,3.0
2797,Point,73,41,564950,135550,3,0,0.0,0,0,2,2.0,3,2.0,2,3.0,4,3.0,2,2.0,0,3.0
2798,Point,73,42,565050,135550,2,0,0.0,0,0,3,2.0,2,3.0,2,3.0,4,3.0,2,3.0,0,3.0
2799,Point,73,43,565150,135550,2,0,0.0,0,0,3,3.0,1,3.0,2,3.0,4,3.0,3,3.0,0,3.0
2800,Point,73,44,565250,135550,2,0,0.0,0,0,3,3.0,1,3.0,2,3.0,4,3.0,3,3.0,0,3.0
2801,Point,73,45,565350,135550,2,0,0.0,0,0,3,3.0,1,3.0,1,2.0,4,3.0,3,4.0,0,2.0
2802,Point,73,46,565450,135550,2,0,0.0,0,0,3,3.0,1,3.0,1,2.0,4,3.0,3,3.0,0,1.0
2803,Point,73,47,565550,135550,2,0,0.0,0,0,3,4.0,1,3.0,1,2.0,4,3.0,3,2.0,0,1.0
2804,Point,73,48,565650,135550,2,0,0.0,0,0,3,4.0,0,3.0,0,1.0,4,3.0,1,0.0,0,0.0
2805,Point,73,49,565750,135550,1,0,0.0,0,0,3,4.0,0,4.0,0,1.0,4,3.0,2,0.0,0,0.0
2806,Point,73,50,565850,135550,1,0,0.0,0,0,3,4.0,0,4.0,0,0.0,4,3.0,2,0.0,0,0.0
2807,Point,73,51,565950,135550,0,0,0.0,0,0,3,4.0,0,4.0,0,0.0,4,3.0,1,0.0,0,0.0
2808,Point,73,52,566050,135550,0,0,0.0,0,0,2,4.0,0,4.0,0,0.0,4,3.0,0,0.0,0,0.0
2809,Point,73,53,566150,135550,0,0,0.0,0,0,0,4.0,0,4.0,0,0.0,4,3.0,0,0.0,0,0.0
2810,Point,73,54,566250,135550,0,0,0.0,0,0,0,0.0,0,4.0,0,0.0,0,3.0,0,0.0,0,0.0
2811,Point,73,55,566350,135550,0,0,0.0,0,0,0,0.0,0,3.0,0,0.0,0,3.0,0,0.0,0,0.0
2812,Point,73,56,566450,135550,0,0,0.0,0,0,0,0.0,0,3.0,0,0.0,0,4.0,0,0.0,0,0.0
2813,Point,73,57,566550,135550,0,0,0.0,0,0,0,1.0,0,4.0,0,0.0,0,4.0,0,0.0,0,1.0
2814,Point,73,58,566650,135550,0,0,0.0,0,0,0,3.0,0,4.0,0,0.0,0,4.0,2,0.0,0,3.0
2815,Point,73,59,566750,135550,0,1,0.0,0,0,1,1.0,0,4.0,0,0.0,0,0.0,3,0.0,0,3.0
2816,Point,73,60,566850,135550,0,1,0.0,0,0,2,0.0,0,3.0,0,0.0,0,0.0,4,0.0,0,4.0
2817,Point,73,61,566950,135550,1,1,0.0,0,0,3,0.0,0,3.0,0,0.0,0,0.0,4,0.0,0,4.0
2818,Point,73,62,567050,135550,1,1,0.0,0,0,3,0.0,1,0.0,0,0.0,0,0.0,4,0.0,0,4.0
2819,Point,73,63,567150,135550,1,0,0.0,0,0,4,0.0,4,0.0,0,0.0,0,0.0,4,0.0,0,4.0
2820,Point,73,64,567250,135550,1,0,0.0,0,0,4,0.0,4,0.0,0,0.0,0,0.0,4,0.0,1,4.0
2821,Point,73,65,567350,135550,1,0,0.0,0,0,4,0.0,4,0.0,0,0.0,0,0.0,4,0.0,1,4.0
2822,Point,73,66,567450,135550,1,0,0.0,0,0,4,0.0,4,0.0,0,1.0,0,0.0,4,0.0,2,4.0
2823,Point,73,67,567550,135550,0,0,0.0,0,0,4,0.0,4,0.0,0,1.0,0,0.0,4,1.0,2,3.0
2824,Point,73,68,567650,135550,0,0,0.0,0,0,4,0.0,4,0.0,0,1.0,0,4.0,3,1.0,3,3.0
2825,Point,73,69,567750,135550,0,0,0.0,0,0,4,0.0,3,0.0,0,1.0,0,4.0,0,0.0,3,2.0
2826,Point,73,70,567850,135550,0,0,0.0,0,0,4,0.0,4,0.0,0,1.0,0,4.0,0,0.0,3,1.0
2827,Point,73,71,567950,135550,0,1,0.0,0,0,4,0.0,4,0.0,1,1.0,0,4.0,0,0.0,3,0.0
2828,Point,73,72,568050,135550,0,2,0.0,0,0,4,0.0,4,0.0,1,2.0,0,3.0,0,0.0,3,0.0
2829,Point,73,73,568150,135550,0,2,0.0,0,0,4,0.0,4,0.0,1,2.0,4,3.0,0,0.0,3,0.0
2830,Point,73,74,568250,135550,1,1,0.0,0,0,4,0.0,4,0.0,1,2.0,4,3.0,0,0.0,3,0.0
2831,Point,73,75,568350,135550,1,1,0.0,0,0,4,0.0,4,0.0,1,2.0,4,3.0,1,1.0,4,0.0
2832,Point,73,76,568450,135550,1,0,0.0,0,0,4,0.0,4,0.0,1,2.0,4,3.0,0,1.0,4,0.0
2833,Point,73,77,568550,135550,1,0,0.0,0,0,4,0.0,4,0.0,0,1.0,4,3.0,0,0.0,4,0.0
2834,Point,73,78,568650,135550,1,0,0.0,0,0,4,0.0,1,0.0,0,1.0,4,3.0,0,0.0,4,0.0
2835,Point,73,79,568750,135550,1,0,0.0,0,0,4,0.0,0,0.0,0,1.0,4,3.0,0,0.0,4,0.0
2836,Point,73,80,568850,135550,1,0,0.0,0,0,3,0.0,0,0.0,0,1.0,4,3.0,0,0.0,4,0.0
2837,Point,73,81,568950,135550,1,0,0.0,0,0,1,0.0,0,0.0,0,1.0,4,3.0,0,0.0,4,0.0
2838,Point,73,82,569050,135550,1,0,0.0,0,0,0,0.0,0,0.0,0,1.0,4,3.0,0,1.0,4,0.0
2839,Point,73,83,569150,135550,1,0,0.0,0,0,0,0.0,0,0.0,0,2.0,4,3.0,1,3.0,4,0.0
2840,Point,73,84,569250,135550,1,0,0.0,0,0,0,0.0,0,0.0,1,4.0,4,3.0,1,3.0,4,0.0
2841,Point,73,85,569350,135550,1,0,0.0,0,0,0,0.0,0,0.0,1,4.0,4,3.0,2,1.0,4,0.0
2842,Point,73,86,569450,135550,2,0,0.0,0,0,0,0.0,0,0.0,1,4.0,4,3.0,2,1.0,4,0.0
2843,Point,73,87,569550,135550,2,0,0.0,0,0,0,0.0,0,0.0,1,4.0,4,3.0,1,0.0,4,0.0
2844,Point,73,88,569650,135550,1,0,0.0,0,0,0,0.0,0,0.0,2,4.0,4,3.0,1,0.0,4,0.0
2845,Point,73,89,569750,135550,1,0,0.0,0,0,0,0.0,0,0.0,2,4.0,4,3.0,1,0.0,4,1.0
2846,Point,73,90,569850,135550,1,0,0.0,0,0,0,1.0,0,0.0,2,4.0,4,3.0,0,0.0,4,1.0
2847,Point,73,91,569950,135550,1,0,0.0,0,0,0,1.0,1,0.0,2,4.0,4,3.0,0,0.0,4,1.0
2848,Point,73,92,570050,135550,1,0,0.0,0,0,0,1.0,1,0.0,2,4.0,4,3.0,0,0.0,4,2.0
2849,Point,73,93,570150,135550,1,0,0.0,0,0,1,4.0,1,0.0,3,4.0,4,3.0,0,0.0,4,2.0
2850,Point,73,94,570250,135550,1,0,0.0,0,0,3,4.0,1,0.0,3,4.0,4,3.0,0,0.0,4,3.0
2851,Point,73,95,570350,135550,2,0,0.0,0,0,3,4.0,1,0.0,3,4.0,4,3.0,1,0.0,4,3.0
2852,Point,73,96,570450,135550,2,0,0.0,0,0,3,3.0,2,0.0,3,3.0,4,3.0,1,0.0,4,3.0
2853,Point,73,97,570550,135550,2,0,0.0,0,0,3,3.0,2,0.0,3,3.0,4,3.0,1,0.0,3,3.0
2854,Point,73,98,570650,135550,2,0,0.0,0,0,3,3.0,2,0.0,3,3.0,4,3.0,1,0.0,3,3.0
2855,Point,73,99,570750,135550,2,0,0.0,0,0,3,3.0,2,0.0,3,3.0,4,3.0,1,0.0,3,3.0
2856,Point,73,100,570850,135550,1,0,0.0,0,0,3,4.0,2,1.0,3,3.0,4,3.0,1,0.0,3,3.0
2857,Point,73,101,570950,135550,1,0,0.0,0,0,2,4.0,2,1.0,3,3.0,4,3.0,1,0.0,3,3.0
2858,Point,73,102,571050,135550,1,0,0.0,0,0,2,4.0,2,1.0,3,3.0,4,3.0,1,0.0,3,3.0
2859,Point,73,103,571150,135550,1,0,0.0,0,0,1,4.0,2,1.0,3,3.0,4,3.0,1,0.0,3,3.0
2860,Point,73,104,571250,135550,1,0,0.0,0,0,0,3.0,2,1.0,3,3.0,4,3.0,1,0.0,3,3.0
2861,Point,73,105,571350,135550,1,0,0.0,0,0,0,3.0,2,1.0,3,3.0,4,3.0,1,0.0,3,3.0
2862,Point,73,106,571450,135550,1,0,0.0,0,0,0,2.0,2,1.0,3,3.0,4,3.0,2,0.0,3,3.0
2863,Point,73,107,571550,135550,2,0,0.0,0,0,1,2.0,2,1.0,3,3.0,4,3.0,2,1.0,3,3.0
2864,Point,73,108,571650,135550,2,0,0.0,0,0,1,2.0,2,1.0,3,3.0,4,3.0,2,1.0,3,3.0
2865,Point,73,109,571750,135550,3,0,0.0,0,0,1,1.0,2,1.0,3,3.0,4,3.0,2,1.0,3,3.0
2866,Point,73,110,571850,135550,3,0,0.0,0,0,1,1.0,2,1.0,3,3.0,4,3.0,2,1.0,3,3.0
2867,Point,73,111,571950,135550,4,0,0.0,0,0,1,1.0,2,1.0,3,3.0,4,3.0,2,1.0,3,3.0
2868,Point,73,112,572050,135550,4,0,0.0,0,0,1,1.0,2,1.0,3,3.0,4,3.0,2,1.0,2,2.0
2869,Point,73,113,572150,135550,4,0,0.0,0,0,2,1.0,2,1.0,3,3.0,4,3.0,2,1.0,2,2.0
2870,Point,74,32,564050,135450,4,0,0.0,0,0,3,3.0,3,2.0,3,2.0,4,3.0,3,2.0,2,1.0
2871,Point,74,33,564150,135450,4,0,0.0,0,0,3,2.0,3,2.0,3,2.0,4,3.0,3,2.0,2,1.0
2872,Point,74,34,564250,135450,4,0,0.0,0,0,3,2.0,3,2.0,2,3.0,4,3.0,3,2.0,2,2.0
2873,Point,74,35,564350,135450,4,0,0.0,0,0,3,2.0,3,2.0,2,3.0,4,3.0,2,2.0,1,2.0
2874,Point,74,36,564450,135450,4,0,0.0,0,0,2,2.0,3,2.0,2,2.0,4,3.0,2,2.0,1,2.0
2875,Point,74,37,564550,135450,4,0,0.0,0,0,2,2.0,3,2.0,3,2.0,4,3.0,2,2.0,1,2.0
2876,Point,74,38,564650,135450,3,0,0.0,0,0,2,1.0,4,2.0,3,2.0,4,3.0,2,2.0,1,3.0
2877,Point,74,39,564750,135450,3,0,0.0,0,0,2,1.0,4,2.0,3,2.0,4,3.0,2,2.0,1,3.0
2878,Point,74,40,564850,135450,3,0,0.0,0,0,2,1.0,3,2.0,2,3.0,4,3.0,2,2.0,1,3.0
2879,Point,74,41,564950,135450,2,0,0.0,0,0,2,1.0,3,2.0,2,3.0,4,3.0,1,2.0,0,3.0
2880,Point,74,42,565050,135450,2,0,0.0,0,0,3,2.0,2,3.0,2,3.0,4,3.0,2,3.0,0,3.0
2881,Point,74,43,565150,135450,2,0,0.0,0,0,3,2.0,1,3.0,2,3.0,4,3.0,2,3.0,0,3.0
2882,Point,74,44,565250,135450,2,0,0.0,0,0,3,3.0,1,3.0,1,3.0,4,3.0,3,4.0,0,3.0
2883,Point,74,45,565350,135450,2,0,0.0,0,0,3,3.0,1,3.0,1,2.0,4,3.0,3,4.0,0,2.0
2884,Point,74,46,565450,135450,2,0,0.0,0,0,3,3.0,1,3.0,1,2.0,4,3.0,3,4.0,0,1.0
2885,Point,74,47,565550,135450,2,0,0.0,0,0,3,4.0,0,3.0,1,2.0,4,3.0,3,3.0,0,1.0
2886,Point,74,48,565650,135450,2,0,0.0,0,0,3,4.0,0,3.0,0,1.0,4,3.0,3,1.0,0,0.0
2887,Point,74,49,565750,135450,1,0,0.0,0,0,3,4.0,0,4.0,0,1.0,4,3.0,2,0.0,0,0.0
2888,Point,74,50,565850,135450,1,0,0.0,0,0,3,4.0,0,4.0,0,0.0,4,3.0,2,0.0,0,0.0
2889,Point,74,51,565950,135450,0,0,0.0,0,0,3,4.0,0,4.0,0,0.0,4,3.0,0,0.0,0,0.0
2890,Point,74,52,566050,135450,0,0,0.0,0,0,2,4.0,0,4.0,0,0.0,4,3.0,0,0.0,0,0.0
2891,Point,74,53,566150,135450,0,0,0.0,0,0,0,4.0,0,4.0,0,0.0,4,3.0,0,0.0,0,0.0
2892,Point,74,54,566250,135450,0,0,0.0,0,0,0,1.0,0,4.0,0,0.0,0,3.0,0,0.0,0,0.0
2893,Point,74,55,566350,135450,0,0,0.0,0,0,0,0.0,0,4.0,0,0.0,0,3.0,0,0.0,0,0.0
2894,Point,74,56,566450,135450,0,0,0.0,0,0,0,0.0,0,3.0,0,0.0,0,4.0,0,0.0,0,0.0
2895,Point,74,57,566550,135450,0,0,0.0,0,0,0,0.0,0,4.0,0,0.0,0,4.0,1,0.0,0,1.0
2896,Point,74,58,566650,135450,0,0,0.0,0,0,0,1.0,0,4.0,0,0.0,0,4.0,3,0.0,0,3.0
2897,Point,74,59,566750,135450,0,1,0.0,0,0,0,1.0,0,4.0,0,0.0,0,3.0,4,0.0,0,4.0
2898,Point,74,60,566850,135450,0,2,0.0,0,0,1,0.0,0,3.0,0,0.0,0,0.0,4,0.0,0,4.0
2899,Point,74,61,566950,135450,0,2,0.0,0,0,2,0.0,0,3.0,0,0.0,0,0.0,4,0.0,0,4.0
2900,Point,74,62,567050,135450,0,2,0.0,0,0,3,0.0,3,0.0,0,0.0,0,0.0,4,0.0,0,4.0
2901,Point,74,63,567150,135450,1,1,0.0,0,0,3,0.0,4,0.0,0,0.0,0,0.0,4,0.0,0,4.0
2902,Point,74,64,567250,135450,1,0,0.0,0,0,4,0.0,4,0.0,0,0.0,0,0.0,4,0.0,1,4.0
2903,Point,74,65,567350,135450,1,0,0.0,0,0,4,0.0,4,0.0,0,0.0,0,0.0,4,0.0,1,4.0
2904,Point,74,66,567450,135450,1,0,0.0,0,0,4,0.0,4,0.0,0,0.0,0,0.0,4,0.0,2,4.0
2905,Point,74,67,567550,135450,1,0,0.0,0,0,4,0.0,4,0.0,0,1.0,0,0.0,4,0.0,3,3.0
2906,Point,74,68,567650,135450,0,0,0.0,0,0,4,0.0,4,0.0,0,1.0,0,4.0,3,0.0,3,3.0
2907,Point,74,69,567750,135450,0,0,0.0,0,0,4,0.0,4,0.0,0,1.0,0,4.0,2,1.0,3,2.0
2908,Point,74,70,567850,135450,0,0,0.0,0,0,4,0.0,4,0.0,0,1.0,0,4.0,0,0.0,3,1.0
2909,Point,74,71,567950,135450,0,1,0.0,0,0,4,0.0,4,0.0,0,1.0,0,3.0,0,0.0,3,0.0
2910,Point,74,72,568050,135450,0,1,0.0,0,0,4,0.0,4,0.0,1,1.0,0,3.0,0,0.0,3,0.0
2911,Point,74,73,568150,135450,1,1,0.0,0,0,4,0.0,4,0.0,1,2.0,4,3.0,0,0.0,3,0.0
2912,Point,74,74,568250,135450,1,1,0.0,0,0,4,0.0,4,0.0,1,2.0,4,3.0,1,1.0,3,0.0
2913,Point,74,75,568350,135450,0,0,0.0,0,0,4,0.0,4,0.0,1,2.0,4,3.0,0,0.0,4,0.0
2914,Point,74,76,568450,135450,0,0,0.0,0,0,4,0.0,4,0.0,1,2.0,4,3.0,0,0.0,4,0.0
2915,Point,74,77,568550,135450,0,0,0.0,0,0,4,0.0,4,0.0,1,2.0,4,3.0,0,0.0,4,0.0
2916,Point,74,78,568650,135450,1,0,0.0,0,0,4,0.0,3,0.0,0,1.0,4,3.0,0,0.0,4,0.0
2917,Point,74,79,568750,135450,1,0,0.0,0,0,3,0.0,0,0.0,0,1.0,4,3.0,0,0.0,4,0.0
2918,Point,74,80,568850,135450,1,0,0.0,0,0,2,0.0,0,0.0,0,1.0,4,3.0,0,0.0,4,0.0
2919,Point,74,81,568950,135450,0,0,0.0,0,0,0,0.0,0,0.0,0,2.0,4,3.0,0,0.0,4,0.0
2920,Point,74,82,569050,135450,0,0,0.0,0,0,0,0.0,0,0.0,0,2.0,4,3.0,0,0.0,4,0.0
2921,Point,74,83,569150,135450,0,0,0.0,0,0,0,0.0,0,0.0,1,2.0,4,3.0,1,3.0,4,0.0
2922,Point,74,84,569250,135450,1,0,0.0,0,0,0,0.0,0,0.0,1,4.0,4,3.0,1,3.0,4,0.0
2923,Point,74,85,569350,135450,1,0,0.0,0,0,0,0.0,0,0.0,1,4.0,4,3.0,1,2.0,4,0.0
2924,Point,74,86,569450,135450,1,0,0.0,0,0,0,0.0,0,0.0,1,4.0,4,3.0,1,1.0,4,0.0
2925,Point,74,87,569550,135450,1,0,0.0,0,0,0,0.0,0,1.0,2,4.0,4,3.0,1,0.0,4,0.0
2926,Point,74,88,569650,135450,1,0,0.0,0,0,0,0.0,0,1.0,2,4.0,4,3.0,1,0.0,4,0.0
2927,Point,74,89,569750,135450,0,0,0.0,0,0,0,0.0,0,1.0,2,4.0,4,3.0,1,0.0,4,0.0
2928,Point,74,90,569850,135450,0,0,0.0,0,0,0,1.0,0,0.0,2,4.0,4,3.0,0,0.0,4,0.0
2929,Point,74,91,569950,135450,0,0,0.0,0,0,0,1.0,1,0.0,2,4.0,4,3.0,0,0.0,4,0.0
2930,Point,74,92,570050,135450,0,0,0.0,0,0,0,2.0,1,0.0,3,4.0,4,3.0,0,0.0,4,1.0
2931,Point,74,93,570150,135450,1,0,0.0,0,0,2,4.0,1,0.0,3,4.0,4,3.0,0,0.0,4,1.0
2932,Point,74,94,570250,135450,1,0,0.0,0,0,3,4.0,1,0.0,3,3.0,4,3.0,0,0.0,4,1.0
2933,Point,74,95,570350,135450,2,0,0.0,0,0,3,4.0,1,0.0,3,3.0,4,3.0,0,0.0,4,2.0
2934,Point,74,96,570450,135450,2,0,0.0,0,0,3,3.0,2,0.0,3,3.0,4,3.0,1,0.0,4,2.0
2935,Point,74,97,570550,135450,3,0,0.0,0,0,3,3.0,2,0.0,3,3.0,4,3.0,1,0.0,3,3.0
2936,Point,74,98,570650,135450,3,0,0.0,0,0,3,3.0,2,0.0,3,3.0,4,3.0,1,0.0,3,3.0
2937,Point,74,99,570750,135450,2,0,0.0,0,0,3,4.0,2,0.0,3,3.0,4,3.0,1,0.0,3,3.0
2938,Point,74,100,570850,135450,2,0,0.0,0,0,3,4.0,2,0.0,3,3.0,4,3.0,1,0.0,3,3.0
2939,Point,74,101,570950,135450,1,0,0.0,0,0,2,4.0,2,1.0,3,3.0,4,3.0,1,0.0,3,3.0
2940,Point,74,102,571050,135450,1,0,0.0,0,0,2,4.0,2,1.0,3,3.0,4,3.0,1,0.0,3,3.0
2941,Point,74,103,571150,135450,1,0,0.0,0,0,1,4.0,2,1.0,3,3.0,4,3.0,1,0.0,3,3.0
2942,Point,74,104,571250,135450,1,0,0.0,0,0,0,3.0,2,1.0,3,3.0,4,3.0,1,0.0,3,3.0
2943,Point,74,105,571350,135450,1,0,0.0,0,0,0,3.0,2,1.0,3,3.0,4,3.0,1,0.0,3,3.0
2944,Point,74,106,571450,135450,2,0,0.0,0,0,0,2.0,2,1.0,3,3.0,4,3.0,1,0.0,3,3.0
2945,Point,74,107,571550,135450,2,0,0.0,0,0,1,2.0,2,1.0,3,3.0,4,3.0,1,0.0,3,3.0
2946,Point,74,108,571650,135450,2,0,0.0,0,0,1,2.0,2,1.0,3,3.0,4,3.0,2,0.0,3,3.0
2947,Point,74,109,571750,135450,3,0,0.0,0,0,1,1.0,2,1.0,3,3.0,4,3.0,2,1.0,3,3.0
2948,Point,74,110,571850,135450,3,0,0.0,0,0,1,1.0,2,1.0,3,3.0,4,3.0,2,1.0,3,3.0
2949,Point,74,111,571950,135450,4,0,0.0,0,0,1,1.0,2,1.0,3,3.0,4,3.0,2,1.0,3,2.0
2950,Point,74,112,572050,135450,4,0,0.0,0,0,1,1.0,2,1.0,3,3.0,4,3.0,2,1.0,2,2.0
2951,Point,74,113,572150,135450,4,0,0.0,0,0,2,2.0,2,1.0,3,3.0,4,3.0,2,1.0,2,2.0
2952,Point,75,32,564050,135350,4,0,0.0,0,0,3,3.0,3,2.0,3,2.0,4,3.0,3,2.0,2,1.0
2953,Point,75,33,564150,135350,4,0,0.0,0,0,3,2.0,3,2.0,3,3.0,4,3.0,3,2.0,2,1.0
2954,Point,75,34,564250,135350,4,0,0.0,0,0,3,2.0,3,2.0,2,3.0,4,3.0,3,2.0,2,1.0
2955,Point,75,35,564350,135350,4,0,0.0,0,0,3,2.0,3,2.0,2,3.0,4,3.0,2,2.0,1,2.0
2956,Point,75,36,564450,135350,4,0,0.0,0,0,2,2.0,3,2.0,2,2.0,4,3.0,2,2.0,1,2.0
2957,Point,75,37,564550,135350,4,0,0.0,0,0,2,2.0,3,2.0,3,2.0,4,3.0,2,2.0,1,2.0
2958,Point,75,38,564650,135350,3,0,0.0,0,0,2,1.0,4,2.0,3,2.0,4,3.0,2,2.0,1,3.0
2959,Point,75,39,564750,135350,3,0,0.0,0,0,2,1.0,3,2.0,3,2.0,4,3.0,2,2.0,1,3.0
2960,Point,75,40,564850,135350,2,0,0.0,0,0,2,1.0,3,2.0,2,3.0,4,3.0,1,2.0,1,3.0
2961,Point,75,41,564950,135350,2,0,0.0,0,0,2,1.0,3,3.0,2,3.0,4,3.0,1,2.0,0,3.0
2962,Point,75,42,565050,135350,2,0,0.0,0,0,2,2.0,2,3.0,2,3.0,4,3.0,1,3.0,0,3.0
2963,Point,75,43,565150,135350,1,0,0.0,0,0,3,2.0,1,3.0,2,3.0,4,3.0,1,3.0,0,3.0
2964,Point,75,44,565250,135350,1,0,0.0,0,0,3,3.0,1,3.0,1,3.0,4,3.0,2,4.0,0,3.0
2965,Point,75,45,565350,135350,1,0,0.0,0,0,3,3.0,1,3.0,1,2.0,4,3.0,3,4.0,0,2.0
2966,Point,75,46,565450,135350,1,0,0.0,0,0,3,3.0,1,3.0,1,2.0,4,3.0,3,4.0,0,2.0
2967,Point,75,47,565550,135350,1,0,0.0,0,0,3,4.0,0,3.0,1,2.0,4,3.0,3,3.0,0,1.0
2968,Point,75,48,565650,135350,2,0,0.0,0,0,3,4.0,0,3.0,0,1.0,4,3.0,3,2.0,0,0.0
2969,Point,75,49,565750,135350,1,0,0.0,0,0,3,4.0,0,4.0,0,0.0,4,3.0,2,0.0,0,0.0
2970,Point,75,50,565850,135350,1,0,0.0,0,0,3,4.0,0,4.0,0,0.0,4,3.0,1,0.0,0,0.0
2971,Point,75,51,565950,135350,0,0,0.0,0,0,3,4.0,0,4.0,0,0.0,4,3.0,0,0.0,0,0.0
2972,Point,75,52,566050,135350,0,0,0.0,0,0,2,4.0,0,4.0,0,0.0,4,3.0,0,0.0,0,0.0
2973,Point,75,53,566150,135350,0,0,0.0,0,0,1,4.0,0,4.0,0,0.0,4,3.0,0,0.0,0,0.0
2974,Point,75,54,566250,135350,0,0,0.0,0,0,0,1.0,0,4.0,0,0.0,4,3.0,0,0.0,0,0.0
2975,Point,75,55,566350,135350,0,0,0.0,0,0,0,0.0,0,4.0,0,0.0,0,3.0,0,0.0,0,0.0
2976,Point,75,56,566450,135350,0,0,0.0,0,0,0,0.0,0,4.0,0,0.0,0,3.0,1,0.0,0,1.0
2977,Point,75,57,566550,135350,0,0,0.0,0,0,0,0.0,0,4.0,0,0.0,0,4.0,3,0.0,0,2.0
2978,Point,75,58,566650,135350,0,1,0.0,0,0,0,0.0,0,4.0,0,0.0,0,4.0,3,0.0,0,3.0
2979,Point,75,59,566750,135350,0,2,0.0,0,0,0,0.0,0,4.0,0,0.0,0,4.0,4,0.0,0,4.0
2980,Point,75,60,566850,135350,0,3,0.0,0,0,0,0.0,0,3.0,0,0.0,0,3.0,4,0.0,0,4.0
2981,Point,75,61,566950,135350,0,4,0.0,0,0,1,0.0,1,3.0,0,0.0,0,0.0,4,0.0,0,4.0
2982,Point,75,62,567050,135350,0,2,0.0,0,0,2,0.0,4,0.0,0,0.0,0,0.0,4,0.0,0,4.0
2983,Point,75,63,567150,135350,0,1,0.0,0,0,3,0.0,4,0.0,0,0.0,0,0.0,4,0.0,1,4.0
2984,Point,75,64,567250,135350,1,0,0.0,0,0,3,0.0,4,0.0,0,0.0,0,0.0,4,0.0,1,4.0
2985,Point,75,65,567350,135350,1,0,0.0,0,0,3,0.0,4,0.0,0,0.0,0,0.0,4,0.0,2,4.0
2986,Point,75,66,567450,135350,1,0,0.0,0,0,4,0.0,4,0.0,0,0.0,0,3.0,4,0.0,2,4.0
2987,Point,75,67,567550,135350,1,0,0.0,0,0,4,0.0,4,0.0,0,0.0,0,4.0,4,0.0,3,3.0
2988,Point,75,68,567650,135350,1,0,0.0,0,0,4,0.0,4,0.0,0,1.0,0,4.0,4,0.0,3,3.0
2989,Point,75,69,567750,135350,0,0,0.0,0,0,4,0.0,4,0.0,0,1.0,0,4.0,3,0.0,3,2.0
2990,Point,75,70,567850,135350,0,0,0.0,0,0,4,0.0,4,0.0,0,1.0,0,4.0,1,0.0,3,1.0
2991,Point,75,71,567950,135350,0,0,0.0,0,0,3,0.0,4,0.0,0,1.0,0,3.0,0,0.0,3,0.0
2992,Point,75,72,568050,135350,0,0,0.0,0,0,4,0.0,4,0.0,0,1.0,4,3.0,0,0.0,3,0.0
2993,Point,75,73,568150,135350,1,0,0.0,0,0,4,0.0,4,0.0,1,2.0,4,3.0,2,0.0,3,0.0
2994,Point,75,74,568250,135350,1,0,0.0,0,0,4,0.0,4,0.0,1,2.0,4,3.0,1,0.0,4,0.0
2995,Point,75,75,568350,135350,0,0,0.0,0,0,4,0.0,4,0.0,1,2.0,4,3.0,0,0.0,4,0.0
2996,Point,75,76,568450,135350,0,0,0.0,0,0,3,0.0,4,0.0,1,2.0,4,3.0,0,0.0,4,0.0
2997,Point,75,77,568550,135350,0,0,0.0,0,0,3,0.0,4,0.0,1,2.0,4,3.0,0,0.0,4,0.0
2998,Point,75,78,568650,135350,0,0,0.0,0,0,3,0.0,4,0.0,1,2.0,4,3.0,0,0.0,4,0.0
2999,Point,75,79,568750,135350,1,0,0.0,0,0,2,0.0,1,0.0,1,2.0,4,3.0,0,0.0,4,0.0
3000,Point,75,80,568850,135350,1,0,0.0,0,0,0,0.0,0,0.0,1,2.0,4,3.0,0,0.0,4,0.0
3001,Point,75,81,568950,135350,0,0,0.0,0,0,0,0.0,0,0.0,1,2.0,4,3.0,0,0.0,4,0.0
3002,Point,75,82,569050,135350,0,0,0.0,0,0,0,0.0,0,0.0,1,2.0,4,3.0,0,0.0,4,0.0
3003,Point,75,83,569150,135350,0,0,0.0,0,0,0,0.0,0,0.0,1,3.0,4,3.0,0,2.0,4,0.0
3004,Point,75,84,569250,135350,0,0,0.0,0,0,0,0.0,0,0.0,1,4.0,4,3.0,1,3.0,4,0.0
3005,Point,75,85,569350,135350,1,0,0.0,0,0,0,0.0,0,0.0,1,4.0,4,3.0,1,2.0,4,0.0
3006,Point,75,86,569450,135350,1,0,0.0,0,0,0,0.0,0,1.0,2,4.0,4,3.0,1,1.0,4,0.0
3007,Point,75,87,569550,135350,1,0,0.0,0,0,0,0.0,0,2.0,2,4.0,4,3.0,1,1.0,4,0.0
3008,Point,75,88,569650,135350,1,0,0.0,0,0,0,0.0,0,1.0,2,4.0,4,3.0,1,0.0,4,0.0
3009,Point,75,89,569750,135350,0,0,0.0,0,0,0,1.0,0,1.0,2,4.0,4,3.0,0,0.0,4,0.0
3010,Point,75,90,569850,135350,0,0,0.0,0,0,0,2.0,0,0.0,2,4.0,4,3.0,0,0.0,4,0.0
3011,Point,75,91,569950,135350,0,0,0.0,0,0,0,3.0,1,0.0,2,4.0,4,3.0,0,0.0,4,0.0
3012,Point,75,92,570050,135350,0,0,0.0,0,0,0,4.0,1,0.0,3,4.0,4,3.0,0,0.0,4,0.0
3013,Point,75,93,570150,135350,1,0,0.0,0,0,2,4.0,1,0.0,3,3.0,4,3.0,0,0.0,4,1.0
3014,Point,75,94,570250,135350,1,0,0.0,0,0,3,4.0,1,0.0,3,3.0,4,3.0,0,0.0,4,1.0
3015,Point,75,95,570350,135350,2,0,0.0,0,0,3,4.0,1,0.0,3,3.0,4,3.0,0,0.0,4,1.0
3016,Point,75,96,570450,135350,2,0,0.0,0,0,3,4.0,2,0.0,3,3.0,4,3.0,1,0.0,4,1.0
3017,Point,75,97,570550,135350,2,0,0.0,0,0,3,3.0,2,0.0,3,3.0,4,3.0,1,0.0,4,2.0
3018,Point,75,98,570650,135350,3,0,0.0,0,0,3,3.0,2,0.0,3,3.0,4,3.0,1,0.0,3,3.0
3019,Point,75,99,570750,135350,2,0,0.0,0,0,3,4.0,2,0.0,3,3.0,4,3.0,1,0.0,3,3.0
3020,Point,75,100,570850,135350,2,0,0.0,0,0,3,4.0,2,0.0,3,3.0,4,3.0,1,0.0,3,3.0
3021,Point,75,101,570950,135350,2,0,0.0,0,0,2,4.0,2,1.0,3,3.0,4,3.0,1,0.0,3,3.0
3022,Point,75,102,571050,135350,1,0,0.0,0,0,1,4.0,2,1.0,3,3.0,4,3.0,1,0.0,3,3.0
3023,Point,75,103,571150,135350,1,0,0.0,0,0,1,4.0,2,1.0,3,3.0,4,3.0,1,0.0,3,3.0
3024,Point,75,104,571250,135350,1,0,0.0,0,0,0,3.0,2,1.0,3,3.0,4,3.0,1,0.0,3,3.0
3025,Point,75,105,571350,135350,1,0,0.0,0,0,0,3.0,2,1.0,3,3.0,4,3.0,1,0.0,3,3.0
3026,Point,75,106,571450,135350,2,0,0.0,0,0,0,3.0,2,1.0,3,3.0,4,3.0,1,0.0,3,3.0
3027,Point,75,107,571550,135350,2,0,0.0,0,0,0,2.0,2,1.0,3,3.0,4,3.0,1,0.0,3,3.0
3028,Point,75,108,571650,135350,2,0,0.0,0,0,1,2.0,2,1.0,3,3.0,4,3.0,1,0.0,3,3.0
3029,Point,75,109,571750,135350,3,0,0.0,0,0,1,1.0,2,1.0,3,3.0,4,3.0,1,0.0,3,3.0
3030,Point,75,110,571850,135350,3,0,0.0,0,0,1,1.0,2,1.0,3,3.0,4,3.0,2,1.0,3,3.0
3031,Point,75,111,571950,135350,4,0,0.0,0,0,1,1.0,2,1.0,3,3.0,4,3.0,2,1.0,3,2.0
3032,Point,75,112,572050,135350,4,0,0.0,0,0,2,1.0,2,1.0,3,3.0,4,3.0,2,1.0,2,2.0
3033,Point,75,113,572150,135350,4,0,0.0,0,0,2,2.0,2,1.0,3,3.0,4,3.0,2,1.0,2,2.0
3034,Point,76,32,564050,135250,4,0,0.0,0,0,3,3.0,3,2.0,3,2.0,4,3.0,3,2.0,2,1.0
3035,Point,76,33,564150,135250,4,0,0.0,0,0,3,2.0,3,2.0,3,3.0,4,3.0,3,2.0,2,1.0
3036,Point,76,34,564250,135250,4,0,0.0,0,0,3,2.0,3,2.0,2,3.0,4,3.0,2,2.0,2,1.0
3037,Point,76,35,564350,135250,4,0,0.0,0,0,3,2.0,3,2.0,2,3.0,4,3.0,2,2.0,1,1.0
3038,Point,76,36,564450,135250,4,0,0.0,0,0,2,2.0,3,2.0,2,2.0,4,3.0,2,2.0,1,2.0
3039,Point,76,37,564550,135250,3,0,0.0,0,0,2,2.0,3,2.0,3,2.0,4,3.0,2,2.0,1,2.0
3040,Point,76,38,564650,135250,3,0,0.0,0,0,2,1.0,4,2.0,3,2.0,4,3.0,2,2.0,1,2.0
3041,Point,76,39,564750,135250,2,0,0.0,0,0,2,1.0,3,2.0,3,2.0,4,3.0,2,3.0,1,2.0
3042,Point,76,40,564850,135250,2,0,0.0,0,0,2,1.0,3,2.0,2,3.0,4,3.0,1,2.0,1,3.0
3043,Point,76,41,564950,135250,2,0,0.0,0,0,2,1.0,2,3.0,2,3.0,4,3.0,1,2.0,0,3.0
3044,Point,76,42,565050,135250,1,0,0.0,0,0,2,1.0,1,3.0,2,3.0,4,3.0,0,2.0,0,3.0
3045,Point,76,43,565150,135250,1,0,0.0,0,0,2,2.0,1,3.0,2,3.0,4,3.0,0,3.0,0,3.0
3046,Point,76,44,565250,135250,1,0,0.0,0,0,3,2.0,1,3.0,1,3.0,4,3.0,1,4.0,0,2.0
3047,Point,76,45,565350,135250,1,0,0.0,0,0,3,3.0,1,3.0,1,2.0,4,3.0,2,4.0,0,2.0
3048,Point,76,46,565450,135250,1,0,0.0,0,0,3,3.0,1,3.0,1,2.0,4,3.0,3,4.0,0,2.0
3049,Point,76,47,565550,135250,1,0,0.0,0,0,3,3.0,0,3.0,0,2.0,4,3.0,3,3.0,0,1.0
3050,Point,76,48,565650,135250,1,0,0.0,0,0,3,4.0,0,3.0,0,1.0,4,3.0,3,2.0,0,1.0
3051,Point,76,49,565750,135250,1,0,0.0,0,0,3,4.0,0,4.0,0,0.0,4,3.0,3,0.0,0,0.0
3052,Point,76,50,565850,135250,1,0,0.0,0,0,3,4.0,0,4.0,0,0.0,4,3.0,1,0.0,0,0.0
3053,Point,76,51,565950,135250,1,0,0.0,0,0,2,4.0,0,4.0,0,0.0,4,3.0,0,0.0,0,0.0
3054,Point,76,52,566050,135250,1,0,0.0,0,0,2,4.0,0,4.0,0,0.0,4,3.0,0,0.0,0,0.0
3055,Point,76,53,566150,135250,1,0,0.0,0,0,1,4.0,0,4.0,0,0.0,4,3.0,0,0.0,0,0.0
3056,Point,76,54,566250,135250,1,0,0.0,0,0,0,3.0,0,4.0,0,0.0,4,3.0,0,0.0,0,0.0
3057,Point,76,55,566350,135250,1,0,0.0,0,0,0,0.0,0,4.0,0,0.0,4,3.0,0,0.0,0,0.0
3058,Point,76,56,566450,135250,1,0,0.0,0,0,0,0.0,0,4.0,0,0.0,0,3.0,2,0.0,0,1.0
3059,Point,76,57,566550,135250,0,0,0.0,0,0,0,0.0,0,4.0,0,0.0,0,3.0,3,0.0,0,3.0
3060,Point,76,58,566650,135250,0,1,0.0,0,0,0,0.0,0,4.0,0,0.0,0,4.0,4,0.0,0,3.0
3061,Point,76,59,566750,135250,0,2,0.0,0,0,0,0.0,0,4.0,0,0.0,0,4.0,4,0.0,0,4.0
3062,Point,76,60,566850,135250,0,2,0.0,0,0,0,0.0,0,3.0,0,0.0,0,4.0,4,0.0,0,4.0
3063,Point,76,61,566950,135250,0,3,0.0,0,0,0,0.0,1,3.0,0,0.0,0,4.0,4,0.0,0,4.0
3064,Point,76,62,567050,135250,0,2,0.0,0,0,1,0.0,4,0.0,0,0.0,0,4.0,4,0.0,0,4.0
3065,Point,76,63,567150,135250,0,1,0.0,0,0,2,0.0,4,0.0,0,0.0,0,4.0,4,0.0,1,4.0
3066,Point,76,64,567250,135250,1,0,0.0,0,0,3,0.0,4,0.0,0,0.0,0,4.0,4,0.0,1,4.0
3067,Point,76,65,567350,135250,0,0,0.0,0,0,3,0.0,4,0.0,0,0.0,0,4.0,4,0.0,2,4.0
3068,Point,76,66,567450,135250,0,1,0.0,0,0,3,0.0,4,0.0,0,0.0,0,4.0,4,0.0,2,4.0
3069,Point,76,67,567550,135250,1,1,0.0,0,0,3,0.0,4,0.0,0,0.0,0,4.0,4,0.0,3,3.0
3070,Point,76,68,567650,135250,0,1,0.0,0,0,3,0.0,4,0.0,0,0.0,0,4.0,4,0.0,3,3.0
3071,Point,76,69,567750,135250,0,1,0.0,0,0,3,0.0,4,0.0,0,1.0,0,4.0,4,0.0,3,1.0
3072,Point,76,70,567850,135250,0,1,0.0,0,0,3,0.0,4,0.0,0,1.0,0,3.0,3,0.0,3,1.0
3073,Point,76,71,567950,135250,0,1,0.0,0,0,3,0.0,4,0.0,0,1.0,0,3.0,3,0.0,3,0.0
3074,Point,76,72,568050,135250,0,1,0.0,0,0,3,0.0,4,0.0,0,1.0,4,3.0,3,0.0,3,0.0
3075,Point,76,73,568150,135250,0,0,0.0,0,0,3,0.0,4,0.0,1,1.0,4,3.0,2,0.0,3,0.0
3076,Point,76,74,568250,135250,0,0,0.0,0,0,3,0.0,4,0.0,1,2.0,4,3.0,0,0.0,4,0.0
3077,Point,76,75,568350,135250,0,0,0.0,0,0,3,0.0,4,0.0,1,2.0,4,3.0,0,0.0,4,0.0
3078,Point,76,76,568450,135250,0,0,0.0,0,0,2,0.0,4,0.0,1,2.0,4,3.0,0,0.0,4,0.0
3079,Point,76,77,568550,135250,0,0,0.0,0,0,1,0.0,4,0.0,1,2.0,4,3.0,0,0.0,4,0.0
3080,Point,76,78,568650,135250,0,0,0.0,0,0,0,0.0,3,0.0,1,2.0,4,3.0,0,0.0,4,0.0
3081,Point,76,79,568750,135250,1,0,0.0,0,0,0,0.0,1,0.0,1,2.0,4,3.0,0,0.0,4,0.0
3082,Point,76,80,568850,135250,1,0,0.0,0,0,0,0.0,0,0.0,1,2.0,4,3.0,0,0.0,4,0.0
3083,Point,76,81,568950,135250,0,0,0.0,0,0,0,0.0,0,0.0,1,3.0,4,3.0,0,0.0,4,0.0
3084,Point,76,82,569050,135250,0,0,0.0,0,0,0,0.0,0,0.0,1,3.0,4,3.0,0,0.0,4,0.0
3085,Point,76,83,569150,135250,0,0,0.0,0,0,0,0.0,0,0.0,1,3.0,4,3.0,0,1.0,4,0.0
3086,Point,76,84,569250,135250,0,0,0.0,0,0,0,0.0,0,0.0,1,3.0,4,3.0,1,3.0,4,0.0
3087,Point,76,85,569350,135250,1,0,0.0,0,0,0,0.0,0,2.0,2,4.0,4,3.0,1,3.0,4,0.0
3088,Point,76,86,569450,135250,1,0,0.0,0,0,0,0.0,0,2.0,2,4.0,4,3.0,1,2.0,4,0.0
3089,Point,76,87,569550,135250,1,0,0.0,0,0,0,0.0,0,1.0,2,4.0,4,3.0,0,1.0,4,0.0
3090,Point,76,88,569650,135250,1,0,0.0,0,0,0,1.0,0,1.0,2,4.0,4,3.0,0,0.0,4,0.0
3091,Point,76,89,569750,135250,0,0,0.0,0,0,0,1.0,0,0.0,2,4.0,4,3.0,0,0.0,4,0.0
3092,Point,76,90,569850,135250,0,0,0.0,0,0,0,3.0,1,0.0,2,4.0,4,3.0,0,0.0,4,0.0
3093,Point,76,91,569950,135250,0,0,0.0,0,0,0,3.0,1,0.0,3,3.0,4,3.0,0,0.0,4,0.0
3094,Point,76,92,570050,135250,0,0,0.0,0,0,0,4.0,1,0.0,3,3.0,4,3.0,0,0.0,4,0.0
3095,Point,76,93,570150,135250,1,0,0.0,0,0,2,4.0,1,0.0,3,3.0,4,3.0,0,0.0,4,0.0
3096,Point,76,94,570250,135250,1,0,0.0,0,0,3,4.0,1,0.0,3,3.0,4,3.0,0,0.0,4,0.0
3097,Point,76,95,570350,135250,1,0,0.0,0,0,3,4.0,1,0.0,3,3.0,4,3.0,0,0.0,4,1.0
3098,Point,76,96,570450,135250,2,0,0.0,0,0,3,4.0,2,0.0,3,3.0,4,3.0,0,0.0,4,1.0
3099,Point,76,97,570550,135250,2,0,0.0,0,0,3,3.0,2,0.0,3,3.0,4,3.0,1,0.0,4,1.0
3100,Point,76,98,570650,135250,2,0,0.0,0,0,3,4.0,2,0.0,3,3.0,4,3.0,1,0.0,3,2.0
3101,Point,76,99,570750,135250,2,0,0.0,0,0,3,4.0,2,0.0,3,3.0,4,3.0,1,0.0,3,2.0
3102,Point,76,100,570850,135250,2,0,0.0,0,0,3,4.0,2,0.0,3,3.0,4,3.0,1,0.0,3,3.0
3103,Point,76,101,570950,135250,1,0,0.0,0,0,2,4.0,2,1.0,3,3.0,4,3.0,1,0.0,3,3.0
3104,Point,76,102,571050,135250,1,0,0.0,0,0,1,4.0,2,1.0,3,3.0,4,3.0,0,0.0,3,3.0
3105,Point,76,103,571150,135250,1,0,0.0,0,0,1,4.0,2,1.0,3,3.0,4,3.0,0,0.0,3,3.0
3106,Point,76,104,571250,135250,1,0,0.0,0,0,0,3.0,2,1.0,3,3.0,4,3.0,0,0.0,3,3.0
3107,Point,76,105,571350,135250,1,0,0.0,0,0,0,3.0,2,1.0,3,3.0,4,3.0,0,0.0,3,3.0
3108,Point,76,106,571450,135250,1,0,0.0,0,0,0,3.0,2,1.0,3,3.0,4,3.0,1,0.0,3,3.0
3109,Point,76,107,571550,135250,2,0,0.0,0,0,0,2.0,2,1.0,3,3.0,4,3.0,1,0.0,3,3.0
3110,Point,76,108,571650,135250,2,0,0.0,0,0,1,2.0,2,1.0,3,3.0,4,3.0,1,0.0,3,3.0
3111,Point,76,109,571750,135250,2,0,0.0,0,0,1,1.0,2,1.0,3,3.0,4,3.0,1,0.0,3,3.0
3112,Point,76,110,571850,135250,3,0,0.0,0,0,1,1.0,2,1.0,3,3.0,4,3.0,2,0.0,3,2.0
3113,Point,76,111,571950,135250,3,0,0.0,0,0,1,1.0,2,1.0,3,3.0,4,3.0,2,1.0,3,2.0
3114,Point,76,112,572050,135250,4,0,0.0,0,0,2,2.0,2,1.0,3,3.0,4,3.0,2,1.0,2,2.0
3115,Point,76,113,572150,135250,4,0,0.0,0,0,2,2.0,2,1.0,3,3.0,4,3.0,2,1.0,2,2.0
3116,Point,77,32,564050,135150,4,0,0.0,0,0,3,3.0,3,2.0,3,2.0,4,3.0,3,2.0,2,1.0
3117,Point,77,33,564150,135150,4,0,0.0,0,0,3,2.0,3,2.0,3,3.0,4,3.0,3,2.0,2,1.0
3118,Point,77,34,564250,135150,4,0,0.0,0,0,3,2.0,3,2.0,2,3.0,4,3.0,2,2.0,1,1.0
3119,Point,77,35,564350,135150,4,0,0.0,0,0,3,2.0,3,2.0,2,3.0,4,3.0,2,2.0,1,1.0
3120,Point,77,36,564450,135150,4,0,0.0,0,0,2,2.0,3,2.0,2,2.0,4,3.0,2,2.0,1,1.0
3121,Point,77,37,564550,135150,3,0,0.0,0,0,2,2.0,4,2.0,3,2.0,4,3.0,2,2.0,1,2.0
3122,Point,77,38,564650,135150,3,0,0.0,0,0,2,1.0,4,2.0,3,2.0,4,3.0,2,3.0,1,2.0
3123,Point,77,39,564750,135150,2,0,0.0,0,0,2,1.0,3,2.0,3,2.0,4,3.0,1,3.0,1,2.0
3124,Point,77,40,564850,135150,2,0,0.0,0,0,2,1.0,3,2.0,2,2.0,4,3.0,1,2.0,1,2.0
3125,Point,77,41,564950,135150,1,0,0.0,0,0,2,1.0,2,3.0,2,3.0,4,3.0,0,2.0,0,3.0
3126,Point,77,42,565050,135150,1,0,0.0,0,0,2,1.0,1,3.0,2,3.0,4,3.0,0,2.0,0,3.0
3127,Point,77,43,565150,135150,0,0,0.0,0,0,2,2.0,1,3.0,2,3.0,4,3.0,0,2.0,0,2.0
3128,Point,77,44,565250,135150,0,0,0.0,0,0,2,2.0,1,3.0,1,3.0,4,3.0,0,3.0,0,2.0
3129,Point,77,45,565350,135150,0,0,0.0,0,0,3,3.0,1,3.0,1,3.0,4,3.0,1,4.0,0,2.0
3130,Point,77,46,565450,135150,0,0,0.0,0,0,3,3.0,0,3.0,1,3.0,4,3.0,3,4.0,0,2.0
3131,Point,77,47,565550,135150,1,0,0.0,0,0,3,3.0,0,3.0,0,2.0,4,3.0,3,3.0,0,1.0
3132,Point,77,48,565650,135150,1,0,0.0,0,0,3,4.0,0,3.0,0,0.0,4,3.0,3,1.0,0,1.0
3133,Point,77,49,565750,135150,1,0,0.0,0,0,3,4.0,0,4.0,0,0.0,4,3.0,3,0.0,0,0.0
3134,Point,77,50,565850,135150,1,0,0.0,0,0,2,4.0,0,4.0,0,0.0,4,3.0,1,0.0,0,0.0
3135,Point,77,51,565950,135150,1,0,0.0,0,0,2,4.0,0,4.0,0,0.0,4,3.0,0,0.0,0,0.0
3136,Point,77,52,566050,135150,0,0,0.0,0,0,1,4.0,0,4.0,0,0.0,4,3.0,0,0.0,0,0.0
3137,Point,77,53,566150,135150,0,0,0.0,0,0,0,4.0,0,4.0,0,0.0,4,3.0,0,0.0,0,0.0
3138,Point,77,54,566250,135150,0,0,0.0,0,0,0,4.0,0,4.0,0,0.0,4,3.0,0,0.0,0,0.0
3139,Point,77,55,566350,135150,0,0,0.0,0,0,0,0.0,0,4.0,0,0.0,4,3.0,0,0.0,0,0.0
3140,Point,77,56,566450,135150,0,0,0.0,0,0,0,0.0,0,4.0,0,0.0,0,3.0,3,0.0,0,1.0
3141,Point,77,57,566550,135150,0,0,0.0,0,0,0,0.0,0,4.0,0,0.0,0,3.0,3,0.0,0,3.0
3142,Point,77,58,566650,135150,0,0,0.0,0,0,0,0.0,0,4.0,0,0.0,0,3.0,4,0.0,0,3.0
3143,Point,77,59,566750,135150,0,1,0.0,0,0,0,0.0,0,4.0,0,0.0,0,4.0,4,0.0,0,4.0
3144,Point,77,60,566850,135150,0,2,0.0,0,0,0,0.0,0,3.0,0,0.0,0,4.0,4,0.0,0,4.0
3145,Point,77,61,566950,135150,0,2,0.0,0,0,0,0.0,1,3.0,0,0.0,0,4.0,4,0.0,0,4.0
3146,Point,77,62,567050,135150,0,1,0.0,0,0,0,0.0,4,0.0,0,0.0,0,4.0,4,0.0,0,4.0
3147,Point,77,63,567150,135150,0,1,0.0,0,0,0,0.0,4,0.0,0,0.0,0,4.0,4,0.0,1,4.0
3148,Point,77,64,567250,135150,0,0,0.0,0,0,1,0.0,4,0.0,0,0.0,0,4.0,4,0.0,1,4.0
3149,Point,77,65,567350,135150,0,1,0.0,0,0,2,0.0,4,0.0,0,0.0,0,4.0,4,0.0,2,4.0
3150,Point,77,66,567450,135150,0,2,0.0,0,0,2,0.0,4,0.0,0,0.0,0,4.0,4,0.0,3,3.0
3151,Point,77,67,567550,135150,0,2,0.0,0,0,3,0.0,4,0.0,0,0.0,0,4.0,4,0.0,3,3.0
3152,Point,77,68,567650,135150,0,2,0.0,0,0,3,0.0,4,0.0,0,0.0,0,4.0,4,0.0,3,3.0
3153,Point,77,69,567750,135150,0,2,0.0,0,0,3,0.0,4,0.0,0,0.0,0,3.0,4,0.0,3,1.0
3154,Point,77,70,567850,135150,0,2,0.0,0,0,2,0.0,4,0.0,0,1.0,0,3.0,4,0.0,3,1.0
3155,Point,77,71,567950,135150,0,2,0.0,0,0,1,0.0,4,0.0,0,1.0,4,3.0,3,0.0,3,0.0
3156,Point,77,72,568050,135150,0,1,0.0,0,0,1,0.0,4,0.0,0,1.0,4,3.0,3,0.0,3,0.0
3157,Point,77,73,568150,135150,0,1,0.0,0,0,2,0.0,4,0.0,0,1.0,4,3.0,1,0.0,3,0.0
3158,Point,77,74,568250,135150,0,0,0.0,0,0,2,0.0,4,0.0,1,2.0,4,3.0,0,0.0,4,0.0
3159,Point,77,75,568350,135150,0,0,0.0,0,0,1,0.0,4,0.0,1,2.0,4,3.0,0,0.0,4,0.0
3160,Point,77,76,568450,135150,0,0,0.0,0,0,0,0.0,4,0.0,1,2.0,4,3.0,0,0.0,4,0.0
3161,Point,77,77,568550,135150,0,0,0.0,0,0,0,0.0,4,0.0,1,2.0,4,3.0,0,0.0,4,0.0
3162,Point,77,78,568650,135150,0,0,0.0,0,0,0,0.0,3,0.0,1,3.0,4,3.0,0,0.0,4,0.0
3163,Point,77,79,568750,135150,1,0,0.0,0,0,0,0.0,1,0.0,1,3.0,4,3.0,0,0.0,4,0.0
3164,Point,77,80,568850,135150,1,0,0.0,0,0,0,0.0,0,0.0,1,3.0,4,3.0,0,0.0,4,0.0
3165,Point,77,81,568950,135150,1,0,0.0,0,0,0,0.0,0,0.0,1,3.0,4,3.0,0,0.0,4,0.0
3166,Point,77,82,569050,135150,0,0,0.0,0,0,0,0.0,0,0.0,1,3.0,4,3.0,0,0.0,4,0.0
3167,Point,77,83,569150,135150,0,0,0.0,0,0,0,0.0,0,1.0,1,3.0,4,3.0,0,0.0,4,0.0
3168,Point,77,84,569250,135150,1,0,0.0,0,0,0,0.0,0,2.0,1,3.0,4,3.0,1,2.0,4,0.0
3169,Point,77,85,569350,135150,1,0,0.0,0,0,0,0.0,0,2.0,2,4.0,4,3.0,1,2.0,4,0.0
3170,Point,77,86,569450,135150,1,0,0.0,0,0,0,0.0,0,1.0,2,4.0,4,3.0,0,2.0,4,0.0
3171,Point,77,87,569550,135150,0,0,0.0,0,0,0,1.0,0,1.0,2,4.0,4,3.0,0,1.0,4,0.0
3172,Point,77,88,569650,135150,1,0,0.0,0,0,0,1.0,0,0.0,2,4.0,4,3.0,0,1.0,4,0.0
3173,Point,77,89,569750,135150,1,0,0.0,0,0,0,3.0,0,0.0,2,4.0,4,3.0,0,0.0,4,0.0
3174,Point,77,90,569850,135150,0,0,0.0,0,0,0,3.0,1,0.0,2,3.0,4,3.0,0,0.0,4,0.0
3175,Point,77,91,569950,135150,0,0,0.0,0,0,0,4.0,1,0.0,3,3.0,4,3.0,0,0.0,4,0.0
3176,Point,77,92,570050,135150,0,0,0.0,0,0,0,4.0,1,0.0,3,3.0,4,3.0,0,0.0,4,0.0
3177,Point,77,93,570150,135150,0,0,0.0,0,0,2,4.0,1,0.0,3,3.0,4,3.0,0,0.0,4,0.0
3178,Point,77,94,570250,135150,0,0,0.0,0,0,3,4.0,1,0.0,3,3.0,4,3.0,0,0.0,4,0.0
3179,Point,77,95,570350,135150,1,0,0.0,0,0,3,4.0,2,0.0,3,3.0,4,3.0,0,0.0,4,0.0
3180,Point,77,96,570450,135150,1,0,0.0,0,0,3,4.0,2,0.0,3,2.0,4,3.0,0,0.0,4,1.0
3181,Point,77,97,570550,135150,2,0,0.0,0,0,3,4.0,2,0.0,3,2.0,4,3.0,0,0.0,4,1.0
3182,Point,77,98,570650,135150,2,0,0.0,0,0,3,4.0,2,0.0,3,2.0,4,3.0,1,0.0,4,2.0
3183,Point,77,99,570750,135150,2,0,0.0,0,0,3,4.0,2,0.0,3,2.0,4,3.0,1,0.0,3,2.0
3184,Point,77,100,570850,135150,1,0,0.0,0,0,2,4.0,2,0.0,3,2.0,4,3.0,0,0.0,3,3.0
3185,Point,77,101,570950,135150,1,0,0.0,0,0,2,4.0,2,1.0,3,2.0,4,3.0,0,0.0,3,3.0
3186,Point,77,102,571050,135150,1,0,0.0,0,0,1,4.0,2,1.0,3,3.0,4,3.0,0,0.0,3,3.0
3187,Point,77,103,571150,135150,0,0,0.0,0,0,0,4.0,2,1.0,3,3.0,4,3.0,0,0.0,3,3.0
3188,Point,77,104,571250,135150,0,0,0.0,0,0,0,3.0,2,1.0,3,3.0,4,3.0,0,0.0,3,3.0
3189,Point,77,105,571350,135150,1,0,0.0,0,0,0,3.0,2,1.0,3,3.0,4,3.0,0,0.0,3,3.0
3190,Point,77,106,571450,135150,1,0,0.0,0,0,0,3.0,2,1.0,2,3.0,4,3.0,0,0.0,3,3.0
3191,Point,77,107,571550,135150,1,0,0.0,0,0,0,3.0,2,1.0,2,3.0,4,3.0,0,0.0,3,3.0
3192,Point,77,108,571650,135150,2,0,0.0,0,0,0,2.0,2,1.0,2,3.0,4,3.0,1,0.0,3,3.0
3193,Point,77,109,571750,135150,2,0,0.0,0,0,1,2.0,2,1.0,3,3.0,4,3.0,1,0.0,3,3.0
3194,Point,77,110,571850,135150,3,0,0.0,0,0,1,2.0,2,1.0,3,3.0,4,3.0,1,0.0,3,2.0
3195,Point,77,111,571950,135150,3,0,0.0,0,0,1,2.0,2,1.0,3,3.0,4,3.0,2,1.0,3,2.0
3196,Point,77,112,572050,135150,4,0,0.0,0,0,2,2.0,2,1.0,3,3.0,4,3.0,2,1.0,2,2.0
3197,Point,77,113,572150,135150,4,0,0.0,0,0,2,2.0,2,1.0,3,3.0,4,3.0,2,1.0,2,2.0
3198,Point,78,32,564050,135050,4,0,0.0,0,0,3,3.0,3,2.0,3,2.0,4,3.0,3,2.0,2,1.0
3199,Point,78,33,564150,135050,4,0,0.0,0,0,3,2.0,3,2.0,2,3.0,4,3.0,3,2.0,2,1.0
3200,Point,78,34,564250,135050,4,0,0.0,0,0,3,2.0,3,2.0,2,3.0,4,3.0,2,2.0,1,1.0
3201,Point,78,35,564350,135050,4,0,0.0,0,0,3,2.0,3,2.0,2,3.0,4,3.0,2,2.0,1,1.0
3202,Point,78,36,564450,135050,4,0,0.0,0,0,2,2.0,3,2.0,2,2.0,4,3.0,2,2.0,1,1.0
3203,Point,78,37,564550,135050,3,0,0.0,0,0,2,2.0,4,2.0,3,2.0,4,3.0,2,3.0,1,1.0
3204,Point,78,38,564650,135050,3,0,0.0,0,0,2,1.0,4,2.0,3,2.0,4,3.0,2,3.0,1,2.0
3205,Point,78,39,564750,135050,2,0,0.0,0,0,2,1.0,3,2.0,2,2.0,4,3.0,1,3.0,1,2.0
3206,Point,78,40,564850,135050,2,0,0.0,0,0,2,1.0,3,2.0,2,2.0,4,3.0,1,2.0,1,2.0
3207,Point,78,41,564950,135050,1,0,0.0,0,0,2,1.0,2,3.0,2,3.0,4,3.0,0,2.0,1,2.0
3208,Point,78,42,565050,135050,1,0,0.0,0,0,2,1.0,1,3.0,2,3.0,4,3.0,0,1.0,0,2.0
3209,Point,78,43,565150,135050,0,0,0.0,0,0,2,1.0,1,3.0,2,4.0,4,3.0,0,1.0,0,2.0
3210,Point,78,44,565250,135050,0,0,0.0,0,0,2,2.0,1,3.0,2,4.0,4,3.0,0,1.0,0,2.0
3211,Point,78,45,565350,135050,0,0,0.0,0,0,2,2.0,1,3.0,1,4.0,4,3.0,0,3.0,0,2.0
3212,Point,78,46,565450,135050,0,0,0.0,0,0,3,3.0,0,3.0,1,4.0,4,3.0,1,3.0,0,2.0
3213,Point,78,47,565550,135050,1,0,0.0,0,0,3,3.0,0,3.0,0,2.0,4,3.0,0,1.0,0,1.0
3214,Point,78,48,565650,135050,1,0,0.0,0,0,2,4.0,0,4.0,0,1.0,4,3.0,1,0.0,0,1.0
3215,Point,78,49,565750,135050,1,0,0.0,0,0,2,4.0,0,4.0,0,0.0,4,3.0,2,0.0,0,1.0
3216,Point,78,50,565850,135050,1,0,0.0,0,0,2,4.0,0,4.0,0,0.0,4,3.0,3,1.0,0,0.0
3217,Point,78,51,565950,135050,0,0,0.0,0,0,1,4.0,0,4.0,0,0.0,4,3.0,1,1.0,0,0.0
3218,Point,78,52,566050,135050,0,0,0.0,0,0,0,4.0,0,4.0,0,0.0,4,3.0,0,0.0,0,0.0
3219,Point,78,53,566150,135050,0,0,0.0,0,0,0,4.0,0,4.0,0,0.0,4,3.0,0,0.0,0,0.0
3220,Point,78,54,566250,135050,0,0,0.0,0,0,0,3.0,0,4.0,0,0.0,4,3.0,0,0.0,0,0.0
3221,Point,78,55,566350,135050,0,0,0.0,0,0,0,0.0,0,4.0,0,0.0,4,3.0,0,0.0,0,1.0
3222,Point,78,56,566450,135050,0,0,0.0,0,0,0,0.0,0,4.0,0,0.0,4,3.0,2,0.0,0,2.0
3223,Point,78,57,566550,135050,0,0,0.0,0,0,0,0.0,0,4.0,0,0.0,4,3.0,3,0.0,0,3.0
3224,Point,78,58,566650,135050,0,0,0.0,0,0,0,0.0,0,4.0,0,0.0,0,3.0,4,0.0,0,3.0
3225,Point,78,59,566750,135050,0,0,0.0,0,0,0,0.0,0,4.0,0,0.0,0,3.0,4,0.0,0,4.0
3226,Point,78,60,566850,135050,0,1,0.0,0,0,0,0.0,1,3.0,0,0.0,0,3.0,4,0.0,0,4.0
3227,Point,78,61,566950,135050,0,1,0.0,0,0,0,0.0,3,3.0,0,0.0,0,4.0,4,0.0,0,4.0
3228,Point,78,62,567050,135050,0,0,0.0,0,0,0,0.0,4,0.0,0,0.0,0,4.0,4,0.0,1,4.0
3229,Point,78,63,567150,135050,0,0,0.0,0,0,0,0.0,4,0.0,0,0.0,0,4.0,3,0.0,1,4.0
3230,Point,78,64,567250,135050,0,1,0.0,0,0,0,0.0,4,0.0,0,0.0,0,4.0,3,0.0,2,4.0
3231,Point,78,65,567350,135050,0,2,0.0,0,0,0,0.0,4,0.0,0,0.0,0,4.0,3,0.0,2,4.0
3232,Point,78,66,567450,135050,0,3,0.0,0,0,0,0.0,4,0.0,0,0.0,0,4.0,4,0.0,3,3.0
3233,Point,78,67,567550,135050,0,3,0.0,0,0,1,0.0,4,0.0,0,0.0,0,3.0,4,0.0,3,3.0
3234,Point,78,68,567650,135050,0,4,0.0,0,0,1,0.0,4,0.0,0,0.0,0,3.0,4,0.0,3,2.0
3235,Point,78,69,567750,135050,0,3,0.0,0,0,1,0.0,4,0.0,0,0.0,0,3.0,4,0.0,3,1.0
3236,Point,78,70,567850,135050,0,3,0.0,0,0,0,0.0,4,0.0,0,0.0,4,3.0,4,0.0,3,1.0
3237,Point,78,71,567950,135050,0,3,0.0,0,0,0,0.0,4,0.0,0,1.0,4,3.0,3,0.0,3,0.0
3238,Point,78,72,568050,135050,0,2,0.0,0,0,0,0.0,4,0.0,0,1.0,4,3.0,2,0.0,3,0.0
3239,Point,78,73,568150,135050,0,1,0.0,0,0,0,0.0,4,0.0,0,1.0,4,3.0,1,0.0,3,0.0
3240,Point,78,74,568250,135050,0,0,0.0,0,0,0,0.0,4,0.0,1,2.0,4,3.0,0,0.0,4,0.0
3241,Point,78,75,568350,135050,0,0,0.0,0,0,0,0.0,4,0.0,1,2.0,4,3.0,0,0.0,4,0.0
3242,Point,78,76,568450,135050,0,0,0.0,0,0,0,0.0,4,0.0,1,2.0,4,3.0,0,0.0,4,0.0
3243,Point,78,77,568550,135050,0,0,0.0,0,0,0,0.0,4,0.0,1,3.0,4,3.0,0,0.0,4,0.0
3244,Point,78,78,568650,135050,0,0,0.0,0,0,0,0.0,3,0.0,1,3.0,4,3.0,0,0.0,4,0.0
3245,Point,78,79,568750,135050,1,0,0.0,0,0,0,0.0,1,0.0,1,3.0,4,3.0,0,0.0,4,0.0
3246,Point,78,80,568850,135050,1,0,0.0,0,0,0,0.0,0,0.0,1,3.0,4,3.0,0,0.0,4,0.0
3247,Point,78,81,568950,135050,1,0,0.0,0,0,0,0.0,0,0.0,1,3.0,4,3.0,0,0.0,4,0.0
3248,Point,78,82,569050,135050,1,0,0.0,0,0,0,0.0,0,1.0,1,3.0,4,3.0,0,0.0,4,0.0
3249,Point,78,83,569150,135050,1,0,0.0,0,0,0,0.0,0,2.0,1,3.0,4,3.0,0,0.0,4,0.0
3250,Point,78,84,569250,135050,1,0,0.0,0,0,0,0.0,0,1.0,2,3.0,4,3.0,0,1.0,4,0.0
3251,Point,78,85,569350,135050,0,0,0.0,0,0,0,0.0,0,1.0,2,4.0,4,3.0,0,2.0,4,0.0
3252,Point,78,86,569450,135050,0,0,0.0,0,0,0,1.0,0,0.0,2,4.0,4,3.0,0,2.0,4,0.0
3253,Point,78,87,569550,135050,0,0,0.0,0,0,0,1.0,0,0.0,2,4.0,4,3.0,0,1.0,4,0.0
3254,Point,78,88,569650,135050,0,0,0.0,0,0,0,2.0,0,0.0,2,4.0,4,3.0,0,1.0,4,0.0
3255,Point,78,89,569750,135050,1,0,0.0,0,0,0,3.0,1,0.0,2,3.0,4,3.0,0,0.0,4,0.0
3256,Point,78,90,569850,135050,1,0,0.0,0,0,0,4.0,1,0.0,3,3.0,4,3.0,0,0.0,4,0.0
3257,Point,78,91,569950,135050,0,0,0.0,0,0,0,4.0,1,0.0,3,3.0,4,3.0,0,0.0,4,0.0
3258,Point,78,92,570050,135050,0,0,0.0,0,0,0,4.0,1,0.0,3,3.0,4,3.0,0,0.0,4,0.0
3259,Point,78,93,570150,135050,0,0,0.0,0,0,1,4.0,1,0.0,3,3.0,4,3.0,0,0.0,4,0.0
3260,Point,78,94,570250,135050,0,0,0.0,0,0,3,4.0,1,0.0,3,3.0,4,3.0,0,0.0,4,0.0
3261,Point,78,95,570350,135050,1,0,0.0,0,0,3,4.0,2,0.0,3,3.0,4,3.0,0,0.0,4,0.0
3262,Point,78,96,570450,135050,1,0,0.0,0,0,3,4.0,2,0.0,3,3.0,4,3.0,0,0.0,4,1.0
3263,Point,78,97,570550,135050,2,0,0.0,0,0,3,4.0,2,0.0,3,3.0,4,3.0,0,0.0,4,1.0
3264,Point,78,98,570650,135050,2,0,0.0,0,0,3,4.0,2,0.0,3,3.0,4,3.0,0,0.0,4,1.0
3265,Point,78,99,570750,135050,2,0,0.0,0,0,3,4.0,2,0.0,3,3.0,4,3.0,0,0.0,3,2.0
3266,Point,78,100,570850,135050,1,0,0.0,0,0,2,4.0,2,0.0,3,3.0,4,3.0,0,0.0,3,2.0
3267,Point,78,101,570950,135050,1,0,0.0,0,0,1,4.0,2,1.0,3,3.0,4,3.0,0,0.0,3,3.0
3268,Point,78,102,571050,135050,0,0,0.0,0,0,1,4.0,2,1.0,2,2.0,4,3.0,0,0.0,3,3.0
3269,Point,78,103,571150,135050,0,0,0.0,0,0,0,4.0,2,1.0,2,2.0,4,3.0,0,0.0,3,3.0
3270,Point,78,104,571250,135050,0,0,0.0,0,0,0,3.0,2,1.0,2,2.0,4,3.0,0,0.0,3,3.0
3271,Point,78,105,571350,135050,0,0,0.0,0,0,0,3.0,2,1.0,2,3.0,4,3.0,0,0.0,3,3.0
3272,Point,78,106,571450,135050,1,0,0.0,0,0,0,3.0,2,1.0,2,3.0,4,3.0,0,0.0,3,3.0
3273,Point,78,107,571550,135050,1,0,0.0,0,0,0,3.0,2,1.0,2,3.0,4,3.0,0,0.0,3,3.0
3274,Point,78,108,571650,135050,2,0,0.0,0,0,0,2.0,2,1.0,2,3.0,4,3.0,0,0.0,3,3.0
3275,Point,78,109,571750,135050,2,0,0.0,0,0,1,2.0,2,1.0,2,3.0,4,3.0,1,0.0,3,2.0
3276,Point,78,110,571850,135050,3,0,0.0,0,0,1,2.0,2,1.0,2,3.0,4,3.0,1,0.0,3,2.0
3277,Point,78,111,571950,135050,3,0,0.0,0,0,1,2.0,2,1.0,2,4.0,4,3.0,1,0.0,3,2.0
3278,Point,78,112,572050,135050,4,0,0.0,0,0,2,2.0,2,1.0,2,4.0,4,3.0,2,1.0,2,2.0
3279,Point,78,113,572150,135050,4,0,0.0,0,0,2,2.0,2,1.0,3,4.0,4,3.0,2,1.0,2,2.0
3280,Point,79,32,564050,134950,4,0,0.0,0,0,3,3.0,3,2.0,3,2.0,4,3.0,3,2.0,2,1.0
3281,Point,79,33,564150,134950,4,0,0.0,0,0,3,2.0,3,2.0,3,3.0,4,3.0,3,2.0,2,1.0
3282,Point,79,34,564250,134950,4,0,0.0,0,0,3,2.0,3,2.0,2,3.0,4,3.0,2,2.0,1,1.0
3283,Point,79,35,564350,134950,4,0,0.0,0,0,3,2.0,3,2.0,2,3.0,4,3.0,2,2.0,1,1.0
3284,Point,79,36,564450,134950,4,0,0.0,0,0,2,2.0,3,2.0,2,2.0,4,3.0,2,2.0,1,1.0
3285,Point,79,37,564550,134950,3,0,0.0,0,0,2,2.0,4,2.0,3,2.0,4,3.0,2,3.0,1,1.0
3286,Point,79,38,564650,134950,3,0,0.0,0,0,2,1.0,4,2.0,3,2.0,4,3.0,2,3.0,1,1.0
3287,Point,79,39,564750,134950,2,0,0.0,0,0,2,1.0,3,2.0,2,2.0,4,3.0,1,3.0,1,2.0
3288,Point,79,40,564850,134950,2,0,0.0,0,0,2,1.0,3,2.0,2,2.0,4,3.0,1,3.0,1,2.0
3289,Point,79,41,564950,134950,1,0,0.0,0,0,2,1.0,2,3.0,2,3.0,4,3.0,0,2.0,1,2.0
3290,Point,79,42,565050,134950,1,0,0.0,0,0,2,1.0,1,3.0,2,4.0,4,3.0,0,1.0,0,2.0
3291,Point,79,43,565150,134950,0,0,0.0,0,0,1,1.0,1,3.0,2,4.0,4,3.0,0,1.0,0,2.0
3292,Point,79,44,565250,134950,0,0,0.0,0,0,2,1.0,1,3.0,2,4.0,4,3.0,0,1.0,0,2.0
3293,Point,79,45,565350,134950,0,0,0.0,0,0,2,2.0,1,3.0,2,4.0,4,3.0,0,1.0,0,2.0
3294,Point,79,46,565450,134950,0,0,0.0,0,0,2,3.0,0,3.0,1,4.0,4,3.0,0,1.0,0,2.0
3295,Point,79,47,565550,134950,1,0,0.0,0,0,2,3.0,0,3.0,0,2.0,4,3.0,0,1.0,0,2.0
3296,Point,79,48,565650,134950,1,0,0.0,0,0,2,3.0,0,4.0,0,1.0,4,3.0,1,0.0,0,1.0
3297,Point,79,49,565750,134950,1,0,0.0,0,0,2,4.0,0,4.0,0,1.0,4,3.0,2,0.0,0,1.0
3298,Point,79,50,565850,134950,1,0,0.0,0,0,1,4.0,0,4.0,0,1.0,4,3.0,3,1.0,0,1.0
3299,Point,79,51,565950,134950,0,0,0.0,0,0,1,4.0,0,4.0,0,1.0,4,3.0,3,3.0,0,0.0
3300,Point,79,52,566050,134950,0,0,0.0,0,0,0,4.0,0,4.0,0,0.0,4,3.0,3,4.0,0,0.0
3301,Point,79,53,566150,134950,0,0,0.0,0,0,0,4.0,0,4.0,0,0.0,4,3.0,1,4.0,0,0.0
3302,Point,79,54,566250,134950,0,0,0.0,0,0,0,1.0,0,4.0,0,0.0,4,3.0,0,3.0,0,0.0
3303,Point,79,55,566350,134950,0,0,0.0,0,0,0,0.0,0,4.0,0,0.0,4,3.0,1,1.0,0,1.0
3304,Point,79,56,566450,134950,0,0,0.0,0,0,0,0.0,0,4.0,0,1.0,4,3.0,3,0.0,0,2.0
3305,Point,79,57,566550,134950,0,0,0.0,0,0,0,0.0,0,4.0,0,1.0,4,3.0,3,0.0,0,3.0
3306,Point,79,58,566650,134950,0,0,0.0,0,0,0,0.0,0,4.0,0,2.0,4,3.0,3,0.0,0,3.0
3307,Point,79,59,566750,134950,0,0,0.0,0,0,0,0.0,0,4.0,0,2.0,0,3.0,3,0.0,0,4.0
3308,Point,79,60,566850,134950,0,0,0.0,0,0,0,0.0,1,3.0,0,2.0,0,3.0,4,0.0,0,4.0
3309,Point,79,61,566950,134950,0,0,0.0,0,0,0,0.0,3,3.0,0,1.0,0,3.0,4,0.0,0,4.0
3310,Point,79,62,567050,134950,0,0,0.0,0,0,0,0.0,4,1.0,0,0.0,0,3.0,3,0.0,1,4.0
3311,Point,79,63,567150,134950,0,0,0.0,0,0,0,0.0,4,0.0,0,0.0,0,3.0,3,0.0,1,4.0
3312,Point,79,64,567250,134950,0,1,0.0,0,0,0,0.0,4,0.0,0,0.0,0,3.0,3,0.0,2,4.0
3313,Point,79,65,567350,134950,0,2,0.0,0,0,0,0.0,4,0.0,0,0.0,0,3.0,3,0.0,2,4.0
3314,Point,79,66,567450,134950,0,3,0.0,0,0,0,0.0,4,0.0,0,0.0,0,3.0,4,0.0,3,3.0
3315,Point,79,67,567550,134950,0,3,0.0,0,0,0,0.0,4,0.0,0,0.0,0,3.0,4,0.0,3,3.0
3316,Point,79,68,567650,134950,0,3,0.0,0,0,0,0.0,4,0.0,0,0.0,4,3.0,4,0.0,3,2.0
3317,Point,79,69,567750,134950,0,3,0.0,0,0,0,0.0,4,0.0,0,0.0,4,3.0,4,0.0,3,1.0
3318,Point,79,70,567850,134950,0,3,0.0,0,0,0,0.0,4,0.0,0,0.0,4,3.0,3,0.0,3,1.0
3319,Point,79,71,567950,134950,0,3,0.0,0,0,0,0.0,4,0.0,0,1.0,4,3.0,2,0.0,3,0.0
3320,Point,79,72,568050,134950,0,2,0.0,0,0,0,0.0,4,0.0,0,1.0,4,3.0,1,0.0,3,0.0
3321,Point,79,73,568150,134950,0,1,0.0,0,0,0,0.0,4,0.0,0,1.0,4,3.0,0,0.0,3,0.0
3322,Point,79,74,568250,134950,0,0,0.0,0,0,0,0.0,4,0.0,1,2.0,4,3.0,0,0.0,4,0.0
3323,Point,79,75,568350,134950,0,0,0.0,0,0,0,0.0,4,0.0,1,2.0,4,3.0,0,0.0,4,0.0
3324,Point,79,76,568450,134950,0,0,0.0,0,0,0,0.0,4,0.0,1,3.0,4,3.0,0,0.0,4,0.0
3325,Point,79,77,568550,134950,0,0,0.0,0,0,0,0.0,4,0.0,1,3.0,4,3.0,0,0.0,4,0.0
3326,Point,79,78,568650,134950,0,0,0.0,0,0,0,0.0,2,0.0,1,3.0,4,3.0,0,0.0,4,0.0
3327,Point,79,79,568750,134950,1,0,0.0,0,0,0,0.0,1,0.0,2,3.0,4,3.0,0,0.0,4,0.0
3328,Point,79,80,568850,134950,1,0,0.0,0,0,0,0.0,0,0.0,2,3.0,4,3.0,1,0.0,4,0.0
3329,Point,79,81,568950,134950,1,0,0.0,0,0,0,0.0,0,0.0,2,3.0,4,3.0,1,0.0,4,0.0
3330,Point,79,82,569050,134950,1,0,0.0,0,0,0,0.0,0,1.0,2,3.0,4,3.0,0,0.0,4,0.0
3331,Point,79,83,569150,134950,1,0,0.0,0,0,0,0.0,0,1.0,2,3.0,4,3.0,0,0.0,4,0.0
3332,Point,79,84,569250,134950,1,0,0.0,0,0,0,0.0,0,0.0,2,3.0,4,3.0,0,1.0,4,0.0
3333,Point,79,85,569350,134950,0,0,0.0,0,0,0,0.0,0,0.0,2,3.0,4,3.0,0,1.0,4,0.0
3334,Point,79,86,569450,134950,0,0,0.0,0,0,0,1.0,0,0.0,3,4.0,4,3.0,0,1.0,4,0.0
3335,Point,79,87,569550,134950,0,0,0.0,0,0,0,2.0,0,0.0,3,4.0,4,3.0,0,0.0,4,0.0
3336,Point,79,88,569650,134950,0,0,0.0,0,0,0,3.0,1,0.0,3,3.0,4,3.0,0,0.0,4,0.0
3337,Point,79,89,569750,134950,0,0,0.0,0,0,0,4.0,1,0.0,3,3.0,4,3.0,0,0.0,4,0.0
3338,Point,79,90,569850,134950,0,0,0.0,0,0,0,4.0,1,0.0,3,3.0,4,3.0,0,0.0,4,0.0
3339,Point,79,91,569950,134950,0,0,0.0,0,0,0,4.0,1,0.0,3,3.0,4,3.0,0,0.0,4,0.0
3340,Point,79,92,570050,134950,0,0,0.0,0,0,0,4.0,1,0.0,3,3.0,4,3.0,0,0.0,4,0.0
3341,Point,79,93,570150,134950,0,0,0.0,0,0,1,4.0,1,0.0,3,3.0,4,3.0,0,0.0,4,0.0
3342,Point,79,94,570250,134950,0,0,0.0,0,0,2,4.0,1,0.0,3,3.0,4,3.0,0,0.0,4,0.0
3343,Point,79,95,570350,134950,1,0,0.0,0,0,3,4.0,2,0.0,3,3.0,4,3.0,0,0.0,4,0.0
3344,Point,79,96,570450,134950,1,0,0.0,0,0,3,4.0,2,0.0,3,3.0,4,3.0,0,0.0,4,1.0
3345,Point,79,97,570550,134950,2,0,0.0,0,0,3,4.0,2,0.0,3,3.0,4,3.0,0,0.0,4,1.0
3346,Point,79,98,570650,134950,2,0,0.0,0,0,3,4.0,2,0.0,3,3.0,4,3.0,0,0.0,4,1.0
3347,Point,79,99,570750,134950,2,0,0.0,0,0,2,4.0,2,0.0,3,3.0,4,3.0,0,0.0,3,2.0
3348,Point,79,100,570850,134950,1,0,0.0,0,0,1,4.0,2,0.0,2,3.0,4,3.0,0,0.0,3,2.0
3349,Point,79,101,570950,134950,1,0,0.0,0,0,1,4.0,2,1.0,2,3.0,4,3.0,0,0.0,3,2.0
3350,Point,79,102,571050,134950,0,0,0.0,0,0,0,4.0,2,1.0,2,2.0,4,3.0,0,0.0,3,3.0
3351,Point,79,103,571150,134950,0,0,0.0,0,0,0,4.0,2,1.0,1,2.0,4,3.0,0,0.0,3,3.0
3352,Point,79,104,571250,134950,0,0,0.0,0,0,0,3.0,2,1.0,1,2.0,4,3.0,0,0.0,3,3.0
3353,Point,79,105,571350,134950,0,0,0.0,0,0,0,3.0,2,1.0,1,2.0,4,3.0,0,0.0,3,3.0
3354,Point,79,106,571450,134950,1,0,0.0,0,0,0,3.0,2,1.0,1,2.0,4,3.0,0,0.0,3,3.0
3355,Point,79,107,571550,134950,1,0,0.0,0,0,0,3.0,2,1.0,1,2.0,4,3.0,0,0.0,3,3.0
3356,Point,79,108,571650,134950,2,0,0.0,0,0,0,3.0,2,1.0,1,2.0,4,3.0,0,0.0,3,2.0
3357,Point,79,109,571750,134950,2,0,0.0,0,0,1,3.0,2,1.0,1,3.0,4,3.0,1,0.0,3,2.0
3358,Point,79,110,571850,134950,3,0,0.0,0,0,1,2.0,2,1.0,1,3.0,4,3.0,1,0.0,3,2.0
3359,Point,79,111,571950,134950,3,0,0.0,0,0,2,2.0,2,1.0,2,4.0,4,3.0,1,0.0,3,2.0
3360,Point,79,112,572050,134950,3,0,0.0,0,0,2,2.0,2,1.0,2,4.0,4,3.0,2,1.0,2,2.0
3361,Point,79,113,572150,134950,4,0,0.0,0,0,2,2.0,2,1.0,2,4.0,4,3.0,2,1.0,2,2.0
3362,Point,80,32,564050,134850,4,0,0.0,0,0,3,3.0,3,2.0,3,2.0,4,3.0,3,3.0,2,1.0
3363,Point,80,33,564150,134850,4,0,0.0,0,0,3,2.0,3,2.0,3,3.0,4,3.0,3,3.0,2,1.0
3364,Point,80,34,564250,134850,4,0,0.0,0,0,3,2.0,3,2.0,2,3.0,4,3.0,3,2.0,1,1.0
3365,Point,80,35,564350,134850,4,0,0.0,0,0,3,2.0,3,2.0,2,3.0,4,3.0,2,2.0,1,1.0
3366,Point,80,36,564450,134850,4,0,0.0,0,0,3,2.0,3,2.0,2,2.0,4,3.0,2,3.0,1,1.0
3367,Point,80,37,564550,134850,3,0,0.0,0,0,2,2.0,4,2.0,3,2.0,4,3.0,2,3.0,1,1.0
3368,Point,80,38,564650,134850,3,0,0.0,0,0,2,1.0,4,2.0,3,2.0,4,3.0,2,3.0,1,1.0
3369,Point,80,39,564750,134850,2,0,0.0,0,0,2,1.0,3,2.0,2,2.0,4,3.0,1,3.0,1,1.0
3370,Point,80,40,564850,134850,2,0,0.0,0,0,2,1.0,3,2.0,2,2.0,4,3.0,1,3.0,1,2.0
3371,Point,80,41,564950,134850,2,0,0.0,0,0,2,1.0,2,3.0,3,3.0,4,3.0,0,2.0,1,2.0
3372,Point,80,42,565050,134850,1,0,0.0,0,0,1,1.0,1,3.0,3,4.0,4,3.0,0,1.0,1,2.0
3373,Point,80,43,565150,134850,1,0,0.0,0,0,1,1.0,1,3.0,2,4.0,4,3.0,0,1.0,0,2.0
3374,Point,80,44,565250,134850,0,0,0.0,0,0,1,1.0,1,3.0,2,4.0,4,3.0,0,1.0,0,2.0
3375,Point,80,45,565350,134850,0,0,0.0,0,0,1,1.0,1,3.0,2,4.0,4,3.0,0,1.0,0,2.0
3376,Point,80,46,565450,134850,1,0,0.0,0,0,2,2.0,0,3.0,1,4.0,4,3.0,0,1.0,0,2.0
3377,Point,80,47,565550,134850,1,0,0.0,0,0,2,3.0,0,3.0,1,3.0,4,3.0,1,1.0,0,2.0
3378,Point,80,48,565650,134850,1,0,0.0,0,0,2,3.0,0,3.0,1,3.0,4,3.0,1,0.0,0,1.0
3379,Point,80,49,565750,134850,1,0,0.0,0,0,2,4.0,0,4.0,1,4.0,4,3.0,2,0.0,0,1.0
3380,Point,80,50,565850,134850,1,0,0.0,0,0,1,4.0,0,4.0,1,4.0,4,3.0,3,1.0,0,1.0
3381,Point,80,51,565950,134850,0,0,0.0,0,0,1,4.0,0,4.0,0,4.0,4,3.0,3,4.0,0,1.0
3382,Point,80,52,566050,134850,0,0,0.0,0,0,0,4.0,0,4.0,0,3.0,4,3.0,4,4.0,0,1.0
3383,Point,80,53,566150,134850,0,0,0.0,0,0,0,4.0,0,4.0,0,2.0,4,3.0,4,4.0,0,1.0
3384,Point,80,54,566250,134850,0,0,0.0,0,0,0,4.0,0,4.0,0,3.0,4,3.0,3,4.0,0,1.0
3385,Point,80,55,566350,134850,0,0,0.0,0,0,0,2.0,0,4.0,1,4.0,4,3.0,3,3.0,0,2.0
3386,Point,80,56,566450,134850,0,0,0.0,0,0,0,0.0,0,4.0,1,4.0,4,3.0,3,1.0,0,3.0
3387,Point,80,57,566550,134850,1,0,0.0,0,0,0,0.0,0,4.0,1,4.0,4,3.0,3,0.0,0,3.0
3388,Point,80,58,566650,134850,0,0,0.0,0,0,0,0.0,0,4.0,2,4.0,4,3.0,3,0.0,0,3.0
3389,Point,80,59,566750,134850,0,0,0.0,0,0,0,0.0,0,4.0,3,4.0,4,3.0,3,0.0,0,4.0
3390,Point,80,60,566850,134850,0,0,0.0,0,0,0,0.0,1,3.0,3,4.0,4,3.0,3,0.0,0,4.0
3391,Point,80,61,566950,134850,0,0,0.0,0,0,0,0.0,2,3.0,1,4.0,4,3.0,3,0.0,0,4.0
3392,Point,80,62,567050,134850,0,0,0.0,0,0,0,0.0,4,2.0,0,2.0,0,3.0,3,0.0,1,4.0
3393,Point,80,63,567150,134850,0,0,0.0,0,0,0,0.0,4,0.0,0,0.0,0,3.0,3,0.0,1,4.0
3394,Point,80,64,567250,134850,0,1,0.0,0,0,0,0.0,4,0.0,0,0.0,0,3.0,3,0.0,2,4.0
3395,Point,80,65,567350,134850,0,1,0.0,0,0,0,0.0,4,0.0,0,0.0,4,3.0,4,0.0,2,3.0
3396,Point,80,66,567450,134850,0,2,0.0,0,0,0,0.0,4,0.0,0,0.0,4,3.0,4,0.0,3,3.0
3397,Point,80,67,567550,134850,0,2,0.0,0,0,0,0.0,4,0.0,0,0.0,4,3.0,4,0.0,3,3.0
3398,Point,80,68,567650,134850,0,2,0.0,0,0,0,0.0,4,0.0,0,0.0,4,3.0,4,0.0,3,2.0
3399,Point,80,69,567750,134850,0,2,0.0,0,0,0,0.0,4,0.0,0,0.0,4,3.0,4,0.0,3,1.0
3400,Point,80,70,567850,134850,0,2,0.0,0,0,0,0.0,4,0.0,0,0.0,4,3.0,3,0.0,3,1.0
3401,Point,80,71,567950,134850,0,2,0.0,0,0,0,0.0,4,0.0,0,0.0,4,3.0,3,0.0,3,0.0
3402,Point,80,72,568050,134850,0,1,0.0,0,0,0,0.0,4,0.0,0,1.0,4,3.0,3,0.0,3,0.0
3403,Point,80,73,568150,134850,0,1,0.0,0,0,0,0.0,4,0.0,0,1.0,4,3.0,1,0.0,4,0.0
3404,Point,80,74,568250,134850,1,0,0.0,0,0,0,0.0,4,0.0,1,1.0,4,3.0,1,0.0,4,0.0
3405,Point,80,75,568350,134850,1,0,0.0,0,0,0,0.0,4,0.0,1,2.0,4,3.0,0,0.0,4,0.0
3406,Point,80,76,568450,134850,1,0,0.0,0,0,0,0.0,4,0.0,1,3.0,4,3.0,0,0.0,4,0.0
3407,Point,80,77,568550,134850,1,0,0.0,0,0,0,0.0,4,0.0,2,3.0,4,3.0,0,0.0,4,0.0
3408,Point,80,78,568650,134850,1,0,0.0,0,0,0,0.0,1,0.0,2,3.0,4,3.0,0,0.0,4,0.0
3409,Point,80,79,568750,134850,1,0,0.0,0,0,0,0.0,1,0.0,2,3.0,4,3.0,0,0.0,4,0.0
3410,Point,80,80,568850,134850,2,0,0.0,0,0,0,0.0,0,0.0,2,3.0,4,3.0,1,0.0,4,0.0
3411,Point,80,81,568950,134850,2,0,0.0,0,0,0,0.0,0,1.0,2,3.0,4,3.0,1,0.0,4,0.0
3412,Point,80,82,569050,134850,2,0,0.0,0,0,0,0.0,0,0.0,2,3.0,4,3.0,0,0.0,4,0.0
3413,Point,80,83,569150,134850,1,0,0.0,0,0,0,0.0,0,0.0,2,3.0,4,3.0,0,0.0,4,0.0
3414,Point,80,84,569250,134850,1,0,0.0,0,0,0,0.0,0,0.0,2,3.0,4,3.0,0,1.0,4,0.0
3415,Point,80,85,569350,134850,1,0,0.0,0,0,0,1.0,0,0.0,2,3.0,4,3.0,0,1.0,4,0.0
3416,Point,80,86,569450,134850,0,0,0.0,0,0,0,1.0,0,0.0,3,4.0,4,3.0,0,1.0,4,0.0
3417,Point,80,87,569550,134850,0,0,0.0,0,0,0,3.0,1,0.0,3,4.0,4,3.0,0,0.0,4,0.0
3418,Point,80,88,569650,134850,0,0,0.0,0,0,0,4.0,1,0.0,3,3.0,4,3.0,0,0.0,4,0.0
3419,Point,80,89,569750,134850,0,0,0.0,0,0,0,4.0,1,0.0,3,3.0,4,3.0,0,0.0,4,0.0
3420,Point,80,90,569850,134850,0,0,0.0,0,0,0,4.0,1,0.0,3,3.0,4,3.0,0,0.0,4,0.0
3421,Point,80,91,569950,134850,1,0,0.0,0,0,0,4.0,1,0.0,3,3.0,4,3.0,0,0.0,4,0.0
3422,Point,80,92,570050,134850,0,0,0.0,0,0,1,4.0,1,0.0,3,3.0,4,3.0,0,0.0,4,0.0
3423,Point,80,93,570150,134850,0,0,0.0,0,0,2,4.0,1,0.0,3,3.0,4,3.0,0,0.0,4,0.0
3424,Point,80,94,570250,134850,1,0,0.0,0,0,2,4.0,2,0.0,3,4.0,4,3.0,0,0.0,4,0.0
3425,Point,80,95,570350,134850,1,0,0.0,0,0,3,4.0,2,0.0,3,4.0,4,3.0,0,0.0,4,0.0
3426,Point,80,96,570450,134850,2,0,0.0,0,0,3,4.0,2,0.0,3,4.0,4,3.0,0,0.0,4,0.0
3427,Point,80,97,570550,134850,2,0,0.0,0,0,3,4.0,2,0.0,3,4.0,4,3.0,0,0.0,4,1.0
3428,Point,80,98,570650,134850,2,0,0.0,0,0,2,4.0,2,0.0,2,3.0,4,3.0,0,0.0,4,1.0
3429,Point,80,99,570750,134850,2,0,0.0,0,0,2,4.0,2,0.0,2,3.0,4,3.0,0,0.0,3,1.0
3430,Point,80,100,570850,134850,1,0,0.0,0,0,1,4.0,2,0.0,1,3.0,4,3.0,0,0.0,3,2.0
3431,Point,80,101,570950,134850,1,0,0.0,0,0,0,4.0,2,1.0,1,2.0,4,3.0,0,0.0,3,2.0
3432,Point,80,102,571050,134850,1,0,0.0,0,0,0,3.0,2,1.0,1,2.0,4,3.0,0,0.0,3,2.0
3433,Point,80,103,571150,134850,0,0,0.0,0,0,0,3.0,2,1.0,1,2.0,4,3.0,0,0.0,3,3.0
3434,Point,80,104,571250,134850,0,0,0.0,0,0,0,3.0,2,1.0,1,1.0,4,3.0,0,0.0,3,3.0
3435,Point,80,105,571350,134850,0,0,0.0,0,0,0,3.0,2,1.0,0,1.0,4,3.0,0,0.0,3,3.0
3436,Point,80,106,571450,134850,1,0,0.0,0,0,0,3.0,2,1.0,0,1.0,4,3.0,0,0.0,3,3.0
3437,Point,80,107,571550,134850,1,0,0.0,0,0,0,3.0,2,1.0,0,2.0,4,3.0,0,0.0,3,2.0
3438,Point,80,108,571650,134850,1,0,0.0,0,0,0,3.0,2,1.0,1,2.0,4,3.0,0,0.0,3,2.0
3439,Point,80,109,571750,134850,2,0,0.0,0,0,1,3.0,2,1.0,1,2.0,4,3.0,1,0.0,3,2.0
3440,Point,80,110,571850,134850,2,0,0.0,0,0,1,3.0,2,1.0,1,3.0,4,3.0,1,0.0,3,2.0
3441,Point,80,111,571950,134850,3,0,0.0,0,0,2,3.0,2,1.0,1,3.0,4,3.0,1,1.0,3,2.0
3442,Point,80,112,572050,134850,3,0,0.0,0,0,2,2.0,2,1.0,1,4.0,4,3.0,2,1.0,2,2.0
3443,Point,80,113,572150,134850,4,0,0.0,0,0,2,2.0,2,1.0,2,4.0,4,3.0,2,1.0,2,2.0
3444,Point,81,32,564050,134750,4,0,0.0,0,0,3,3.0,3,2.0,3,2.0,4,3.0,3,3.0,2,1.0
3445,Point,81,33,564150,134750,4,0,0.0,0,0,3,2.0,3,2.0,3,2.0,4,3.0,3,3.0,2,1.0
3446,Point,81,34,564250,134750,4,0,0.0,0,0,3,2.0,3,2.0,2,3.0,4,3.0,3,3.0,1,1.0
3447,Point,81,35,564350,134750,4,0,0.0,0,0,3,2.0,3,2.0,2,3.0,4,3.0,2,3.0,1,1.0
3448,Point,81,36,564450,134750,4,0,0.0,0,0,3,2.0,3,2.0,2,2.0,4,3.0,2,3.0,1,1.0
3449,Point,81,37,564550,134750,4,0,0.0,0,0,2,2.0,3,2.0,3,2.0,4,3.0,2,3.0,1,1.0
3450,Point,81,38,564650,134750,3,0,0.0,0,0,2,1.0,4,2.0,2,2.0,4,3.0,2,3.0,1,1.0
3451,Point,81,39,564750,134750,3,0,0.0,0,0,2,1.0,3,2.0,2,3.0,4,3.0,2,3.0,1,1.0
3452,Point,81,40,564850,134750,2,0,0.0,0,0,2,1.0,3,2.0,3,3.0,4,3.0,1,3.0,1,1.0
3453,Point,81,41,564950,134750,2,0,0.0,0,0,2,1.0,2,3.0,3,4.0,4,3.0,0,2.0,1,2.0
3454,Point,81,42,565050,134750,1,0,0.0,0,0,1,1.0,1,3.0,3,4.0,4,3.0,0,1.0,1,2.0
3455,Point,81,43,565150,134750,1,0,0.0,0,0,1,1.0,1,3.0,3,4.0,4,3.0,0,1.0,0,2.0
3456,Point,81,44,565250,134750,1,0,0.0,0,0,1,1.0,1,3.0,3,4.0,4,3.0,0,1.0,0,2.0
3457,Point,81,45,565350,134750,1,0,0.0,0,0,1,1.0,1,3.0,2,4.0,4,3.0,0,1.0,0,2.0
3458,Point,81,46,565450,134750,1,0,0.0,0,0,1,1.0,1,3.0,2,4.0,4,3.0,0,1.0,0,2.0
3459,Point,81,47,565550,134750,1,0,0.0,0,0,1,2.0,0,3.0,1,4.0,4,3.0,1,1.0,0,2.0
3460,Point,81,48,565650,134750,2,0,0.0,0,0,1,3.0,0,3.0,1,4.0,4,3.0,1,1.0,0,1.0
3461,Point,81,49,565750,134750,2,0,0.0,0,0,1,3.0,0,4.0,1,4.0,4,3.0,3,1.0,0,1.0
3462,Point,81,50,565850,134750,1,0,0.0,0,0,1,4.0,0,4.0,1,4.0,4,3.0,3,1.0,0,1.0
3463,Point,81,51,565950,134750,1,0,0.0,0,0,1,4.0,0,4.0,1,4.0,4,3.0,4,3.0,0,1.0
3464,Point,81,52,566050,134750,1,0,0.0,0,0,0,4.0,0,4.0,1,4.0,4,3.0,4,3.0,0,1.0
3465,Point,81,53,566150,134750,1,0,0.0,0,0,0,4.0,0,4.0,1,4.0,4,3.0,4,3.0,0,1.0
3466,Point,81,54,566250,134750,0,0,0.0,0,0,0,4.0,0,4.0,1,4.0,4,3.0,4,3.0,0,2.0
3467,Point,81,55,566350,134750,0,0,0.0,0,0,0,4.0,0,4.0,2,4.0,4,3.0,4,3.0,0,2.0
3468,Point,81,56,566450,134750,0,0,0.0,0,0,0,0.0,0,4.0,2,4.0,4,3.0,4,1.0,0,3.0
3469,Point,81,57,566550,134750,0,0,0.0,0,0,0,0.0,0,4.0,3,4.0,4,3.0,4,0.0,0,3.0
3470,Point,81,58,566650,134750,1,0,0.0,0,0,0,0.0,0,4.0,4,4.0,4,3.0,4,0.0,0,3.0
3471,Point,81,59,566750,134750,1,0,0.0,0,0,0,0.0,0,4.0,4,4.0,4,3.0,4,0.0,0,4.0
3472,Point,81,60,566850,134750,1,1,0.0,0,0,0,0.0,1,3.0,4,4.0,4,3.0,4,0.0,0,4.0
3473,Point,81,61,566950,134750,0,1,0.0,0,0,0,0.0,1,3.0,4,4.0,4,3.0,3,0.0,1,4.0
3474,Point,81,62,567050,134750,0,1,0.0,0,0,0,0.0,4,2.0,1,4.0,4,3.0,3,0.0,1,4.0
3475,Point,81,63,567150,134750,0,0,0.0,0,0,0,0.0,4,0.0,0,0.0,4,3.0,3,0.0,1,4.0
3476,Point,81,64,567250,134750,0,0,0.0,0,0,0,0.0,4,0.0,0,0.0,4,3.0,3,0.0,2,4.0
3477,Point,81,65,567350,134750,1,1,0.0,0,0,0,0.0,4,0.0,0,0.0,4,3.0,4,0.0,2,3.0
3478,Point,81,66,567450,134750,0,1,0.0,0,0,0,0.0,4,0.0,0,0.0,4,3.0,4,0.0,3,3.0
3479,Point,81,67,567550,134750,0,1,0.0,0,0,0,0.0,4,0.0,0,0.0,4,3.0,4,0.0,3,3.0
3480,Point,81,68,567650,134750,0,1,0.0,0,0,0,0.0,4,0.0,0,0.0,4,3.0,4,0.0,3,2.0
3481,Point,81,69,567750,134750,0,1,0.0,0,0,0,0.0,4,0.0,0,0.0,4,3.0,4,0.0,3,1.0
3482,Point,81,70,567850,134750,0,1,0.0,0,0,0,0.0,4,0.0,0,0.0,4,3.0,4,0.0,3,1.0
3483,Point,81,71,567950,134750,0,1,0.0,0,0,0,0.0,4,0.0,0,0.0,4,3.0,3,0.0,3,0.0
3484,Point,81,72,568050,134750,0,0,0.0,0,0,0,0.0,4,0.0,0,1.0,4,3.0,3,0.0,3,0.0
3485,Point,81,73,568150,134750,0,0,0.0,0,0,0,0.0,4,0.0,0,1.0,4,3.0,2,0.0,4,0.0
3486,Point,81,74,568250,134750,1,0,0.0,0,0,0,0.0,4,0.0,0,1.0,4,3.0,0,0.0,4,0.0
3487,Point,81,75,568350,134750,0,0,0.0,0,0,0,0.0,4,0.0,1,2.0,4,3.0,0,0.0,4,0.0
3488,Point,81,76,568450,134750,0,0,0.0,0,0,0,0.0,4,0.0,1,3.0,4,3.0,0,0.0,4,0.0
3489,Point,81,77,568550,134750,0,0,0.0,0,0,0,0.0,4,0.0,2,3.0,4,3.0,0,0.0,4,0.0
3490,Point,81,78,568650,134750,1,0,0.0,0,0,0,0.0,1,0.0,2,3.0,4,3.0,0,0.0,4,0.0
3491,Point,81,79,568750,134750,1,0,0.0,0,0,0,0.0,1,0.0,2,3.0,4,3.0,0,0.0,4,0.0
3492,Point,81,80,568850,134750,2,0,0.0,0,0,0,0.0,0,0.0,2,3.0,4,3.0,1,0.0,4,0.0
3493,Point,81,81,568950,134750,2,0,0.0,0,0,0,0.0,0,0.0,2,3.0,4,3.0,1,0.0,4,0.0
3494,Point,81,82,569050,134750,2,0,0.0,0,0,0,0.0,0,0.0,2,3.0,4,3.0,0,0.0,4,0.0
3495,Point,81,83,569150,134750,2,0,0.0,0,0,0,0.0,0,0.0,2,3.0,4,3.0,0,0.0,4,0.0
3496,Point,81,84,569250,134750,1,0,0.0,0,0,0,0.0,0,0.0,2,2.0,4,3.0,1,1.0,4,0.0
3497,Point,81,85,569350,134750,1,0,0.0,0,0,0,1.0,1,0.0,2,3.0,4,3.0,0,1.0,4,0.0
3498,Point,81,86,569450,134750,1,0,0.0,0,0,0,2.0,1,0.0,3,4.0,4,3.0,0,1.0,4,0.0
3499,Point,81,87,569550,134750,0,0,0.0,0,0,0,3.0,1,0.0,3,4.0,4,3.0,0,0.0,4,0.0
3500,Point,81,88,569650,134750,0,0,0.0,0,0,0,4.0,1,0.0,3,3.0,4,3.0,0,0.0,4,0.0
3501,Point,81,89,569750,134750,0,0,0.0,0,0,0,4.0,1,0.0,3,3.0,4,3.0,0,0.0,4,0.0
3502,Point,81,90,569850,134750,0,0,0.0,0,0,0,4.0,1,0.0,3,3.0,4,3.0,0,0.0,4,0.0
3503,Point,81,91,569950,134750,1,0,0.0,0,0,1,4.0,1,0.0,2,3.0,4,3.0,0,0.0,4,0.0
3504,Point,81,92,570050,134750,1,0,0.0,0,0,1,4.0,1,0.0,3,4.0,4,3.0,0,0.0,4,0.0
3505,Point,81,93,570150,134750,1,0,0.0,0,0,2,4.0,1,0.0,3,4.0,4,3.0,0,0.0,4,0.0
3506,Point,81,94,570250,134750,1,0,0.0,0,0,2,4.0,2,0.0,3,4.0,4,3.0,0,0.0,4,0.0
3507,Point,81,95,570350,134750,1,0,0.0,0,0,2,4.0,2,0.0,3,4.0,4,3.0,0,0.0,4,0.0
3508,Point,81,96,570450,134750,2,0,0.0,0,0,2,4.0,2,0.0,2,4.0,4,3.0,0,0.0,4,0.0
3509,Point,81,97,570550,134750,2,0,0.0,0,0,2,4.0,2,0.0,2,4.0,4,3.0,0,0.0,4,1.0
3510,Point,81,98,570650,134750,2,0,0.0,0,0,1,4.0,2,0.0,2,3.0,4,3.0,0,0.0,4,1.0
3511,Point,81,99,570750,134750,2,0,0.0,0,0,1,4.0,2,0.0,1,3.0,4,3.0,0,0.0,3,1.0
3512,Point,81,100,570850,134750,2,0,0.0,0,0,0,4.0,2,1.0,1,2.0,4,3.0,0,0.0,3,2.0
3513,Point,81,101,570950,134750,1,0,0.0,0,0,0,3.0,2,1.0,1,2.0,4,3.0,0,0.0,3,2.0
3514,Point,81,102,571050,134750,1,0,0.0,0,0,0,3.0,2,1.0,0,1.0,4,3.0,0,0.0,3,2.0
3515,Point,81,103,571150,134750,1,0,0.0,0,0,0,3.0,2,1.0,0,1.0,4,3.0,0,0.0,3,2.0
3516,Point,81,104,571250,134750,1,0,0.0,0,0,0,3.0,2,1.0,0,1.0,4,3.0,0,0.0,3,3.0
3517,Point,81,105,571350,134750,0,0,0.0,0,0,0,3.0,2,1.0,0,1.0,4,3.0,0,0.0,3,2.0
3518,Point,81,106,571450,134750,1,0,0.0,0,0,0,3.0,2,1.0,0,1.0,4,3.0,0,0.0,3,2.0
3519,Point,81,107,571550,134750,1,0,0.0,0,0,0,3.0,2,1.0,0,1.0,4,3.0,0,0.0,3,2.0
3520,Point,81,108,571650,134750,1,0,0.0,0,0,1,3.0,2,1.0,0,1.0,4,3.0,0,0.0,3,2.0
3521,Point,81,109,571750,134750,2,0,0.0,0,0,1,3.0,2,1.0,0,2.0,4,3.0,0,0.0,3,2.0
3522,Point,81,110,571850,134750,2,0,0.0,0,0,1,3.0,2,1.0,1,2.0,4,3.0,1,0.0,3,2.0
3523,Point,81,111,571950,134750,2,0,0.0,0,0,2,3.0,2,1.0,1,3.0,4,3.0,1,1.0,3,2.0
3524,Point,81,112,572050,134750,3,0,0.0,0,0,2,3.0,2,1.0,1,3.0,4,3.0,2,1.0,2,2.0
3525,Point,81,113,572150,134750,3,0,0.0,0,0,2,3.0,2,1.0,2,4.0,4,3.0,2,1.0,2,2.0
3526,Point,82,32,564050,134650,4,0,0.0,0,0,3,3.0,3,2.0,3,2.0,4,3.0,3,3.0,2,1.0
3527,Point,82,33,564150,134650,4,0,0.0,0,0,3,2.0,3,2.0,3,2.0,4,3.0,3,3.0,2,1.0
3528,Point,82,34,564250,134650,4,0,0.0,0,0,3,2.0,3,2.0,2,3.0,4,3.0,3,3.0,1,1.0
3529,Point,82,35,564350,134650,4,0,0.0,0,0,3,2.0,3,2.0,2,3.0,4,3.0,2,3.0,1,1.0
3530,Point,82,36,564450,134650,4,0,0.0,0,0,3,2.0,3,2.0,2,2.0,4,3.0,2,3.0,1,1.0
3531,Point,82,37,564550,134650,4,0,0.0,0,0,2,2.0,3,2.0,2,2.0,4,3.0,2,3.0,1,1.0
3532,Point,82,38,564650,134650,3,0,0.0,0,0,2,1.0,4,2.0,2,3.0,4,3.0,2,3.0,1,1.0
3533,Point,82,39,564750,134650,3,0,0.0,0,0,2,1.0,3,2.0,2,3.0,4,3.0,2,3.0,1,1.0
3534,Point,82,40,564850,134650,3,0,0.0,0,0,2,1.0,3,2.0,3,4.0,4,3.0,1,3.0,1,1.0
3535,Point,82,41,564950,134650,2,0,0.0,0,0,2,1.0,3,2.0,3,4.0,4,3.0,1,2.0,1,1.0
3536,Point,82,42,565050,134650,2,0,0.0,0,0,1,1.0,2,3.0,3,4.0,4,3.0,0,1.0,1,1.0
3537,Point,82,43,565150,134650,2,0,0.0,0,0,1,1.0,1,3.0,3,4.0,4,3.0,0,1.0,1,2.0
3538,Point,82,44,565250,134650,1,0,0.0,0,0,1,1.0,1,3.0,3,4.0,4,3.0,0,1.0,0,2.0
3539,Point,82,45,565350,134650,1,0,0.0,0,0,1,1.0,1,3.0,3,4.0,4,3.0,0,1.0,0,2.0
3540,Point,82,46,565450,134650,2,0,0.0,0,0,1,1.0,1,3.0,2,4.0,4,3.0,0,1.0,0,2.0
3541,Point,82,47,565550,134650,2,0,0.0,0,0,1,2.0,0,3.0,2,4.0,4,3.0,1,1.0,0,2.0
3542,Point,82,48,565650,134650,2,0,0.0,0,0,1,2.0,0,3.0,2,4.0,4,3.0,1,1.0,0,1.0
3543,Point,82,49,565750,134650,2,0,0.0,0,0,1,3.0,0,3.0,3,4.0,4,3.0,3,1.0,0,1.0
3544,Point,82,50,565850,134650,2,0,0.0,0,0,1,4.0,0,4.0,3,4.0,4,3.0,4,2.0,0,1.0
3545,Point,82,51,565950,134650,1,0,0.0,0,0,1,4.0,0,4.0,3,4.0,4,3.0,4,3.0,0,1.0
3546,Point,82,52,566050,134650,1,0,0.0,0,0,0,4.0,0,4.0,3,4.0,4,3.0,4,3.0,0,1.0
3547,Point,82,53,566150,134650,1,0,0.0,0,0,1,4.0,0,4.0,3,4.0,4,3.0,4,3.0,0,2.0
3548,Point,82,54,566250,134650,0,0,0.0,0,0,0,4.0,0,4.0,3,4.0,4,3.0,4,3.0,0,2.0
3549,Point,82,55,566350,134650,0,0,0.0,0,0,0,4.0,0,4.0,3,4.0,4,3.0,4,3.0,0,3.0
3550,Point,82,56,566450,134650,0,0,0.0,0,0,0,4.0,0,4.0,3,4.0,4,3.0,4,2.0,0,3.0
3551,Point,82,57,566550,134650,0,0,0.0,0,0,0,0.0,0,4.0,4,4.0,4,3.0,4,1.0,0,3.0
3552,Point,82,58,566650,134650,1,0,0.0,0,0,0,0.0,0,4.0,4,4.0,4,3.0,4,0.0,0,3.0
3553,Point,82,59,566750,134650,1,1,0.0,0,0,0,0.0,0,4.0,4,4.0,0,3.0,4,0.0,0,3.0
3554,Point,82,60,566850,134650,0,1,0.0,0,0,0,0.0,1,3.0,4,4.0,0,3.0,4,0.0,0,4.0
3555,Point,82,61,566950,134650,0,2,0.0,0,0,0,0.0,1,3.0,4,4.0,0,3.0,4,0.0,1,4.0
3556,Point,82,62,567050,134650,0,2,0.0,0,0,0,0.0,4,3.0,3,4.0,0,3.0,3,0.0,1,4.0
3557,Point,82,63,567150,134650,0,1,0.0,0,0,0,0.0,4,1.0,0,1.0,4,3.0,3,0.0,1,4.0
3558,Point,82,64,567250,134650,0,0,0.0,0,0,0,0.0,4,0.0,0,0.0,4,3.0,3,0.0,2,4.0
3559,Point,82,65,567350,134650,1,0,0.0,0,0,0,0.0,4,0.0,0,0.0,4,3.0,3,0.0,2,3.0
3560,Point,82,66,567450,134650,0,0,0.0,0,0,0,0.0,4,0.0,0,0.0,4,3.0,4,0.0,3,3.0
3561,Point,82,67,567550,134650,0,0,0.0,0,0,0,0.0,4,0.0,0,0.0,4,3.0,4,0.0,3,3.0
3562,Point,82,68,567650,134650,0,0,0.0,0,0,0,0.0,4,0.0,0,0.0,4,3.0,4,0.0,3,3.0
3563,Point,82,69,567750,134650,0,0,0.0,0,0,0,0.0,4,0.0,0,0.0,4,3.0,4,0.0,3,2.0
3564,Point,82,70,567850,134650,1,0,0.0,0,0,0,0.0,4,0.0,0,0.0,4,3.0,4,0.0,3,1.0
3565,Point,82,71,567950,134650,0,0,0.0,0,0,0,0.0,4,0.0,0,0.0,4,3.0,4,0.0,3,0.0
3566,Point,82,72,568050,134650,0,0,0.0,0,0,0,0.0,4,0.0,0,1.0,4,3.0,3,0.0,3,0.0
3567,Point,82,73,568150,134650,0,0,0.0,0,0,0,0.0,4,0.0,0,1.0,4,3.0,1,0.0,3,0.0
3568,Point,82,74,568250,134650,0,0,0.0,0,0,0,0.0,4,0.0,0,1.0,4,3.0,0,0.0,4,0.0
3569,Point,82,75,568350,134650,0,0,0.0,0,0,0,0.0,4,0.0,1,2.0,4,3.0,0,0.0,4,0.0
3570,Point,82,76,568450,134650,0,0,0.0,0,0,0,0.0,4,0.0,1,3.0,4,3.0,0,0.0,4,0.0
3571,Point,82,77,568550,134650,0,0,0.0,0,0,0,0.0,3,0.0,2,3.0,4,3.0,0,0.0,4,0.0
3572,Point,82,78,568650,134650,1,0,0.0,0,0,0,0.0,1,0.0,2,3.0,4,3.0,0,0.0,4,0.0
3573,Point,82,79,568750,134650,1,0,0.0,0,0,0,0.0,1,0.0,2,3.0,4,3.0,0,0.0,4,0.0
3574,Point,82,80,568850,134650,2,0,0.0,0,0,0,0.0,1,0.0,2,3.0,4,3.0,1,0.0,4,0.0
3575,Point,82,81,568950,134650,2,0,0.0,0,0,0,0.0,1,0.0,2,3.0,4,3.0,1,0.0,4,0.0
3576,Point,82,82,569050,134650,2,0,0.0,0,0,0,0.0,1,0.0,2,3.0,4,3.0,1,0.0,4,0.0
3577,Point,82,83,569150,134650,2,0,0.0,0,0,0,1.0,1,0.0,2,2.0,4,3.0,1,1.0,4,0.0
3578,Point,82,84,569250,134650,2,0,0.0,0,0,0,1.0,1,0.0,2,2.0,4,3.0,1,1.0,4,0.0
3579,Point,82,85,569350,134650,1,0,0.0,0,0,0,1.0,1,0.0,2,2.0,4,3.0,0,1.0,4,0.0
3580,Point,82,86,569450,134650,1,0,0.0,0,0,0,3.0,1,0.0,3,4.0,4,3.0,0,1.0,4,0.0
3581,Point,82,87,569550,134650,1,0,0.0,0,0,0,3.0,1,0.0,3,4.0,4,3.0,0,0.0,4,0.0
3582,Point,82,88,569650,134650,0,0,0.0,0,0,0,4.0,1,0.0,3,4.0,4,3.0,0,0.0,4,0.0
3583,Point,82,89,569750,134650,0,0,0.0,0,0,0,4.0,1,0.0,2,4.0,4,3.0,0,0.0,4,0.0
3584,Point,82,90,569850,134650,0,0,0.0,0,0,0,4.0,1,0.0,2,4.0,4,3.0,0,0.0,4,0.0
3585,Point,82,91,569950,134650,0,0,0.0,0,0,1,4.0,1,0.0,2,4.0,4,3.0,0,0.0,4,0.0
3586,Point,82,92,570050,134650,0,0,0.0,0,0,1,4.0,1,0.0,2,4.0,4,3.0,0,0.0,4,0.0
3587,Point,82,93,570150,134650,1,0,0.0,0,0,1,4.0,2,0.0,2,4.0,4,3.0,0,0.0,4,0.0
3588,Point,82,94,570250,134650,1,0,0.0,0,0,2,4.0,2,0.0,2,4.0,4,3.0,0,0.0,4,0.0
3589,Point,82,95,570350,134650,1,0,0.0,0,0,2,4.0,2,0.0,2,3.0,4,3.0,0,0.0,4,0.0
3590,Point,82,96,570450,134650,2,0,0.0,0,0,2,4.0,2,0.0,2,3.0,4,3.0,0,0.0,4,0.0
3591,Point,82,97,570550,134650,2,0,0.0,0,0,1,4.0,2,0.0,1,3.0,4,3.0,0,0.0,4,1.0
3592,Point,82,98,570650,134650,2,0,0.0,0,0,1,4.0,2,0.0,1,2.0,4,3.0,0,0.0,4,1.0
3593,Point,82,99,570750,134650,2,0,0.0,0,0,0,4.0,2,0.0,1,2.0,4,3.0,0,0.0,3,1.0
3594,Point,82,100,570850,134650,2,0,0.0,0,0,0,3.0,2,1.0,0,1.0,4,3.0,0,0.0,3,2.0
3595,Point,82,101,570950,134650,2,0,0.0,0,0,0,3.0,2,1.0,0,1.0,4,3.0,0,0.0,3,2.0
3596,Point,82,102,571050,134650,1,0,0.0,0,0,0,3.0,2,1.0,0,0.0,4,3.0,0,0.0,3,2.0
3597,Point,82,103,571150,134650,1,0,0.0,0,0,0,3.0,2,1.0,0,0.0,4,3.0,0,0.0,3,2.0
3598,Point,82,104,571250,134650,0,0,0.0,0,0,0,3.0,2,1.0,0,0.0,4,3.0,0,0.0,3,2.0
3599,Point,82,105,571350,134650,0,0,0.0,0,0,0,3.0,2,1.0,0,0.0,4,3.0,0,0.0,3,2.0
3600,Point,82,106,571450,134650,0,0,0.0,0,0,0,3.0,2,1.0,0,0.0,4,3.0,0,0.0,3,2.0
3601,Point,82,107,571550,134650,0,0,0.0,0,0,0,3.0,2,1.0,0,0.0,4,3.0,0,0.0,3,2.0
3602,Point,82,108,571650,134650,1,0,0.0,0,0,1,3.0,2,1.0,0,1.0,4,3.0,0,0.0,3,2.0
3603,Point,82,109,571750,134650,1,0,0.0,0,0,1,3.0,2,1.0,0,1.0,4,3.0,0,0.0,3,2.0
3604,Point,82,110,571850,134650,2,0,0.0,0,0,2,3.0,2,1.0,1,2.0,4,3.0,1,0.0,3,2.0
3605,Point,82,111,571950,134650,2,0,0.0,0,0,2,3.0,2,1.0,1,2.0,4,3.0,1,1.0,3,2.0
3606,Point,82,112,572050,134650,3,0,0.0,0,0,2,3.0,2,1.0,1,3.0,4,3.0,2,1.0,2,2.0
3607,Point,82,113,572150,134650,3,0,0.0,0,0,2,3.0,2,1.0,2,3.0,4,3.0,2,1.0,2,2.0
3608,Point,83,32,564050,134550,4,0,0.0,0,0,3,3.0,2,2.0,3,2.0,4,3.0,3,3.0,2,1.0
3609,Point,83,33,564150,134550,4,0,0.0,0,0,3,2.0,3,2.0,3,2.0,4,3.0,3,3.0,2,1.0
3610,Point,83,34,564250,134550,4,0,0.0,0,0,3,2.0,3,2.0,2,3.0,4,3.0,3,3.0,1,1.0
3611,Point,83,35,564350,134550,4,0,0.0,0,0,3,2.0,3,2.0,2,3.0,4,3.0,3,3.0,1,1.0
3612,Point,83,36,564450,134550,4,0,0.0,0,0,3,2.0,3,2.0,2,3.0,4,3.0,2,3.0,1,1.0
3613,Point,83,37,564550,134550,4,0,0.0,0,0,2,2.0,3,2.0,2,3.0,4,3.0,2,3.0,1,1.0
3614,Point,83,38,564650,134550,4,0,0.0,0,0,2,2.0,3,2.0,2,3.0,4,3.0,2,3.0,1,1.0
3615,Point,83,39,564750,134550,3,0,0.0,0,0,2,1.0,4,2.0,3,3.0,4,3.0,2,3.0,1,1.0
3616,Point,83,40,564850,134550,3,0,0.0,0,0,2,1.0,3,2.0,3,4.0,4,3.0,2,3.0,1,1.0
3617,Point,83,41,564950,134550,3,0,0.0,0,0,2,1.0,3,2.0,3,4.0,4,3.0,1,2.0,1,1.0
3618,Point,83,42,565050,134550,2,0,0.0,0,0,1,1.0,2,3.0,3,4.0,4,3.0,0,2.0,1,1.0
3619,Point,83,43,565150,134550,2,0,0.0,0,0,1,1.0,1,3.0,3,4.0,4,3.0,0,1.0,1,1.0
3620,Point,83,44,565250,134550,2,0,0.0,0,0,1,1.0,1,3.0,3,4.0,4,3.0,0,1.0,0,1.0
3621,Point,83,45,565350,134550,2,0,0.0,0,0,1,1.0,1,3.0,3,4.0,4,3.0,0,1.0,0,1.0
3622,Point,83,46,565450,134550,2,0,0.0,0,0,1,1.0,1,3.0,3,4.0,4,3.0,0,1.0,0,2.0
3623,Point,83,47,565550,134550,2,0,0.0,0,0,1,2.0,1,3.0,3,4.0,4,3.0,1,1.0,0,2.0
3624,Point,83,48,565650,134550,2,0,0.0,0,0,1,2.0,0,3.0,3,4.0,4,3.0,3,2.0,0,1.0
3625,Point,83,49,565750,134550,2,0,0.0,0,0,0,2.0,0,3.0,3,4.0,4,3.0,3,2.0,0,1.0
3626,Point,83,50,565850,134550,1,0,0.0,0,0,0,3.0,0,3.0,3,4.0,4,3.0,4,3.0,0,1.0
3627,Point,83,51,565950,134550,1,0,0.0,0,0,0,4.0,0,4.0,3,4.0,4,3.0,4,3.0,0,1.0
3628,Point,83,52,566050,134550,1,0,0.0,0,0,0,4.0,0,4.0,3,4.0,4,3.0,4,2.0,0,2.0
3629,Point,83,53,566150,134550,1,0,0.0,0,0,1,4.0,0,4.0,4,4.0,4,3.0,4,2.0,0,2.0
3630,Point,83,54,566250,134550,1,0,0.0,0,0,1,4.0,0,4.0,4,4.0,4,3.0,4,2.0,0,2.0
3631,Point,83,55,566350,134550,0,0,0.0,0,0,0,4.0,0,4.0,4,4.0,4,3.0,4,2.0,0,3.0
3632,Point,83,56,566450,134550,0,0,0.0,0,0,0,3.0,0,4.0,4,4.0,0,3.0,4,3.0,0,3.0
3633,Point,83,57,566550,134550,0,0,0.0,0,0,0,0.0,0,4.0,4,4.0,0,3.0,4,1.0,0,3.0
3634,Point,83,58,566650,134550,0,0,0.0,0,0,0,0.0,0,4.0,4,4.0,0,3.0,4,0.0,0,3.0
3635,Point,83,59,566750,134550,0,1,0.0,0,0,0,0.0,0,3.0,4,4.0,0,3.0,4,0.0,0,3.0
3636,Point,83,60,566850,134550,0,2,0.0,0,0,0,0.0,0,3.0,4,4.0,0,3.0,4,0.0,0,4.0
3637,Point,83,61,566950,134550,0,3,0.0,0,0,0,0.0,1,3.0,4,4.0,0,3.0,4,0.0,1,4.0
3638,Point,83,62,567050,134550,0,2,0.0,0,0,0,0.0,1,3.0,4,4.0,0,3.0,3,0.0,1,4.0
3639,Point,83,63,567150,134550,0,1,0.0,0,0,0,0.0,4,2.0,1,4.0,0,3.0,3,0.0,2,4.0
3640,Point,83,64,567250,134550,0,1,0.0,0,0,0,0.0,4,1.0,0,0.0,0,3.0,3,0.0,2,4.0
3641,Point,83,65,567350,134550,0,0,0.0,0,0,0,0.0,4,0.0,0,0.0,0,3.0,3,0.0,2,3.0
3642,Point,83,66,567450,134550,0,0,0.0,0,0,0,0.0,4,0.0,0,0.0,4,3.0,3,0.0,3,3.0
3643,Point,83,67,567550,134550,0,0,0.0,0,0,0,0.0,4,0.0,0,0.0,4,3.0,4,0.0,3,3.0
3644,Point,83,68,567650,134550,0,0,0.0,0,0,0,0.0,4,0.0,0,0.0,4,3.0,4,0.0,3,3.0
3645,Point,83,69,567750,134550,0,0,0.0,0,0,0,0.0,4,0.0,0,0.0,4,3.0,4,0.0,3,2.0
3646,Point,83,70,567850,134550,1,0,0.0,0,0,0,0.0,4,0.0,0,0.0,4,3.0,4,0.0,3,1.0
3647,Point,83,71,567950,134550,0,0,0.0,0,0,0,0.0,4,0.0,0,0.0,4,3.0,3,0.0,3,1.0
3648,Point,83,72,568050,134550,0,0,0.0,0,0,0,0.0,4,0.0,0,0.0,4,3.0,3,0.0,3,0.0
3649,Point,83,73,568150,134550,0,0,0.0,0,0,0,0.0,4,0.0,0,1.0,4,3.0,0,0.0,3,0.0
3650,Point,83,74,568250,134550,0,0,0.0,0,0,0,0.0,4,0.0,0,1.0,4,3.0,0,0.0,4,0.0
3651,Point,83,75,568350,134550,0,0,0.0,0,0,0,0.0,4,0.0,1,2.0,4,3.0,0,0.0,4,0.0
3652,Point,83,76,568450,134550,0,0,0.0,0,0,0,0.0,4,0.0,1,3.0,4,3.0,0,0.0,4,0.0
3653,Point,83,77,568550,134550,0,0,0.0,0,0,0,0.0,2,0.0,2,3.0,4,3.0,0,0.0,4,0.0
3654,Point,83,78,568650,134550,1,0,0.0,0,0,0,0.0,1,0.0,2,3.0,4,3.0,0,0.0,4,0.0
3655,Point,83,79,568750,134550,1,0,0.0,0,0,0,0.0,1,0.0,2,3.0,4,3.0,0,0.0,4,0.0
3656,Point,83,80,568850,134550,2,0,0.0,0,0,0,0.0,1,0.0,2,3.0,4,3.0,1,0.0,4,0.0
3657,Point,83,81,568950,134550,2,0,0.0,0,0,0,1.0,1,0.0,2,3.0,4,3.0,1,0.0,4,0.0
3658,Point,83,82,569050,134550,3,0,0.0,0,0,0,1.0,1,0.0,2,2.0,4,3.0,1,0.0,4,0.0
3659,Point,83,83,569150,134550,2,0,0.0,0,0,0,1.0,1,0.0,2,2.0,4,3.0,1,1.0,4,0.0
3660,Point,83,84,569250,134550,2,0,0.0,0,0,0,1.0,1,0.0,2,2.0,4,3.0,1,1.0,4,0.0
3661,Point,83,85,569350,134550,1,0,0.0,0,0,0,2.0,1,0.0,2,3.0,4,3.0,0,1.0,4,0.0
3662,Point,83,86,569450,134550,1,0,0.0,0,0,0,3.0,1,0.0,3,4.0,4,3.0,0,1.0,4,0.0
3663,Point,83,87,569550,134550,0,0,0.0,0,0,0,3.0,1,0.0,3,4.0,4,3.0,0,0.0,4,0.0
3664,Point,83,88,569650,134550,0,0,0.0,0,0,0,4.0,1,0.0,3,4.0,4,3.0,0,0.0,4,0.0
3665,Point,83,89,569750,134550,0,0,0.0,0,0,0,4.0,1,0.0,2,4.0,4,3.0,0,0.0,4,0.0
3666,Point,83,90,569850,134550,0,0,0.0,0,0,0,4.0,1,0.0,2,4.0,4,3.0,0,0.0,4,0.0
3667,Point,83,91,569950,134550,0,0,0.0,0,0,0,4.0,2,0.0,2,3.0,4,3.0,0,0.0,4,0.0
3668,Point,83,92,570050,134550,0,0,0.0,0,0,0,4.0,2,0.0,2,3.0,4,3.0,0,0.0,4,0.0
3669,Point,83,93,570150,134550,0,0,0.0,0,0,1,4.0,2,0.0,2,3.0,4,3.0,0,0.0,4,0.0
3670,Point,83,94,570250,134550,1,0,0.0,0,0,1,4.0,2,0.0,1,3.0,4,3.0,0,0.0,4,0.0
3671,Point,83,95,570350,134550,1,0,0.0,0,0,1,4.0,2,0.0,1,2.0,4,3.0,0,0.0,4,0.0
3672,Point,83,96,570450,134550,1,0,0.0,0,0,1,4.0,2,0.0,1,2.0,4,3.0,0,0.0,4,0.0
3673,Point,83,97,570550,134550,1,0,0.0,0,0,1,4.0,2,0.0,1,2.0,4,3.0,1,0.0,4,1.0
3674,Point,83,98,570650,134550,1,0,0.0,0,0,0,3.0,2,0.0,0,1.0,4,3.0,1,0.0,3,1.0
3675,Point,83,99,570750,134550,1,0,0.0,0,0,0,3.0,2,1.0,0,1.0,4,3.0,1,0.0,3,1.0
3676,Point,83,100,570850,134550,1,0,0.0,0,0,0,3.0,2,1.0,0,0.0,4,3.0,0,0.0,3,2.0
3677,Point,83,101,570950,134550,2,0,0.0,0,0,0,3.0,2,1.0,0,0.0,4,3.0,0,0.0,3,2.0
3678,Point,83,102,571050,134550,1,0,0.0,0,0,0,3.0,2,1.0,0,0.0,4,3.0,0,0.0,3,2.0
3679,Point,83,103,571150,134550,1,0,0.0,0,0,0,3.0,2,1.0,0,0.0,4,3.0,0,0.0,3,2.0
3680,Point,83,104,571250,134550,0,0,0.0,0,0,0,3.0,2,1.0,0,0.0,4,3.0,0,0.0,3,2.0
3681,Point,83,105,571350,134550,0,0,0.0,0,0,0,4.0,2,1.0,0,0.0,4,3.0,0,0.0,3,2.0
3682,Point,83,106,571450,134550,0,0,0.0,0,0,0,3.0,2,1.0,0,0.0,4,3.0,0,0.0,3,2.0
3683,Point,83,107,571550,134550,0,0,0.0,0,0,0,3.0,2,1.0,0,0.0,4,3.0,0,0.0,3,2.0
3684,Point,83,108,571650,134550,1,0,0.0,0,0,1,3.0,2,1.0,0,1.0,4,3.0,0,0.0,3,2.0
3685,Point,83,109,571750,134550,1,0,0.0,0,0,1,3.0,2,1.0,0,1.0,4,3.0,1,0.0,3,2.0
3686,Point,83,110,571850,134550,2,0,0.0,0,0,2,3.0,2,1.0,1,2.0,4,3.0,1,1.0,3,2.0
3687,Point,83,111,571950,134550,2,0,0.0,0,0,2,3.0,2,1.0,1,2.0,4,3.0,1,1.0,2,2.0
3688,Point,83,112,572050,134550,3,0,0.0,0,0,2,3.0,2,1.0,1,2.0,4,3.0,2,1.0,2,2.0
3689,Point,83,113,572150,134550,3,0,0.0,0,0,2,3.0,2,1.0,2,3.0,4,3.0,2,1.0,2,2.0
3690,Point,84,32,564050,134450,4,0,0.0,0,0,3,3.0,2,2.0,3,2.0,4,3.0,3,3.0,2,1.0
3691,Point,84,33,564150,134450,4,0,0.0,0,0,3,3.0,3,2.0,3,2.0,4,3.0,3,3.0,2,1.0
3692,Point,84,34,564250,134450,4,0,0.0,0,0,3,2.0,3,2.0,2,3.0,4,3.0,3,3.0,1,1.0
3693,Point,84,35,564350,134450,4,0,0.0,0,0,3,2.0,3,2.0,2,3.0,4,3.0,3,3.0,1,1.0
3694,Point,84,36,564450,134450,4,0,0.0,0,0,3,2.0,3,2.0,2,3.0,4,3.0,2,3.0,1,1.0
3695,Point,84,37,564550,134450,4,0,0.0,0,0,3,2.0,3,2.0,2,3.0,4,3.0,2,3.0,1,1.0
3696,Point,84,38,564650,134450,4,0,0.0,0,0,2,2.0,3,2.0,2,3.0,4,3.0,2,3.0,1,1.0
3697,Point,84,39,564750,134450,4,0,0.0,0,0,2,1.0,4,2.0,3,3.0,4,3.0,2,3.0,1,1.0
3698,Point,84,40,564850,134450,3,0,0.0,0,0,2,1.0,3,2.0,3,4.0,4,3.0,2,3.0,1,1.0
3699,Point,84,41,564950,134450,3,0,0.0,0,0,2,1.0,3,2.0,3,4.0,4,3.0,1,3.0,1,1.0
3700,Point,84,42,565050,134450,3,0,0.0,0,0,1,1.0,2,2.0,3,4.0,4,3.0,1,2.0,1,1.0
3701,Point,84,43,565150,134450,3,0,0.0,0,0,1,1.0,1,3.0,3,4.0,4,3.0,0,1.0,1,1.0
3702,Point,84,44,565250,134450,2,0,0.0,0,0,1,1.0,1,3.0,3,4.0,4,3.0,0,1.0,1,1.0
3703,Point,84,45,565350,134450,2,0,0.0,0,0,1,1.0,1,3.0,3,4.0,4,3.0,0,1.0,0,1.0
3704,Point,84,46,565450,134450,3,0,0.0,0,0,1,1.0,1,3.0,3,4.0,4,3.0,0,1.0,0,1.0
3705,Point,84,47,565550,134450,2,0,0.0,0,0,1,1.0,1,3.0,3,4.0,4,3.0,1,1.0,0,1.0
3706,Point,84,48,565650,134450,2,0,0.0,0,0,1,2.0,1,3.0,3,4.0,4,3.0,3,3.0,0,1.0
3707,Point,84,49,565750,134450,1,0,0.0,0,0,0,2.0,0,3.0,3,4.0,4,3.0,4,3.0,0,1.0
3708,Point,84,50,565850,134450,1,0,0.0,0,0,0,3.0,0,3.0,4,4.0,4,3.0,4,3.0,0,1.0
3709,Point,84,51,565950,134450,1,0,0.0,0,0,0,3.0,0,3.0,4,4.0,4,3.0,4,3.0,0,1.0
3710,Point,84,52,566050,134450,0,0,0.0,0,0,0,4.0,0,3.0,4,4.0,4,3.0,4,2.0,0,2.0
3711,Point,84,53,566150,134450,0,0,0.0,0,0,0,4.0,0,4.0,4,4.0,4,3.0,4,1.0,0,2.0
3712,Point,84,54,566250,134450,1,0,0.0,0,0,1,4.0,0,4.0,4,4.0,4,3.0,4,1.0,0,2.0
3713,Point,84,55,566350,134450,1,0,0.0,0,0,1,4.0,0,4.0,4,4.0,0,3.0,4,1.0,0,3.0
3714,Point,84,56,566450,134450,0,0,0.0,0,0,0,3.0,0,4.0,4,4.0,0,3.0,4,1.0,0,3.0
3715,Point,84,57,566550,134450,0,0,0.0,0,0,0,0.0,0,4.0,4,4.0,0,3.0,4,2.0,0,3.0
3716,Point,84,58,566650,134450,0,0,0.0,0,0,0,0.0,0,3.0,4,4.0,0,4.0,4,1.0,0,3.0
3717,Point,84,59,566750,134450,0,1,0.0,0,0,0,0.0,0,3.0,4,4.0,0,4.0,4,0.0,0,3.0
3718,Point,84,60,566850,134450,0,2,0.0,0,0,0,0.0,0,3.0,4,4.0,0,4.0,4,0.0,1,3.0
3719,Point,84,61,566950,134450,0,4,0.0,0,0,0,0.0,0,3.0,4,2.0,0,4.0,4,0.0,1,4.0
3720,Point,84,62,567050,134450,0,3,0.0,0,0,0,0.0,1,3.0,4,4.0,0,4.0,3,0.0,1,4.0
3721,Point,84,63,567150,134450,0,2,0.0,0,0,0,0.0,1,3.0,1,4.0,0,4.0,3,0.0,2,4.0
3722,Point,84,64,567250,134450,0,1,0.0,0,0,0,0.0,3,2.0,0,0.0,0,4.0,3,0.0,2,3.0
3723,Point,84,65,567350,134450,0,0,0.0,0,0,0,0.0,4,1.0,0,0.0,0,3.0,3,0.0,2,3.0
3724,Point,84,66,567450,134450,0,0,0.0,0,0,0,0.0,4,0.0,0,0.0,0,3.0,3,0.0,3,3.0
3725,Point,84,67,567550,134450,0,0,0.0,0,0,0,0.0,4,0.0,0,0.0,4,3.0,3,0.0,3,3.0
3726,Point,84,68,567650,134450,0,0,0.0,0,0,0,0.0,4,0.0,0,0.0,4,3.0,3,0.0,3,3.0
3727,Point,84,69,567750,134450,0,0,0.0,0,0,0,0.0,4,0.0,0,0.0,4,3.0,4,0.0,3,2.0
3728,Point,84,70,567850,134450,1,0,0.0,0,0,0,0.0,4,0.0,0,0.0,4,3.0,4,0.0,3,1.0
3729,Point,84,71,567950,134450,0,0,0.0,0,0,0,0.0,4,0.0,0,0.0,4,3.0,3,0.0,3,1.0
3730,Point,84,72,568050,134450,0,0,0.0,0,0,0,0.0,4,0.0,0,0.0,4,3.0,2,0.0,3,0.0
3731,Point,84,73,568150,134450,0,0,0.0,0,0,0,0.0,4,0.0,0,1.0,4,3.0,0,0.0,3,0.0
3732,Point,84,74,568250,134450,0,0,0.0,0,0,0,0.0,4,0.0,0,1.0,4,3.0,0,0.0,4,0.0
3733,Point,84,75,568350,134450,0,0,0.0,0,0,0,0.0,4,0.0,1,2.0,4,3.0,0,0.0,4,0.0
3734,Point,84,76,568450,134450,0,0,0.0,0,0,0,0.0,3,0.0,1,3.0,4,3.0,0,0.0,4,0.0
3735,Point,84,77,568550,134450,0,0,0.0,0,0,0,0.0,1,0.0,2,3.0,4,3.0,0,0.0,4,0.0
3736,Point,84,78,568650,134450,1,0,0.0,0,0,0,1.0,1,0.0,2,3.0,4,3.0,0,0.0,4,0.0
3737,Point,84,79,568750,134450,1,0,0.0,0,0,0,1.0,1,0.0,2,3.0,4,3.0,0,0.0,4,0.0
3738,Point,84,80,568850,134450,2,0,0.0,0,0,0,1.0,1,0.0,2,3.0,4,3.0,1,0.0,4,0.0
3739,Point,84,81,568950,134450,2,0,0.0,0,0,0,1.0,1,0.0,2,3.0,4,3.0,1,0.0,4,0.0
3740,Point,84,82,569050,134450,3,0,0.0,0,0,0,1.0,1,0.0,2,2.0,4,3.0,1,0.0,4,0.0
3741,Point,84,83,569150,134450,2,0,0.0,0,0,0,1.0,1,0.0,2,2.0,4,3.0,1,1.0,4,0.0
3742,Point,84,84,569250,134450,2,0,0.0,0,0,0,1.0,1,0.0,2,2.0,4,3.0,1,1.0,4,0.0
3743,Point,84,85,569350,134450,1,0,0.0,0,0,0,2.0,1,0.0,2,3.0,4,3.0,0,1.0,4,0.0
3744,Point,84,86,569450,134450,1,0,0.0,0,0,0,3.0,1,0.0,3,4.0,4,3.0,0,0.0,4,0.0
3745,Point,84,87,569550,134450,0,0,0.0,0,0,0,3.0,1,0.0,3,4.0,4,3.0,0,0.0,4,0.0
3746,Point,84,88,569650,134450,0,0,0.0,0,0,0,4.0,1,0.0,2,4.0,4,3.0,0,0.0,4,0.0
3747,Point,84,89,569750,134450,0,0,0.0,0,0,0,4.0,1,0.0,2,4.0,4,3.0,0,0.0,4,0.0
3748,Point,84,90,569850,134450,0,0,0.0,0,0,0,4.0,2,0.0,1,3.0,4,3.0,0,0.0,4,0.0
3749,Point,84,91,569950,134450,0,0,0.0,0,0,0,4.0,2,0.0,1,3.0,4,3.0,0,0.0,4,0.0
3750,Point,84,92,570050,134450,0,0,0.0,0,0,0,4.0,2,0.0,1,2.0,4,3.0,0,0.0,4,0.0
3751,Point,84,93,570150,134450,0,0,0.0,0,0,0,4.0,2,0.0,1,2.0,4,3.0,0,0.0,4,0.0
3752,Point,84,94,570250,134450,1,0,0.0,0,0,0,4.0,2,0.0,1,2.0,4,3.0,0,0.0,4,0.0
3753,Point,84,95,570350,134450,1,0,0.0,0,0,0,4.0,2,0.0,1,2.0,4,3.0,0,0.0,4,0.0
3754,Point,84,96,570450,134450,1,0,0.0,0,0,0,4.0,2,0.0,0,1.0,4,3.0,0,0.0,4,1.0
3755,Point,84,97,570550,134450,1,0,0.0,0,0,0,3.0,2,0.0,0,1.0,4,3.0,1,0.0,4,1.0
3756,Point,84,98,570650,134450,1,0,0.0,0,0,0,3.0,2,0.0,0,0.0,4,3.0,1,0.0,3,1.0
3757,Point,84,99,570750,134450,1,0,0.0,0,0,0,3.0,2,1.0,0,0.0,4,3.0,1,0.0,3,1.0
3758,Point,84,100,570850,134450,1,0,0.0,0,0,0,3.0,2,1.0,0,0.0,4,3.0,1,0.0,3,1.0
3759,Point,84,101,570950,134450,1,0,0.0,0,0,0,3.0,2,1.0,0,0.0,4,3.0,0,0.0,3,2.0
3760,Point,84,102,571050,134450,1,0,0.0,0,0,0,3.0,2,1.0,0,0.0,4,3.0,0,0.0,3,2.0
3761,Point,84,103,571150,134450,1,0,0.0,0,0,0,3.0,2,1.0,0,0.0,4,3.0,0,0.0,3,2.0
3762,Point,84,104,571250,134450,0,0,0.0,0,0,0,3.0,2,1.0,0,0.0,4,3.0,0,0.0,3,2.0
3763,Point,84,105,571350,134450,0,0,0.0,0,0,0,3.0,2,1.0,0,0.0,4,3.0,0,0.0,3,2.0
3764,Point,84,106,571450,134450,0,0,0.0,0,0,0,3.0,2,1.0,0,0.0,4,3.0,0,0.0,3,2.0
3765,Point,84,107,571550,134450,0,0,0.0,0,0,0,3.0,2,1.0,0,0.0,4,3.0,0,0.0,3,2.0
3766,Point,84,108,571650,134450,1,0,0.0,0,0,1,3.0,2,1.0,0,1.0,4,3.0,0,0.0,3,2.0
3767,Point,84,109,571750,134450,1,0,0.0,0,0,1,3.0,2,1.0,0,1.0,4,3.0,1,1.0,3,2.0
3768,Point,84,110,571850,134450,2,0,0.0,0,0,2,3.0,2,1.0,1,2.0,4,3.0,1,1.0,3,2.0
3769,Point,84,111,571950,134450,2,0,0.0,0,0,2,3.0,2,1.0,1,2.0,4,3.0,1,1.0,2,2.0
3770,Point,84,112,572050,134450,3,0,0.0,0,0,2,3.0,2,1.0,2,2.0,4,3.0,2,1.0,2,2.0
3771,Point,84,113,572150,134450,3,0,0.0,0,0,2,3.0,2,1.0,2,3.0,4,3.0,2,1.0,2,2.0
3772,Point,85,32,564050,134350,4,0,0.0,0,0,3,3.0,2,2.0,3,2.0,4,3.0,3,3.0,2,1.0
3773,Point,85,33,564150,134350,4,0,0.0,0,0,3,3.0,2,2.0,3,2.0,4,3.0,3,3.0,2,1.0
3774,Point,85,34,564250,134350,4,0,0.0,0,0,3,2.0,3,2.0,2,3.0,4,3.0,3,3.0,2,1.0
3775,Point,85,35,564350,134350,4,0,0.0,0,0,3,2.0,3,2.0,2,3.0,4,3.0,3,3.0,1,1.0
3776,Point,85,36,564450,134350,4,0,0.0,0,0,3,2.0,3,2.0,2,3.0,4,3.0,3,3.0,1,1.0
3777,Point,85,37,564550,134350,4,0,0.0,0,0,3,2.0,3,2.0,3,3.0,4,3.0,2,3.0,1,1.0
3778,Point,85,38,564650,134350,4,0,0.0,0,0,2,2.0,3,2.0,3,2.0,4,3.0,2,3.0,1,1.0
3779,Point,85,39,564750,134350,4,0,0.0,0,0,2,1.0,3,2.0,3,3.0,4,3.0,2,3.0,1,1.0
3780,Point,85,40,564850,134350,4,0,0.0,0,0,2,1.0,3,2.0,3,4.0,4,3.0,2,3.0,1,1.0
3781,Point,85,41,564950,134350,3,0,0.0,0,0,2,1.0,3,2.0,3,4.0,4,3.0,2,3.0,1,1.0
3782,Point,85,42,565050,134350,3,0,0.0,0,0,1,1.0,3,2.0,3,4.0,4,3.0,1,2.0,1,1.0
3783,Point,85,43,565150,134350,3,0,0.0,0,0,1,1.0,2,3.0,3,4.0,4,3.0,1,2.0,1,1.0
3784,Point,85,44,565250,134350,3,0,0.0,0,0,1,1.0,1,3.0,3,4.0,4,3.0,0,1.0,1,1.0
3785,Point,85,45,565350,134350,3,0,0.0,0,0,1,1.0,1,3.0,3,4.0,4,3.0,0,1.0,1,1.0
3786,Point,85,46,565450,134350,3,0,0.0,0,0,1,1.0,1,3.0,3,4.0,4,3.0,0,1.0,0,1.0
3787,Point,85,47,565550,134350,2,0,0.0,0,0,1,1.0,1,3.0,3,4.0,4,3.0,3,3.0,0,1.0
3788,Point,85,48,565650,134350,2,0,0.0,0,0,1,2.0,1,3.0,4,4.0,4,3.0,3,3.0,0,1.0
3789,Point,85,49,565750,134350,1,0,0.0,0,0,0,2.0,1,3.0,4,4.0,4,3.0,4,3.0,0,1.0
3790,Point,85,50,565850,134350,1,0,0.0,0,0,0,3.0,0,3.0,4,4.0,4,3.0,4,3.0,0,1.0
3791,Point,85,51,565950,134350,0,0,0.0,0,0,0,3.0,0,3.0,4,4.0,4,3.0,4,2.0,0,1.0
3792,Point,85,52,566050,134350,0,0,0.0,0,0,0,4.0,0,3.0,4,4.0,4,3.0,4,1.0,0,1.0
3793,Point,85,53,566150,134350,0,0,0.0,0,0,0,4.0,0,3.0,4,4.0,4,3.0,4,1.0,0,2.0
3794,Point,85,54,566250,134350,1,0,0.0,0,0,0,4.0,0,3.0,4,4.0,0,3.0,4,1.0,0,2.0
3795,Point,85,55,566350,134350,1,0,0.0,0,0,1,4.0,0,4.0,4,4.0,0,3.0,4,1.0,0,2.0
3796,Point,85,56,566450,134350,0,0,0.0,0,0,0,2.0,0,4.0,4,4.0,0,4.0,4,1.0,0,3.0
3797,Point,85,57,566550,134350,0,0,0.0,0,0,0,0.0,0,4.0,4,4.0,0,4.0,4,1.0,0,3.0
3798,Point,85,58,566650,134350,0,0,0.0,0,0,0,0.0,0,4.0,4,4.0,0,4.0,4,0.0,0,3.0
3799,Point,85,59,566750,134350,0,1,0.0,0,0,0,0.0,0,3.0,4,4.0,0,4.0,4,0.0,0,3.0
3800,Point,85,60,566850,134350,0,2,0.0,0,0,0,0.0,0,3.0,4,4.0,0,4.0,4,0.0,1,3.0
3801,Point,85,61,566950,134350,0,2,0.0,0,0,0,0.0,0,3.0,4,4.0,0,4.0,4,0.0,1,3.0
3802,Point,85,62,567050,134350,0,2,0.0,0,0,0,0.0,0,3.0,1,4.0,0,4.0,3,0.0,1,3.0
3803,Point,85,63,567150,134350,0,1,0.0,0,0,0,0.0,1,3.0,0,0.0,0,4.0,3,0.0,2,3.0
3804,Point,85,64,567250,134350,0,0,0.0,0,0,0,0.0,1,3.0,0,0.0,0,4.0,4,0.0,2,3.0
3805,Point,85,65,567350,134350,0,0,0.0,0,0,0,0.0,1,2.0,0,0.0,0,4.0,4,0.0,3,3.0
3806,Point,85,66,567450,134350,1,0,0.0,0,0,0,0.0,3,2.0,0,0.0,0,3.0,4,0.0,3,3.0
3807,Point,85,67,567550,134350,0,0,0.0,0,0,0,0.0,4,1.0,0,0.0,0,3.0,4,0.0,3,3.0
3808,Point,85,68,567650,134350,0,0,0.0,0,0,0,0.0,4,0.0,0,0.0,4,3.0,4,0.0,3,3.0
3809,Point,85,69,567750,134350,0,0,0.0,0,0,0,0.0,4,0.0,0,0.0,4,3.0,3,0.0,3,2.0
3810,Point,85,70,567850,134350,1,0,0.0,0,0,0,0.0,4,0.0,0,0.0,4,3.0,3,0.0,3,1.0
3811,Point,85,71,567950,134350,0,0,0.0,0,0,0,0.0,4,0.0,0,0.0,4,3.0,3,0.0,3,1.0
3812,Point,85,72,568050,134350,0,0,0.0,0,0,0,0.0,4,0.0,0,0.0,4,3.0,1,0.0,3,0.0
3813,Point,85,73,568150,134350,0,0,0.0,0,0,0,0.0,4,0.0,0,1.0,4,3.0,0,0.0,3,0.0
3814,Point,85,74,568250,134350,1,0,0.0,0,0,0,1.0,4,0.0,0,1.0,4,3.0,0,0.0,4,0.0
3815,Point,85,75,568350,134350,0,0,0.0,0,0,0,2.0,2,0.0,1,2.0,4,3.0,0,0.0,4,0.0
3816,Point,85,76,568450,134350,0,0,0.0,0,0,0,3.0,1,0.0,1,3.0,4,3.0,0,0.0,4,0.0
3817,Point,85,77,568550,134350,0,0,0.0,0,0,0,3.0,1,0.0,2,3.0,4,3.0,0,0.0,4,0.0
3818,Point,85,78,568650,134350,0,0,0.0,0,0,0,3.0,1,0.0,2,3.0,4,3.0,0,0.0,4,0.0
3819,Point,85,79,568750,134350,1,0,0.0,0,0,0,2.0,1,0.0,2,3.0,4,3.0,0,0.0,4,0.0
3820,Point,85,80,568850,134350,1,0,0.0,0,0,0,2.0,1,0.0,2,3.0,4,3.0,1,0.0,4,0.0
3821,Point,85,81,568950,134350,2,0,0.0,0,0,0,1.0,1,0.0,2,2.0,4,3.0,1,0.0,4,0.0
3822,Point,85,82,569050,134350,2,0,0.0,0,0,0,1.0,1,0.0,2,2.0,4,3.0,2,0.0,4,0.0
3823,Point,85,83,569150,134350,2,0,0.0,0,0,0,1.0,1,0.0,2,2.0,4,3.0,2,1.0,4,0.0
3824,Point,85,84,569250,134350,2,0,0.0,0,0,0,1.0,1,0.0,2,2.0,4,3.0,1,1.0,4,0.0
3825,Point,85,85,569350,134350,1,0,0.0,0,0,0,2.0,1,0.0,2,3.0,4,3.0,0,1.0,4,0.0
3826,Point,85,86,569450,134350,1,0,0.0,0,0,0,3.0,1,0.0,2,4.0,4,3.0,0,0.0,4,0.0
3827,Point,85,87,569550,134350,1,0,0.0,0,0,1,4.0,1,0.0,2,4.0,4,3.0,0,0.0,4,0.0
3828,Point,85,88,569650,134350,0,0,0.0,0,0,1,4.0,2,0.0,1,4.0,4,3.0,0,0.0,4,0.0
3829,Point,85,89,569750,134350,0,0,0.0,0,0,1,4.0,2,0.0,1,3.0,4,3.0,0,0.0,4,0.0
3830,Point,85,90,569850,134350,0,0,0.0,0,0,0,4.0,2,0.0,1,2.0,4,3.0,0,0.0,4,0.0
3831,Point,85,91,569950,134350,0,0,0.0,0,0,0,4.0,2,0.0,1,2.0,4,3.0,0,0.0,4,0.0
3832,Point,85,92,570050,134350,0,0,0.0,0,0,0,4.0,2,0.0,0,1.0,4,3.0,0,0.0,4,0.0
3833,Point,85,93,570150,134350,0,0,0.0,0,0,0,4.0,2,0.0,0,1.0,4,3.0,0,0.0,4,0.0
3834,Point,85,94,570250,134350,1,0,0.0,0,0,0,4.0,2,0.0,0,1.0,4,3.0,0,0.0,4,0.0
3835,Point,85,95,570350,134350,1,0,0.0,0,0,0,3.0,2,0.0,0,1.0,4,3.0,0,0.0,4,0.0
3836,Point,85,96,570450,134350,1,0,0.0,0,0,0,3.0,2,0.0,0,0.0,4,3.0,1,0.0,4,1.0
3837,Point,85,97,570550,134350,0,0,0.0,0,0,0,3.0,2,0.0,0,0.0,4,3.0,1,0.0,3,1.0
3838,Point,85,98,570650,134350,0,0,0.0,0,0,0,3.0,2,1.0,0,0.0,4,3.0,1,0.0,3,1.0
3839,Point,85,99,570750,134350,0,0,0.0,0,0,0,3.0,2,1.0,0,0.0,4,3.0,1,0.0,3,1.0
3840,Point,85,100,570850,134350,1,0,0.0,0,0,0,3.0,2,1.0,0,0.0,4,3.0,1,0.0,3,2.0
3841,Point,85,101,570950,134350,1,0,0.0,0,0,0,3.0,2,1.0,0,0.0,4,3.0,1,0.0,3,2.0
3842,Point,85,102,571050,134350,1,0,0.0,0,0,0,3.0,2,1.0,0,0.0,4,3.0,0,0.0,3,2.0
3843,Point,85,103,571150,134350,1,0,0.0,0,0,0,3.0,2,1.0,0,0.0,4,3.0,0,0.0,3,2.0
3844,Point,85,104,571250,134350,1,0,0.0,0,0,0,3.0,2,1.0,0,0.0,4,3.0,0,0.0,3,2.0
3845,Point,85,105,571350,134350,1,0,0.0,0,0,0,3.0,2,1.0,0,0.0,4,3.0,0,0.0,3,2.0
3846,Point,85,106,571450,134350,1,0,0.0,0,0,0,3.0,2,1.0,0,0.0,4,3.0,0,0.0,3,2.0
3847,Point,85,107,571550,134350,1,0,0.0,0,0,1,3.0,2,1.0,0,1.0,4,3.0,0,0.0,3,2.0
3848,Point,85,108,571650,134350,1,0,0.0,0,0,1,3.0,2,1.0,0,1.0,4,3.0,1,1.0,3,2.0
3849,Point,85,109,571750,134350,2,0,0.0,0,0,2,3.0,2,1.0,1,1.0,4,3.0,1,1.0,3,2.0
3850,Point,85,110,571850,134350,2,0,0.0,0,0,2,3.0,2,1.0,1,2.0,4,3.0,1,1.0,3,2.0
3851,Point,85,111,571950,134350,2,0,0.0,0,0,2,3.0,2,1.0,2,2.0,4,3.0,2,1.0,2,2.0
3852,Point,85,112,572050,134350,3,0,0.0,0,0,2,3.0,2,1.0,3,2.0,4,3.0,2,1.0,2,2.0
3853,Point,85,113,572150,134350,3,0,0.0,0,0,2,3.0,2,1.0,3,2.0,4,3.0,2,1.0,2,2.0
3854,Point,86,32,564050,134250,4,0,0.0,0,0,3,3.0,2,1.0,3,2.0,4,3.0,3,3.0,2,1.0
3855,Point,86,33,564150,134250,4,0,0.0,0,0,3,3.0,2,2.0,3,2.0,4,3.0,3,3.0,2,1.0
3856,Point,86,34,564250,134250,4,0,0.0,0,0,3,2.0,2,2.0,3,3.0,4,3.0,3,3.0,2,1.0
3857,Point,86,35,564350,134250,4,0,0.0,0,0,3,2.0,3,2.0,3,3.0,4,3.0,3,3.0,1,1.0
3858,Point,86,36,564450,134250,4,0,0.0,0,0,3,2.0,3,2.0,3,3.0,4,3.0,3,3.0,1,1.0
3859,Point,86,37,564550,134250,4,0,0.0,0,0,3,2.0,3,2.0,3,2.0,4,3.0,3,3.0,1,1.0
3860,Point,86,38,564650,134250,4,0,0.0,0,0,2,2.0,3,2.0,3,2.0,4,3.0,2,3.0,1,1.0
3861,Point,86,39,564750,134250,4,0,0.0,0,0,2,2.0,3,2.0,3,3.0,4,3.0,2,3.0,1,1.0
3862,Point,86,40,564850,134250,4,0,0.0,0,0,2,1.0,3,2.0,3,3.0,4,3.0,2,3.0,1,1.0
3863,Point,86,41,564950,134250,4,0,0.0,0,0,2,1.0,3,2.0,3,4.0,4,3.0,2,3.0,1,1.0
3864,Point,86,42,565050,134250,4,0,0.0,0,0,1,1.0,3,2.0,3,4.0,4,3.0,2,3.0,1,1.0
3865,Point,86,43,565150,134250,4,0,0.0,0,0,1,1.0,3,2.0,3,4.0,4,3.0,1,2.0,1,1.0
3866,Point,86,44,565250,134250,3,0,0.0,0,0,1,1.0,2,3.0,4,4.0,4,3.0,0,1.0,1,1.0
3867,Point,86,45,565350,134250,3,0,0.0,0,0,1,1.0,1,3.0,4,4.0,4,3.0,0,1.0,1,1.0
3868,Point,86,46,565450,134250,3,0,0.0,0,0,1,1.0,1,3.0,3,4.0,4,3.0,1,2.0,1,1.0
3869,Point,86,47,565550,134250,2,0,0.0,0,0,1,1.0,1,3.0,4,4.0,4,3.0,3,3.0,0,1.0
3870,Point,86,48,565650,134250,2,0,0.0,0,0,1,2.0,1,3.0,4,4.0,4,3.0,4,4.0,0,1.0
3871,Point,86,49,565750,134250,1,0,0.0,0,0,1,2.0,1,3.0,4,4.0,4,3.0,4,3.0,0,1.0
3872,Point,86,50,565850,134250,1,0,0.0,0,0,0,2.0,1,3.0,4,4.0,4,3.0,4,3.0,0,1.0
3873,Point,86,51,565950,134250,0,0,0.0,0,0,0,3.0,0,3.0,4,4.0,4,3.0,4,1.0,0,1.0
3874,Point,86,52,566050,134250,0,0,0.0,0,0,0,3.0,0,3.0,4,4.0,4,3.0,4,1.0,0,1.0
3875,Point,86,53,566150,134250,0,0,0.0,0,0,0,4.0,0,3.0,4,4.0,0,3.0,4,1.0,0,1.0
3876,Point,86,54,566250,134250,0,0,0.0,0,0,0,4.0,0,3.0,4,4.0,0,3.0,4,0.0,0,2.0
3877,Point,86,55,566350,134250,1,0,0.0,0,0,0,4.0,0,3.0,4,4.0,0,4.0,4,0.0,0,2.0
3878,Point,86,56,566450,134250,1,0,0.0,0,0,0,3.0,0,4.0,4,4.0,0,4.0,4,0.0,0,2.0
3879,Point,86,57,566550,134250,0,0,0.0,0,0,0,0.0,0,4.0,4,4.0,0,4.0,4,0.0,0,3.0
3880,Point,86,58,566650,134250,0,1,0.0,0,0,0,0.0,0,4.0,4,4.0,0,4.0,4,0.0,0,3.0
3881,Point,86,59,566750,134250,0,2,0.0,0,0,0,0.0,0,4.0,4,4.0,0,4.0,4,0.0,1,3.0
3882,Point,86,60,566850,134250,0,2,0.0,0,0,0,0.0,0,3.0,4,4.0,0,4.0,4,0.0,1,3.0
3883,Point,86,61,566950,134250,0,2,0.0,0,0,0,0.0,0,3.0,1,4.0,0,4.0,4,0.0,1,3.0
3884,Point,86,62,567050,134250,0,2,0.0,0,0,0,0.0,0,3.0,0,0.0,0,4.0,3,0.0,1,3.0
3885,Point,86,63,567150,134250,0,1,0.0,0,0,0,0.0,0,3.0,0,0.0,0,4.0,4,0.0,2,3.0
3886,Point,86,64,567250,134250,0,1,0.0,0,0,0,0.0,0,3.0,0,0.0,0,4.0,4,0.0,2,3.0
3887,Point,86,65,567350,134250,0,1,0.0,0,0,0,0.0,1,3.0,0,0.0,0,4.0,4,0.0,3,3.0
3888,Point,86,66,567450,134250,0,0,0.0,0,0,0,0.0,1,3.0,0,0.0,0,4.0,4,0.0,3,3.0
3889,Point,86,67,567550,134250,1,0,0.0,0,0,0,0.0,1,3.0,0,0.0,0,3.0,4,0.0,3,3.0
3890,Point,86,68,567650,134250,1,0,0.0,0,0,0,0.0,1,2.0,0,0.0,0,3.0,4,0.0,3,3.0
3891,Point,86,69,567750,134250,1,0,0.0,0,0,0,0.0,2,1.0,0,0.0,4,3.0,3,0.0,3,2.0
3892,Point,86,70,567850,134250,1,0,0.0,0,0,0,0.0,3,0.0,0,0.0,4,3.0,3,0.0,3,1.0
3893,Point,86,71,567950,134250,0,0,0.0,0,0,0,1.0,3,0.0,0,0.0,4,3.0,3,0.0,3,1.0
3894,Point,86,72,568050,134250,0,0,0.0,0,0,0,3.0,3,0.0,0,0.0,4,3.0,0,0.0,3,1.0
3895,Point,86,73,568150,134250,0,0,0.0,0,0,0,4.0,3,0.0,0,1.0,4,3.0,0,0.0,3,0.0
3896,Point,86,74,568250,134250,1,0,0.0,0,0,0,3.0,2,0.0,0,1.0,4,3.0,0,0.0,3,0.0
3897,Point,86,75,568350,134250,0,0,0.0,0,0,0,4.0,1,0.0,1,2.0,4,3.0,0,0.0,4,0.0
3898,Point,86,76,568450,134250,0,0,0.0,0,0,0,4.0,1,0.0,1,2.0,4,3.0,0,1.0,4,0.0
3899,Point,86,77,568550,134250,0,0,0.0,0,0,0,4.0,1,0.0,2,3.0,4,3.0,0,0.0,4,0.0
3900,Point,86,78,568650,134250,0,0,0.0,0,0,0,3.0,1,0.0,2,2.0,4,3.0,0,0.0,4,0.0
3901,Point,86,79,568750,134250,1,0,0.0,0,0,0,3.0,1,0.0,2,2.0,4,3.0,1,0.0,4,0.0
3902,Point,86,80,568850,134250,1,0,0.0,0,0,0,2.0,1,0.0,2,2.0,4,3.0,1,0.0,4,0.0
3903,Point,86,81,568950,134250,2,0,0.0,0,0,1,1.0,1,0.0,2,2.0,4,3.0,2,0.0,4,0.0
3904,Point,86,82,569050,134250,2,0,0.0,0,0,1,1.0,1,0.0,2,2.0,4,3.0,2,0.0,4,0.0
3905,Point,86,83,569150,134250,3,0,0.0,0,0,1,1.0,1,0.0,2,2.0,4,3.0,2,1.0,4,0.0
3906,Point,86,84,569250,134250,2,0,0.0,0,0,1,2.0,1,0.0,2,3.0,4,3.0,1,1.0,4,0.0
3907,Point,86,85,569350,134250,2,0,0.0,0,0,1,3.0,2,0.0,2,4.0,4,3.0,0,0.0,4,0.0
3908,Point,86,86,569450,134250,1,0,0.0,0,0,2,4.0,2,0.0,2,4.0,4,3.0,0,0.0,4,0.0
3909,Point,86,87,569550,134250,1,0,0.0,0,0,2,4.0,2,0.0,1,4.0,4,3.0,0,0.0,4,0.0
3910,Point,86,88,569650,134250,1,0,0.0,0,0,1,4.0,2,0.0,1,3.0,4,3.0,0,0.0,4,0.0
3911,Point,86,89,569750,134250,0,0,0.0,0,0,1,4.0,2,0.0,1,2.0,4,3.0,0,0.0,4,0.0
3912,Point,86,90,569850,134250,0,0,0.0,0,0,0,4.0,2,0.0,0,1.0,4,3.0,0,0.0,4,0.0
3913,Point,86,91,569950,134250,0,0,0.0,0,0,0,4.0,2,0.0,0,1.0,4,3.0,0,0.0,4,0.0
3914,Point,86,92,570050,134250,1,0,0.0,0,0,0,4.0,2,0.0,0,1.0,4,3.0,0,0.0,4,0.0
3915,Point,86,93,570150,134250,1,0,0.0,0,0,0,3.0,2,0.0,0,0.0,4,3.0,0,0.0,4,0.0
3916,Point,86,94,570250,134250,1,0,0.0,0,0,0,3.0,2,0.0,0,0.0,4,3.0,0,1.0,4,0.0
3917,Point,86,95,570350,134250,1,0,0.0,0,0,0,3.0,2,0.0,0,0.0,4,3.0,0,1.0,4,0.0
3918,Point,86,96,570450,134250,1,0,0.0,0,0,0,3.0,2,0.0,0,0.0,4,3.0,1,0.0,4,1.0
3919,Point,86,97,570550,134250,0,0,0.0,0,0,0,3.0,2,1.0,0,0.0,4,3.0,1,0.0,3,1.0
3920,Point,86,98,570650,134250,0,0,0.0,0,0,0,3.0,2,1.0,0,0.0,4,3.0,1,0.0,3,1.0
3921,Point,86,99,570750,134250,0,0,0.0,0,0,0,3.0,2,1.0,0,0.0,4,3.0,1,0.0,3,1.0
3922,Point,86,100,570850,134250,0,0,0.0,0,0,0,3.0,2,1.0,0,0.0,4,3.0,1,0.0,3,2.0
3923,Point,86,101,570950,134250,1,0,0.0,0,0,0,3.0,2,1.0,0,0.0,4,3.0,1,0.0,3,2.0
3924,Point,86,102,571050,134250,1,0,0.0,0,0,0,3.0,2,1.0,0,0.0,4,3.0,1,0.0,3,2.0
3925,Point,86,103,571150,134250,1,0,0.0,0,0,0,3.0,2,1.0,0,0.0,4,3.0,1,0.0,3,2.0
3926,Point,86,104,571250,134250,1,0,0.0,0,0,0,3.0,2,1.0,0,0.0,4,3.0,0,0.0,3,2.0
3927,Point,86,105,571350,134250,1,0,0.0,0,0,0,3.0,2,1.0,0,0.0,4,3.0,0,0.0,3,2.0
3928,Point,86,106,571450,134250,1,0,0.0,0,0,0,3.0,2,1.0,0,1.0,4,3.0,0,0.0,3,2.0
3929,Point,86,107,571550,134250,1,0,0.0,0,0,1,3.0,2,1.0,0,1.0,4,3.0,1,1.0,3,2.0
3930,Point,86,108,571650,134250,1,0,0.0,0,0,1,3.0,2,1.0,1,1.0,4,3.0,1,1.0,3,2.0
3931,Point,86,109,571750,134250,2,0,0.0,0,0,2,3.0,2,1.0,1,2.0,4,3.0,1,1.0,3,2.0
3932,Point,86,110,571850,134250,2,0,0.0,0,0,2,3.0,2,1.0,2,2.0,4,3.0,1,1.0,2,2.0
3933,Point,86,111,571950,134250,3,0,0.0,0,0,2,3.0,2,1.0,3,2.0,4,3.0,2,1.0,2,2.0
3934,Point,86,112,572050,134250,3,0,0.0,0,0,2,3.0,2,1.0,3,2.0,4,3.0,2,1.0,2,2.0
3935,Point,86,113,572150,134250,4,0,0.0,0,0,2,3.0,2,1.0,3,2.0,4,3.0,2,1.0,2,2.0
3936,Point,87,32,564050,134150,4,0,0.0,0,0,3,3.0,2,1.0,3,2.0,4,3.0,3,3.0,2,1.0
3937,Point,87,33,564150,134150,4,0,0.0,0,0,3,3.0,2,1.0,3,2.0,4,3.0,3,3.0,2,1.0
3938,Point,87,34,564250,134150,4,0,0.0,0,0,3,2.0,2,2.0,3,2.0,4,3.0,3,3.0,2,1.0
3939,Point,87,35,564350,134150,4,0,0.0,0,0,3,2.0,3,2.0,3,2.0,4,3.0,3,3.0,2,1.0
3940,Point,87,36,564450,134150,4,0,0.0,0,0,3,2.0,3,2.0,3,2.0,4,3.0,3,3.0,1,1.0
3941,Point,87,37,564550,134150,4,0,0.0,0,0,3,2.0,3,2.0,3,2.0,4,3.0,3,3.0,1,1.0
3942,Point,87,38,564650,134150,4,0,0.0,0,0,3,2.0,3,2.0,3,2.0,4,3.0,3,3.0,1,1.0
3943,Point,87,39,564750,134150,4,0,0.0,0,0,2,2.0,3,2.0,3,3.0,4,3.0,2,3.0,1,1.0
3944,Point,87,40,564850,134150,4,0,0.0,0,0,2,1.0,3,2.0,3,3.0,4,3.0,2,3.0,1,1.0
3945,Point,87,41,564950,134150,4,0,0.0,0,0,2,1.0,3,2.0,3,3.0,4,3.0,2,3.0,1,1.0
3946,Point,87,42,565050,134150,4,0,0.0,0,0,2,1.0,3,2.0,3,3.0,4,3.0,2,3.0,1,1.0
3947,Point,87,43,565150,134150,4,0,0.0,0,0,1,1.0,3,2.0,4,4.0,4,3.0,2,2.0,1,1.0
3948,Point,87,44,565250,134150,4,0,0.0,0,0,1,1.0,3,3.0,4,4.0,4,3.0,1,1.0,1,1.0
3949,Point,87,45,565350,134150,3,0,0.0,0,0,1,1.0,2,3.0,4,4.0,4,3.0,1,1.0,1,1.0
3950,Point,87,46,565450,134150,3,0,0.0,0,0,1,1.0,1,3.0,4,4.0,4,3.0,2,3.0,1,1.0
3951,Point,87,47,565550,134150,2,0,0.0,0,0,1,1.0,1,3.0,4,4.0,4,3.0,3,4.0,1,1.0
3952,Point,87,48,565650,134150,2,0,0.0,0,0,1,2.0,1,3.0,4,4.0,4,3.0,4,4.0,0,1.0
3953,Point,87,49,565750,134150,1,0,0.0,0,0,1,2.0,1,3.0,4,4.0,4,3.0,4,3.0,0,1.0
3954,Point,87,50,565850,134150,1,0,0.0,0,0,0,2.0,1,3.0,4,4.0,4,3.0,4,2.0,0,1.0
3955,Point,87,51,565950,134150,0,0,0.0,0,0,0,2.0,1,3.0,4,4.0,4,3.0,4,1.0,0,1.0
3956,Point,87,52,566050,134150,0,0,0.0,0,0,0,3.0,0,3.0,4,4.0,0,3.0,4,1.0,0,1.0
3957,Point,87,53,566150,134150,0,0,0.0,0,0,0,3.0,0,3.0,4,4.0,0,3.0,4,1.0,0,1.0
3958,Point,87,54,566250,134150,1,0,0.0,0,0,0,4.0,0,3.0,4,4.0,0,4.0,4,0.0,0,1.0
3959,Point,87,55,566350,134150,1,0,0.0,0,0,0,4.0,0,3.0,4,4.0,0,4.0,4,0.0,0,2.0
3960,Point,87,56,566450,134150,1,0,0.0,0,0,0,3.0,0,4.0,4,4.0,0,4.0,4,0.0,0,2.0
3961,Point,87,57,566550,134150,1,0,0.0,0,0,0,1.0,0,4.0,4,4.0,0,4.0,4,0.0,0,2.0
3962,Point,87,58,566650,134150,0,1,0.0,0,0,0,0.0,0,4.0,4,4.0,0,4.0,4,0.0,1,3.0
3963,Point,87,59,566750,134150,0,2,0.0,0,0,0,0.0,0,4.0,4,2.0,0,4.0,4,0.0,1,3.0
3964,Point,87,60,566850,134150,0,3,0.0,0,0,0,0.0,0,4.0,4,4.0,0,4.0,4,0.0,1,3.0
3965,Point,87,61,566950,134150,0,4,0.0,0,0,0,0.0,0,4.0,3,4.0,0,4.0,4,0.0,1,3.0
3966,Point,87,62,567050,134150,0,2,0.0,0,0,0,0.0,0,3.0,0,0.0,0,4.0,4,0.0,1,3.0
3967,Point,87,63,567150,134150,0,2,0.0,0,0,0,0.0,0,3.0,0,0.0,0,4.0,4,0.0,2,3.0
3968,Point,87,64,567250,134150,0,2,0.0,0,0,0,0.0,0,3.0,0,0.0,0,4.0,4,0.0,2,3.0
3969,Point,87,65,567350,134150,0,1,0.0,0,0,0,0.0,0,3.0,0,0.0,0,4.0,4,0.0,3,3.0
3970,Point,87,66,567450,134150,0,0,0.0,0,0,0,0.0,1,3.0,0,0.0,0,4.0,4,0.0,3,3.0
3971,Point,87,67,567550,134150,0,0,0.0,0,0,0,0.0,1,3.0,0,0.0,0,4.0,4,0.0,3,3.0
3972,Point,87,68,567650,134150,0,0,0.0,0,0,0,0.0,1,3.0,0,0.0,0,3.0,3,0.0,3,2.0
3973,Point,87,69,567750,134150,0,0,0.0,0,0,0,0.0,1,2.0,0,0.0,0,3.0,3,0.0,3,2.0
3974,Point,87,70,567850,134150,0,0,0.0,0,0,0,1.0,1,2.0,0,0.0,4,3.0,3,0.0,3,1.0
3975,Point,87,71,567950,134150,1,0,0.0,0,0,0,2.0,1,1.0,0,0.0,4,3.0,1,0.0,3,1.0
3976,Point,87,72,568050,134150,1,0,0.0,0,0,0,3.0,1,1.0,0,0.0,4,3.0,0,0.0,3,1.0
3977,Point,87,73,568150,134150,1,0,0.0,0,0,0,3.0,1,0.0,0,1.0,4,3.0,0,0.0,3,0.0
3978,Point,87,74,568250,134150,1,0,0.0,0,0,0,3.0,2,0.0,0,1.0,4,3.0,0,0.0,3,0.0
3979,Point,87,75,568350,134150,0,0,0.0,0,0,0,3.0,2,0.0,1,2.0,4,3.0,0,1.0,3,0.0
3980,Point,87,76,568450,134150,0,0,0.0,0,0,0,4.0,2,0.0,1,2.0,4,3.0,0,1.0,4,0.0
3981,Point,87,77,568550,134150,0,0,0.0,0,0,0,3.0,2,0.0,1,2.0,4,3.0,0,0.0,4,0.0
3982,Point,87,78,568650,134150,0,0,0.0,0,0,0,3.0,2,0.0,1,2.0,4,3.0,0,0.0,4,0.0
3983,Point,87,79,568750,134150,1,0,0.0,0,0,1,3.0,2,0.0,1,2.0,4,3.0,1,0.0,4,0.0
3984,Point,87,80,568850,134150,1,0,0.0,0,0,1,2.0,1,0.0,1,2.0,4,3.0,2,0.0,4,0.0
3985,Point,87,81,568950,134150,2,0,0.0,0,0,1,2.0,2,0.0,1,2.0,4,3.0,3,0.0,4,0.0
3986,Point,87,82,569050,134150,2,0,0.0,0,0,2,3.0,2,0.0,1,2.0,4,3.0,2,0.0,4,0.0
3987,Point,87,83,569150,134150,3,0,0.0,0,0,2,3.0,2,0.0,1,2.0,4,3.0,1,0.0,4,0.0
3988,Point,87,84,569250,134150,2,0,0.0,0,0,2,3.0,2,0.0,1,3.0,4,3.0,1,0.0,4,0.0
3989,Point,87,85,569350,134150,2,0,0.0,0,0,3,4.0,2,0.0,1,4.0,4,3.0,0,0.0,4,0.0
3990,Point,87,86,569450,134150,2,0,0.0,0,0,3,4.0,2,0.0,1,4.0,4,3.0,0,0.0,4,0.0
3991,Point,87,87,569550,134150,1,0,0.0,0,0,2,4.0,2,0.0,1,3.0,4,3.0,0,0.0,4,0.0
3992,Point,87,88,569650,134150,1,0,0.0,0,0,2,4.0,2,0.0,0,2.0,4,3.0,0,0.0,4,0.0
3993,Point,87,89,569750,134150,0,0,0.0,0,0,1,4.0,2,0.0,0,1.0,4,3.0,0,0.0,4,0.0
3994,Point,87,90,569850,134150,0,0,0.0,0,0,0,4.0,2,0.0,0,0.0,4,3.0,0,0.0,4,0.0
3995,Point,87,91,569950,134150,0,0,0.0,0,0,0,4.0,2,0.0,0,0.0,4,3.0,0,0.0,4,0.0
3996,Point,87,92,570050,134150,0,0,0.0,0,0,0,4.0,2,0.0,0,0.0,4,3.0,0,0.0,4,0.0
3997,Point,87,93,570150,134150,1,0,0.0,0,0,0,3.0,2,0.0,0,0.0,4,3.0,0,1.0,4,0.0
3998,Point,87,94,570250,134150,1,0,0.0,0,0,0,3.0,2,0.0,0,0.0,4,3.0,0,1.0,4,0.0
3999,Point,87,95,570350,134150,1,0,0.0,0,0,0,3.0,2,0.0,0,0.0,4,3.0,1,1.0,4,1.0
4000,Point,87,96,570450,134150,1,0,0.0,0,0,0,3.0,2,1.0,0,0.0,4,3.0,1,1.0,3,1.0
4001,Point,87,97,570550,134150,0,0,0.0,0,0,0,3.0,2,1.0,0,0.0,4,3.0,1,0.0,3,1.0
4002,Point,87,98,570650,134150,0,0,0.0,0,0,0,3.0,2,1.0,0,0.0,4,3.0,1,0.0,3,1.0
4003,Point,87,99,570750,134150,0,0,0.0,0,0,0,3.0,2,1.0,0,0.0,4,3.0,1,0.0,3,1.0
4004,Point,87,100,570850,134150,0,0,0.0,0,0,0,3.0,2,1.0,0,0.0,4,3.0,1,0.0,3,2.0
4005,Point,87,101,570950,134150,1,0,0.0,0,0,0,3.0,2,1.0,0,0.0,4,3.0,1,0.0,3,2.0
4006,Point,87,102,571050,134150,1,0,0.0,0,0,0,3.0,2,1.0,0,0.0,4,3.0,1,0.0,3,2.0
4007,Point,87,103,571150,134150,2,0,0.0,0,0,0,3.0,2,1.0,0,0.0,4,3.0,1,0.0,3,2.0
4008,Point,87,104,571250,134150,1,0,0.0,0,0,0,3.0,2,1.0,0,0.0,4,3.0,1,0.0,3,2.0
4009,Point,87,105,571350,134150,1,0,0.0,0,0,0,3.0,2,2.0,0,1.0,4,3.0,1,1.0,3,2.0
4010,Point,87,106,571450,134150,1,0,0.0,0,0,0,3.0,2,1.0,0,1.0,4,3.0,1,1.0,3,2.0
4011,Point,87,107,571550,134150,1,0,0.0,0,0,1,3.0,2,1.0,1,2.0,4,3.0,1,1.0,3,2.0
4012,Point,87,108,571650,134150,2,0,0.0,0,0,1,3.0,2,1.0,2,2.0,4,3.0,1,1.0,3,2.0
4013,Point,87,109,571750,134150,2,0,0.0,0,0,2,3.0,2,1.0,3,2.0,4,3.0,1,1.0,3,2.0
4014,Point,87,110,571850,134150,2,0,0.0,0,0,2,3.0,2,1.0,3,2.0,4,3.0,2,1.0,2,2.0
4015,Point,87,111,571950,134150,3,0,0.0,0,0,2,3.0,2,1.0,3,2.0,4,3.0,2,1.0,2,2.0
4016,Point,87,112,572050,134150,3,0,0.0,0,0,2,3.0,2,1.0,3,2.0,4,3.0,2,1.0,2,2.0
4017,Point,87,113,572150,134150,4,0,0.0,0,0,2,3.0,2,1.0,4,2.0,4,3.0,2,1.0,2,2.0
4018,Point,88,32,564050,134050,4,0,0.0,0,0,3,3.0,2,1.0,3,2.0,4,3.0,3,3.0,2,1.0
4019,Point,88,33,564150,134050,4,0,0.0,0,0,3,3.0,2,1.0,3,2.0,4,3.0,3,3.0,2,1.0
4020,Point,88,34,564250,134050,4,0,0.0,0,0,3,3.0,2,2.0,3,2.0,4,3.0,3,3.0,2,1.0
4021,Point,88,35,564350,134050,4,0,0.0,0,0,3,2.0,2,2.0,3,2.0,4,3.0,3,3.0,2,1.0
4022,Point,88,36,564450,134050,4,0,0.0,0,0,3,2.0,3,2.0,3,2.0,4,3.0,3,3.0,1,1.0
4023,Point,88,37,564550,134050,4,0,0.0,0,0,3,2.0,3,2.0,3,2.0,4,3.0,3,3.0,1,1.0
4024,Point,88,38,564650,134050,4,0,0.0,0,0,3,2.0,3,2.0,3,2.0,4,3.0,3,3.0,1,1.0
4025,Point,88,39,564750,134050,4,0,0.0,0,0,2,2.0,3,2.0,3,2.0,4,3.0,3,3.0,1,1.0
4026,Point,88,40,564850,134050,4,0,0.0,0,0,2,2.0,3,2.0,3,3.0,4,3.0,3,3.0,1,1.0
4027,Point,88,41,564950,134050,4,0,0.0,0,0,2,1.0,3,2.0,3,3.0,4,3.0,2,3.0,1,1.0
4028,Point,88,42,565050,134050,4,0,0.0,0,0,2,1.0,3,2.0,4,3.0,4,3.0,2,3.0,1,1.0
4029,Point,88,43,565150,134050,4,0,0.0,0,0,1,1.0,3,2.0,4,3.0,4,3.0,2,3.0,1,1.0
4030,Point,88,44,565250,134050,4,0,0.0,0,0,1,1.0,3,2.0,4,3.0,4,3.0,2,2.0,1,1.0
4031,Point,88,45,565350,134050,3,0,0.0,0,0,1,1.0,3,3.0,4,3.0,4,3.0,1,2.0,1,1.0
4032,Point,88,46,565450,134050,3,0,0.0,0,0,1,1.0,2,3.0,4,4.0,4,3.0,3,3.0,1,1.0
4033,Point,88,47,565550,134050,2,0,0.0,0,0,1,1.0,1,3.0,4,4.0,4,3.0,3,4.0,1,1.0
4034,Point,88,48,565650,134050,2,0,0.0,0,0,1,1.0,1,3.0,4,4.0,4,3.0,4,4.0,1,1.0
4035,Point,88,49,565750,134050,1,0,0.0,0,0,1,2.0,1,3.0,4,4.0,4,3.0,4,3.0,1,1.0
4036,Point,88,50,565850,134050,1,0,0.0,0,0,0,2.0,1,3.0,4,4.0,4,3.0,4,2.0,0,1.0
4037,Point,88,51,565950,134050,1,0,0.0,0,0,0,2.0,1,3.0,4,4.0,4,3.0,4,1.0,0,1.0
4038,Point,88,52,566050,134050,1,0,0.0,0,0,0,2.0,1,3.0,4,4.0,0,3.0,4,1.0,0,1.0
4039,Point,88,53,566150,134050,1,0,0.0,0,0,0,3.0,0,3.0,4,4.0,0,4.0,4,1.0,0,1.0
4040,Point,88,54,566250,134050,1,0,0.0,0,0,0,3.0,0,3.0,4,4.0,0,4.0,4,0.0,0,1.0
4041,Point,88,55,566350,134050,1,0,0.0,0,0,0,4.0,0,3.0,4,4.0,0,4.0,4,0.0,0,1.0
4042,Point,88,56,566450,134050,1,0,0.0,0,0,0,4.0,0,4.0,4,4.0,0,4.0,4,0.0,0,1.0
4043,Point,88,57,566550,134050,1,0,0.0,0,0,0,3.0,0,4.0,4,4.0,0,4.0,4,0.0,1,2.0
4044,Point,88,58,566650,134050,0,1,0.0,0,0,0,1.0,0,4.0,4,4.0,0,4.0,4,0.0,1,2.0
4045,Point,88,59,566750,134050,0,2,0.0,0,0,0,0.0,0,4.0,4,4.0,0,3.0,4,0.0,1,2.0
4046,Point,88,60,566850,134050,0,2,0.0,0,0,0,0.0,0,4.0,4,4.0,0,0.0,4,0.0,1,3.0
4047,Point,88,61,566950,134050,0,3,0.0,0,0,0,0.0,0,4.0,1,2.0,0,0.0,4,0.0,1,3.0
4048,Point,88,62,567050,134050,0,2,0.0,0,0,0,0.0,0,4.0,0,0.0,0,3.0,4,0.0,2,3.0
4049,Point,88,63,567150,134050,0,4,0.0,0,0,0,0.0,0,4.0,0,0.0,0,4.0,4,0.0,2,3.0
4050,Point,88,64,567250,134050,0,3,0.0,0,0,0,0.0,0,3.0,0,0.0,0,4.0,4,0.0,2,3.0
4051,Point,88,65,567350,134050,0,2,0.0,0,0,1,0.0,0,3.0,0,0.0,0,4.0,4,0.0,2,3.0
4052,Point,88,66,567450,134050,0,1,0.0,0,0,1,0.0,0,3.0,0,0.0,0,4.0,4,0.0,3,3.0
4053,Point,88,67,567550,134050,0,0,0.0,0,0,0,0.0,1,3.0,0,0.0,0,4.0,4,0.0,3,2.0
4054,Point,88,68,567650,134050,0,0,0.0,0,0,0,0.0,1,3.0,0,0.0,0,4.0,3,0.0,3,2.0
4055,Point,88,69,567750,134050,0,0,0.0,0,0,0,0.0,1,3.0,0,0.0,0,3.0,2,0.0,3,2.0
4056,Point,88,70,567850,134050,0,0,0.0,0,0,0,1.0,1,2.0,0,0.0,4,3.0,1,0.0,3,1.0
4057,Point,88,71,567950,134050,1,0,0.0,0,0,1,2.0,1,2.0,0,0.0,4,3.0,0,0.0,3,1.0
4058,Point,88,72,568050,134050,1,0,0.0,0,0,1,3.0,1,1.0,0,0.0,4,3.0,0,0.0,3,1.0
4059,Point,88,73,568150,134050,1,0,0.0,0,0,1,3.0,1,1.0,0,1.0,4,3.0,0,0.0,3,0.0
4060,Point,88,74,568250,134050,1,0,0.0,0,0,1,3.0,2,0.0,0,1.0,4,3.0,0,0.0,3,0.0
4061,Point,88,75,568350,134050,1,0,0.0,0,0,2,4.0,2,0.0,1,2.0,4,3.0,1,1.0,3,0.0
4062,Point,88,76,568450,134050,0,0,0.0,0,0,2,4.0,2,0.0,1,2.0,4,3.0,1,2.0,4,0.0
4063,Point,88,77,568550,134050,0,0,0.0,0,0,2,4.0,2,0.0,1,2.0,4,3.0,1,1.0,4,0.0
4064,Point,88,78,568650,134050,0,0,0.0,0,0,2,4.0,2,0.0,1,2.0,4,3.0,1,0.0,4,0.0
4065,Point,88,79,568750,134050,0,0,0.0,0,0,3,4.0,2,0.0,1,2.0,4,3.0,2,0.0,4,0.0
4066,Point,88,80,568850,134050,1,0,0.0,0,0,3,3.0,2,0.0,1,2.0,4,3.0,3,0.0,4,0.0
4067,Point,88,81,568950,134050,1,0,0.0,0,0,3,3.0,2,0.0,1,2.0,4,3.0,3,0.0,4,0.0
4068,Point,88,82,569050,134050,2,0,0.0,0,0,3,3.0,2,0.0,1,2.0,4,3.0,2,0.0,4,0.0
4069,Point,88,83,569150,134050,2,0,0.0,0,0,3,3.0,2,0.0,1,2.0,4,3.0,1,0.0,4,0.0
4070,Point,88,84,569250,134050,3,0,0.0,0,0,3,4.0,2,0.0,1,2.0,4,3.0,1,0.0,4,0.0
4071,Point,88,85,569350,134050,2,0,0.0,0,0,3,4.0,2,0.0,1,3.0,4,3.0,0,0.0,4,0.0
4072,Point,88,86,569450,134050,2,0,0.0,0,0,3,4.0,2,0.0,1,4.0,4,3.0,0,0.0,4,0.0
4073,Point,88,87,569550,134050,1,0,0.0,0,0,3,4.0,2,0.0,0,2.0,4,3.0,0,0.0,4,0.0
4074,Point,88,88,569650,134050,1,0,0.0,0,0,2,4.0,2,0.0,0,1.0,4,3.0,0,0.0,4,0.0
4075,Point,88,89,569750,134050,0,0,0.0,0,0,1,4.0,2,0.0,0,0.0,4,3.0,0,0.0,4,0.0
4076,Point,88,90,569850,134050,0,0,0.0,0,0,0,4.0,2,0.0,0,0.0,4,3.0,0,0.0,4,0.0
4077,Point,88,91,569950,134050,0,0,0.0,0,0,0,3.0,2,0.0,0,0.0,4,3.0,0,0.0,4,0.0
4078,Point,88,92,570050,134050,0,0,0.0,0,0,0,3.0,2,0.0,0,0.0,4,3.0,0,1.0,4,0.0
4079,Point,88,93,570150,134050,1,0,0.0,0,0,0,3.0,2,0.0,0,0.0,4,3.0,0,1.0,4,0.0
4080,Point,88,94,570250,134050,1,0,0.0,0,0,0,3.0,2,1.0,0,0.0,4,3.0,0,1.0,4,1.0
4081,Point,88,95,570350,134050,1,0,0.0,0,0,0,3.0,2,1.0,0,0.0,4,3.0,1,1.0,3,1.0
4082,Point,88,96,570450,134050,1,0,0.0,0,0,0,3.0,2,1.0,0,0.0,4,3.0,1,1.0,3,1.0
4083,Point,88,97,570550,134050,1,0,0.0,0,0,0,2.0,2,1.0,0,0.0,4,3.0,1,1.0,3,1.0
4084,Point,88,98,570650,134050,0,0,0.0,0,0,0,2.0,2,1.0,0,0.0,4,3.0,1,0.0,3,1.0
4085,Point,88,99,570750,134050,0,0,0.0,0,0,0,3.0,2,1.0,0,0.0,4,3.0,1,0.0,3,2.0
4086,Point,88,100,570850,134050,1,0,0.0,0,0,0,3.0,2,1.0,0,0.0,4,3.0,1,0.0,3,2.0
4087,Point,88,101,570950,134050,1,0,0.0,0,0,0,3.0,2,1.0,0,0.0,4,3.0,1,0.0,3,2.0
4088,Point,88,102,571050,134050,2,0,0.0,0,0,0,3.0,2,1.0,0,1.0,4,3.0,1,1.0,3,2.0
4089,Point,88,103,571150,134050,1,0,0.0,0,0,0,3.0,2,2.0,0,1.0,4,3.0,1,1.0,3,2.0
4090,Point,88,104,571250,134050,1,0,0.0,0,0,0,3.0,2,2.0,0,1.0,4,3.0,1,1.0,3,2.0
4091,Point,88,105,571350,134050,1,0,0.0,0,0,0,3.0,2,2.0,0,1.0,4,3.0,1,1.0,3,2.0
4092,Point,88,106,571450,134050,1,0,0.0,0,0,0,3.0,2,2.0,1,2.0,4,3.0,1,1.0,3,2.0
4093,Point,88,107,571550,134050,1,0,0.0,0,0,1,4.0,2,1.0,2,2.0,4,3.0,1,1.0,3,2.0
4094,Point,88,108,571650,134050,1,0,0.0,0,0,1,3.0,2,1.0,3,3.0,4,3.0,1,1.0,3,2.0
4095,Point,88,109,571750,134050,2,0,0.0,0,0,2,3.0,2,1.0,3,3.0,4,3.0,2,1.0,3,2.0
4096,Point,88,110,571850,134050,2,0,0.0,0,0,2,3.0,2,1.0,4,2.0,4,3.0,2,1.0,2,2.0
4097,Point,88,111,571950,134050,3,0,0.0,0,0,2,3.0,2,1.0,4,2.0,4,3.0,2,1.0,2,2.0
4098,Point,88,112,572050,134050,3,0,0.0,0,0,2,3.0,2,1.0,4,2.0,4,3.0,2,1.0,2,2.0
4099,Point,88,113,572150,134050,3,0,0.0,0,0,2,3.0,2,1.0,4,2.0,4,3.0,2,1.0,2,2.0
4100,Point,89,32,564050,133950,4,0,0.0,0,0,3,3.0,2,1.0,3,2.0,4,3.0,3,3.0,2,1.0
4101,Point,89,33,564150,133950,4,0,0.0,0,0,3,3.0,2,1.0,3,2.0,4,3.0,3,3.0,2,1.0
4102,Point,89,34,564250,133950,4,0,0.0,0,0,3,3.0,2,1.0,3,2.0,4,3.0,3,3.0,2,1.0
4103,Point,89,35,564350,133950,4,0,0.0,0,0,3,2.0,2,2.0,3,2.0,4,3.0,3,3.0,2,1.0
4104,Point,89,36,564450,133950,4,0,0.0,0,0,3,2.0,2,2.0,3,2.0,4,3.0,3,3.0,2,1.0
4105,Point,89,37,564550,133950,4,0,0.0,0,0,3,2.0,3,2.0,3,2.0,4,3.0,3,3.0,1,1.0
4106,Point,89,38,564650,133950,4,0,0.0,0,0,3,2.0,3,2.0,3,2.0,4,3.0,3,3.0,1,0.0
4107,Point,89,39,564750,133950,4,0,0.0,0,0,3,2.0,3,2.0,3,2.0,4,3.0,3,3.0,1,0.0
4108,Point,89,40,564850,133950,4,0,0.0,0,0,2,2.0,3,2.0,3,2.0,4,3.0,3,3.0,1,0.0
4109,Point,89,41,564950,133950,4,0,0.0,0,0,2,2.0,3,2.0,3,2.0,4,3.0,3,3.0,1,1.0
4110,Point,89,42,565050,133950,4,0,0.0,0,0,2,1.0,3,2.0,4,2.0,4,3.0,3,3.0,1,1.0
4111,Point,89,43,565150,133950,4,0,0.0,0,0,1,1.0,3,2.0,4,2.0,4,3.0,2,3.0,1,1.0
4112,Point,89,44,565250,133950,4,0,0.0,0,0,1,1.0,3,2.0,4,2.0,4,3.0,2,2.0,1,1.0
4113,Point,89,45,565350,133950,3,0,0.0,0,0,1,1.0,3,2.0,4,3.0,4,3.0,2,2.0,1,1.0
4114,Point,89,46,565450,133950,3,0,0.0,0,0,1,1.0,3,3.0,4,3.0,4,3.0,3,3.0,1,1.0
4115,Point,89,47,565550,133950,3,0,0.0,0,0,1,1.0,2,3.0,4,3.0,4,3.0,3,4.0,1,1.0
4116,Point,89,48,565650,133950,2,0,0.0,0,0,1,1.0,1,3.0,4,4.0,4,3.0,4,4.0,1,1.0
4117,Point,89,49,565750,133950,2,0,0.0,0,0,1,1.0,1,3.0,4,4.0,4,3.0,4,3.0,1,1.0
4118,Point,89,50,565850,133950,1,0,0.0,0,0,0,2.0,1,3.0,4,4.0,4,3.0,4,2.0,1,1.0
4119,Point,89,51,565950,133950,1,0,0.0,0,0,0,2.0,1,3.0,4,4.0,4,3.0,4,1.0,1,1.0
4120,Point,89,52,566050,133950,1,0,0.0,0,0,0,2.0,1,3.0,4,4.0,0,3.0,4,1.0,1,1.0
4121,Point,89,53,566150,133950,1,0,0.0,0,0,0,3.0,0,3.0,4,4.0,0,4.0,4,1.0,0,1.0
4122,Point,89,54,566250,133950,1,0,0.0,0,0,0,3.0,0,3.0,4,4.0,0,4.0,4,0.0,1,1.0
4123,Point,89,55,566350,133950,2,0,0.0,0,0,0,4.0,0,3.0,4,4.0,0,4.0,4,0.0,1,1.0
4124,Point,89,56,566450,133950,1,0,0.0,0,0,0,4.0,0,4.0,4,4.0,0,4.0,4,0.0,1,1.0
4125,Point,89,57,566550,133950,1,0,0.0,0,0,0,4.0,0,4.0,4,4.0,0,4.0,4,0.0,1,1.0
4126,Point,89,58,566650,133950,1,0,0.0,0,0,0,3.0,0,4.0,4,4.0,0,0.0,4,0.0,1,1.0
4127,Point,89,59,566750,133950,0,1,0.0,0,0,0,1.0,0,4.0,4,4.0,0,0.0,4,0.0,1,2.0
4128,Point,89,60,566850,133950,0,2,0.0,0,0,0,0.0,0,4.0,3,4.0,0,0.0,4,0.0,1,2.0
4129,Point,89,61,566950,133950,0,2,0.0,0,0,0,0.0,0,4.0,0,1.0,0,0.0,4,0.0,1,2.0
4130,Point,89,62,567050,133950,0,2,0.0,0,0,0,0.0,0,4.0,0,0.0,0,0.0,4,0.0,2,2.0
4131,Point,89,63,567150,133950,0,3,0.0,0,0,1,0.0,0,4.0,0,0.0,0,0.0,3,0.0,2,2.0
4132,Point,89,64,567250,133950,0,2,0.0,0,0,1,0.0,0,4.0,0,0.0,0,4.0,3,0.0,2,2.0
4133,Point,89,65,567350,133950,0,2,0.0,0,0,2,0.0,0,3.0,0,0.0,0,4.0,4,0.0,2,2.0
4134,Point,89,66,567450,133950,0,1,0.0,0,0,2,0.0,0,3.0,0,0.0,0,4.0,4,0.0,3,2.0
4135,Point,89,67,567550,133950,0,0,0.0,0,0,2,0.0,0,3.0,0,0.0,0,4.0,3,0.0,3,2.0
4136,Point,89,68,567650,133950,0,0,0.0,0,0,2,1.0,1,3.0,0,0.0,0,4.0,1,0.0,3,2.0
4137,Point,89,69,567750,133950,0,0,0.0,0,0,2,2.0,1,3.0,0,0.0,0,3.0,0,0.0,3,1.0
4138,Point,89,70,567850,133950,0,0,0.0,0,0,2,3.0,1,3.0,0,0.0,0,3.0,0,0.0,3,1.0
4139,Point,89,71,567950,133950,0,0,0.0,0,0,2,3.0,1,2.0,0,0.0,4,3.0,0,0.0,3,1.0
4140,Point,89,72,568050,133950,1,0,0.0,0,0,2,3.0,1,2.0,0,0.0,4,3.0,0,0.0,3,1.0
4141,Point,89,73,568150,133950,1,0,0.0,0,0,2,4.0,1,1.0,0,1.0,4,3.0,0,0.0,3,1.0
4142,Point,89,74,568250,133950,1,0,0.0,0,0,3,4.0,2,1.0,0,1.0,4,3.0,0,0.0,3,0.0
4143,Point,89,75,568350,133950,1,0,0.0,0,0,3,4.0,2,0.0,1,2.0,4,3.0,1,1.0,3,0.0
4144,Point,89,76,568450,133950,0,0,0.0,0,0,3,4.0,2,0.0,1,2.0,4,3.0,2,2.0,3,0.0
4145,Point,89,77,568550,133950,0,0,0.0,0,0,3,4.0,2,0.0,1,2.0,4,3.0,2,1.0,4,0.0
4146,Point,89,78,568650,133950,0,0,0.0,0,0,3,4.0,2,0.0,1,2.0,4,3.0,3,1.0,4,0.0
4147,Point,89,79,568750,133950,0,0,0.0,0,0,3,4.0,2,0.0,1,2.0,4,3.0,3,1.0,4,0.0
4148,Point,89,80,568850,133950,1,0,0.0,0,0,3,4.0,2,0.0,1,2.0,4,3.0,3,0.0,4,0.0
4149,Point,89,81,568950,133950,1,0,0.0,0,0,3,3.0,2,0.0,1,2.0,4,3.0,2,0.0,4,0.0
4150,Point,89,82,569050,133950,2,0,0.0,0,0,3,3.0,2,0.0,1,2.0,4,3.0,2,0.0,4,0.0
4151,Point,89,83,569150,133950,2,0,0.0,0,0,3,3.0,2,0.0,1,2.0,4,3.0,1,0.0,4,0.0
4152,Point,89,84,569250,133950,3,0,0.0,0,0,3,4.0,2,0.0,1,2.0,4,3.0,1,0.0,4,0.0
4153,Point,89,85,569350,133950,2,0,0.0,0,0,3,4.0,2,0.0,1,2.0,4,3.0,0,0.0,4,0.0
4154,Point,89,86,569450,133950,2,0,0.0,0,0,3,4.0,2,0.0,0,2.0,4,3.0,0,0.0,4,0.0
4155,Point,89,87,569550,133950,1,0,0.0,0,0,3,4.0,2,0.0,0,1.0,4,3.0,0,0.0,4,0.0
4156,Point,89,88,569650,133950,1,0,0.0,0,0,2,4.0,2,0.0,0,0.0,4,3.0,0,1.0,4,0.0
4157,Point,89,89,569750,133950,0,0,0.0,0,0,1,4.0,2,0.0,0,0.0,4,3.0,0,1.0,4,0.0
4158,Point,89,90,569850,133950,0,0,0.0,0,0,0,3.0,1,0.0,0,0.0,4,3.0,0,1.0,4,0.0
4159,Point,89,91,569950,133950,0,0,0.0,0,0,0,3.0,1,1.0,0,0.0,4,3.0,0,1.0,4,0.0
4160,Point,89,92,570050,133950,1,0,0.0,0,0,0,3.0,1,1.0,0,0.0,4,3.0,0,1.0,4,0.0
4161,Point,89,93,570150,133950,1,0,0.0,0,0,0,3.0,1,1.0,0,0.0,4,3.0,0,1.0,4,1.0
4162,Point,89,94,570250,133950,2,0,0.0,0,0,0,3.0,1,1.0,0,0.0,4,3.0,1,1.0,3,1.0
4163,Point,89,95,570350,133950,2,0,0.0,0,0,0,2.0,2,1.0,0,0.0,4,3.0,1,1.0,3,1.0
4164,Point,89,96,570450,133950,1,0,0.0,0,0,0,2.0,2,1.0,0,0.0,4,3.0,1,1.0,3,1.0
4165,Point,89,97,570550,133950,1,0,0.0,0,0,0,2.0,2,1.0,0,0.0,4,3.0,1,1.0,3,1.0
4166,Point,89,98,570650,133950,1,0,0.0,0,0,0,2.0,2,1.0,0,0.0,4,3.0,1,1.0,3,1.0
4167,Point,89,99,570750,133950,1,0,0.0,0,0,0,2.0,2,1.0,0,1.0,4,3.0,1,1.0,3,2.0
4168,Point,89,100,570850,133950,1,0,0.0,0,0,0,2.0,2,1.0,0,1.0,4,3.0,1,1.0,3,2.0
4169,Point,89,101,570950,133950,1,0,0.0,0,0,0,3.0,2,2.0,1,1.0,4,3.0,1,1.0,3,2.0
4170,Point,89,102,571050,133950,1,0,0.0,0,0,0,3.0,2,2.0,1,1.0,4,3.0,1,1.0,3,2.0
4171,Point,89,103,571150,133950,1,0,0.0,0,0,0,3.0,2,2.0,1,1.0,4,3.0,1,1.0,3,2.0
4172,Point,89,104,571250,133950,1,0,0.0,0,0,0,3.0,2,2.0,1,1.0,4,3.0,1,1.0,3,2.0
4173,Point,89,105,571350,133950,0,0,0.0,0,0,0,3.0,2,2.0,1,1.0,4,3.0,1,1.0,3,2.0
4174,Point,89,106,571450,133950,0,0,0.0,0,0,0,3.0,2,2.0,2,2.0,4,3.0,1,1.0,3,2.0
4175,Point,89,107,571550,133950,1,0,0.0,0,0,1,4.0,2,2.0,3,3.0,4,3.0,1,1.0,3,2.0
4176,Point,89,108,571650,133950,1,0,0.0,0,0,1,3.0,2,2.0,4,3.0,4,3.0,1,1.0,3,2.0
4177,Point,89,109,571750,133950,1,0,0.0,0,0,2,3.0,2,1.0,4,2.0,4,3.0,2,1.0,2,2.0
4178,Point,89,110,571850,133950,2,0,0.0,0,0,2,3.0,2,1.0,4,2.0,4,3.0,2,1.0,2,2.0
4179,Point,89,111,571950,133950,2,0,0.0,0,0,2,3.0,2,1.0,4,1.0,4,3.0,2,1.0,2,2.0
4180,Point,89,112,572050,133950,3,0,0.0,0,0,2,3.0,2,1.0,4,1.0,4,3.0,2,1.0,2,2.0
4181,Point,89,113,572150,133950,3,0,0.0,0,0,2,3.0,2,1.0,4,1.0,4,3.0,2,1.0,2,2.0
4182,Point,90,32,564050,133850,4,0,0.0,0,0,3,3.0,2,1.0,3,2.0,4,3.0,3,3.0,2,1.0
4183,Point,90,33,564150,133850,4,0,0.0,0,0,3,3.0,2,1.0,3,2.0,4,3.0,3,3.0,2,1.0
4184,Point,90,34,564250,133850,4,0,0.0,0,0,3,3.0,2,1.0,3,2.0,4,3.0,3,3.0,2,1.0
4185,Point,90,35,564350,133850,4,0,0.0,0,0,3,2.0,2,1.0,3,2.0,4,3.0,3,3.0,2,1.0
4186,Point,90,36,564450,133850,4,0,0.0,0,0,3,2.0,2,2.0,3,2.0,4,3.0,3,3.0,2,1.0
4187,Point,90,37,564550,133850,4,0,0.0,0,0,3,2.0,3,2.0,3,2.0,4,3.0,3,3.0,1,1.0
4188,Point,90,38,564650,133850,4,0,0.0,0,0,3,2.0,3,2.0,3,2.0,4,3.0,3,3.0,1,0.0
4189,Point,90,39,564750,133850,4,0,0.0,0,0,3,2.0,3,2.0,3,2.0,4,3.0,3,3.0,1,0.0
4190,Point,90,40,564850,133850,4,0,0.0,0,0,3,2.0,3,2.0,3,2.0,4,3.0,3,3.0,1,0.0
4191,Point,90,41,564950,133850,4,0,0.0,0,0,2,2.0,3,2.0,3,2.0,4,3.0,3,3.0,1,0.0
4192,Point,90,42,565050,133850,4,0,0.0,0,0,2,1.0,3,2.0,3,2.0,4,3.0,3,3.0,1,0.0
4193,Point,90,43,565150,133850,4,0,0.0,0,0,2,1.0,3,2.0,3,2.0,4,3.0,3,3.0,1,1.0
4194,Point,90,44,565250,133850,4,0,0.0,0,0,1,1.0,3,2.0,4,2.0,4,3.0,2,3.0,1,1.0
4195,Point,90,45,565350,133850,4,0,0.0,0,0,1,1.0,3,2.0,4,2.0,4,3.0,2,2.0,1,1.0
4196,Point,90,46,565450,133850,3,0,0.0,0,0,1,1.0,3,2.0,4,2.0,4,3.0,3,3.0,1,1.0
4197,Point,90,47,565550,133850,3,0,0.0,0,0,1,1.0,3,3.0,4,3.0,4,3.0,3,4.0,1,1.0
4198,Point,90,48,565650,133850,2,0,0.0,0,0,1,1.0,2,3.0,4,3.0,4,3.0,4,4.0,1,1.0
4199,Point,90,49,565750,133850,2,0,0.0,0,0,1,1.0,1,3.0,4,4.0,4,3.0,4,3.0,1,1.0
4200,Point,90,50,565850,133850,2,0,0.0,0,0,0,1.0,1,3.0,4,4.0,4,3.0,4,2.0,1,1.0
4201,Point,90,51,565950,133850,2,0,0.0,0,0,0,1.0,1,3.0,4,4.0,0,3.0,4,1.0,1,1.0
4202,Point,90,52,566050,133850,2,0,0.0,0,0,0,2.0,1,3.0,4,4.0,0,3.0,4,1.0,1,1.0
4203,Point,90,53,566150,133850,2,0,0.0,0,0,0,2.0,1,3.0,4,4.0,0,4.0,4,1.0,1,1.0
4204,Point,90,54,566250,133850,2,0,0.0,0,0,0,3.0,0,3.0,4,4.0,0,4.0,4,1.0,1,1.0
4205,Point,90,55,566350,133850,1,0,0.0,0,0,0,4.0,0,3.0,4,4.0,0,4.0,4,0.0,1,1.0
4206,Point,90,56,566450,133850,1,0,0.0,0,0,0,4.0,0,4.0,4,4.0,0,4.0,4,0.0,1,1.0
4207,Point,90,57,566550,133850,1,0,0.0,0,0,0,4.0,0,4.0,4,4.0,0,3.0,4,0.0,1,1.0
4208,Point,90,58,566650,133850,1,0,0.0,0,0,0,4.0,0,4.0,4,4.0,0,0.0,4,0.0,1,1.0
4209,Point,90,59,566750,133850,0,0,0.0,0,0,0,4.0,0,4.0,4,4.0,0,0.0,4,1.0,1,1.0
4210,Point,90,60,566850,133850,0,1,0.0,0,0,0,3.0,0,4.0,2,4.0,0,0.0,4,1.0,1,1.0
4211,Point,90,61,566950,133850,0,1,0.0,0,0,0,1.0,0,4.0,0,0.0,0,0.0,4,1.0,1,2.0
4212,Point,90,62,567050,133850,0,1,0.0,0,0,1,1.0,0,4.0,0,0.0,0,0.0,3,1.0,2,2.0
4213,Point,90,63,567150,133850,0,2,0.0,0,0,1,0.0,0,4.0,0,0.0,0,0.0,3,0.0,2,2.0
4214,Point,90,64,567250,133850,1,2,0.0,0,0,2,0.0,0,4.0,0,0.0,0,0.0,3,0.0,2,2.0
4215,Point,90,65,567350,133850,1,1,0.0,0,0,2,0.0,0,3.0,0,0.0,0,4.0,3,0.0,2,2.0
4216,Point,90,66,567450,133850,0,0,0.0,0,0,2,1.0,0,3.0,0,0.0,0,4.0,3,0.0,3,2.0
4217,Point,90,67,567550,133850,0,0,0.0,0,0,2,1.0,0,3.0,0,0.0,0,4.0,0,0.0,3,2.0
4218,Point,90,68,567650,133850,0,0,0.0,0,0,3,2.0,1,3.0,0,0.0,0,4.0,0,0.0,3,1.0
4219,Point,90,69,567750,133850,0,0,0.0,0,0,3,2.0,1,3.0,0,0.0,0,4.0,0,0.0,3,1.0
4220,Point,90,70,567850,133850,0,0,0.0,0,0,3,3.0,1,3.0,0,0.0,0,3.0,0,0.0,3,1.0
4221,Point,90,71,567950,133850,0,0,0.0,0,0,3,3.0,1,2.0,0,0.0,4,3.0,0,0.0,3,1.0
4222,Point,90,72,568050,133850,1,0,0.0,0,0,3,3.0,1,2.0,0,0.0,4,3.0,0,0.0,3,1.0
4223,Point,90,73,568150,133850,1,0,0.0,0,0,3,4.0,1,1.0,0,1.0,4,3.0,0,0.0,3,1.0
4224,Point,90,74,568250,133850,1,0,0.0,0,0,3,4.0,2,1.0,0,1.0,4,3.0,1,1.0,3,1.0
4225,Point,90,75,568350,133850,1,0,0.0,0,0,3,4.0,2,1.0,1,2.0,4,3.0,2,1.0,3,0.0
4226,Point,90,76,568450,133850,0,0,0.0,0,0,3,4.0,2,0.0,1,2.0,4,3.0,3,2.0,3,0.0
4227,Point,90,77,568550,133850,0,0,0.0,0,0,3,4.0,2,0.0,1,2.0,4,3.0,3,1.0,3,0.0
4228,Point,90,78,568650,133850,0,0,0.0,0,0,3,4.0,2,0.0,1,2.0,4,3.0,3,1.0,4,0.0
4229,Point,90,79,568750,133850,1,0,0.0,0,0,3,4.0,2,0.0,1,2.0,4,3.0,3,1.0,4,0.0
4230,Point,90,80,568850,133850,1,0,0.0,0,0,3,4.0,2,0.0,1,2.0,4,3.0,3,1.0,4,0.0
4231,Point,90,81,568950,133850,2,0,0.0,0,0,3,3.0,2,0.0,1,2.0,4,3.0,2,0.0,4,0.0
4232,Point,90,82,569050,133850,2,0,0.0,0,0,3,3.0,2,0.0,1,2.0,4,3.0,1,0.0,4,0.0
4233,Point,90,83,569150,133850,2,0,0.0,0,0,3,3.0,2,0.0,0,1.0,4,3.0,1,0.0,4,0.0
4234,Point,90,84,569250,133850,3,0,0.0,0,0,3,3.0,2,0.0,0,1.0,4,3.0,1,0.0,4,0.0
4235,Point,90,85,569350,133850,2,0,0.0,0,0,3,4.0,2,0.0,0,2.0,4,3.0,1,0.0,4,0.0
4236,Point,90,86,569450,133850,2,0,0.0,0,0,3,4.0,2,0.0,0,1.0,4,3.0,1,0.0,4,0.0
4237,Point,90,87,569550,133850,1,0,0.0,0,0,3,4.0,1,0.0,0,0.0,4,3.0,1,1.0,4,0.0
4238,Point,90,88,569650,133850,1,0,0.0,0,0,2,4.0,1,1.0,0,0.0,4,3.0,1,1.0,4,0.0
4239,Point,90,89,569750,133850,1,0,0.0,0,0,1,3.0,1,1.0,0,0.0,4,3.0,0,1.0,4,0.0
4240,Point,90,90,569850,133850,1,0,0.0,0,0,0,3.0,1,1.0,0,0.0,4,3.0,0,1.0,4,0.0
4241,Point,90,91,569950,133850,1,0,0.0,0,0,0,3.0,1,1.0,0,0.0,4,3.0,0,1.0,4,0.0
4242,Point,90,92,570050,133850,1,0,0.0,0,0,0,2.0,1,2.0,0,0.0,4,3.0,1,1.0,3,1.0
4243,Point,90,93,570150,133850,1,0,0.0,0,0,0,2.0,1,2.0,0,0.0,4,3.0,1,1.0,3,1.0
4244,Point,90,94,570250,133850,2,0,0.0,0,0,0,2.0,1,2.0,0,0.0,4,3.0,1,1.0,3,1.0
4245,Point,90,95,570350,133850,2,0,0.0,0,0,0,2.0,1,2.0,0,0.0,4,3.0,1,1.0,3,1.0
4246,Point,90,96,570450,133850,2,0,0.0,0,0,0,2.0,1,2.0,0,0.0,4,3.0,1,1.0,3,1.0
4247,Point,90,97,570550,133850,2,0,0.0,0,0,0,2.0,1,2.0,0,0.0,4,3.0,1,1.0,3,1.0
4248,Point,90,98,570650,133850,1,0,0.0,0,0,0,2.0,2,2.0,0,1.0,4,3.0,1,1.0,3,2.0
4249,Point,90,99,570750,133850,1,0,0.0,0,0,0,2.0,2,2.0,1,1.0,4,3.0,1,1.0,3,2.0
4250,Point,90,100,570850,133850,2,0,0.0,0,0,0,2.0,2,2.0,1,2.0,4,3.0,1,1.0,3,2.0
4251,Point,90,101,570950,133850,2,0,0.0,0,0,0,3.0,2,2.0,2,2.0,4,3.0,1,1.0,3,2.0
4252,Point,90,102,571050,133850,1,0,0.0,0,0,0,3.0,2,2.0,3,2.0,4,3.0,1,1.0,3,2.0
4253,Point,90,103,571150,133850,1,0,0.0,0,0,0,3.0,2,2.0,3,2.0,4,3.0,1,1.0,3,2.0
4254,Point,90,104,571250,133850,0,0,0.0,0,0,0,3.0,2,2.0,3,2.0,4,3.0,1,1.0,3,2.0
4255,Point,90,105,571350,133850,0,0,0.0,0,0,0,3.0,2,2.0,2,2.0,4,3.0,1,1.0,3,2.0
4256,Point,90,106,571450,133850,0,0,0.0,0,0,0,4.0,2,2.0,3,2.0,4,3.0,1,1.0,3,2.0
4257,Point,90,107,571550,133850,0,0,0.0,0,0,1,4.0,2,2.0,4,3.0,4,3.0,1,1.0,3,2.0
4258,Point,90,108,571650,133850,1,0,0.0,0,0,1,3.0,2,2.0,4,2.0,4,3.0,2,1.0,2,2.0
4259,Point,90,109,571750,133850,1,0,0.0,0,0,2,3.0,2,2.0,4,1.0,4,3.0,2,1.0,2,2.0
4260,Point,90,110,571850,133850,2,0,0.0,0,0,2,3.0,2,1.0,4,1.0,4,3.0,2,1.0,2,2.0
4261,Point,90,111,571950,133850,2,0,0.0,0,0,2,3.0,2,1.0,4,1.0,4,3.0,2,1.0,2,2.0
4262,Point,90,112,572050,133850,2,0,0.0,0,0,2,3.0,2,1.0,4,1.0,4,3.0,2,1.0,2,2.0
4263,Point,90,113,572150,133850,2,0,0.0,0,0,2,3.0,2,1.0,4,1.0,4,3.0,2,1.0,2,2.0
4264,Point,91,32,564050,133750,4,0,0.0,0,0,3,3.0,2,1.0,3,2.0,4,3.0,3,3.0,2,1.0
4265,Point,91,33,564150,133750,4,0,0.0,0,0,3,3.0,2,1.0,3,2.0,4,3.0,3,3.0,2,1.0
4266,Point,91,34,564250,133750,4,0,0.0,0,0,3,3.0,2,1.0,3,2.0,4,3.0,3,3.0,2,1.0
4267,Point,91,35,564350,133750,4,0,0.0,0,0,3,2.0,2,1.0,3,2.0,4,3.0,3,3.0,2,1.0
4268,Point,91,36,564450,133750,4,0,0.0,0,0,3,2.0,2,2.0,3,2.0,4,3.0,3,3.0,2,1.0
4269,Point,91,37,564550,133750,4,0,0.0,0,0,3,2.0,2,2.0,3,2.0,4,3.0,3,3.0,2,1.0
4270,Point,91,38,564650,133750,4,0,0.0,0,0,3,2.0,3,2.0,3,2.0,4,3.0,3,3.0,1,1.0
4271,Point,91,39,564750,133750,4,0,0.0,0,0,3,2.0,3,2.0,3,2.0,4,3.0,3,3.0,1,0.0
4272,Point,91,40,564850,133750,4,0,0.0,0,0,3,2.0,3,2.0,3,2.0,4,3.0,3,3.0,1,0.0
4273,Point,91,41,564950,133750,4,0,0.0,0,0,2,2.0,3,2.0,3,2.0,4,3.0,3,3.0,1,0.0
4274,Point,91,42,565050,133750,4,0,0.0,0,0,2,2.0,3,2.0,3,2.0,4,3.0,3,3.0,1,0.0
4275,Point,91,43,565150,133750,4,0,0.0,0,0,2,1.0,3,2.0,3,2.0,4,3.0,3,3.0,1,0.0
4276,Point,91,44,565250,133750,4,0,0.0,0,0,1,1.0,3,2.0,4,2.0,4,3.0,2,3.0,1,0.0
4277,Point,91,45,565350,133750,4,0,0.0,0,0,1,1.0,3,2.0,4,2.0,4,3.0,1,2.0,1,1.0
4278,Point,91,46,565450,133750,4,0,0.0,0,0,1,1.0,3,2.0,4,2.0,4,3.0,3,3.0,1,1.0
4279,Point,91,47,565550,133750,3,0,0.0,0,0,1,1.0,3,2.0,4,2.0,4,3.0,3,4.0,1,1.0
4280,Point,91,48,565650,133750,3,0,0.0,0,0,1,1.0,3,3.0,4,2.0,4,3.0,4,4.0,1,1.0
4281,Point,91,49,565750,133750,3,0,0.0,0,0,1,1.0,2,3.0,4,3.0,4,3.0,4,4.0,1,1.0
4282,Point,91,50,565850,133750,2,0,0.0,0,0,0,1.0,1,3.0,4,3.0,4,3.0,4,3.0,1,1.0
4283,Point,91,51,565950,133750,2,0,0.0,0,0,0,1.0,1,3.0,4,4.0,0,3.0,4,2.0,1,1.0
4284,Point,91,52,566050,133750,2,0,0.0,0,0,0,2.0,1,3.0,4,4.0,0,3.0,4,1.0,1,1.0
4285,Point,91,53,566150,133750,2,0,0.0,0,0,0,2.0,1,3.0,4,4.0,0,4.0,4,1.0,1,1.0
4286,Point,91,54,566250,133750,2,0,0.0,0,0,0,3.0,0,3.0,4,4.0,0,4.0,4,1.0,1,1.0
4287,Point,91,55,566350,133750,1,0,0.0,0,0,0,3.0,0,3.0,4,4.0,0,4.0,4,1.0,1,1.0
4288,Point,91,56,566450,133750,1,0,0.0,0,0,0,4.0,0,4.0,4,4.0,0,4.0,4,1.0,1,1.0
4289,Point,91,57,566550,133750,0,0,0.0,0,0,0,4.0,0,4.0,4,4.0,0,0.0,4,1.0,1,1.0
4290,Point,91,58,566650,133750,0,0,0.0,0,0,0,4.0,0,4.0,4,4.0,0,0.0,4,1.0,1,1.0
4291,Point,91,59,566750,133750,0,0,0.0,0,0,0,4.0,0,4.0,2,4.0,0,0.0,4,3.0,1,1.0
4292,Point,91,60,566850,133750,0,0,0.0,0,0,0,4.0,0,4.0,0,2.0,0,0.0,4,4.0,1,1.0
4293,Point,91,61,566950,133750,0,0,0.0,0,0,0,3.0,0,4.0,0,0.0,0,0.0,3,3.0,2,1.0
4294,Point,91,62,567050,133750,0,0,0.0,0,0,0,2.0,0,4.0,0,0.0,0,0.0,2,1.0,2,1.0
4295,Point,91,63,567150,133750,1,1,0.0,0,0,1,2.0,0,4.0,0,0.0,0,0.0,2,0.0,2,1.0
4296,Point,91,64,567250,133750,1,1,0.0,0,0,2,1.0,0,4.0,0,0.0,0,0.0,2,0.0,2,1.0
4297,Point,91,65,567350,133750,1,0,0.0,0,0,2,1.0,0,4.0,0,0.0,0,4.0,1,0.0,2,1.0
4298,Point,91,66,567450,133750,0,0,0.0,0,0,3,2.0,0,3.0,0,0.0,0,4.0,0,0.0,3,1.0
4299,Point,91,67,567550,133750,0,0,0.0,0,0,3,2.0,0,3.0,0,0.0,0,4.0,0,0.0,3,1.0
4300,Point,91,68,567650,133750,0,0,0.0,0,0,3,3.0,1,3.0,0,0.0,0,4.0,0,0.0,3,1.0
4301,Point,91,69,567750,133750,0,0,0.0,0,0,3,3.0,1,3.0,0,0.0,0,4.0,0,0.0,3,1.0
4302,Point,91,70,567850,133750,0,0,0.0,0,0,3,3.0,1,3.0,0,0.0,0,3.0,0,0.0,3,1.0
4303,Point,91,71,567950,133750,0,0,0.0,0,0,3,3.0,1,3.0,0,0.0,4,3.0,0,0.0,3,1.0
4304,Point,91,72,568050,133750,0,0,0.0,0,0,3,4.0,1,2.0,0,0.0,4,3.0,0,0.0,3,1.0
4305,Point,91,73,568150,133750,1,0,0.0,0,0,3,4.0,1,2.0,0,1.0,4,3.0,0,0.0,3,1.0
4306,Point,91,74,568250,133750,1,0,0.0,0,0,3,4.0,2,1.0,0,1.0,4,3.0,3,1.0,3,1.0
4307,Point,91,75,568350,133750,1,0,0.0,0,0,3,4.0,2,1.0,1,2.0,4,3.0,3,1.0,3,1.0
4308,Point,91,76,568450,133750,1,0,0.0,0,0,3,4.0,2,1.0,1,2.0,4,3.0,3,2.0,3,1.0
4309,Point,91,77,568550,133750,1,0,0.0,0,0,3,4.0,2,0.0,1,2.0,4,3.0,3,1.0,3,1.0
4310,Point,91,78,568650,133750,1,0,0.0,0,0,3,4.0,2,0.0,1,2.0,4,3.0,3,1.0,3,0.0
4311,Point,91,79,568750,133750,1,0,0.0,0,0,3,3.0,2,0.0,0,1.0,4,3.0,3,1.0,4,0.0
4312,Point,91,80,568850,133750,1,0,0.0,0,0,3,3.0,2,0.0,0,1.0,4,3.0,2,1.0,4,0.0
4313,Point,91,81,568950,133750,2,0,0.0,0,0,3,3.0,2,0.0,0,1.0,4,3.0,1,0.0,4,0.0
4314,Point,91,82,569050,133750,2,0,0.0,0,0,3,3.0,2,0.0,0,1.0,4,3.0,1,0.0,4,0.0
4315,Point,91,83,569150,133750,3,0,0.0,0,0,3,3.0,2,0.0,0,1.0,4,3.0,1,0.0,4,0.0
4316,Point,91,84,569250,133750,3,0,0.0,0,0,3,3.0,2,0.0,0,1.0,4,3.0,1,0.0,4,0.0
4317,Point,91,85,569350,133750,3,0,0.0,0,0,3,3.0,1,1.0,0,1.0,4,3.0,1,0.0,4,0.0
4318,Point,91,86,569450,133750,2,0,0.0,0,0,3,3.0,1,1.0,0,1.0,4,3.0,1,1.0,4,0.0
4319,Point,91,87,569550,133750,2,0,0.0,0,0,2,3.0,1,1.0,0,0.0,4,3.0,1,1.0,4,0.0
4320,Point,91,88,569650,133750,2,0,0.0,0,0,2,3.0,1,2.0,0,0.0,4,3.0,1,1.0,4,0.0
4321,Point,91,89,569750,133750,1,0,0.0,0,0,1,3.0,1,2.0,0,0.0,4,3.0,1,1.0,4,0.0
4322,Point,91,90,569850,133750,1,0,0.0,0,0,0,2.0,1,2.0,0,0.0,4,3.0,1,1.0,3,1.0
4323,Point,91,91,569950,133750,1,0,0.0,0,0,0,2.0,1,2.0,0,0.0,4,3.0,1,1.0,3,1.0
4324,Point,91,92,570050,133750,1,0,0.0,0,0,0,2.0,1,2.0,0,0.0,4,3.0,1,1.0,3,1.0
4325,Point,91,93,570150,133750,2,0,0.0,0,0,0,2.0,1,2.0,0,0.0,4,3.0,1,1.0,3,1.0
4326,Point,91,94,570250,133750,2,0,0.0,0,0,0,2.0,1,2.0,0,0.0,4,3.0,1,1.0,3,1.0
4327,Point,91,95,570350,133750,2,0,0.0,0,0,0,1.0,1,2.0,0,0.0,4,3.0,1,1.0,3,1.0
4328,Point,91,96,570450,133750,2,0,0.0,0,0,0,1.0,1,2.0,0,0.0,4,3.0,1,1.0,3,1.0
4329,Point,91,97,570550,133750,2,0,0.0,0,0,0,1.0,1,2.0,0,0.0,4,3.0,1,1.0,3,2.0
4330,Point,91,98,570650,133750,2,0,0.0,0,0,0,2.0,1,2.0,1,1.0,4,3.0,1,1.0,3,2.0
4331,Point,91,99,570750,133750,2,0,0.0,0,0,0,2.0,2,2.0,2,2.0,4,3.0,1,1.0,3,2.0
4332,Point,91,100,570850,133750,2,0,0.0,0,0,0,2.0,2,2.0,3,2.0,4,3.0,1,1.0,3,2.0
4333,Point,91,101,570950,133750,2,0,0.0,0,0,0,3.0,2,2.0,3,3.0,4,3.0,1,1.0,3,2.0
4334,Point,91,102,571050,133750,1,0,0.0,0,0,0,3.0,2,2.0,4,3.0,4,3.0,1,1.0,3,2.0
4335,Point,91,103,571150,133750,1,0,0.0,0,0,0,3.0,2,2.0,4,2.0,4,3.0,1,1.0,3,2.0
4336,Point,91,104,571250,133750,0,0,0.0,0,0,0,3.0,2,2.0,4,2.0,4,3.0,1,1.0,3,2.0
4337,Point,91,105,571350,133750,0,0,0.0,0,0,0,3.0,2,2.0,4,2.0,4,3.0,1,1.0,3,2.0
4338,Point,91,106,571450,133750,0,0,0.0,0,0,0,4.0,2,2.0,4,2.0,4,3.0,1,1.0,3,2.0
4339,Point,91,107,571550,133750,0,0,0.0,0,0,1,4.0,2,2.0,4,2.0,4,3.0,1,1.0,3,2.0
4340,Point,91,108,571650,133750,1,0,0.0,0,0,1,3.0,2,2.0,4,1.0,4,3.0,2,1.0,2,2.0
4341,Point,91,109,571750,133750,1,0,0.0,0,0,2,3.0,2,2.0,4,1.0,4,3.0,2,1.0,2,2.0
4342,Point,91,110,571850,133750,1,0,0.0,0,0,2,3.0,2,2.0,4,1.0,4,3.0,2,1.0,2,2.0
4343,Point,91,111,571950,133750,1,0,0.0,0,0,2,3.0,2,1.0,4,1.0,4,3.0,2,1.0,2,2.0
4344,Point,91,112,572050,133750,2,0,0.0,0,0,2,3.0,2,1.0,4,1.0,4,3.0,2,1.0,2,2.0
4345,Point,91,113,572150,133750,2,0,0.0,0,0,2,2.0,2,1.0,4,1.0,4,3.0,2,1.0,2,2.0
4346,Point,92,32,564050,133650,4,0,0.0,0,0,3,3.0,2,1.0,3,2.0,4,3.0,3,3.0,2,1.0
4347,Point,92,33,564150,133650,4,0,0.0,0,0,3,3.0,2,1.0,3,2.0,4,3.0,3,3.0,2,1.0
4348,Point,92,34,564250,133650,4,0,0.0,0,0,3,3.0,2,1.0,3,2.0,4,3.0,3,3.0,2,1.0
4349,Point,92,35,564350,133650,4,0,0.0,0,0,3,3.0,2,1.0,3,2.0,4,3.0,3,3.0,2,1.0
4350,Point,92,36,564450,133650,4,0,0.0,0,0,3,2.0,2,1.0,3,2.0,4,3.0,3,3.0,2,1.0
4351,Point,92,37,564550,133650,4,0,0.0,0,0,3,2.0,2,2.0,3,2.0,4,3.0,3,3.0,2,1.0
4352,Point,92,38,564650,133650,4,0,0.0,0,0,3,2.0,2,2.0,3,2.0,4,3.0,3,3.0,2,1.0
4353,Point,92,39,564750,133650,4,0,0.0,0,0,3,2.0,3,2.0,3,2.0,4,3.0,3,3.0,1,1.0
4354,Point,92,40,564850,133650,4,0,0.0,0,0,3,2.0,3,2.0,3,2.0,4,3.0,3,3.0,1,0.0
4355,Point,92,41,564950,133650,4,0,0.0,0,0,3,2.0,3,2.0,3,2.0,4,3.0,3,3.0,1,0.0
4356,Point,92,42,565050,133650,4,0,0.0,0,0,2,2.0,3,2.0,3,1.0,4,3.0,3,3.0,1,0.0
4357,Point,92,43,565150,133650,4,0,0.0,0,0,2,2.0,3,2.0,3,2.0,4,3.0,3,3.0,1,0.0
4358,Point,92,44,565250,133650,4,0,0.0,0,0,2,1.0,3,2.0,4,2.0,4,3.0,2,3.0,1,0.0
4359,Point,92,45,565350,133650,4,0,0.0,0,0,1,1.0,3,2.0,4,2.0,4,3.0,1,2.0,1,0.0
4360,Point,92,46,565450,133650,4,0,0.0,0,0,1,1.0,3,2.0,4,2.0,4,3.0,2,2.0,1,1.0
4361,Point,92,47,565550,133650,4,0,0.0,0,0,1,1.0,3,2.0,4,2.0,4,3.0,3,3.0,1,1.0
4362,Point,92,48,565650,133650,3,0,0.0,0,0,1,1.0,3,2.0,4,2.0,4,3.0,3,4.0,1,1.0
4363,Point,92,49,565750,133650,3,0,0.0,0,0,1,1.0,2,3.0,4,2.0,4,3.0,4,4.0,1,1.0
4364,Point,92,50,565850,133650,3,0,0.0,0,0,0,1.0,1,3.0,4,2.0,4,3.0,4,4.0,1,1.0
4365,Point,92,51,565950,133650,2,0,0.0,0,0,0,2.0,1,3.0,4,2.0,0,3.0,4,3.0,1,1.0
4366,Point,92,52,566050,133650,2,0,0.0,0,0,0,2.0,1,3.0,4,3.0,0,3.0,4,3.0,1,1.0
4367,Point,92,53,566150,133650,2,0,0.0,0,0,0,3.0,1,3.0,4,4.0,0,4.0,4,2.0,1,1.0
4368,Point,92,54,566250,133650,1,0,0.0,0,0,0,3.0,0,3.0,4,4.0,0,4.0,4,2.0,1,1.0
4369,Point,92,55,566350,133650,1,0,0.0,0,0,0,3.0,0,3.0,4,4.0,0,4.0,4,3.0,1,1.0
4370,Point,92,56,566450,133650,0,0,0.0,0,0,0,4.0,0,4.0,4,4.0,0,4.0,4,3.0,1,1.0
4371,Point,92,57,566550,133650,0,0,0.0,0,0,0,4.0,0,4.0,3,4.0,0,0.0,4,4.0,1,1.0
4372,Point,92,58,566650,133650,0,0,0.0,0,0,0,4.0,0,4.0,1,4.0,0,0.0,4,4.0,1,1.0
4373,Point,92,59,566750,133650,0,0,0.0,0,0,0,4.0,0,4.0,0,1.0,0,0.0,4,4.0,1,1.0
4374,Point,92,60,566850,133650,0,0,0.0,0,0,0,4.0,0,4.0,0,0.0,0,0.0,3,4.0,1,1.0
4375,Point,92,61,566950,133650,0,0,0.0,0,0,0,4.0,0,4.0,0,0.0,0,0.0,0,4.0,2,1.0
4376,Point,92,62,567050,133650,0,0,0.0,0,0,0,3.0,0,4.0,0,0.0,0,0.0,0,3.0,2,1.0
4377,Point,92,63,567150,133650,1,0,0.0,0,0,1,3.0,0,4.0,0,0.0,0,0.0,0,2.0,2,1.0
4378,Point,92,64,567250,133650,1,0,0.0,0,0,2,2.0,0,4.0,0,0.0,0,0.0,0,1.0,2,1.0
4379,Point,92,65,567350,133650,0,0,0.0,0,0,2,2.0,0,4.0,0,0.0,0,4.0,0,1.0,2,1.0
4380,Point,92,66,567450,133650,0,0,0.0,0,0,2,2.0,0,3.0,0,0.0,0,4.0,0,0.0,3,1.0
4381,Point,92,67,567550,133650,0,0,0.0,0,0,3,3.0,0,3.0,0,0.0,0,4.0,0,0.0,3,1.0
4382,Point,92,68,567650,133650,1,0,0.0,0,0,3,3.0,1,3.0,0,0.0,0,4.0,0,0.0,3,1.0
4383,Point,92,69,567750,133650,0,0,0.0,0,0,3,3.0,1,3.0,0,0.0,0,4.0,0,0.0,3,1.0
4384,Point,92,70,567850,133650,0,0,0.0,0,0,3,3.0,1,3.0,0,0.0,0,3.0,0,0.0,3,1.0
4385,Point,92,71,567950,133650,0,0,0.0,0,0,3,4.0,1,3.0,0,0.0,4,3.0,0,0.0,3,1.0
4386,Point,92,72,568050,133650,1,0,0.0,0,0,3,4.0,1,2.0,0,0.0,4,3.0,0,0.0,3,1.0
4387,Point,92,73,568150,133650,1,0,0.0,0,0,3,4.0,1,2.0,0,1.0,4,3.0,1,1.0,3,1.0
4388,Point,92,74,568250,133650,2,0,0.0,0,0,3,4.0,2,1.0,0,1.0,4,3.0,3,1.0,3,1.0
4389,Point,92,75,568350,133650,1,0,0.0,0,0,3,4.0,2,1.0,1,2.0,4,3.0,3,2.0,3,1.0
4390,Point,92,76,568450,133650,1,0,0.0,0,0,3,4.0,2,1.0,0,1.0,4,3.0,3,1.0,3,1.0
4391,Point,92,77,568550,133650,1,0,0.0,0,0,3,4.0,2,1.0,0,1.0,4,3.0,3,1.0,3,1.0
4392,Point,92,78,568650,133650,1,0,0.0,0,0,3,3.0,2,0.0,0,1.0,4,3.0,3,1.0,3,1.0
4393,Point,92,79,568750,133650,1,0,0.0,0,0,3,3.0,2,0.0,0,1.0,4,3.0,2,1.0,3,1.0
4394,Point,92,80,568850,133650,2,0,0.0,0,0,3,3.0,2,0.0,0,1.0,4,3.0,1,1.0,4,1.0
4395,Point,92,81,568950,133650,2,0,0.0,0,0,3,3.0,2,0.0,0,1.0,4,3.0,1,0.0,4,1.0
4396,Point,92,82,569050,133650,2,0,0.0,0,0,3,3.0,2,0.0,0,1.0,4,3.0,1,0.0,4,0.0
4397,Point,92,83,569150,133650,3,0,0.0,0,0,3,3.0,1,1.0,0,1.0,4,3.0,1,0.0,4,0.0
4398,Point,92,84,569250,133650,3,0,0.0,0,0,3,3.0,1,1.0,0,1.0,4,3.0,1,0.0,4,0.0
4399,Point,92,85,569350,133650,3,0,0.0,0,0,3,3.0,1,1.0,0,1.0,4,3.0,1,0.0,4,0.0
4400,Point,92,86,569450,133650,2,0,0.0,0,0,3,3.0,1,2.0,0,1.0,4,3.0,1,1.0,4,0.0
4401,Point,92,87,569550,133650,2,0,0.0,0,0,2,3.0,1,2.0,0,0.0,4,3.0,1,1.0,4,1.0
4402,Point,92,88,569650,133650,2,0,0.0,0,0,1,3.0,1,2.0,0,0.0,4,0.0,1,1.0,3,1.0
4403,Point,92,89,569750,133650,2,0,0.0,0,0,1,2.0,1,3.0,0,0.0,4,0.0,1,1.0,3,1.0
4404,Point,92,90,569850,133650,2,0,0.0,0,0,1,2.0,1,3.0,0,0.0,4,0.0,1,1.0,3,1.0
4405,Point,92,91,569950,133650,2,0,0.0,0,0,1,1.0,1,3.0,0,0.0,4,0.0,1,1.0,3,1.0
4406,Point,92,92,570050,133650,2,0,0.0,0,0,1,1.0,1,3.0,0,0.0,4,0.0,1,1.0,3,1.0
4407,Point,92,93,570150,133650,2,0,0.0,0,0,1,1.0,1,3.0,0,0.0,4,0.0,1,1.0,3,1.0
4408,Point,92,94,570250,133650,2,0,0.0,0,0,0,1.0,1,3.0,0,0.0,4,0.0,1,1.0,3,1.0
4409,Point,92,95,570350,133650,1,0,0.0,0,0,0,1.0,1,3.0,0,0.0,4,0.0,1,1.0,3,2.0
4410,Point,92,96,570450,133650,1,0,0.0,0,0,0,1.0,1,3.0,0,0.0,4,3.0,1,1.0,3,2.0
4411,Point,92,97,570550,133650,1,0,0.0,0,0,0,1.0,1,3.0,1,1.0,4,3.0,1,1.0,3,2.0
4412,Point,92,98,570650,133650,1,0,0.0,0,0,0,2.0,1,3.0,2,2.0,4,3.0,1,1.0,3,2.0
4413,Point,92,99,570750,133650,2,0,0.0,0,0,0,2.0,1,2.0,3,2.0,4,3.0,1,1.0,3,2.0
4414,Point,92,100,570850,133650,2,0,0.0,0,0,0,2.0,2,2.0,4,2.0,4,3.0,1,1.0,3,2.0
4415,Point,92,101,570950,133650,2,0,0.0,0,0,0,3.0,2,2.0,4,2.0,4,3.0,1,1.0,3,2.0
4416,Point,92,102,571050,133650,1,0,0.0,0,0,0,3.0,2,2.0,4,2.0,4,3.0,1,1.0,3,2.0
4417,Point,92,103,571150,133650,1,0,0.0,0,0,0,3.0,3,2.0,4,2.0,4,3.0,1,1.0,3,2.0
4418,Point,92,104,571250,133650,1,0,0.0,0,0,0,3.0,3,2.0,4,1.0,4,3.0,1,1.0,3,2.0
4419,Point,92,105,571350,133650,0,0,0.0,0,0,0,3.0,3,2.0,4,1.0,4,3.0,1,1.0,3,2.0
4420,Point,92,106,571450,133650,0,0,0.0,0,0,1,4.0,3,2.0,4,1.0,4,3.0,1,1.0,3,2.0
4421,Point,92,107,571550,133650,1,0,0.0,0,0,1,3.0,3,2.0,4,1.0,4,3.0,1,1.0,2,2.0
4422,Point,92,108,571650,133650,1,0,0.0,0,0,1,3.0,3,2.0,4,1.0,4,3.0,2,1.0,2,2.0
4423,Point,92,109,571750,133650,1,0,0.0,0,0,2,3.0,2,2.0,4,0.0,4,3.0,2,1.0,2,2.0
4424,Point,92,110,571850,133650,1,0,0.0,0,0,2,3.0,2,2.0,4,0.0,4,3.0,2,1.0,2,2.0
4425,Point,92,111,571950,133650,1,0,0.0,0,0,2,3.0,2,1.0,4,0.0,4,3.0,2,1.0,2,2.0
4426,Point,92,112,572050,133650,1,0,0.0,0,0,2,3.0,2,1.0,4,0.0,4,3.0,2,1.0,2,2.0
4427,Point,92,113,572150,133650,2,0,0.0,0,0,2,2.0,2,1.0,4,0.0,4,3.0,2,1.0,2,2.0
4428,Point,93,32,564050,133550,4,0,0.0,0,0,3,3.0,2,1.0,3,2.0,4,3.0,3,2.0,2,1.0
4429,Point,93,33,564150,133550,4,0,0.0,0,0,3,3.0,2,1.0,3,2.0,4,3.0,3,3.0,2,1.0
4430,Point,93,34,564250,133550,4,0,0.0,0,0,3,3.0,2,1.0,3,2.0,4,3.0,3,3.0,2,1.0
4431,Point,93,35,564350,133550,4,0,0.0,0,0,3,3.0,2,1.0,3,2.0,4,3.0,3,3.0,2,1.0
4432,Point,93,36,564450,133550,4,0,0.0,0,0,3,2.0,2,1.0,3,2.0,4,3.0,3,3.0,2,1.0
4433,Point,93,37,564550,133550,4,0,0.0,0,0,3,2.0,2,1.0,3,2.0,4,3.0,3,3.0,2,1.0
4434,Point,93,38,564650,133550,4,0,0.0,0,0,3,2.0,2,2.0,3,2.0,4,3.0,3,3.0,2,1.0
4435,Point,93,39,564750,133550,4,0,0.0,0,0,3,2.0,2,2.0,3,1.0,4,3.0,3,3.0,2,1.0
4436,Point,93,40,564850,133550,4,0,0.0,0,0,3,2.0,3,2.0,3,1.0,4,3.0,3,3.0,1,1.0
4437,Point,93,41,564950,133550,4,0,0.0,0,0,3,2.0,3,2.0,3,1.0,4,3.0,3,3.0,1,0.0
4438,Point,93,42,565050,133550,4,0,0.0,0,0,3,2.0,3,2.0,3,1.0,4,3.0,3,3.0,1,0.0
4439,Point,93,43,565150,133550,4,0,0.0,0,0,2,2.0,3,2.0,3,1.0,4,3.0,3,3.0,1,0.0
4440,Point,93,44,565250,133550,4,0,0.0,0,0,2,2.0,3,2.0,4,1.0,4,3.0,2,3.0,1,0.0
4441,Point,93,45,565350,133550,4,0,0.0,0,0,2,1.0,3,2.0,4,1.0,4,3.0,1,2.0,1,0.0
4442,Point,93,46,565450,133550,4,0,0.0,0,0,1,1.0,3,2.0,4,1.0,4,3.0,1,1.0,1,0.0
4443,Point,93,47,565550,133550,4,0,0.0,0,0,1,1.0,3,2.0,4,2.0,4,3.0,1,2.0,1,0.0
4444,Point,93,48,565650,133550,3,0,0.0,0,0,1,1.0,3,2.0,4,2.0,4,3.0,3,4.0,1,1.0
4445,Point,93,49,565750,133550,3,0,0.0,0,0,1,1.0,2,3.0,4,2.0,4,3.0,3,4.0,1,1.0
4446,Point,93,50,565850,133550,2,0,0.0,0,0,0,1.0,1,3.0,4,2.0,4,3.0,4,4.0,1,1.0
4447,Point,93,51,565950,133550,2,0,0.0,0,0,0,2.0,1,3.0,4,2.0,0,3.0,4,4.0,1,1.0
4448,Point,93,52,566050,133550,2,0,0.0,0,0,0,2.0,1,3.0,4,2.0,0,3.0,4,4.0,1,1.0
4449,Point,93,53,566150,133550,1,0,0.0,0,0,0,3.0,1,3.0,4,2.0,0,4.0,4,3.0,1,1.0
4450,Point,93,54,566250,133550,1,0,0.0,0,0,0,3.0,0,3.0,4,3.0,0,4.0,4,4.0,1,1.0
4451,Point,93,55,566350,133550,1,0,0.0,0,0,0,4.0,0,3.0,4,4.0,0,4.0,4,4.0,1,1.0
4452,Point,93,56,566450,133550,0,0,0.0,0,0,0,4.0,0,4.0,4,4.0,0,4.0,4,4.0,1,1.0
4453,Point,93,57,566550,133550,0,0,0.0,0,0,0,4.0,0,4.0,3,4.0,0,0.0,3,4.0,1,1.0
4454,Point,93,58,566650,133550,0,0,0.0,0,0,0,4.0,0,4.0,0,1.0,0,0.0,2,4.0,1,1.0
4455,Point,93,59,566750,133550,0,0,0.0,0,0,0,4.0,0,4.0,0,0.0,0,0.0,1,4.0,1,1.0
4456,Point,93,60,566850,133550,0,0,0.0,0,0,0,4.0,0,4.0,0,0.0,0,0.0,0,4.0,1,1.0
4457,Point,93,61,566950,133550,0,0,0.0,0,0,0,3.0,0,4.0,0,0.0,0,0.0,0,0.0,2,1.0
4458,Point,93,62,567050,133550,0,0,0.0,0,0,0,3.0,0,4.0,0,0.0,0,0.0,0,0.0,2,1.0
4459,Point,93,63,567150,133550,1,0,0.0,0,0,1,3.0,0,4.0,0,0.0,0,0.0,0,0.0,2,1.0
4460,Point,93,64,567250,133550,1,0,0.0,0,0,1,2.0,0,4.0,0,0.0,0,0.0,0,0.0,2,1.0
4461,Point,93,65,567350,133550,0,0,0.0,0,0,2,2.0,0,4.0,0,0.0,0,4.0,0,0.0,2,1.0
4462,Point,93,66,567450,133550,0,0,0.0,0,0,2,3.0,0,3.0,0,0.0,0,4.0,0,0.0,3,1.0
4463,Point,93,67,567550,133550,0,0,0.0,0,0,2,3.0,0,3.0,0,0.0,0,4.0,0,0.0,3,1.0
4464,Point,93,68,567650,133550,0,0,0.0,0,0,2,3.0,1,3.0,0,0.0,0,4.0,0,0.0,3,1.0
4465,Point,93,69,567750,133550,1,0,0.0,0,0,2,4.0,1,3.0,0,0.0,0,4.0,0,0.0,3,1.0
4466,Point,93,70,567850,133550,1,0,0.0,0,0,3,4.0,1,3.0,0,0.0,0,3.0,0,0.0,3,1.0
4467,Point,93,71,567950,133550,0,0,0.0,0,0,3,4.0,1,3.0,0,0.0,4,3.0,0,0.0,3,1.0
4468,Point,93,72,568050,133550,1,0,0.0,0,0,3,4.0,1,2.0,0,0.0,4,3.0,0,0.0,3,1.0
4469,Point,93,73,568150,133550,1,0,0.0,0,0,3,4.0,1,2.0,0,1.0,4,3.0,3,1.0,3,1.0
4470,Point,93,74,568250,133550,1,0,0.0,0,0,3,4.0,2,1.0,0,1.0,4,3.0,3,1.0,3,1.0
4471,Point,93,75,568350,133550,1,0,0.0,0,0,3,4.0,2,1.0,0,1.0,4,3.0,3,2.0,3,1.0
4472,Point,93,76,568450,133550,1,0,0.0,0,0,3,4.0,2,1.0,0,1.0,4,3.0,3,1.0,3,1.0
4473,Point,93,77,568550,133550,1,0,0.0,0,0,3,3.0,2,1.0,0,1.0,4,3.0,3,1.0,3,1.0
4474,Point,93,78,568650,133550,1,0,0.0,0,0,3,3.0,2,1.0,0,1.0,4,3.0,2,1.0,3,1.0
4475,Point,93,79,568750,133550,2,0,0.0,0,0,3,3.0,2,1.0,0,1.0,4,3.0,1,1.0,3,1.0
4476,Point,93,80,568850,133550,2,0,0.0,0,0,3,3.0,2,1.0,0,1.0,4,3.0,1,0.0,3,1.0
4477,Point,93,81,568950,133550,2,0,0.0,0,0,3,3.0,2,1.0,0,1.0,4,3.0,1,0.0,3,1.0
4478,Point,93,82,569050,133550,3,0,0.0,0,0,3,3.0,1,1.0,0,0.0,4,3.0,1,0.0,3,1.0
4479,Point,93,83,569150,133550,3,0,0.0,0,0,3,3.0,1,1.0,0,0.0,4,3.0,1,0.0,3,1.0
4480,Point,93,84,569250,133550,2,0,0.0,0,0,3,3.0,1,2.0,0,1.0,4,3.0,1,0.0,3,1.0
4481,Point,93,85,569350,133550,2,0,0.0,0,0,3,3.0,1,2.0,0,1.0,4,3.0,1,0.0,3,1.0
4482,Point,93,86,569450,133550,2,0,0.0,0,0,2,3.0,1,2.0,0,1.0,4,0.0,1,1.0,3,1.0
4483,Point,93,87,569550,133550,2,0,0.0,0,0,2,2.0,1,3.0,0,0.0,4,0.0,1,1.0,3,1.0
4484,Point,93,88,569650,133550,2,0,0.0,0,0,1,2.0,1,3.0,0,0.0,4,0.0,2,1.0,3,1.0
4485,Point,93,89,569750,133550,2,0,0.0,0,0,1,1.0,1,3.0,0,0.0,4,0.0,2,1.0,3,1.0
4486,Point,93,90,569850,133550,2,0,0.0,0,0,1,1.0,1,3.0,0,0.0,4,0.0,2,1.0,3,1.0
4487,Point,93,91,569950,133550,2,0,0.0,0,0,1,1.0,1,3.0,0,0.0,4,0.0,1,1.0,3,1.0
4488,Point,93,92,570050,133550,2,0,0.0,0,0,1,1.0,1,3.0,0,0.0,4,0.0,1,1.0,3,1.0
4489,Point,93,93,570150,133550,1,0,0.0,0,0,1,1.0,1,3.0,0,0.0,4,0.0,1,1.0,3,1.0
4490,Point,93,94,570250,133550,1,0,0.0,0,0,1,1.0,1,3.0,0,0.0,4,0.0,1,1.0,3,2.0
4491,Point,93,95,570350,133550,1,0,0.0,0,0,1,1.0,1,3.0,0,0.0,4,0.0,1,1.0,3,2.0
4492,Point,93,96,570450,133550,1,0,0.0,0,0,0,1.0,1,3.0,1,1.0,4,0.0,1,1.0,3,2.0
4493,Point,93,97,570550,133550,1,0,0.0,0,0,0,1.0,1,3.0,2,1.0,4,0.0,1,1.0,3,2.0
4494,Point,93,98,570650,133550,1,0,0.0,0,0,0,2.0,1,3.0,3,2.0,4,3.0,1,1.0,3,2.0
4495,Point,93,99,570750,133550,1,0,0.0,0,0,0,2.0,1,3.0,4,2.0,4,3.0,1,1.0,3,2.0
4496,Point,93,100,570850,133550,1,0,0.0,0,0,0,3.0,1,2.0,4,1.0,4,3.0,1,1.0,3,2.0
4497,Point,93,101,570950,133550,1,0,0.0,0,0,0,3.0,2,2.0,4,1.0,4,3.0,0,1.0,3,2.0
4498,Point,93,102,571050,133550,1,0,0.0,0,0,0,3.0,2,2.0,4,1.0,4,3.0,0,1.0,3,2.0
4499,Point,93,103,571150,133550,1,0,0.0,0,0,0,3.0,3,2.0,4,1.0,4,3.0,1,1.0,3,2.0
4500,Point,93,104,571250,133550,1,0,0.0,0,0,0,3.0,3,2.0,4,1.0,4,3.0,1,1.0,3,2.0
4501,Point,93,105,571350,133550,1,0,0.0,0,0,0,3.0,3,2.0,4,1.0,4,3.0,1,1.0,3,2.0
4502,Point,93,106,571450,133550,1,0,0.0,0,0,1,3.0,3,2.0,4,0.0,4,3.0,1,1.0,2,2.0
4503,Point,93,107,571550,133550,1,0,0.0,0,0,1,3.0,3,2.0,4,0.0,4,3.0,1,1.0,2,2.0
4504,Point,93,108,571650,133550,1,0,0.0,0,0,1,3.0,3,2.0,4,0.0,4,3.0,2,1.0,2,2.0
4505,Point,93,109,571750,133550,0,0,0.0,0,0,2,3.0,3,2.0,4,0.0,4,3.0,2,1.0,2,2.0
4506,Point,93,110,571850,133550,0,0,0.0,0,0,2,3.0,2,2.0,4,0.0,4,3.0,2,1.0,2,2.0
4507,Point,93,111,571950,133550,1,0,0.0,0,0,2,3.0,2,2.0,4,0.0,4,3.0,2,1.0,2,2.0
4508,Point,93,112,572050,133550,1,0,0.0,0,0,2,2.0,2,1.0,4,0.0,4,3.0,2,1.0,2,2.0
4509,Point,93,113,572150,133550,1,0,0.0,0,0,2,2.0,2,1.0,4,0.0,4,3.0,2,1.0,2,2.0
4510,Point,94,32,564050,133450,4,0,0.0,0,0,3,3.0,2,1.0,3,2.0,4,3.0,3,2.0,2,1.0
4511,Point,94,33,564150,133450,4,0,0.0,0,0,3,3.0,2,1.0,3,2.0,4,3.0,3,3.0,2,1.0
4512,Point,94,34,564250,133450,4,0,0.0,0,0,3,3.0,2,1.0,3,2.0,4,3.0,3,3.0,2,1.0
4513,Point,94,35,564350,133450,4,0,0.0,0,0,3,3.0,2,1.0,3,2.0,4,3.0,3,3.0,2,1.0
4514,Point,94,36,564450,133450,4,0,0.0,0,0,3,2.0,2,1.0,3,2.0,4,3.0,3,3.0,2,1.0
4515,Point,94,37,564550,133450,4,0,0.0,0,0,3,2.0,2,1.0,3,2.0,4,3.0,3,3.0,2,1.0
4516,Point,94,38,564650,133450,4,0,0.0,0,0,3,2.0,2,2.0,3,1.0,4,3.0,3,3.0,2,1.0
4517,Point,94,39,564750,133450,4,0,0.0,0,0,3,3.0,2,2.0,3,1.0,4,3.0,3,3.0,2,1.0
4518,Point,94,40,564850,133450,4,0,0.0,0,0,3,3.0,2,2.0,3,1.0,4,3.0,3,3.0,2,1.0
4519,Point,94,41,564950,133450,4,0,0.0,0,0,3,3.0,3,2.0,3,1.0,4,3.0,3,3.0,1,1.0
4520,Point,94,42,565050,133450,4,0,0.0,0,0,3,3.0,3,2.0,3,1.0,4,3.0,3,3.0,1,1.0
4521,Point,94,43,565150,133450,4,0,0.0,0,0,3,2.0,3,2.0,3,1.0,4,3.0,3,3.0,1,0.0
4522,Point,94,44,565250,133450,4,0,0.0,0,0,2,2.0,3,2.0,4,1.0,4,3.0,2,3.0,1,0.0
4523,Point,94,45,565350,133450,4,0,0.0,0,0,2,2.0,3,2.0,4,1.0,4,3.0,1,2.0,1,0.0
4524,Point,94,46,565450,133450,4,0,0.0,0,0,2,2.0,3,2.0,4,1.0,4,3.0,1,1.0,1,0.0
4525,Point,94,47,565550,133450,4,0,0.0,0,0,1,1.0,3,2.0,4,1.0,4,3.0,1,1.0,1,0.0
4526,Point,94,48,565650,133450,3,0,0.0,0,0,1,1.0,3,2.0,4,1.0,4,3.0,1,2.0,1,1.0
4527,Point,94,49,565750,133450,3,0,0.0,0,0,1,1.0,2,3.0,4,1.0,4,3.0,3,4.0,1,1.0
4528,Point,94,50,565850,133450,2,0,0.0,0,0,0,1.0,1,3.0,4,1.0,4,3.0,3,4.0,1,1.0
4529,Point,94,51,565950,133450,2,0,0.0,0,0,0,2.0,1,3.0,4,1.0,0,3.0,4,4.0,1,1.0
4530,Point,94,52,566050,133450,1,0,0.0,0,0,0,3.0,1,3.0,4,1.0,0,3.0,4,4.0,1,1.0
4531,Point,94,53,566150,133450,1,0,0.0,0,0,0,3.0,1,3.0,4,1.0,0,4.0,4,4.0,1,1.0
4532,Point,94,54,566250,133450,1,0,0.0,0,0,0,4.0,1,3.0,4,2.0,0,4.0,4,4.0,1,1.0
4533,Point,94,55,566350,133450,0,0,0.0,0,0,0,4.0,0,3.0,4,2.0,0,4.0,3,4.0,1,1.0
4534,Point,94,56,566450,133450,0,0,0.0,0,0,0,4.0,0,3.0,4,4.0,0,4.0,3,4.0,1,1.0
4535,Point,94,57,566550,133450,0,0,0.0,0,0,0,4.0,0,4.0,3,4.0,0,4.0,1,4.0,1,1.0
4536,Point,94,58,566650,133450,0,0,0.0,0,0,0,4.0,0,4.0,0,1.0,0,0.0,0,4.0,1,1.0
4537,Point,94,59,566750,133450,0,0,0.0,0,0,0,4.0,0,4.0,0,0.0,0,0.0,0,0.0,1,1.0
4538,Point,94,60,566850,133450,0,0,0.0,0,0,0,4.0,0,4.0,0,0.0,0,0.0,0,0.0,2,1.0
4539,Point,94,61,566950,133450,1,0,0.0,0,0,0,3.0,0,4.0,0,0.0,0,0.0,0,0.0,2,1.0
4540,Point,94,62,567050,133450,1,0,0.0,0,0,0,2.0,0,4.0,0,0.0,0,0.0,0,0.0,2,1.0
4541,Point,94,63,567150,133450,1,0,0.0,0,0,0,2.0,0,4.0,0,0.0,0,0.0,0,0.0,2,1.0
4542,Point,94,64,567250,133450,1,0,0.0,0,0,1,2.0,0,4.0,0,0.0,0,3.0,0,0.0,2,1.0
4543,Point,94,65,567350,133450,0,0,0.0,0,0,1,2.0,0,3.0,0,0.0,0,4.0,0,0.0,2,1.0
4544,Point,94,66,567450,133450,0,0,0.0,0,0,1,3.0,0,3.0,0,0.0,0,4.0,0,0.0,3,1.0
4545,Point,94,67,567550,133450,0,0,0.0,0,0,2,3.0,0,3.0,0,0.0,0,4.0,0,0.0,3,1.0
4546,Point,94,68,567650,133450,1,0,0.0,0,0,2,3.0,1,3.0,0,0.0,0,4.0,0,0.0,3,1.0
4547,Point,94,69,567750,133450,1,0,0.0,0,0,2,4.0,1,3.0,0,0.0,0,3.0,0,0.0,3,2.0
4548,Point,94,70,567850,133450,0,0,0.0,0,0,2,4.0,1,3.0,0,0.0,0,3.0,0,0.0,3,2.0
4549,Point,94,71,567950,133450,0,0,0.0,0,0,2,4.0,1,3.0,0,0.0,4,3.0,0,0.0,3,2.0
4550,Point,94,72,568050,133450,0,0,0.0,0,0,3,4.0,1,2.0,0,1.0,4,3.0,0,1.0,3,2.0
4551,Point,94,73,568150,133450,1,0,0.0,0,0,3,4.0,2,2.0,0,1.0,4,3.0,3,1.0,3,2.0
4552,Point,94,74,568250,133450,1,0,0.0,0,0,3,4.0,2,1.0,0,1.0,4,3.0,3,2.0,3,2.0
4553,Point,94,75,568350,133450,1,0,0.0,0,0,3,4.0,2,1.0,0,1.0,4,3.0,3,2.0,3,1.0
4554,Point,94,76,568450,133450,1,0,0.0,0,0,3,4.0,2,1.0,0,1.0,4,3.0,3,1.0,3,1.0
4555,Point,94,77,568550,133450,1,0,0.0,0,0,3,3.0,2,1.0,0,0.0,4,3.0,1,1.0,3,1.0
4556,Point,94,78,568650,133450,1,0,0.0,0,0,3,3.0,2,1.0,0,0.0,4,3.0,1,1.0,3,1.0
4557,Point,94,79,568750,133450,1,0,0.0,0,0,3,3.0,2,1.0,0,0.0,4,3.0,0,1.0,3,1.0
4558,Point,94,80,568850,133450,2,0,0.0,0,0,3,3.0,2,1.0,0,0.0,4,3.0,0,0.0,3,1.0
4559,Point,94,81,568950,133450,2,0,0.0,0,0,3,3.0,2,1.0,0,0.0,4,3.0,0,0.0,3,1.0
4560,Point,94,82,569050,133450,3,0,0.0,0,0,3,3.0,1,2.0,0,0.0,4,3.0,0,0.0,3,1.0
4561,Point,94,83,569150,133450,2,0,0.0,0,0,3,3.0,1,2.0,0,0.0,4,3.0,1,0.0,3,1.0
4562,Point,94,84,569250,133450,2,0,0.0,0,0,3,3.0,1,2.0,0,2.0,4,3.0,1,0.0,3,1.0
4563,Point,94,85,569350,133450,2,0,0.0,0,0,2,3.0,1,3.0,0,1.0,4,0.0,1,1.0,3,1.0
4564,Point,94,86,569450,133450,1,0,0.0,0,0,2,2.0,1,3.0,0,1.0,4,0.0,2,1.0,3,1.0
4565,Point,94,87,569550,133450,1,0,0.0,0,0,2,2.0,1,3.0,0,0.0,4,0.0,2,1.0,3,1.0
4566,Point,94,88,569650,133450,1,0,0.0,0,0,1,1.0,1,3.0,0,0.0,4,0.0,2,1.0,3,1.0
4567,Point,94,89,569750,133450,1,0,0.0,0,0,1,1.0,1,3.0,0,0.0,4,0.0,2,1.0,3,1.0
4568,Point,94,90,569850,133450,2,0,0.0,0,0,1,1.0,1,3.0,0,0.0,4,0.0,2,1.0,3,1.0
4569,Point,94,91,569950,133450,2,0,0.0,0,0,1,1.0,1,3.0,0,0.0,4,0.0,2,1.0,3,1.0
4570,Point,94,92,570050,133450,2,0,0.0,0,0,1,1.0,1,3.0,0,0.0,4,0.0,2,1.0,3,2.0
4571,Point,94,93,570150,133450,1,0,0.0,0,0,1,1.0,1,3.0,0,0.0,4,0.0,2,1.0,3,2.0
4572,Point,94,94,570250,133450,1,0,0.0,0,0,1,1.0,1,3.0,0,0.0,4,0.0,1,1.0,3,2.0
4573,Point,94,95,570350,133450,0,0,0.0,0,0,1,1.0,1,3.0,0,1.0,4,0.0,1,1.0,3,2.0
4574,Point,94,96,570450,133450,0,0,0.0,0,0,1,1.0,1,3.0,1,1.0,4,0.0,1,1.0,3,2.0
4575,Point,94,97,570550,133450,0,0,0.0,0,0,0,1.0,1,3.0,3,2.0,4,0.0,1,1.0,3,2.0
4576,Point,94,98,570650,133450,1,0,0.0,0,0,0,2.0,1,3.0,4,2.0,4,0.0,1,1.0,3,2.0
4577,Point,94,99,570750,133450,1,0,0.0,0,0,0,2.0,1,3.0,4,1.0,4,3.0,1,2.0,3,2.0
4578,Point,94,100,570850,133450,1,0,0.0,0,0,0,3.0,1,3.0,4,1.0,4,3.0,0,2.0,3,2.0
4579,Point,94,101,570950,133450,1,0,0.0,0,0,0,3.0,1,2.0,4,1.0,4,3.0,0,2.0,3,2.0
4580,Point,94,102,571050,133450,1,0,0.0,0,0,0,3.0,2,2.0,4,0.0,4,3.0,0,2.0,3,2.0
4581,Point,94,103,571150,133450,1,0,0.0,0,0,0,3.0,2,2.0,4,0.0,4,3.0,0,2.0,3,2.0
4582,Point,94,104,571250,133450,1,0,0.0,0,0,0,3.0,3,2.0,4,0.0,4,3.0,1,2.0,3,2.0
4583,Point,94,105,571350,133450,1,0,0.0,0,0,1,3.0,3,2.0,4,0.0,4,3.0,1,2.0,3,2.0
4584,Point,94,106,571450,133450,1,0,0.0,0,0,1,3.0,3,2.0,4,0.0,4,3.0,1,2.0,2,2.0
4585,Point,94,107,571550,133450,1,0,0.0,0,0,1,3.0,3,2.0,4,0.0,4,3.0,1,1.0,2,2.0
4586,Point,94,108,571650,133450,0,0,0.0,0,0,2,3.0,3,2.0,4,0.0,4,3.0,2,1.0,2,2.0
4587,Point,94,109,571750,133450,0,0,0.0,0,0,2,3.0,3,2.0,4,0.0,4,3.0,2,1.0,2,2.0
4588,Point,94,110,571850,133450,0,0,0.0,0,0,2,3.0,3,2.0,4,0.0,4,3.0,2,1.0,2,2.0
4589,Point,94,111,571950,133450,0,0,0.0,0,0,2,2.0,2,2.0,4,0.0,4,3.0,2,1.0,2,2.0
4590,Point,94,112,572050,133450,1,0,0.0,0,0,2,2.0,2,1.0,4,0.0,4,3.0,2,1.0,2,2.0
4591,Point,94,113,572150,133450,1,0,0.0,0,0,2,2.0,2,1.0,4,0.0,4,3.0,2,1.0,2,2.0
4592,Point,95,32,564050,133350,4,0,0.0,0,0,3,3.0,2,1.0,3,2.0,4,3.0,3,2.0,2,1.0
4593,Point,95,33,564150,133350,4,0,0.0,0,0,3,3.0,2,1.0,3,2.0,4,3.0,3,2.0,2,1.0
4594,Point,95,34,564250,133350,4,0,0.0,0,0,3,3.0,2,1.0,3,2.0,4,3.0,3,3.0,2,1.0
4595,Point,95,35,564350,133350,4,0,0.0,0,0,3,3.0,2,1.0,3,2.0,4,3.0,3,3.0,2,1.0
4596,Point,95,36,564450,133350,4,0,0.0,0,0,3,3.0,2,1.0,3,2.0,4,3.0,3,3.0,2,1.0
4597,Point,95,37,564550,133350,4,0,0.0,0,0,3,2.0,2,1.0,3,2.0,4,3.0,3,3.0,2,1.0
4598,Point,95,38,564650,133350,4,0,0.0,0,0,3,2.0,2,2.0,3,1.0,4,3.0,3,3.0,2,1.0
4599,Point,95,39,564750,133350,4,0,0.0,0,0,3,3.0,2,2.0,3,1.0,4,3.0,3,3.0,2,1.0
4600,Point,95,40,564850,133350,4,0,0.0,0,0,3,3.0,2,2.0,3,1.0,4,3.0,3,3.0,2,1.0
4601,Point,95,41,564950,133350,4,0,0.0,0,0,3,3.0,2,2.0,3,1.0,4,3.0,3,3.0,2,1.0
4602,Point,95,42,565050,133350,4,0,0.0,0,0,3,3.0,3,2.0,3,1.0,4,3.0,3,3.0,2,1.0
4603,Point,95,43,565150,133350,4,0,0.0,0,0,3,3.0,3,2.0,3,1.0,4,3.0,3,3.0,1,1.0
4604,Point,95,44,565250,133350,4,0,0.0,0,0,3,3.0,3,2.0,4,1.0,4,3.0,2,3.0,1,1.0
4605,Point,95,45,565350,133350,4,0,0.0,0,0,2,2.0,3,2.0,4,1.0,4,3.0,1,2.0,1,1.0
4606,Point,95,46,565450,133350,4,0,0.0,0,0,2,2.0,3,2.0,4,1.0,4,3.0,1,1.0,1,0.0
4607,Point,95,47,565550,133350,3,0,0.0,0,0,2,2.0,3,2.0,4,1.0,4,3.0,1,1.0,1,0.0
4608,Point,95,48,565650,133350,3,0,0.0,0,0,1,2.0,3,2.0,4,1.0,4,3.0,0,1.0,1,1.0
4609,Point,95,49,565750,133350,2,0,0.0,0,0,1,2.0,2,2.0,4,1.0,4,3.0,1,1.0,1,1.0
4610,Point,95,50,565850,133350,2,0,0.0,0,0,0,2.0,1,3.0,4,1.0,4,3.0,3,4.0,1,1.0
4611,Point,95,51,565950,133350,1,0,0.0,0,0,0,2.0,1,3.0,4,1.0,4,3.0,3,4.0,1,1.0
4612,Point,95,52,566050,133350,1,0,0.0,0,0,0,3.0,1,3.0,4,1.0,0,3.0,3,4.0,1,1.0
4613,Point,95,53,566150,133350,1,0,0.0,0,0,0,3.0,1,3.0,4,1.0,0,4.0,3,4.0,1,1.0
4614,Point,95,54,566250,133350,0,0,0.0,0,0,0,4.0,1,3.0,4,1.0,0,4.0,3,4.0,1,1.0
4615,Point,95,55,566350,133350,0,0,0.0,0,0,0,4.0,0,3.0,4,1.0,0,4.0,3,4.0,1,1.0
4616,Point,95,56,566450,133350,0,0,0.0,0,0,0,4.0,0,3.0,4,1.0,0,4.0,1,4.0,1,1.0
4617,Point,95,57,566550,133350,0,0,0.0,0,0,0,4.0,0,3.0,4,4.0,0,4.0,0,4.0,1,1.0
4618,Point,95,58,566650,133350,0,0,0.0,0,0,0,4.0,0,4.0,1,2.0,0,3.0,0,0.0,1,1.0
4619,Point,95,59,566750,133350,0,0,0.0,0,0,0,4.0,0,4.0,0,1.0,0,0.0,0,0.0,1,1.0
4620,Point,95,60,566850,133350,1,0,0.0,0,0,0,4.0,0,4.0,0,0.0,0,0.0,0,0.0,2,1.0
4621,Point,95,61,566950,133350,1,0,0.0,0,0,0,3.0,0,4.0,0,0.0,0,0.0,0,0.0,2,1.0
4622,Point,95,62,567050,133350,1,0,0.0,0,0,0,2.0,0,4.0,0,0.0,0,0.0,0,0.0,2,1.0
4623,Point,95,63,567150,133350,1,0,0.0,0,0,0,1.0,0,4.0,0,0.0,0,3.0,0,0.0,2,1.0
4624,Point,95,64,567250,133350,1,0,0.0,0,0,0,1.0,0,4.0,0,0.0,0,4.0,0,0.0,2,1.0
4625,Point,95,65,567350,133350,1,0,0.0,0,0,0,1.0,0,3.0,0,0.0,0,4.0,0,0.0,2,1.0
4626,Point,95,66,567450,133350,1,0,0.0,0,0,1,2.0,0,3.0,0,0.0,0,4.0,0,0.0,3,1.0
4627,Point,95,67,567550,133350,1,0,0.0,0,0,1,3.0,1,3.0,0,0.0,0,4.0,0,0.0,3,1.0
4628,Point,95,68,567650,133350,1,0,0.0,0,0,1,3.0,1,3.0,0,0.0,0,4.0,0,0.0,3,2.0
4629,Point,95,69,567750,133350,0,0,0.0,0,0,1,3.0,1,3.0,0,0.0,0,3.0,0,0.0,3,2.0
4630,Point,95,70,567850,133350,0,0,0.0,0,0,1,3.0,1,3.0,0,0.0,0,3.0,0,0.0,3,2.0
4631,Point,95,71,567950,133350,0,0,0.0,0,0,1,4.0,1,3.0,0,0.0,4,3.0,0,0.0,3,2.0
4632,Point,95,72,568050,133350,0,0,0.0,0,0,2,4.0,1,2.0,0,1.0,4,3.0,1,1.0,3,2.0
4633,Point,95,73,568150,133350,1,0,0.0,0,0,2,4.0,2,2.0,0,1.0,4,3.0,3,2.0,3,2.0
4634,Point,95,74,568250,133350,1,0,0.0,0,0,3,4.0,2,1.0,0,1.0,4,3.0,3,2.0,3,2.0
4635,Point,95,75,568350,133350,0,0,0.0,0,0,3,4.0,2,1.0,0,0.0,4,3.0,2,1.0,3,2.0
4636,Point,95,76,568450,133350,0,0,0.0,0,0,3,3.0,2,1.0,0,0.0,4,3.0,1,1.0,3,2.0
4637,Point,95,77,568550,133350,0,0,0.0,0,0,3,3.0,2,1.0,0,0.0,4,3.0,0,1.0,3,2.0
4638,Point,95,78,568650,133350,1,0,0.0,0,0,3,3.0,2,1.0,0,0.0,4,3.0,0,1.0,3,2.0
4639,Point,95,79,568750,133350,1,0,0.0,0,0,3,3.0,2,1.0,0,0.0,4,3.0,0,0.0,3,1.0
4640,Point,95,80,568850,133350,2,0,0.0,0,0,3,3.0,2,1.0,0,0.0,4,3.0,0,0.0,3,1.0
4641,Point,95,81,568950,133350,2,0,0.0,0,0,3,3.0,1,2.0,0,0.0,4,3.0,0,0.0,3,1.0
4642,Point,95,82,569050,133350,2,0,0.0,0,0,3,3.0,1,2.0,0,0.0,4,3.0,0,0.0,3,1.0
4643,Point,95,83,569150,133350,2,0,0.0,0,0,3,3.0,1,2.0,0,1.0,4,3.0,1,0.0,3,1.0
4644,Point,95,84,569250,133350,2,0,0.0,0,0,2,3.0,1,3.0,1,2.0,4,0.0,1,1.0,3,1.0
4645,Point,95,85,569350,133350,1,0,0.0,0,0,2,2.0,1,3.0,0,1.0,4,0.0,1,1.0,3,1.0
4646,Point,95,86,569450,133350,1,0,0.0,0,0,2,2.0,1,3.0,0,1.0,4,0.0,2,1.0,3,1.0
4647,Point,95,87,569550,133350,1,0,0.0,0,0,1,1.0,1,3.0,0,0.0,4,0.0,2,1.0,3,1.0
4648,Point,95,88,569650,133350,1,0,0.0,0,0,1,1.0,0,3.0,0,0.0,4,0.0,2,1.0,3,1.0
4649,Point,95,89,569750,133350,1,0,0.0,0,0,1,1.0,0,3.0,0,0.0,4,0.0,2,1.0,3,2.0
4650,Point,95,90,569850,133350,1,0,0.0,0,0,1,1.0,0,3.0,0,0.0,4,0.0,2,1.0,3,2.0
4651,Point,95,91,569950,133350,2,0,0.0,0,0,1,1.0,0,3.0,0,0.0,4,0.0,2,1.0,3,2.0
4652,Point,95,92,570050,133350,2,0,0.0,0,0,1,1.0,0,3.0,0,1.0,4,0.0,2,1.0,3,2.0
4653,Point,95,93,570150,133350,1,0,0.0,0,0,1,1.0,0,3.0,1,1.0,4,0.0,2,1.0,3,2.0
4654,Point,95,94,570250,133350,1,0,0.0,0,0,1,1.0,0,3.0,1,1.0,4,0.0,2,1.0,3,2.0
4655,Point,95,95,570350,133350,0,0,0.0,0,0,1,1.0,1,3.0,1,1.0,4,0.0,1,1.0,3,2.0
4656,Point,95,96,570450,133350,0,0,0.0,0,0,1,1.0,1,3.0,2,1.0,4,0.0,1,1.0,3,2.0
4657,Point,95,97,570550,133350,0,0,0.0,0,0,1,2.0,1,3.0,4,2.0,4,0.0,1,1.0,3,2.0
4658,Point,95,98,570650,133350,1,0,0.0,0,0,0,2.0,1,3.0,4,1.0,4,0.0,1,2.0,3,2.0
4659,Point,95,99,570750,133350,1,0,0.0,0,0,0,2.0,1,3.0,4,1.0,4,0.0,0,2.0,3,2.0
4660,Point,95,100,570850,133350,1,0,0.0,0,0,0,3.0,1,3.0,4,0.0,4,3.0,0,2.0,3,2.0
4661,Point,95,101,570950,133350,0,0,0.0,0,0,0,3.0,1,3.0,4,0.0,4,3.0,0,3.0,3,2.0
4662,Point,95,102,571050,133350,0,0,0.0,0,0,0,3.0,2,2.0,4,0.0,4,3.0,0,3.0,3,2.0
4663,Point,95,103,571150,133350,0,0,0.0,0,0,0,3.0,2,2.0,4,0.0,4,3.0,0,3.0,3,2.0
4664,Point,95,104,571250,133350,1,0,0.0,0,0,1,3.0,3,2.0,4,0.0,4,3.0,0,2.0,3,2.0
4665,Point,95,105,571350,133350,1,0,0.0,0,0,1,3.0,3,2.0,4,0.0,4,3.0,1,2.0,2,2.0
4666,Point,95,106,571450,133350,1,0,0.0,0,0,1,3.0,3,2.0,4,0.0,4,3.0,1,2.0,2,2.0
4667,Point,95,107,571550,133350,1,0,0.0,0,0,1,3.0,3,2.0,4,0.0,4,3.0,1,2.0,2,2.0
4668,Point,95,108,571650,133350,0,0,0.0,0,0,2,3.0,3,2.0,4,0.0,4,3.0,2,2.0,2,2.0
4669,Point,95,109,571750,133350,0,0,0.0,0,0,2,3.0,3,2.0,4,0.0,4,3.0,2,1.0,2,2.0
4670,Point,95,110,571850,133350,0,0,0.0,0,0,2,2.0,3,2.0,4,0.0,4,3.0,2,1.0,2,2.0
4671,Point,95,111,571950,133350,0,0,0.0,0,0,2,2.0,2,2.0,4,0.0,4,3.0,2,1.0,2,2.0
4672,Point,95,112,572050,133350,1,0,0.0,0,0,2,2.0,2,2.0,4,0.0,4,3.0,2,1.0,2,2.0
4673,Point,95,113,572150,133350,1,0,0.0,0,0,2,2.0,2,1.0,4,0.0,4,3.0,2,2.0,2,2.0
4674,Point,96,32,564050,133250,4,0,0.0,0,0,3,3.0,2,1.0,3,2.0,4,3.0,3,2.0,2,1.0
4675,Point,96,33,564150,133250,4,0,0.0,0,0,3,3.0,2,1.0,3,2.0,4,3.0,3,2.0,2,1.0
4676,Point,96,34,564250,133250,4,0,0.0,0,0,3,3.0,2,1.0,3,2.0,4,3.0,3,3.0,2,1.0
4677,Point,96,35,564350,133250,4,0,0.0,0,0,3,3.0,2,1.0,3,2.0,4,3.0,3,3.0,2,1.0
4678,Point,96,36,564450,133250,4,0,0.0,0,0,3,3.0,2,1.0,3,2.0,4,3.0,3,3.0,2,1.0
4679,Point,96,37,564550,133250,4,0,0.0,0,0,3,2.0,2,1.0,3,1.0,4,3.0,3,3.0,2,1.0
4680,Point,96,38,564650,133250,4,0,0.0,0,0,3,3.0,2,1.0,3,1.0,4,3.0,3,3.0,2,1.0
4681,Point,96,39,564750,133250,4,0,0.0,0,0,3,3.0,2,2.0,3,1.0,4,3.0,3,3.0,2,1.0
4682,Point,96,40,564850,133250,4,0,0.0,0,0,3,3.0,2,2.0,3,1.0,4,3.0,3,3.0,2,1.0
4683,Point,96,41,564950,133250,4,0,0.0,0,0,3,3.0,2,2.0,3,1.0,4,3.0,3,3.0,2,1.0
4684,Point,96,42,565050,133250,4,0,0.0,0,0,3,3.0,2,2.0,3,1.0,4,3.0,3,3.0,2,1.0
4685,Point,96,43,565150,133250,4,0,0.0,0,0,3,3.0,3,2.0,3,1.0,4,3.0,3,3.0,2,1.0
4686,Point,96,44,565250,133250,4,0,0.0,0,0,3,3.0,3,2.0,4,1.0,4,3.0,2,3.0,2,1.0
4687,Point,96,45,565350,133250,4,0,0.0,0,0,3,3.0,3,2.0,4,1.0,4,3.0,2,2.0,1,1.0
4688,Point,96,46,565450,133250,4,0,0.0,0,0,2,3.0,3,2.0,4,1.0,4,3.0,1,1.0,1,1.0
4689,Point,96,47,565550,133250,3,0,0.0,0,0,2,2.0,3,2.0,4,1.0,4,3.0,1,1.0,1,1.0
4690,Point,96,48,565650,133250,3,0,0.0,0,0,2,2.0,3,2.0,4,1.0,4,3.0,0,1.0,1,1.0
4691,Point,96,49,565750,133250,2,0,0.0,0,0,1,3.0,2,2.0,4,1.0,4,3.0,0,1.0,1,1.0
4692,Point,96,50,565850,133250,2,0,0.0,0,0,1,3.0,1,3.0,4,1.0,4,3.0,0,2.0,1,1.0
4693,Point,96,51,565950,133250,1,0,0.0,0,0,1,3.0,1,3.0,4,1.0,4,3.0,1,3.0,1,1.0
4694,Point,96,52,566050,133250,1,0,0.0,0,0,0,3.0,1,3.0,4,1.0,0,3.0,2,4.0,1,1.0
4695,Point,96,53,566150,133250,0,0,0.0,0,0,0,4.0,1,3.0,4,1.0,0,3.0,2,4.0,1,1.0
4696,Point,96,54,566250,133250,0,0,0.0,0,0,0,4.0,1,3.0,4,1.0,0,4.0,1,4.0,1,1.0
4697,Point,96,55,566350,133250,0,0,0.0,0,0,0,4.0,1,3.0,4,1.0,0,4.0,0,4.0,1,1.0
4698,Point,96,56,566450,133250,0,0,0.0,0,0,0,4.0,0,3.0,4,0.0,0,4.0,0,4.0,1,1.0
4699,Point,96,57,566550,133250,0,0,0.0,0,0,0,4.0,0,3.0,4,1.0,0,4.0,0,0.0,1,1.0
4700,Point,96,58,566650,133250,0,0,0.0,0,0,0,4.0,0,3.0,3,4.0,0,4.0,0,0.0,1,1.0
4701,Point,96,59,566750,133250,0,0,0.0,0,0,0,4.0,0,4.0,1,2.0,0,4.0,0,0.0,2,1.0
4702,Point,96,60,566850,133250,1,0,0.0,0,0,0,4.0,0,4.0,0,0.0,0,4.0,0,0.0,2,1.0
4703,Point,96,61,566950,133250,1,0,0.0,0,0,0,3.0,0,4.0,0,0.0,0,4.0,0,0.0,2,1.0
4704,Point,96,62,567050,133250,1,0,0.0,0,0,0,2.0,0,4.0,0,0.0,0,4.0,0,0.0,2,1.0
4705,Point,96,63,567150,133250,2,0,0.0,0,0,0,1.0,0,3.0,0,0.0,0,4.0,0,0.0,2,1.0
4706,Point,96,64,567250,133250,1,0,0.0,0,0,0,1.0,0,3.0,0,0.0,0,4.0,0,0.0,2,1.0
4707,Point,96,65,567350,133250,1,0,0.0,0,0,0,1.0,0,3.0,0,0.0,0,4.0,0,0.0,2,1.0
4708,Point,96,66,567450,133250,1,0,0.0,0,0,0,1.0,0,3.0,0,0.0,0,4.0,0,0.0,3,1.0
4709,Point,96,67,567550,133250,1,0,0.0,0,0,0,1.0,1,3.0,0,0.0,0,4.0,0,0.0,3,1.0
4710,Point,96,68,567650,133250,1,0,0.0,0,0,0,1.0,1,3.0,0,0.0,0,4.0,0,0.0,3,2.0
4711,Point,96,69,567750,133250,1,0,0.0,0,0,0,2.0,1,3.0,0,0.0,0,3.0,0,0.0,3,2.0
4712,Point,96,70,567850,133250,0,0,0.0,0,0,0,3.0,1,3.0,0,0.0,4,3.0,0,0.0,3,2.0
4713,Point,96,71,567950,133250,0,0,0.0,0,0,0,3.0,1,2.0,0,0.0,4,3.0,0,0.0,3,2.0
4714,Point,96,72,568050,133250,0,0,0.0,0,0,1,3.0,1,2.0,0,1.0,4,3.0,2,1.0,3,2.0
4715,Point,96,73,568150,133250,1,0,0.0,0,0,2,3.0,2,2.0,0,1.0,4,3.0,3,2.0,3,2.0
4716,Point,96,74,568250,133250,1,0,0.0,0,0,2,3.0,2,2.0,0,1.0,4,3.0,3,2.0,3,2.0
4717,Point,96,75,568350,133250,0,0,0.0,0,0,2,3.0,2,1.0,0,0.0,4,3.0,1,1.0,3,2.0
4718,Point,96,76,568450,133250,0,0,0.0,0,0,3,3.0,2,1.0,0,0.0,4,3.0,0,1.0,3,2.0
4719,Point,96,77,568550,133250,0,0,0.0,0,0,3,3.0,2,1.0,0,0.0,4,3.0,0,0.0,3,2.0
4720,Point,96,78,568650,133250,0,0,0.0,0,0,3,3.0,2,1.0,0,0.0,4,3.0,0,0.0,3,2.0
4721,Point,96,79,568750,133250,1,0,0.0,0,0,3,3.0,2,2.0,0,0.0,4,3.0,0,0.0,3,2.0
4722,Point,96,80,568850,133250,1,0,0.0,0,0,3,3.0,2,2.0,0,0.0,4,3.0,0,0.0,3,2.0
4723,Point,96,81,568950,133250,2,0,0.0,0,0,3,3.0,1,2.0,0,0.0,4,3.0,0,0.0,3,2.0
4724,Point,96,82,569050,133250,2,0,0.0,0,0,3,3.0,1,2.0,0,0.0,4,3.0,1,0.0,3,2.0
4725,Point,96,83,569150,133250,2,0,0.0,0,0,2,2.0,1,3.0,1,3.0,4,0.0,1,1.0,3,2.0
4726,Point,96,84,569250,133250,1,0,0.0,0,0,2,2.0,1,3.0,1,2.0,4,0.0,1,1.0,3,2.0
4727,Point,96,85,569350,133250,1,0,0.0,0,0,2,2.0,1,3.0,0,1.0,4,0.0,2,1.0,3,2.0
4728,Point,96,86,569450,133250,1,0,0.0,0,0,2,1.0,1,3.0,0,1.0,4,0.0,2,1.0,3,2.0
4729,Point,96,87,569550,133250,0,0,0.0,0,0,1,1.0,0,3.0,0,0.0,4,0.0,2,1.0,3,2.0
4730,Point,96,88,569650,133250,0,0,0.0,0,0,1,1.0,0,3.0,0,0.0,4,0.0,2,1.0,3,2.0
4731,Point,96,89,569750,133250,1,0,0.0,0,0,1,1.0,0,3.0,0,0.0,4,0.0,2,1.0,3,2.0
4732,Point,96,90,569850,133250,1,0,0.0,0,0,1,1.0,0,3.0,0,1.0,4,0.0,2,1.0,3,2.0
4733,Point,96,91,569950,133250,1,0,0.0,0,0,1,1.0,0,3.0,1,1.0,4,0.0,2,1.0,3,2.0
4734,Point,96,92,570050,133250,2,0,0.0,0,0,1,1.0,0,3.0,2,2.0,4,0.0,2,1.0,3,2.0
4735,Point,96,93,570150,133250,1,0,0.0,0,0,1,1.0,0,3.0,3,2.0,4,0.0,2,1.0,3,2.0
4736,Point,96,94,570250,133250,1,0,0.0,0,0,1,1.0,0,3.0,3,2.0,4,0.0,2,1.0,3,2.0
4737,Point,96,95,570350,133250,0,0,0.0,0,0,1,1.0,0,3.0,3,2.0,4,0.0,1,1.0,3,2.0
4738,Point,96,96,570450,133250,0,0,0.0,0,0,1,1.0,0,3.0,4,2.0,4,0.0,1,1.0,3,2.0
4739,Point,96,97,570550,133250,0,0,0.0,0,0,1,2.0,1,3.0,4,1.0,4,0.0,1,2.0,3,2.0
4740,Point,96,98,570650,133250,1,0,0.0,0,0,1,2.0,1,3.0,4,1.0,4,0.0,1,2.0,3,2.0
4741,Point,96,99,570750,133250,1,0,0.0,0,0,0,3.0,1,3.0,4,0.0,4,0.0,0,3.0,3,2.0
4742,Point,96,100,570850,133250,0,0,0.0,0,0,0,3.0,1,3.0,4,0.0,4,0.0,0,3.0,3,2.0
4743,Point,96,101,570950,133250,0,0,0.0,0,0,0,3.0,1,3.0,4,0.0,4,3.0,0,3.0,3,2.0
4744,Point,96,102,571050,133250,0,0,0.0,0,0,0,3.0,1,2.0,4,0.0,4,3.0,0,3.0,3,2.0
4745,Point,96,103,571150,133250,0,0,0.0,0,0,0,3.0,2,2.0,4,0.0,4,3.0,0,3.0,3,2.0
4746,Point,96,104,571250,133250,1,0,0.0,0,0,1,3.0,3,2.0,4,0.0,4,3.0,0,3.0,2,2.0
4747,Point,96,105,571350,133250,1,0,0.0,0,0,1,3.0,3,2.0,4,0.0,4,3.0,1,3.0,2,2.0
4748,Point,96,106,571450,133250,1,0,0.0,0,0,1,3.0,3,2.0,4,0.0,4,3.0,1,2.0,2,2.0
4749,Point,96,107,571550,133250,1,0,0.0,0,0,2,3.0,3,2.0,4,0.0,4,3.0,1,2.0,2,2.0
4750,Point,96,108,571650,133250,1,0,0.0,0,0,2,3.0,3,2.0,4,0.0,4,3.0,2,2.0,2,2.0
4751,Point,96,109,571750,133250,0,0,0.0,0,0,2,2.0,3,2.0,4,0.0,4,3.0,2,2.0,2,2.0
4752,Point,96,110,571850,133250,0,0,0.0,0,0,2,2.0,3,2.0,4,0.0,4,3.0,2,2.0,2,2.0
4753,Point,96,111,571950,133250,1,0,0.0,0,0,2,2.0,3,2.0,4,0.0,4,3.0,2,2.0,2,2.0
4754,Point,96,112,572050,133250,1,0,0.0,0,0,2,2.0,2,2.0,4,0.0,4,3.0,2,2.0,2,2.0
4755,Point,96,113,572150,133250,1,0,0.0,0,0,2,2.0,2,1.0,4,0.0,4,3.0,2,2.0,2,2.0
4756,Point,97,32,564050,133150,4,0,0.0,0,0,3,3.0,2,1.0,3,2.0,4,3.0,3,2.0,2,1.0
4757,Point,97,33,564150,133150,4,0,0.0,0,0,3,3.0,2,1.0,3,2.0,4,3.0,3,2.0,2,1.0
4758,Point,97,34,564250,133150,4,0,0.0,0,0,3,3.0,2,1.0,3,2.0,4,3.0,3,2.0,2,1.0
4759,Point,97,35,564350,133150,4,0,0.0,0,0,3,3.0,2,1.0,3,2.0,4,3.0,3,3.0,2,1.0
4760,Point,97,36,564450,133150,4,0,0.0,0,0,3,3.0,2,1.0,3,2.0,4,3.0,3,3.0,2,1.0
4761,Point,97,37,564550,133150,4,0,0.0,0,0,3,3.0,2,1.0,3,1.0,4,3.0,3,3.0,2,1.0
4762,Point,97,38,564650,133150,4,0,0.0,0,0,3,3.0,2,1.0,3,1.0,4,3.0,3,3.0,2,1.0
4763,Point,97,39,564750,133150,4,0,0.0,0,0,3,3.0,2,2.0,3,1.0,4,3.0,3,3.0,2,1.0
4764,Point,97,40,564850,133150,4,0,0.0,0,0,3,3.0,2,2.0,3,1.0,4,3.0,3,3.0,2,1.0
4765,Point,97,41,564950,133150,4,0,0.0,0,0,3,3.0,2,2.0,3,1.0,4,3.0,3,3.0,2,1.0
4766,Point,97,42,565050,133150,4,0,0.0,0,0,3,3.0,2,2.0,3,1.0,4,3.0,3,3.0,2,1.0
4767,Point,97,43,565150,133150,4,0,0.0,0,0,3,3.0,2,2.0,3,1.0,4,3.0,3,3.0,2,1.0
4768,Point,97,44,565250,133150,4,0,0.0,0,0,3,3.0,3,2.0,4,1.0,4,3.0,2,3.0,2,1.0
4769,Point,97,45,565350,133150,4,0,0.0,0,0,3,3.0,3,2.0,4,1.0,4,3.0,2,3.0,2,1.0
4770,Point,97,46,565450,133150,4,0,0.0,0,0,3,3.0,3,2.0,4,1.0,4,3.0,1,1.0,2,1.0
4771,Point,97,47,565550,133150,3,0,0.0,0,0,2,3.0,3,2.0,4,1.0,4,3.0,1,1.0,2,1.0
4772,Point,97,48,565650,133150,3,0,0.0,0,0,2,3.0,3,2.0,4,1.0,4,3.0,1,1.0,1,1.0
4773,Point,97,49,565750,133150,2,0,0.0,0,0,2,3.0,2,2.0,4,1.0,4,3.0,0,1.0,1,1.0
4774,Point,97,50,565850,133150,2,0,0.0,0,0,2,3.0,2,3.0,4,1.0,4,3.0,0,2.0,1,1.0
4775,Point,97,51,565950,133150,1,0,0.0,0,0,1,3.0,1,3.0,4,1.0,4,3.0,0,2.0,1,1.0
4776,Point,97,52,566050,133150,1,0,0.0,0,0,1,4.0,1,3.0,4,1.0,4,3.0,0,3.0,1,1.0
4777,Point,97,53,566150,133150,0,0,0.0,0,0,0,4.0,1,3.0,4,1.0,0,3.0,0,3.0,1,1.0
4778,Point,97,54,566250,133150,0,0,0.0,0,0,0,4.0,1,3.0,4,0.0,0,4.0,0,4.0,1,1.0
4779,Point,97,55,566350,133150,0,0,0.0,0,0,0,4.0,1,3.0,4,0.0,0,4.0,0,4.0,1,1.0
4780,Point,97,56,566450,133150,0,0,0.0,0,0,0,4.0,1,3.0,4,0.0,0,4.0,0,4.0,1,1.0
4781,Point,97,57,566550,133150,0,0,0.0,0,0,0,4.0,0,3.0,4,1.0,0,4.0,0,4.0,1,1.0
4782,Point,97,58,566650,133150,0,0,0.0,0,0,0,4.0,0,3.0,4,4.0,0,4.0,0,4.0,2,1.0
4783,Point,97,59,566750,133150,0,0,0.0,0,0,0,4.0,0,3.0,2,2.0,0,4.0,0,4.0,2,1.0
4784,Point,97,60,566850,133150,0,0,0.0,0,0,0,3.0,0,3.0,1,1.0,0,4.0,0,4.0,2,1.0
4785,Point,97,61,566950,133150,1,0,0.0,0,0,0,3.0,0,3.0,0,0.0,0,4.0,0,3.0,2,1.0
4786,Point,97,62,567050,133150,1,0,0.0,0,0,0,2.0,0,3.0,0,0.0,0,4.0,0,2.0,2,1.0
4787,Point,97,63,567150,133150,2,0,0.0,0,0,0,1.0,0,3.0,0,0.0,0,4.0,0,1.0,2,1.0
4788,Point,97,64,567250,133150,2,0,0.0,0,0,0,1.0,0,3.0,0,0.0,0,4.0,0,1.0,2,1.0
4789,Point,97,65,567350,133150,2,0,0.0,0,0,0,1.0,0,3.0,0,0.0,0,4.0,0,1.0,2,1.0
4790,Point,97,66,567450,133150,2,0,0.0,0,0,0,1.0,1,3.0,0,0.0,0,4.0,0,0.0,2,1.0
4791,Point,97,67,567550,133150,2,0,0.0,0,0,0,1.0,1,3.0,0,0.0,0,4.0,0,0.0,3,2.0
4792,Point,97,68,567650,133150,1,0,0.0,0,0,0,1.0,1,3.0,0,0.0,0,3.0,0,0.0,3,2.0
4793,Point,97,69,567750,133150,1,0,0.0,0,0,0,2.0,1,3.0,0,0.0,0,3.0,0,0.0,3,2.0
4794,Point,97,70,567850,133150,1,0,0.0,0,0,0,2.0,1,3.0,0,0.0,4,3.0,0,0.0,3,2.0
4795,Point,97,71,567950,133150,1,0,0.0,0,0,0,3.0,1,2.0,0,0.0,4,3.0,1,1.0,3,2.0
4796,Point,97,72,568050,133150,1,0,0.0,0,0,1,3.0,2,2.0,0,1.0,4,3.0,3,1.0,3,2.0
4797,Point,97,73,568150,133150,1,0,0.0,0,0,1,3.0,2,2.0,0,1.0,4,3.0,3,2.0,3,2.0
4798,Point,97,74,568250,133150,1,0,0.0,0,0,1,3.0,2,2.0,0,0.0,4,3.0,2,1.0,3,2.0
4799,Point,97,75,568350,133150,0,0,0.0,0,0,2,3.0,2,2.0,0,0.0,4,3.0,1,1.0,3,2.0
4800,Point,97,76,568450,133150,0,0,0.0,0,0,2,3.0,2,2.0,0,0.0,4,3.0,0,1.0,3,2.0
4801,Point,97,77,568550,133150,0,0,0.0,0,0,2,3.0,2,2.0,0,0.0,4,3.0,0,0.0,3,2.0
4802,Point,97,78,568650,133150,1,0,0.0,0,0,2,3.0,2,2.0,0,0.0,4,3.0,0,0.0,3,2.0
4803,Point,97,79,568750,133150,1,0,0.0,0,0,2,3.0,2,2.0,0,0.0,4,3.0,0,0.0,3,2.0
4804,Point,97,80,568850,133150,1,0,0.0,0,0,2,2.0,1,2.0,0,0.0,4,3.0,0,0.0,3,2.0
4805,Point,97,81,568950,133150,2,0,0.0,0,0,2,2.0,1,2.0,0,0.0,4,3.0,0,0.0,3,2.0
4806,Point,97,82,569050,133150,2,0,0.0,0,0,2,2.0,1,3.0,0,1.0,4,3.0,1,1.0,3,2.0
4807,Point,97,83,569150,133150,2,0,0.0,0,0,2,2.0,1,3.0,1,3.0,4,0.0,1,1.0,3,2.0
4808,Point,97,84,569250,133150,1,0,0.0,0,0,2,2.0,1,3.0,0,2.0,4,0.0,1,1.0,3,2.0
4809,Point,97,85,569350,133150,1,0,0.0,0,0,2,1.0,1,3.0,0,1.0,4,0.0,2,1.0,3,2.0
4810,Point,97,86,569450,133150,0,0,0.0,0,0,2,1.0,0,3.0,0,1.0,4,0.0,2,1.0,3,2.0
4811,Point,97,87,569550,133150,0,0,0.0,0,0,2,1.0,0,3.0,0,0.0,4,0.0,2,1.0,3,2.0
4812,Point,97,88,569650,133150,0,0,0.0,0,0,1,1.0,0,3.0,0,1.0,4,0.0,2,1.0,3,2.0
4813,Point,97,89,569750,133150,0,0,0.0,0,0,1,1.0,0,3.0,1,1.0,4,0.0,2,1.0,3,2.0
4814,Point,97,90,569850,133150,1,0,0.0,0,0,1,1.0,0,4.0,2,2.0,4,0.0,2,1.0,3,2.0
4815,Point,97,91,569950,133150,1,0,0.0,0,0,1,1.0,0,4.0,3,2.0,4,0.0,2,1.0,3,2.0
4816,Point,97,92,570050,133150,2,0,0.0,0,0,1,1.0,0,4.0,3,2.0,4,0.0,2,1.0,3,2.0
4817,Point,97,93,570150,133150,1,0,0.0,0,0,1,1.0,0,4.0,4,2.0,4,0.0,2,1.0,3,2.0
4818,Point,97,94,570250,133150,1,0,0.0,0,0,1,1.0,0,3.0,4,2.0,4,0.0,2,1.0,3,2.0
4819,Point,97,95,570350,133150,0,0,0.0,0,0,1,1.0,0,3.0,4,2.0,4,0.0,2,1.0,3,2.0
4820,Point,97,96,570450,133150,0,0,0.0,0,0,1,1.0,0,3.0,4,1.0,4,0.0,1,2.0,3,2.0
4821,Point,97,97,570550,133150,0,0,0.0,0,0,1,2.0,0,3.0,4,1.0,4,0.0,1,2.0,3,2.0
4822,Point,97,98,570650,133150,1,0,0.0,0,0,1,2.0,1,3.0,4,0.0,4,0.0,1,2.0,3,2.0
4823,Point,97,99,570750,133150,1,0,0.0,0,0,0,2.0,1,3.0,4,0.0,4,0.0,0,3.0,3,2.0
4824,Point,97,100,570850,133150,0,0,0.0,0,0,0,3.0,1,3.0,4,0.0,4,0.0,0,3.0,3,2.0
4825,Point,97,101,570950,133150,0,0,0.0,0,0,0,3.0,1,3.0,4,0.0,4,3.0,0,3.0,3,2.0
4826,Point,97,102,571050,133150,0,0,0.0,0,0,1,3.0,1,3.0,4,0.0,4,3.0,0,3.0,3,2.0
4827,Point,97,103,571150,133150,0,0,0.0,0,0,1,3.0,2,2.0,4,0.0,4,3.0,0,3.0,2,2.0
4828,Point,97,104,571250,133150,1,0,0.0,0,0,1,3.0,2,2.0,4,0.0,4,3.0,0,3.0,2,2.0
4829,Point,97,105,571350,133150,1,0,0.0,0,0,1,3.0,3,2.0,4,0.0,4,3.0,1,3.0,2,2.0
4830,Point,97,106,571450,133150,2,0,0.0,0,0,1,3.0,3,2.0,4,0.0,4,3.0,1,2.0,2,2.0
4831,Point,97,107,571550,133150,1,0,0.0,0,0,2,3.0,3,2.0,4,0.0,4,3.0,1,2.0,2,2.0
4832,Point,97,108,571650,133150,1,0,0.0,0,0,2,2.0,3,2.0,4,0.0,4,3.0,2,2.0,2,2.0
4833,Point,97,109,571750,133150,1,0,0.0,0,0,2,2.0,3,2.0,4,0.0,4,3.0,2,2.0,2,2.0
4834,Point,97,110,571850,133150,1,0,0.0,0,0,2,2.0,3,2.0,4,0.0,4,3.0,2,2.0,2,2.0
4835,Point,97,111,571950,133150,1,0,0.0,0,0,2,2.0,3,2.0,4,0.0,4,3.0,2,2.0,2,2.0
4836,Point,97,112,572050,133150,1,0,0.0,0,0,2,2.0,2,2.0,4,0.0,4,3.0,2,2.0,2,2.0
4837,Point,97,113,572150,133150,2,0,0.0,0,0,2,2.0,2,1.0,4,0.0,4,3.0,2,2.0,2,2.0
4838,Point,98,32,564050,133050,4,0,0.0,0,0,3,3.0,2,1.0,3,2.0,4,3.0,3,2.0,2,1.0
4839,Point,98,33,564150,133050,4,0,0.0,0,0,3,3.0,2,1.0,3,2.0,4,3.0,3,2.0,2,1.0
4840,Point,98,34,564250,133050,4,0,0.0,0,0,3,3.0,2,1.0,3,2.0,4,3.0,3,2.0,2,1.0
4841,Point,98,35,564350,133050,4,0,0.0,0,0,3,3.0,2,1.0,3,2.0,4,3.0,3,3.0,2,1.0
4842,Point,98,36,564450,133050,4,0,0.0,0,0,3,3.0,2,1.0,3,2.0,4,3.0,3,3.0,2,1.0
4843,Point,98,37,564550,133050,4,0,0.0,0,0,3,3.0,2,1.0,3,1.0,4,3.0,3,3.0,2,1.0
4844,Point,98,38,564650,133050,4,0,0.0,0,0,3,3.0,2,1.0,3,1.0,4,3.0,3,3.0,2,1.0
4845,Point,98,39,564750,133050,4,0,0.0,0,0,3,3.0,2,1.0,3,1.0,4,3.0,3,3.0,2,1.0
4846,Point,98,40,564850,133050,4,0,0.0,0,0,3,3.0,2,2.0,3,1.0,4,3.0,3,3.0,2,1.0
4847,Point,98,41,564950,133050,4,0,0.0,0,0,3,3.0,2,2.0,3,1.0,4,3.0,3,3.0,2,1.0
4848,Point,98,42,565050,133050,4,0,0.0,0,0,3,3.0,2,2.0,3,1.0,4,3.0,3,3.0,2,1.0
4849,Point,98,43,565150,133050,4,0,0.0,0,0,3,3.0,2,2.0,3,1.0,4,3.0,3,3.0,2,1.0
4850,Point,98,44,565250,133050,4,0,0.0,0,0,3,3.0,2,2.0,4,1.0,4,3.0,2,3.0,2,1.0
4851,Point,98,45,565350,133050,4,0,0.0,0,0,3,3.0,3,2.0,4,1.0,4,3.0,2,3.0,2,1.0
4852,Point,98,46,565450,133050,4,0,0.0,0,0,3,3.0,3,2.0,4,1.0,4,3.0,1,2.0,2,1.0
4853,Point,98,47,565550,133050,3,0,0.0,0,0,3,3.0,3,2.0,4,1.0,4,3.0,1,1.0,2,1.0
4854,Point,98,48,565650,133050,3,0,0.0,0,0,3,3.0,3,2.0,4,1.0,4,3.0,1,1.0,2,1.0
4855,Point,98,49,565750,133050,3,0,0.0,0,0,2,3.0,2,2.0,4,1.0,4,3.0,0,1.0,2,1.0
4856,Point,98,50,565850,133050,2,0,0.0,0,0,2,3.0,2,2.0,4,1.0,4,3.0,0,2.0,2,1.0
4857,Point,98,51,565950,133050,2,0,0.0,0,0,2,3.0,1,3.0,4,1.0,4,3.0,0,2.0,2,1.0
4858,Point,98,52,566050,133050,1,0,0.0,0,0,1,4.0,1,3.0,4,1.0,4,3.0,0,3.0,2,1.0
4859,Point,98,53,566150,133050,1,0,0.0,0,0,1,4.0,1,3.0,4,0.0,0,3.0,0,3.0,2,1.0
4860,Point,98,54,566250,133050,0,0,0.0,0,0,0,4.0,1,3.0,4,0.0,0,3.0,0,4.0,2,1.0
4861,Point,98,55,566350,133050,0,0,0.0,0,0,0,4.0,1,3.0,4,0.0,0,4.0,0,4.0,2,1.0
4862,Point,98,56,566450,133050,0,0,0.0,0,0,0,4.0,1,3.0,4,0.0,0,4.0,0,4.0,2,1.0
4863,Point,98,57,566550,133050,0,0,0.0,0,0,0,4.0,1,3.0,4,1.0,0,4.0,0,4.0,2,1.0
4864,Point,98,58,566650,133050,0,0,0.0,0,0,0,4.0,0,3.0,4,3.0,0,4.0,0,4.0,2,1.0
4865,Point,98,59,566750,133050,0,0,0.0,0,0,0,4.0,0,3.0,3,3.0,0,4.0,0,4.0,2,1.0
4866,Point,98,60,566850,133050,0,0,0.0,0,0,0,3.0,0,3.0,1,2.0,0,4.0,0,4.0,2,1.0
4867,Point,98,61,566950,133050,1,0,0.0,0,0,0,3.0,0,3.0,1,1.0,0,4.0,0,4.0,2,1.0
4868,Point,98,62,567050,133050,1,0,0.0,0,0,0,2.0,0,3.0,0,0.0,0,4.0,0,3.0,2,1.0
4869,Point,98,63,567150,133050,2,0,0.0,0,0,0,1.0,0,3.0,0,0.0,0,4.0,0,2.0,2,1.0
4870,Point,98,64,567250,133050,2,0,0.0,0,0,0,1.0,1,3.0,0,0.0,0,4.0,0,1.0,2,1.0
4871,Point,98,65,567350,133050,2,0,0.0,0,0,0,1.0,1,3.0,0,0.0,0,4.0,0,1.0,2,1.0
4872,Point,98,66,567450,133050,2,0,0.0,0,0,0,1.0,1,3.0,0,0.0,0,4.0,0,1.0,2,1.0
4873,Point,98,67,567550,133050,1,0,0.0,0,0,0,1.0,1,3.0,0,0.0,0,3.0,0,0.0,3,2.0
4874,Point,98,68,567650,133050,1,0,0.0,0,0,0,1.0,1,3.0,0,0.0,0,3.0,0,0.0,3,2.0
4875,Point,98,69,567750,133050,1,0,0.0,0,0,0,2.0,1,3.0,0,0.0,4,3.0,0,0.0,3,2.0
4876,Point,98,70,567850,133050,1,0,0.0,0,0,0,2.0,1,3.0,0,0.0,4,3.0,1,1.0,3,2.0
4877,Point,98,71,567950,133050,1,0,0.0,0,0,1,2.0,1,2.0,0,0.0,4,3.0,3,1.0,3,2.0
4878,Point,98,72,568050,133050,1,0,0.0,0,0,1,2.0,2,2.0,0,1.0,4,3.0,3,2.0,3,2.0
4879,Point,98,73,568150,133050,1,0,0.0,0,0,1,2.0,2,2.0,0,1.0,4,3.0,2,2.0,3,2.0
4880,Point,98,74,568250,133050,1,0,0.0,0,0,1,2.0,2,2.0,0,0.0,4,3.0,1,2.0,3,2.0
4881,Point,98,75,568350,133050,1,0,0.0,0,0,1,2.0,2,2.0,0,0.0,4,3.0,0,1.0,3,2.0
4882,Point,98,76,568450,133050,0,0,0.0,0,0,1,2.0,2,2.0,0,0.0,4,3.0,0,1.0,3,2.0
4883,Point,98,77,568550,133050,1,0,0.0,0,0,2,2.0,2,2.0,0,0.0,4,3.0,0,0.0,3,2.0
4884,Point,98,78,568650,133050,1,0,0.0,0,0,2,2.0,2,2.0,0,0.0,4,3.0,0,0.0,3,2.0
4885,Point,98,79,568750,133050,1,0,0.0,0,0,2,2.0,2,2.0,0,0.0,4,3.0,0,0.0,3,2.0
4886,Point,98,80,568850,133050,2,0,0.0,0,0,2,2.0,1,2.0,0,0.0,4,3.0,0,0.0,3,2.0
4887,Point,98,81,568950,133050,2,0,0.0,0,0,2,2.0,1,3.0,0,1.0,4,3.0,0,1.0,3,2.0
4888,Point,98,82,569050,133050,2,0,0.0,0,0,2,2.0,1,3.0,1,4.0,4,0.0,1,1.0,3,2.0
4889,Point,98,83,569150,133050,2,0,0.0,0,0,2,2.0,1,3.0,1,3.0,4,0.0,1,1.0,3,2.0
4890,Point,98,84,569250,133050,1,0,0.0,0,0,2,1.0,1,3.0,1,2.0,4,0.0,2,1.0,3,2.0
4891,Point,98,85,569350,133050,1,0,0.0,0,0,2,1.0,1,3.0,1,2.0,4,0.0,2,1.0,3,2.0
4892,Point,98,86,569450,133050,0,0,0.0,0,0,2,1.0,0,3.0,1,2.0,4,0.0,2,1.0,3,2.0
4893,Point,98,87,569550,133050,0,0,0.0,0,0,2,1.0,0,3.0,1,1.0,4,0.0,2,1.0,3,2.0
4894,Point,98,88,569650,133050,0,0,0.0,0,0,2,1.0,0,4.0,1,2.0,4,0.0,2,1.0,3,2.0
4895,Point,98,89,569750,133050,0,0,0.0,0,0,1,1.0,0,4.0,2,3.0,4,0.0,2,1.0,3,2.0
4896,Point,98,90,569850,133050,1,0,0.0,0,0,1,1.0,0,4.0,3,3.0,0,0.0,2,1.0,3,2.0
4897,Point,98,91,569950,133050,1,0,0.0,0,0,1,1.0,0,4.0,4,3.0,0,0.0,2,1.0,3,2.0
4898,Point,98,92,570050,133050,1,0,0.0,0,0,1,1.0,0,4.0,4,2.0,0,0.0,2,1.0,3,2.0
4899,Point,98,93,570150,133050,1,0,0.0,0,0,1,1.0,0,4.0,4,2.0,0,0.0,2,1.0,3,2.0
4900,Point,98,94,570250,133050,1,0,0.0,0,0,1,1.0,0,4.0,4,1.0,4,0.0,2,1.0,3,2.0
4901,Point,98,95,570350,133050,1,0,0.0,0,0,1,1.0,0,4.0,4,1.0,4,0.0,2,2.0,3,2.0
4902,Point,98,96,570450,133050,1,0,0.0,0,0,1,1.0,0,3.0,4,1.0,4,0.0,1,2.0,3,2.0
4903,Point,98,97,570550,133050,1,0,0.0,0,0,1,2.0,0,3.0,4,0.0,4,0.0,1,2.0,3,2.0
4904,Point,98,98,570650,133050,1,0,0.0,0,0,1,2.0,1,3.0,4,0.0,4,0.0,1,3.0,3,2.0
4905,Point,98,99,570750,133050,1,0,0.0,0,0,1,3.0,1,3.0,4,0.0,4,0.0,1,3.0,3,2.0
4906,Point,98,100,570850,133050,1,0,0.0,0,0,1,3.0,1,3.0,4,0.0,4,0.0,0,3.0,3,2.0
4907,Point,98,101,570950,133050,0,0,0.0,0,0,1,3.0,1,3.0,4,0.0,4,3.0,0,3.0,3,2.0
4908,Point,98,102,571050,133050,0,0,0.0,0,0,1,3.0,1,3.0,4,0.0,4,3.0,0,3.0,2,2.0
4909,Point,98,103,571150,133050,1,0,0.0,0,0,1,3.0,2,2.0,3,0.0,4,3.0,0,3.0,2,2.0
4910,Point,98,104,571250,133050,1,0,0.0,0,0,1,3.0,2,2.0,3,0.0,4,3.0,0,3.0,2,2.0
4911,Point,98,105,571350,133050,1,0,0.0,0,0,1,3.0,3,2.0,3,0.0,4,3.0,1,3.0,2,2.0
4912,Point,98,106,571450,133050,2,0,0.0,0,0,2,3.0,3,2.0,3,0.0,4,3.0,1,3.0,2,2.0
4913,Point,98,107,571550,133050,2,0,0.0,0,0,2,2.0,3,2.0,3,0.0,4,3.0,1,2.0,2,2.0
4914,Point,98,108,571650,133050,1,0,0.0,0,0,2,2.0,3,2.0,3,0.0,4,3.0,2,2.0,2,2.0
4915,Point,98,109,571750,133050,1,0,0.0,0,0,2,2.0,3,2.0,3,0.0,4,3.0,2,2.0,2,2.0
4916,Point,98,110,571850,133050,1,0,0.0,0,0,2,2.0,3,2.0,4,0.0,4,3.0,2,2.0,2,2.0
4917,Point,98,111,571950,133050,1,0,0.0,0,0,2,2.0,3,2.0,4,0.0,4,3.0,2,2.0,2,2.0
4918,Point,98,112,572050,133050,2,0,0.0,0,0,2,2.0,2,2.0,4,0.0,4,3.0,2,2.0,2,2.0
4919,Point,98,113,572150,133050,2,0,0.0,0,0,2,2.0,2,1.0,4,0.0,4,3.0,2,2.0,2,2.0
4920,Point,99,32,564050,132950,4,0,0.0,0,0,3,3.0,2,1.0,3,2.0,4,3.0,3,2.0,2,2.0
4921,Point,99,33,564150,132950,4,0,0.0,0,0,3,3.0,2,1.0,3,2.0,4,3.0,3,2.0,2,1.0
4922,Point,99,34,564250,132950,4,0,0.0,0,0,3,3.0,2,1.0,3,2.0,4,3.0,3,2.0,2,1.0
4923,Point,99,35,564350,132950,4,0,0.0,0,0,3,3.0,2,1.0,3,2.0,4,3.0,3,2.0,2,1.0
4924,Point,99,36,564450,132950,4,0,0.0,0,0,3,3.0,2,1.0,3,2.0,4,3.0,3,3.0,2,1.0
4925,Point,99,37,564550,132950,4,0,0.0,0,0,3,3.0,2,1.0,3,1.0,4,3.0,3,3.0,2,1.0
4926,Point,99,38,564650,132950,4,0,0.0,0,0,3,3.0,2,1.0,3,1.0,4,3.0,3,3.0,2,1.0
4927,Point,99,39,564750,132950,4,0,0.0,0,0,3,3.0,2,1.0,3,1.0,4,3.0,3,3.0,2,1.0
4928,Point,99,40,564850,132950,4,0,0.0,0,0,3,3.0,2,2.0,3,1.0,4,3.0,3,3.0,2,1.0
4929,Point,99,41,564950,132950,4,0,0.0,0,0,3,3.0,2,2.0,3,1.0,4,3.0,3,3.0,2,1.0
4930,Point,99,42,565050,132950,4,0,0.0,0,0,3,3.0,2,2.0,3,1.0,4,3.0,3,3.0,2,1.0
4931,Point,99,43,565150,132950,4,0,0.0,0,0,3,3.0,2,2.0,3,1.0,4,3.0,3,3.0,2,1.0
4932,Point,99,44,565250,132950,4,0,0.0,0,0,3,3.0,2,2.0,3,1.0,4,3.0,2,3.0,2,1.0
4933,Point,99,45,565350,132950,4,0,0.0,0,0,3,3.0,2,2.0,4,1.0,4,3.0,2,3.0,2,1.0
4934,Point,99,46,565450,132950,4,0,0.0,0,0,3,3.0,3,2.0,4,1.0,4,3.0,2,3.0,2,1.0
4935,Point,99,47,565550,132950,4,0,0.0,0,0,3,3.0,3,2.0,4,1.0,4,3.0,1,2.0,2,1.0
4936,Point,99,48,565650,132950,3,0,0.0,0,0,3,3.0,3,2.0,4,1.0,4,3.0,1,1.0,2,1.0
4937,Point,99,49,565750,132950,3,0,0.0,0,0,3,3.0,3,2.0,4,1.0,4,3.0,0,1.0,2,1.0
4938,Point,99,50,565850,132950,2,0,0.0,0,0,2,3.0,2,2.0,4,1.0,4,3.0,0,2.0,2,1.0
4939,Point,99,51,565950,132950,2,0,0.0,0,0,2,3.0,2,2.0,4,1.0,4,3.0,0,2.0,2,1.0
4940,Point,99,52,566050,132950,1,0,0.0,0,0,2,4.0,1,3.0,4,0.0,4,3.0,0,3.0,2,1.0
4941,Point,99,53,566150,132950,1,0,0.0,0,0,1,4.0,1,3.0,4,0.0,4,3.0,0,3.0,2,1.0
4942,Point,99,54,566250,132950,1,0,0.0,0,0,1,4.0,1,3.0,4,0.0,0,3.0,0,4.0,2,1.0
4943,Point,99,55,566350,132950,1,0,0.0,0,0,1,4.0,1,3.0,4,0.0,0,3.0,0,4.0,2,1.0
4944,Point,99,56,566450,132950,1,0,0.0,0,0,0,4.0,1,3.0,4,0.0,0,3.0,0,4.0,2,1.0
4945,Point,99,57,566550,132950,1,0,0.0,0,0,0,4.0,1,3.0,4,1.0,0,4.0,0,4.0,2,1.0
4946,Point,99,58,566650,132950,0,0,0.0,0,0,0,4.0,1,3.0,4,2.0,0,4.0,0,4.0,2,1.0
4947,Point,99,59,566750,132950,0,0,0.0,0,0,0,3.0,1,3.0,4,4.0,0,4.0,0,4.0,2,1.0
4948,Point,99,60,566850,132950,1,0,0.0,0,0,0,3.0,1,3.0,3,4.0,0,4.0,0,4.0,2,1.0
4949,Point,99,61,566950,132950,1,0,0.0,0,0,0,2.0,1,3.0,1,2.0,0,4.0,0,4.0,2,1.0
4950,Point,99,62,567050,132950,2,0,0.0,0,0,0,1.0,1,3.0,1,1.0,0,4.0,0,3.0,2,1.0
4951,Point,99,63,567150,132950,2,0,0.0,0,0,0,1.0,1,3.0,0,1.0,0,4.0,0,2.0,2,1.0
4952,Point,99,64,567250,132950,2,0,0.0,0,0,0,1.0,1,3.0,0,0.0,0,4.0,0,1.0,2,1.0
4953,Point,99,65,567350,132950,2,0,0.0,0,0,0,1.0,1,3.0,0,0.0,0,4.0,0,1.0,2,1.0
4954,Point,99,66,567450,132950,1,0,0.0,0,0,0,1.0,1,3.0,0,0.0,0,3.0,0,1.0,2,1.0
4955,Point,99,67,567550,132950,1,0,0.0,0,0,0,1.0,1,3.0,0,0.0,0,3.0,0,1.0,2,2.0
4956,Point,99,68,567650,132950,1,0,0.0,0,0,1,1.0,1,3.0,0,0.0,4,3.0,0,1.0,3,2.0
4957,Point,99,69,567750,132950,0,0,0.0,0,0,1,1.0,1,3.0,0,0.0,4,3.0,1,1.0,3,2.0
4958,Point,99,70,567850,132950,0,0,0.0,0,0,1,2.0,1,2.0,0,0.0,4,3.0,3,2.0,3,2.0
4959,Point,99,71,567950,132950,1,0,0.0,0,0,1,2.0,2,2.0,0,0.0,4,3.0,3,2.0,3,2.0
4960,Point,99,72,568050,132950,1,0,0.0,0,0,1,2.0,2,2.0,0,1.0,4,3.0,3,2.0,3,2.0
4961,Point,99,73,568150,132950,2,0,0.0,0,0,1,2.0,3,2.0,0,0.0,4,3.0,2,2.0,3,2.0
4962,Point,99,74,568250,132950,1,0,0.0,0,0,1,2.0,3,2.0,0,0.0,4,3.0,1,1.0,3,2.0
4963,Point,99,75,568350,132950,1,0,0.0,0,0,1,1.0,3,2.0,0,0.0,4,3.0,1,1.0,3,2.0
4964,Point,99,76,568450,132950,1,0,0.0,0,0,1,1.0,3,2.0,0,0.0,4,3.0,0,1.0,3,2.0
4965,Point,99,77,568550,132950,1,0,0.0,0,0,1,1.0,3,2.0,0,0.0,4,3.0,0,0.0,3,2.0
4966,Point,99,78,568650,132950,1,0,0.0,0,0,2,1.0,2,2.0,0,0.0,4,3.0,0,0.0,3,2.0
4967,Point,99,79,568750,132950,2,0,0.0,0,0,2,2.0,2,2.0,0,0.0,4,3.0,0,0.0,3,2.0
4968,Point,99,80,568850,132950,2,0,0.0,0,0,2,2.0,1,2.0,0,0.0,4,3.0,0,1.0,3,2.0
4969,Point,99,81,568950,132950,2,0,0.0,0,0,2,2.0,1,3.0,1,2.0,4,3.0,1,1.0,3,2.0
4970,Point,99,82,569050,132950,2,0,0.0,0,0,2,2.0,1,3.0,1,4.0,4,0.0,1,1.0,3,2.0
4971,Point,99,83,569150,132950,2,0,0.0,0,0,2,1.0,1,3.0,1,3.0,4,0.0,1,1.0,3,2.0
4972,Point,99,84,569250,132950,1,0,0.0,0,0,2,1.0,1,3.0,1,3.0,4,0.0,2,1.0,3,2.0
4973,Point,99,85,569350,132950,1,0,0.0,0,0,2,1.0,0,3.0,2,3.0,4,0.0,2,1.0,3,2.0
4974,Point,99,86,569450,132950,0,0,0.0,0,0,2,1.0,0,3.0,2,3.0,4,0.0,2,1.0,3,2.0
4975,Point,99,87,569550,132950,0,0,0.0,0,0,2,1.0,0,3.0,2,3.0,4,0.0,2,1.0,3,2.0
4976,Point,99,88,569650,132950,0,0,0.0,0,0,2,1.0,0,4.0,3,3.0,4,0.0,2,1.0,3,2.0
4977,Point,99,89,569750,132950,1,0,0.0,0,0,2,1.0,0,4.0,3,3.0,0,0.0,2,1.0,3,2.0
4978,Point,99,90,569850,132950,1,0,0.0,0,0,2,1.0,0,4.0,4,2.0,0,0.0,2,1.0,3,2.0
4979,Point,99,91,569950,132950,1,0,0.0,0,0,2,1.0,0,4.0,4,2.0,0,0.0,2,1.0,3,2.0
4980,Point,99,92,570050,132950,1,0,0.0,0,0,1,1.0,0,4.0,4,1.0,0,0.0,2,1.0,3,2.0
4981,Point,99,93,570150,132950,1,0,0.0,0,0,1,1.0,0,4.0,4,1.0,0,0.0,2,1.0,3,2.0
4982,Point,99,94,570250,132950,1,0,0.0,0,0,1,1.0,0,4.0,4,1.0,0,0.0,2,1.0,3,2.0
4983,Point,99,95,570350,132950,1,0,0.0,0,0,1,1.0,0,4.0,4,0.0,4,0.0,2,2.0,3,2.0
4984,Point,99,96,570450,132950,1,0,0.0,0,0,1,2.0,0,3.0,4,0.0,4,0.0,2,2.0,3,2.0
4985,Point,99,97,570550,132950,1,0,0.0,0,0,1,2.0,0,3.0,4,0.0,4,0.0,1,2.0,3,2.0
4986,Point,99,98,570650,132950,1,0,0.0,0,0,1,3.0,0,3.0,4,0.0,4,0.0,1,3.0,3,2.0
4987,Point,99,99,570750,132950,1,0,0.0,0,0,1,3.0,1,3.0,4,0.0,4,0.0,1,3.0,3,2.0
4988,Point,99,100,570850,132950,1,0,0.0,0,0,1,3.0,1,3.0,4,0.0,4,0.0,1,3.0,2,2.0
4989,Point,99,101,570950,132950,1,0,0.0,0,0,1,3.0,1,3.0,4,0.0,4,0.0,0,3.0,2,2.0
4990,Point,99,102,571050,132950,1,0,0.0,0,0,1,3.0,1,3.0,3,0.0,4,3.0,0,3.0,2,2.0
4991,Point,99,103,571150,132950,1,0,0.0,0,0,1,3.0,2,2.0,3,0.0,4,3.0,1,3.0,2,2.0
4992,Point,99,104,571250,132950,1,0,0.0,0,0,2,3.0,2,2.0,3,0.0,4,3.0,1,3.0,2,2.0
4993,Point,99,105,571350,132950,2,0,0.0,0,0,2,3.0,3,2.0,3,0.0,4,3.0,1,3.0,2,2.0
4994,Point,99,106,571450,132950,2,0,0.0,0,0,2,2.0,3,2.0,3,0.0,4,3.0,1,3.0,2,2.0
4995,Point,99,107,571550,132950,2,0,0.0,0,0,2,2.0,3,2.0,3,0.0,4,3.0,2,2.0,2,2.0
4996,Point,99,108,571650,132950,2,0,0.0,0,0,2,2.0,3,2.0,3,0.0,4,3.0,2,2.0,2,2.0
4997,Point,99,109,571750,132950,2,0,0.0,0,0,2,2.0,3,2.0,3,0.0,4,3.0,2,2.0,2,2.0
4998,Point,99,110,571850,132950,2,0,0.0,0,0,2,2.0,3,2.0,4,0.0,4,3.0,2,2.0,2,2.0
4999,Point,99,111,571950,132950,2,0,0.0,0,0,2,2.0,3,2.0,4,0.0,4,3.0,2,2.0,2,2.0
5000,Point,99,112,572050,132950,2,0,0.0,0,0,2,2.0,2,2.0,4,0.0,4,3.0,2,2.0,2,2.0
5001,Point,99,113,572150,132950,2,0,0.0,0,0,2,2.0,2,1.0,4,0.0,4,3.0,3,2.0,2,2.0
5002,Point,100,32,564050,132850,4,0,0.0,0,0,3,3.0,2,1.0,3,2.0,4,3.0,3,2.0,2,2.0
5003,Point,100,33,564150,132850,4,0,0.0,0,0,3,3.0,2,1.0,3,2.0,4,3.0,3,2.0,2,2.0
5004,Point,100,34,564250,132850,4,0,0.0,0,0,3,3.0,2,1.0,3,2.0,4,3.0,3,2.0,2,1.0
5005,Point,100,35,564350,132850,4,0,0.0,0,0,3,3.0,2,1.0,3,2.0,4,3.0,3,2.0,2,1.0
5006,Point,100,36,564450,132850,4,0,0.0,0,0,3,3.0,2,1.0,3,2.0,4,3.0,3,2.0,2,1.0
5007,Point,100,37,564550,132850,4,0,0.0,0,0,3,3.0,2,1.0,3,1.0,4,3.0,3,3.0,2,1.0
5008,Point,100,38,564650,132850,4,0,0.0,0,0,3,3.0,2,1.0,3,1.0,4,3.0,3,3.0,2,1.0
5009,Point,100,39,564750,132850,4,0,0.0,0,0,3,3.0,2,1.0,3,1.0,4,3.0,3,3.0,2,1.0
5010,Point,100,40,564850,132850,4,0,0.0,0,0,3,3.0,2,1.0,3,1.0,4,3.0,3,3.0,2,1.0
5011,Point,100,41,564950,132850,4,0,0.0,0,0,3,3.0,2,2.0,3,1.0,4,3.0,3,3.0,2,1.0
5012,Point,100,42,565050,132850,4,0,0.0,0,0,3,3.0,2,2.0,3,1.0,4,3.0,3,3.0,2,1.0
5013,Point,100,43,565150,132850,4,0,0.0,0,0,3,3.0,2,2.0,3,1.0,4,3.0,3,3.0,2,1.0
5014,Point,100,44,565250,132850,4,0,0.0,0,0,3,3.0,2,2.0,3,1.0,4,3.0,3,3.0,2,1.0
5015,Point,100,45,565350,132850,4,0,0.0,0,0,3,3.0,2,2.0,4,1.0,4,3.0,2,3.0,2,1.0
5016,Point,100,46,565450,132850,4,0,0.0,0,0,3,3.0,2,2.0,4,1.0,4,3.0,2,3.0,2,1.0
5017,Point,100,47,565550,132850,4,0,0.0,0,0,3,3.0,2,2.0,4,1.0,4,3.0,2,3.0,2,1.0
5018,Point,100,48,565650,132850,3,0,0.0,0,0,3,3.0,3,2.0,4,1.0,4,3.0,1,2.0,2,1.0
5019,Point,100,49,565750,132850,3,0,0.0,0,0,3,3.0,3,2.0,4,1.0,4,3.0,1,1.0,2,1.0
5020,Point,100,50,565850,132850,3,0,0.0,0,0,3,3.0,2,2.0,4,1.0,4,3.0,0,2.0,2,1.0
5021,Point,100,51,565950,132850,2,0,0.0,0,0,2,3.0,2,2.0,4,1.0,4,3.0,0,2.0,2,1.0
5022,Point,100,52,566050,132850,2,0,0.0,0,0,2,4.0,2,2.0,4,1.0,4,3.0,0,2.0,2,1.0
5023,Point,100,53,566150,132850,2,0,0.0,0,0,2,4.0,1,3.0,4,1.0,4,3.0,0,3.0,2,1.0
5024,Point,100,54,566250,132850,1,0,0.0,0,0,2,4.0,1,3.0,4,1.0,4,3.0,0,3.0,2,1.0
5025,Point,100,55,566350,132850,1,0,0.0,0,0,1,4.0,1,3.0,4,1.0,0,3.0,0,4.0,2,1.0
5026,Point,100,56,566450,132850,1,0,0.0,0,0,1,4.0,1,3.0,4,1.0,0,3.0,0,4.0,2,1.0
5027,Point,100,57,566550,132850,1,0,0.0,0,0,1,4.0,1,3.0,4,1.0,0,3.0,0,4.0,2,1.0
5028,Point,100,58,566650,132850,1,0,0.0,0,0,0,3.0,1,3.0,4,2.0,0,3.0,0,4.0,2,1.0
5029,Point,100,59,566750,132850,1,0,0.0,0,0,0,3.0,1,3.0,4,3.0,0,4.0,0,4.0,2,1.0
5030,Point,100,60,566850,132850,1,0,0.0,0,0,0,2.0,1,3.0,3,4.0,0,4.0,0,4.0,2,1.0
5031,Point,100,61,566950,132850,1,0,0.0,0,0,0,2.0,1,3.0,2,4.0,0,4.0,0,3.0,2,1.0
5032,Point,100,62,567050,132850,2,0,0.0,0,0,0,1.0,1,3.0,1,2.0,0,4.0,0,3.0,2,1.0
5033,Point,100,63,567150,132850,2,0,0.0,0,0,0,1.0,1,3.0,1,1.0,0,4.0,0,2.0,2,1.0
5034,Point,100,64,567250,132850,2,0,0.0,0,0,0,1.0,1,3.0,0,1.0,0,3.0,0,2.0,2,1.0
5035,Point,100,65,567350,132850,2,0,0.0,0,0,1,1.0,1,3.0,0,0.0,0,3.0,0,1.0,2,1.0
5036,Point,100,66,567450,132850,1,0,0.0,0,0,1,1.0,1,3.0,0,0.0,0,3.0,0,1.0,2,1.0
5037,Point,100,67,567550,132850,1,0,0.0,0,0,1,1.0,1,3.0,0,0.0,4,3.0,0,1.0,2,2.0
5038,Point,100,68,567650,132850,0,0,0.0,0,0,1,1.0,1,3.0,0,0.0,4,3.0,1,1.0,2,2.0
5039,Point,100,69,567750,132850,0,0,0.0,0,0,1,1.0,1,2.0,0,0.0,4,3.0,3,2.0,3,2.0
5040,Point,100,70,567850,132850,0,0,0.0,0,0,1,1.0,2,2.0,0,0.0,4,3.0,3,3.0,3,2.0
5041,Point,100,71,567950,132850,0,0,0.0,0,0,1,2.0,2,2.0,0,0.0,4,3.0,3,2.0,3,2.0
5042,Point,100,72,568050,132850,1,0,0.0,0,0,1,2.0,3,2.0,0,1.0,4,3.0,2,2.0,3,2.0
5043,Point,100,73,568150,132850,1,0,0.0,0,0,1,1.0,3,2.0,0,0.0,4,3.0,2,2.0,3,2.0
5044,Point,100,74,568250,132850,1,0,0.0,0,0,1,1.0,3,2.0,0,0.0,4,3.0,1,1.0,3,2.0
5045,Point,100,75,568350,132850,1,0,0.0,0,0,1,1.0,3,2.0,0,0.0,4,3.0,1,1.0,3,2.0
5046,Point,100,76,568450,132850,1,0,0.0,0,0,1,1.0,3,2.0,0,0.0,4,3.0,0,1.0,3,2.0
5047,Point,100,77,568550,132850,1,0,0.0,0,0,1,1.0,3,2.0,0,0.0,4,3.0,0,1.0,3,2.0
5048,Point,100,78,568650,132850,1,0,0.0,0,0,1,1.0,2,2.0,0,0.0,4,3.0,0,1.0,3,2.0
5049,Point,100,79,568750,132850,2,0,0.0,0,0,2,1.0,2,2.0,0,0.0,4,3.0,0,1.0,3,2.0
5050,Point,100,80,568850,132850,2,0,0.0,0,0,2,1.0,1,3.0,0,1.0,4,3.0,1,1.0,3,2.0
5051,Point,100,81,568950,132850,2,0,0.0,0,0,2,1.0,1,3.0,1,4.0,4,3.0,1,1.0,3,2.0
5052,Point,100,82,569050,132850,2,0,0.0,0,0,2,1.0,1,3.0,2,3.0,4,0.0,1,1.0,3,2.0
5053,Point,100,83,569150,132850,2,0,0.0,0,0,2,1.0,1,3.0,2,3.0,4,0.0,2,1.0,3,2.0
5054,Point,100,84,569250,132850,2,0,0.0,0,0,2,1.0,1,3.0,2,3.0,4,0.0,2,1.0,3,2.0
5055,Point,100,85,569350,132850,1,0,0.0,0,0,2,1.0,0,3.0,3,3.0,4,0.0,2,1.0,3,2.0
5056,Point,100,86,569450,132850,1,0,0.0,0,0,2,1.0,0,3.0,3,3.0,4,0.0,2,1.0,3,2.0
5057,Point,100,87,569550,132850,1,0,0.0,0,0,2,1.0,0,4.0,3,2.0,4,0.0,2,1.0,3,2.0
5058,Point,100,88,569650,132850,1,0,0.0,0,0,2,1.0,0,4.0,4,2.0,0,0.0,2,1.0,3,2.0
5059,Point,100,89,569750,132850,1,0,0.0,0,0,2,1.0,0,4.0,4,2.0,0,0.0,2,1.0,3,2.0
5060,Point,100,90,569850,132850,0,0,0.0,0,0,2,1.0,0,4.0,4,1.0,0,0.0,2,1.0,3,2.0
5061,Point,100,91,569950,132850,0,0,0.0,0,0,2,1.0,0,4.0,4,1.0,0,0.0,2,1.0,3,2.0
5062,Point,100,92,570050,132850,0,0,0.0,0,0,2,1.0,0,4.0,4,1.0,0,0.0,2,1.0,3,2.0
5063,Point,100,93,570150,132850,0,0,0.0,0,0,2,2.0,0,4.0,4,0.0,0,0.0,2,1.0,3,2.0
5064,Point,100,94,570250,132850,1,0,0.0,0,0,2,2.0,0,4.0,4,0.0,0,0.0,2,2.0,3,2.0
5065,Point,100,95,570350,132850,1,0,0.0,0,0,2,2.0,0,4.0,4,0.0,0,0.0,2,2.0,3,2.0
5066,Point,100,96,570450,132850,1,0,0.0,0,0,2,2.0,0,4.0,4,0.0,4,0.0,2,2.0,3,2.0
5067,Point,100,97,570550,132850,1,0,0.0,0,0,2,2.0,0,3.0,4,0.0,4,0.0,1,2.0,3,2.0
5068,Point,100,98,570650,132850,0,0,0.0,0,0,2,3.0,0,3.0,4,0.0,4,0.0,1,2.0,3,2.0
5069,Point,100,99,570750,132850,0,0,0.0,0,0,2,3.0,1,3.0,4,0.0,4,0.0,1,3.0,2,2.0
5070,Point,100,100,570850,132850,1,0,0.0,0,0,2,3.0,1,3.0,3,0.0,4,0.0,1,3.0,2,2.0
5071,Point,100,101,570950,132850,1,0,0.0,0,0,2,3.0,1,3.0,3,0.0,4,0.0,1,3.0,2,2.0
5072,Point,100,102,571050,132850,1,0,0.0,0,0,2,3.0,1,3.0,3,0.0,4,3.0,1,3.0,2,2.0
5073,Point,100,103,571150,132850,1,0,0.0,0,0,2,3.0,1,2.0,3,0.0,4,3.0,1,3.0,2,2.0
5074,Point,100,104,571250,132850,2,0,0.0,0,0,2,3.0,2,2.0,3,0.0,4,3.0,1,3.0,2,2.0
5075,Point,100,105,571350,132850,2,0,0.0,0,0,2,2.0,3,2.0,3,0.0,4,3.0,1,3.0,2,2.0
5076,Point,100,106,571450,132850,2,0,0.0,0,0,2,2.0,3,2.0,3,0.0,4,3.0,1,3.0,2,2.0
5077,Point,100,107,571550,132850,3,0,0.0,0,0,2,2.0,3,2.0,3,0.0,4,3.0,2,2.0,2,2.0
5078,Point,100,108,571650,132850,2,0,0.0,0,0,2,2.0,3,2.0,3,0.0,4,3.0,2,2.0,2,2.0
5079,Point,100,109,571750,132850,2,0,0.0,0,0,2,2.0,3,2.0,3,0.0,4,3.0,2,2.0,2,2.0
5080,Point,100,110,571850,132850,2,0,0.0,0,0,2,2.0,3,2.0,4,0.0,4,3.0,2,2.0,2,2.0
5081,Point,100,111,571950,132850,2,0,0.0,0,0,2,2.0,3,2.0,4,0.0,4,3.0,2,2.0,2,2.0
5082,Point,100,112,572050,132850,3,0,0.0,0,0,2,2.0,2,2.0,4,0.0,4,3.0,2,2.0,2,2.0
5083,Point,100,113,572150,132850,3,0,0.0,0,0,2,2.0,2,2.0,4,0.0,4,3.0,3,2.0,2,2.0
5084,Point,101,32,564050,132750,4,0,0.0,0,0,3,3.0,2,1.0,3,2.0,4,3.0,3,2.0,2,2.0
5085,Point,101,33,564150,132750,4,0,0.0,0,0,3,3.0,2,1.0,3,2.0,4,3.0,3,2.0,2,2.0
5086,Point,101,34,564250,132750,4,0,0.0,0,0,3,3.0,2,1.0,3,2.0,4,3.0,3,2.0,2,2.0
5087,Point,101,35,564350,132750,4,0,0.0,0,0,3,3.0,2,1.0,3,2.0,4,3.0,3,2.0,2,2.0
5088,Point,101,36,564450,132750,4,0,0.0,0,0,3,3.0,2,1.0,3,2.0,4,3.0,3,2.0,2,1.0
5089,Point,101,37,564550,132750,4,0,0.0,0,0,3,3.0,2,1.0,3,1.0,4,3.0,3,3.0,2,1.0
5090,Point,101,38,564650,132750,4,0,0.0,0,0,3,3.0,2,1.0,3,1.0,4,3.0,3,3.0,2,1.0
5091,Point,101,39,564750,132750,4,0,0.0,0,0,3,3.0,2,1.0,3,1.0,4,3.0,3,3.0,2,1.0
5092,Point,101,40,564850,132750,4,0,0.0,0,0,3,3.0,2,1.0,3,1.0,4,3.0,3,3.0,2,1.0
5093,Point,101,41,564950,132750,4,0,0.0,0,0,3,3.0,2,2.0,3,1.0,4,3.0,3,3.0,2,1.0
5094,Point,101,42,565050,132750,4,0,0.0,0,0,3,3.0,2,2.0,3,1.0,4,3.0,3,3.0,2,1.0
5095,Point,101,43,565150,132750,4,0,0.0,0,0,3,3.0,2,2.0,3,1.0,4,3.0,3,3.0,2,1.0
5096,Point,101,44,565250,132750,4,0,0.0,0,0,3,3.0,2,2.0,3,1.0,4,3.0,3,3.0,2,1.0
5097,Point,101,45,565350,132750,4,0,0.0,0,0,3,3.0,2,2.0,4,1.0,4,3.0,3,3.0,2,1.0
5098,Point,101,46,565450,132750,4,0,0.0,0,0,3,3.0,2,2.0,4,1.0,4,3.0,2,3.0,2,1.0
5099,Point,101,47,565550,132750,4,0,0.0,0,0,3,3.0,2,2.0,4,1.0,4,3.0,2,3.0,2,1.0
5100,Point,101,48,565650,132750,4,0,0.0,0,0,3,3.0,2,2.0,4,1.0,4,3.0,2,3.0,2,1.0
5101,Point,101,49,565750,132750,3,0,0.0,0,0,3,3.0,2,2.0,4,1.0,4,3.0,1,2.0,2,1.0
5102,Point,101,50,565850,132750,3,0,0.0,0,0,3,3.0,2,2.0,4,1.0,4,3.0,1,1.0,2,1.0
5103,Point,101,51,565950,132750,3,0,0.0,0,0,3,3.0,2,2.0,4,1.0,4,3.0,0,2.0,2,1.0
5104,Point,101,52,566050,132750,2,0,0.0,0,0,3,3.0,2,2.0,4,1.0,4,3.0,0,2.0,2,1.0
5105,Point,101,53,566150,132750,2,0,0.0,0,0,2,4.0,1,2.0,4,1.0,4,3.0,0,3.0,2,1.0
5106,Point,101,54,566250,132750,2,0,0.0,0,0,2,4.0,1,3.0,4,1.0,4,3.0,0,3.0,2,1.0
5107,Point,101,55,566350,132750,2,0,0.0,0,0,2,4.0,1,3.0,4,1.0,4,3.0,0,3.0,2,1.0
5108,Point,101,56,566450,132750,2,0,0.0,0,0,2,4.0,1,3.0,4,1.0,4,3.0,0,4.0,2,1.0
5109,Point,101,57,566550,132750,2,0,0.0,0,0,1,4.0,1,3.0,4,1.0,0,3.0,0,4.0,2,1.0
5110,Point,101,58,566650,132750,1,0,0.0,0,0,1,3.0,1,3.0,4,2.0,0,3.0,0,4.0,2,1.0
5111,Point,101,59,566750,132750,1,0,0.0,0,0,1,3.0,1,3.0,4,3.0,0,3.0,0,4.0,2,1.0
5112,Point,101,60,566850,132750,2,0,0.0,0,0,0,2.0,1,3.0,3,4.0,0,3.0,0,4.0,2,1.0
5113,Point,101,61,566950,132750,2,0,0.0,0,0,0,1.0,1,3.0,3,4.0,0,3.0,0,3.0,2,1.0
5114,Point,101,62,567050,132750,2,0,0.0,0,0,1,1.0,1,3.0,2,3.0,0,3.0,0,3.0,2,1.0
5115,Point,101,63,567150,132750,3,0,0.0,0,0,1,1.0,1,3.0,1,2.0,0,3.0,0,2.0,2,1.0
5116,Point,101,64,567250,132750,2,0,0.0,0,0,1,1.0,1,3.0,1,1.0,0,3.0,0,2.0,2,1.0
5117,Point,101,65,567350,132750,2,0,0.0,0,0,1,1.0,1,3.0,0,1.0,4,3.0,0,1.0,2,1.0
5118,Point,101,66,567450,132750,1,0,0.0,0,0,1,1.0,1,3.0,0,1.0,4,3.0,0,1.0,2,1.0
5119,Point,101,67,567550,132750,1,0,0.0,0,0,1,1.0,1,3.0,0,0.0,4,3.0,2,2.0,2,2.0
5120,Point,101,68,567650,132750,0,0,0.0,0,0,1,1.0,1,2.0,0,0.0,4,3.0,3,3.0,2,2.0
5121,Point,101,69,567750,132750,0,0,0.0,0,0,1,1.0,2,2.0,0,0.0,4,3.0,3,3.0,2,2.0
5122,Point,101,70,567850,132750,0,0,0.0,0,0,1,1.0,2,2.0,0,0.0,4,3.0,3,3.0,3,2.0
5123,Point,101,71,567950,132750,0,0,0.0,0,0,1,1.0,3,2.0,0,0.0,4,3.0,3,2.0,3,2.0
5124,Point,101,72,568050,132750,1,0,0.0,0,0,1,1.0,3,2.0,0,1.0,4,3.0,2,2.0,3,2.0
5125,Point,101,73,568150,132750,1,0,0.0,0,0,1,1.0,3,2.0,0,0.0,4,3.0,2,1.0,3,2.0
5126,Point,101,74,568250,132750,1,0,0.0,0,0,1,1.0,3,2.0,0,0.0,4,3.0,1,1.0,3,2.0
5127,Point,101,75,568350,132750,0,0,0.0,0,0,1,1.0,3,2.0,0,0.0,4,3.0,1,1.0,3,2.0
5128,Point,101,76,568450,132750,0,0,0.0,0,0,1,1.0,3,2.0,0,0.0,4,3.0,1,1.0,3,2.0
5129,Point,101,77,568550,132750,1,0,0.0,0,0,1,1.0,3,2.0,0,0.0,4,3.0,1,1.0,3,2.0
5130,Point,101,78,568650,132750,1,0,0.0,0,0,1,1.0,2,2.0,0,0.0,4,3.0,1,1.0,3,2.0
5131,Point,101,79,568750,132750,1,0,0.0,0,0,2,1.0,2,2.0,0,1.0,4,3.0,1,1.0,3,2.0
5132,Point,101,80,568850,132750,2,0,0.0,0,0,2,1.0,1,3.0,1,3.0,4,3.0,1,1.0,3,2.0
5133,Point,101,81,568950,132750,2,0,0.0,0,0,2,1.0,1,3.0,1,3.0,4,3.0,1,1.0,3,2.0
5134,Point,101,82,569050,132750,3,0,0.0,0,0,2,2.0,1,3.0,2,2.0,4,0.0,1,1.0,3,2.0
5135,Point,101,83,569150,132750,2,0,0.0,0,0,2,2.0,1,3.0,3,2.0,4,0.0,2,1.0,3,2.0
5136,Point,101,84,569250,132750,2,0,0.0,0,0,2,2.0,1,3.0,3,2.0,4,0.0,2,1.0,3,2.0
5137,Point,101,85,569350,132750,2,0,0.0,0,0,2,2.0,0,3.0,3,2.0,4,0.0,2,1.0,3,2.0
5138,Point,101,86,569450,132750,1,0,0.0,0,0,2,2.0,0,3.0,4,2.0,4,0.0,2,1.0,3,2.0
5139,Point,101,87,569550,132750,1,0,0.0,0,0,2,2.0,0,4.0,4,2.0,4,0.0,2,1.0,3,2.0
5140,Point,101,88,569650,132750,1,0,0.0,0,0,2,2.0,0,4.0,4,1.0,0,0.0,2,1.0,3,2.0
5141,Point,101,89,569750,132750,1,0,0.0,0,0,2,2.0,0,4.0,4,1.0,0,0.0,3,1.0,3,2.0
5142,Point,101,90,569850,132750,0,0,0.0,0,0,2,2.0,0,4.0,4,1.0,0,0.0,3,1.0,3,2.0
5143,Point,101,91,569950,132750,0,0,0.0,0,0,2,2.0,0,4.0,4,0.0,0,0.0,2,1.0,3,2.0
5144,Point,101,92,570050,132750,0,0,0.0,0,0,2,2.0,0,4.0,4,0.0,0,0.0,2,2.0,3,2.0
5145,Point,101,93,570150,132750,0,0,0.0,0,0,2,2.0,0,4.0,4,0.0,0,0.0,2,2.0,3,2.0
5146,Point,101,94,570250,132750,1,0,0.0,0,0,2,2.0,0,4.0,4,0.0,0,0.0,2,2.0,3,2.0
5147,Point,101,95,570350,132750,1,0,0.0,0,0,2,2.0,0,4.0,4,0.0,0,0.0,2,2.0,3,2.0
5148,Point,101,96,570450,132750,1,0,0.0,0,0,2,2.0,0,4.0,4,0.0,4,0.0,2,2.0,3,2.0
5149,Point,101,97,570550,132750,0,0,0.0,0,0,2,2.0,0,3.0,4,0.0,4,0.0,2,2.0,2,2.0
5150,Point,101,98,570650,132750,0,0,0.0,0,0,2,3.0,0,3.0,4,0.0,4,0.0,1,2.0,2,2.0
5151,Point,101,99,570750,132750,0,0,0.0,0,0,2,3.0,1,3.0,3,0.0,4,0.0,1,3.0,2,2.0
5152,Point,101,100,570850,132750,0,0,0.0,0,0,2,3.0,1,3.0,3,0.0,4,0.0,1,3.0,2,2.0
5153,Point,101,101,570950,132750,1,0,0.0,0,0,2,3.0,1,3.0,2,0.0,4,0.0,1,3.0,2,2.0
5154,Point,101,102,571050,132750,1,0,0.0,0,0,2,3.0,1,3.0,2,0.0,4,3.0,1,3.0,2,2.0
5155,Point,101,103,571150,132750,2,0,0.0,0,0,2,3.0,1,3.0,2,0.0,4,3.0,1,3.0,2,2.0
5156,Point,101,104,571250,132750,2,0,0.0,0,0,2,2.0,2,2.0,2,0.0,4,3.0,1,3.0,2,2.0
5157,Point,101,105,571350,132750,2,0,0.0,0,0,2,2.0,3,2.0,3,0.0,4,3.0,1,3.0,2,2.0
5158,Point,101,106,571450,132750,3,0,0.0,0,0,2,2.0,3,2.0,3,0.0,4,3.0,2,2.0,2,2.0
5159,Point,101,107,571550,132750,3,0,0.0,0,0,2,2.0,3,2.0,3,0.0,4,3.0,2,2.0,2,2.0
5160,Point,101,108,571650,132750,3,0,0.0,0,0,2,2.0,3,2.0,3,0.0,4,3.0,2,2.0,2,2.0
5161,Point,101,109,571750,132750,3,0,0.0,0,0,2,2.0,3,2.0,3,0.0,4,3.0,2,2.0,2,2.0
5162,Point,101,110,571850,132750,3,0,0.0,0,0,2,2.0,3,2.0,4,0.0,4,3.0,2,2.0,2,2.0
5163,Point,101,111,571950,132750,3,0,0.0,0,0,2,2.0,3,2.0,4,0.0,4,3.0,2,2.0,2,2.0
5164,Point,101,112,572050,132750,3,0,0.0,0,0,2,2.0,2,2.0,4,0.0,4,3.0,2,2.0,2,2.0
5165,Point,101,113,572150,132750,3,0,0.0,0,0,2,2.0,2,2.0,4,0.0,4,3.0,3,2.0,2,2.0
5166,Point,102,32,564050,132650,4,0,0.0,0,0,3,3.0,2,1.0,3,2.0,4,3.0,3,2.0,2,2.0
5167,Point,102,33,564150,132650,4,0,0.0,0,0,3,3.0,2,1.0,3,2.0,4,3.0,3,2.0,2,2.0
5168,Point,102,34,564250,132650,4,0,0.0,0,0,3,3.0,2,1.0,3,2.0,4,3.0,3,2.0,2,2.0
5169,Point,102,35,564350,132650,4,0,0.0,0,0,3,3.0,2,1.0,3,2.0,4,3.0,3,2.0,2,2.0
5170,Point,102,36,564450,132650,4,0,0.0,0,0,3,3.0,2,1.0,3,2.0,4,3.0,3,2.0,2,2.0
5171,Point,102,37,564550,132650,4,0,0.0,0,0,3,3.0,2,1.0,3,1.0,4,3.0,3,2.0,2,1.0
5172,Point,102,38,564650,132650,4,0,0.0,0,0,3,3.0,2,1.0,3,1.0,4,3.0,3,3.0,2,1.0
5173,Point,102,39,564750,132650,4,0,0.0,0,0,3,3.0,2,1.0,3,1.0,4,3.0,3,3.0,2,1.0
5174,Point,102,40,564850,132650,4,0,0.0,0,0,3,3.0,2,1.0,3,1.0,4,3.0,3,3.0,2,1.0
5175,Point,102,41,564950,132650,4,0,0.0,0,0,3,3.0,2,1.0,3,1.0,4,3.0,3,3.0,2,1.0
5176,Point,102,42,565050,132650,4,0,0.0,0,0,3,3.0,2,2.0,3,1.0,4,3.0,3,3.0,2,1.0
5177,Point,102,43,565150,132650,4,0,0.0,0,0,3,3.0,2,2.0,3,1.0,4,3.0,3,3.0,2,1.0
5178,Point,102,44,565250,132650,4,0,0.0,0,0,3,3.0,2,2.0,3,1.0,4,3.0,3,3.0,2,1.0
5179,Point,102,45,565350,132650,4,0,0.0,0,0,3,3.0,2,2.0,3,1.0,4,3.0,3,3.0,2,1.0
5180,Point,102,46,565450,132650,4,0,0.0,0,0,3,3.0,2,2.0,4,1.0,4,3.0,3,3.0,2,1.0
5181,Point,102,47,565550,132650,4,0,0.0,0,0,3,3.0,2,2.0,4,1.0,4,3.0,3,3.0,2,1.0
5182,Point,102,48,565650,132650,4,0,0.0,0,0,3,3.0,2,2.0,4,1.0,4,3.0,2,3.0,2,1.0
5183,Point,102,49,565750,132650,4,0,0.0,0,0,3,3.0,2,2.0,4,1.0,4,3.0,2,3.0,2,1.0
5184,Point,102,50,565850,132650,3,0,0.0,0,0,3,3.0,2,2.0,4,1.0,4,3.0,1,2.0,2,1.0
5185,Point,102,51,565950,132650,3,0,0.0,0,0,3,3.0,2,2.0,4,1.0,4,3.0,0,2.0,2,1.0
5186,Point,102,52,566050,132650,3,0,0.0,0,0,3,3.0,2,2.0,4,1.0,4,3.0,0,2.0,2,1.0
5187,Point,102,53,566150,132650,2,0,0.0,0,0,3,3.0,2,2.0,4,1.0,4,3.0,0,2.0,2,1.0
5188,Point,102,54,566250,132650,2,0,0.0,0,0,3,3.0,2,2.0,4,1.0,4,3.0,0,3.0,2,1.0
5189,Point,102,55,566350,132650,2,0,0.0,0,0,2,3.0,1,2.0,4,1.0,4,3.0,0,3.0,2,1.0
5190,Point,102,56,566450,132650,2,0,0.0,0,0,2,3.0,1,3.0,4,1.0,4,3.0,0,3.0,2,1.0
5191,Point,102,57,566550,132650,2,0,0.0,0,0,2,3.0,1,3.0,4,1.0,4,3.0,0,3.0,2,1.0
5192,Point,102,58,566650,132650,2,0,0.0,0,0,2,3.0,1,3.0,4,2.0,4,3.0,0,3.0,2,1.0
5193,Point,102,59,566750,132650,2,0,0.0,0,0,1,3.0,1,3.0,4,3.0,4,3.0,0,3.0,2,1.0
5194,Point,102,60,566850,132650,2,0,0.0,0,0,1,2.0,1,3.0,4,4.0,4,3.0,0,3.0,2,1.0
5195,Point,102,61,566950,132650,2,0,0.0,0,0,1,1.0,1,3.0,3,4.0,4,3.0,0,3.0,2,1.0
5196,Point,102,62,567050,132650,3,0,0.0,0,0,1,1.0,1,3.0,3,4.0,4,3.0,0,2.0,2,1.0
5197,Point,102,63,567150,132650,3,0,0.0,0,0,1,1.0,1,3.0,2,3.0,4,3.0,0,2.0,2,1.0
5198,Point,102,64,567250,132650,2,0,0.0,0,0,1,1.0,1,3.0,1,2.0,4,3.0,0,1.0,2,1.0
5199,Point,102,65,567350,132650,2,0,0.0,0,0,1,1.0,1,3.0,1,2.0,4,3.0,1,2.0,2,1.0
5200,Point,102,66,567450,132650,1,0,0.0,0,0,1,1.0,1,3.0,0,1.0,4,3.0,2,3.0,2,1.0
5201,Point,102,67,567550,132650,1,0,0.0,0,0,1,1.0,2,2.0,0,1.0,4,3.0,3,3.0,2,2.0
5202,Point,102,68,567650,132650,0,0,0.0,0,0,1,1.0,2,2.0,0,0.0,4,3.0,3,3.0,2,2.0
5203,Point,102,69,567750,132650,0,0,0.0,0,0,1,1.0,2,2.0,0,0.0,4,3.0,3,3.0,2,2.0
5204,Point,102,70,567850,132650,0,0,0.0,0,0,1,1.0,3,2.0,0,1.0,4,3.0,3,2.0,2,2.0
5205,Point,102,71,567950,132650,1,0,0.0,0,0,1,1.0,3,2.0,0,1.0,4,3.0,2,2.0,3,2.0
5206,Point,102,72,568050,132650,1,0,0.0,0,0,1,1.0,3,2.0,0,1.0,4,3.0,2,2.0,3,2.0
5207,Point,102,73,568150,132650,1,0,0.0,0,0,1,1.0,3,2.0,0,1.0,4,3.0,2,1.0,3,2.0
5208,Point,102,74,568250,132650,0,0,0.0,0,0,1,1.0,3,2.0,0,0.0,4,3.0,1,1.0,3,2.0
5209,Point,102,75,568350,132650,0,0,0.0,0,0,1,1.0,3,2.0,0,0.0,4,3.0,1,1.0,3,2.0
5210,Point,102,76,568450,132650,0,0,0.0,0,0,1,1.0,3,2.0,0,0.0,4,3.0,1,1.0,3,2.0
5211,Point,102,77,568550,132650,0,0,0.0,0,0,1,1.0,3,2.0,0,0.0,4,3.0,1,1.0,3,2.0
5212,Point,102,78,568650,132650,1,0,0.0,0,0,1,1.0,3,2.0,0,0.0,4,3.0,1,1.0,3,2.0
5213,Point,102,79,568750,132650,1,0,0.0,0,0,2,1.0,2,2.0,1,2.0,4,3.0,1,1.0,3,2.0
5214,Point,102,80,568850,132650,2,0,0.0,0,0,2,1.0,1,3.0,1,2.0,4,3.0,1,1.0,3,2.0
5215,Point,102,81,568950,132650,2,0,0.0,0,0,2,1.0,1,3.0,2,2.0,4,3.0,1,1.0,3,2.0
5216,Point,102,82,569050,132650,3,0,0.0,0,0,2,2.0,1,3.0,2,2.0,4,0.0,2,1.0,3,2.0
5217,Point,102,83,569150,132650,3,0,0.0,0,0,2,2.0,1,3.0,3,2.0,4,0.0,2,1.0,3,2.0
5218,Point,102,84,569250,132650,2,0,0.0,0,0,2,2.0,1,3.0,3,2.0,4,0.0,2,1.0,3,2.0
5219,Point,102,85,569350,132650,2,0,0.0,0,0,2,2.0,0,3.0,4,2.0,4,0.0,2,1.0,3,2.0
5220,Point,102,86,569450,132650,2,0,0.0,0,0,2,2.0,0,3.0,4,1.0,4,0.0,2,1.0,3,2.0
5221,Point,102,87,569550,132650,2,0,0.0,0,0,2,2.0,0,4.0,4,1.0,4,0.0,2,1.0,3,2.0
5222,Point,102,88,569650,132650,1,0,0.0,0,0,2,2.0,0,4.0,4,1.0,0,0.0,3,1.0,3,2.0
5223,Point,102,89,569750,132650,1,0,0.0,0,0,2,2.0,0,4.0,4,1.0,0,0.0,3,1.0,3,2.0
5224,Point,102,90,569850,132650,0,0,0.0,0,0,2,2.0,0,4.0,4,0.0,0,0.0,3,2.0,3,2.0
5225,Point,102,91,569950,132650,0,0,0.0,0,0,2,2.0,0,4.0,4,0.0,0,0.0,3,2.0,3,2.0
5226,Point,102,92,570050,132650,0,0,0.0,0,0,2,2.0,0,4.0,4,0.0,0,0.0,2,2.0,3,2.0
5227,Point,102,93,570150,132650,0,0,0.0,0,0,2,2.0,0,4.0,4,0.0,0,0.0,2,2.0,3,2.0
5228,Point,102,94,570250,132650,1,0,0.0,0,0,2,2.0,0,4.0,4,0.0,0,0.0,2,2.0,3,2.0
5229,Point,102,95,570350,132650,1,0,0.0,0,0,2,2.0,0,4.0,4,0.0,0,0.0,2,2.0,2,2.0
5230,Point,102,96,570450,132650,1,0,0.0,0,0,2,2.0,0,4.0,4,0.0,4,0.0,2,2.0,2,2.0
5231,Point,102,97,570550,132650,0,0,0.0,0,0,2,2.0,0,3.0,4,0.0,4,0.0,2,2.0,2,2.0
5232,Point,102,98,570650,132650,0,0,0.0,0,0,2,2.0,0,3.0,3,0.0,4,0.0,2,2.0,2,2.0
5233,Point,102,99,570750,132650,0,0,0.0,0,0,2,2.0,1,3.0,2,0.0,4,0.0,2,2.0,2,2.0
5234,Point,102,100,570850,132650,0,0,0.0,0,0,2,3.0,1,3.0,2,0.0,4,0.0,1,3.0,2,2.0
5235,Point,102,101,570950,132650,1,0,0.0,0,0,2,2.0,1,3.0,2,0.0,4,0.0,1,3.0,2,2.0
5236,Point,102,102,571050,132650,1,0,0.0,0,0,2,2.0,1,3.0,2,0.0,4,3.0,1,3.0,2,2.0
5237,Point,102,103,571150,132650,2,0,0.0,0,0,2,2.0,1,2.0,2,0.0,4,3.0,1,3.0,2,2.0
5238,Point,102,104,571250,132650,2,0,0.0,0,0,2,2.0,2,2.0,2,0.0,4,3.0,2,3.0,2,2.0
5239,Point,102,105,571350,132650,3,0,0.0,0,0,2,2.0,3,2.0,3,0.0,4,3.0,2,3.0,2,2.0
5240,Point,102,106,571450,132650,3,0,0.0,0,0,2,2.0,3,2.0,3,0.0,4,3.0,2,2.0,2,2.0
5241,Point,102,107,571550,132650,3,0,0.0,0,0,2,2.0,3,2.0,3,0.0,4,3.0,2,2.0,2,2.0
5242,Point,102,108,571650,132650,3,0,0.0,0,0,2,2.0,3,2.0,3,0.0,4,3.0,2,2.0,2,2.0
5243,Point,102,109,571750,132650,3,0,0.0,0,0,2,2.0,3,2.0,3,0.0,4,3.0,2,2.0,2,2.0
5244,Point,102,110,571850,132650,3,0,0.0,0,0,2,2.0,3,2.0,4,0.0,4,3.0,2,2.0,2,2.0
5245,Point,102,111,571950,132650,3,0,0.0,0,0,2,2.0,3,2.0,4,0.0,4,3.0,2,2.0,2,2.0
5246,Point,102,112,572050,132650,3,0,0.0,0,0,2,2.0,2,2.0,4,0.0,4,3.0,3,2.0,2,2.0
5247,Point,102,113,572150,132650,4,0,0.0,0,0,3,2.0,2,2.0,4,0.0,4,3.0,3,2.0,2,2.0
5248,Point,103,32,564050,132550,4,0,0.0,0,0,3,3.0,2,1.0,3,2.0,4,3.0,3,2.0,2,2.0
5249,Point,103,33,564150,132550,4,0,0.0,0,0,3,3.0,2,1.0,3,2.0,4,3.0,3,2.0,2,2.0
5250,Point,103,34,564250,132550,4,0,0.0,0,0,3,3.0,2,1.0,3,2.0,4,3.0,3,2.0,2,2.0
5251,Point,103,35,564350,132550,4,0,0.0,0,0,3,3.0,2,1.0,3,2.0,4,3.0,3,2.0,2,2.0
5252,Point,103,36,564450,132550,4,0,0.0,0,0,3,3.0,2,1.0,3,2.0,4,3.0,3,2.0,2,2.0
5253,Point,103,37,564550,132550,4,0,0.0,0,0,3,3.0,2,1.0,3,1.0,4,3.0,3,2.0,2,2.0
5254,Point,103,38,564650,132550,4,0,0.0,0,0,3,3.0,2,1.0,3,1.0,4,3.0,3,3.0,2,2.0
5255,Point,103,39,564750,132550,4,0,0.0,0,0,3,3.0,2,1.0,3,1.0,4,3.0,3,3.0,2,1.0
5256,Point,103,40,564850,132550,4,0,0.0,0,0,3,3.0,2,1.0,3,1.0,4,3.0,3,3.0,2,1.0
5257,Point,103,41,564950,132550,4,0,0.0,0,0,3,3.0,2,1.0,3,1.0,4,3.0,3,3.0,2,1.0
5258,Point,103,42,565050,132550,4,0,0.0,0,0,3,3.0,2,1.0,3,1.0,4,3.0,3,3.0,2,1.0
5259,Point,103,43,565150,132550,4,0,0.0,0,0,3,3.0,2,2.0,3,1.0,4,3.0,3,3.0,2,1.0
5260,Point,103,44,565250,132550,4,0,0.0,0,0,3,3.0,2,2.0,3,1.0,4,3.0,3,3.0,2,1.0
5261,Point,103,45,565350,132550,4,0,0.0,0,0,3,3.0,2,2.0,3,1.0,4,3.0,3,3.0,2,1.0
5262,Point,103,46,565450,132550,4,0,0.0,0,0,3,3.0,2,2.0,4,1.0,4,3.0,3,3.0,2,1.0
5263,Point,103,47,565550,132550,4,0,0.0,0,0,3,3.0,2,2.0,4,1.0,4,3.0,3,3.0,2,1.0
5264,Point,103,48,565650,132550,4,0,0.0,0,0,3,3.0,2,2.0,4,1.0,4,3.0,3,3.0,2,1.0
5265,Point,103,49,565750,132550,4,0,0.0,0,0,3,3.0,2,2.0,4,1.0,4,3.0,2,3.0,2,1.0
5266,Point,103,50,565850,132550,4,0,0.0,0,0,3,3.0,2,2.0,4,1.0,4,3.0,2,3.0,2,1.0
5267,Point,103,51,565950,132550,3,0,0.0,0,0,3,3.0,2,2.0,4,1.0,4,3.0,2,3.0,2,1.0
5268,Point,103,52,566050,132550,3,0,0.0,0,0,3,3.0,2,2.0,4,1.0,4,3.0,1,3.0,2,1.0
5269,Point,103,53,566150,132550,3,0,0.0,0,0,3,3.0,2,2.0,4,1.0,4,3.0,1,2.0,2,1.0
5270,Point,103,54,566250,132550,3,0,0.0,0,0,3,3.0,2,2.0,4,1.0,4,3.0,0,2.0,2,1.0
5271,Point,103,55,566350,132550,3,0,0.0,0,0,3,3.0,2,2.0,4,1.0,4,3.0,0,2.0,2,1.0
5272,Point,103,56,566450,132550,3,0,0.0,0,0,3,3.0,1,2.0,4,1.0,4,3.0,0,3.0,2,1.0
5273,Point,103,57,566550,132550,3,0,0.0,0,0,2,3.0,1,2.0,4,2.0,4,3.0,0,3.0,2,1.0
5274,Point,103,58,566650,132550,2,0,0.0,0,0,2,3.0,1,3.0,4,2.0,4,3.0,0,3.0,2,1.0
5275,Point,103,59,566750,132550,2,0,0.0,0,0,2,3.0,1,3.0,4,3.0,4,3.0,0,3.0,2,1.0
5276,Point,103,60,566850,132550,3,0,0.0,0,0,2,2.0,1,3.0,4,4.0,4,3.0,0,3.0,2,1.0
5277,Point,103,61,566950,132550,3,0,0.0,0,0,1,2.0,1,3.0,3,4.0,4,3.0,0,2.0,2,1.0
5278,Point,103,62,567050,132550,3,0,0.0,0,0,1,1.0,1,3.0,3,4.0,4,3.0,1,3.0,2,1.0
5279,Point,103,63,567150,132550,3,0,0.0,0,0,1,1.0,1,3.0,2,4.0,4,3.0,1,3.0,2,1.0
5280,Point,103,64,567250,132550,2,0,0.0,0,0,1,1.0,1,2.0,1,3.0,4,3.0,2,3.0,2,1.0
5281,Point,103,65,567350,132550,2,0,0.0,0,0,1,1.0,2,2.0,1,2.0,4,3.0,3,3.0,2,1.0
5282,Point,103,66,567450,132550,2,0,0.0,0,0,1,1.0,2,2.0,0,1.0,4,3.0,3,3.0,2,2.0
5283,Point,103,67,567550,132550,1,0,0.0,0,0,1,1.0,2,2.0,0,1.0,4,3.0,3,3.0,2,2.0
5284,Point,103,68,567650,132550,1,0,0.0,0,0,1,1.0,2,2.0,0,1.0,4,3.0,3,3.0,2,2.0
5285,Point,103,69,567750,132550,1,0,0.0,0,0,1,1.0,3,2.0,0,1.0,4,3.0,3,3.0,2,2.0
5286,Point,103,70,567850,132550,1,0,0.0,0,0,1,1.0,3,2.0,0,1.0,4,3.0,3,2.0,2,2.0
5287,Point,103,71,567950,132550,1,0,0.0,0,0,1,1.0,3,2.0,0,1.0,4,3.0,2,2.0,2,2.0
5288,Point,103,72,568050,132550,1,0,0.0,0,0,1,1.0,3,2.0,0,1.0,4,3.0,2,2.0,2,2.0
5289,Point,103,73,568150,132550,1,0,0.0,0,0,1,1.0,3,2.0,0,1.0,4,3.0,2,1.0,3,2.0
5290,Point,103,74,568250,132550,0,0,0.0,0,0,1,1.0,3,2.0,0,0.0,4,3.0,2,1.0,3,2.0
5291,Point,103,75,568350,132550,0,0,0.0,0,0,1,1.0,3,2.0,0,0.0,4,3.0,1,1.0,3,2.0
5292,Point,103,76,568450,132550,0,0,0.0,0,0,1,1.0,3,2.0,0,0.0,4,3.0,1,1.0,3,2.0
5293,Point,103,77,568550,132550,0,0,0.0,0,0,1,1.0,3,2.0,0,0.0,4,3.0,1,1.0,3,2.0
5294,Point,103,78,568650,132550,1,0,0.0,0,0,2,1.0,3,2.0,1,2.0,4,3.0,1,1.0,3,2.0
5295,Point,103,79,568750,132550,1,0,0.0,0,0,2,1.0,2,2.0,1,2.0,4,3.0,1,1.0,3,2.0
5296,Point,103,80,568850,132550,2,0,0.0,0,0,2,1.0,1,3.0,1,2.0,4,3.0,2,1.0,3,2.0
5297,Point,103,81,568950,132550,2,0,0.0,0,0,2,2.0,1,3.0,2,2.0,4,3.0,2,1.0,3,2.0
5298,Point,103,82,569050,132550,3,0,0.0,0,0,2,2.0,1,3.0,2,1.0,4,0.0,2,1.0,3,2.0
5299,Point,103,83,569150,132550,3,0,0.0,0,0,2,2.0,1,3.0,3,1.0,4,0.0,2,1.0,3,2.0
5300,Point,103,84,569250,132550,3,0,0.0,0,0,2,2.0,1,3.0,3,1.0,4,0.0,2,1.0,3,2.0
5301,Point,103,85,569350,132550,2,0,0.0,0,0,3,2.0,0,3.0,4,1.0,4,0.0,2,1.0,3,2.0
5302,Point,103,86,569450,132550,2,0,0.0,0,0,3,2.0,0,3.0,4,1.0,4,0.0,2,1.0,3,2.0
5303,Point,103,87,569550,132550,2,0,0.0,0,0,3,2.0,0,3.0,4,1.0,4,0.0,3,1.0,3,2.0
5304,Point,103,88,569650,132550,1,0,0.0,0,0,3,2.0,0,4.0,4,0.0,4,0.0,3,1.0,3,2.0
5305,Point,103,89,569750,132550,1,0,0.0,0,0,3,2.0,0,4.0,4,0.0,0,0.0,3,1.0,3,2.0
5306,Point,103,90,569850,132550,1,0,0.0,0,0,3,2.0,0,4.0,4,0.0,0,0.0,3,2.0,3,2.0
5307,Point,103,91,569950,132550,0,0,0.0,0,0,3,2.0,0,4.0,4,0.0,0,0.0,3,2.0,3,2.0
5308,Point,103,92,570050,132550,0,0,0.0,0,0,3,2.0,0,4.0,4,0.0,0,0.0,3,2.0,3,2.0
5309,Point,103,93,570150,132550,1,0,0.0,0,0,3,2.0,0,4.0,4,0.0,0,0.0,2,2.0,2,2.0
5310,Point,103,94,570250,132550,1,0,0.0,0,0,2,2.0,0,4.0,4,0.0,0,0.0,2,2.0,2,2.0
5311,Point,103,95,570350,132550,1,0,0.0,0,0,2,2.0,0,4.0,4,0.0,4,0.0,2,2.0,2,2.0
5312,Point,103,96,570450,132550,1,0,0.0,0,0,2,2.0,0,3.0,3,0.0,4,0.0,2,2.0,2,2.0
5313,Point,103,97,570550,132550,1,0,0.0,0,0,2,2.0,0,3.0,3,0.0,4,0.0,2,2.0,2,2.0
5314,Point,103,98,570650,132550,0,0,0.0,0,0,2,2.0,0,3.0,2,0.0,4,0.0,2,2.0,2,2.0
5315,Point,103,99,570750,132550,0,0,0.0,0,0,2,2.0,1,3.0,1,0.0,4,0.0,2,2.0,2,2.0
5316,Point,103,100,570850,132550,0,0,0.0,0,0,2,2.0,1,3.0,1,0.0,4,0.0,2,2.0,2,2.0
5317,Point,103,101,570950,132550,1,0,0.0,0,0,2,2.0,1,3.0,1,0.0,4,0.0,2,3.0,2,2.0
5318,Point,103,102,571050,132550,1,0,0.0,0,0,2,2.0,1,3.0,2,0.0,4,3.0,2,3.0,2,2.0
5319,Point,103,103,571150,132550,2,0,0.0,0,0,2,2.0,2,2.0,2,0.0,4,3.0,2,3.0,2,2.0
5320,Point,103,104,571250,132550,2,0,0.0,0,0,2,2.0,2,2.0,3,0.0,4,3.0,2,3.0,2,2.0
5321,Point,103,105,571350,132550,3,0,0.0,0,0,2,2.0,3,2.0,3,0.0,4,3.0,2,2.0,2,2.0
5322,Point,103,106,571450,132550,3,0,0.0,0,0,2,2.0,3,2.0,3,0.0,4,3.0,2,2.0,2,2.0
5323,Point,103,107,571550,132550,4,0,0.0,0,0,2,2.0,3,2.0,3,0.0,4,3.0,2,2.0,2,2.0
5324,Point,103,108,571650,132550,4,0,0.0,0,0,2,2.0,3,2.0,3,0.0,4,3.0,2,2.0,2,2.0
5325,Point,103,109,571750,132550,4,0,0.0,0,0,2,2.0,3,2.0,3,0.0,4,3.0,2,2.0,2,2.0
5326,Point,103,110,571850,132550,4,0,0.0,0,0,2,2.0,3,2.0,3,0.0,4,3.0,2,2.0,2,2.0
5327,Point,103,111,571950,132550,4,0,0.0,0,0,2,2.0,3,2.0,4,0.0,4,3.0,3,2.0,2,2.0
5328,Point,103,112,572050,132550,4,0,0.0,0,0,3,2.0,2,2.0,4,0.0,4,3.0,3,2.0,2,2.0
5329,Point,103,113,572150,132550,4,0,0.0,0,0,3,2.0,2,1.0,4,0.0,4,3.0,3,2.0,2,2.0
