,Unnamed: 0,row,col,x,y,row_col_id,s_mw_uumu,s_ext_uumu,s_mw_lucr,s_ext_lucr,s_cr_cs,s_tec_cs,s_ctet_cs,NORTHING,EASTING,FID,ctet_uu_mu_mik_cv_score,ctet_uu_mu_mik_cov_score,ctet_lu_cr_mik_cv_score,ctet_lu_cr_mik_cov_score,hexcr_uu_mu_mik_cv_score,hexcr_uu_mu_mik_cov_score,hexcr_lu_cr_mik_cv_score,hexcr_lu_cr_mik_cov_score,tc99_uu_mu_mik_cv_score,tc99_uu_mu_mik_cov_score,tc99_lu_cr_mik_cv_score,tc99_lu_cr_mik_cov_score,hexcr_uumu_clean_level_exceedance_score,hexcr_lucr_clean_level_exceedance_score,tc99_uumu_clean_level_exceedance_score,tc99_lucr_clean_level_exceedance_score,ctet_uumu_clean_level_exceedance_score,ctet_lucr_clean_level_exceedance_score,ctet_uumu_tdg_s,ctet_lucr_tdg_s,hcr_uumu_tdg_s,hcr_lucr_tdg_s,tec_uumu_tdg_s,tec_lucr_tdg_s
0,0,39,32,564050.0,138950.0,10390032,4,0,4,0,0,0,0,138950.0,564050.0,0,3,3,2,1,3,2,4,3,3,2,2,1,0.0,0.0,0.0,0,0.0,0.0,10.0,7.0,9.0,11.0,9.0,7
1,1,39,33,564150.0,138950.0,10390033,4,0,4,0,0,0,0,138950.0,564150.0,1,3,2,2,1,3,2,4,3,3,2,2,1,0.0,0.0,0.0,0,0.0,0.0,9.0,7.0,9.0,11.0,9.0,7
2,2,39,34,564250.0,138950.0,10390034,4,0,4,0,0,0,0,138950.0,564250.0,2,3,2,2,1,3,2,4,3,3,2,2,1,0.0,0.0,0.0,0,0.0,0.0,9.0,7.0,9.0,11.0,9.0,7
3,3,39,35,564350.0,138950.0,10390035,4,0,4,0,0,0,0,138950.0,564350.0,3,3,2,2,1,3,2,4,3,3,2,2,1,0.0,0.0,0.0,0,0.0,0.0,9.0,7.0,9.0,11.0,9.0,7
4,4,39,36,564450.0,138950.0,10390036,4,0,4,0,0,0,0,138950.0,564450.0,4,3,2,2,1,3,2,4,3,3,2,2,1,0.0,0.0,0.0,0,0.0,0.0,9.0,7.0,9.0,11.0,9.0,7
5,5,39,37,564550.0,138950.0,10390037,4,0,4,0,0,0,0,138950.0,564550.0,5,3,2,3,2,3,2,4,3,3,2,2,1,0.0,0.0,0.0,0,0.0,0.0,9.0,9.0,9.0,11.0,9.0,7
6,6,39,38,564650.0,138950.0,10390038,4,0,4,0,0,0,0,138950.0,564650.0,6,3,2,3,2,3,2,4,3,3,2,2,1,0.0,0.0,0.0,0,0.0,0.0,9.0,9.0,9.0,11.0,9.0,7
7,7,39,39,564750.0,138950.0,10390039,4,0,4,0,0,0,0,138950.0,564750.0,7,3,2,3,2,3,2,4,3,2,2,1,1,0.0,0.0,0.0,0,0.0,0.0,9.0,9.0,9.0,11.0,8.0,6
8,8,39,40,564850.0,138950.0,10390040,4,0,4,0,0,0,0,138950.0,564850.0,8,3,2,3,2,3,2,4,3,2,2,1,1,0.0,0.0,0.0,0,0.0,0.0,9.0,9.0,9.0,11.0,8.0,6
9,9,39,41,564950.0,138950.0,10390041,4,0,4,0,0,0,0,138950.0,564950.0,9,3,2,3,2,3,2,4,3,2,2,1,1,0.0,0.0,0.0,0,0.0,0.0,9.0,9.0,9.0,11.0,8.0,6
10,10,39,42,565050.0,138950.0,10390042,4,0,4,0,0,0,0,138950.0,565050.0,10,3,2,3,2,3,3,4,3,2,2,1,1,0.0,0.0,0.0,0,0.0,0.0,9.0,9.0,10.0,11.0,8.0,6
11,11,39,43,565150.0,138950.0,10390043,4,0,4,0,0,0,0,138950.0,565150.0,11,2,2,3,2,3,3,4,3,2,2,1,1,0.0,0.0,0.0,0,0.0,0.0,8.0,9.0,10.0,11.0,8.0,6
12,12,39,44,565250.0,138950.0,10390044,4,0,4,0,0,0,0,138950.0,565250.0,12,2,2,3,2,3,3,4,3,2,2,1,1,0.0,0.0,0.0,0,0.0,0.0,8.0,9.0,10.0,11.0,8.0,6
13,13,39,45,565350.0,138950.0,10390045,3,0,4,0,0,0,0,138950.0,565350.0,13,2,2,4,2,3,3,4,3,1,2,1,1,0.0,0.0,0.0,0,0.0,0.0,7.0,10.0,9.0,11.0,6.0,6
14,14,39,46,565450.0,138950.0,10390046,3,0,4,0,0,0,0,138950.0,565450.0,14,2,2,4,2,3,3,4,3,1,2,1,1,0.0,0.0,0.0,0,0.0,0.0,7.0,10.0,9.0,11.0,6.0,6
15,15,39,47,565550.0,138950.0,10390047,3,0,4,0,0,0,0,138950.0,565550.0,15,2,2,4,2,3,3,4,3,1,2,1,1,0.0,0.0,0.0,0,0.0,0.0,7.0,10.0,9.0,11.0,6.0,6
16,16,39,48,565650.0,138950.0,10390048,3,0,4,0,0,0,0,138950.0,565650.0,16,2,2,4,2,3,3,4,3,1,2,1,1,0.0,0.0,0.0,0,0.0,0.0,7.0,10.0,9.0,11.0,6.0,6
17,17,39,49,565750.0,138950.0,10390049,3,0,4,0,0,0,0,138950.0,565750.0,17,2,1,4,2,3,3,4,3,1,2,1,1,0.0,0.0,0.0,0,0.0,0.0,6.0,10.0,9.0,11.0,6.0,6
18,18,39,50,565850.0,138950.0,10390050,3,0,4,0,0,0,0,138950.0,565850.0,18,1,1,3,2,3,3,4,3,1,2,1,0,0.0,0.0,0.0,0,0.0,0.0,5.0,9.0,9.0,11.0,6.0,5
19,19,39,51,565950.0,138950.0,10390051,3,0,4,0,0,0,0,138950.0,565950.0,19,1,1,3,2,3,3,4,3,1,2,1,0,0.0,0.0,0.0,0,0.0,0.0,5.0,9.0,9.0,11.0,6.0,5
20,20,39,52,566050.0,138950.0,10390052,3,0,4,0,0,0,0,138950.0,566050.0,20,1,1,3,2,3,3,4,3,1,2,1,0,0.0,0.0,0.0,0,0.0,0.0,5.0,9.0,9.0,11.0,6.0,5
21,21,39,53,566150.0,138950.0,10390053,3,0,4,0,0,0,0,138950.0,566150.0,21,1,1,3,2,3,3,4,3,1,2,1,0,0.0,0.0,0.0,0,0.0,0.0,5.0,9.0,9.0,11.0,6.0,5
22,22,39,54,566250.0,138950.0,10390054,3,0,3,0,0,0,0,138950.0,566250.0,22,1,1,3,2,3,3,4,3,1,2,1,0,0.0,0.0,0.0,0,0.0,0.0,5.0,8.0,9.0,10.0,6.0,4
23,23,39,55,566350.0,138950.0,10390055,3,0,3,0,0,0,0,138950.0,566350.0,23,1,1,3,2,2,3,4,3,1,3,1,0,0.0,0.0,0.0,0,0.0,0.0,5.0,8.0,8.0,10.0,7.0,4
24,24,39,56,566450.0,138950.0,10390056,2,0,2,0,0,0,0,138950.0,566450.0,24,1,1,3,2,2,3,4,3,1,3,1,0,0.0,0.0,0.0,0,0.0,0.0,4.0,7.0,7.0,9.0,6.0,3
25,25,39,57,566550.0,138950.0,10390057,2,0,2,0,0,0,0,138950.0,566550.0,25,1,1,3,2,2,2,4,3,1,3,1,0,0.0,0.0,0.0,0,0.0,0.0,4.0,7.0,6.0,9.0,6.0,3
26,26,39,58,566650.0,138950.0,10390058,1,0,1,0,0,0,0,138950.0,566650.0,26,1,1,3,2,3,2,4,3,0,4,1,0,0.0,0.0,0.0,0,0.0,0.0,3.0,6.0,6.0,8.0,5.0,2
27,27,39,59,566750.0,138950.0,10390059,1,0,1,0,0,0,0,138950.0,566750.0,27,0,1,3,2,3,2,4,3,0,4,1,0,0.0,0.0,0.0,0,0.0,0.0,2.0,6.0,6.0,8.0,5.0,2
28,28,39,60,566850.0,138950.0,10390060,0,0,0,0,0,0,0,138950.0,566850.0,28,0,1,4,2,3,2,4,3,0,4,1,0,0.0,0.0,0.0,0,0.0,0.0,1.0,6.0,5.0,7.0,4.0,1
29,29,39,61,566950.0,138950.0,10390061,0,0,0,0,0,0,0,138950.0,566950.0,29,0,1,3,2,3,2,4,3,0,4,1,0,0.0,0.0,0.0,0,0.0,0.0,1.0,5.0,5.0,7.0,4.0,1
30,30,39,62,567050.0,138950.0,10390062,0,0,0,0,0,0,0,138950.0,567050.0,30,0,1,3,2,3,1,4,3,0,4,1,0,0.0,0.0,0.0,0,0.0,0.0,1.0,5.0,4.0,7.0,4.0,1
31,31,39,63,567150.0,138950.0,10390063,0,0,0,0,0,0,0,138950.0,567150.0,31,0,1,3,2,3,1,4,3,0,4,1,0,0.0,0.0,0.0,0,0.0,0.0,1.0,5.0,4.0,7.0,4.0,1
32,32,39,64,567250.0,138950.0,10390064,1,0,1,0,0,0,0,138950.0,567250.0,32,1,1,3,2,3,1,4,3,0,4,1,0,0.0,0.0,0.0,0,0.0,0.0,3.0,6.0,5.0,8.0,5.0,2
33,33,39,65,567350.0,138950.0,10390065,1,0,1,0,0,0,0,138950.0,567350.0,33,1,2,3,2,3,1,4,3,1,4,1,0,0.0,0.0,0.0,0,0.0,0.0,4.0,6.0,5.0,8.0,6.0,2
34,34,39,66,567450.0,138950.0,10390066,1,0,2,0,0,0,0,138950.0,567450.0,34,2,2,3,2,3,1,4,3,1,3,1,0,0.0,0.0,0.0,0,0.0,0.0,5.0,7.0,5.0,9.0,5.0,3
35,35,39,67,567550.0,138950.0,10390067,1,0,2,0,0,0,0,138950.0,567550.0,35,3,2,3,2,2,1,4,3,1,3,1,0,0.0,0.0,0.0,0,0.0,0.0,6.0,7.0,4.0,9.0,5.0,3
36,36,39,68,567650.0,138950.0,10390068,2,0,3,0,0,0,0,138950.0,567650.0,36,3,2,3,1,2,1,4,3,1,3,1,0,0.0,0.0,0.0,0,0.0,0.0,7.0,7.0,5.0,10.0,6.0,4
37,37,39,69,567750.0,138950.0,10390069,2,0,3,0,0,0,0,138950.0,567750.0,37,3,1,3,1,2,0,4,3,2,2,1,0,0.0,0.0,0.0,0,0.0,0.0,6.0,7.0,4.0,10.0,6.0,4
38,38,39,70,567850.0,138950.0,10390070,2,0,4,0,0,0,0,138950.0,567850.0,38,3,1,4,0,2,0,4,3,2,2,1,0,0.0,0.0,0.0,0,0.0,0.0,6.0,8.0,4.0,11.0,6.0,5
39,39,39,71,567950.0,138950.0,10390071,3,0,4,0,0,0,0,138950.0,567950.0,39,3,1,4,0,2,0,4,3,2,2,1,0,0.0,0.0,0.0,0,0.0,0.0,7.0,8.0,5.0,11.0,7.0,5
40,40,39,72,568050.0,138950.0,10390072,3,0,4,0,0,0,0,138950.0,568050.0,40,4,1,4,0,2,0,4,3,2,2,1,0,0.0,0.0,0.0,0,0.0,0.0,8.0,8.0,5.0,11.0,7.0,5
41,41,39,73,568150.0,138950.0,10390073,4,0,4,0,0,0,0,138950.0,568150.0,41,4,1,4,0,2,0,4,3,2,2,1,0,0.0,0.0,0.0,0,0.0,0.0,9.0,8.0,6.0,11.0,8.0,5
42,42,39,74,568250.0,138950.0,10390074,4,0,4,0,0,0,0,138950.0,568250.0,42,4,1,4,0,1,0,4,3,2,2,1,0,0.0,0.0,0.0,0,0.0,0.0,9.0,8.0,5.0,11.0,8.0,5
43,43,39,75,568350.0,138950.0,10390075,4,0,4,0,0,0,0,138950.0,568350.0,43,4,1,3,0,1,0,4,3,2,2,1,0,0.0,0.0,0.0,0,0.0,0.0,9.0,7.0,5.0,11.0,8.0,5
44,44,39,76,568450.0,138950.0,10390076,4,0,4,0,0,0,0,138950.0,568450.0,44,4,1,2,0,1,0,4,3,2,2,1,0,0.0,0.0,0.0,0,0.0,0.0,9.0,6.0,5.0,11.0,8.0,5
45,45,39,77,568550.0,138950.0,10390077,4,0,4,0,0,0,0,138950.0,568550.0,45,4,1,1,0,1,0,4,3,2,2,1,0,0.0,0.0,0.0,0,0.0,0.0,9.0,5.0,5.0,11.0,8.0,5
46,46,39,78,568650.0,138950.0,10390078,4,0,4,0,0,0,0,138950.0,568650.0,46,4,1,1,1,1,0,4,3,2,2,1,0,0.0,0.0,0.0,0,0.0,0.0,9.0,6.0,5.0,11.0,8.0,5
47,47,39,79,568750.0,138950.0,10390079,4,0,4,0,0,0,0,138950.0,568750.0,47,4,1,1,1,2,0,4,3,2,2,1,0,0.0,0.0,0.0,0,0.0,0.0,9.0,6.0,6.0,11.0,8.0,5
48,48,39,80,568850.0,138950.0,10390080,4,0,4,0,0,0,0,138950.0,568850.0,48,4,1,1,1,2,0,4,3,2,2,1,0,0.0,0.0,0.0,0,0.0,0.0,9.0,6.0,6.0,11.0,8.0,5
49,49,39,81,568950.0,138950.0,10390081,4,0,4,0,0,0,0,138950.0,568950.0,49,4,1,1,1,2,0,4,3,2,2,1,0,0.0,0.0,0.0,0,0.0,0.0,9.0,6.0,6.0,11.0,8.0,5
50,50,39,82,569050.0,138950.0,10390082,4,0,4,0,0,0,0,138950.0,569050.0,50,4,1,1,0,2,0,4,3,2,2,1,0,0.0,0.0,0.0,0,0.0,0.0,9.0,5.0,6.0,11.0,8.0,5
51,51,39,83,569150.0,138950.0,10390083,4,0,4,0,0,0,0,138950.0,569150.0,51,4,1,1,0,2,0,4,3,2,2,1,0,0.0,0.0,0.0,0,0.0,0.0,9.0,5.0,6.0,11.0,8.0,5
52,52,39,84,569250.0,138950.0,10390084,4,0,4,0,0,0,0,138950.0,569250.0,52,3,1,1,0,2,1,4,3,3,2,1,0,0.0,0.0,0.0,0,0.0,0.0,8.0,5.0,7.0,11.0,9.0,5
53,53,39,85,569350.0,138950.0,10390085,4,0,4,0,0,0,0,138950.0,569350.0,53,3,2,2,0,2,1,4,3,3,2,1,0,0.0,0.0,0.0,0,0.0,0.0,9.0,6.0,7.0,11.0,9.0,5
54,54,39,86,569450.0,138950.0,10390086,4,0,4,0,0,0,0,138950.0,569450.0,54,3,2,2,0,2,1,4,3,3,2,1,0,0.0,0.0,0.0,0,0.0,0.0,9.0,6.0,7.0,11.0,9.0,5
55,55,39,87,569550.0,138950.0,10390087,4,0,4,0,0,0,0,138950.0,569550.0,55,3,2,2,0,3,1,4,3,3,2,1,0,0.0,0.0,0.0,0,0.0,0.0,9.0,6.0,8.0,11.0,9.0,5
56,56,39,88,569650.0,138950.0,10390088,4,0,4,0,0,0,0,138950.0,569650.0,56,3,2,2,0,3,1,4,3,3,2,1,0,0.0,0.0,0.0,0,0.0,0.0,9.0,6.0,8.0,11.0,9.0,5
57,57,39,89,569750.0,138950.0,10390089,4,0,4,0,0,0,0,138950.0,569750.0,57,3,2,2,0,3,1,4,3,3,2,1,1,0.0,0.0,0.0,0,0.0,0.0,9.0,6.0,8.0,11.0,9.0,6
58,58,39,90,569850.0,138950.0,10390090,4,0,4,0,0,0,0,138950.0,569850.0,58,3,2,2,0,3,1,4,3,3,2,1,1,0.0,0.0,0.0,0,0.0,0.0,9.0,6.0,8.0,11.0,9.0,6
59,59,39,91,569950.0,138950.0,10390091,3,0,4,0,0,0,0,138950.0,569950.0,59,2,2,2,0,3,2,4,3,3,2,1,1,0.0,0.0,0.0,0,0.0,0.0,7.0,6.0,8.0,11.0,8.0,6
60,60,39,92,570050.0,138950.0,10390092,3,0,4,0,0,0,0,138950.0,570050.0,60,2,2,2,1,3,2,4,3,3,2,1,1,0.0,0.0,0.0,0,0.0,0.0,7.0,7.0,8.0,11.0,8.0,6
61,61,39,93,570150.0,138950.0,10390093,2,0,4,0,0,0,0,138950.0,570150.0,61,2,2,2,1,3,2,4,3,3,2,1,1,0.0,0.0,0.0,0,0.0,0.0,6.0,7.0,7.0,11.0,7.0,6
62,62,39,94,570250.0,138950.0,10390094,2,0,4,0,0,0,0,138950.0,570250.0,62,2,2,2,1,3,2,4,3,3,2,1,2,0.0,0.0,0.0,0,0.0,0.0,6.0,7.0,7.0,11.0,7.0,7
63,63,39,95,570350.0,138950.0,10390095,1,0,4,0,0,0,0,138950.0,570350.0,63,1,2,3,1,3,2,4,3,3,3,1,2,0.0,0.0,0.0,0,0.0,0.0,4.0,8.0,6.0,11.0,7.0,7
64,64,39,96,570450.0,138950.0,10390096,1,0,4,0,0,0,0,138950.0,570450.0,64,1,3,3,1,3,3,4,3,3,3,1,2,0.0,0.0,0.0,0,0.0,0.0,5.0,8.0,7.0,11.0,7.0,7
65,65,39,97,570550.0,138950.0,10390097,1,0,4,0,0,0,0,138950.0,570550.0,65,1,3,3,1,3,3,4,3,3,3,1,2,0.0,0.0,0.0,0,0.0,0.0,5.0,8.0,7.0,11.0,7.0,7
66,66,39,98,570650.0,138950.0,10390098,0,0,4,0,0,0,0,138950.0,570650.0,66,1,3,3,1,2,3,4,3,3,3,1,2,0.0,0.0,0.0,0,0.0,0.0,4.0,8.0,5.0,11.0,6.0,7
67,67,39,99,570750.0,138950.0,10390099,1,0,4,0,0,0,0,138950.0,570750.0,67,1,3,3,1,2,3,4,3,3,3,1,2,0.0,0.0,0.0,0,0.0,0.0,5.0,8.0,6.0,11.0,7.0,7
68,68,39,100,570850.0,138950.0,10390100,1,0,4,0,0,0,0,138950.0,570850.0,68,1,3,3,1,2,3,4,3,3,3,1,2,0.0,0.0,0.0,0,0.0,0.0,5.0,8.0,6.0,11.0,7.0,7
69,69,39,101,570950.0,138950.0,10390101,1,0,4,0,0,0,0,138950.0,570950.0,69,1,3,3,1,2,3,4,3,3,3,1,2,0.0,0.0,0.0,0,0.0,0.0,5.0,8.0,6.0,11.0,7.0,7
70,70,39,102,571050.0,138950.0,10390102,2,0,4,0,0,0,0,138950.0,571050.0,70,1,3,3,1,2,3,4,3,2,3,1,2,0.0,0.0,0.0,0,0.0,0.0,6.0,8.0,7.0,11.0,7.0,7
71,71,39,103,571150.0,138950.0,10390103,2,0,4,0,0,0,0,138950.0,571150.0,71,1,2,3,1,2,3,4,3,2,3,1,2,0.0,0.0,0.0,0,0.0,0.0,5.0,8.0,7.0,11.0,7.0,7
72,72,39,104,571250.0,138950.0,10390104,3,0,4,0,0,0,0,138950.0,571250.0,72,1,2,3,1,2,3,4,3,2,3,1,2,0.0,0.0,0.0,0,0.0,0.0,6.0,8.0,8.0,11.0,8.0,7
73,73,39,105,571350.0,138950.0,10390105,3,0,4,0,0,0,0,138950.0,571350.0,73,2,2,3,1,2,3,4,3,2,3,2,2,0.0,0.0,0.0,0,0.0,0.0,7.0,8.0,8.0,11.0,8.0,8
74,74,39,106,571450.0,138950.0,10390106,4,0,4,0,0,0,0,138950.0,571450.0,74,2,2,3,1,2,3,4,3,2,3,2,2,0.0,0.0,0.0,0,0.0,0.0,8.0,8.0,9.0,11.0,9.0,8
75,75,39,107,571550.0,138950.0,10390107,4,0,4,0,0,0,0,138950.0,571550.0,75,2,2,3,1,2,3,4,3,2,3,2,2,0.0,0.0,0.0,0,0.0,0.0,8.0,8.0,9.0,11.0,9.0,8
76,76,39,108,571650.0,138950.0,10390108,4,0,4,0,0,0,0,138950.0,571650.0,76,2,2,3,1,2,3,4,3,2,3,2,2,0.0,0.0,0.0,0,0.0,0.0,8.0,8.0,9.0,11.0,9.0,8
77,77,39,109,571750.0,138950.0,10390109,4,0,4,0,0,0,0,138950.0,571750.0,77,2,2,3,1,2,3,4,3,2,3,2,2,0.0,0.0,0.0,0,0.0,0.0,8.0,8.0,9.0,11.0,9.0,8
78,78,39,110,571850.0,138950.0,10390110,4,0,4,0,0,0,0,138950.0,571850.0,78,2,2,3,1,2,3,4,3,2,3,2,2,0.0,0.0,0.0,0,0.0,0.0,8.0,8.0,9.0,11.0,9.0,8
79,79,39,111,571950.0,138950.0,10390111,4,0,4,0,0,0,0,138950.0,571950.0,79,2,2,3,1,2,3,4,3,3,3,2,2,0.0,0.0,0.0,0,0.0,0.0,8.0,8.0,9.0,11.0,10.0,8
80,80,39,112,572050.0,138950.0,10390112,4,0,4,0,0,0,0,138950.0,572050.0,80,2,2,3,1,2,3,4,3,3,3,2,2,0.0,0.0,0.0,0,0.0,0.0,8.0,8.0,9.0,11.0,10.0,8
81,81,39,113,572150.0,138950.0,10390113,4,0,4,0,0,0,0,138950.0,572150.0,81,3,2,3,1,2,3,4,3,3,3,2,2,0.0,0.0,0.0,0,0.0,0.0,9.0,8.0,9.0,11.0,10.0,8
82,82,40,32,564050.0,138850.0,10400032,4,0,4,0,0,0,0,138850.0,564050.0,82,3,2,2,1,3,2,4,3,3,2,2,1,0.0,0.0,0.0,0,0.0,0.0,9.0,7.0,9.0,11.0,9.0,7
83,83,40,33,564150.0,138850.0,10400033,4,0,4,0,0,0,0,138850.0,564150.0,83,3,2,2,1,3,2,4,3,3,2,2,1,0.0,0.0,0.0,0,0.0,0.0,9.0,7.0,9.0,11.0,9.0,7
84,84,40,34,564250.0,138850.0,10400034,4,0,4,0,0,0,0,138850.0,564250.0,84,3,2,2,1,3,2,4,3,3,2,2,1,0.0,0.0,0.0,0,0.0,0.0,9.0,7.0,9.0,11.0,9.0,7
85,85,40,35,564350.0,138850.0,10400035,4,0,4,0,0,0,0,138850.0,564350.0,85,3,2,2,1,3,2,4,3,3,2,2,1,0.0,0.0,0.0,0,0.0,0.0,9.0,7.0,9.0,11.0,9.0,7
86,86,40,36,564450.0,138850.0,10400036,4,0,4,0,0,0,0,138850.0,564450.0,86,3,2,2,2,3,2,4,3,3,2,2,1,0.0,0.0,0.0,0,0.0,0.0,9.0,8.0,9.0,11.0,9.0,7
87,87,40,37,564550.0,138850.0,10400037,4,0,4,0,0,0,0,138850.0,564550.0,87,3,2,3,2,3,2,4,3,3,2,2,1,0.0,0.0,0.0,0,0.0,0.0,9.0,9.0,9.0,11.0,9.0,7
88,88,40,38,564650.0,138850.0,10400038,4,0,4,0,0,0,0,138850.0,564650.0,88,3,2,3,2,3,2,4,3,2,2,2,1,0.0,0.0,0.0,0,0.0,0.0,9.0,9.0,9.0,11.0,8.0,7
89,89,40,39,564750.0,138850.0,10400039,4,0,4,0,0,0,0,138850.0,564750.0,89,3,2,3,2,3,2,4,3,2,2,1,1,0.0,0.0,0.0,0,0.0,0.0,9.0,9.0,9.0,11.0,8.0,6
90,90,40,40,564850.0,138850.0,10400040,4,0,4,0,0,0,0,138850.0,564850.0,90,3,2,3,2,3,2,4,3,2,2,1,1,0.0,0.0,0.0,0,0.0,0.0,9.0,9.0,9.0,11.0,8.0,6
91,91,40,41,564950.0,138850.0,10400041,4,0,4,0,0,0,0,138850.0,564950.0,91,3,2,3,2,3,3,4,3,2,2,1,1,0.0,0.0,0.0,0,0.0,0.0,9.0,9.0,10.0,11.0,8.0,6
92,92,40,42,565050.0,138850.0,10400042,4,0,4,0,0,0,0,138850.0,565050.0,92,2,2,3,2,3,3,4,3,2,2,1,1,0.0,0.0,0.0,0,0.0,0.0,8.0,9.0,10.0,11.0,8.0,6
93,93,40,43,565150.0,138850.0,10400043,4,0,4,0,0,0,0,138850.0,565150.0,93,2,2,3,2,3,3,4,3,2,2,1,1,0.0,0.0,0.0,0,0.0,0.0,8.0,9.0,10.0,11.0,8.0,6
94,94,40,44,565250.0,138850.0,10400044,3,0,4,0,0,0,0,138850.0,565250.0,94,2,2,3,2,3,3,4,3,1,2,1,1,0.0,0.0,0.0,0,0.0,0.0,7.0,9.0,9.0,11.0,6.0,6
95,95,40,45,565350.0,138850.0,10400045,3,0,4,0,0,0,0,138850.0,565350.0,95,2,2,4,2,3,3,4,3,1,2,1,1,0.0,0.0,0.0,0,0.0,0.0,7.0,10.0,9.0,11.0,6.0,6
96,96,40,46,565450.0,138850.0,10400046,3,0,4,0,0,0,0,138850.0,565450.0,96,2,2,4,2,3,3,4,3,1,2,1,1,0.0,0.0,0.0,0,0.0,0.0,7.0,10.0,9.0,11.0,6.0,6
97,97,40,47,565550.0,138850.0,10400047,3,0,4,0,0,0,0,138850.0,565550.0,97,2,2,4,2,3,3,4,3,1,2,1,1,0.0,0.0,0.0,0,0.0,0.0,7.0,10.0,9.0,11.0,6.0,6
98,98,40,48,565650.0,138850.0,10400048,2,0,4,0,0,0,0,138850.0,565650.0,98,1,1,3,2,3,3,4,3,1,2,1,1,0.0,0.0,0.0,0,0.0,0.0,4.0,9.0,8.0,11.0,5.0,6
99,99,40,49,565750.0,138850.0,10400049,2,0,4,0,0,0,0,138850.0,565750.0,99,1,1,3,2,3,3,4,3,0,2,1,1,0.0,0.0,0.0,0,0.0,0.0,4.0,9.0,8.0,11.0,4.0,6
100,100,40,50,565850.0,138850.0,10400050,2,0,4,0,0,0,0,138850.0,565850.0,100,1,1,3,2,3,3,4,3,0,2,1,0,0.0,0.0,0.0,0,0.0,0.0,4.0,9.0,8.0,11.0,4.0,5
101,101,40,51,565950.0,138850.0,10400051,3,0,4,0,0,0,0,138850.0,565950.0,101,1,1,3,2,2,3,4,3,0,2,1,0,0.0,0.0,0.0,0,0.0,0.0,5.0,9.0,8.0,11.0,5.0,5
102,102,40,52,566050.0,138850.0,10400052,3,0,4,0,0,0,0,138850.0,566050.0,102,1,1,3,3,2,3,4,3,0,2,1,0,0.0,0.0,0.0,0,0.25,0.0,5.25,10.0,8.0,11.0,5.0,5
103,103,40,53,566150.0,138850.0,10400053,3,0,4,0,0,0,0,138850.0,566150.0,103,1,1,3,3,2,3,4,3,1,2,1,0,0.0,0.0,0.0,0,0.0,0.0,5.0,10.0,8.0,11.0,6.0,5
104,104,40,54,566250.0,138850.0,10400054,3,0,3,0,0,0,0,138850.0,566250.0,104,1,1,3,3,2,3,4,3,1,3,1,0,0.0,0.0,0.0,0,0.0,0.0,5.0,9.0,8.0,10.0,7.0,4
105,105,40,55,566350.0,138850.0,10400055,3,0,3,0,0,0,0,138850.0,566350.0,105,1,1,3,3,2,3,4,3,1,3,1,0,0.0,0.0,0.0,0,0.0,0.0,5.0,9.0,8.0,10.0,7.0,4
106,106,40,56,566450.0,138850.0,10400056,2,0,2,0,0,0,0,138850.0,566450.0,106,1,1,3,3,2,3,4,3,1,3,1,0,0.0,0.0,0.0,0,0.0,0.0,4.0,8.0,7.0,9.0,6.0,3
107,107,40,57,566550.0,138850.0,10400057,2,0,2,0,0,0,0,138850.0,566550.0,107,1,1,3,3,2,2,4,3,1,4,1,0,0.0,0.0,0.0,0,0.0,0.0,4.0,8.0,6.0,9.0,7.0,3
108,108,40,58,566650.0,138850.0,10400058,1,0,1,0,0,0,0,138850.0,566650.0,108,0,1,3,2,2,2,4,3,1,4,1,0,0.0,0.0,0.0,0,0.0,0.0,2.0,6.0,5.0,8.0,6.0,2
109,109,40,59,566750.0,138850.0,10400059,1,0,1,0,0,0,0,138850.0,566750.0,109,0,1,3,2,2,2,4,3,1,4,1,0,0.0,0.0,0.0,0,0.0,0.0,2.0,6.0,5.0,8.0,6.0,2
110,110,40,60,566850.0,138850.0,10400060,0,0,0,0,0,0,0,138850.0,566850.0,110,0,1,3,2,2,2,4,3,0,4,1,0,0.0,0.0,0.0,0,0.0,0.0,1.0,5.0,4.0,7.0,4.0,1
111,111,40,61,566950.0,138850.0,10400061,0,0,0,0,0,0,0,138850.0,566950.0,111,0,1,3,2,2,2,4,3,0,4,1,0,0.0,0.0,0.0,0,0.0,0.0,1.0,5.0,4.0,7.0,4.0,1
112,112,40,62,567050.0,138850.0,10400062,0,0,0,0,0,0,0,138850.0,567050.0,112,0,1,3,2,2,1,4,3,0,4,1,0,0.0,0.0,0.0,0,0.0,0.0,1.0,5.0,3.0,7.0,4.0,1
113,113,40,63,567150.0,138850.0,10400063,0,0,0,0,0,0,0,138850.0,567150.0,113,0,1,3,2,3,1,4,3,0,4,1,0,0.0,0.0,0.0,0,0.0,0.0,1.0,5.0,4.0,7.0,4.0,1
114,114,40,64,567250.0,138850.0,10400064,1,0,1,0,0,0,0,138850.0,567250.0,114,1,2,3,2,3,1,4,3,1,4,1,0,0.0,0.0,0.0,0,0.0,0.0,4.0,6.0,5.0,8.0,6.0,2
115,115,40,65,567350.0,138850.0,10400065,1,0,1,0,0,0,0,138850.0,567350.0,115,1,3,2,2,2,1,4,3,1,4,1,0,0.0,0.0,0.0,0,0.0,0.0,5.0,5.0,4.0,8.0,6.0,2
116,116,40,66,567450.0,138850.0,10400066,1,0,2,0,0,0,0,138850.0,567450.0,116,2,3,2,2,2,1,4,3,1,3,1,0,0.0,0.0,0.0,0,0.0,0.0,6.0,6.0,4.0,9.0,5.0,3
117,117,40,67,567550.0,138850.0,10400067,1,0,2,0,0,0,0,138850.0,567550.0,117,3,2,3,1,2,1,4,3,1,3,1,0,0.0,0.0,0.0,0,0.0,0.0,6.0,6.0,4.0,9.0,5.0,3
118,118,40,68,567650.0,138850.0,10400068,1,0,3,0,0,0,0,138850.0,567650.0,118,3,2,4,1,2,1,4,3,1,2,1,0,0.0,0.0,0.0,0,0.0,0.0,6.0,8.0,4.0,10.0,4.0,4
119,119,40,69,567750.0,138850.0,10400069,2,0,3,0,0,0,0,138850.0,567750.0,119,3,1,4,0,2,0,4,3,2,2,1,0,0.0,0.0,0.0,0,0.0,0.0,6.0,7.0,4.0,10.0,6.0,4
120,120,40,70,567850.0,138850.0,10400070,2,0,4,0,0,0,0,138850.0,567850.0,120,3,1,4,0,2,0,4,3,2,2,1,0,0.0,0.0,0.0,0,0.0,0.0,6.0,8.0,4.0,11.0,6.0,5
121,121,40,71,567950.0,138850.0,10400071,3,0,4,0,0,0,0,138850.0,567950.0,121,4,1,4,0,2,0,4,3,2,2,1,0,0.0,0.0,0.0,0,0.0,1.0,8.0,9.0,5.0,11.0,7.0,5
122,122,40,72,568050.0,138850.0,10400072,3,0,4,0,0,0,0,138850.0,568050.0,122,4,1,4,0,1,0,4,3,2,2,1,0,0.0,0.0,0.0,0,0.0,1.0,8.0,9.0,4.0,11.0,7.0,5
123,123,40,73,568150.0,138850.0,10400073,4,0,4,0,0,0,0,138850.0,568150.0,123,4,0,4,0,1,0,4,3,2,2,1,0,0.0,0.0,0.0,0,0.0,1.0,8.0,9.0,5.0,11.0,8.0,5
124,124,40,74,568250.0,138850.0,10400074,4,0,4,0,0,0,0,138850.0,568250.0,124,4,0,4,0,1,0,4,3,2,2,1,0,0.0,0.0,0.0,0,1.0,1.0,9.0,9.0,5.0,11.0,8.0,5
125,125,40,75,568350.0,138850.0,10400075,3,0,4,0,0,0,0,138850.0,568350.0,125,4,0,4,0,1,0,4,3,2,2,1,0,0.0,0.0,0.0,0,1.0,1.0,8.0,9.0,4.0,11.0,7.0,5
126,126,40,76,568450.0,138850.0,10400076,3,0,4,0,0,0,0,138850.0,568450.0,126,4,0,4,0,1,0,4,3,2,2,1,0,0.0,0.0,0.0,0,0.0,0.0,7.0,8.0,4.0,11.0,7.0,5
127,127,40,77,568550.0,138850.0,10400077,4,0,4,0,0,0,0,138850.0,568550.0,127,4,0,2,0,1,0,4,3,2,2,1,0,0.0,0.0,0.0,0,0.0,0.0,8.0,6.0,5.0,11.0,8.0,5
128,128,40,78,568650.0,138850.0,10400078,4,0,4,0,0,0,0,138850.0,568650.0,128,4,0,1,0,1,0,4,3,2,2,1,0,0.0,0.0,0.0,0,0.0,0.0,8.0,5.0,5.0,11.0,8.0,5
129,129,40,79,568750.0,138850.0,10400079,4,0,4,0,0,0,0,138850.0,568750.0,129,4,0,1,1,1,0,4,3,2,2,1,0,0.0,0.0,0.0,0,0.0,0.0,8.0,6.0,5.0,11.0,8.0,5
130,130,40,80,568850.0,138850.0,10400080,4,0,4,0,0,0,0,138850.0,568850.0,130,4,0,1,1,1,0,4,3,2,1,1,0,0.0,0.0,0.0,0,0.0,0.0,8.0,6.0,5.0,11.0,7.0,5
131,131,40,81,568950.0,138850.0,10400081,4,0,4,0,0,0,0,138850.0,568950.0,131,4,1,1,1,2,0,4,3,2,1,1,0,0.0,0.0,0.0,0,0.0,0.0,9.0,6.0,6.0,11.0,7.0,5
132,132,40,82,569050.0,138850.0,10400082,4,0,4,0,0,0,0,138850.0,569050.0,132,4,1,1,1,2,0,4,3,2,2,1,0,0.0,0.0,0.0,0,0.0,0.0,9.0,6.0,6.0,11.0,8.0,5
133,133,40,83,569150.0,138850.0,10400083,4,0,4,0,0,0,0,138850.0,569150.0,133,4,1,1,1,2,0,4,3,2,2,1,0,0.0,0.0,0.0,0,0.0,0.0,9.0,6.0,6.0,11.0,8.0,5
134,134,40,84,569250.0,138850.0,10400084,4,0,4,0,0,0,0,138850.0,569250.0,134,4,1,1,0,2,0,4,3,2,2,1,0,0.0,0.0,0.0,0,0.0,0.0,9.0,5.0,6.0,11.0,8.0,5
135,135,40,85,569350.0,138850.0,10400085,4,0,4,0,0,0,0,138850.0,569350.0,135,3,1,1,0,2,1,4,3,3,2,1,0,0.0,0.0,0.0,0,0.0,0.0,8.0,5.0,7.0,11.0,9.0,5
136,136,40,86,569450.0,138850.0,10400086,4,0,4,0,0,0,0,138850.0,569450.0,136,3,2,2,0,2,1,4,3,3,2,1,0,0.0,0.0,0.0,0,0.0,0.0,9.0,6.0,7.0,11.0,9.0,5
137,137,40,87,569550.0,138850.0,10400087,4,0,4,0,0,0,0,138850.0,569550.0,137,3,2,2,0,2,1,4,3,3,2,1,0,0.0,0.0,0.0,0,0.25,0.25,9.25,6.25,7.0,11.0,9.0,5
138,138,40,88,569650.0,138850.0,10400088,4,0,4,0,0,0,0,138850.0,569650.0,138,3,2,2,0,3,1,4,3,3,2,1,0,0.0,0.0,0.0,0,0.25,0.25,9.25,6.25,8.0,11.0,9.0,5
139,139,40,89,569750.0,138850.0,10400089,4,0,4,0,0,0,0,138850.0,569750.0,139,3,2,2,0,3,1,4,3,3,2,1,0,0.0,0.0,0.0,0,0.25,0.0,9.25,6.0,8.0,11.0,9.0,5
140,140,40,90,569850.0,138850.0,10400090,4,0,4,0,0,0,0,138850.0,569850.0,140,3,2,2,0,3,1,4,3,3,2,1,1,0.0,0.0,0.0,0,0.25,0.0,9.25,6.0,8.0,11.0,9.0,6
141,141,40,91,569950.0,138850.0,10400091,3,0,4,0,0,0,0,138850.0,569950.0,141,2,2,2,0,3,1,4,3,3,2,1,1,0.0,0.0,0.0,0,0.0,0.0,7.0,6.0,7.0,11.0,8.0,6
142,142,40,92,570050.0,138850.0,10400092,3,0,4,0,0,0,0,138850.0,570050.0,142,2,2,2,1,3,2,4,3,3,2,1,1,0.0,0.0,0.0,0,0.0,0.0,7.0,7.0,8.0,11.0,8.0,6
143,143,40,93,570150.0,138850.0,10400093,2,0,4,0,0,0,0,138850.0,570150.0,143,2,2,2,1,3,2,4,3,3,2,1,2,0.0,0.0,0.0,0,0.0,0.0,6.0,7.0,7.0,11.0,7.0,7
144,144,40,94,570250.0,138850.0,10400094,2,0,4,0,0,0,0,138850.0,570250.0,144,2,2,2,1,3,2,4,3,3,2,1,2,0.0,0.0,0.0,0,0.0,0.0,6.0,7.0,7.0,11.0,7.0,7
145,145,40,95,570350.0,138850.0,10400095,2,0,4,0,0,0,0,138850.0,570350.0,145,1,2,3,1,3,2,4,3,3,3,1,2,0.0,0.0,0.0,0,0.0,0.0,5.0,8.0,7.0,11.0,8.0,7
146,146,40,96,570450.0,138850.0,10400096,1,0,4,0,0,0,0,138850.0,570450.0,146,1,2,3,1,3,3,4,3,3,3,1,2,0.0,0.0,0.0,0,0.0,0.0,4.0,8.0,7.0,11.0,7.0,7
147,147,40,97,570550.0,138850.0,10400097,1,0,4,0,0,0,0,138850.0,570550.0,147,1,3,3,1,2,3,4,3,3,3,1,2,0.0,0.0,0.0,0,0.0,0.0,5.0,8.0,6.0,11.0,7.0,7
148,148,40,98,570650.0,138850.0,10400098,1,0,4,0,0,0,0,138850.0,570650.0,148,1,3,3,1,2,3,4,3,3,3,1,2,0.0,0.0,0.0,0,0.0,0.0,5.0,8.0,6.0,11.0,7.0,7
149,149,40,99,570750.0,138850.0,10400099,1,0,4,0,0,0,0,138850.0,570750.0,149,1,3,3,1,2,3,4,3,3,3,1,2,0.0,0.0,0.0,0,0.0,0.0,5.0,8.0,6.0,11.0,7.0,7
150,150,40,100,570850.0,138850.0,10400100,1,0,4,0,0,0,0,138850.0,570850.0,150,1,3,3,1,2,3,4,3,3,3,1,2,0.0,0.0,0.0,0,0.0,0.0,5.0,8.0,6.0,11.0,7.0,7
151,151,40,101,570950.0,138850.0,10400101,2,0,4,0,0,0,0,138850.0,570950.0,151,1,2,3,1,2,3,4,3,2,3,1,2,0.0,0.0,0.0,0,0.0,0.0,5.0,8.0,7.0,11.0,7.0,7
152,152,40,102,571050.0,138850.0,10400102,2,0,4,0,0,0,0,138850.0,571050.0,152,1,2,3,1,2,3,4,3,2,3,1,2,0.0,0.0,0.0,0,0.0,0.0,5.0,8.0,7.0,11.0,7.0,7
153,153,40,103,571150.0,138850.0,10400103,2,0,4,0,0,0,0,138850.0,571150.0,153,1,2,3,1,2,3,4,3,2,3,1,2,0.0,0.0,0.0,0,0.0,0.0,5.0,8.0,7.0,11.0,7.0,7
154,154,40,104,571250.0,138850.0,10400104,3,0,4,0,0,0,0,138850.0,571250.0,154,1,2,3,1,2,3,4,3,2,3,1,2,0.0,0.0,0.0,0,0.0,0.0,6.0,8.0,8.0,11.0,8.0,7
155,155,40,105,571350.0,138850.0,10400105,3,0,4,0,0,0,0,138850.0,571350.0,155,1,2,3,1,2,3,4,3,2,3,1,2,0.0,0.0,0.0,0,0.0,0.0,6.0,8.0,8.0,11.0,8.0,7
156,156,40,106,571450.0,138850.0,10400106,4,0,4,0,0,0,0,138850.0,571450.0,156,2,2,3,1,2,3,4,3,2,3,2,2,0.0,0.0,0.0,0,0.0,0.0,8.0,8.0,9.0,11.0,9.0,8
157,157,40,107,571550.0,138850.0,10400107,4,0,4,0,0,0,0,138850.0,571550.0,157,2,2,3,1,2,3,4,3,2,3,2,2,0.0,0.0,0.0,0,0.0,0.0,8.0,8.0,9.0,11.0,9.0,8
158,158,40,108,571650.0,138850.0,10400108,4,0,4,0,0,0,0,138850.0,571650.0,158,2,2,3,1,2,3,4,3,2,3,2,2,0.0,0.0,0.0,0,0.0,0.0,8.0,8.0,9.0,11.0,9.0,8
159,159,40,109,571750.0,138850.0,10400109,4,0,4,0,0,0,0,138850.0,571750.0,159,2,2,3,1,2,3,4,3,2,3,2,2,0.0,0.0,0.0,0,0.0,0.0,8.0,8.0,9.0,11.0,9.0,8
160,160,40,110,571850.0,138850.0,10400110,4,0,4,0,0,0,0,138850.0,571850.0,160,2,2,3,1,2,3,4,3,2,3,2,2,0.0,0.0,0.0,0,0.0,0.0,8.0,8.0,9.0,11.0,9.0,8
161,161,40,111,571950.0,138850.0,10400111,4,0,4,0,0,0,0,138850.0,571950.0,161,2,2,3,1,2,3,4,3,2,3,2,2,0.0,0.0,0.0,0,0.0,0.0,8.0,8.0,9.0,11.0,9.0,8
162,162,40,112,572050.0,138850.0,10400112,4,0,4,0,0,0,0,138850.0,572050.0,162,2,2,3,1,2,3,4,3,2,3,2,2,0.0,0.0,0.0,0,0.0,0.0,8.0,8.0,9.0,11.0,9.0,8
163,163,40,113,572150.0,138850.0,10400113,4,0,4,0,0,0,0,138850.0,572150.0,163,3,2,3,1,2,3,4,3,3,3,2,2,0.0,0.0,0.0,0,0.0,0.0,9.0,8.0,9.0,11.0,10.0,8
164,164,41,32,564050.0,138750.0,10410032,4,0,4,0,0,0,0,138750.0,564050.0,164,3,2,2,1,3,2,4,3,3,2,2,2,0.0,0.0,0.0,0,0.0,0.0,9.0,7.0,9.0,11.0,9.0,8
165,165,41,33,564150.0,138750.0,10410033,4,0,4,0,0,0,0,138750.0,564150.0,165,3,2,2,1,3,2,4,3,3,2,2,2,0.0,0.0,0.0,0,0.0,0.0,9.0,7.0,9.0,11.0,9.0,8
166,166,41,34,564250.0,138750.0,10410034,4,0,4,0,0,0,0,138750.0,564250.0,166,3,2,2,1,3,2,4,3,3,2,2,1,0.0,0.0,0.0,0,0.0,0.0,9.0,7.0,9.0,11.0,9.0,7
167,167,41,35,564350.0,138750.0,10410035,4,0,4,0,0,0,0,138750.0,564350.0,167,3,2,2,1,3,2,4,3,3,2,2,1,0.0,0.0,0.0,0,0.0,0.0,9.0,7.0,9.0,11.0,9.0,7
168,168,41,36,564450.0,138750.0,10410036,4,0,4,0,0,0,0,138750.0,564450.0,168,3,2,3,2,3,2,4,3,3,2,2,1,0.0,0.0,0.0,0,0.0,0.0,9.0,9.0,9.0,11.0,9.0,7
169,169,41,37,564550.0,138750.0,10410037,4,0,4,0,0,0,0,138750.0,564550.0,169,3,2,3,2,3,2,4,3,3,2,2,1,0.0,0.0,0.0,0,0.0,0.0,9.0,9.0,9.0,11.0,9.0,7
170,170,41,38,564650.0,138750.0,10410038,4,0,4,0,0,0,0,138750.0,564650.0,170,3,2,3,2,3,2,4,3,2,2,1,1,0.0,0.0,0.0,0,0.0,0.0,9.0,9.0,9.0,11.0,8.0,6
171,171,41,39,564750.0,138750.0,10410039,4,0,4,0,0,0,0,138750.0,564750.0,171,3,2,3,2,3,2,4,3,2,2,1,1,0.0,0.0,0.0,0,0.0,0.0,9.0,9.0,9.0,11.0,8.0,6
172,172,41,40,564850.0,138750.0,10410040,4,0,4,0,0,0,0,138750.0,564850.0,172,3,2,3,2,3,3,4,3,2,2,1,1,0.0,0.0,0.0,0,0.0,0.0,9.0,9.0,10.0,11.0,8.0,6
173,173,41,41,564950.0,138750.0,10410041,4,0,4,0,0,0,0,138750.0,564950.0,173,2,2,3,2,3,3,4,3,2,2,1,1,0.0,0.0,0.0,0,0.0,0.0,8.0,9.0,10.0,11.0,8.0,6
174,174,41,42,565050.0,138750.0,10410042,4,0,4,0,0,0,0,138750.0,565050.0,174,2,2,3,2,3,3,4,3,2,2,1,1,0.0,0.0,0.0,0,0.0,0.0,8.0,9.0,10.0,11.0,8.0,6
175,175,41,43,565150.0,138750.0,10410043,3,0,4,0,0,0,0,138750.0,565150.0,175,2,2,3,2,3,3,4,3,1,2,1,1,0.0,0.0,0.0,0,0.0,0.0,7.0,9.0,9.0,11.0,6.0,6
176,176,41,44,565250.0,138750.0,10410044,3,0,4,0,0,0,0,138750.0,565250.0,176,2,2,4,2,3,3,4,3,1,2,1,1,0.0,0.0,0.0,0,0.0,0.0,7.0,10.0,9.0,11.0,6.0,6
177,177,41,45,565350.0,138750.0,10410045,3,0,4,0,0,0,0,138750.0,565350.0,177,2,2,4,2,3,2,4,3,1,2,1,1,0.0,0.0,0.0,0,0.0,0.0,7.0,10.0,8.0,11.0,6.0,6
178,178,41,46,565450.0,138750.0,10410046,2,0,4,0,0,0,0,138750.0,565450.0,178,1,2,4,2,3,2,4,3,0,2,1,1,0.0,0.0,0.0,0,0.0,0.0,5.0,10.0,7.0,11.0,4.0,6
179,179,41,47,565550.0,138750.0,10410047,2,0,4,0,0,0,0,138750.0,565550.0,179,1,2,3,2,3,2,4,3,0,2,1,1,0.0,0.0,0.0,0,0.0,0.0,5.0,9.0,7.0,11.0,4.0,6
180,180,41,48,565650.0,138750.0,10410048,2,0,4,0,0,0,0,138750.0,565650.0,180,1,1,3,2,3,3,4,3,0,2,1,1,0.0,0.0,0.0,0,0.0,0.0,4.0,9.0,8.0,11.0,4.0,6
181,181,41,49,565750.0,138750.0,10410049,2,0,4,0,0,0,0,138750.0,565750.0,181,1,1,3,3,3,3,4,3,0,2,1,1,0.0,0.0,0.0,0,0.0,0.0,4.0,10.0,8.0,11.0,4.0,6
182,182,41,50,565850.0,138750.0,10410050,2,0,4,0,0,0,0,138750.0,565850.0,182,1,1,3,3,2,3,4,3,0,2,1,1,0.0,0.0,0.0,0,0.25,0.0,4.25,10.0,7.0,11.0,4.0,6
183,183,41,51,565950.0,138750.0,10410051,2,0,4,0,0,0,0,138750.0,565950.0,183,1,1,2,3,2,3,4,3,0,2,1,0,0.0,0.0,0.0,0,0.75,0.0,4.75,9.0,7.0,11.0,4.0,5
184,184,41,52,566050.0,138750.0,10410052,2,0,4,0,0,0,0,138750.0,566050.0,184,1,1,2,3,2,3,4,3,0,2,1,0,0.0,0.0,0.0,0,0.75,0.0,4.75,9.0,7.0,11.0,4.0,5
185,185,41,53,566150.0,138750.0,10410053,3,0,4,0,0,0,0,138750.0,566150.0,185,1,1,2,3,2,3,4,3,1,3,1,0,0.0,0.0,0.0,0,0.75,0.0,5.75,9.0,8.0,11.0,7.0,5
186,186,41,54,566250.0,138750.0,10410054,3,0,3,0,0,0,0,138750.0,566250.0,186,1,1,2,3,2,3,4,3,1,3,1,0,0.0,0.0,0.0,0,0.75,0.0,5.75,8.0,8.0,10.0,7.0,4
187,187,41,55,566350.0,138750.0,10410055,3,0,3,0,0,0,0,138750.0,566350.0,187,1,1,2,3,2,3,4,3,1,4,1,0,0.0,0.0,0.0,0,0.25,0.0,5.25,8.0,8.0,10.0,8.0,4
188,188,41,56,566450.0,138750.0,10410056,2,0,2,0,0,0,0,138750.0,566450.0,188,0,1,2,3,2,3,4,3,2,4,1,0,0.0,0.0,0.0,0,0.0,0.0,3.0,7.0,7.0,9.0,8.0,3
189,189,41,57,566550.0,138750.0,10410057,2,0,2,0,0,0,0,138750.0,566550.0,189,0,1,2,3,2,3,4,3,2,4,1,0,0.0,0.0,0.0,0,0.0,0.0,3.0,7.0,7.0,9.0,8.0,3
190,190,41,58,566650.0,138750.0,10410058,1,0,1,0,0,0,0,138750.0,566650.0,190,0,1,2,3,2,2,4,3,2,4,1,0,0.0,0.0,0.0,0,0.0,0.0,2.0,6.0,5.0,8.0,7.0,2
191,191,41,59,566750.0,138750.0,10410059,1,0,1,0,0,0,0,138750.0,566750.0,191,0,1,2,3,2,2,4,3,2,4,1,0,0.0,0.0,0.0,0,0.0,0.0,2.0,6.0,5.0,8.0,7.0,2
192,192,41,60,566850.0,138750.0,10410060,1,0,1,0,0,0,0,138750.0,566850.0,192,0,1,3,3,2,2,4,3,2,4,1,0,0.0,0.0,0.0,0,0.0,0.0,2.0,7.0,5.0,8.0,7.0,2
193,193,41,61,566950.0,138750.0,10410061,0,0,0,0,0,0,0,138750.0,566950.0,193,0,1,3,2,2,2,4,3,1,4,1,0,0.0,0.0,0.0,0,0.0,0.0,1.0,5.0,4.0,7.0,5.0,1
194,194,41,62,567050.0,138750.0,10410062,0,0,0,0,0,0,0,138750.0,567050.0,194,0,1,3,2,2,1,4,3,1,4,1,0,0.0,0.0,0.0,0,0.0,0.0,1.0,5.0,3.0,7.0,5.0,1
195,195,41,63,567150.0,138750.0,10410063,1,0,1,0,0,0,0,138750.0,567150.0,195,0,2,2,2,2,1,4,3,1,4,1,0,0.0,0.0,0.0,0,0.0,0.0,3.0,5.0,4.0,8.0,6.0,2
196,196,41,64,567250.0,138750.0,10410064,0,0,1,0,0,0,0,138750.0,567250.0,196,1,3,1,2,2,1,4,3,1,4,1,0,0.0,0.0,0.0,0,0.0,0.0,4.0,4.0,3.0,8.0,5.0,2
197,197,41,65,567350.0,138750.0,10410065,0,0,2,0,0,0,0,138750.0,567350.0,197,2,3,1,2,2,1,4,3,1,4,1,0,0.0,0.0,0.0,0,0.0,0.0,5.0,5.0,3.0,9.0,5.0,3
198,198,41,66,567450.0,138750.0,10410066,0,0,2,0,0,0,0,138750.0,567450.0,198,2,3,2,2,2,1,4,3,1,3,1,0,0.0,0.0,0.0,0,0.0,0.0,5.0,6.0,3.0,9.0,4.0,3
199,199,41,67,567550.0,138750.0,10410067,1,0,2,0,0,0,0,138750.0,567550.0,199,3,2,3,1,2,1,4,3,1,3,1,0,0.0,0.0,0.0,0,0.0,0.0,6.0,6.0,4.0,9.0,5.0,3
200,200,41,68,567650.0,138750.0,10410068,1,0,3,0,0,0,0,138750.0,567650.0,200,3,1,4,0,2,0,4,3,1,2,1,0,0.0,0.0,0.0,0,0.0,0.0,5.0,7.0,3.0,10.0,4.0,4
201,201,41,69,567750.0,138750.0,10410069,2,0,3,0,0,0,0,138750.0,567750.0,201,3,1,4,0,2,0,4,3,2,2,1,0,0.0,0.0,0.0,0,0.0,1.0,6.0,8.0,4.0,10.0,6.0,4
202,202,41,70,567850.0,138750.0,10410070,2,0,4,0,0,0,0,138750.0,567850.0,202,4,1,4,0,2,0,4,3,2,2,1,0,0.0,0.0,0.0,0,0.0,1.0,7.0,9.0,4.0,11.0,6.0,5
203,203,41,71,567950.0,138750.0,10410071,2,0,4,0,0,0,0,138750.0,567950.0,203,4,1,4,0,1,0,4,3,2,2,1,0,0.0,0.0,0.0,0,1.75,1.0,8.75,9.0,3.0,11.0,6.0,5
204,204,41,72,568050.0,138750.0,10410072,3,0,4,0,0,0,0,138750.0,568050.0,204,4,0,4,0,1,0,4,3,2,2,1,0,0.0,0.0,0.0,0,2.25,1.0,9.25,9.0,4.0,11.0,7.0,5
205,205,41,73,568150.0,138750.0,10410073,3,0,4,0,0,0,0,138750.0,568150.0,205,4,0,4,0,1,0,4,3,2,2,1,0,0.0,0.0,0.0,0,2.25,1.0,9.25,9.0,4.0,11.0,7.0,5
206,206,41,74,568250.0,138750.0,10410074,3,0,4,0,0,0,0,138750.0,568250.0,206,4,0,4,0,1,0,4,3,2,2,1,0,0.0,0.0,0.0,0,2.25,1.0,9.25,9.0,4.0,11.0,7.0,5
207,207,41,75,568350.0,138750.0,10410075,3,0,4,0,0,0,0,138750.0,568350.0,207,4,0,4,0,1,0,4,3,2,2,1,0,0.0,0.0,0.0,0,1.75,1.75,8.75,9.75,4.0,11.0,7.0,5
208,208,41,76,568450.0,138750.0,10410076,3,0,4,0,0,0,0,138750.0,568450.0,208,4,0,4,0,1,0,4,3,2,2,1,0,0.0,0.0,0.0,0,2.25,0.0,9.25,8.0,4.0,11.0,7.0,5
209,209,41,77,568550.0,138750.0,10410077,3,0,4,0,0,0,0,138750.0,568550.0,209,4,0,4,0,1,0,4,3,2,2,1,0,0.0,0.0,0.0,0,0.0,0.0,7.0,8.0,4.0,11.0,7.0,5
210,210,41,78,568650.0,138750.0,10410078,3,0,4,0,0,0,0,138750.0,568650.0,210,4,0,1,0,1,0,4,3,2,2,1,0,0.0,0.0,0.0,0,0.0,0.0,7.0,5.0,4.0,11.0,7.0,5
211,211,41,79,568750.0,138750.0,10410079,3,0,4,0,0,0,0,138750.0,568750.0,211,4,0,1,1,1,0,4,3,2,2,1,0,0.0,0.0,0.0,0,0.0,0.0,7.0,6.0,4.0,11.0,7.0,5
212,212,41,80,568850.0,138750.0,10410080,4,0,4,0,0,0,0,138750.0,568850.0,212,4,0,1,1,1,0,4,3,2,2,1,0,0.0,0.0,0.0,0,0.0,0.0,8.0,6.0,5.0,11.0,8.0,5
213,213,41,81,568950.0,138750.0,10410081,4,0,4,0,0,0,0,138750.0,568950.0,213,4,0,1,2,1,0,4,3,2,1,1,0,0.0,0.0,0.0,0,0.0,0.0,8.0,7.0,5.0,11.0,7.0,5
214,214,41,82,569050.0,138750.0,10410082,4,0,4,0,0,0,0,138750.0,569050.0,214,4,1,1,2,2,0,4,3,2,2,1,0,0.0,0.0,0.0,0,0.0,0.0,9.0,7.0,6.0,11.0,8.0,5
215,215,41,83,569150.0,138750.0,10410083,4,0,4,0,0,0,0,138750.0,569150.0,215,4,1,1,2,2,0,4,3,2,2,1,0,0.0,0.0,0.0,0,0.0,0.0,9.0,7.0,6.0,11.0,8.0,5
216,216,41,84,569250.0,138750.0,10410084,4,0,4,0,0,0,0,138750.0,569250.0,216,4,1,1,1,2,0,4,3,2,2,1,0,0.0,0.0,0.0,0,0.0,0.0,9.0,6.0,6.0,11.0,8.0,5
217,217,41,85,569350.0,138750.0,10410085,4,0,4,0,0,0,0,138750.0,569350.0,217,3,1,1,0,2,0,4,3,3,2,1,0,0.0,0.0,0.0,0,0.0,0.25,8.0,5.25,6.0,11.0,9.0,5
218,218,41,86,569450.0,138750.0,10410086,4,0,4,0,0,0,0,138750.0,569450.0,218,3,1,1,0,2,1,4,3,3,2,1,0,0.0,0.0,0.0,0,0.25,0.25,8.25,5.25,7.0,11.0,9.0,5
219,219,41,87,569550.0,138750.0,10410087,4,0,4,0,0,0,0,138750.0,569550.0,219,3,2,1,0,2,1,4,3,3,2,1,0,0.0,0.0,0.0,0,0.75,0.25,9.75,5.25,7.0,11.0,9.0,5
220,220,41,88,569650.0,138750.0,10410088,4,0,4,0,0,0,0,138750.0,569650.0,220,3,2,2,0,3,1,4,3,3,2,1,0,0.0,0.0,0.0,0,1.5,0.25,10.5,6.25,8.0,11.0,9.0,5
221,221,41,89,569750.0,138750.0,10410089,4,0,4,0,0,0,0,138750.0,569750.0,221,3,2,2,0,3,1,4,3,3,2,1,0,0.0,0.0,0.0,0,1.5,0.25,10.5,6.25,8.0,11.0,9.0,5
222,222,41,90,569850.0,138750.0,10410090,4,0,4,0,0,0,0,138750.0,569850.0,222,3,2,2,0,3,1,4,3,3,2,1,1,0.0,0.0,0.0,0,0.75,0.0,9.75,6.0,8.0,11.0,9.0,6
223,223,41,91,569950.0,138750.0,10410091,4,0,4,0,0,0,0,138750.0,569950.0,223,2,2,2,0,3,1,4,3,3,2,1,1,0.0,0.0,0.0,0,0.25,0.0,8.25,6.0,8.0,11.0,9.0,6
224,224,41,92,570050.0,138750.0,10410092,3,0,4,0,0,0,0,138750.0,570050.0,224,2,2,2,1,3,2,4,3,3,2,1,1,0.0,0.0,0.0,0,0.0,0.0,7.0,7.0,8.0,11.0,8.0,6
225,225,41,93,570150.0,138750.0,10410093,3,0,4,0,0,0,0,138750.0,570150.0,225,2,2,2,1,3,2,4,3,3,2,1,2,0.0,0.0,0.0,0,0.0,0.0,7.0,7.0,8.0,11.0,8.0,7
226,226,41,94,570250.0,138750.0,10410094,2,0,4,0,0,0,0,138750.0,570250.0,226,2,2,2,1,3,2,4,3,3,3,1,2,0.0,0.0,0.0,0,0.0,0.0,6.0,7.0,7.0,11.0,8.0,7
227,227,41,95,570350.0,138750.0,10410095,2,0,4,0,0,0,0,138750.0,570350.0,227,2,2,2,1,3,2,4,3,3,3,1,2,0.0,0.0,0.0,0,0.0,0.0,6.0,7.0,7.0,11.0,8.0,7
228,228,41,96,570450.0,138750.0,10410096,2,0,4,0,0,0,0,138750.0,570450.0,228,1,2,3,1,2,3,4,3,3,3,1,2,0.0,0.0,0.0,0,0.0,0.0,5.0,8.0,7.0,11.0,8.0,7
229,229,41,97,570550.0,138750.0,10410097,2,0,4,0,0,0,0,138750.0,570550.0,229,1,2,3,1,2,3,4,3,3,3,1,2,0.0,0.0,0.0,0,0.0,0.0,5.0,8.0,7.0,11.0,8.0,7
230,230,41,98,570650.0,138750.0,10410098,1,0,4,0,0,0,0,138750.0,570650.0,230,1,2,3,1,2,3,4,3,3,3,1,2,0.0,0.0,0.0,0,0.0,0.0,4.0,8.0,6.0,11.0,7.0,7
231,231,41,99,570750.0,138750.0,10410099,2,0,4,0,0,0,0,138750.0,570750.0,231,1,2,3,1,2,3,4,3,2,3,1,2,0.0,0.0,0.0,0,0.0,0.0,5.0,8.0,7.0,11.0,7.0,7
232,232,41,100,570850.0,138750.0,10410100,2,0,4,0,0,0,0,138750.0,570850.0,232,1,2,3,1,2,3,4,3,2,3,1,2,0.0,0.0,0.0,0,0.0,0.0,5.0,8.0,7.0,11.0,7.0,7
233,233,41,101,570950.0,138750.0,10410101,2,0,4,0,0,0,0,138750.0,570950.0,233,1,2,3,1,2,3,4,3,2,3,1,2,0.0,0.0,0.0,0,0.0,0.0,5.0,8.0,7.0,11.0,7.0,7
234,234,41,102,571050.0,138750.0,10410102,2,0,4,0,0,0,0,138750.0,571050.0,234,1,2,3,1,2,3,4,3,2,3,1,2,0.0,0.0,0.0,0,0.0,0.0,5.0,8.0,7.0,11.0,7.0,7
235,235,41,103,571150.0,138750.0,10410103,3,0,4,0,0,0,0,138750.0,571150.0,235,1,2,3,1,2,3,4,3,2,3,1,2,0.0,0.0,0.0,0,0.0,0.0,6.0,8.0,8.0,11.0,8.0,7
236,236,41,104,571250.0,138750.0,10410104,3,0,4,0,0,0,0,138750.0,571250.0,236,1,2,3,1,2,3,4,3,2,3,1,2,0.0,0.0,0.0,0,0.0,0.0,6.0,8.0,8.0,11.0,8.0,7
237,237,41,105,571350.0,138750.0,10410105,3,0,4,0,0,0,0,138750.0,571350.0,237,1,2,3,1,1,3,4,3,2,3,1,2,0.0,0.0,0.0,0,0.0,0.0,6.0,8.0,7.0,11.0,8.0,7
238,238,41,106,571450.0,138750.0,10410106,3,0,4,0,0,0,0,138750.0,571450.0,238,1,2,3,1,1,3,4,3,2,3,2,2,0.0,0.0,0.0,0,0.0,0.0,6.0,8.0,7.0,11.0,8.0,8
239,239,41,107,571550.0,138750.0,10410107,3,0,4,0,0,0,0,138750.0,571550.0,239,2,2,3,1,1,3,4,3,2,3,2,3,0.0,0.0,0.0,0,0.0,0.0,7.0,8.0,7.0,11.0,8.0,9
240,240,41,108,571650.0,138750.0,10410108,4,0,4,0,0,0,0,138750.0,571650.0,240,2,2,3,1,2,3,4,3,2,3,2,3,0.0,0.0,0.0,0,0.0,0.0,8.0,8.0,9.0,11.0,9.0,9
241,241,41,109,571750.0,138750.0,10410109,4,0,4,0,0,0,0,138750.0,571750.0,241,2,2,3,1,2,3,4,3,2,3,2,3,0.0,0.0,0.0,0,0.0,0.0,8.0,8.0,9.0,11.0,9.0,9
242,242,41,110,571850.0,138750.0,10410110,4,0,4,0,0,0,0,138750.0,571850.0,242,2,2,3,1,2,3,4,3,2,3,2,2,0.0,0.0,0.0,0,0.0,0.0,8.0,8.0,9.0,11.0,9.0,8
243,243,41,111,571950.0,138750.0,10410111,4,0,4,0,0,0,0,138750.0,571950.0,243,2,2,3,1,2,3,4,3,2,3,2,2,0.0,0.0,0.0,0,0.0,0.0,8.0,8.0,9.0,11.0,9.0,8
244,244,41,112,572050.0,138750.0,10410112,4,0,4,0,0,0,0,138750.0,572050.0,244,2,2,3,1,2,3,4,3,2,3,2,2,0.0,0.0,0.0,0,0.0,0.0,8.0,8.0,9.0,11.0,9.0,8
245,245,41,113,572150.0,138750.0,10410113,4,0,4,0,0,0,0,138750.0,572150.0,245,2,2,3,1,2,3,4,3,2,3,2,2,0.0,0.0,0.0,0,0.0,0.0,8.0,8.0,9.0,11.0,9.0,8
246,246,42,32,564050.0,138650.0,10420032,4,0,4,0,0,0,0,138650.0,564050.0,246,3,2,2,1,3,2,4,3,3,2,2,2,0.0,0.0,0.0,0,0.0,0.0,9.0,7.0,9.0,11.0,9.0,8
247,247,42,33,564150.0,138650.0,10420033,4,0,4,0,0,0,0,138650.0,564150.0,247,3,2,2,1,3,2,4,3,3,2,2,2,0.0,0.0,0.0,0,0.0,0.0,9.0,7.0,9.0,11.0,9.0,8
248,248,42,34,564250.0,138650.0,10420034,4,0,4,0,0,0,0,138650.0,564250.0,248,3,2,2,1,3,2,4,3,3,2,2,2,0.0,0.0,0.0,0,0.0,0.0,9.0,7.0,9.0,11.0,9.0,8
249,249,42,35,564350.0,138650.0,10420035,4,0,4,0,0,0,0,138650.0,564350.0,249,3,2,2,2,3,2,4,3,3,2,2,2,0.0,0.0,0.0,0,0.0,0.0,9.0,8.0,9.0,11.0,9.0,8
250,250,42,36,564450.0,138650.0,10420036,4,0,4,0,0,0,0,138650.0,564450.0,250,3,2,3,2,3,2,4,3,3,2,2,2,0.0,0.0,0.0,0,0.0,0.0,9.0,9.0,9.0,11.0,9.0,8
251,251,42,37,564550.0,138650.0,10420037,4,0,4,0,0,0,0,138650.0,564550.0,251,3,2,3,2,3,2,4,3,3,2,2,2,0.0,0.0,0.0,0,0.0,0.0,9.0,9.0,9.0,11.0,9.0,8
252,252,42,38,564650.0,138650.0,10420038,4,0,4,0,0,0,0,138650.0,564650.0,252,3,2,3,2,3,2,4,3,2,2,1,2,0.0,0.0,0.0,0,0.0,0.0,9.0,9.0,9.0,11.0,8.0,7
253,253,42,39,564750.0,138650.0,10420039,4,0,4,0,0,0,0,138650.0,564750.0,253,3,2,3,2,3,2,4,3,2,2,1,1,0.0,0.0,0.0,0,0.0,0.0,9.0,9.0,9.0,11.0,8.0,6
254,254,42,40,564850.0,138650.0,10420040,4,0,4,0,0,0,0,138650.0,564850.0,254,3,2,3,2,3,3,4,3,2,2,1,1,0.0,0.0,0.0,0,0.0,0.0,9.0,9.0,10.0,11.0,8.0,6
255,255,42,41,564950.0,138650.0,10420041,4,0,4,0,0,0,0,138650.0,564950.0,255,2,2,3,2,3,3,4,3,2,2,1,1,0.0,0.0,0.0,0,0.0,0.0,8.0,9.0,10.0,11.0,8.0,6
256,256,42,42,565050.0,138650.0,10420042,4,0,4,0,0,0,0,138650.0,565050.0,256,2,2,3,2,3,3,4,3,1,2,1,1,0.0,0.0,0.0,0,0.0,0.0,8.0,9.0,10.0,11.0,7.0,6
257,257,42,43,565150.0,138650.0,10420043,3,0,4,0,0,0,0,138650.0,565150.0,257,2,2,3,2,3,2,4,3,1,2,1,1,0.0,0.0,0.0,0,0.0,0.0,7.0,9.0,8.0,11.0,6.0,6
258,258,42,44,565250.0,138650.0,10420044,3,0,4,0,0,0,0,138650.0,565250.0,258,2,2,3,2,3,2,4,3,1,2,1,1,0.0,0.0,0.0,0,0.0,0.0,7.0,9.0,8.0,11.0,6.0,6
259,259,42,45,565350.0,138650.0,10420045,2,0,4,0,0,0,0,138650.0,565350.0,259,1,2,3,2,3,2,4,3,0,2,1,1,0.0,0.0,0.0,0,0.0,0.0,5.0,9.0,7.0,11.0,4.0,6
260,260,42,46,565450.0,138650.0,10420046,2,0,4,0,0,0,0,138650.0,565450.0,260,1,2,3,2,3,2,4,3,0,2,0,1,0.0,0.0,0.0,0,0.0,0.0,5.0,9.0,7.0,11.0,4.0,5
261,261,42,47,565550.0,138650.0,10420047,2,0,4,0,0,0,0,138650.0,565550.0,261,1,2,3,2,3,3,4,3,0,2,0,1,0.0,0.0,0.0,0,0.0,0.0,5.0,9.0,8.0,11.0,4.0,5
262,262,42,48,565650.0,138650.0,10420048,1,0,4,0,0,0,0,138650.0,565650.0,262,1,2,3,3,3,3,4,3,0,3,0,1,0.0,0.0,0.0,0,0.0,0.0,4.0,10.0,7.0,11.0,4.0,5
263,263,42,49,565750.0,138650.0,10420049,1,0,4,0,0,0,0,138650.0,565750.0,263,1,2,2,3,2,3,4,3,0,3,1,1,0.0,0.0,0.0,0,0.25,0.0,4.25,9.0,6.0,11.0,4.0,6
264,264,42,50,565850.0,138650.0,10420050,1,0,4,0,0,0,0,138650.0,565850.0,264,1,1,2,3,2,3,4,3,0,3,1,1,0.0,0.0,0.0,0,0.75,0.0,3.75,9.0,6.0,11.0,4.0,6
265,265,42,51,565950.0,138650.0,10420051,2,0,4,0,0,0,0,138650.0,565950.0,265,1,1,1,3,2,3,4,3,0,3,1,1,0.0,0.0,0.0,0,0.75,0.0,4.75,8.0,7.0,11.0,5.0,6
266,266,42,52,566050.0,138650.0,10420052,2,0,4,0,0,0,0,138650.0,566050.0,266,1,1,1,3,2,4,4,3,1,3,1,0,0.0,0.0,0.0,0,1.5,0.0,5.5,8.0,8.0,11.0,6.0,5
267,267,42,53,566150.0,138650.0,10420053,2,0,4,0,0,0,0,138650.0,566150.0,267,1,1,1,3,2,4,4,3,1,4,1,0,0.0,0.0,0.0,0,1.5,0.0,5.5,8.0,8.0,11.0,7.0,5
268,268,42,54,566250.0,138650.0,10420054,2,0,3,0,0,0,0,138650.0,566250.0,268,1,1,1,3,2,4,4,3,2,4,1,0,0.0,0.0,0.0,0,0.75,0.0,4.75,7.0,8.0,10.0,8.0,4
269,269,42,55,566350.0,138650.0,10420055,2,0,3,0,0,0,0,138650.0,566350.0,269,1,1,1,3,2,3,4,3,2,4,1,0,0.0,0.0,0.0,0,0.75,0.0,4.75,7.0,7.0,10.0,8.0,4
270,270,42,56,566450.0,138650.0,10420056,2,0,2,0,0,0,0,138650.0,566450.0,270,0,1,1,3,2,3,4,3,3,4,1,0,0.0,0.0,0.0,0,0.75,0.0,3.75,6.0,7.0,9.0,9.0,3
271,271,42,57,566550.0,138650.0,10420057,2,0,2,0,0,0,0,138650.0,566550.0,271,0,1,1,3,2,3,4,3,3,4,1,0,0.0,0.0,0.0,0,0.25,0.0,3.25,6.0,7.0,9.0,9.0,3
272,272,42,58,566650.0,138650.0,10420058,2,0,2,0,0,0,0,138650.0,566650.0,272,0,1,1,3,2,2,4,3,3,4,1,0,0.0,0.0,0.0,0,0.0,0.0,3.0,6.0,6.0,9.0,9.0,3
273,273,42,59,566750.0,138650.0,10420059,1,0,1,0,0,0,0,138650.0,566750.0,273,0,1,1,3,2,2,4,3,3,4,1,0,0.0,0.0,0.0,0,0.0,0.0,2.0,5.0,5.0,8.0,8.0,2
274,274,42,60,566850.0,138650.0,10420060,1,0,1,0,0,0,0,138650.0,566850.0,274,0,1,2,3,2,2,4,3,3,4,1,0,0.0,0.0,0.0,0,0.0,0.0,2.0,6.0,5.0,8.0,8.0,2
275,275,42,61,566950.0,138650.0,10420061,1,0,1,0,0,0,0,138650.0,566950.0,275,0,1,1,3,2,2,4,3,3,4,1,0,0.0,0.0,0.0,0,0.0,0.0,2.0,5.0,5.0,8.0,8.0,2
276,276,42,62,567050.0,138650.0,10420062,1,0,1,0,0,0,0,138650.0,567050.0,276,0,1,1,3,2,1,4,3,3,4,1,0,0.0,0.0,0.0,0,0.0,0.0,2.0,5.0,4.0,8.0,8.0,2
277,277,42,63,567150.0,138650.0,10420063,1,0,1,0,0,0,0,138650.0,567150.0,277,0,2,1,3,2,1,4,3,3,4,1,0,0.0,0.0,0.0,0,0.0,0.0,3.0,5.0,4.0,8.0,8.0,2
278,278,42,64,567250.0,138650.0,10420064,0,0,1,0,0,0,0,138650.0,567250.0,278,1,3,1,3,2,1,4,3,3,4,1,0,0.0,0.0,0.0,0,0.0,0.0,4.0,5.0,3.0,8.0,7.0,2
279,279,42,65,567350.0,138650.0,10420065,0,0,2,0,0,0,0,138650.0,567350.0,279,2,3,1,3,2,1,4,3,2,4,1,0,0.0,0.0,0.0,0,0.0,0.0,5.0,6.0,3.0,9.0,6.0,3
280,280,42,66,567450.0,138650.0,10420066,0,0,2,0,0,0,0,138650.0,567450.0,280,3,3,1,2,2,1,4,3,2,4,1,0,0.0,0.0,0.0,0,0.0,0.0,6.0,5.0,3.0,9.0,6.0,3
281,281,42,67,567550.0,138650.0,10420067,0,0,3,0,0,0,0,138650.0,567550.0,281,3,2,3,1,2,1,4,3,2,3,1,0,0.0,0.0,0.0,0,0.0,0.0,5.0,7.0,3.0,10.0,5.0,4
282,282,42,68,567650.0,138650.0,10420068,1,0,3,0,0,0,0,138650.0,567650.0,282,3,1,4,0,2,0,4,3,2,3,1,0,0.0,0.0,0.0,0,0.0,0.0,5.0,7.0,3.0,10.0,6.0,4
283,283,42,69,567750.0,138650.0,10420069,1,0,4,0,0,0,0,138650.0,567750.0,283,4,1,4,0,2,0,4,3,2,2,1,0,0.0,0.0,0.0,0,0.0,1.0,6.0,9.0,3.0,11.0,5.0,5
284,284,42,70,567850.0,138650.0,10420070,2,0,4,0,0,0,0,138650.0,567850.0,284,4,0,4,0,1,0,4,3,2,2,1,0,0.0,0.0,0.0,0,1.75,1.0,7.75,9.0,3.0,11.0,6.0,5
285,285,42,71,567950.0,138650.0,10420071,2,0,4,0,0,0,0,138650.0,567950.0,285,4,0,4,0,1,0,4,3,2,2,1,0,0.0,0.0,0.0,0,2.25,1.0,8.25,9.0,3.0,11.0,6.0,5
286,286,42,72,568050.0,138650.0,10420072,3,0,4,0,0,0,0,138650.0,568050.0,286,4,0,4,0,1,0,4,3,2,2,1,0,0.0,0.0,0.0,0,2.25,1.75,9.25,9.75,4.0,11.0,7.0,5
287,287,42,73,568150.0,138650.0,10420073,3,0,4,0,0,0,0,138650.0,568150.0,287,4,0,4,0,1,0,4,3,1,2,1,0,0.0,0.0,0.0,0,2.5,1.75,9.5,9.75,4.0,11.0,6.0,5
288,288,42,74,568250.0,138650.0,10420074,3,0,4,0,0,0,0,138650.0,568250.0,288,4,0,4,0,1,0,4,3,1,2,1,0,0.0,0.0,0.0,0,2.5,1.75,9.5,9.75,4.0,11.0,6.0,5
289,289,42,75,568350.0,138650.0,10420075,2,0,4,0,0,0,0,138650.0,568350.0,289,4,0,4,0,1,0,4,3,1,2,1,0,0.0,0.0,0.0,0,2.25,1.75,8.25,9.75,3.0,11.0,5.0,5
290,290,42,76,568450.0,138650.0,10420076,2,0,4,0,0,0,0,138650.0,568450.0,290,4,0,4,0,1,0,4,3,1,2,1,0,0.0,0.0,0.0,0,2.25,1.75,8.25,9.75,3.0,11.0,5.0,5
291,291,42,77,568550.0,138650.0,10420077,3,0,4,0,0,0,0,138650.0,568550.0,291,4,0,4,0,1,0,4,3,2,2,1,0,0.0,0.0,0.0,0,2.5,1.75,9.5,9.75,4.0,11.0,7.0,5
292,292,42,78,568650.0,138650.0,10420078,3,0,4,0,0,0,0,138650.0,568650.0,292,4,0,3,0,1,0,0,3,2,2,1,0,0.0,0.0,0.0,0,2.5,0.0,9.5,7.0,4.0,7.0,7.0,5
293,293,42,79,568750.0,138650.0,10420079,3,0,4,0,0,0,0,138650.0,568750.0,293,4,0,1,0,1,0,0,3,2,2,1,0,0.0,0.0,0.0,0,0.0,0.0,7.0,5.0,4.0,7.0,7.0,5
294,294,42,80,568850.0,138650.0,10420080,3,0,4,0,0,0,0,138650.0,568850.0,294,4,0,1,1,1,0,4,3,2,2,1,0,0.0,0.0,0.0,0,0.0,0.0,7.0,6.0,4.0,11.0,7.0,5
295,295,42,81,568950.0,138650.0,10420081,4,0,4,0,0,0,0,138650.0,568950.0,295,4,0,0,2,1,0,4,3,2,2,1,0,0.0,0.0,0.0,0,0.0,0.0,8.0,6.0,5.0,11.0,8.0,5
296,296,42,82,569050.0,138650.0,10420082,4,0,4,0,0,0,0,138650.0,569050.0,296,4,0,0,2,1,0,4,3,2,2,1,0,0.0,0.0,0.0,0,0.0,0.0,8.0,6.0,5.0,11.0,8.0,5
297,297,42,83,569150.0,138650.0,10420083,4,0,4,0,0,0,0,138650.0,569150.0,297,4,1,0,2,2,0,4,3,2,2,1,0,0.0,0.0,0.0,0,0.0,0.0,9.0,6.0,6.0,11.0,8.0,5
298,298,42,84,569250.0,138650.0,10420084,4,0,4,0,0,0,0,138650.0,569250.0,298,4,1,0,2,2,0,4,3,2,2,1,0,0.0,0.0,0.0,0,0.75,0.75,9.75,6.75,6.0,11.0,8.0,5
299,299,42,85,569350.0,138650.0,10420085,4,0,4,0,0,0,0,138650.0,569350.0,299,4,1,1,1,2,0,4,3,2,2,1,0,0.0,0.0,0.0,0,0.75,0.75,9.75,6.75,6.0,11.0,8.0,5
300,300,42,86,569450.0,138650.0,10420086,4,0,4,0,0,0,0,138650.0,569450.0,300,3,1,1,1,2,1,4,3,3,2,1,0,0.0,0.0,0.0,0,1.5,0.75,9.5,6.75,7.0,11.0,9.0,5
301,301,42,87,569550.0,138650.0,10420087,4,0,4,0,0,0,0,138650.0,569550.0,301,3,1,1,0,2,1,4,3,3,2,1,0,0.0,0.0,0.0,0,2.5,0.75,10.5,5.75,7.0,11.0,9.0,5
302,302,42,88,569650.0,138650.0,10420088,4,0,4,0,0,0,0,138650.0,569650.0,302,3,2,1,0,2,1,4,3,3,2,1,0,0.0,0.0,0.0,0,2.5,0.25,11.5,5.25,7.0,11.0,9.0,5
303,303,42,89,569750.0,138650.0,10420089,4,0,4,0,0,0,0,138650.0,569750.0,303,3,2,1,0,3,1,4,3,3,2,1,0,0.0,0.0,0.0,0,2.5,0.25,11.5,5.25,8.0,11.0,9.0,5
304,304,42,90,569850.0,138650.0,10420090,4,0,4,0,0,0,0,138650.0,569850.0,304,3,2,1,0,3,1,4,3,3,2,1,1,0.0,0.0,0.0,0,1.5,0.25,10.5,5.25,8.0,11.0,9.0,6
305,305,42,91,569950.0,138650.0,10420091,4,0,4,0,0,0,0,138650.0,569950.0,305,3,2,1,0,3,1,4,3,3,2,1,1,0.0,0.0,0.0,0,0.75,0.0,9.75,5.0,8.0,11.0,9.0,6
306,306,42,92,570050.0,138650.0,10420092,3,0,4,0,0,0,0,138650.0,570050.0,306,2,2,1,1,3,1,4,3,3,2,1,1,0.0,0.0,0.0,0,0.0,0.0,7.0,6.0,7.0,11.0,8.0,6
307,307,42,93,570150.0,138650.0,10420093,3,0,4,0,0,0,0,138650.0,570150.0,307,2,2,1,1,3,2,4,3,3,3,1,2,0.0,0.0,0.0,0,0.0,0.0,7.0,6.0,8.0,11.0,9.0,7
308,308,42,94,570250.0,138650.0,10420094,3,0,4,0,0,0,0,138650.0,570250.0,308,2,1,1,1,3,2,4,3,3,3,0,2,0.0,0.0,0.0,0,0.0,0.0,6.0,6.0,8.0,11.0,9.0,6
309,309,42,95,570350.0,138650.0,10420095,2,0,4,0,0,0,0,138650.0,570350.0,309,2,1,2,1,3,2,4,3,3,3,0,2,0.0,0.0,0.0,0,0.0,0.0,5.0,7.0,7.0,11.0,8.0,6
310,310,42,96,570450.0,138650.0,10420096,2,0,4,0,0,0,0,138650.0,570450.0,310,1,2,2,1,2,2,4,3,3,3,0,3,0.0,0.0,0.0,0,0.0,0.0,5.0,7.0,6.0,11.0,8.0,7
311,311,42,97,570550.0,138650.0,10420097,2,0,4,0,0,0,0,138650.0,570550.0,311,1,2,3,1,2,3,4,3,3,3,0,3,0.0,0.0,0.0,0,0.0,0.0,5.0,8.0,7.0,11.0,8.0,7
312,312,42,98,570650.0,138650.0,10420098,2,0,4,0,0,0,0,138650.0,570650.0,312,1,2,3,1,2,3,4,3,2,3,0,3,0.0,0.0,0.0,0,0.0,0.0,5.0,8.0,7.0,11.0,7.0,7
313,313,42,99,570750.0,138650.0,10420099,2,0,4,0,0,0,0,138650.0,570750.0,313,1,2,3,1,2,3,4,3,2,3,0,3,0.0,0.0,0.0,0,0.0,0.0,5.0,8.0,7.0,11.0,7.0,7
314,314,42,100,570850.0,138650.0,10420100,2,0,4,0,0,0,0,138650.0,570850.0,314,1,2,3,1,2,3,4,3,2,3,1,2,0.0,0.0,0.0,0,0.0,0.0,5.0,8.0,7.0,11.0,7.0,7
315,315,42,101,570950.0,138650.0,10420101,2,0,4,0,0,0,0,138650.0,570950.0,315,1,2,3,1,2,3,4,3,2,3,1,2,0.0,0.0,0.0,0,0.0,0.0,5.0,8.0,7.0,11.0,7.0,7
316,316,42,102,571050.0,138650.0,10420102,3,0,4,0,0,0,0,138650.0,571050.0,316,1,2,3,1,1,3,4,3,2,3,1,2,0.0,0.0,0.0,0,0.0,0.0,6.0,8.0,7.0,11.0,8.0,7
317,317,42,103,571150.0,138650.0,10420103,3,0,4,0,0,0,0,138650.0,571150.0,317,1,2,3,1,1,3,4,3,2,3,1,2,0.0,0.0,0.0,0,0.0,0.0,6.0,8.0,7.0,11.0,8.0,7
318,318,42,104,571250.0,138650.0,10420104,3,0,4,0,0,0,0,138650.0,571250.0,318,1,2,3,1,1,3,4,3,2,3,1,2,0.0,0.0,0.0,0,0.0,0.0,6.0,8.0,7.0,11.0,8.0,7
319,319,42,105,571350.0,138650.0,10420105,3,0,4,0,0,0,0,138650.0,571350.0,319,1,2,3,1,1,3,4,3,2,3,1,2,0.0,0.0,0.0,0,0.0,0.0,6.0,8.0,7.0,11.0,8.0,7
320,320,42,106,571450.0,138650.0,10420106,3,0,4,0,0,0,0,138650.0,571450.0,320,1,2,3,1,1,3,4,3,2,3,1,3,0.0,0.0,0.0,0,0.0,0.0,6.0,8.0,7.0,11.0,8.0,8
321,321,42,107,571550.0,138650.0,10420107,3,0,4,0,0,0,0,138650.0,571550.0,321,1,2,3,1,1,3,4,3,2,3,2,3,0.0,0.0,0.0,0,0.0,0.0,6.0,8.0,7.0,11.0,8.0,9
322,322,42,108,571650.0,138650.0,10420108,3,0,4,0,0,0,0,138650.0,571650.0,322,2,2,3,1,1,3,4,3,2,3,2,3,0.0,0.0,0.0,0,0.0,0.0,7.0,8.0,7.0,11.0,8.0,9
323,323,42,109,571750.0,138650.0,10420109,3,0,4,0,0,0,0,138650.0,571750.0,323,2,2,3,1,1,3,4,3,2,3,2,3,0.0,0.0,0.0,0,0.0,0.0,7.0,8.0,7.0,11.0,8.0,9
324,324,42,110,571850.0,138650.0,10420110,3,0,4,0,0,0,0,138650.0,571850.0,324,2,2,3,1,1,3,4,3,2,3,2,3,0.0,0.0,0.0,0,0.0,0.0,7.0,8.0,7.0,11.0,8.0,9
325,325,42,111,571950.0,138650.0,10420111,4,0,4,0,0,0,0,138650.0,571950.0,325,2,2,3,1,2,3,4,3,2,3,2,2,0.0,0.0,0.0,0,0.0,0.0,8.0,8.0,9.0,11.0,9.0,8
326,326,42,112,572050.0,138650.0,10420112,4,0,4,0,0,0,0,138650.0,572050.0,326,2,2,3,1,2,3,4,3,2,3,2,2,0.0,0.0,0.0,0,0.0,0.0,8.0,8.0,9.0,11.0,9.0,8
327,327,42,113,572150.0,138650.0,10420113,4,0,4,0,0,0,0,138650.0,572150.0,327,2,2,3,1,2,3,4,3,2,3,2,2,0.0,0.0,0.0,0,0.0,0.0,8.0,8.0,9.0,11.0,9.0,8
328,328,43,32,564050.0,138550.0,10430032,4,0,4,0,0,0,0,138550.0,564050.0,328,3,2,2,1,3,2,4,3,3,2,2,2,0.0,0.0,0.0,0,0.0,0.0,9.0,7.0,9.0,11.0,9.0,8
329,329,43,33,564150.0,138550.0,10430033,4,0,4,0,0,0,0,138550.0,564150.0,329,3,2,2,1,3,2,4,3,3,2,2,2,0.0,0.0,0.0,0,0.0,0.0,9.0,7.0,9.0,11.0,9.0,8
330,330,43,34,564250.0,138550.0,10430034,4,0,4,0,0,0,0,138550.0,564250.0,330,3,2,2,1,3,2,4,3,3,2,2,2,0.0,0.0,0.0,0,0.0,0.0,9.0,7.0,9.0,11.0,9.0,8
331,331,43,35,564350.0,138550.0,10430035,4,0,4,0,0,0,0,138550.0,564350.0,331,3,2,3,2,3,2,4,3,3,2,2,2,0.0,0.0,0.0,0,0.0,0.0,9.0,9.0,9.0,11.0,9.0,8
332,332,43,36,564450.0,138550.0,10430036,4,0,4,0,0,0,0,138550.0,564450.0,332,3,2,3,2,3,2,4,3,3,2,2,2,0.0,0.0,0.0,0,0.0,0.0,9.0,9.0,9.0,11.0,9.0,8
333,333,43,37,564550.0,138550.0,10430037,4,0,4,0,0,0,0,138550.0,564550.0,333,3,2,3,2,3,2,4,3,2,2,1,2,0.0,0.0,0.0,0,0.0,0.0,9.0,9.0,9.0,11.0,8.0,7
334,334,43,38,564650.0,138550.0,10430038,4,0,4,0,0,0,0,138550.0,564650.0,334,3,2,3,2,3,2,4,3,2,2,1,2,0.0,0.0,0.0,0,0.0,0.0,9.0,9.0,9.0,11.0,8.0,7
335,335,43,39,564750.0,138550.0,10430039,4,0,4,0,0,0,0,138550.0,564750.0,335,3,2,3,2,3,3,4,3,2,2,1,2,0.0,0.0,0.0,0,0.0,0.0,9.0,9.0,10.0,11.0,8.0,7
336,336,43,40,564850.0,138550.0,10430040,4,0,4,0,0,0,0,138550.0,564850.0,336,2,2,3,2,3,3,4,3,2,2,1,1,0.0,0.0,0.0,0,0.0,0.0,8.0,9.0,10.0,11.0,8.0,6
337,337,43,41,564950.0,138550.0,10430041,4,0,4,0,0,0,0,138550.0,564950.0,337,2,2,3,2,3,2,4,3,2,2,1,1,0.0,0.0,0.0,0,0.0,0.0,8.0,9.0,9.0,11.0,8.0,6
338,338,43,42,565050.0,138550.0,10430042,3,0,4,0,0,0,0,138550.0,565050.0,338,2,2,3,2,3,2,4,3,1,2,1,1,0.0,0.0,0.0,0,0.0,0.0,7.0,9.0,8.0,11.0,6.0,6
339,339,43,43,565150.0,138550.0,10430043,3,0,4,0,0,0,0,138550.0,565150.0,339,2,2,3,2,3,2,4,3,1,2,1,1,0.0,0.0,0.0,0,0.0,0.0,7.0,9.0,8.0,11.0,6.0,6
340,340,43,44,565250.0,138550.0,10430044,2,0,4,0,0,0,0,138550.0,565250.0,340,1,2,3,2,3,2,4,3,1,2,0,1,0.0,0.0,0.0,0,0.0,0.0,5.0,9.0,7.0,11.0,5.0,5
341,341,43,45,565350.0,138550.0,10430045,2,0,4,0,0,0,0,138550.0,565350.0,341,1,2,3,2,3,2,4,3,0,2,0,1,0.0,0.0,0.0,0,0.0,0.0,5.0,9.0,7.0,11.0,4.0,5
342,342,43,46,565450.0,138550.0,10430046,2,0,4,0,0,0,0,138550.0,565450.0,342,1,2,3,3,3,2,4,3,0,2,0,1,0.0,0.0,0.0,0,0.0,0.0,5.0,10.0,7.0,11.0,4.0,5
343,343,43,47,565550.0,138550.0,10430047,1,0,4,0,0,0,0,138550.0,565550.0,343,1,2,2,3,2,3,4,3,0,3,0,1,0.0,0.0,0.0,0,0.0,0.0,4.0,9.0,6.0,11.0,4.0,5
344,344,43,48,565650.0,138550.0,10430048,1,0,4,0,0,0,0,138550.0,565650.0,344,1,2,2,3,2,3,4,3,0,3,0,1,0.0,0.0,0.0,0,0.25,0.0,4.25,9.0,6.0,11.0,4.0,5
345,345,43,49,565750.0,138550.0,10430049,1,0,4,0,0,0,0,138550.0,565750.0,345,1,2,1,3,2,3,4,3,0,3,0,1,0.0,0.0,0.0,0,0.75,0.0,4.75,8.0,6.0,11.0,4.0,5
346,346,43,50,565850.0,138550.0,10430050,1,0,4,0,0,0,0,138550.0,565850.0,346,1,2,1,3,2,3,4,3,0,3,0,1,0.0,0.0,0.0,0,1.5,0.0,5.5,8.0,6.0,11.0,4.0,5
347,347,43,51,565950.0,138550.0,10430051,1,0,4,0,0,0,0,138550.0,565950.0,347,1,2,1,3,2,4,4,3,0,4,0,1,0.0,0.0,0.0,0,2.5,0.0,6.5,8.0,7.0,11.0,5.0,5
348,348,43,52,566050.0,138550.0,10430052,1,0,4,0,0,0,0,138550.0,566050.0,348,1,1,1,3,2,4,4,3,1,4,0,1,0.0,0.0,0.0,0,2.5,0.0,5.5,8.0,7.0,11.0,6.0,5
349,349,43,53,566150.0,138550.0,10430053,2,0,4,0,0,0,0,138550.0,566150.0,349,1,1,1,3,2,4,4,3,2,4,1,1,0.0,0.0,0.0,0,2.5,0.0,6.5,8.0,8.0,11.0,8.0,6
350,350,43,54,566250.0,138550.0,10430054,2,0,4,0,0,0,0,138550.0,566250.0,350,1,1,1,3,2,4,4,3,3,4,1,0,0.0,0.0,0.0,0,1.5,0.25,5.5,8.25,8.0,11.0,9.0,5
351,351,43,55,566350.0,138550.0,10430055,2,0,3,0,0,0,0,138550.0,566350.0,351,0,1,1,3,2,4,4,3,3,4,1,0,0.0,0.0,0.0,0,1.5,0.25,4.5,7.25,8.0,10.0,9.0,4
352,352,43,56,566450.0,138550.0,10430056,2,0,3,0,0,0,0,138550.0,566450.0,352,0,1,1,3,2,3,4,3,3,4,1,0,0.0,0.0,0.0,0,0.75,0.25,3.75,7.25,7.0,10.0,9.0,4
353,353,43,57,566550.0,138550.0,10430057,2,0,2,0,0,0,0,138550.0,566550.0,353,0,1,1,3,2,3,4,3,3,4,1,0,0.0,0.0,0.0,0,0.75,0.25,3.75,6.25,7.0,9.0,9.0,3
354,354,43,58,566650.0,138550.0,10430058,2,0,2,0,0,0,0,138550.0,566650.0,354,0,1,1,3,2,2,4,3,3,4,1,0,0.0,0.0,0.0,0,0.25,0.25,3.25,6.25,6.0,9.0,9.0,3
355,355,43,59,566750.0,138550.0,10430059,2,0,2,0,0,0,0,138550.0,566750.0,355,0,0,1,3,2,2,4,3,3,4,1,0,0.0,0.0,0.0,0,0.0,0.25,2.0,6.25,6.0,9.0,9.0,3
356,356,43,60,566850.0,138550.0,10430060,1,0,1,0,0,0,0,138550.0,566850.0,356,0,1,1,3,2,2,4,3,3,4,1,0,0.0,0.0,0.0,0,0.0,0.0,2.0,5.0,5.0,8.0,8.0,2
357,357,43,61,566950.0,138550.0,10430061,1,0,1,0,0,0,0,138550.0,566950.0,357,0,1,1,3,2,2,4,3,3,4,1,0,0.0,0.0,0.0,0,0.0,0.0,2.0,5.0,5.0,8.0,8.0,2
358,358,43,62,567050.0,138550.0,10430062,1,0,1,0,0,0,0,138550.0,567050.0,358,0,1,1,3,2,1,4,3,3,4,1,0,0.0,0.0,0.0,0,0.0,0.0,2.0,5.0,4.0,8.0,8.0,2
359,359,43,63,567150.0,138550.0,10430063,1,0,1,0,0,0,0,138550.0,567150.0,359,1,2,1,3,2,1,4,3,3,4,1,0,0.0,0.0,0.0,0,0.0,0.0,4.0,5.0,4.0,8.0,8.0,2
360,360,43,64,567250.0,138550.0,10430064,0,0,2,0,0,0,0,138550.0,567250.0,360,1,3,1,3,2,1,4,3,3,4,1,0,0.0,0.0,0.0,0,0.0,0.0,4.0,6.0,3.0,9.0,7.0,3
361,361,43,65,567350.0,138550.0,10430065,0,0,2,0,0,0,0,138550.0,567350.0,361,2,3,1,3,2,1,4,3,3,4,1,0,0.0,0.0,0.0,0,0.0,0.0,5.0,6.0,3.0,9.0,7.0,3
362,362,43,66,567450.0,138550.0,10430066,0,0,2,0,0,0,0,138550.0,567450.0,362,3,2,1,3,2,1,4,3,3,4,1,0,0.0,0.0,0.0,0,0.0,0.0,5.0,6.0,3.0,9.0,7.0,3
363,363,43,67,567550.0,138550.0,10430067,1,0,3,0,0,0,0,138550.0,567550.0,363,3,2,2,1,2,0,4,3,3,3,1,0,0.0,0.0,0.0,0,0.0,0.0,6.0,6.0,3.0,10.0,7.0,4
364,364,43,68,567650.0,138550.0,10430068,1,0,3,0,0,0,0,138550.0,567650.0,364,3,1,4,0,2,0,4,3,2,3,1,0,0.0,0.0,0.0,0,0.0,1.0,5.0,8.0,3.0,10.0,6.0,4
365,365,43,69,567750.0,138550.0,10430069,2,0,4,0,0,0,0,138550.0,567750.0,365,4,1,4,0,1,0,4,3,2,2,1,0,0.0,0.0,0.0,0,1.75,1.0,8.75,9.0,3.0,11.0,6.0,5
366,366,43,70,567850.0,138550.0,10430070,2,0,4,0,0,0,0,138550.0,567850.0,366,4,0,4,0,1,0,4,3,2,2,1,0,0.0,0.0,0.0,0,2.25,1.0,8.25,9.0,3.0,11.0,6.0,5
367,367,43,71,567950.0,138550.0,10430071,2,0,4,0,0,0,0,138550.0,567950.0,367,4,0,4,0,1,0,4,3,1,2,1,0,0.0,0.0,0.0,0,2.25,1.75,8.25,9.75,3.0,11.0,5.0,5
368,368,43,72,568050.0,138550.0,10430072,2,0,4,0,0,0,0,138550.0,568050.0,368,4,0,4,0,1,0,4,3,1,2,0,0,0.0,0.0,0.0,0,2.5,1.75,8.5,9.75,3.0,11.0,5.0,4
369,369,43,73,568150.0,138550.0,10430073,2,0,4,0,0,0,0,138550.0,568150.0,369,4,0,4,0,1,0,4,3,1,2,0,0,0.0,0.0,0.0,0,2.5,1.75,8.5,9.75,3.0,11.0,5.0,4
370,370,43,74,568250.0,138550.0,10430074,2,0,4,0,0,0,0,138550.0,568250.0,370,4,0,4,0,1,0,4,3,1,2,0,0,0.0,0.0,0.0,0,2.5,1.75,8.5,9.75,3.0,11.0,5.0,4
371,371,43,75,568350.0,138550.0,10430075,2,0,4,0,0,0,0,138550.0,568350.0,371,4,0,4,0,1,0,4,3,1,2,0,0,0.0,0.0,0.0,0,2.5,1.75,8.5,9.75,3.0,11.0,5.0,4
372,372,43,76,568450.0,138550.0,10430076,2,0,4,0,0,0,0,138550.0,568450.0,372,4,0,4,0,1,0,0,3,1,2,1,0,0.0,0.0,0.0,0,2.5,1.75,8.5,9.75,3.0,7.0,5.0,5
373,373,43,77,568550.0,138550.0,10430077,2,0,4,0,0,0,0,138550.0,568550.0,373,4,0,4,0,1,0,0,3,1,2,1,0,0.0,0.0,0.0,0,2.25,2.25,8.25,10.25,3.0,7.0,5.0,5
374,374,43,78,568650.0,138550.0,10430078,2,0,4,0,0,0,0,138550.0,568650.0,374,4,0,4,0,1,0,0,3,1,2,1,0,0.0,0.0,0.0,0,2.5,2.25,8.5,10.25,3.0,7.0,5.0,5
375,375,43,79,568750.0,138550.0,10430079,3,0,4,0,0,0,0,138550.0,568750.0,375,4,0,1,0,1,0,0,3,2,2,1,0,0.0,0.0,0.0,0,2.25,2.25,9.25,7.25,4.0,7.0,7.0,5
376,376,43,80,568850.0,138550.0,10430080,3,0,4,0,0,0,0,138550.0,568850.0,376,4,0,1,1,1,0,0,3,2,2,1,0,0.0,0.0,0.0,0,0.75,0.0,7.75,6.0,4.0,7.0,7.0,5
377,377,43,81,568950.0,138550.0,10430081,3,0,4,0,0,0,0,138550.0,568950.0,377,4,0,0,2,1,0,0,3,2,2,1,0,0.0,0.0,0.0,0,0.0,0.0,7.0,6.0,4.0,7.0,7.0,5
378,378,43,82,569050.0,138550.0,10430082,4,0,4,0,0,0,0,138550.0,569050.0,378,4,0,0,3,1,0,0,3,2,2,1,0,0.0,0.0,0.0,0,0.0,0.0,8.0,7.0,5.0,7.0,8.0,5
379,379,43,83,569150.0,138550.0,10430083,4,0,4,0,0,0,0,138550.0,569150.0,379,4,0,0,3,1,0,0,3,2,2,1,0,0.0,0.0,0.0,0,1.5,1.5,9.5,8.5,5.0,7.0,8.0,5
380,380,43,84,569250.0,138550.0,10430084,4,0,4,0,0,0,0,138550.0,569250.0,380,4,1,0,3,2,0,4,3,2,2,1,0,0.0,0.0,0.0,0,1.5,1.5,10.5,8.5,6.0,11.0,8.0,5
381,381,43,85,569350.0,138550.0,10430085,4,0,4,0,0,0,0,138550.0,569350.0,381,4,1,0,2,2,0,4,3,2,2,1,0,0.0,0.0,0.0,0,2.5,0.75,11.5,6.75,6.0,11.0,8.0,5
382,382,43,86,569450.0,138550.0,10430086,4,0,4,0,0,0,0,138550.0,569450.0,382,3,1,0,2,2,0,4,3,3,2,1,0,0.0,0.0,0.0,0,2.5,0.75,10.5,6.75,6.0,11.0,9.0,5
383,383,43,87,569550.0,138550.0,10430087,4,0,4,0,0,0,0,138550.0,569550.0,383,3,1,1,1,2,1,4,3,3,2,1,0,0.0,0.0,0.0,0,2.5,0.75,10.5,6.75,7.0,11.0,9.0,5
384,384,43,88,569650.0,138550.0,10430088,4,0,4,0,0,0,0,138550.0,569650.0,384,3,1,1,1,2,1,4,3,3,2,1,0,0.0,0.0,0.0,0,2.5,0.75,10.5,6.75,7.0,11.0,9.0,5
385,385,43,89,569750.0,138550.0,10430089,4,0,4,0,0,0,0,138550.0,569750.0,385,3,2,1,0,3,1,4,3,3,2,1,0,0.0,0.0,0.0,0,2.5,0.25,11.5,5.25,8.0,11.0,9.0,5
386,386,43,90,569850.0,138550.0,10430090,4,0,4,0,0,0,0,138550.0,569850.0,386,3,2,1,0,3,1,4,3,3,2,1,1,0.0,0.0,0.0,0,2.5,0.25,11.5,5.25,8.0,11.0,9.0,6
387,387,43,91,569950.0,138550.0,10430091,4,0,4,0,0,0,0,138550.0,569950.0,387,3,2,1,1,3,1,4,3,3,2,1,1,0.0,0.0,0.0,0,1.5,0.0,10.5,6.0,8.0,11.0,9.0,6
388,388,43,92,570050.0,138550.0,10430092,4,0,4,0,0,0,0,138550.0,570050.0,388,2,2,1,1,3,1,4,3,3,2,0,1,0.0,0.0,0.0,0,0.75,0.0,8.75,6.0,8.0,11.0,9.0,5
389,389,43,93,570150.0,138550.0,10430093,3,0,4,0,0,0,0,138550.0,570150.0,389,2,1,1,1,3,2,4,3,3,3,0,2,0.0,0.0,0.0,0,0.0,0.0,6.0,6.0,8.0,11.0,9.0,6
390,390,43,94,570250.0,138550.0,10430094,3,0,4,0,0,0,0,138550.0,570250.0,390,2,1,1,1,3,2,4,3,3,3,0,2,0.0,0.0,0.0,0,0.0,0.0,6.0,6.0,8.0,11.0,9.0,6
391,391,43,95,570350.0,138550.0,10430095,3,0,4,0,0,0,0,138550.0,570350.0,391,2,1,1,1,2,2,4,3,3,3,0,3,0.0,0.0,0.0,0,0.0,0.0,6.0,6.0,7.0,11.0,9.0,7
392,392,43,96,570450.0,138550.0,10430096,3,0,4,0,0,0,0,138550.0,570450.0,392,2,1,1,1,2,2,4,3,3,3,0,3,0.0,0.0,0.0,0,0.0,0.0,6.0,6.0,7.0,11.0,9.0,7
393,393,43,97,570550.0,138550.0,10430097,3,0,4,0,0,0,0,138550.0,570550.0,393,1,1,2,1,2,3,4,3,3,3,0,3,0.0,0.0,0.0,0,0.0,0.0,5.0,7.0,8.0,11.0,9.0,7
394,394,43,98,570650.0,138550.0,10430098,2,0,4,0,0,0,0,138550.0,570650.0,394,1,1,3,1,2,3,4,3,2,3,0,3,0.0,0.0,0.0,0,0.0,0.0,4.0,8.0,7.0,11.0,7.0,7
395,395,43,99,570750.0,138550.0,10430099,3,0,4,0,0,0,0,138550.0,570750.0,395,1,1,3,1,2,3,4,3,2,3,0,3,0.0,0.0,0.0,0,0.0,0.0,5.0,8.0,8.0,11.0,8.0,7
396,396,43,100,570850.0,138550.0,10430100,3,0,4,0,0,0,0,138550.0,570850.0,396,1,1,3,1,2,3,4,3,2,3,0,3,0.0,0.0,0.0,0,0.0,0.0,5.0,8.0,8.0,11.0,8.0,7
397,397,43,101,570950.0,138550.0,10430101,3,0,4,0,0,0,0,138550.0,570950.0,397,1,1,3,1,1,3,4,3,2,3,1,2,0.0,0.0,0.0,0,0.0,0.0,5.0,8.0,7.0,11.0,8.0,7
398,398,43,102,571050.0,138550.0,10430102,3,0,4,0,0,0,0,138550.0,571050.0,398,1,1,3,1,1,3,4,3,2,3,1,2,0.0,0.0,0.0,0,0.0,0.0,5.0,8.0,7.0,11.0,8.0,7
399,399,43,103,571150.0,138550.0,10430103,3,0,4,0,0,0,0,138550.0,571150.0,399,1,2,3,1,1,3,4,3,2,3,1,2,0.0,0.0,0.0,0,0.0,0.0,6.0,8.0,7.0,11.0,8.0,7
400,400,43,104,571250.0,138550.0,10430104,3,0,4,0,0,0,0,138550.0,571250.0,400,1,2,3,1,1,2,4,3,2,3,1,2,0.0,0.0,0.0,0,0.0,0.0,6.0,8.0,6.0,11.0,8.0,7
401,401,43,105,571350.0,138550.0,10430105,2,0,4,0,0,0,0,138550.0,571350.0,401,1,2,3,1,1,2,4,3,2,3,1,2,0.0,0.0,0.0,0,0.0,0.0,5.0,8.0,5.0,11.0,7.0,7
402,402,43,106,571450.0,138550.0,10430106,2,0,4,0,0,0,0,138550.0,571450.0,402,1,2,3,1,1,2,4,3,2,3,1,3,0.0,0.0,0.0,0,0.0,0.0,5.0,8.0,5.0,11.0,7.0,8
403,403,43,107,571550.0,138550.0,10430107,2,0,4,0,0,0,0,138550.0,571550.0,403,1,2,3,1,1,2,4,3,2,3,2,3,0.0,0.0,0.0,0,0.0,0.0,5.0,8.0,5.0,11.0,7.0,9
404,404,43,108,571650.0,138550.0,10430108,3,0,4,0,0,0,0,138550.0,571650.0,404,1,2,3,1,1,2,4,3,2,3,2,3,0.0,0.0,0.0,0,0.0,0.0,6.0,8.0,6.0,11.0,8.0,9
405,405,43,109,571750.0,138550.0,10430109,3,0,4,0,0,0,0,138550.0,571750.0,405,2,2,3,1,1,3,4,3,2,3,2,3,0.0,0.0,0.0,0,0.0,0.0,7.0,8.0,7.0,11.0,8.0,9
406,406,43,110,571850.0,138550.0,10430110,3,0,4,0,0,0,0,138550.0,571850.0,406,2,2,3,1,1,3,4,3,2,3,2,3,0.0,0.0,0.0,0,0.0,0.0,7.0,8.0,7.0,11.0,8.0,9
407,407,43,111,571950.0,138550.0,10430111,3,0,4,0,0,0,0,138550.0,571950.0,407,2,2,3,1,1,3,4,3,2,3,2,3,0.0,0.0,0.0,0,0.0,0.0,7.0,8.0,7.0,11.0,8.0,9
408,408,43,112,572050.0,138550.0,10430112,4,0,4,0,0,0,0,138550.0,572050.0,408,2,2,3,1,2,3,4,3,2,3,2,2,0.0,0.0,0.0,0,0.0,0.0,8.0,8.0,9.0,11.0,9.0,8
409,409,43,113,572150.0,138550.0,10430113,4,0,4,0,0,0,0,138550.0,572150.0,409,2,2,3,1,2,3,4,3,2,3,2,2,0.0,0.0,0.0,0,0.0,0.0,8.0,8.0,9.0,11.0,9.0,8
410,410,44,32,564050.0,138450.0,10440032,4,0,4,0,0,0,0,138450.0,564050.0,410,3,2,2,1,3,2,4,3,3,2,2,2,0.0,0.0,0.0,0,0.0,0.0,9.0,7.0,9.0,11.0,9.0,8
411,411,44,33,564150.0,138450.0,10440033,4,0,4,0,0,0,0,138450.0,564150.0,411,3,2,2,1,3,2,4,3,3,2,2,2,0.0,0.0,0.0,0,0.0,0.0,9.0,7.0,9.0,11.0,9.0,8
412,412,44,34,564250.0,138450.0,10440034,4,0,4,0,0,0,0,138450.0,564250.0,412,3,2,2,2,3,2,4,3,3,2,2,2,0.0,0.0,0.0,0,0.0,0.0,9.0,8.0,9.0,11.0,9.0,8
413,413,44,35,564350.0,138450.0,10440035,4,0,4,0,0,0,0,138450.0,564350.0,413,3,2,3,2,3,2,4,3,3,2,2,2,0.0,0.0,0.0,0,0.0,0.0,9.0,9.0,9.0,11.0,9.0,8
414,414,44,36,564450.0,138450.0,10440036,4,0,4,0,0,0,0,138450.0,564450.0,414,3,2,3,2,3,2,4,3,3,2,2,2,0.0,0.0,0.0,0,0.0,0.0,9.0,9.0,9.0,11.0,9.0,8
415,415,44,37,564550.0,138450.0,10440037,4,0,4,0,0,0,0,138450.0,564550.0,415,3,2,3,2,3,2,4,3,2,2,1,2,0.0,0.0,0.0,0,0.0,0.0,9.0,9.0,9.0,11.0,8.0,7
416,416,44,38,564650.0,138450.0,10440038,4,0,4,0,0,0,0,138450.0,564650.0,416,3,2,3,2,3,3,4,3,2,2,1,2,0.0,0.0,0.0,0,0.0,0.0,9.0,9.0,10.0,11.0,8.0,7
417,417,44,39,564750.0,138450.0,10440039,4,0,4,0,0,0,0,138450.0,564750.0,417,2,2,3,2,3,3,4,3,2,2,1,2,0.0,0.0,0.0,0,0.0,0.0,8.0,9.0,10.0,11.0,8.0,7
418,418,44,40,564850.0,138450.0,10440040,4,0,4,0,0,0,0,138450.0,564850.0,418,2,2,3,2,3,2,4,3,2,2,1,2,0.0,0.0,0.0,0,0.0,0.0,8.0,9.0,9.0,11.0,8.0,7
419,419,44,41,564950.0,138450.0,10440041,4,0,4,0,0,0,0,138450.0,564950.0,419,2,2,3,2,3,2,4,3,2,2,1,1,0.0,0.0,0.0,0,0.0,0.0,8.0,9.0,9.0,11.0,8.0,6
420,420,44,42,565050.0,138450.0,10440042,3,0,4,0,0,0,0,138450.0,565050.0,420,2,2,3,2,3,2,4,3,1,2,1,1,0.0,0.0,0.0,0,0.0,0.0,7.0,9.0,8.0,11.0,6.0,6
421,421,44,43,565150.0,138450.0,10440043,3,0,4,0,0,0,0,138450.0,565150.0,421,1,1,3,2,3,2,4,3,1,2,0,1,0.0,0.0,0.0,0,0.0,0.0,5.0,9.0,8.0,11.0,6.0,5
422,422,44,44,565250.0,138450.0,10440044,2,0,4,0,0,0,0,138450.0,565250.0,422,1,1,3,2,3,2,4,3,0,2,0,1,0.0,0.0,0.0,0,0.0,0.0,4.0,9.0,7.0,11.0,4.0,5
423,423,44,45,565350.0,138450.0,10440045,2,0,3,0,0,0,0,138450.0,565350.0,423,1,2,3,2,2,2,4,3,0,2,0,1,0.0,0.0,0.0,0,0.0,0.0,5.0,8.0,6.0,10.0,4.0,4
424,424,44,46,565450.0,138450.0,10440046,1,0,3,0,0,0,0,138450.0,565450.0,424,1,2,2,3,2,3,4,3,0,3,0,1,0.0,0.0,0.0,0,0.0,0.0,4.0,8.0,6.0,10.0,4.0,4
425,425,44,47,565550.0,138450.0,10440047,1,0,3,0,0,0,0,138450.0,565550.0,425,1,2,2,3,2,3,4,3,0,3,0,1,0.0,0.0,0.0,0,0.25,0.0,4.25,8.0,6.0,10.0,4.0,4
426,426,44,48,565650.0,138450.0,10440048,1,0,3,0,0,0,0,138450.0,565650.0,426,1,2,1,3,2,3,4,3,0,3,0,1,0.0,0.0,0.0,0,0.75,0.0,4.75,7.0,6.0,10.0,4.0,4
427,427,44,49,565750.0,138450.0,10440049,0,0,3,0,0,0,0,138450.0,565750.0,427,0,3,1,3,2,3,4,3,0,4,0,1,0.0,0.0,0.0,0,2.5,0.0,5.5,7.0,5.0,10.0,4.0,4
428,428,44,50,565850.0,138450.0,10440050,0,0,4,0,0,0,0,138450.0,565850.0,428,0,2,1,3,2,4,4,3,0,4,0,1,0.0,0.0,0.0,0,2.5,0.0,4.5,8.0,6.0,11.0,4.0,5
429,429,44,51,565950.0,138450.0,10440051,1,0,4,0,0,0,0,138450.0,565950.0,429,0,2,1,3,2,4,4,3,1,4,0,1,0.0,0.0,0.0,0,2.5,0.0,5.5,8.0,7.0,11.0,6.0,5
430,430,44,52,566050.0,138450.0,10440052,1,0,4,0,0,0,0,138450.0,566050.0,430,0,2,1,3,2,4,4,3,2,4,0,1,0.0,0.0,0.0,0,2.5,0.0,5.5,8.0,7.0,11.0,7.0,5
431,431,44,53,566150.0,138450.0,10440053,2,0,4,0,0,0,0,138450.0,566150.0,431,0,2,1,3,2,4,4,3,3,4,0,1,0.0,0.0,0.0,0,2.25,0.75,6.25,8.75,8.0,11.0,9.0,5
432,432,44,54,566250.0,138450.0,10440054,1,0,4,0,0,0,0,138450.0,566250.0,432,0,1,1,3,2,4,4,3,3,4,0,1,0.0,0.0,0.0,0,2.25,0.75,4.25,8.75,7.0,11.0,8.0,5
433,433,44,55,566350.0,138450.0,10440055,1,0,3,0,0,0,0,138450.0,566350.0,433,0,1,1,3,2,4,4,3,3,4,0,0,0.0,0.0,0.0,0,1.5,0.75,3.5,7.75,7.0,10.0,8.0,3
434,434,44,56,566450.0,138450.0,10440056,1,0,3,0,0,0,0,138450.0,566450.0,434,0,1,1,3,2,3,4,3,3,4,0,0,0.0,0.0,0.0,0,1.5,0.75,3.5,7.75,6.0,10.0,8.0,3
435,435,44,57,566550.0,138450.0,10440057,1,0,3,0,0,0,0,138450.0,566550.0,435,0,0,1,3,2,3,4,3,3,4,1,0,0.0,0.0,0.0,0,0.75,0.75,1.75,7.75,6.0,10.0,8.0,4
436,436,44,58,566650.0,138450.0,10440058,1,0,2,0,0,0,0,138450.0,566650.0,436,0,0,1,3,2,2,4,3,3,4,1,0,0.0,0.0,0.0,0,0.75,0.25,1.75,6.25,5.0,9.0,8.0,3
437,437,44,59,566750.0,138450.0,10440059,2,0,2,0,0,0,0,138450.0,566750.0,437,0,1,1,3,2,2,4,3,3,4,1,0,0.0,0.0,0.0,0,0.0,0.25,3.0,6.25,6.0,9.0,9.0,3
438,438,44,60,566850.0,138450.0,10440060,2,0,2,0,0,0,0,138450.0,566850.0,438,0,1,1,3,2,2,4,3,3,4,1,0,0.0,0.0,0.0,0,0.0,0.25,3.0,6.25,6.0,9.0,9.0,3
439,439,44,61,566950.0,138450.0,10440061,2,0,2,0,0,0,0,138450.0,566950.0,439,0,1,0,3,2,1,4,3,3,4,1,0,0.0,0.0,0.0,0,0.0,0.0,3.0,5.0,5.0,9.0,9.0,3
440,440,44,62,567050.0,138450.0,10440062,1,0,2,0,0,0,0,138450.0,567050.0,440,0,1,0,3,2,1,4,3,3,4,1,0,0.0,0.0,0.0,0,0.0,0.0,2.0,5.0,4.0,9.0,8.0,3
441,441,44,63,567150.0,138450.0,10440063,1,0,2,0,0,0,0,138450.0,567150.0,441,1,2,0,3,2,1,4,3,3,4,1,0,0.0,0.0,0.0,0,0.0,0.0,4.0,5.0,4.0,9.0,8.0,3
442,442,44,64,567250.0,138450.0,10440064,1,0,2,0,0,0,0,138450.0,567250.0,442,1,2,0,3,2,1,4,3,3,4,1,0,0.0,0.0,0.0,0,0.0,0.0,4.0,5.0,4.0,9.0,8.0,3
443,443,44,65,567350.0,138450.0,10440065,0,0,2,0,0,0,0,138450.0,567350.0,443,2,2,1,3,2,1,4,3,3,4,1,0,0.0,0.0,0.0,0,0.0,0.0,4.0,6.0,3.0,9.0,7.0,3
444,444,44,66,567450.0,138450.0,10440066,1,0,3,0,0,0,0,138450.0,567450.0,444,3,2,1,3,2,1,4,3,3,4,1,0,0.0,0.0,0.0,0,0.0,0.0,6.0,7.0,4.0,10.0,8.0,4
445,445,44,67,567550.0,138450.0,10440067,1,0,3,0,0,0,0,138450.0,567550.0,445,3,1,2,2,2,0,0,3,3,3,1,0,0.0,0.0,0.0,0,0.0,1.0,5.0,8.0,3.0,6.0,7.0,4
446,446,44,68,567650.0,138450.0,10440068,1,0,4,0,0,0,0,138450.0,567650.0,446,3,1,4,0,1,0,4,3,3,3,0,0,0.0,0.0,0.0,0,1.0,1.0,6.0,9.0,2.0,11.0,7.0,4
447,447,44,69,567750.0,138450.0,10440069,2,0,4,0,0,0,0,138450.0,567750.0,447,4,0,4,0,1,0,4,3,2,3,0,0,0.0,0.0,0.0,0,1.75,1.0,7.75,9.0,3.0,11.0,7.0,4
448,448,44,70,567850.0,138450.0,10440070,2,0,4,0,0,0,0,138450.0,567850.0,448,4,0,4,0,1,0,4,0,2,2,0,0,0.0,0.0,0.0,0,2.5,1.0,8.5,9.0,3.0,8.0,6.0,4
449,449,44,71,567950.0,138450.0,10440071,2,0,4,0,0,0,0,138450.0,567950.0,449,4,0,4,0,1,0,4,0,1,2,0,0,0.0,0.0,0.0,0,2.5,1.75,8.5,9.75,3.0,8.0,5.0,4
450,450,44,72,568050.0,138450.0,10440072,2,0,4,0,0,0,0,138450.0,568050.0,450,4,0,4,0,1,0,4,0,1,2,0,0,0.0,0.0,0.0,0,2.5,1.75,8.5,9.75,3.0,8.0,5.0,4
451,451,44,73,568150.0,138450.0,10440073,2,0,4,0,0,0,0,138450.0,568150.0,451,4,0,4,0,1,0,4,0,1,2,0,0,0.0,0.0,0.0,0,2.5,1.75,8.5,9.75,3.0,8.0,5.0,4
452,452,44,74,568250.0,138450.0,10440074,2,0,4,0,0,0,0,138450.0,568250.0,452,4,0,4,0,1,0,4,0,1,2,0,0,0.0,0.0,0.0,0,2.5,1.75,8.5,9.75,3.0,8.0,5.0,4
453,453,44,75,568350.0,138450.0,10440075,1,0,4,1,0,0,0,138450.0,568350.0,453,4,0,4,0,0,0,4,3,1,2,0,0,0.0,0.0,0.0,0,2.5,1.75,7.5,10.75,1.0,12.0,4.0,5
454,454,44,76,568450.0,138450.0,10440076,1,0,4,1,0,0,0,138450.0,568450.0,454,4,0,4,0,0,0,4,4,1,2,0,0,1.0,0.0,0.0,0,2.5,2.25,7.5,11.25,2.0,13.0,4.0,5
455,455,44,77,568550.0,138450.0,10440077,2,0,4,1,0,0,0,138450.0,568550.0,455,4,0,4,0,0,0,0,4,1,2,0,0,0.0,0.0,0.0,0,2.5,2.25,8.5,11.25,2.0,9.0,5.0,5
456,456,44,78,568650.0,138450.0,10440078,2,0,3,1,0,0,0,138450.0,568650.0,456,4,0,4,0,1,0,0,3,1,2,0,0,0.0,0.0,0.0,0,2.5,2.25,8.5,10.25,3.0,7.0,5.0,4
457,457,44,79,568750.0,138450.0,10440079,2,0,3,0,0,0,0,138450.0,568750.0,457,4,0,1,0,1,0,0,3,1,2,1,0,0.0,0.0,0.0,0,2.25,2.25,8.25,6.25,3.0,6.0,5.0,4
458,458,44,80,568850.0,138450.0,10440080,3,0,4,0,0,0,0,138450.0,568850.0,458,4,0,1,2,1,0,0,3,1,2,1,0,0.0,0.0,0.0,0,2.25,2.25,9.25,9.25,4.0,7.0,6.0,5
459,459,44,81,568950.0,138450.0,10440081,3,0,4,0,0,0,0,138450.0,568950.0,459,4,0,0,3,1,0,0,3,2,2,1,0,0.0,0.0,0.0,0,2.5,2.5,9.5,9.5,4.0,7.0,7.0,5
460,460,44,82,569050.0,138450.0,10440082,3,0,4,0,0,0,0,138450.0,569050.0,460,4,0,0,3,1,0,0,3,2,2,1,0,0.0,0.0,0.0,0,2.5,2.5,9.5,9.5,4.0,7.0,7.0,5
461,461,44,83,569150.0,138450.0,10440083,4,0,4,0,0,0,0,138450.0,569150.0,461,4,0,0,3,1,0,0,3,2,2,1,0,0.0,0.0,0.0,0,2.5,2.5,10.5,9.5,5.0,7.0,8.0,5
462,462,44,84,569250.0,138450.0,10440084,4,0,4,0,0,0,0,138450.0,569250.0,462,4,0,0,3,2,0,0,3,2,2,1,0,0.0,0.0,0.0,0,2.5,2.5,10.5,9.5,6.0,7.0,8.0,5
463,463,44,85,569350.0,138450.0,10440085,4,0,4,0,0,0,0,138450.0,569350.0,463,4,1,0,3,2,0,4,3,2,2,1,0,0.0,0.0,0.0,0,2.5,1.5,11.5,8.5,6.0,11.0,8.0,5
464,464,44,86,569450.0,138450.0,10440086,4,0,4,0,0,0,0,138450.0,569450.0,464,3,1,0,3,2,0,4,3,2,2,1,0,0.0,0.0,0.0,0,2.5,1.5,10.5,8.5,6.0,11.0,8.0,5
465,465,44,87,569550.0,138450.0,10440087,4,0,4,0,0,0,0,138450.0,569550.0,465,3,1,0,2,2,1,4,3,3,2,1,0,0.0,0.0,0.0,0,2.5,0.75,10.5,6.75,7.0,11.0,9.0,5
466,466,44,88,569650.0,138450.0,10440088,4,0,4,0,0,0,0,138450.0,569650.0,466,3,1,1,2,2,1,4,3,3,2,1,0,0.0,0.0,0.0,0,2.5,0.75,10.5,7.75,7.0,11.0,9.0,5
467,467,44,89,569750.0,138450.0,10440089,4,0,4,0,0,0,0,138450.0,569750.0,467,3,1,1,1,3,1,4,3,3,2,1,0,0.0,0.0,0.0,0,2.5,0.75,10.5,6.75,8.0,11.0,9.0,5
468,468,44,90,569850.0,138450.0,10440090,4,0,4,0,0,0,0,138450.0,569850.0,468,3,2,1,1,3,1,4,3,3,2,0,1,0.0,0.0,0.0,0,2.5,0.25,11.5,6.25,8.0,11.0,9.0,5
469,469,44,91,569950.0,138450.0,10440091,4,0,4,0,0,0,0,138450.0,569950.0,469,3,2,1,1,3,1,4,3,3,2,0,1,0.0,0.0,0.0,0,2.5,0.25,11.5,6.25,8.0,11.0,9.0,5
470,470,44,92,570050.0,138450.0,10440092,4,0,4,0,0,0,0,138450.0,570050.0,470,2,2,1,1,3,1,4,3,3,3,0,2,0.0,0.0,0.0,0,0.75,0.0,8.75,6.0,8.0,11.0,10.0,6
471,471,44,93,570150.0,138450.0,10440093,4,0,4,0,0,0,0,138450.0,570150.0,471,2,1,1,2,3,2,4,3,3,3,0,2,0.0,0.0,0.0,0,0.0,0.0,7.0,7.0,9.0,11.0,10.0,6
472,472,44,94,570250.0,138450.0,10440094,4,0,4,0,0,0,0,138450.0,570250.0,472,2,1,1,2,3,2,4,3,3,3,0,3,0.0,0.0,0.0,0,0.0,0.0,7.0,7.0,9.0,11.0,10.0,7
473,473,44,95,570350.0,138450.0,10440095,3,0,4,0,0,0,0,138450.0,570350.0,473,2,1,1,2,2,2,4,3,3,3,0,3,0.0,0.0,0.0,0,0.0,0.0,6.0,7.0,7.0,11.0,9.0,7
474,474,44,96,570450.0,138450.0,10440096,3,0,4,0,0,0,0,138450.0,570450.0,474,2,1,1,1,2,2,4,3,3,3,0,3,0.0,0.0,0.0,0,0.0,0.0,6.0,6.0,7.0,11.0,9.0,7
475,475,44,97,570550.0,138450.0,10440097,3,0,4,0,0,0,0,138450.0,570550.0,475,1,1,1,1,2,3,4,3,2,3,0,3,0.0,0.0,0.0,0,0.0,0.0,5.0,6.0,8.0,11.0,8.0,7
476,476,44,98,570650.0,138450.0,10440098,3,0,4,0,0,0,0,138450.0,570650.0,476,1,1,2,1,2,3,4,3,2,3,0,3,0.0,0.0,0.0,0,0.0,0.0,5.0,7.0,8.0,11.0,8.0,7
477,477,44,99,570750.0,138450.0,10440099,3,0,4,0,0,0,0,138450.0,570750.0,477,1,1,3,1,2,3,4,3,2,3,0,3,0.0,0.0,0.0,0,0.0,0.0,5.0,8.0,8.0,11.0,8.0,7
478,478,44,100,570850.0,138450.0,10440100,3,0,4,0,0,0,0,138450.0,570850.0,478,1,1,3,1,1,3,4,3,2,3,0,3,0.0,0.0,0.0,0,0.0,0.0,5.0,8.0,7.0,11.0,8.0,7
479,479,44,101,570950.0,138450.0,10440101,3,0,4,0,0,0,0,138450.0,570950.0,479,1,1,3,1,1,3,4,3,2,3,0,3,0.0,0.0,0.0,0,2.5,0.0,7.5,8.0,7.0,11.0,8.0,7
480,480,44,102,571050.0,138450.0,10440102,3,0,4,0,0,0,0,138450.0,571050.0,480,1,1,3,1,1,2,4,3,2,3,1,3,0.0,0.0,0.0,0,2.25,0.0,7.25,8.0,6.0,11.0,8.0,8
481,481,44,103,571150.0,138450.0,10440103,2,0,4,0,0,0,0,138450.0,571150.0,481,1,2,3,1,1,2,4,3,2,3,1,3,0.0,0.0,0.0,0,0.0,0.0,5.0,8.0,5.0,11.0,7.0,8
482,482,44,104,571250.0,138450.0,10440104,2,0,4,0,0,0,0,138450.0,571250.0,482,1,2,3,1,1,2,4,3,1,3,1,2,0.0,0.0,0.0,0,0.0,0.0,5.0,8.0,5.0,11.0,6.0,7
483,483,44,105,571350.0,138450.0,10440105,2,0,4,0,0,0,0,138450.0,571350.0,483,1,2,3,1,1,2,4,3,1,4,1,3,0.0,0.0,0.0,0,0.0,0.0,5.0,8.0,5.0,11.0,7.0,8
484,484,44,106,571450.0,138450.0,10440106,2,0,4,0,0,0,0,138450.0,571450.0,484,1,3,3,1,1,2,4,3,1,4,1,3,0.0,0.0,0.0,0,0.0,0.0,6.0,8.0,5.0,11.0,7.0,8
485,485,44,107,571550.0,138450.0,10440107,2,0,4,0,0,0,0,138450.0,571550.0,485,1,3,3,1,1,2,4,3,1,4,1,3,0.0,0.0,0.0,0,0.0,0.0,6.0,8.0,5.0,11.0,7.0,8
486,486,44,108,571650.0,138450.0,10440108,2,0,4,0,0,0,0,138450.0,571650.0,486,1,3,3,1,1,2,4,3,1,3,2,3,0.0,0.0,0.0,0,0.0,0.0,6.0,8.0,5.0,11.0,6.0,9
487,487,44,109,571750.0,138450.0,10440109,2,0,4,0,0,0,0,138450.0,571750.0,487,1,3,3,1,1,2,4,3,1,3,2,3,0.0,0.0,0.0,0,0.0,0.0,6.0,8.0,5.0,11.0,6.0,9
488,488,44,110,571850.0,138450.0,10440110,3,0,4,0,0,0,0,138450.0,571850.0,488,2,3,3,1,1,2,4,3,2,3,2,3,0.0,0.0,0.0,0,0.0,0.0,8.0,8.0,6.0,11.0,8.0,9
489,489,44,111,571950.0,138450.0,10440111,3,0,4,0,0,0,0,138450.0,571950.0,489,2,3,3,1,1,3,4,3,2,3,2,3,0.0,0.0,0.0,0,0.0,0.0,8.0,8.0,7.0,11.0,8.0,9
490,490,44,112,572050.0,138450.0,10440112,3,0,4,0,0,0,0,138450.0,572050.0,490,2,2,3,1,1,3,4,3,2,3,2,2,0.0,0.0,0.0,0,0.0,0.0,7.0,8.0,7.0,11.0,8.0,8
491,491,44,113,572150.0,138450.0,10440113,4,0,4,0,0,0,0,138450.0,572150.0,491,2,2,3,1,2,3,4,3,2,3,2,2,0.0,0.0,0.0,0,0.0,0.0,8.0,8.0,9.0,11.0,9.0,8
492,492,45,32,564050.0,138350.0,10450032,4,0,4,0,0,0,0,138350.0,564050.0,492,3,2,2,1,3,2,4,3,3,2,2,2,0.0,0.0,0.0,0,0.0,0.0,9.0,7.0,9.0,11.0,9.0,8
493,493,45,33,564150.0,138350.0,10450033,4,0,4,0,0,0,0,138350.0,564150.0,493,3,2,2,1,3,2,4,3,3,2,2,2,0.0,0.0,0.0,0,0.0,0.0,9.0,7.0,9.0,11.0,9.0,8
494,494,45,34,564250.0,138350.0,10450034,4,0,4,0,0,0,0,138350.0,564250.0,494,3,2,2,2,3,2,4,3,3,2,2,2,0.0,0.0,0.0,0,0.0,0.0,9.0,8.0,9.0,11.0,9.0,8
495,495,45,35,564350.0,138350.0,10450035,4,0,4,0,0,0,0,138350.0,564350.0,495,3,2,3,2,3,2,4,3,3,2,2,2,0.0,0.0,0.0,0,0.0,0.0,9.0,9.0,9.0,11.0,9.0,8
496,496,45,36,564450.0,138350.0,10450036,4,0,4,0,0,0,0,138350.0,564450.0,496,3,2,3,2,3,2,4,3,3,2,2,2,0.0,0.0,0.0,0,0.0,0.0,9.0,9.0,9.0,11.0,9.0,8
497,497,45,37,564550.0,138350.0,10450037,4,0,4,0,0,0,0,138350.0,564550.0,497,3,2,3,2,3,2,4,3,2,2,1,2,0.0,0.0,0.0,0,0.0,0.0,9.0,9.0,9.0,11.0,8.0,7
498,498,45,38,564650.0,138350.0,10450038,4,0,4,0,0,0,0,138350.0,564650.0,498,3,2,3,2,3,3,4,3,2,2,1,2,0.0,0.0,0.0,0,0.0,0.0,9.0,9.0,10.0,11.0,8.0,7
499,499,45,39,564750.0,138350.0,10450039,4,0,4,0,0,0,0,138350.0,564750.0,499,2,2,3,2,2,2,4,3,2,2,1,2,0.0,0.0,0.0,0,0.0,0.0,8.0,9.0,8.0,11.0,8.0,7
500,500,45,40,564850.0,138350.0,10450040,4,0,4,0,0,0,0,138350.0,564850.0,500,2,2,3,2,2,2,4,3,2,2,1,2,0.0,0.0,0.0,0,0.0,0.0,8.0,9.0,8.0,11.0,8.0,7
501,501,45,41,564950.0,138350.0,10450041,4,0,4,0,0,0,0,138350.0,564950.0,501,2,1,3,2,3,2,4,3,2,2,1,2,0.0,0.0,0.0,0,0.0,0.0,7.0,9.0,9.0,11.0,8.0,7
502,502,45,42,565050.0,138350.0,10450042,3,0,4,0,0,0,0,138350.0,565050.0,502,1,1,3,2,3,2,4,3,1,2,1,1,0.0,0.0,0.0,0,0.0,0.0,5.0,9.0,8.0,11.0,6.0,6
503,503,45,43,565150.0,138350.0,10450043,3,0,3,0,0,0,0,138350.0,565150.0,503,1,1,3,2,3,2,4,3,1,2,0,1,0.0,0.0,0.0,0,0.0,0.0,5.0,8.0,8.0,10.0,6.0,4
504,504,45,44,565250.0,138350.0,10450044,2,0,3,0,0,0,0,138350.0,565250.0,504,1,2,3,2,2,2,4,3,0,2,0,1,0.0,0.0,0.0,0,0.0,0.0,5.0,8.0,6.0,10.0,4.0,4
505,505,45,45,565350.0,138350.0,10450045,2,0,3,0,0,0,0,138350.0,565350.0,505,1,2,3,3,2,2,4,3,0,2,0,1,0.0,0.0,0.0,0,0.0,0.0,5.0,9.0,6.0,10.0,4.0,4
506,506,45,46,565450.0,138350.0,10450046,1,0,3,0,0,0,0,138350.0,565450.0,506,1,2,2,3,2,3,4,3,0,3,0,1,0.0,0.0,0.0,0,0.0,0.0,4.0,8.0,6.0,10.0,4.0,4
507,507,45,47,565550.0,138350.0,10450047,1,0,3,0,0,0,0,138350.0,565550.0,507,1,3,1,3,2,3,4,3,0,3,0,1,0.0,0.0,0.0,0,0.25,0.0,5.25,7.0,6.0,10.0,4.0,4
508,508,45,48,565650.0,138350.0,10450048,0,0,3,0,0,0,0,138350.0,565650.0,508,0,3,1,3,2,3,4,3,0,4,0,2,0.0,0.0,0.0,0,2.5,0.0,5.5,7.0,5.0,10.0,4.0,5
509,509,45,49,565750.0,138350.0,10450049,0,0,3,0,0,0,0,138350.0,565750.0,509,0,3,1,3,2,3,4,3,0,4,0,2,0.0,0.0,0.0,0,2.5,0.0,5.5,7.0,5.0,10.0,4.0,5
510,510,45,50,565850.0,138350.0,10450050,0,0,3,0,0,0,0,138350.0,565850.0,510,0,3,1,3,2,4,4,3,0,4,0,2,0.0,0.0,0.0,0,2.5,0.0,5.5,7.0,6.0,10.0,4.0,5
511,511,45,51,565950.0,138350.0,10450051,0,0,3,0,0,0,0,138350.0,565950.0,511,0,3,1,3,2,4,4,3,2,4,0,1,0.0,0.0,0.0,0,2.25,0.0,5.25,7.0,6.0,10.0,6.0,4
512,512,45,52,566050.0,138350.0,10450052,1,0,3,0,0,0,0,138350.0,566050.0,512,0,3,1,3,2,4,4,3,3,4,0,1,0.0,0.0,0.0,0,2.25,1.5,6.25,8.5,7.0,10.0,8.0,4
513,513,45,53,566150.0,138350.0,10450053,1,0,3,0,0,0,0,138350.0,566150.0,513,0,2,1,3,2,4,4,3,3,4,0,1,0.0,0.0,0.0,0,2.25,1.5,5.25,8.5,7.0,10.0,8.0,4
514,514,45,54,566250.0,138350.0,10450054,1,0,3,0,0,0,0,138350.0,566250.0,514,0,1,1,3,1,4,4,3,3,4,0,1,0.0,0.0,0.0,0,2.25,1.5,4.25,8.5,6.0,10.0,8.0,4
515,515,45,55,566350.0,138350.0,10450055,1,0,3,0,0,0,0,138350.0,566350.0,515,0,1,1,3,1,3,4,3,4,4,0,1,0.0,0.0,0.0,0,2.25,1.5,4.25,8.5,5.0,10.0,9.0,4
516,516,45,56,566450.0,138350.0,10450056,1,0,3,0,0,0,0,138350.0,566450.0,516,0,1,1,3,1,3,4,3,4,4,0,0,0.0,0.0,0.0,0,1.25,0.75,3.25,7.75,5.0,10.0,9.0,3
517,517,45,57,566550.0,138350.0,10450057,1,0,3,0,0,0,0,138350.0,566550.0,517,0,1,1,3,1,3,4,3,4,4,0,0,0.0,0.0,0.0,0,1.5,0.75,3.5,7.75,5.0,10.0,9.0,3
518,518,45,58,566650.0,138350.0,10450058,1,0,3,0,0,0,0,138350.0,566650.0,518,0,1,1,3,1,2,4,3,4,4,0,0,0.0,0.0,0.0,0,0.75,0.75,2.75,7.75,4.0,10.0,9.0,3
519,519,45,59,566750.0,138350.0,10450059,1,0,3,0,0,0,0,138350.0,566750.0,519,0,1,0,3,1,2,4,3,4,4,1,0,0.0,0.0,0.0,0,0.75,0.25,2.75,6.25,4.0,10.0,9.0,4
520,520,45,60,566850.0,138350.0,10450060,2,0,2,0,0,0,0,138350.0,566850.0,520,0,1,0,4,1,2,4,3,4,4,1,0,0.0,0.0,0.0,0,0.0,0.25,3.0,6.25,5.0,9.0,10.0,3
521,521,45,61,566950.0,138350.0,10450061,2,0,2,0,0,0,0,138350.0,566950.0,521,0,1,0,4,2,1,4,3,4,4,1,0,0.0,0.0,0.0,0,0.0,0.25,3.0,6.25,5.0,9.0,10.0,3
522,522,45,62,567050.0,138350.0,10450062,2,0,2,0,0,0,0,138350.0,567050.0,522,0,1,0,4,2,1,4,3,4,4,1,0,0.0,0.0,0.0,0,0.0,0.0,3.0,6.0,5.0,9.0,10.0,3
523,523,45,63,567150.0,138350.0,10450063,1,0,2,0,0,0,0,138350.0,567150.0,523,1,2,0,4,2,1,4,3,4,4,1,0,0.0,0.0,0.0,0,0.0,0.0,4.0,6.0,4.0,9.0,9.0,3
524,524,45,64,567250.0,138350.0,10450064,1,0,3,0,0,0,0,138350.0,567250.0,524,2,2,0,4,2,1,4,3,3,4,1,0,0.0,0.0,0.0,0,0.0,0.0,5.0,7.0,4.0,10.0,8.0,4
525,525,45,65,567350.0,138350.0,10450065,1,0,3,0,0,0,0,138350.0,567350.0,525,3,2,0,3,2,1,0,3,3,4,1,0,0.0,0.0,0.0,0,0.0,0.0,6.0,6.0,4.0,6.0,8.0,4
526,526,45,66,567450.0,138350.0,10450066,1,0,3,0,0,0,0,138350.0,567450.0,526,3,1,1,3,2,1,0,4,3,4,0,0,0.0,0.0,0.0,0,0.0,0.0,5.0,7.0,4.0,7.0,8.0,3
527,527,45,67,567550.0,138350.0,10450067,1,0,3,0,0,0,0,138350.0,567550.0,527,3,1,2,2,1,0,0,4,3,4,0,0,0.0,0.0,0.0,0,0.0,1.0,5.0,8.0,2.0,7.0,8.0,3
528,528,45,68,567650.0,138350.0,10450068,2,0,3,0,0,0,0,138350.0,567650.0,528,3,1,4,0,1,0,4,4,3,3,0,0,0.0,0.0,0.0,0,1.0,1.0,7.0,8.0,3.0,11.0,8.0,3
529,529,45,69,567750.0,138350.0,10450069,2,0,4,0,0,0,0,138350.0,567750.0,529,4,0,4,0,1,0,4,4,3,3,0,0,0.0,0.0,0.0,0,2.25,1.0,8.25,9.0,3.0,12.0,8.0,4
530,530,45,70,567850.0,138350.0,10450070,2,0,3,0,0,0,0,138350.0,567850.0,530,4,0,4,0,1,0,4,3,2,3,0,0,0.0,0.0,0.0,0,2.5,1.0,8.5,8.0,3.0,10.0,7.0,3
531,531,45,71,567950.0,138350.0,10450071,2,0,3,0,0,0,0,138350.0,567950.0,531,4,0,4,0,1,0,4,0,1,2,0,0,0.0,0.0,0.0,0,2.5,1.75,8.5,8.75,3.0,7.0,5.0,3
532,532,45,72,568050.0,138350.0,10450072,2,0,3,0,0,0,0,138350.0,568050.0,532,4,0,4,0,1,0,4,0,1,2,0,0,1.0,0.0,0.0,0,2.5,1.75,8.5,8.75,4.0,7.0,5.0,3
533,533,45,73,568150.0,138350.0,10450073,1,0,3,0,0,0,0,138350.0,568150.0,533,4,0,4,0,0,0,4,0,1,2,0,0,1.75,0.0,0.0,0,2.5,1.75,7.5,8.75,2.75,7.0,4.0,3
534,534,45,74,568250.0,138350.0,10450074,1,0,3,1,0,0,0,138350.0,568250.0,534,4,0,4,0,0,0,4,0,1,2,0,0,2.25,0.0,0.0,0,2.5,1.75,7.5,9.75,3.25,8.0,4.0,4
535,535,45,75,568350.0,138350.0,10450075,1,0,3,1,0,0,0,138350.0,568350.0,535,4,0,4,0,0,0,4,0,0,2,0,0,2.25,0.0,0.0,0,2.5,2.25,7.5,10.25,3.25,8.0,3.0,4
536,536,45,76,568450.0,138350.0,10450076,1,0,3,2,0,0,0,138350.0,568450.0,536,4,0,4,0,0,0,4,4,0,2,0,0,2.25,0.0,0.0,0,2.5,2.25,7.5,11.25,3.25,13.0,3.0,5
537,537,45,77,568550.0,138350.0,10450077,1,0,3,2,0,0,0,138350.0,568550.0,537,4,0,4,0,0,0,0,4,1,2,0,0,1.75,0.0,0.0,0,2.5,2.25,7.5,11.25,2.75,9.0,4.0,5
538,538,45,78,568650.0,138350.0,10450078,1,0,3,1,0,0,0,138350.0,568650.0,538,4,0,4,0,0,0,0,4,1,2,0,0,0.0,0.0,0.0,0,2.5,2.25,7.5,10.25,1.0,8.0,4.0,4
539,539,45,79,568750.0,138350.0,10450079,2,0,3,1,0,0,0,138350.0,568750.0,539,4,0,1,1,1,0,0,0,1,2,0,0,0.0,0.0,0.0,0,2.5,2.25,8.5,8.25,3.0,4.0,5.0,4
540,540,45,80,568850.0,138350.0,10450080,2,0,3,0,0,0,0,138350.0,568850.0,540,4,0,1,3,1,0,0,0,1,2,0,0,0.0,0.0,0.0,0,2.5,2.5,8.5,9.5,3.0,3.0,5.0,3
541,541,45,81,568950.0,138350.0,10450081,3,0,3,0,0,0,0,138350.0,568950.0,541,4,0,0,3,1,0,0,0,2,2,1,0,0.0,0.0,0.0,0,2.5,2.5,9.5,8.5,4.0,3.0,7.0,4
542,542,45,82,569050.0,138350.0,10450082,3,0,3,0,0,0,0,138350.0,569050.0,542,4,0,0,3,1,0,0,0,2,2,1,0,0.0,0.0,0.0,0,2.5,2.5,9.5,8.5,4.0,3.0,7.0,4
543,543,45,83,569150.0,138350.0,10450083,4,0,4,0,0,0,0,138350.0,569150.0,543,4,0,0,3,1,0,0,3,2,2,1,0,0.0,0.0,0.0,0,2.5,2.5,10.5,9.5,5.0,7.0,8.0,5
544,544,45,84,569250.0,138350.0,10450084,4,0,4,0,0,0,0,138350.0,569250.0,544,4,0,0,3,1,0,0,3,2,2,1,0,0.0,0.0,0.0,0,2.5,2.5,10.5,9.5,5.0,7.0,8.0,5
545,545,45,85,569350.0,138350.0,10450085,4,0,4,0,0,0,0,138350.0,569350.0,545,3,1,0,3,2,0,0,3,2,2,1,0,0.0,0.0,0.0,0,2.5,1.5,10.5,8.5,6.0,7.0,8.0,5
546,546,45,86,569450.0,138350.0,10450086,4,0,4,0,0,0,0,138350.0,569450.0,546,3,1,0,3,2,0,4,3,2,2,1,0,0.0,0.0,0.0,0,2.5,0.75,10.5,7.75,6.0,11.0,8.0,5
547,547,45,87,569550.0,138350.0,10450087,4,0,4,0,0,0,0,138350.0,569550.0,547,3,1,0,3,2,1,4,3,3,2,1,0,0.0,0.0,0.0,0,2.5,0.75,10.5,7.75,7.0,11.0,9.0,5
548,548,45,88,569650.0,138350.0,10450088,4,0,4,0,0,0,0,138350.0,569650.0,548,3,1,0,3,2,1,4,3,3,2,0,0,0.0,0.0,0.0,0,2.5,0.75,10.5,7.75,7.0,11.0,9.0,4
549,549,45,89,569750.0,138350.0,10450089,4,0,4,0,0,0,0,138350.0,569750.0,549,3,1,0,2,2,1,4,3,3,2,0,1,0.0,0.0,0.0,0,2.5,0.75,10.5,6.75,7.0,11.0,9.0,5
550,550,45,90,569850.0,138350.0,10450090,4,0,4,0,0,0,0,138350.0,569850.0,550,3,1,1,2,3,1,4,3,3,2,0,1,0.0,0.0,0.0,0,2.5,0.75,10.5,7.75,8.0,11.0,9.0,5
551,551,45,91,569950.0,138350.0,10450091,4,0,4,0,0,0,0,138350.0,569950.0,551,3,2,1,1,3,1,4,3,3,2,0,1,0.0,0.0,0.0,0,2.5,0.25,11.5,6.25,8.0,11.0,9.0,5
552,552,45,92,570050.0,138350.0,10450092,4,0,4,0,0,0,0,138350.0,570050.0,552,3,1,1,2,3,1,4,3,3,3,0,2,0.0,0.0,0.0,0,2.5,0.0,10.5,7.0,8.0,11.0,10.0,6
553,553,45,93,570150.0,138350.0,10450093,4,0,4,0,0,0,0,138350.0,570150.0,553,2,1,1,2,3,2,4,3,3,3,0,3,0.0,0.0,0.0,0,1.75,0.0,8.75,7.0,9.0,11.0,10.0,7
554,554,45,94,570250.0,138350.0,10450094,4,0,4,0,0,0,0,138350.0,570250.0,554,2,1,1,2,3,2,4,3,3,3,0,3,0.0,0.0,0.0,0,0.0,0.0,7.0,7.0,9.0,11.0,10.0,7
555,555,45,95,570350.0,138350.0,10450095,4,0,4,0,0,0,0,138350.0,570350.0,555,2,1,1,2,2,2,4,3,3,3,0,3,0.0,0.0,0.0,0,0.0,0.0,7.0,7.0,8.0,11.0,10.0,7
556,556,45,96,570450.0,138350.0,10450096,4,0,4,0,0,0,0,138350.0,570450.0,556,2,1,1,2,2,2,4,3,2,3,0,3,0.0,0.0,0.0,0,0.0,0.0,7.0,7.0,8.0,11.0,9.0,7
557,557,45,97,570550.0,138350.0,10450097,4,0,4,0,0,0,0,138350.0,570550.0,557,1,1,1,1,2,3,4,3,2,3,0,3,0.0,0.0,0.0,0,0.0,0.0,6.0,6.0,9.0,11.0,9.0,7
558,558,45,98,570650.0,138350.0,10450098,3,0,4,0,0,0,0,138350.0,570650.0,558,1,1,1,1,2,3,4,3,2,3,0,3,0.0,0.0,0.0,0,0.0,0.0,5.0,6.0,8.0,11.0,8.0,7
559,559,45,99,570750.0,138350.0,10450099,4,0,4,0,0,0,0,138350.0,570750.0,559,1,1,2,1,1,3,4,3,2,3,0,3,0.0,0.0,0.0,0,0.0,0.0,6.0,7.0,8.0,11.0,9.0,7
560,560,45,100,570850.0,138350.0,10450100,3,0,4,0,0,0,0,138350.0,570850.0,560,1,1,2,1,1,3,4,3,2,3,0,3,0.0,0.0,0.0,0,2.5,0.0,7.5,7.0,7.0,11.0,8.0,7
561,561,45,101,570950.0,138350.0,10450101,3,0,4,0,0,0,0,138350.0,570950.0,561,1,1,3,1,1,2,4,3,2,3,0,3,0.0,0.0,0.0,0,2.5,0.0,7.5,8.0,6.0,11.0,8.0,7
562,562,45,102,571050.0,138350.0,10450102,2,0,4,0,0,0,0,138350.0,571050.0,562,1,1,3,1,1,2,4,3,1,3,0,3,0.0,0.0,0.0,0,2.5,0.0,6.5,8.0,5.0,11.0,6.0,7
563,563,45,103,571150.0,138350.0,10450103,2,0,4,0,0,0,0,138350.0,571150.0,563,1,2,3,1,1,2,4,3,1,4,1,3,0.0,0.0,0.0,0,2.5,0.0,7.5,8.0,5.0,11.0,7.0,8
564,564,45,104,571250.0,138350.0,10450104,2,0,4,0,0,0,0,138350.0,571250.0,564,1,2,3,1,1,2,4,3,1,4,1,3,0.0,0.0,0.0,0,2.5,0.0,7.5,8.0,5.0,11.0,7.0,8
565,565,45,105,571350.0,138350.0,10450105,2,0,4,0,0,0,0,138350.0,571350.0,565,1,3,3,1,0,2,4,3,1,4,1,3,0.0,0.0,0.0,0,1.75,0.0,7.75,8.0,4.0,11.0,7.0,8
566,566,45,106,571450.0,138350.0,10450106,1,0,4,0,0,0,0,138350.0,571450.0,566,1,3,3,1,0,1,4,3,1,4,1,3,0.0,0.0,0.0,0,1.75,0.0,6.75,8.0,2.0,11.0,6.0,8
567,567,45,107,571550.0,138350.0,10450107,1,0,4,0,0,0,0,138350.0,571550.0,567,1,3,3,1,0,1,4,3,1,4,1,3,0.0,0.0,0.0,0,0.0,0.0,5.0,8.0,2.0,11.0,6.0,8
568,568,45,108,571650.0,138350.0,10450108,2,0,4,0,0,0,0,138350.0,571650.0,568,1,3,3,1,0,2,4,3,1,4,2,3,0.0,0.0,0.0,0,0.0,0.0,6.0,8.0,4.0,11.0,7.0,9
569,569,45,109,571750.0,138350.0,10450109,2,0,4,0,0,0,0,138350.0,571750.0,569,1,3,3,1,1,2,4,3,1,4,2,3,0.0,0.0,0.0,0,0.0,0.0,6.0,8.0,5.0,11.0,7.0,9
570,570,45,110,571850.0,138350.0,10450110,2,0,4,0,0,0,0,138350.0,571850.0,570,1,3,3,1,1,2,4,3,1,3,2,3,0.0,0.0,0.0,0,0.0,0.0,6.0,8.0,5.0,11.0,6.0,9
571,571,45,111,571950.0,138350.0,10450111,3,0,4,0,0,0,0,138350.0,571950.0,571,2,3,3,1,1,2,4,3,2,3,2,3,0.0,0.0,0.0,0,0.0,0.0,8.0,8.0,6.0,11.0,8.0,9
572,572,45,112,572050.0,138350.0,10450112,3,0,4,0,0,0,0,138350.0,572050.0,572,2,3,3,1,1,3,4,3,2,3,2,3,0.0,0.0,0.0,0,0.0,0.0,8.0,8.0,7.0,11.0,8.0,9
573,573,45,113,572150.0,138350.0,10450113,3,0,4,0,0,0,0,138350.0,572150.0,573,2,2,3,1,1,3,4,3,2,3,2,2,0.0,0.0,0.0,0,0.0,0.0,7.0,8.0,7.0,11.0,8.0,8
574,574,46,32,564050.0,138250.0,10460032,4,0,4,0,0,0,0,138250.0,564050.0,574,3,2,2,1,3,2,4,3,3,2,2,2,0.0,0.0,0.0,0,0.0,0.0,9.0,7.0,9.0,11.0,9.0,8
575,575,46,33,564150.0,138250.0,10460033,4,0,4,0,0,0,0,138250.0,564150.0,575,3,2,2,2,3,2,4,3,3,2,2,2,0.0,0.0,0.0,0,0.0,0.0,9.0,8.0,9.0,11.0,9.0,8
576,576,46,34,564250.0,138250.0,10460034,4,0,4,0,0,0,0,138250.0,564250.0,576,3,2,3,2,3,2,4,3,3,2,2,2,0.0,0.0,0.0,0,0.0,0.0,9.0,9.0,9.0,11.0,9.0,8
577,577,46,35,564350.0,138250.0,10460035,4,0,4,0,0,0,0,138250.0,564350.0,577,3,2,3,2,3,2,4,3,3,2,2,2,0.0,0.0,0.0,0,0.0,0.0,9.0,9.0,9.0,11.0,9.0,8
578,578,46,36,564450.0,138250.0,10460036,4,0,4,0,0,0,0,138250.0,564450.0,578,3,2,3,2,3,2,4,3,3,2,2,2,0.0,0.0,0.0,0,0.0,0.0,9.0,9.0,9.0,11.0,9.0,8
579,579,46,37,564550.0,138250.0,10460037,4,0,4,0,0,0,0,138250.0,564550.0,579,3,2,3,2,3,3,4,3,2,2,1,2,0.0,0.0,0.0,0,0.0,0.0,9.0,9.0,10.0,11.0,8.0,7
580,580,46,38,564650.0,138250.0,10460038,4,0,4,0,0,0,0,138250.0,564650.0,580,2,2,3,2,2,2,4,3,2,2,1,2,0.0,0.0,0.0,0,0.0,0.0,8.0,9.0,8.0,11.0,8.0,7
581,581,46,39,564750.0,138250.0,10460039,4,0,4,0,0,0,0,138250.0,564750.0,581,2,2,3,2,2,2,4,3,2,2,1,2,0.0,0.0,0.0,0,0.0,0.0,8.0,9.0,8.0,11.0,8.0,7
582,582,46,40,564850.0,138250.0,10460040,4,0,4,0,0,0,0,138250.0,564850.0,582,2,1,3,2,3,2,4,3,2,2,1,2,0.0,0.0,0.0,0,0.0,0.0,7.0,9.0,9.0,11.0,8.0,7
583,583,46,41,564950.0,138250.0,10460041,4,0,4,0,0,0,0,138250.0,564950.0,583,1,1,3,2,3,2,4,3,1,2,1,2,0.0,0.0,0.0,0,0.0,0.0,6.0,9.0,9.0,11.0,7.0,7
584,584,46,42,565050.0,138250.0,10460042,3,0,3,0,0,0,0,138250.0,565050.0,584,1,1,3,2,3,2,4,3,1,2,0,2,0.0,0.0,0.0,0,0.0,0.0,5.0,8.0,8.0,10.0,6.0,5
585,585,46,43,565150.0,138250.0,10460043,3,0,3,0,0,0,0,138250.0,565150.0,585,1,1,3,2,2,2,4,3,1,2,0,2,0.0,0.0,0.0,0,0.0,0.0,5.0,8.0,7.0,10.0,6.0,5
586,586,46,44,565250.0,138250.0,10460044,2,0,3,0,0,0,0,138250.0,565250.0,586,1,2,3,3,2,2,4,3,0,3,0,2,0.0,0.0,0.0,0,0.0,0.0,5.0,9.0,6.0,10.0,5.0,5
587,587,46,45,565350.0,138250.0,10460045,2,0,2,0,0,0,0,138250.0,565350.0,587,1,2,2,3,2,3,4,3,0,3,0,2,0.0,0.0,0.0,0,0.0,0.0,5.0,7.0,7.0,9.0,5.0,4
588,588,46,46,565450.0,138250.0,10460046,1,0,2,0,0,0,0,138250.0,565450.0,588,1,2,1,3,2,3,4,3,0,3,0,2,0.0,0.0,0.0,0,0.0,0.0,4.0,6.0,6.0,9.0,4.0,4
589,589,46,47,565550.0,138250.0,10460047,1,0,2,0,0,0,0,138250.0,565550.0,589,1,3,1,3,2,3,4,3,0,4,0,2,0.0,0.0,0.0,0,0.75,0.0,5.75,6.0,6.0,9.0,5.0,4
590,590,46,48,565650.0,138250.0,10460048,0,0,2,0,0,0,0,138250.0,565650.0,590,0,3,1,3,2,3,4,3,0,4,0,2,0.0,0.0,0.0,0,2.5,0.0,5.5,6.0,5.0,9.0,4.0,4
591,591,46,49,565750.0,138250.0,10460049,0,0,2,0,0,0,0,138250.0,565750.0,591,0,3,1,3,2,4,4,3,0,4,0,2,0.0,0.0,0.0,0,2.5,0.0,5.5,6.0,6.0,9.0,4.0,4
592,592,46,50,565850.0,138250.0,10460050,0,0,3,0,0,0,0,138250.0,565850.0,592,0,3,1,3,2,4,4,3,1,4,0,2,0.0,0.0,0.0,0,2.25,0.0,5.25,7.0,6.0,10.0,5.0,5
593,593,46,51,565950.0,138250.0,10460051,0,0,3,0,0,0,0,138250.0,565950.0,593,0,3,1,3,2,4,4,3,3,4,0,2,0.0,0.0,0.0,0,2.25,2.5,5.25,9.5,6.0,10.0,7.0,5
594,594,46,52,566050.0,138250.0,10460052,1,0,3,0,0,0,0,138250.0,566050.0,594,0,3,1,3,1,4,4,3,3,4,0,2,0.0,0.0,0.0,0,2.25,2.5,6.25,9.5,6.0,10.0,8.0,5
595,595,46,53,566150.0,138250.0,10460053,1,0,3,0,0,0,0,138250.0,566150.0,595,0,2,0,3,1,4,4,3,3,4,0,1,0.0,0.0,0.0,0,2.25,2.5,5.25,8.5,6.0,10.0,8.0,4
596,596,46,54,566250.0,138250.0,10460054,1,0,3,0,0,0,0,138250.0,566250.0,596,0,1,0,3,1,3,4,3,4,4,0,1,0.0,0.0,0.0,0,2.25,2.5,4.25,8.5,5.0,10.0,9.0,4
597,597,46,55,566350.0,138250.0,10460055,0,0,3,0,0,0,0,138250.0,566350.0,597,0,1,0,4,1,3,4,3,4,4,0,1,0.0,0.0,0.0,0,2.25,1.5,3.25,8.5,4.0,10.0,8.0,4
598,598,46,56,566450.0,138250.0,10460056,0,0,3,0,0,0,0,138250.0,566450.0,598,0,1,0,4,1,3,4,3,4,4,0,0,0.0,0.0,0.0,0,2.25,1.5,3.25,8.5,4.0,10.0,8.0,3
599,599,46,57,566550.0,138250.0,10460057,0,0,3,0,0,0,0,138250.0,566550.0,599,0,1,0,4,1,2,4,3,4,4,0,0,0.0,0.0,0.0,0,1.25,0.75,2.25,7.75,3.0,10.0,8.0,3
600,600,46,58,566650.0,138250.0,10460058,1,0,3,0,0,0,0,138250.0,566650.0,600,0,1,0,4,1,2,4,3,4,4,0,0,0.0,0.0,0.0,0,0.75,0.75,2.75,7.75,4.0,10.0,9.0,3
601,601,46,59,566750.0,138250.0,10460059,1,0,3,0,0,0,0,138250.0,566750.0,601,0,1,0,4,1,2,4,3,4,4,0,0,0.0,0.0,0.0,0,0.75,0.75,2.75,7.75,4.0,10.0,9.0,3
602,602,46,60,566850.0,138250.0,10460060,2,0,3,0,0,0,0,138250.0,566850.0,602,0,1,0,4,1,2,4,3,4,4,0,0,0.0,0.0,0.0,0,0.0,0.25,3.0,7.25,5.0,10.0,10.0,3
603,603,46,61,566950.0,138250.0,10460061,2,0,3,0,0,0,0,138250.0,566950.0,603,0,1,0,4,1,1,4,3,4,4,0,0,0.0,0.0,0.0,0,0.0,0.25,3.0,7.25,4.0,10.0,10.0,3
604,604,46,62,567050.0,138250.0,10460062,2,0,3,0,0,0,0,138250.0,567050.0,604,1,2,0,4,1,1,4,3,4,4,0,0,0.0,0.0,0.0,0,0.0,0.25,5.0,7.25,4.0,10.0,10.0,3
605,605,46,63,567150.0,138250.0,10460063,2,0,3,0,0,0,0,138250.0,567150.0,605,1,2,0,4,1,1,0,3,4,4,0,0,0.0,0.0,0.0,0,0.0,0.0,5.0,7.0,4.0,6.0,10.0,3
606,606,46,64,567250.0,138250.0,10460064,2,0,3,0,0,0,0,138250.0,567250.0,606,2,2,0,4,1,1,0,4,4,4,0,0,0.0,0.0,0.0,0,0.0,0.0,6.0,7.0,4.0,7.0,10.0,3
607,607,46,65,567350.0,138250.0,10460065,1,0,3,0,0,0,0,138250.0,567350.0,607,3,1,0,3,1,1,0,4,4,4,0,0,0.0,0.0,0.0,0,0.0,0.0,5.0,6.0,3.0,7.0,9.0,3
608,608,46,66,567450.0,138250.0,10460066,2,0,3,0,0,0,0,138250.0,567450.0,608,3,1,1,3,1,0,0,4,3,4,0,0,0.0,0.0,0.0,0,0.0,0.0,6.0,7.0,3.0,7.0,9.0,3
609,609,46,67,567550.0,138250.0,10460067,2,0,3,0,0,0,0,138250.0,567550.0,609,3,1,1,2,1,0,0,4,3,4,0,0,0.0,0.0,0.0,0,0.0,1.0,6.0,7.0,3.0,7.0,9.0,3
610,610,46,68,567650.0,138250.0,10460068,2,0,3,0,0,0,0,138250.0,567650.0,610,3,0,4,0,1,0,4,4,3,3,0,0,0.0,0.0,0.0,0,1.0,1.0,6.0,8.0,3.0,11.0,8.0,3
611,611,46,69,567750.0,138250.0,10460069,2,0,3,0,0,0,0,138250.0,567750.0,611,4,0,4,0,1,0,4,4,3,3,0,0,0.0,0.0,0.0,0,2.25,1.0,8.25,8.0,3.0,11.0,8.0,3
612,612,46,70,567850.0,138250.0,10460070,2,0,3,0,0,0,0,138250.0,567850.0,612,4,0,4,0,1,0,4,4,2,3,0,0,0.0,0.0,0.0,0,2.5,1.75,8.5,8.75,3.0,11.0,7.0,3
613,613,46,71,567950.0,138250.0,10460071,2,0,3,0,0,0,0,138250.0,567950.0,613,4,0,4,0,1,0,4,0,1,3,0,0,1.0,0.0,0.0,0,2.5,1.75,8.5,8.75,4.0,7.0,6.0,3
614,614,46,72,568050.0,138250.0,10460072,1,0,3,0,0,0,0,138250.0,568050.0,614,4,0,4,0,0,0,4,0,1,3,0,0,2.25,0.0,0.0,0,2.5,1.75,7.5,8.75,3.25,7.0,5.0,3
615,615,46,73,568150.0,138250.0,10460073,1,0,3,0,0,0,0,138250.0,568150.0,615,4,0,4,0,0,0,4,0,0,2,0,0,2.5,0.0,0.0,0,2.5,1.75,7.5,8.75,3.5,7.0,3.0,3
616,616,46,74,568250.0,138250.0,10460074,1,0,3,1,0,0,0,138250.0,568250.0,616,4,0,4,0,0,0,4,0,0,3,0,0,2.5,0.0,0.0,0,2.5,2.25,7.5,10.25,3.5,8.0,4.0,4
617,617,46,75,568350.0,138250.0,10460075,0,0,3,2,0,0,0,138250.0,568350.0,617,4,0,4,0,0,0,4,0,0,2,0,0,2.5,0.0,0.0,0,2.5,2.25,6.5,11.25,2.5,9.0,2.0,5
618,618,46,76,568450.0,138250.0,10460076,1,0,3,3,0,0,0,138250.0,568450.0,618,4,0,4,0,0,0,4,3,0,2,0,0,2.5,0.0,0.0,0,2.5,2.25,7.5,12.25,3.5,13.0,3.0,6
619,619,46,77,568550.0,138250.0,10460077,1,0,3,3,0,0,0,138250.0,568550.0,619,4,0,4,0,0,0,4,4,0,2,0,0,1.75,0.0,0.0,0,2.5,2.5,7.5,12.5,2.75,14.0,3.0,6
620,620,46,78,568650.0,138250.0,10460078,1,0,2,2,0,0,0,138250.0,568650.0,620,4,0,4,0,0,0,0,4,1,2,0,0,1.0,0.0,0.0,0,2.5,2.5,7.5,10.5,2.0,8.0,4.0,4
621,621,46,79,568750.0,138250.0,10460079,2,0,2,1,0,0,0,138250.0,568750.0,621,4,0,1,0,0,0,0,0,1,2,0,0,0.0,0.0,0.0,0,2.5,2.5,8.5,6.5,2.0,3.0,5.0,3
622,622,46,80,568850.0,138250.0,10460080,2,0,3,0,0,0,0,138250.0,568850.0,622,4,0,1,2,1,0,0,0,1,2,0,0,0.0,0.0,0.0,0,2.5,2.5,8.5,8.5,3.0,3.0,5.0,3
623,623,46,81,568950.0,138250.0,10460081,2,0,3,0,0,0,0,138250.0,568950.0,623,4,0,0,3,1,0,0,0,1,2,0,0,0.0,0.0,0.0,0,2.5,2.5,8.5,8.5,3.0,3.0,5.0,3
624,624,46,82,569050.0,138250.0,10460082,3,0,3,0,0,0,0,138250.0,569050.0,624,4,0,0,3,1,0,0,0,2,2,1,0,0.0,0.0,0.0,0,2.5,2.5,9.5,8.5,4.0,3.0,7.0,4
625,625,46,83,569150.0,138250.0,10460083,3,0,3,0,0,0,0,138250.0,569150.0,625,4,0,0,3,1,0,0,0,2,2,1,0,0.0,0.0,0.0,0,2.5,2.5,9.5,8.5,4.0,3.0,7.0,4
626,626,46,84,569250.0,138250.0,10460084,4,0,4,0,0,0,0,138250.0,569250.0,626,3,0,0,3,1,0,0,3,2,2,1,0,0.0,0.0,0.0,0,2.5,2.5,9.5,9.5,5.0,7.0,8.0,5
627,627,46,85,569350.0,138250.0,10460085,4,0,4,0,0,0,0,138250.0,569350.0,627,3,0,0,3,2,0,0,3,2,2,1,0,0.0,0.0,0.0,0,2.5,2.5,9.5,9.5,6.0,7.0,8.0,5
628,628,46,86,569450.0,138250.0,10460086,4,0,4,0,0,0,0,138250.0,569450.0,628,3,1,0,3,2,0,0,3,2,2,1,0,0.0,0.0,0.0,0,2.5,1.5,10.5,8.5,6.0,7.0,8.0,5
629,629,46,87,569550.0,138250.0,10460087,4,0,4,0,0,0,0,138250.0,569550.0,629,3,1,0,3,2,1,4,3,3,2,0,0,0.0,0.0,0.0,0,2.5,0.25,10.5,7.25,7.0,11.0,9.0,4
630,630,46,88,569650.0,138250.0,10460088,4,0,4,0,0,0,0,138250.0,569650.0,630,3,1,0,3,2,1,4,3,3,2,0,0,0.0,0.0,0.0,0,2.5,0.0,10.5,7.0,7.0,11.0,9.0,4
631,631,46,89,569750.0,138250.0,10460089,4,0,4,0,0,0,0,138250.0,569750.0,631,3,1,0,3,2,1,4,3,3,2,0,1,0.0,0.0,0.0,0,2.5,0.25,10.5,7.25,7.0,11.0,9.0,5
632,632,46,90,569850.0,138250.0,10460090,4,0,4,0,0,0,0,138250.0,569850.0,632,3,1,0,3,3,1,4,3,3,2,0,1,0.0,0.0,0.0,0,2.5,0.75,10.5,7.75,8.0,11.0,9.0,5
633,633,46,91,569950.0,138250.0,10460091,4,0,4,0,0,0,0,138250.0,569950.0,633,3,1,1,2,3,1,4,3,3,3,0,2,0.0,0.0,0.0,0,2.5,0.25,10.5,7.25,8.0,11.0,10.0,6
634,634,46,92,570050.0,138250.0,10460092,4,0,4,0,0,0,0,138250.0,570050.0,634,3,1,1,2,3,1,4,3,3,3,0,3,0.0,0.0,0.0,0,2.5,0.0,10.5,7.0,8.0,11.0,10.0,7
635,635,46,93,570150.0,138250.0,10460093,4,0,4,0,0,0,0,138250.0,570150.0,635,2,1,1,2,3,2,4,3,3,3,0,3,0.0,0.0,0.0,0,2.5,0.0,9.5,7.0,9.0,11.0,10.0,7
636,636,46,94,570250.0,138250.0,10460094,4,0,4,0,0,0,0,138250.0,570250.0,636,2,1,1,2,2,2,4,3,3,3,0,3,0.0,0.0,0.0,0,2.5,0.0,9.5,7.0,8.0,11.0,10.0,7
637,637,46,95,570350.0,138250.0,10460095,4,0,4,0,0,0,0,138250.0,570350.0,637,2,1,1,2,2,2,4,3,3,3,0,3,0.0,0.0,0.0,0,2.5,0.0,9.5,7.0,8.0,11.0,10.0,7
638,638,46,96,570450.0,138250.0,10460096,4,0,4,0,0,0,0,138250.0,570450.0,638,2,1,1,2,2,2,4,3,2,3,0,3,0.0,0.0,0.0,0,2.5,0.0,9.5,7.0,8.0,11.0,9.0,7
639,639,46,97,570550.0,138250.0,10460097,4,0,4,0,0,0,0,138250.0,570550.0,639,1,1,1,2,2,3,4,3,2,3,0,3,0.0,0.0,0.0,0,2.5,0.0,8.5,7.0,9.0,11.0,9.0,7
640,640,46,98,570650.0,138250.0,10460098,4,0,4,0,0,0,0,138250.0,570650.0,640,1,1,1,1,2,3,4,3,2,3,0,3,0.0,0.0,0.0,0,2.5,0.0,8.5,6.0,9.0,11.0,9.0,7
641,641,46,99,570750.0,138250.0,10460099,3,0,4,0,0,0,0,138250.0,570750.0,641,1,1,1,1,1,3,4,3,2,3,0,3,0.0,0.0,0.0,0,2.5,0.0,7.5,6.0,7.0,11.0,8.0,7
642,642,46,100,570850.0,138250.0,10460100,3,0,4,0,0,0,0,138250.0,570850.0,642,1,1,2,1,1,2,4,3,2,3,0,3,0.0,0.0,0.0,0,2.5,0.0,7.5,7.0,6.0,11.0,8.0,7
643,643,46,101,570950.0,138250.0,10460101,2,0,4,0,0,0,0,138250.0,570950.0,643,1,1,2,1,1,2,4,3,1,3,0,3,0.0,0.0,0.0,0,2.5,0.0,6.5,7.0,5.0,11.0,6.0,7
644,644,46,102,571050.0,138250.0,10460102,2,0,4,0,0,0,0,138250.0,571050.0,644,1,2,3,1,1,2,4,3,1,4,0,3,0.0,0.0,0.0,0,2.5,0.0,7.5,8.0,5.0,11.0,7.0,7
645,645,46,103,571150.0,138250.0,10460103,2,0,4,0,0,0,0,138250.0,571150.0,645,1,2,3,1,0,2,4,3,1,4,1,3,0.0,0.0,0.0,0,2.5,0.0,7.5,8.0,4.0,11.0,7.0,8
646,646,46,104,571250.0,138250.0,10460104,1,0,4,0,0,0,0,138250.0,571250.0,646,0,3,3,1,0,1,4,3,1,4,1,3,0.0,0.0,0.0,0,2.5,0.0,6.5,8.0,2.0,11.0,6.0,8
647,647,46,105,571350.0,138250.0,10460105,1,0,4,0,0,0,0,138250.0,571350.0,647,0,3,3,1,0,1,4,3,0,4,1,3,0.0,0.0,0.0,0,2.5,0.0,6.5,8.0,2.0,11.0,5.0,8
648,648,46,106,571450.0,138250.0,10460106,1,0,4,0,0,0,0,138250.0,571450.0,648,0,3,3,1,0,1,4,3,0,4,1,3,0.0,0.0,0.0,0,2.5,0.0,6.5,8.0,2.0,11.0,5.0,8
649,649,46,107,571550.0,138250.0,10460107,1,0,4,0,0,0,0,138250.0,571550.0,649,1,3,3,1,0,1,4,3,0,4,1,3,0.0,0.0,0.0,0,2.5,0.0,7.5,8.0,2.0,11.0,5.0,8
650,650,46,108,571650.0,138250.0,10460108,1,0,4,0,0,0,0,138250.0,571650.0,650,1,3,3,1,0,1,4,3,1,4,2,3,0.0,0.0,0.0,0,2.25,0.0,7.25,8.0,2.0,11.0,6.0,9
651,651,46,109,571750.0,138250.0,10460109,1,0,4,0,0,0,0,138250.0,571750.0,651,1,3,3,1,0,1,4,3,1,4,2,3,0.0,0.0,0.0,0,0.0,0.0,5.0,8.0,2.0,11.0,6.0,9
652,652,46,110,571850.0,138250.0,10460110,2,0,4,0,0,0,0,138250.0,571850.0,652,1,3,3,1,1,2,4,3,1,4,2,3,0.0,0.0,0.0,0,0.0,0.0,6.0,8.0,5.0,11.0,7.0,9
653,653,46,111,571950.0,138250.0,10460111,2,0,4,0,0,0,0,138250.0,571950.0,653,2,3,3,1,1,2,4,3,1,3,2,3,0.0,0.0,0.0,0,0.0,0.0,7.0,8.0,5.0,11.0,6.0,9
654,654,46,112,572050.0,138250.0,10460112,3,0,4,0,0,0,0,138250.0,572050.0,654,2,3,3,1,1,2,4,3,2,3,2,3,0.0,0.0,0.0,0,0.0,0.0,8.0,8.0,6.0,11.0,8.0,9
655,655,46,113,572150.0,138250.0,10460113,3,0,4,0,0,0,0,138250.0,572150.0,655,2,2,3,1,1,3,4,3,2,3,2,2,0.0,0.0,0.0,0,0.0,0.0,7.0,8.0,7.0,11.0,8.0,8
656,656,47,32,564050.0,138150.0,10470032,4,0,4,0,0,0,0,138150.0,564050.0,656,3,2,2,1,3,2,4,3,3,2,2,2,0.0,0.0,0.0,0,0.0,0.0,9.0,7.0,9.0,11.0,9.0,8
657,657,47,33,564150.0,138150.0,10470033,4,0,4,0,0,0,0,138150.0,564150.0,657,3,2,2,2,3,2,4,3,3,2,2,2,0.0,0.0,0.0,0,0.0,0.0,9.0,8.0,9.0,11.0,9.0,8
658,658,47,34,564250.0,138150.0,10470034,4,0,4,0,0,0,0,138150.0,564250.0,658,3,2,3,2,3,2,4,3,3,2,2,2,0.0,0.0,0.0,0,0.0,0.0,9.0,9.0,9.0,11.0,9.0,8
659,659,47,35,564350.0,138150.0,10470035,4,0,4,0,0,0,0,138150.0,564350.0,659,3,2,3,2,3,2,4,3,3,2,2,2,0.0,0.0,0.0,0,0.0,0.0,9.0,9.0,9.0,11.0,9.0,8
660,660,47,36,564450.0,138150.0,10470036,4,0,4,0,0,0,0,138150.0,564450.0,660,3,2,3,2,3,2,4,3,3,2,1,2,0.0,0.0,0.0,0,0.0,0.0,9.0,9.0,9.0,11.0,9.0,7
661,661,47,37,564550.0,138150.0,10470037,4,0,4,0,0,0,0,138150.0,564550.0,661,3,2,3,2,2,2,4,3,2,2,1,2,0.0,0.0,0.0,0,0.0,0.0,9.0,9.0,8.0,11.0,8.0,7
662,662,47,38,564650.0,138150.0,10470038,4,0,4,0,0,0,0,138150.0,564650.0,662,2,2,3,2,2,2,4,3,2,2,1,2,0.0,0.0,0.0,0,0.0,0.0,8.0,9.0,8.0,11.0,8.0,7
663,663,47,39,564750.0,138150.0,10470039,4,0,4,0,0,0,0,138150.0,564750.0,663,2,2,3,2,2,2,4,3,2,2,1,2,0.0,0.0,0.0,0,0.0,0.0,8.0,9.0,8.0,11.0,8.0,7
664,664,47,40,564850.0,138150.0,10470040,4,0,4,0,0,0,0,138150.0,564850.0,664,2,1,3,2,3,2,4,3,2,2,1,2,0.0,0.0,0.0,0,0.0,0.0,7.0,9.0,9.0,11.0,8.0,7
665,665,47,41,564950.0,138150.0,10470041,4,0,3,0,0,0,0,138150.0,564950.0,665,1,1,3,2,3,2,4,3,2,2,1,2,0.0,0.0,0.0,0,0.0,0.0,6.0,8.0,9.0,10.0,8.0,6
666,666,47,42,565050.0,138150.0,10470042,3,0,3,0,0,0,0,138150.0,565050.0,666,1,1,3,2,2,2,4,3,1,2,0,2,0.0,0.0,0.0,0,0.0,0.0,5.0,8.0,7.0,10.0,6.0,5
667,667,47,43,565150.0,138150.0,10470043,3,0,3,0,0,0,0,138150.0,565150.0,667,1,1,3,2,2,2,4,3,1,3,0,2,0.0,0.0,0.0,0,0.0,0.0,5.0,8.0,7.0,10.0,7.0,5
668,668,47,44,565250.0,138150.0,10470044,2,0,2,0,0,0,0,138150.0,565250.0,668,1,1,2,3,2,2,4,3,1,3,0,2,0.0,0.0,0.0,0,0.0,0.0,4.0,7.0,6.0,9.0,6.0,4
669,669,47,45,565350.0,138150.0,10470045,2,0,2,0,0,0,0,138150.0,565350.0,669,1,2,1,3,2,3,4,3,1,3,0,2,0.0,0.0,0.0,0,0.0,0.0,5.0,6.0,7.0,9.0,6.0,4
670,670,47,46,565450.0,138150.0,10470046,1,0,2,0,0,0,0,138150.0,565450.0,670,1,2,1,3,2,3,4,3,0,4,0,2,0.0,0.0,0.0,0,0.25,0.0,4.25,6.0,6.0,9.0,5.0,4
671,671,47,47,565550.0,138150.0,10470047,1,0,2,0,0,0,0,138150.0,565550.0,671,0,2,1,3,2,3,4,3,1,4,0,2,0.0,0.0,0.0,0,0.75,0.0,3.75,6.0,6.0,9.0,6.0,4
672,672,47,48,565650.0,138150.0,10470048,0,0,2,0,0,0,0,138150.0,565650.0,672,0,3,1,3,2,3,4,3,1,4,0,3,0.0,0.0,0.0,0,2.5,0.0,5.5,6.0,5.0,9.0,5.0,5
673,673,47,49,565750.0,138150.0,10470049,0,0,2,0,0,0,0,138150.0,565750.0,673,0,3,1,3,2,4,4,3,2,4,0,3,0.0,0.0,0.0,0,2.5,0.0,5.5,6.0,6.0,9.0,6.0,5
674,674,47,50,565850.0,138150.0,10470050,0,0,2,0,0,0,0,138150.0,565850.0,674,0,3,1,3,1,4,4,3,3,4,0,3,0.0,0.0,0.0,0,2.25,0.0,5.25,6.0,5.0,9.0,7.0,5
675,675,47,51,565950.0,138150.0,10470051,1,0,2,0,0,0,0,138150.0,565950.0,675,0,3,0,3,1,4,4,3,3,4,0,3,0.0,0.0,0.0,0,2.25,2.5,6.25,7.5,6.0,9.0,8.0,5
676,676,47,52,566050.0,138150.0,10470052,1,0,2,0,0,0,0,138150.0,566050.0,676,0,3,0,4,1,4,4,3,4,4,0,2,0.0,0.0,0.0,0,2.25,2.5,6.25,8.5,6.0,9.0,9.0,4
677,677,47,53,566150.0,138150.0,10470053,1,0,2,0,0,0,0,138150.0,566150.0,677,0,3,0,4,1,3,4,3,4,4,0,2,0.0,0.0,0.0,0,2.25,2.5,6.25,8.5,5.0,9.0,9.0,4
678,678,47,54,566250.0,138150.0,10470054,0,0,2,0,0,0,0,138150.0,566250.0,678,0,2,0,4,1,3,4,3,4,4,0,1,0.0,0.0,0.0,0,2.25,1.5,4.25,7.5,4.0,9.0,8.0,3
679,679,47,55,566350.0,138150.0,10470055,0,0,2,0,0,0,0,138150.0,566350.0,679,0,1,0,4,1,3,4,3,4,4,0,1,0.0,0.0,0.0,0,2.25,1.5,3.25,7.5,4.0,9.0,8.0,3
680,680,47,56,566450.0,138150.0,10470056,0,0,2,0,0,0,0,138150.0,566450.0,680,0,1,0,4,1,2,4,3,4,4,0,1,0.0,0.0,0.0,0,2.25,1.5,3.25,7.5,3.0,9.0,8.0,3
681,681,47,57,566550.0,138150.0,10470057,0,0,2,0,0,0,0,138150.0,566550.0,681,0,1,0,4,1,2,4,3,4,4,0,0,0.0,0.0,0.0,0,1.25,0.75,2.25,6.75,3.0,9.0,8.0,2
682,682,47,58,566650.0,138150.0,10470058,0,0,3,0,0,0,0,138150.0,566650.0,682,0,1,0,4,1,2,4,3,4,4,0,0,0.0,0.0,0.0,0,1.25,0.75,2.25,7.75,3.0,10.0,8.0,3
683,683,47,59,566750.0,138150.0,10470059,1,0,3,0,0,0,0,138150.0,566750.0,683,0,2,0,4,1,2,4,3,4,4,0,0,0.0,0.0,0.0,0,0.75,0.75,3.75,7.75,4.0,10.0,9.0,3
684,684,47,60,566850.0,138150.0,10470060,1,0,3,0,0,0,0,138150.0,566850.0,684,0,1,0,4,1,1,4,3,3,4,0,0,0.0,0.0,0.0,0,0.75,0.75,2.75,7.75,3.0,10.0,8.0,3
685,685,47,61,566950.0,138150.0,10470061,2,0,3,0,0,0,0,138150.0,566950.0,685,0,1,0,4,1,1,4,3,3,4,0,0,0.0,0.0,0.0,0,0.0,0.25,3.0,7.25,4.0,10.0,9.0,3
686,686,47,62,567050.0,138150.0,10470062,2,0,2,0,0,0,0,138150.0,567050.0,686,1,2,0,4,1,1,0,3,3,4,0,0,0.0,0.0,0.0,0,0.0,0.25,5.0,6.25,4.0,5.0,9.0,2
687,687,47,63,567150.0,138150.0,10470063,2,0,2,0,0,0,0,138150.0,567150.0,687,1,2,0,4,1,1,0,4,3,4,0,0,0.0,0.0,0.0,0,0.0,0.25,5.0,6.25,4.0,6.0,9.0,2
688,688,47,64,567250.0,138150.0,10470064,2,0,2,0,0,0,0,138150.0,567250.0,688,2,1,0,4,1,1,0,4,3,4,0,0,0.0,0.0,0.0,0,0.0,0.0,5.0,6.0,4.0,6.0,9.0,2
689,689,47,65,567350.0,138150.0,10470065,2,0,2,0,0,0,0,138150.0,567350.0,689,3,1,0,4,1,1,0,4,3,4,0,0,0.0,0.0,0.0,0,0.0,0.0,6.0,6.0,4.0,6.0,9.0,2
690,690,47,66,567450.0,138150.0,10470066,2,0,2,0,0,0,0,138150.0,567450.0,690,3,1,0,3,1,0,0,4,3,4,0,0,0.0,0.0,0.0,0,0.0,0.0,6.0,5.0,3.0,6.0,9.0,2
691,691,47,67,567550.0,138150.0,10470067,2,0,2,0,0,0,0,138150.0,567550.0,691,3,0,1,2,1,0,0,4,3,4,0,0,0.0,0.0,0.0,0,0.0,1.0,5.0,6.0,3.0,6.0,9.0,2
692,692,47,68,567650.0,138150.0,10470068,2,0,3,0,0,0,0,138150.0,567650.0,692,3,0,4,0,1,0,4,4,3,3,0,0,0.0,0.0,0.0,0,1.0,1.0,6.0,8.0,3.0,11.0,8.0,3
693,693,47,69,567750.0,138150.0,10470069,3,0,3,0,0,0,0,138150.0,567750.0,693,3,0,4,0,1,0,4,4,3,3,0,0,0.0,0.0,0.0,0,2.25,1.0,8.25,8.0,4.0,11.0,9.0,3
694,694,47,70,567850.0,138150.0,10470070,2,0,3,0,0,0,0,138150.0,567850.0,694,4,0,4,0,1,0,4,4,3,3,0,0,0.0,0.0,0.0,0,2.5,1.75,8.5,8.75,3.0,11.0,8.0,3
695,695,47,71,567950.0,138150.0,10470071,2,0,2,0,0,0,0,138150.0,567950.0,695,4,0,4,0,1,0,4,0,2,3,0,0,1.0,0.0,0.0,0,2.5,1.75,8.5,7.75,4.0,6.0,7.0,2
696,696,47,72,568050.0,138150.0,10470072,1,0,2,0,0,0,0,138150.0,568050.0,696,4,0,4,0,0,0,4,0,1,3,0,0,2.25,0.0,0.0,0,2.5,1.75,7.5,7.75,3.25,6.0,5.0,2
697,697,47,73,568150.0,138150.0,10470073,1,0,2,0,0,0,0,138150.0,568150.0,697,4,0,4,0,0,0,4,0,0,3,0,0,2.5,0.0,0.0,0,2.5,2.25,7.5,8.25,3.5,6.0,4.0,2
698,698,47,74,568250.0,138150.0,10470074,0,0,2,1,0,0,0,138150.0,568250.0,698,4,0,4,0,0,0,4,0,0,3,0,0,2.5,0.0,0.0,0,2.5,2.25,6.5,9.25,2.5,7.0,3.0,3
699,699,47,75,568350.0,138150.0,10470075,0,0,2,2,0,0,0,138150.0,568350.0,699,4,0,4,0,0,0,4,0,0,2,0,0,2.5,0.0,0.0,0,2.5,2.25,6.5,10.25,2.5,8.0,2.0,4
700,700,47,76,568450.0,138150.0,10470076,0,0,2,3,0,0,0,138150.0,568450.0,700,4,0,4,0,0,0,4,0,0,2,0,0,2.5,0.0,0.0,0,2.5,2.5,6.5,11.5,2.5,9.0,2.0,5
701,701,47,77,568550.0,138150.0,10470077,0,0,2,3,0,0,0,138150.0,568550.0,701,4,0,4,0,0,0,4,4,0,2,0,0,1.75,0.0,0.0,0,2.5,2.5,6.5,11.5,1.75,13.0,2.0,5
702,702,47,78,568650.0,138150.0,10470078,1,0,2,2,0,0,0,138150.0,568650.0,702,4,0,4,0,0,0,0,4,0,2,0,0,1.0,0.0,0.0,0,2.25,2.5,7.25,10.5,2.0,8.0,3.0,4
703,703,47,79,568750.0,138150.0,10470079,1,0,2,1,0,0,0,138150.0,568750.0,703,4,0,1,0,0,0,0,0,1,2,0,0,0.0,0.0,0.0,0,2.25,2.5,7.25,6.5,1.0,3.0,4.0,3
704,704,47,80,568850.0,138150.0,10470080,2,0,2,0,0,0,0,138150.0,568850.0,704,4,0,0,2,1,0,0,0,1,2,0,0,0.0,0.0,0.0,0,2.25,2.5,8.25,6.5,3.0,2.0,5.0,2
705,705,47,81,568950.0,138150.0,10470081,2,0,2,0,0,0,0,138150.0,568950.0,705,4,0,0,3,1,0,0,0,1,2,0,0,0.0,0.0,0.0,0,2.25,2.5,8.25,7.5,3.0,2.0,5.0,2
706,706,47,82,569050.0,138150.0,10470082,3,0,3,0,0,0,0,138150.0,569050.0,706,4,0,0,3,1,0,0,0,2,2,0,0,0.0,0.0,0.0,0,2.25,2.5,9.25,8.5,4.0,3.0,7.0,3
707,707,47,83,569150.0,138150.0,10470083,3,0,3,0,0,0,0,138150.0,569150.0,707,3,0,0,3,1,0,0,0,2,2,0,0,0.0,0.0,0.0,0,2.5,2.5,8.5,8.5,4.0,3.0,7.0,3
708,708,47,84,569250.0,138150.0,10470084,4,0,3,0,0,0,0,138150.0,569250.0,708,3,0,0,3,1,0,0,0,2,2,1,0,0.0,0.0,0.0,0,2.5,2.5,9.5,8.5,5.0,3.0,8.0,4
709,709,47,85,569350.0,138150.0,10470085,4,0,4,0,0,0,0,138150.0,569350.0,709,3,0,0,3,2,0,0,3,2,2,0,0,0.0,0.0,0.0,0,2.5,2.5,9.5,9.5,6.0,7.0,8.0,4
710,710,47,86,569450.0,138150.0,10470086,4,0,4,0,0,0,0,138150.0,569450.0,710,3,0,0,4,2,0,0,3,2,2,0,0,0.0,0.0,0.0,0,2.5,2.5,9.5,10.5,6.0,7.0,8.0,4
711,711,47,87,569550.0,138150.0,10470087,4,0,4,0,0,0,0,138150.0,569550.0,711,3,1,0,4,2,1,0,3,3,2,0,0,0.0,0.0,0.0,0,2.5,1.5,10.5,9.5,7.0,7.0,9.0,4
712,712,47,88,569650.0,138150.0,10470088,4,0,4,0,0,0,0,138150.0,569650.0,712,3,1,0,3,2,1,4,3,3,2,0,1,0.0,0.0,0.0,0,2.5,0.25,10.5,7.25,7.0,11.0,9.0,5
713,713,47,89,569750.0,138150.0,10470089,4,0,3,0,0,0,0,138150.0,569750.0,713,3,1,0,3,2,1,4,3,3,2,0,1,0.0,0.0,0.0,0,2.5,0.0,10.5,6.0,7.0,10.0,9.0,4
714,714,47,90,569850.0,138150.0,10470090,4,0,3,0,0,0,0,138150.0,569850.0,714,3,1,0,3,3,1,4,3,3,2,0,2,0.0,0.0,0.0,0,2.5,0.25,10.5,6.25,8.0,10.0,9.0,5
715,715,47,91,569950.0,138150.0,10470091,4,0,3,0,0,0,0,138150.0,569950.0,715,2,1,0,3,3,1,4,3,3,3,0,3,0.0,0.0,0.0,0,2.5,0.25,9.5,6.25,8.0,10.0,10.0,6
716,716,47,92,570050.0,138150.0,10470092,4,0,3,0,0,0,0,138150.0,570050.0,716,2,1,0,3,3,1,4,3,3,3,0,3,0.0,0.0,0.0,0,2.5,0.0,9.5,6.0,8.0,10.0,10.0,6
717,717,47,93,570150.0,138150.0,10470093,4,0,3,0,0,0,0,138150.0,570150.0,717,2,1,0,3,3,2,4,3,3,3,0,3,0.0,0.0,0.0,0,2.5,0.0,9.5,6.0,9.0,10.0,10.0,6
718,718,47,94,570250.0,138150.0,10470094,4,0,3,0,0,0,0,138150.0,570250.0,718,2,1,0,3,2,2,4,3,3,3,0,3,0.0,0.0,0.0,0,2.5,0.0,9.5,6.0,8.0,10.0,10.0,6
719,719,47,95,570350.0,138150.0,10470095,4,0,4,0,0,0,0,138150.0,570350.0,719,2,1,1,3,2,2,4,3,2,3,0,3,0.0,0.0,0.0,0,2.5,0.0,9.5,8.0,8.0,11.0,9.0,7
720,720,47,96,570450.0,138150.0,10470096,4,0,4,0,0,0,0,138150.0,570450.0,720,2,1,1,2,2,2,4,3,2,3,0,3,0.0,0.0,0.0,0,2.5,0.0,9.5,7.0,8.0,11.0,9.0,7
721,721,47,97,570550.0,138150.0,10470097,4,0,4,0,0,0,0,138150.0,570550.0,721,1,1,1,2,2,2,4,3,2,3,0,3,0.0,0.0,0.0,0,2.5,0.0,8.5,7.0,8.0,11.0,9.0,7
722,722,47,98,570650.0,138150.0,10470098,4,0,4,0,0,0,0,138150.0,570650.0,722,1,1,1,2,1,3,4,3,2,3,0,3,0.0,0.0,0.0,0,2.5,0.0,8.5,7.0,8.0,11.0,9.0,7
723,723,47,99,570750.0,138150.0,10470099,3,0,4,0,0,0,0,138150.0,570750.0,723,1,1,1,1,1,2,4,3,2,3,0,3,0.0,0.0,0.0,0,2.5,0.0,7.5,6.0,6.0,11.0,8.0,7
724,724,47,100,570850.0,138150.0,10470100,3,0,4,0,0,0,0,138150.0,570850.0,724,1,1,1,1,1,2,4,3,2,3,0,3,0.0,0.0,0.0,0,2.5,0.0,7.5,6.0,6.0,11.0,8.0,7
725,725,47,101,570950.0,138150.0,10470101,2,0,4,0,0,0,0,138150.0,570950.0,725,1,1,2,1,1,2,4,3,1,4,0,3,0.0,0.0,0.0,0,2.5,0.0,6.5,7.0,5.0,11.0,7.0,7
726,726,47,102,571050.0,138150.0,10470102,2,0,4,0,0,0,0,138150.0,571050.0,726,1,2,3,1,0,1,4,3,1,4,0,3,0.0,0.0,0.0,0,2.5,0.0,7.5,8.0,3.0,11.0,7.0,7
727,727,47,103,571150.0,138150.0,10470103,1,0,3,0,0,0,0,138150.0,571150.0,727,0,2,3,1,0,1,4,3,1,4,0,3,0.0,0.0,0.0,0,2.5,0.0,5.5,7.0,2.0,10.0,6.0,6
728,728,47,104,571250.0,138150.0,10470104,1,0,3,0,0,0,0,138150.0,571250.0,728,0,3,3,1,0,1,4,3,0,4,1,3,0.0,0.0,0.0,0,2.5,0.0,6.5,7.0,2.0,10.0,5.0,7
729,729,47,105,571350.0,138150.0,10470105,1,0,3,0,0,0,0,138150.0,571350.0,729,0,3,3,1,0,1,4,3,0,4,1,3,0.0,0.0,0.0,0,2.5,0.0,6.5,7.0,2.0,10.0,5.0,7
730,730,47,106,571450.0,138150.0,10470106,0,0,3,0,0,0,0,138150.0,571450.0,730,0,3,3,1,0,0,4,3,0,4,1,3,0.0,0.0,0.0,0,2.5,0.0,5.5,7.0,0.0,10.0,4.0,7
731,731,47,107,571550.0,138150.0,10470107,0,0,3,0,0,0,0,138150.0,571550.0,731,0,4,3,1,0,1,4,3,0,4,1,3,0.0,0.0,0.0,0,2.25,0.0,6.25,7.0,1.0,10.0,4.0,7
732,732,47,108,571650.0,138150.0,10470108,1,0,3,0,0,0,0,138150.0,571650.0,732,0,3,3,1,0,1,4,3,0,4,1,3,0.0,0.0,0.0,0,0.75,0.0,4.75,7.0,2.0,10.0,5.0,7
733,733,47,109,571750.0,138150.0,10470109,1,0,3,0,0,0,0,138150.0,571750.0,733,1,3,3,1,0,1,4,3,0,4,2,3,0.0,0.0,0.0,0,0.0,0.0,5.0,7.0,2.0,10.0,5.0,8
734,734,47,110,571850.0,138150.0,10470110,2,0,4,0,0,0,0,138150.0,571850.0,734,1,3,3,1,0,1,4,3,1,4,2,3,0.0,0.0,0.0,0,0.0,0.0,6.0,8.0,3.0,11.0,7.0,9
735,735,47,111,571950.0,138150.0,10470111,2,0,4,0,0,0,0,138150.0,571950.0,735,1,3,3,1,1,2,4,3,1,4,2,3,0.0,0.0,0.0,0,0.0,0.0,6.0,8.0,5.0,11.0,7.0,9
736,736,47,112,572050.0,138150.0,10470112,3,0,4,0,0,0,0,138150.0,572050.0,736,2,3,3,1,1,2,4,3,1,3,2,3,0.0,0.0,0.0,0,0.0,0.0,8.0,8.0,6.0,11.0,7.0,9
737,737,47,113,572150.0,138150.0,10470113,3,0,4,0,0,0,0,138150.0,572150.0,737,2,3,3,1,1,2,4,3,2,3,2,3,0.0,0.0,0.0,0,0.0,0.0,8.0,8.0,6.0,11.0,8.0,9
738,738,48,32,564050.0,138050.0,10480032,4,0,4,0,0,0,0,138050.0,564050.0,738,3,2,2,1,3,2,4,3,3,2,2,2,0.0,0.0,0.0,0,0.0,0.0,9.0,7.0,9.0,11.0,9.0,8
739,739,48,33,564150.0,138050.0,10480033,4,0,4,0,0,0,0,138050.0,564150.0,739,3,2,2,2,3,2,4,3,3,2,2,2,0.0,0.0,0.0,0,0.0,0.0,9.0,8.0,9.0,11.0,9.0,8
740,740,48,34,564250.0,138050.0,10480034,4,0,4,0,0,0,0,138050.0,564250.0,740,3,2,3,2,3,2,4,3,3,2,2,3,0.0,0.0,0.0,0,0.0,0.0,9.0,9.0,9.0,11.0,9.0,9
741,741,48,35,564350.0,138050.0,10480035,4,0,4,0,0,0,0,138050.0,564350.0,741,3,2,3,2,3,2,4,3,3,2,2,3,0.0,0.0,0.0,0,0.0,0.0,9.0,9.0,9.0,11.0,9.0,9
742,742,48,36,564450.0,138050.0,10480036,4,0,4,0,0,0,0,138050.0,564450.0,742,3,2,3,2,2,2,4,3,3,2,1,3,0.0,0.0,0.0,0,0.0,0.0,9.0,9.0,8.0,11.0,9.0,8
743,743,48,37,564550.0,138050.0,10480037,4,0,4,0,0,0,0,138050.0,564550.0,743,2,2,3,2,2,2,4,3,2,2,1,3,0.0,0.0,0.0,0,0.0,0.0,8.0,9.0,8.0,11.0,8.0,8
744,744,48,38,564650.0,138050.0,10480038,4,0,4,0,0,0,0,138050.0,564650.0,744,2,2,3,2,2,2,4,3,2,2,1,3,0.0,0.0,0.0,0,0.0,0.0,8.0,9.0,8.0,11.0,8.0,8
745,745,48,39,564750.0,138050.0,10480039,4,0,4,0,0,0,0,138050.0,564750.0,745,2,1,3,2,3,2,4,3,2,2,1,3,0.0,0.0,0.0,0,0.0,0.0,7.0,9.0,9.0,11.0,8.0,8
746,746,48,40,564850.0,138050.0,10480040,4,0,3,0,0,0,0,138050.0,564850.0,746,1,1,3,2,3,2,4,3,2,2,1,2,0.0,0.0,0.0,0,0.0,0.0,6.0,8.0,9.0,10.0,8.0,6
747,747,48,41,564950.0,138050.0,10480041,4,0,3,0,0,0,0,138050.0,564950.0,747,1,1,3,2,2,2,4,3,2,2,0,2,0.0,0.0,0.0,0,0.0,0.0,6.0,8.0,8.0,10.0,8.0,5
748,748,48,42,565050.0,138050.0,10480042,3,0,3,0,0,0,0,138050.0,565050.0,748,1,1,3,2,2,2,4,3,2,3,0,2,0.0,0.0,0.0,0,0.0,0.0,5.0,8.0,7.0,10.0,8.0,5
749,749,48,43,565150.0,138050.0,10480043,3,0,2,0,0,0,0,138050.0,565150.0,749,1,1,3,3,2,2,4,3,1,3,0,2,0.0,0.0,0.0,0,0.0,0.0,5.0,8.0,7.0,9.0,7.0,4
750,750,48,44,565250.0,138050.0,10480044,2,0,2,0,0,0,0,138050.0,565250.0,750,1,1,2,3,2,3,4,3,1,3,0,2,0.0,0.0,0.0,0,0.0,0.0,4.0,7.0,7.0,9.0,6.0,4
751,751,48,45,565350.0,138050.0,10480045,2,0,2,0,0,0,0,138050.0,565350.0,751,1,2,1,3,2,3,4,3,1,4,0,3,0.0,0.0,0.0,0,0.0,0.0,5.0,6.0,7.0,9.0,7.0,5
752,752,48,46,565450.0,138050.0,10480046,1,0,1,0,0,0,0,138050.0,565450.0,752,1,2,1,3,2,3,4,3,2,4,0,3,0.0,0.0,0.0,0,0.25,0.0,4.25,5.0,6.0,8.0,7.0,4
753,753,48,47,565550.0,138050.0,10480047,1,0,1,0,0,0,0,138050.0,565550.0,753,0,2,1,3,2,3,4,3,2,4,0,3,0.0,0.0,0.0,0,0.75,0.0,3.75,5.0,6.0,8.0,7.0,4
754,754,48,48,565650.0,138050.0,10480048,1,0,1,0,0,0,0,138050.0,565650.0,754,0,3,1,3,2,3,4,3,3,4,0,3,0.0,0.0,0.0,0,2.5,0.0,6.5,5.0,6.0,8.0,8.0,4
755,755,48,49,565750.0,138050.0,10480049,1,0,2,0,0,0,0,138050.0,565750.0,755,0,3,1,3,1,3,4,3,3,4,0,3,0.0,0.0,0.0,0,2.25,0.0,6.25,6.0,5.0,9.0,8.0,5
756,756,48,50,565850.0,138050.0,10480050,1,0,2,0,0,0,0,138050.0,565850.0,756,0,3,0,3,1,3,4,3,3,4,0,3,0.0,0.0,0.0,0,2.25,0.0,6.25,5.0,5.0,9.0,8.0,5
757,757,48,51,565950.0,138050.0,10480051,1,0,2,0,0,0,0,138050.0,565950.0,757,0,3,0,4,1,3,4,3,4,4,0,3,0.0,0.0,0.0,0,2.25,2.5,6.25,8.5,5.0,9.0,9.0,5
758,758,48,52,566050.0,138050.0,10480052,1,0,2,0,0,0,0,138050.0,566050.0,758,0,3,0,4,1,3,4,3,4,4,0,3,0.0,0.0,0.0,0,1.75,2.25,5.75,8.25,5.0,9.0,9.0,5
759,759,48,53,566150.0,138050.0,10480053,1,0,2,0,0,0,0,138050.0,566150.0,759,0,3,0,4,1,3,4,3,4,4,0,2,0.0,0.0,0.0,0,2.25,2.5,6.25,8.5,5.0,9.0,9.0,4
760,760,48,54,566250.0,138050.0,10480054,0,0,2,0,0,0,0,138050.0,566250.0,760,0,3,0,4,1,2,4,3,4,4,0,2,0.0,0.0,0.0,0,2.25,0.75,5.25,6.75,3.0,9.0,8.0,4
761,761,48,55,566350.0,138050.0,10480055,0,0,2,0,0,0,0,138050.0,566350.0,761,0,2,0,4,1,2,4,3,4,4,0,1,0.0,0.0,0.0,0,2.25,2.25,4.25,8.25,3.0,9.0,8.0,3
762,762,48,56,566450.0,138050.0,10480056,0,0,2,0,0,0,0,138050.0,566450.0,762,0,2,0,4,1,2,4,3,4,4,0,1,0.0,0.0,0.0,0,2.25,1.5,4.25,7.5,3.0,9.0,8.0,3
763,763,48,57,566550.0,138050.0,10480057,0,0,2,0,0,0,0,138050.0,566550.0,763,0,2,0,4,1,2,4,3,4,4,0,0,0.0,0.0,0.0,0,2.25,1.5,4.25,7.5,3.0,9.0,8.0,2
764,764,48,58,566650.0,138050.0,10480058,0,0,2,0,0,0,0,138050.0,566650.0,764,0,2,0,4,1,1,4,3,3,4,0,0,0.0,0.0,0.0,0,1.25,0.75,3.25,6.75,2.0,9.0,7.0,2
765,765,48,59,566750.0,138050.0,10480059,1,0,3,0,0,0,0,138050.0,566750.0,765,0,1,0,4,1,1,4,3,3,4,0,0,0.0,0.0,0.0,0,1.5,0.75,3.5,7.75,3.0,10.0,8.0,3
766,766,48,60,566850.0,138050.0,10480060,1,0,3,0,0,0,0,138050.0,566850.0,766,0,1,0,0,1,1,4,3,3,4,0,0,0.0,0.0,0.0,0,1.5,0.75,3.5,3.75,3.0,10.0,8.0,3
767,767,48,61,566950.0,138050.0,10480061,2,0,2,0,0,0,0,138050.0,566950.0,767,0,1,0,4,1,1,4,3,3,4,0,0,0.0,0.0,0.0,0,0.75,0.75,3.75,6.75,4.0,9.0,9.0,2
768,768,48,62,567050.0,138050.0,10480062,2,0,2,0,0,0,0,138050.0,567050.0,768,1,1,0,4,1,1,0,4,3,4,0,0,0.0,0.0,0.0,0,0.75,0.25,4.75,6.25,4.0,6.0,9.0,2
769,769,48,63,567150.0,138050.0,10480063,2,0,2,0,0,0,0,138050.0,567150.0,769,1,1,0,3,1,1,0,4,1,3,0,0,0.0,0.0,0.0,0,0.25,0.25,4.25,5.25,4.0,6.0,6.0,2
770,770,48,64,567250.0,138050.0,10480064,2,0,2,0,0,0,0,138050.0,567250.0,770,2,1,0,4,1,1,0,4,0,2,0,0,0.0,0.0,0.0,0,0.0,1.25,5.0,7.25,4.0,6.0,4.0,2
771,771,48,65,567350.0,138050.0,10480065,2,0,2,0,0,0,0,138050.0,567350.0,771,3,1,0,4,1,1,0,4,0,1,0,0,0.0,0.0,0.0,0,1.0,1.0,7.0,7.0,4.0,6.0,3.0,2
772,772,48,66,567450.0,138050.0,10480066,2,0,2,0,0,0,0,138050.0,567450.0,772,3,1,0,3,1,0,0,4,0,1,0,0,0.0,0.0,0.0,0,1.75,1.0,7.75,6.0,3.0,6.0,3.0,2
773,773,48,67,567550.0,138050.0,10480067,2,0,2,0,0,0,0,138050.0,567550.0,773,3,0,1,2,1,0,0,4,0,1,0,0,0.0,0.0,0.0,0,2.25,1.0,7.25,6.0,3.0,6.0,3.0,2
774,774,48,68,567650.0,138050.0,10480068,3,0,2,0,0,0,0,138050.0,567650.0,774,3,0,4,0,1,0,4,4,2,3,0,0,0.0,0.0,0.0,0,2.25,1.75,8.25,7.75,4.0,10.0,8.0,2
775,775,48,69,567750.0,138050.0,10480069,3,0,2,0,0,0,0,138050.0,567750.0,775,3,0,4,0,1,0,4,4,3,3,0,0,0.0,0.0,0.0,0,2.5,1.75,8.5,7.75,4.0,10.0,9.0,2
776,776,48,70,567850.0,138050.0,10480070,2,0,2,0,0,0,0,138050.0,567850.0,776,4,0,4,0,1,0,4,4,2,3,0,0,0.0,0.0,0.0,0,2.5,1.75,8.5,7.75,3.0,10.0,7.0,2
777,777,48,71,567950.0,138050.0,10480071,2,0,2,0,0,0,0,138050.0,567950.0,777,4,0,4,0,1,0,4,0,2,3,0,0,1.0,0.0,0.0,0,2.5,1.75,8.5,7.75,4.0,6.0,7.0,2
778,778,48,72,568050.0,138050.0,10480072,1,0,2,0,0,0,0,138050.0,568050.0,778,4,0,4,0,0,0,4,0,1,3,0,0,2.25,0.0,0.0,0,2.5,2.25,7.5,8.25,3.25,6.0,5.0,2
779,779,48,73,568150.0,138050.0,10480073,1,0,2,0,0,0,0,138050.0,568150.0,779,4,0,4,0,0,0,4,0,0,3,0,0,2.5,0.0,0.0,0,2.5,2.25,7.5,8.25,3.5,6.0,4.0,2
780,780,48,74,568250.0,138050.0,10480074,0,0,2,1,0,0,0,138050.0,568250.0,780,4,0,4,0,0,0,4,0,0,3,0,0,2.5,0.0,0.0,0,2.5,2.25,6.5,9.25,2.5,7.0,3.0,3
781,781,48,75,568350.0,138050.0,10480075,0,0,2,1,0,0,0,138050.0,568350.0,781,4,0,4,0,0,0,4,0,0,2,0,0,2.5,0.0,0.0,0,2.5,2.5,6.5,9.5,2.5,7.0,2.0,3
782,782,48,76,568450.0,138050.0,10480076,0,0,2,2,0,0,0,138050.0,568450.0,782,4,0,4,0,0,0,4,0,0,2,0,0,2.5,0.0,0.0,0,2.5,2.5,6.5,10.5,2.5,8.0,2.0,4
783,783,48,77,568550.0,138050.0,10480077,0,0,2,2,0,0,0,138050.0,568550.0,783,4,0,4,0,0,0,4,4,0,2,0,0,1.75,0.0,0.0,0,2.5,2.5,6.5,10.5,1.75,12.0,2.0,4
784,784,48,78,568650.0,138050.0,10480078,1,0,1,1,0,0,0,138050.0,568650.0,784,4,0,4,0,0,0,0,4,0,2,0,0,1.0,0.0,0.0,0,2.25,2.5,7.25,8.5,2.0,6.0,3.0,2
785,785,48,79,568750.0,138050.0,10480079,1,0,1,1,0,0,0,138050.0,568750.0,785,4,0,1,0,0,0,0,0,1,2,0,0,0.0,0.0,0.0,0,2.25,2.5,7.25,5.5,1.0,2.0,4.0,2
786,786,48,80,568850.0,138050.0,10480080,2,0,2,0,0,0,0,138050.0,568850.0,786,4,0,0,2,1,0,0,0,1,2,0,0,0.0,0.0,0.0,0,2.25,1.75,8.25,5.75,3.0,2.0,5.0,2
787,787,48,81,568950.0,138050.0,10480081,2,0,2,0,0,0,0,138050.0,568950.0,787,4,0,0,3,1,0,0,0,1,2,0,0,0.0,0.0,0.0,0,2.25,2.5,8.25,7.5,3.0,2.0,5.0,2
788,788,48,82,569050.0,138050.0,10480082,3,0,2,0,0,0,0,138050.0,569050.0,788,4,0,0,3,1,0,0,0,2,2,0,0,0.0,0.0,0.0,0,2.25,2.5,9.25,7.5,4.0,2.0,7.0,2
789,789,48,83,569150.0,138050.0,10480083,3,0,3,0,0,0,0,138050.0,569150.0,789,3,0,0,3,1,0,0,0,2,2,0,0,0.0,0.0,0.0,0,2.25,2.5,8.25,8.5,4.0,3.0,7.0,3
790,790,48,84,569250.0,138050.0,10480084,4,0,3,0,0,0,0,138050.0,569250.0,790,3,0,0,3,1,0,0,0,2,2,0,0,0.0,0.0,0.0,0,2.5,2.5,9.5,8.5,5.0,3.0,8.0,3
791,791,48,85,569350.0,138050.0,10480085,4,0,3,0,0,0,0,138050.0,569350.0,791,3,0,0,3,2,0,0,0,2,2,0,0,0.0,0.0,0.0,0,2.5,2.5,9.5,8.5,6.0,3.0,8.0,3
792,792,48,86,569450.0,138050.0,10480086,4,0,4,0,0,0,0,138050.0,569450.0,792,3,0,0,3,2,0,0,3,2,2,0,0,0.0,0.0,0.0,0,2.5,2.5,9.5,9.5,6.0,7.0,8.0,4
793,793,48,87,569550.0,138050.0,10480087,4,0,3,0,0,0,0,138050.0,569550.0,793,3,0,0,4,2,1,0,3,2,2,0,0,0.0,0.0,0.0,0,2.5,2.5,9.5,9.5,7.0,6.0,8.0,3
794,794,48,88,569650.0,138050.0,10480088,4,0,3,0,0,0,0,138050.0,569650.0,794,3,1,0,4,2,1,0,3,3,2,0,1,0.0,0.0,0.0,0,2.5,0.75,10.5,7.75,7.0,6.0,9.0,4
795,795,48,89,569750.0,138050.0,10480089,4,0,3,0,0,0,0,138050.0,569750.0,795,2,1,0,3,2,1,0,3,3,2,0,2,0.0,0.0,0.0,0,2.5,0.0,9.5,6.0,7.0,6.0,9.0,5
796,796,48,90,569850.0,138050.0,10480090,4,0,3,0,0,0,0,138050.0,569850.0,796,2,1,0,3,3,1,4,3,3,2,0,3,0.0,0.0,0.0,0,2.5,0.25,9.5,6.25,8.0,10.0,9.0,6
797,797,48,91,569950.0,138050.0,10480091,4,0,3,0,0,0,0,138050.0,569950.0,797,2,1,0,3,3,1,4,3,3,3,0,3,0.0,0.0,0.0,0,2.5,0.0,9.5,6.0,8.0,10.0,10.0,6
798,798,48,92,570050.0,138050.0,10480092,4,0,3,0,0,0,0,138050.0,570050.0,798,2,1,0,3,3,1,4,3,3,3,0,3,0.0,0.0,0.0,0,2.5,0.0,9.5,6.0,8.0,10.0,10.0,6
799,799,48,93,570150.0,138050.0,10480093,4,0,3,0,0,0,0,138050.0,570150.0,799,2,1,0,3,3,2,4,3,3,3,0,3,0.0,0.0,0.0,0,2.5,0.0,9.5,6.0,9.0,10.0,10.0,6
800,800,48,94,570250.0,138050.0,10480094,4,0,3,0,0,0,0,138050.0,570250.0,800,2,1,0,3,2,2,4,3,2,3,0,3,0.0,0.0,0.0,0,2.5,0.0,9.5,6.0,8.0,10.0,9.0,6
801,801,48,95,570350.0,138050.0,10480095,4,0,3,0,0,0,0,138050.0,570350.0,801,2,1,0,3,2,2,4,3,2,3,0,3,0.0,0.0,0.0,0,2.5,0.0,9.5,6.0,8.0,10.0,9.0,6
802,802,48,96,570450.0,138050.0,10480096,4,0,3,0,0,0,0,138050.0,570450.0,802,2,1,0,3,2,2,4,3,2,3,0,3,0.0,0.0,0.0,0,2.5,0.0,9.5,6.0,8.0,10.0,9.0,6
803,803,48,97,570550.0,138050.0,10480097,4,0,4,0,0,0,0,138050.0,570550.0,803,1,1,1,3,2,2,4,3,2,3,0,3,0.0,0.0,0.0,0,2.5,0.0,8.5,8.0,8.0,11.0,9.0,7
804,804,48,98,570650.0,138050.0,10480098,4,0,4,0,0,0,0,138050.0,570650.0,804,1,1,1,2,1,2,4,3,2,3,0,3,0.0,0.0,0.0,0,2.5,0.0,8.5,7.0,7.0,11.0,9.0,7
805,805,48,99,570750.0,138050.0,10480099,3,0,4,0,0,0,0,138050.0,570750.0,805,1,1,1,1,1,2,4,3,2,3,0,3,0.0,0.0,0.0,0,2.5,0.0,7.5,6.0,6.0,11.0,8.0,7
806,806,48,100,570850.0,138050.0,10480100,3,0,4,0,0,0,0,138050.0,570850.0,806,1,1,1,1,1,2,4,3,1,3,0,3,0.0,0.0,0.0,0,2.5,0.0,7.5,6.0,6.0,11.0,7.0,7
807,807,48,101,570950.0,138050.0,10480101,2,0,3,0,0,0,0,138050.0,570950.0,807,1,1,1,1,0,2,4,3,1,4,0,3,0.0,0.0,0.0,0,2.5,0.0,6.5,5.0,4.0,10.0,7.0,6
808,808,48,102,571050.0,138050.0,10480102,2,0,3,0,0,0,0,138050.0,571050.0,808,0,2,2,1,0,1,4,3,1,4,0,3,0.0,0.0,0.0,0,2.5,0.0,6.5,6.0,3.0,10.0,7.0,6
809,809,48,103,571150.0,138050.0,10480103,1,0,3,0,0,0,0,138050.0,571150.0,809,0,3,3,1,0,1,4,3,0,4,0,3,0.0,0.0,0.0,0,2.5,0.0,6.5,7.0,2.0,10.0,5.0,6
810,810,48,104,571250.0,138050.0,10480104,1,0,3,0,0,0,0,138050.0,571250.0,810,0,3,3,1,0,0,4,3,0,4,1,3,0.0,0.0,0.0,0,2.5,0.0,6.5,7.0,1.0,10.0,5.0,7
811,811,48,105,571350.0,138050.0,10480105,0,0,3,0,0,0,0,138050.0,571350.0,811,0,4,3,1,0,0,4,3,0,4,1,3,0.0,0.0,0.0,0,1.5,0.0,5.5,7.0,0.0,10.0,4.0,7
812,812,48,106,571450.0,138050.0,10480106,0,0,3,0,0,0,0,138050.0,571450.0,812,0,4,3,1,0,0,4,3,0,4,1,3,0.0,0.0,0.0,0,2.5,0.0,6.5,7.0,0.0,10.0,4.0,7
813,813,48,107,571550.0,138050.0,10480107,0,0,3,0,0,0,0,138050.0,571550.0,813,0,4,3,1,0,0,4,3,0,4,1,3,0.0,0.0,0.0,0,2.25,0.0,6.25,7.0,0.0,10.0,4.0,7
814,814,48,108,571650.0,138050.0,10480108,0,0,3,0,0,0,0,138050.0,571650.0,814,0,4,3,1,0,0,4,3,0,4,1,3,0.0,0.0,0.0,0,1.75,0.0,5.75,7.0,0.0,10.0,4.0,7
815,815,48,109,571750.0,138050.0,10480109,1,0,3,0,0,0,0,138050.0,571750.0,815,1,3,3,1,0,1,4,3,0,4,2,3,0.0,0.0,0.0,0,0.0,0.0,5.0,7.0,2.0,10.0,5.0,8
816,816,48,110,571850.0,138050.0,10480110,1,0,3,0,0,0,0,138050.0,571850.0,816,1,3,3,1,0,1,4,3,1,4,2,3,0.0,0.0,0.0,0,0.0,0.0,5.0,7.0,2.0,10.0,6.0,8
817,817,48,111,571950.0,138050.0,10480111,2,0,3,0,0,0,0,138050.0,571950.0,817,1,3,3,1,0,2,4,3,1,4,2,3,0.0,0.0,0.0,0,0.0,0.0,6.0,7.0,4.0,10.0,7.0,8
818,818,48,112,572050.0,138050.0,10480112,2,0,4,0,0,0,0,138050.0,572050.0,818,2,3,3,1,1,2,4,3,1,3,2,3,0.0,0.0,0.0,0,0.0,0.0,7.0,8.0,5.0,11.0,6.0,9
819,819,48,113,572150.0,138050.0,10480113,3,0,4,0,0,0,0,138050.0,572150.0,819,2,3,3,1,1,2,4,3,2,3,2,3,0.0,0.0,0.0,0,0.0,0.0,8.0,8.0,6.0,11.0,8.0,9
820,820,49,32,564050.0,137950.0,10490032,4,0,4,0,0,0,0,137950.0,564050.0,820,3,2,2,2,3,2,4,3,3,2,2,3,0.0,0.0,0.0,0,0.0,0.0,9.0,8.0,9.0,11.0,9.0,9
821,821,49,33,564150.0,137950.0,10490033,4,0,4,0,0,0,0,137950.0,564150.0,821,3,2,2,2,3,2,4,3,3,2,2,3,0.0,0.0,0.0,0,0.0,0.0,9.0,8.0,9.0,11.0,9.0,9
822,822,49,34,564250.0,137950.0,10490034,4,0,4,0,0,0,0,137950.0,564250.0,822,3,2,3,2,3,2,4,3,3,2,2,3,0.0,0.0,0.0,0,0.0,0.0,9.0,9.0,9.0,11.0,9.0,9
823,823,49,35,564350.0,137950.0,10490035,4,0,4,0,0,0,0,137950.0,564350.0,823,3,2,3,2,3,2,4,3,3,2,2,3,0.0,0.0,0.0,0,0.0,0.0,9.0,9.0,9.0,11.0,9.0,9
824,824,49,36,564450.0,137950.0,10490036,4,0,4,0,0,0,0,137950.0,564450.0,824,3,2,3,2,2,2,4,3,3,2,1,3,0.0,0.0,0.0,0,0.0,0.0,9.0,9.0,8.0,11.0,9.0,8
825,825,49,37,564550.0,137950.0,10490037,4,0,4,0,0,0,0,137950.0,564550.0,825,2,2,3,2,2,2,4,3,3,3,1,3,0.0,0.0,0.0,0,0.0,0.0,8.0,9.0,8.0,11.0,10.0,8
826,826,49,38,564650.0,137950.0,10490038,4,0,4,0,0,0,0,137950.0,564650.0,826,2,1,3,2,3,2,4,3,2,3,1,3,0.0,0.0,0.0,0,0.0,0.0,7.0,9.0,9.0,11.0,9.0,8
827,827,49,39,564750.0,137950.0,10490039,4,0,4,0,0,0,0,137950.0,564750.0,827,2,1,3,2,3,2,4,3,2,2,1,3,0.0,0.0,0.0,0,0.0,0.0,7.0,9.0,9.0,11.0,8.0,8
828,828,49,40,564850.0,137950.0,10490040,4,0,3,0,0,0,0,137950.0,564850.0,828,1,1,3,2,3,2,4,3,2,3,1,3,0.0,0.0,0.0,0,0.0,0.0,6.0,8.0,9.0,10.0,9.0,7
829,829,49,41,564950.0,137950.0,10490041,4,0,3,0,0,0,0,137950.0,564950.0,829,1,1,3,2,2,2,4,3,2,3,0,2,0.0,0.0,0.0,0,0.0,0.0,6.0,8.0,8.0,10.0,9.0,5
830,830,49,42,565050.0,137950.0,10490042,3,0,2,0,0,0,0,137950.0,565050.0,830,1,1,3,2,2,2,4,3,2,3,0,2,0.0,0.0,0.0,0,0.0,0.0,5.0,7.0,7.0,9.0,8.0,4
831,831,49,43,565150.0,137950.0,10490043,3,0,2,0,0,0,0,137950.0,565150.0,831,1,1,2,3,2,2,4,3,2,3,0,3,0.0,0.0,0.0,0,0.0,0.0,5.0,7.0,7.0,9.0,8.0,5
832,832,49,44,565250.0,137950.0,10490044,2,0,2,0,0,0,0,137950.0,565250.0,832,1,1,2,3,2,3,4,3,2,4,0,3,0.0,0.0,0.0,0,0.0,0.0,4.0,7.0,7.0,9.0,8.0,5
833,833,49,45,565350.0,137950.0,10490045,2,0,1,0,0,0,0,137950.0,565350.0,833,1,1,1,3,2,3,4,3,3,4,0,3,0.0,0.0,0.0,0,0.0,0.0,4.0,5.0,7.0,8.0,9.0,4
834,834,49,46,565450.0,137950.0,10490046,2,0,1,0,0,0,0,137950.0,565450.0,834,1,2,1,3,2,3,4,3,3,4,0,3,0.0,0.0,0.0,0,0.25,0.0,5.25,5.0,7.0,8.0,9.0,4
835,835,49,47,565550.0,137950.0,10490047,1,0,1,0,0,0,0,137950.0,565550.0,835,0,2,1,3,2,3,4,3,3,4,0,3,0.0,0.0,0.0,0,0.75,0.0,3.75,5.0,6.0,8.0,8.0,4
836,836,49,48,565650.0,137950.0,10490048,1,0,1,0,0,0,0,137950.0,565650.0,836,0,2,1,3,1,3,4,3,3,4,0,3,0.0,0.0,0.0,0,2.5,0.0,5.5,5.0,5.0,8.0,8.0,4
837,837,49,49,565750.0,137950.0,10490049,1,0,1,0,0,0,0,137950.0,565750.0,837,0,3,0,3,1,3,4,3,3,4,0,3,0.0,0.0,0.0,0,2.25,0.0,6.25,4.0,5.0,8.0,8.0,4
838,838,49,50,565850.0,137950.0,10490050,1,0,1,0,0,0,0,137950.0,565850.0,838,0,3,0,4,1,3,4,3,4,4,0,3,0.0,0.0,0.0,0,2.25,0.0,6.25,5.0,5.0,8.0,9.0,4
839,839,49,51,565950.0,137950.0,10490051,1,0,2,0,0,0,0,137950.0,565950.0,839,1,3,0,4,1,3,4,3,4,4,0,3,0.0,0.0,0.0,0,2.25,0.0,7.25,6.0,5.0,9.0,9.0,5
840,840,49,52,566050.0,137950.0,10490052,2,0,1,0,0,0,0,137950.0,566050.0,840,1,3,0,4,1,2,4,3,4,4,0,3,0.0,0.0,0.0,0,1.75,0.0,7.75,5.0,5.0,8.0,10.0,4
841,841,49,53,566150.0,137950.0,10490053,1,0,1,0,0,0,0,137950.0,566150.0,841,1,3,0,4,1,2,4,3,4,4,0,3,0.0,0.0,0.0,0,1.75,0.0,6.75,5.0,4.0,8.0,9.0,4
842,842,49,54,566250.0,137950.0,10490054,1,0,1,0,0,0,0,137950.0,566250.0,842,0,3,0,4,0,2,4,3,4,4,0,2,0.0,0.0,0.0,0,2.25,0.0,6.25,5.0,3.0,8.0,9.0,3
843,843,49,55,566350.0,137950.0,10490055,0,0,1,0,0,0,0,137950.0,566350.0,843,0,3,0,4,0,2,4,3,4,4,0,1,0.0,0.0,0.0,0,2.25,0.0,5.25,5.0,2.0,8.0,8.0,2
844,844,49,56,566450.0,137950.0,10490056,0,0,1,0,0,0,0,137950.0,566450.0,844,0,3,0,4,0,1,4,3,3,4,0,1,0.0,0.0,0.0,0,2.25,1.5,5.25,6.5,1.0,8.0,7.0,2
845,845,49,57,566550.0,137950.0,10490057,0,0,2,0,0,0,0,137950.0,566550.0,845,0,3,0,4,0,1,4,3,3,4,0,0,0.0,0.0,0.0,0,2.25,1.5,5.25,7.5,1.0,9.0,7.0,2
846,846,49,58,566650.0,137950.0,10490058,1,0,2,0,0,0,0,137950.0,566650.0,846,0,1,0,4,0,1,4,3,3,4,0,0,0.0,0.0,0.0,0,2.25,1.5,4.25,7.5,2.0,9.0,8.0,2
847,847,49,59,566750.0,137950.0,10490059,1,0,2,0,0,0,0,137950.0,566750.0,847,0,0,0,4,0,1,4,3,3,4,0,0,0.0,0.0,0.0,0,2.5,0.75,3.5,6.75,2.0,9.0,8.0,2
848,848,49,60,566850.0,137950.0,10490060,1,0,2,0,0,0,0,137950.0,566850.0,848,0,0,0,0,0,1,4,3,3,4,0,0,0.0,0.0,0.0,0,1.5,0.75,2.5,2.75,2.0,9.0,8.0,2
849,849,49,61,566950.0,137950.0,10490061,1,0,2,0,0,0,0,137950.0,566950.0,849,0,0,0,4,1,1,0,3,2,4,0,0,0.0,0.0,0.0,0,1.5,0.75,2.5,6.75,3.0,5.0,7.0,2
850,850,49,62,567050.0,137950.0,10490062,1,0,2,0,0,0,0,137950.0,567050.0,850,1,0,0,4,1,1,0,4,1,3,0,0,0.0,0.0,0.0,0,2.5,1.75,4.5,7.75,3.0,6.0,5.0,2
851,851,49,63,567150.0,137950.0,10490063,1,0,1,0,0,0,0,137950.0,567150.0,851,1,1,0,3,1,1,0,4,0,1,0,0,0.0,0.0,0.0,0,2.5,2.5,5.5,6.5,3.0,5.0,2.0,1
852,852,49,64,567250.0,137950.0,10490064,1,0,1,0,0,0,0,137950.0,567250.0,852,2,1,0,3,1,1,0,0,0,1,0,0,0.0,0.0,0.0,0,2.5,2.0,6.5,6.0,3.0,1.0,2.0,1
853,853,49,65,567350.0,137950.0,10490065,1,0,1,0,0,0,0,137950.0,567350.0,853,3,1,0,4,1,1,0,0,0,1,0,0,0.0,0.0,0.0,0,2.5,2.0,7.5,7.0,3.0,1.0,2.0,1
854,854,49,66,567450.0,137950.0,10490066,2,0,1,0,0,0,0,137950.0,567450.0,854,3,1,0,3,1,0,0,0,0,1,0,0,0.0,0.0,0.0,0,2.25,1.75,8.25,5.75,3.0,1.0,3.0,1
855,855,49,67,567550.0,137950.0,10490067,2,0,1,0,0,0,0,137950.0,567550.0,855,3,0,1,2,1,0,0,4,0,1,0,0,0.0,0.0,0.0,0,2.5,1.75,7.5,5.75,3.0,5.0,3.0,1
856,856,49,68,567650.0,137950.0,10490068,2,0,2,0,0,0,0,137950.0,567650.0,856,3,0,4,0,1,0,4,4,0,1,0,0,0.0,0.0,0.0,0,2.5,1.75,7.5,7.75,3.0,10.0,3.0,2
857,857,49,69,567750.0,137950.0,10490069,2,0,2,0,0,0,0,137950.0,567750.0,857,3,0,4,0,1,0,4,4,0,1,0,0,0.0,0.0,0.0,0,2.5,1.75,7.5,7.75,3.0,10.0,3.0,2
858,858,49,70,567850.0,137950.0,10490070,2,0,2,0,0,0,0,137950.0,567850.0,858,4,0,4,0,1,0,4,0,1,1,0,0,0.0,0.0,0.0,0,2.5,1.75,8.5,7.75,3.0,6.0,4.0,2
859,859,49,71,567950.0,137950.0,10490071,1,0,1,0,0,0,0,137950.0,567950.0,859,4,0,4,0,1,0,4,0,1,2,0,0,1.0,0.0,0.0,0,2.5,2.25,7.5,7.25,3.0,5.0,4.0,1
860,860,49,72,568050.0,137950.0,10490072,1,0,1,0,0,0,0,137950.0,568050.0,860,4,0,4,0,0,0,4,0,1,3,0,0,1.75,0.0,0.0,0,2.5,2.25,7.5,7.25,2.75,5.0,5.0,1
861,861,49,73,568150.0,137950.0,10490073,1,0,1,0,0,0,0,137950.0,568150.0,861,4,0,4,0,0,0,4,0,0,3,0,0,2.5,0.0,0.0,0,2.5,2.25,7.5,7.25,3.5,5.0,4.0,1
862,862,49,74,568250.0,137950.0,10490074,0,0,1,0,0,0,0,137950.0,568250.0,862,4,0,4,0,0,0,4,0,0,3,0,0,2.5,0.0,0.0,0,2.5,2.25,6.5,7.25,2.5,5.0,3.0,1
863,863,49,75,568350.0,137950.0,10490075,0,0,1,1,0,0,0,137950.0,568350.0,863,4,0,4,0,0,0,4,0,0,2,0,0,2.5,0.0,0.0,0,2.5,2.5,6.5,8.5,2.5,6.0,2.0,2
864,864,49,76,568450.0,137950.0,10490076,0,0,1,1,0,0,0,137950.0,568450.0,864,4,0,4,0,0,0,4,0,0,2,0,0,2.25,0.0,0.0,0,2.5,2.5,6.5,8.5,2.25,6.0,2.0,2
865,865,49,77,568550.0,137950.0,10490077,0,0,1,1,0,0,0,137950.0,568550.0,865,4,0,4,0,0,0,4,4,0,2,0,0,1.75,0.0,0.0,0,2.5,2.5,6.5,8.5,1.75,10.0,2.0,2
866,866,49,78,568650.0,137950.0,10490078,1,0,1,1,0,0,0,137950.0,568650.0,866,4,0,3,0,0,0,0,4,0,2,0,0,1.0,0.0,0.0,0,2.25,2.5,7.25,7.5,2.0,6.0,3.0,2
867,867,49,79,568750.0,137950.0,10490079,1,0,1,0,0,0,0,137950.0,568750.0,867,4,0,0,1,0,0,0,0,1,2,0,0,0.0,0.0,0.0,0,1.75,2.5,6.75,4.5,1.0,1.0,4.0,1
868,868,49,80,568850.0,137950.0,10490080,2,0,1,0,0,0,0,137950.0,568850.0,868,4,0,0,2,1,0,0,0,1,2,0,0,0.0,0.0,0.0,0,1.75,1.0,7.75,4.0,3.0,1.0,5.0,1
869,869,49,81,568950.0,137950.0,10490081,2,0,1,0,0,0,0,137950.0,568950.0,869,4,0,0,3,1,0,0,0,1,2,0,0,0.0,0.0,0.0,0,1.75,1.75,7.75,5.75,3.0,1.0,5.0,1
870,870,49,82,569050.0,137950.0,10490082,3,0,2,0,0,0,0,137950.0,569050.0,870,4,0,0,3,1,0,0,0,2,2,0,0,0.0,0.0,0.0,0,1.75,2.5,8.75,7.5,4.0,2.0,7.0,2
871,871,49,83,569150.0,137950.0,10490083,3,0,2,0,0,0,0,137950.0,569150.0,871,3,0,0,3,1,0,0,0,2,2,0,0,0.0,0.0,0.0,0,1.75,2.5,7.75,7.5,4.0,2.0,7.0,2
872,872,49,84,569250.0,137950.0,10490084,4,0,3,0,0,0,0,137950.0,569250.0,872,3,0,0,0,1,0,0,0,2,2,0,0,0.0,0.0,0.0,0,1.75,2.5,8.75,5.5,5.0,3.0,8.0,3
873,873,49,85,569350.0,137950.0,10490085,4,0,3,0,0,0,0,137950.0,569350.0,873,3,0,0,0,2,0,0,0,2,2,0,0,0.0,0.0,0.0,0,2.5,2.5,9.5,5.5,6.0,3.0,8.0,3
874,874,49,86,569450.0,137950.0,10490086,4,0,3,0,0,0,0,137950.0,569450.0,874,3,0,0,0,2,0,0,3,2,2,0,0,0.0,0.0,0.0,0,2.5,2.5,9.5,5.5,6.0,6.0,8.0,3
875,875,49,87,569550.0,137950.0,10490087,4,0,3,0,0,0,0,137950.0,569550.0,875,3,0,0,3,2,1,0,4,2,2,0,1,0.0,0.0,0.0,0,2.5,2.5,9.5,8.5,7.0,7.0,8.0,4
876,876,49,88,569650.0,137950.0,10490088,4,0,3,0,0,0,0,137950.0,569650.0,876,3,1,0,4,2,1,0,4,3,2,0,2,0.0,0.0,0.0,0,2.5,1.5,10.5,8.5,7.0,7.0,9.0,5
877,877,49,89,569750.0,137950.0,10490089,4,0,3,0,0,0,0,137950.0,569750.0,877,2,1,0,4,2,1,0,3,3,2,0,3,0.0,0.0,0.0,0,2.5,0.25,9.5,7.25,7.0,6.0,9.0,6
878,878,49,90,569850.0,137950.0,10490090,4,0,2,0,0,0,0,137950.0,569850.0,878,2,1,0,3,3,1,0,3,3,3,0,3,0.0,0.0,0.0,0,2.5,0.25,9.5,5.25,8.0,5.0,10.0,5
879,879,49,91,569950.0,137950.0,10490091,4,0,2,0,0,0,0,137950.0,569950.0,879,2,1,0,3,3,1,0,3,3,3,0,3,0.0,0.0,0.0,0,2.5,0.0,9.5,5.0,8.0,5.0,10.0,5
880,880,49,92,570050.0,137950.0,10490092,4,0,2,0,0,0,0,137950.0,570050.0,880,2,1,0,3,3,1,4,3,2,3,0,3,0.0,0.0,0.0,0,2.5,0.0,9.5,5.0,8.0,9.0,9.0,5
881,881,49,93,570150.0,137950.0,10490093,4,0,2,0,0,0,0,137950.0,570150.0,881,2,1,0,3,3,2,4,3,2,3,0,4,0.0,0.0,0.0,0,2.5,0.0,9.5,5.0,9.0,9.0,9.0,6
882,882,49,94,570250.0,137950.0,10490094,4,0,3,0,0,0,0,137950.0,570250.0,882,2,1,0,3,2,2,4,3,2,3,0,4,0.0,0.0,0.0,0,2.5,0.0,9.5,6.0,8.0,10.0,9.0,7
883,883,49,95,570350.0,137950.0,10490095,4,0,3,0,0,0,0,137950.0,570350.0,883,2,1,0,3,2,2,4,3,2,3,0,4,0.0,0.0,0.0,0,2.5,0.0,9.5,6.0,8.0,10.0,9.0,7
884,884,49,96,570450.0,137950.0,10490096,4,0,3,0,0,0,0,137950.0,570450.0,884,2,1,0,3,2,2,4,3,2,3,0,4,0.0,0.0,0.0,0,2.5,0.0,9.5,6.0,8.0,10.0,9.0,7
885,885,49,97,570550.0,137950.0,10490097,4,0,3,0,0,0,0,137950.0,570550.0,885,1,1,0,3,1,2,4,3,2,3,0,4,0.0,0.0,0.0,0,2.5,0.0,8.5,6.0,7.0,10.0,9.0,7
886,886,49,98,570650.0,137950.0,10490098,4,0,4,0,0,0,0,137950.0,570650.0,886,1,1,1,2,1,2,4,3,2,3,0,3,0.0,0.0,0.0,0,2.5,0.0,8.5,7.0,7.0,11.0,9.0,7
887,887,49,99,570750.0,137950.0,10490099,3,0,4,0,0,0,0,137950.0,570750.0,887,1,1,1,2,1,2,4,3,2,3,0,3,0.0,0.0,0.0,0,2.5,0.0,7.5,7.0,6.0,11.0,8.0,7
888,888,49,100,570850.0,137950.0,10490100,3,0,3,0,0,0,0,137950.0,570850.0,888,1,1,1,1,1,2,4,3,1,3,0,3,0.0,0.0,0.0,0,2.5,0.0,7.5,5.0,6.0,10.0,7.0,6
889,889,49,101,570950.0,137950.0,10490101,2,0,3,0,0,0,0,137950.0,570950.0,889,1,2,1,1,0,1,4,3,1,4,0,3,0.0,0.0,0.0,0,2.5,0.0,7.5,5.0,3.0,10.0,7.0,6
890,890,49,102,571050.0,137950.0,10490102,2,0,3,0,0,0,0,137950.0,571050.0,890,0,2,1,1,0,1,4,3,0,4,0,3,0.0,0.0,0.0,0,2.5,0.0,6.5,5.0,3.0,10.0,6.0,6
891,891,49,103,571150.0,137950.0,10490103,1,0,2,0,0,0,0,137950.0,571150.0,891,0,3,2,1,0,1,4,3,0,4,0,3,0.0,0.0,0.0,0,2.5,0.0,6.5,5.0,2.0,9.0,5.0,5
892,892,49,104,571250.0,137950.0,10490104,1,0,2,0,0,0,0,137950.0,571250.0,892,0,3,3,1,0,0,4,3,0,4,0,3,0.0,0.0,0.0,0,2.5,0.0,6.5,6.0,1.0,9.0,5.0,5
893,893,49,105,571350.0,137950.0,10490105,0,0,2,0,0,0,0,137950.0,571350.0,893,0,4,3,1,0,0,4,3,0,4,1,3,0.0,0.0,0.0,0,0.0,0.0,4.0,6.0,0.0,9.0,4.0,6
894,894,49,106,571450.0,137950.0,10490106,0,0,2,0,0,0,0,137950.0,571450.0,894,0,4,3,1,0,0,4,3,0,4,1,3,0.0,0.0,0.0,0,0.0,0.0,4.0,6.0,0.0,9.0,4.0,6
895,895,49,107,571550.0,137950.0,10490107,0,0,2,0,0,0,0,137950.0,571550.0,895,0,4,3,1,0,0,4,3,0,4,1,3,0.0,0.0,0.0,0,2.25,0.0,6.25,6.0,0.0,9.0,4.0,6
896,896,49,108,571650.0,137950.0,10490108,0,0,2,0,0,0,0,137950.0,571650.0,896,0,4,3,1,0,0,4,3,0,4,1,3,0.0,0.0,0.0,0,1.75,0.0,5.75,6.0,0.0,9.0,4.0,6
897,897,49,109,571750.0,137950.0,10490109,1,0,2,0,0,0,0,137950.0,571750.0,897,0,4,3,1,0,0,4,3,0,4,2,3,0.0,0.0,0.0,0,0.0,0.0,5.0,6.0,1.0,9.0,5.0,7
898,898,49,110,571850.0,137950.0,10490110,1,0,3,0,0,0,0,137950.0,571850.0,898,1,3,3,1,0,1,4,3,0,4,2,3,0.0,0.0,0.0,0,0.0,0.0,5.0,7.0,2.0,10.0,5.0,8
899,899,49,111,571950.0,137950.0,10490111,2,0,3,0,0,0,0,137950.0,571950.0,899,1,3,3,1,0,1,4,3,1,4,2,3,0.0,0.0,0.0,0,0.0,0.0,6.0,7.0,3.0,10.0,7.0,8
900,900,49,112,572050.0,137950.0,10490112,2,0,3,0,0,0,0,137950.0,572050.0,900,2,3,3,1,1,2,4,3,1,3,2,3,0.0,0.0,0.0,0,0.0,0.0,7.0,7.0,5.0,10.0,6.0,8
901,901,49,113,572150.0,137950.0,10490113,3,0,4,0,0,0,0,137950.0,572150.0,901,2,3,3,1,1,2,4,3,2,3,2,3,0.0,0.0,0.0,0,0.0,0.0,8.0,8.0,6.0,11.0,8.0,9
902,902,50,32,564050.0,137850.0,10500032,4,0,4,0,0,0,0,137850.0,564050.0,902,3,2,2,2,3,2,4,3,3,2,2,3,0.0,0.0,0.0,0,0.0,0.0,9.0,8.0,9.0,11.0,9.0,9
903,903,50,33,564150.0,137850.0,10500033,4,0,4,0,0,0,0,137850.0,564150.0,903,3,2,2,2,3,2,4,3,3,2,2,3,0.0,0.0,0.0,0,0.0,0.0,9.0,8.0,9.0,11.0,9.0,9
904,904,50,34,564250.0,137850.0,10500034,4,0,4,0,0,0,0,137850.0,564250.0,904,3,2,3,2,3,2,4,3,3,2,2,3,0.0,0.0,0.0,0,0.0,0.0,9.0,9.0,9.0,11.0,9.0,9
905,905,50,35,564350.0,137850.0,10500035,4,0,4,0,0,0,0,137850.0,564350.0,905,3,2,3,2,2,2,4,3,3,2,2,3,0.0,0.0,0.0,0,0.0,0.0,9.0,9.0,8.0,11.0,9.0,9
906,906,50,36,564450.0,137850.0,10500036,4,0,4,0,0,0,0,137850.0,564450.0,906,2,2,3,2,2,2,4,3,3,3,1,3,0.0,0.0,0.0,0,0.0,0.0,8.0,9.0,8.0,11.0,10.0,8
907,907,50,37,564550.0,137850.0,10500037,4,0,4,0,0,0,0,137850.0,564550.0,907,2,2,3,2,2,2,4,3,3,3,1,3,0.0,0.0,0.0,0,0.0,0.0,8.0,9.0,8.0,11.0,10.0,8
908,908,50,38,564650.0,137850.0,10500038,4,0,4,0,0,0,0,137850.0,564650.0,908,2,1,3,2,3,2,4,3,2,3,1,3,0.0,0.0,0.0,0,0.0,0.0,7.0,9.0,9.0,11.0,9.0,8
909,909,50,39,564750.0,137850.0,10500039,4,0,4,0,0,0,0,137850.0,564750.0,909,2,1,3,2,3,2,4,3,2,3,1,3,0.0,0.0,0.0,0,0.0,0.0,7.0,9.0,9.0,11.0,9.0,8
910,910,50,40,564850.0,137850.0,10500040,4,0,3,0,0,0,0,137850.0,564850.0,910,1,1,3,2,2,2,4,3,2,3,0,3,0.0,0.0,0.0,0,0.0,0.0,6.0,8.0,8.0,10.0,9.0,6
911,911,50,41,564950.0,137850.0,10500041,4,0,3,0,0,0,0,137850.0,564950.0,911,1,1,3,2,2,2,4,3,2,3,0,3,0.0,0.0,0.0,0,0.0,0.0,6.0,8.0,8.0,10.0,9.0,6
912,912,50,42,565050.0,137850.0,10500042,3,0,2,0,0,0,0,137850.0,565050.0,912,1,1,3,2,2,2,4,3,3,3,0,3,0.0,0.0,0.0,0,0.0,0.0,5.0,7.0,7.0,9.0,9.0,5
913,913,50,43,565150.0,137850.0,10500043,3,0,2,0,0,0,0,137850.0,565150.0,913,1,1,2,3,2,3,4,3,3,3,0,3,0.0,0.0,0.0,0,0.0,0.0,5.0,7.0,8.0,9.0,9.0,5
914,914,50,44,565250.0,137850.0,10500044,2,0,1,0,0,0,0,137850.0,565250.0,914,1,1,1,3,2,3,4,3,3,4,0,3,0.0,0.0,0.0,0,0.0,0.0,4.0,5.0,7.0,8.0,9.0,4
915,915,50,45,565350.0,137850.0,10500045,2,0,1,0,0,0,0,137850.0,565350.0,915,1,1,1,3,2,3,4,3,3,4,0,3,0.0,0.0,0.0,0,0.0,0.0,4.0,5.0,7.0,8.0,9.0,4
916,916,50,46,565450.0,137850.0,10500046,1,0,0,0,0,0,0,137850.0,565450.0,916,1,1,1,3,2,3,4,3,3,4,0,3,0.0,0.0,0.0,0,0.25,0.0,3.25,4.0,6.0,7.0,8.0,3
917,917,50,47,565550.0,137850.0,10500047,1,0,0,0,0,0,0,137850.0,565550.0,917,0,2,1,3,1,3,4,3,3,4,0,3,0.0,0.0,0.0,0,0.75,0.0,3.75,4.0,5.0,7.0,8.0,3
918,918,50,48,565650.0,137850.0,10500048,1,0,0,0,0,0,0,137850.0,565650.0,918,0,3,1,3,1,3,4,3,4,4,0,3,0.0,0.0,0.0,0,2.5,0.0,6.5,4.0,5.0,7.0,9.0,3
919,919,50,49,565750.0,137850.0,10500049,1,0,1,0,0,0,0,137850.0,565750.0,919,1,3,0,4,1,3,4,3,4,4,0,3,0.0,0.0,0.0,0,2.25,0.0,7.25,5.0,5.0,8.0,9.0,4
920,920,50,50,565850.0,137850.0,10500050,1,0,1,0,0,0,0,137850.0,565850.0,920,1,3,0,4,1,2,4,3,4,4,0,3,0.0,0.0,0.0,0,2.25,0.0,7.25,5.0,4.0,8.0,9.0,4
921,921,50,51,565950.0,137850.0,10500051,1,0,2,0,0,0,0,137850.0,565950.0,921,1,3,0,4,1,2,4,3,4,4,0,3,0.0,0.0,0.0,0,1.75,0.0,6.75,6.0,4.0,9.0,9.0,5
922,922,50,52,566050.0,137850.0,10500052,1,0,1,0,0,0,0,137850.0,566050.0,922,1,3,0,4,0,2,4,3,4,4,0,3,0.0,0.0,0.0,0,1.75,0.0,6.75,5.0,3.0,8.0,9.0,4
923,923,50,53,566150.0,137850.0,10500053,1,0,1,0,0,0,0,137850.0,566150.0,923,1,3,0,4,0,1,4,3,4,4,0,2,0.0,0.0,0.0,0,1.75,0.0,6.75,5.0,2.0,8.0,9.0,3
924,924,50,54,566250.0,137850.0,10500054,1,0,1,0,0,0,0,137850.0,566250.0,924,1,3,0,4,0,1,4,3,3,4,0,2,0.0,0.0,0.0,0,2.25,0.0,7.25,5.0,2.0,8.0,8.0,3
925,925,50,55,566350.0,137850.0,10500055,1,0,1,0,0,0,0,137850.0,566350.0,925,1,3,0,4,0,1,4,3,3,4,0,1,0.0,0.0,0.0,0,2.25,0.0,7.25,5.0,2.0,8.0,8.0,2
926,926,50,56,566450.0,137850.0,10500056,1,0,1,0,0,0,0,137850.0,566450.0,926,0,3,0,4,0,1,4,3,3,4,0,1,0.0,0.0,0.0,0,2.25,0.0,6.25,5.0,2.0,8.0,8.0,2
927,927,50,57,566550.0,137850.0,10500057,1,0,1,0,0,0,0,137850.0,566550.0,927,0,1,0,4,0,1,4,3,3,4,0,0,0.0,0.0,0.0,0,2.25,2.5,4.25,7.5,2.0,8.0,8.0,1
928,928,50,58,566650.0,137850.0,10500058,1,0,2,0,0,0,0,137850.0,566650.0,928,0,0,0,4,0,1,4,3,2,4,0,0,0.0,0.0,0.0,0,2.25,1.5,3.25,7.5,2.0,9.0,7.0,2
929,929,50,59,566750.0,137850.0,10500059,1,0,2,0,0,0,0,137850.0,566750.0,929,0,0,0,3,0,1,4,3,1,4,0,0,0.0,0.0,0.0,0,2.5,2.5,3.5,7.5,2.0,9.0,6.0,2
930,930,50,60,566850.0,137850.0,10500060,1,0,2,0,0,0,0,137850.0,566850.0,930,0,0,0,4,0,1,0,3,0,3,0,0,0.0,0.0,0.0,0,2.5,2.5,3.5,8.5,2.0,5.0,4.0,2
931,931,50,61,566950.0,137850.0,10500061,1,0,2,0,0,0,0,137850.0,566950.0,931,0,0,0,4,0,1,0,4,0,2,0,0,0.0,0.0,0.0,0,2.5,2.5,3.5,8.5,2.0,6.0,3.0,2
932,932,50,62,567050.0,137850.0,10500062,1,0,1,0,0,0,0,137850.0,567050.0,932,1,0,0,4,0,1,0,4,0,2,0,0,0.0,0.0,0.0,0,2.5,2.5,4.5,7.5,2.0,5.0,3.0,1
933,933,50,63,567150.0,137850.0,10500063,1,0,1,0,0,0,0,137850.0,567150.0,933,2,0,0,3,1,1,0,0,0,2,0,0,0.0,0.0,0.0,0,2.5,2.5,5.5,6.5,3.0,1.0,3.0,1
934,934,50,64,567250.0,137850.0,10500064,1,0,1,0,0,0,0,137850.0,567250.0,934,2,0,0,3,1,1,0,0,0,1,0,0,0.0,0.0,0.0,0,2.5,2.5,5.5,6.5,3.0,1.0,2.0,1
935,935,50,65,567350.0,137850.0,10500065,1,0,1,0,0,0,0,137850.0,567350.0,935,3,1,0,4,1,1,0,0,0,1,0,0,0.0,0.0,0.0,0,2.5,2.5,7.5,7.5,3.0,1.0,2.0,1
936,936,50,66,567450.0,137850.0,10500066,1,0,1,0,0,0,0,137850.0,567450.0,936,3,0,0,3,1,0,0,0,0,1,0,0,1.0,0.0,0.0,0,2.5,2.5,6.5,6.5,3.0,1.0,2.0,1
937,937,50,67,567550.0,137850.0,10500067,2,0,1,0,0,0,0,137850.0,567550.0,937,3,0,1,1,1,0,0,4,0,1,0,0,1.0,0.0,0.0,0,2.5,2.5,7.5,5.5,4.0,5.0,3.0,1
938,938,50,68,567650.0,137850.0,10500068,2,0,1,0,0,0,0,137850.0,567650.0,938,3,0,4,0,1,0,4,4,0,1,0,0,1.0,0.0,0.0,0,2.5,2.25,7.5,7.25,4.0,9.0,3.0,1
939,939,50,69,567750.0,137850.0,10500069,2,0,1,0,0,0,0,137850.0,567750.0,939,3,0,4,0,1,0,4,4,0,1,0,0,1.0,0.0,0.0,0,2.5,2.25,7.5,7.25,4.0,9.0,3.0,1
940,940,50,70,567850.0,137850.0,10500070,1,0,1,0,0,0,0,137850.0,567850.0,940,4,0,4,0,1,0,4,0,0,1,0,0,1.0,0.0,0.0,0,2.5,2.25,7.5,7.25,3.0,5.0,2.0,1
941,941,50,71,567950.0,137850.0,10500071,1,0,1,0,0,0,0,137850.0,567950.0,941,4,0,4,0,1,0,4,0,0,1,0,0,1.0,0.0,0.0,0,2.5,2.25,7.5,7.25,3.0,5.0,2.0,1
942,942,50,72,568050.0,137850.0,10500072,1,0,1,0,0,0,0,137850.0,568050.0,942,4,0,4,0,0,0,4,0,0,1,0,0,1.75,0.0,0.0,0,2.5,2.25,7.5,7.25,2.75,5.0,2.0,1
943,943,50,73,568150.0,137850.0,10500073,1,0,1,0,0,0,0,137850.0,568150.0,943,4,0,4,0,0,0,4,0,0,2,0,0,2.5,0.0,0.0,0,2.5,2.25,7.5,7.25,3.5,5.0,3.0,1
944,944,50,74,568250.0,137850.0,10500074,1,0,1,0,0,0,0,137850.0,568250.0,944,4,0,4,0,0,0,4,0,0,2,0,0,2.5,1.0,0.0,0,2.5,2.5,7.5,7.5,3.5,6.0,3.0,1
945,945,50,75,568350.0,137850.0,10500075,1,0,1,0,0,0,0,137850.0,568350.0,945,4,0,4,0,0,0,4,0,0,2,0,0,2.5,1.0,0.0,0,2.5,2.5,7.5,7.5,3.5,6.0,3.0,1
946,946,50,76,568450.0,137850.0,10500076,1,0,1,0,0,0,0,137850.0,568450.0,946,4,0,4,0,0,0,4,0,0,2,0,0,2.25,0.0,0.0,0,2.5,2.5,7.5,7.5,3.25,5.0,3.0,1
947,947,50,77,568550.0,137850.0,10500077,1,0,1,0,0,0,0,137850.0,568550.0,947,4,0,4,0,0,0,4,4,0,2,0,0,1.75,0.0,0.0,0,2.5,2.5,7.5,7.5,2.75,9.0,3.0,1
948,948,50,78,568650.0,137850.0,10500078,1,0,0,0,0,0,0,137850.0,568650.0,948,4,0,1,0,0,0,0,4,1,2,0,0,1.0,0.0,0.0,0,2.5,2.5,7.5,3.5,2.0,4.0,4.0,0
949,949,50,79,568750.0,137850.0,10500079,2,0,1,0,0,0,0,137850.0,568750.0,949,4,0,0,1,1,0,0,0,1,2,0,0,0.0,0.0,0.0,0,2.5,2.5,8.5,4.5,3.0,1.0,5.0,1
950,950,50,80,568850.0,137850.0,10500080,2,0,1,0,0,0,0,137850.0,568850.0,950,4,0,0,2,1,0,0,0,1,2,0,0,0.0,0.0,0.0,0,2.25,2.5,8.25,5.5,3.0,1.0,5.0,1
951,951,50,81,568950.0,137850.0,10500081,2,0,1,0,0,0,0,137850.0,568950.0,951,4,0,0,2,1,0,0,0,1,2,0,0,0.0,0.0,0.0,0,2.5,2.5,8.5,5.5,3.0,1.0,5.0,1
952,952,50,82,569050.0,137850.0,10500082,3,0,2,0,0,0,0,137850.0,569050.0,952,3,0,0,0,1,0,0,0,2,2,0,0,0.0,0.0,0.0,0,1.75,2.5,7.75,4.5,4.0,2.0,7.0,2
953,953,50,83,569150.0,137850.0,10500083,3,0,2,0,0,0,0,137850.0,569150.0,953,3,0,0,0,1,0,0,0,2,2,0,0,0.0,0.0,0.0,0,1.0,2.5,7.0,4.5,4.0,2.0,7.0,2
954,954,50,84,569250.0,137850.0,10500084,4,0,2,0,0,0,0,137850.0,569250.0,954,3,0,0,0,1,0,0,0,2,2,0,0,0.0,0.0,0.0,0,1.0,2.5,8.0,4.5,5.0,2.0,8.0,2
955,955,50,85,569350.0,137850.0,10500085,4,0,3,0,0,0,0,137850.0,569350.0,955,3,0,0,0,2,0,0,0,2,2,0,0,0.0,0.0,0.0,0,2.25,2.25,9.25,5.25,6.0,3.0,8.0,3
956,956,50,86,569450.0,137850.0,10500086,4,0,3,0,0,0,0,137850.0,569450.0,956,3,0,0,0,2,0,0,0,2,2,0,0,0.0,0.0,0.0,0,2.5,2.5,9.5,5.5,6.0,3.0,8.0,3
957,957,50,87,569550.0,137850.0,10500087,4,0,3,0,0,0,0,137850.0,569550.0,957,3,0,0,0,2,1,0,4,2,2,0,2,0.0,0.0,0.0,0,2.5,2.5,9.5,5.5,7.0,7.0,8.0,5
958,958,50,88,569650.0,137850.0,10500088,4,0,2,0,0,0,0,137850.0,569650.0,958,2,1,0,3,2,1,0,4,2,2,0,3,0.0,0.0,0.0,0,2.5,2.5,9.5,7.5,7.0,6.0,8.0,5
959,959,50,89,569750.0,137850.0,10500089,4,0,2,0,0,0,0,137850.0,569750.0,959,2,1,0,4,2,1,0,4,3,2,0,3,0.0,0.0,0.0,0,2.5,1.5,9.5,7.5,7.0,6.0,9.0,5
960,960,50,90,569850.0,137850.0,10500090,4,0,2,0,0,0,0,137850.0,569850.0,960,2,1,0,4,3,1,0,4,2,2,0,3,0.0,0.0,0.0,0,2.5,0.25,9.5,6.25,8.0,6.0,8.0,5
961,961,50,91,569950.0,137850.0,10500091,4,0,2,0,0,0,0,137850.0,569950.0,961,1,1,0,3,3,1,0,3,2,3,0,4,0.0,0.0,0.0,0,2.5,0.25,8.5,5.25,8.0,5.0,9.0,6
962,962,50,92,570050.0,137850.0,10500092,4,0,2,0,0,0,0,137850.0,570050.0,962,1,1,0,3,3,1,0,3,2,3,0,4,0.0,0.0,0.0,0,2.5,0.0,8.5,5.0,8.0,5.0,9.0,6
963,963,50,93,570150.0,137850.0,10500093,4,0,2,0,0,0,0,137850.0,570150.0,963,1,1,0,3,2,2,4,3,2,3,0,4,0.0,0.0,0.0,0,2.5,0.0,8.5,5.0,8.0,9.0,9.0,6
964,964,50,94,570250.0,137850.0,10500094,4,0,2,0,0,0,0,137850.0,570250.0,964,2,1,0,3,2,2,4,3,2,3,0,4,0.0,0.0,0.0,0,2.5,0.0,9.5,5.0,8.0,9.0,9.0,6
965,965,50,95,570350.0,137850.0,10500095,4,0,2,0,0,0,0,137850.0,570350.0,965,2,1,0,3,2,2,4,3,2,3,0,4,0.0,0.0,0.0,0,2.5,0.0,9.5,5.0,8.0,9.0,9.0,6
966,966,50,96,570450.0,137850.0,10500096,4,0,3,0,0,0,0,137850.0,570450.0,966,2,1,0,3,2,2,4,3,2,3,0,4,0.0,0.0,0.0,0,2.5,0.0,9.5,6.0,8.0,10.0,9.0,7
967,967,50,97,570550.0,137850.0,10500097,4,0,3,0,0,0,0,137850.0,570550.0,967,1,1,0,3,1,2,4,3,2,3,0,4,0.0,0.0,0.0,0,2.5,0.0,8.5,6.0,7.0,10.0,9.0,7
968,968,50,98,570650.0,137850.0,10500098,4,0,3,0,0,0,0,137850.0,570650.0,968,1,1,0,3,1,2,4,3,2,3,0,4,0.0,0.0,0.0,0,2.5,0.0,8.5,6.0,7.0,10.0,9.0,7
969,969,50,99,570750.0,137850.0,10500099,3,0,4,0,0,0,0,137850.0,570750.0,969,1,1,1,2,1,2,4,3,1,3,0,4,0.0,0.0,0.0,0,2.5,0.0,7.5,7.0,6.0,11.0,7.0,8
970,970,50,100,570850.0,137850.0,10500100,3,0,3,0,0,0,0,137850.0,570850.0,970,1,1,1,1,1,2,4,3,1,3,0,3,0.0,0.0,0.0,0,2.5,0.0,7.5,5.0,6.0,10.0,7.0,6
971,971,50,101,570950.0,137850.0,10500101,2,0,3,0,0,0,0,137850.0,570950.0,971,1,2,1,1,0,1,4,3,1,4,0,3,0.0,0.0,0.0,0,2.5,0.0,7.5,5.0,3.0,10.0,7.0,6
972,972,50,102,571050.0,137850.0,10500102,2,0,2,0,0,0,0,137850.0,571050.0,972,0,2,1,1,0,1,4,3,0,4,0,3,0.0,0.0,0.0,0,2.5,0.0,6.5,4.0,3.0,9.0,6.0,5
973,973,50,103,571150.0,137850.0,10500103,1,0,2,0,0,0,0,137850.0,571150.0,973,0,3,2,1,0,0,4,3,0,4,0,3,0.0,0.0,0.0,0,2.5,0.0,6.5,5.0,1.0,9.0,5.0,5
974,974,50,104,571250.0,137850.0,10500104,1,0,2,0,0,0,0,137850.0,571250.0,974,0,3,3,1,0,0,4,3,0,4,0,3,0.0,0.0,0.0,0,2.5,0.0,6.5,6.0,1.0,9.0,5.0,5
975,975,50,105,571350.0,137850.0,10500105,0,0,2,0,0,0,0,137850.0,571350.0,975,0,4,3,1,0,0,4,3,0,4,1,3,0.0,0.0,0.0,0,0.0,0.0,4.0,6.0,0.0,9.0,4.0,6
976,976,50,106,571450.0,137850.0,10500106,0,0,2,0,0,0,0,137850.0,571450.0,976,0,4,3,1,0,0,4,3,0,4,1,3,0.0,0.0,0.0,0,0.0,0.0,4.0,6.0,0.0,9.0,4.0,6
977,977,50,107,571550.0,137850.0,10500107,0,0,2,0,0,0,0,137850.0,571550.0,977,0,4,3,1,0,0,4,3,0,4,1,3,0.0,0.0,0.0,0,0.0,0.0,4.0,6.0,0.0,9.0,4.0,6
978,978,50,108,571650.0,137850.0,10500108,1,0,2,0,0,0,0,137850.0,571650.0,978,0,4,3,1,0,0,4,3,0,4,1,3,0.0,0.0,0.0,0,1.75,0.0,6.75,6.0,1.0,9.0,5.0,6
979,979,50,109,571750.0,137850.0,10500109,1,0,2,0,0,0,0,137850.0,571750.0,979,0,4,3,1,0,0,4,3,0,4,2,3,0.0,0.0,0.0,0,0.0,0.0,5.0,6.0,1.0,9.0,5.0,7
980,980,50,110,571850.0,137850.0,10500110,1,0,2,0,0,0,0,137850.0,571850.0,980,1,3,3,1,0,1,4,3,0,4,2,3,0.0,0.0,0.0,0,0.0,0.0,5.0,6.0,2.0,9.0,5.0,7
981,981,50,111,571950.0,137850.0,10500111,2,0,3,0,0,0,0,137850.0,571950.0,981,1,3,3,1,0,1,4,3,1,4,2,3,0.0,0.0,0.0,0,0.0,0.0,6.0,7.0,3.0,10.0,7.0,8
982,982,50,112,572050.0,137850.0,10500112,2,0,3,0,0,0,0,137850.0,572050.0,982,1,3,3,1,1,2,4,3,1,4,2,3,0.0,0.0,0.0,0,0.0,0.0,6.0,7.0,5.0,10.0,7.0,8
983,983,50,113,572150.0,137850.0,10500113,3,0,4,0,0,0,0,137850.0,572150.0,983,2,3,3,1,1,2,4,3,2,3,2,3,0.0,0.0,0.0,0,0.0,0.0,8.0,8.0,6.0,11.0,8.0,9
984,984,51,32,564050.0,137750.0,10510032,4,0,4,0,0,0,0,137750.0,564050.0,984,3,2,2,2,3,2,4,3,3,2,2,3,0.0,0.0,0.0,0,0.0,0.0,9.0,8.0,9.0,11.0,9.0,9
985,985,51,33,564150.0,137750.0,10510033,4,0,4,0,0,0,0,137750.0,564150.0,985,3,2,2,2,3,2,4,3,3,2,2,3,0.0,0.0,0.0,0,0.0,0.0,9.0,8.0,9.0,11.0,9.0,9
986,986,51,34,564250.0,137750.0,10510034,4,0,4,0,0,0,0,137750.0,564250.0,986,3,2,3,2,3,2,4,3,3,2,2,3,0.0,0.0,0.0,0,0.0,0.0,9.0,9.0,9.0,11.0,9.0,9
987,987,51,35,564350.0,137750.0,10510035,4,0,4,0,0,0,0,137750.0,564350.0,987,3,2,3,2,2,2,4,3,3,2,2,3,0.0,0.0,0.0,0,0.0,0.0,9.0,9.0,8.0,11.0,9.0,9
988,988,51,36,564450.0,137750.0,10510036,4,0,4,0,0,0,0,137750.0,564450.0,988,2,2,3,2,2,2,4,3,3,3,1,3,0.0,0.0,0.0,0,0.0,0.0,8.0,9.0,8.0,11.0,10.0,8
989,989,51,37,564550.0,137750.0,10510037,4,0,4,0,0,0,0,137750.0,564550.0,989,2,1,3,2,2,2,4,3,3,3,1,3,0.0,0.0,0.0,0,0.0,0.0,7.0,9.0,8.0,11.0,10.0,8
990,990,51,38,564650.0,137750.0,10510038,4,0,4,0,0,0,0,137750.0,564650.0,990,2,1,3,2,3,2,4,3,3,3,1,3,0.0,0.0,0.0,0,0.0,0.0,7.0,9.0,9.0,11.0,10.0,8
991,991,51,39,564750.0,137750.0,10510039,4,0,4,0,0,0,0,137750.0,564750.0,991,2,1,3,2,3,2,4,3,3,3,1,3,0.0,0.0,0.0,0,0.0,0.0,7.0,9.0,9.0,11.0,10.0,8
992,992,51,40,564850.0,137750.0,10510040,4,0,3,0,0,0,0,137750.0,564850.0,992,1,1,3,2,2,2,4,3,3,3,0,3,0.0,0.0,0.0,0,0.0,0.0,6.0,8.0,8.0,10.0,10.0,6
993,993,51,41,564950.0,137750.0,10510041,4,0,3,0,0,0,0,137750.0,564950.0,993,1,1,3,2,2,2,4,3,3,3,0,3,0.0,0.0,0.0,0,0.0,0.0,6.0,8.0,8.0,10.0,10.0,6
994,994,51,42,565050.0,137750.0,10510042,3,0,2,0,0,0,0,137750.0,565050.0,994,1,1,3,2,2,2,4,3,3,3,0,3,0.0,0.0,0.0,0,0.0,0.0,5.0,7.0,7.0,9.0,9.0,5
995,995,51,43,565150.0,137750.0,10510043,3,0,2,0,0,0,0,137750.0,565150.0,995,1,1,2,3,2,3,4,3,3,4,0,3,0.0,0.0,0.0,0,0.0,0.0,5.0,7.0,8.0,9.0,10.0,5
996,996,51,44,565250.0,137750.0,10510044,2,0,1,0,0,0,0,137750.0,565250.0,996,1,1,1,3,2,3,4,3,3,4,0,3,0.0,0.0,0.0,0,0.0,0.0,4.0,5.0,7.0,8.0,9.0,4
997,997,51,45,565350.0,137750.0,10510045,2,0,1,0,0,0,0,137750.0,565350.0,997,1,1,1,3,2,3,4,3,3,4,0,3,0.0,0.0,0.0,0,0.0,0.0,4.0,5.0,7.0,8.0,9.0,4
998,998,51,46,565450.0,137750.0,10510046,1,0,0,0,0,0,0,137750.0,565450.0,998,0,1,1,3,1,3,4,3,3,4,0,3,0.0,0.0,0.0,0,0.25,0.0,2.25,4.0,5.0,7.0,8.0,3
999,999,51,47,565550.0,137750.0,10510047,1,0,0,0,0,0,0,137750.0,565550.0,999,0,2,1,3,1,3,4,3,4,4,0,3,0.0,0.0,0.0,0,0.75,0.0,3.75,4.0,5.0,7.0,9.0,3
1000,1000,51,48,565650.0,137750.0,10510048,0,0,0,0,0,0,0,137750.0,565650.0,1000,1,3,0,4,1,3,4,3,4,4,0,3,0.0,0.0,0.0,0,2.5,0.0,6.5,4.0,4.0,7.0,8.0,3
1001,1001,51,49,565750.0,137750.0,10510049,0,0,0,0,0,0,0,137750.0,565750.0,1001,1,3,0,4,1,2,4,3,4,4,0,3,0.0,0.0,0.0,0,2.25,0.0,6.25,4.0,3.0,7.0,8.0,3
1002,1002,51,50,565850.0,137750.0,10510050,0,0,1,0,0,0,0,137750.0,565850.0,1002,1,3,0,4,1,2,4,3,4,4,0,3,0.0,0.0,0.0,0,2.25,0.0,6.25,5.0,3.0,8.0,8.0,4
1003,1003,51,51,565950.0,137750.0,10510051,1,0,1,0,0,0,0,137750.0,565950.0,1003,1,3,0,4,0,2,4,3,4,4,0,3,0.0,0.0,0.0,0,1.75,0.0,6.75,5.0,3.0,8.0,9.0,4
1004,1004,51,52,566050.0,137750.0,10510052,1,0,1,0,0,0,0,137750.0,566050.0,1004,1,4,0,4,0,1,4,3,4,4,0,3,0.0,0.0,0.0,0,1.0,0.0,7.0,5.0,2.0,8.0,9.0,4
1005,1005,51,53,566150.0,137750.0,10510053,2,0,0,0,0,0,0,137750.0,566150.0,1005,1,4,0,4,0,1,4,3,3,4,0,2,0.0,0.0,0.0,0,1.75,0.0,8.75,4.0,3.0,7.0,9.0,2
1006,1006,51,54,566250.0,137750.0,10510054,2,0,0,0,0,0,0,137750.0,566250.0,1006,1,3,0,4,0,1,4,3,3,4,0,1,0.0,0.0,0.0,0,1.75,0.0,7.75,4.0,3.0,7.0,9.0,1
1007,1007,51,55,566350.0,137750.0,10510055,1,0,0,0,0,0,0,137750.0,566350.0,1007,1,3,0,4,0,1,4,3,1,4,0,1,0.0,0.0,0.0,0,1.75,0.0,6.75,4.0,2.0,7.0,6.0,1
1008,1008,51,56,566450.0,137750.0,10510056,1,0,0,0,0,0,0,137750.0,566450.0,1008,1,2,0,4,0,0,4,3,0,3,0,1,0.0,0.0,0.0,0,2.25,2.5,6.25,6.5,1.0,7.0,4.0,1
1009,1009,51,57,566550.0,137750.0,10510057,1,0,1,0,0,0,0,137750.0,566550.0,1009,1,1,0,4,0,0,0,3,0,3,0,0,0.0,0.0,0.0,0,2.25,2.5,5.25,7.5,1.0,4.0,4.0,1
1010,1010,51,58,566650.0,137750.0,10510058,0,0,1,0,0,0,0,137750.0,566650.0,1010,0,0,0,4,0,0,0,3,0,3,0,0,0.0,0.0,0.0,0,2.5,2.5,2.5,7.5,0.0,4.0,3.0,1
1011,1011,51,59,566750.0,137750.0,10510059,0,0,2,0,0,0,0,137750.0,566750.0,1011,0,0,0,4,0,0,0,3,0,3,0,0,0.0,0.0,0.0,0,2.5,2.5,2.5,8.5,0.0,5.0,3.0,2
1012,1012,51,60,566850.0,137750.0,10510060,0,0,2,0,0,0,0,137750.0,566850.0,1012,0,0,0,4,0,0,0,4,0,3,0,0,0.0,0.0,0.0,0,2.5,2.5,2.5,8.5,0.0,6.0,3.0,2
1013,1013,51,61,566950.0,137750.0,10510061,0,0,1,0,0,0,0,137750.0,566950.0,1013,0,0,0,4,0,0,0,4,0,3,0,0,0.0,0.0,0.0,0,2.5,2.5,2.5,7.5,0.0,5.0,3.0,1
1014,1014,51,62,567050.0,137750.0,10510062,0,0,1,0,0,0,0,137750.0,567050.0,1014,1,0,0,4,0,1,0,4,0,2,0,0,0.0,0.0,0.0,0,2.5,2.5,3.5,7.5,1.0,5.0,2.0,1
1015,1015,51,63,567150.0,137750.0,10510063,0,0,1,0,0,0,0,137750.0,567150.0,1015,2,0,0,3,0,1,0,0,0,2,0,0,0.0,0.0,0.0,0,2.5,2.5,4.5,6.5,1.0,1.0,2.0,1
1016,1016,51,64,567250.0,137750.0,10510064,0,0,0,0,0,0,0,137750.0,567250.0,1016,2,0,0,3,1,1,0,0,0,1,0,0,0.0,0.0,0.0,0,2.5,2.5,4.5,5.5,2.0,0.0,1.0,0
1017,1017,51,65,567350.0,137750.0,10510065,1,0,0,0,0,0,0,137750.0,567350.0,1017,3,1,0,4,1,1,0,0,0,1,0,0,0.0,0.0,0.0,0,2.5,2.5,7.5,6.5,3.0,0.0,2.0,0
1018,1018,51,66,567450.0,137750.0,10510066,1,0,0,0,0,0,0,137750.0,567450.0,1018,3,0,0,3,1,0,0,0,0,1,0,0,0.0,0.0,0.0,0,2.5,2.5,6.5,5.5,2.0,0.0,2.0,0
1019,1019,51,67,567550.0,137750.0,10510067,2,0,1,0,0,0,0,137750.0,567550.0,1019,3,0,1,0,1,0,0,0,0,1,0,0,1.0,0.0,0.0,0,2.5,2.5,7.5,4.5,4.0,1.0,3.0,1
1020,1020,51,68,567650.0,137750.0,10510068,2,0,1,0,0,0,0,137750.0,567650.0,1020,3,0,4,0,1,0,0,4,0,1,0,0,1.0,0.0,0.0,0,2.5,2.5,7.5,7.5,4.0,5.0,3.0,1
1021,1021,51,69,567750.0,137750.0,10510069,2,0,1,0,0,0,0,137750.0,567750.0,1021,3,0,4,0,1,0,4,4,0,1,0,0,1.0,0.0,0.0,0,2.5,2.25,7.5,7.25,4.0,9.0,3.0,1
1022,1022,51,70,567850.0,137750.0,10510070,1,0,1,0,0,0,0,137750.0,567850.0,1022,4,0,4,0,1,0,4,0,0,1,0,0,1.0,0.0,0.0,0,2.5,2.25,7.5,7.25,3.0,5.0,2.0,1
1023,1023,51,71,567950.0,137750.0,10510071,1,0,1,0,0,0,0,137750.0,567950.0,1023,4,0,4,0,1,0,4,0,0,1,0,0,1.0,0.0,0.0,0,2.5,2.25,7.5,7.25,3.0,5.0,2.0,1
1024,1024,51,72,568050.0,137750.0,10510072,0,0,0,0,0,0,0,137750.0,568050.0,1024,4,0,4,0,1,0,4,0,0,1,0,0,1.75,0.0,0.0,0,2.5,2.25,6.5,6.25,2.75,4.0,1.0,0
1025,1025,51,73,568150.0,137750.0,10510073,0,0,0,0,0,0,0,137750.0,568150.0,1025,4,0,4,0,0,0,4,0,0,1,1,0,2.25,1.0,0.0,0,2.5,2.25,6.5,6.25,2.25,5.0,1.0,1
1026,1026,51,74,568250.0,137750.0,10510074,0,0,0,0,0,0,0,137750.0,568250.0,1026,4,0,4,0,0,0,4,0,0,1,1,0,2.5,1.0,0.0,0,2.5,2.5,6.5,6.5,2.5,5.0,1.0,1
1027,1027,51,75,568350.0,137750.0,10510075,1,0,1,0,0,0,0,137750.0,568350.0,1027,4,0,4,0,0,0,4,0,0,2,1,0,2.5,1.0,0.0,0,2.5,2.5,7.5,7.5,3.5,6.0,3.0,2
1028,1028,51,76,568450.0,137750.0,10510076,1,0,1,0,0,0,0,137750.0,568450.0,1028,4,0,4,0,0,0,4,0,1,2,0,0,1.75,0.0,0.0,0,2.5,2.5,7.5,7.5,2.75,5.0,4.0,1
1029,1029,51,77,568550.0,137750.0,10510077,1,0,0,0,0,0,0,137750.0,568550.0,1029,4,0,4,0,0,0,4,4,1,2,0,0,1.0,0.0,0.0,0,2.5,2.5,7.5,6.5,2.0,8.0,4.0,0
1030,1030,51,78,568650.0,137750.0,10510078,2,0,0,0,0,0,0,137750.0,568650.0,1030,4,0,1,0,0,0,0,4,1,2,0,0,1.0,0.0,0.0,0,2.5,2.5,8.5,3.5,3.0,4.0,5.0,0
1031,1031,51,79,568750.0,137750.0,10510079,2,0,0,0,0,0,0,137750.0,568750.0,1031,4,0,0,2,1,0,0,0,1,2,0,0,0.0,0.0,0.0,0,2.5,2.5,8.5,4.5,3.0,0.0,5.0,0
1032,1032,51,80,568850.0,137750.0,10510080,2,0,0,0,0,0,0,137750.0,568850.0,1032,4,0,0,1,1,0,0,0,1,2,0,0,0.0,0.0,0.0,0,2.25,2.5,8.25,3.5,3.0,0.0,5.0,0
1033,1033,51,81,568950.0,137750.0,10510081,3,0,1,0,0,0,0,137750.0,568950.0,1033,3,0,0,0,1,0,0,0,2,2,0,0,0.0,0.0,0.0,0,1.75,2.5,7.75,3.5,4.0,1.0,7.0,1
1034,1034,51,82,569050.0,137750.0,10510082,3,0,1,0,0,0,0,137750.0,569050.0,1034,3,0,0,0,1,0,0,0,2,2,0,0,0.0,0.0,0.0,0,1.0,2.5,7.0,3.5,4.0,1.0,7.0,1
1035,1035,51,83,569150.0,137750.0,10510083,3,0,2,0,0,0,0,137750.0,569150.0,1035,3,0,0,0,1,0,0,0,2,2,0,0,0.0,0.0,0.0,0,1.0,2.5,7.0,4.5,4.0,2.0,7.0,2
1036,1036,51,84,569250.0,137750.0,10510084,3,0,2,0,0,0,0,137750.0,569250.0,1036,3,0,0,0,1,0,0,0,2,2,0,0,0.0,0.0,0.0,0,1.0,2.5,7.0,4.5,4.0,2.0,7.0,2
1037,1037,51,85,569350.0,137750.0,10510085,4,0,3,0,0,0,0,137750.0,569350.0,1037,3,0,0,0,2,0,0,0,2,2,0,0,0.0,0.0,0.0,0,1.0,2.5,8.0,5.5,6.0,3.0,8.0,3
1038,1038,51,86,569450.0,137750.0,10510086,4,0,3,0,0,0,0,137750.0,569450.0,1038,3,0,0,0,2,1,0,0,2,2,0,1,0.0,0.0,0.0,0,2.5,2.5,9.5,5.5,7.0,3.0,8.0,4
1039,1039,51,87,569550.0,137750.0,10510087,4,0,2,0,0,0,0,137750.0,569550.0,1039,3,0,0,0,2,1,0,4,2,2,0,3,0.0,0.0,0.0,0,2.5,2.5,9.5,4.5,7.0,6.0,8.0,5
1040,1040,51,88,569650.0,137750.0,10510088,4,0,2,0,0,0,0,137750.0,569650.0,1040,2,1,0,0,2,1,0,4,2,2,0,3,0.0,0.0,0.0,0,2.5,2.5,9.5,4.5,7.0,6.0,8.0,5
1041,1041,51,89,569750.0,137750.0,10510089,4,0,2,0,0,0,0,137750.0,569750.0,1041,2,1,0,4,3,1,0,4,2,2,0,4,0.0,0.0,0.0,0,2.5,2.5,9.5,8.5,8.0,6.0,8.0,6
1042,1042,51,90,569850.0,137750.0,10510090,4,0,1,0,0,0,0,137750.0,569850.0,1042,2,1,0,4,3,1,0,4,2,2,0,4,0.0,0.0,0.0,0,2.5,0.75,9.5,5.75,8.0,5.0,8.0,5
1043,1043,51,91,569950.0,137750.0,10510091,4,0,1,0,0,0,0,137750.0,569950.0,1043,1,0,0,4,3,1,0,4,2,2,0,4,0.0,0.0,0.0,0,2.5,0.0,7.5,5.0,8.0,5.0,8.0,5
1044,1044,51,92,570050.0,137750.0,10510092,4,0,1,0,0,0,0,137750.0,570050.0,1044,1,0,0,3,3,1,0,3,2,3,0,4,0.0,0.0,0.0,0,2.5,0.0,7.5,4.0,8.0,4.0,9.0,5
1045,1045,51,93,570150.0,137750.0,10510093,4,0,1,0,0,0,0,137750.0,570150.0,1045,1,0,0,3,2,2,0,3,2,3,0,4,0.0,0.0,0.0,0,2.5,0.0,7.5,4.0,8.0,4.0,9.0,5
1046,1046,51,94,570250.0,137750.0,10510094,4,0,2,0,0,0,0,137750.0,570250.0,1046,1,1,0,3,2,2,4,3,2,3,0,4,0.0,0.0,0.0,0,2.5,0.0,8.5,5.0,8.0,9.0,9.0,6
1047,1047,51,95,570350.0,137750.0,10510095,4,0,2,0,0,0,0,137750.0,570350.0,1047,1,1,0,3,2,2,4,3,2,3,0,4,0.0,0.0,0.0,0,2.5,0.0,8.5,5.0,8.0,9.0,9.0,6
1048,1048,51,96,570450.0,137750.0,10510096,4,0,2,0,0,0,0,137750.0,570450.0,1048,2,1,0,3,2,2,4,3,2,3,0,4,0.0,0.0,0.0,0,2.5,0.0,9.5,5.0,8.0,9.0,9.0,6
1049,1049,51,97,570550.0,137750.0,10510097,4,0,3,0,0,0,0,137750.0,570550.0,1049,1,1,0,3,1,2,4,3,2,3,0,4,0.0,0.0,0.0,0,2.5,0.0,8.5,6.0,7.0,10.0,9.0,7
1050,1050,51,98,570650.0,137750.0,10510098,4,0,3,0,0,0,0,137750.0,570650.0,1050,1,1,0,3,1,2,4,3,2,3,0,4,0.0,0.0,0.0,0,2.5,0.0,8.5,6.0,7.0,10.0,9.0,7
1051,1051,51,99,570750.0,137750.0,10510099,3,0,3,0,0,0,0,137750.0,570750.0,1051,1,1,1,2,1,2,4,3,1,3,0,4,0.0,0.0,0.0,0,2.5,0.0,7.5,6.0,6.0,10.0,7.0,7
1052,1052,51,100,570850.0,137750.0,10510100,3,0,3,0,0,0,0,137750.0,570850.0,1052,1,1,1,2,1,2,4,3,1,3,0,4,0.0,0.0,0.0,0,2.5,0.0,7.5,6.0,6.0,10.0,7.0,7
1053,1053,51,101,570950.0,137750.0,10510101,2,0,2,0,0,0,0,137750.0,570950.0,1053,1,2,1,1,0,1,4,3,1,4,0,3,0.0,0.0,0.0,0,2.5,0.0,7.5,4.0,3.0,9.0,7.0,5
1054,1054,51,102,571050.0,137750.0,10510102,2,0,2,0,0,0,0,137750.0,571050.0,1054,0,3,1,1,0,1,4,3,0,4,0,3,0.0,0.0,0.0,0,2.5,0.0,7.5,4.0,3.0,9.0,6.0,5
1055,1055,51,103,571150.0,137750.0,10510103,1,0,2,0,0,0,0,137750.0,571150.0,1055,0,3,2,1,0,0,4,3,0,4,0,3,0.0,0.0,0.0,0,2.5,0.0,6.5,5.0,1.0,9.0,5.0,5
1056,1056,51,104,571250.0,137750.0,10510104,1,0,1,0,0,0,0,137750.0,571250.0,1056,0,4,3,1,0,0,4,3,0,4,0,3,0.0,0.0,0.0,0,2.5,0.0,7.5,5.0,1.0,8.0,5.0,4
1057,1057,51,105,571350.0,137750.0,10510105,1,0,1,0,0,0,0,137750.0,571350.0,1057,0,4,3,1,0,0,4,3,0,4,1,3,0.0,0.0,0.0,0,2.5,0.0,7.5,5.0,1.0,8.0,5.0,5
1058,1058,51,106,571450.0,137750.0,10510106,1,0,1,0,0,0,0,137750.0,571450.0,1058,0,4,3,1,0,0,4,3,0,4,1,3,0.0,0.0,0.0,0,1.5,0.0,6.5,5.0,1.0,8.0,5.0,5
1059,1059,51,107,571550.0,137750.0,10510107,1,0,1,0,0,0,0,137750.0,571550.0,1059,0,4,3,1,0,0,4,3,0,4,1,3,0.0,0.0,0.0,0,1.0,0.0,6.0,5.0,1.0,8.0,5.0,5
1060,1060,51,108,571650.0,137750.0,10510108,1,0,1,0,0,0,0,137750.0,571650.0,1060,0,4,3,1,0,0,4,3,0,4,1,3,0.0,0.0,0.0,0,1.75,0.0,6.75,5.0,1.0,8.0,5.0,5
1061,1061,51,109,571750.0,137750.0,10510109,1,0,2,0,0,0,0,137750.0,571750.0,1061,0,4,3,1,0,0,4,3,0,4,2,3,0.0,0.0,0.0,0,0.75,0.0,5.75,6.0,1.0,9.0,5.0,7
1062,1062,51,110,571850.0,137750.0,10510110,2,0,2,0,0,0,0,137750.0,571850.0,1062,1,3,3,1,0,1,4,3,0,4,2,3,0.0,0.0,0.0,0,0.0,0.0,6.0,6.0,3.0,9.0,6.0,7
1063,1063,51,111,571950.0,137750.0,10510111,2,0,2,0,0,0,0,137750.0,571950.0,1063,1,3,3,1,0,1,4,3,1,4,2,3,0.0,0.0,0.0,0,0.0,0.0,6.0,6.0,3.0,9.0,7.0,7
1064,1064,51,112,572050.0,137750.0,10510112,3,0,3,0,0,0,0,137750.0,572050.0,1064,1,3,3,1,0,2,4,3,1,4,2,3,0.0,0.0,0.0,0,0.0,0.0,7.0,7.0,5.0,10.0,8.0,8
1065,1065,51,113,572150.0,137750.0,10510113,3,0,3,0,0,0,0,137750.0,572150.0,1065,2,3,3,1,1,2,4,3,2,3,2,3,0.0,0.0,0.0,0,0.0,0.0,8.0,7.0,6.0,10.0,8.0,8
1066,1066,52,32,564050.0,137650.0,10520032,4,0,4,0,0,0,0,137650.0,564050.0,1066,3,2,2,2,3,2,4,3,3,2,2,3,0.0,0.0,0.0,0,0.0,0.0,9.0,8.0,9.0,11.0,9.0,9
1067,1067,52,33,564150.0,137650.0,10520033,4,0,4,0,0,0,0,137650.0,564150.0,1067,3,2,2,2,3,2,4,3,3,2,2,3,0.0,0.0,0.0,0,0.0,0.0,9.0,8.0,9.0,11.0,9.0,9
1068,1068,52,34,564250.0,137650.0,10520034,4,0,4,0,0,0,0,137650.0,564250.0,1068,3,2,3,2,3,2,4,3,3,2,2,3,0.0,0.0,0.0,0,0.0,0.0,9.0,9.0,9.0,11.0,9.0,9
1069,1069,52,35,564350.0,137650.0,10520035,4,0,4,0,0,0,0,137650.0,564350.0,1069,2,2,3,2,2,2,4,3,3,2,2,3,0.0,0.0,0.0,0,0.0,0.0,8.0,9.0,8.0,11.0,9.0,9
1070,1070,52,36,564450.0,137650.0,10520036,4,0,4,0,0,0,0,137650.0,564450.0,1070,2,2,3,2,2,2,4,3,3,3,1,3,0.0,0.0,0.0,0,0.0,0.0,8.0,9.0,8.0,11.0,10.0,8
1071,1071,52,37,564550.0,137650.0,10520037,4,0,4,0,0,0,0,137650.0,564550.0,1071,2,1,3,2,3,2,4,3,3,3,1,3,0.0,0.0,0.0,0,0.0,0.0,7.0,9.0,9.0,11.0,10.0,8
1072,1072,52,38,564650.0,137650.0,10520038,4,0,4,0,0,0,0,137650.0,564650.0,1072,2,1,3,2,3,2,4,3,3,3,1,3,0.0,0.0,0.0,0,0.0,0.0,7.0,9.0,9.0,11.0,10.0,8
1073,1073,52,39,564750.0,137650.0,10520039,4,0,4,0,0,0,0,137650.0,564750.0,1073,2,1,3,2,2,2,4,3,3,3,1,3,0.0,0.0,0.0,0,0.0,0.0,7.0,9.0,8.0,11.0,10.0,8
1074,1074,52,40,564850.0,137650.0,10520040,4,0,3,0,0,0,0,137650.0,564850.0,1074,1,1,3,2,2,2,4,3,3,3,0,3,0.0,0.0,0.0,0,0.0,0.0,6.0,8.0,8.0,10.0,10.0,6
1075,1075,52,41,564950.0,137650.0,10520041,3,0,3,0,0,0,0,137650.0,564950.0,1075,1,1,3,2,2,2,4,3,3,3,0,3,0.0,0.0,0.0,0,0.0,0.0,5.0,8.0,7.0,10.0,9.0,6
1076,1076,52,42,565050.0,137650.0,10520042,3,0,2,0,0,0,0,137650.0,565050.0,1076,1,1,3,3,2,3,4,3,3,3,0,3,0.0,0.0,0.0,0,0.0,0.0,5.0,8.0,8.0,9.0,9.0,5
1077,1077,52,43,565150.0,137650.0,10520043,2,0,2,0,0,0,0,137650.0,565150.0,1077,1,1,2,3,2,3,4,3,3,4,0,3,0.0,0.0,0.0,0,0.0,0.0,4.0,7.0,7.0,9.0,9.0,5
1078,1078,52,44,565250.0,137650.0,10520044,2,0,1,0,0,0,0,137650.0,565250.0,1078,1,1,1,3,2,3,4,3,3,4,0,3,0.0,0.0,0.0,0,0.0,0.0,4.0,5.0,7.0,8.0,9.0,4
1079,1079,52,45,565350.0,137650.0,10520045,1,0,1,0,0,0,0,137650.0,565350.0,1079,1,1,1,3,2,3,4,3,3,4,0,3,0.0,0.0,0.0,0,0.0,0.0,3.0,5.0,6.0,8.0,8.0,4
1080,1080,52,46,565450.0,137650.0,10520046,1,0,0,0,0,0,0,137650.0,565450.0,1080,1,1,1,3,1,3,4,3,4,4,0,3,0.0,0.0,0.0,0,0.25,0.0,3.25,4.0,5.0,7.0,9.0,3
1081,1081,52,47,565550.0,137650.0,10520047,0,0,0,0,0,0,0,137650.0,565550.0,1081,1,2,0,3,1,3,4,3,4,4,0,3,0.0,0.0,0.0,0,0.75,0.0,3.75,3.0,4.0,7.0,8.0,3
1082,1082,52,48,565650.0,137650.0,10520048,0,0,0,0,0,0,0,137650.0,565650.0,1082,1,3,0,4,1,2,4,3,4,4,0,3,0.0,0.0,0.0,0,2.5,0.0,6.5,4.0,3.0,7.0,8.0,3
1083,1083,52,49,565750.0,137650.0,10520049,0,0,0,0,0,0,0,137650.0,565750.0,1083,1,3,0,4,1,2,4,3,4,4,0,3,0.0,0.0,0.0,0,2.5,0.0,6.5,4.0,3.0,7.0,8.0,3
1084,1084,52,50,565850.0,137650.0,10520050,0,0,1,0,0,0,0,137650.0,565850.0,1084,1,3,0,4,0,2,4,3,4,4,0,3,0.0,0.0,0.0,0,2.25,0.0,6.25,5.0,2.0,8.0,8.0,4
1085,1085,52,51,565950.0,137650.0,10520051,1,0,1,0,0,0,0,137650.0,565950.0,1085,1,4,0,4,0,1,4,3,4,4,0,3,0.0,0.0,0.0,0,1.0,0.0,7.0,5.0,2.0,8.0,9.0,4
1086,1086,52,52,566050.0,137650.0,10520052,1,0,1,0,0,0,0,137650.0,566050.0,1086,1,4,0,4,0,1,4,3,3,4,0,3,0.0,0.0,0.0,0,1.0,0.0,7.0,5.0,2.0,8.0,8.0,4
1087,1087,52,53,566150.0,137650.0,10520053,1,0,0,0,0,0,0,137650.0,566150.0,1087,1,4,0,4,0,1,4,3,1,4,0,2,0.0,0.0,0.0,0,1.0,0.0,7.0,4.0,2.0,7.0,6.0,2
1088,1088,52,54,566250.0,137650.0,10520054,1,0,0,0,0,0,0,137650.0,566250.0,1088,1,3,0,4,0,0,4,3,0,3,0,1,0.0,0.0,0.0,0,1.75,0.0,6.75,4.0,1.0,7.0,4.0,1
1089,1089,52,55,566350.0,137650.0,10520055,1,0,0,0,0,0,0,137650.0,566350.0,1089,1,3,0,4,0,0,0,3,0,3,0,1,0.0,0.0,0.0,0,1.75,0.0,6.75,4.0,1.0,3.0,4.0,1
1090,1090,52,56,566450.0,137650.0,10520056,1,0,0,0,0,0,0,137650.0,566450.0,1090,1,1,0,4,0,0,0,3,0,3,0,0,0.0,0.0,0.0,0,2.25,2.5,5.25,6.5,1.0,3.0,4.0,0
1091,1091,52,57,566550.0,137650.0,10520057,1,0,1,0,0,0,0,137650.0,566550.0,1091,1,0,0,4,0,0,0,3,0,3,0,0,0.0,0.0,0.0,0,2.5,2.5,4.5,7.5,1.0,4.0,4.0,1
1092,1092,52,58,566650.0,137650.0,10520058,0,0,1,0,0,0,0,137650.0,566650.0,1092,0,0,0,4,0,0,0,3,0,4,0,0,0.0,0.0,0.0,0,2.5,2.5,2.5,7.5,0.0,4.0,4.0,1
1093,1093,52,59,566750.0,137650.0,10520059,0,0,2,0,0,0,0,137650.0,566750.0,1093,0,0,0,4,0,0,0,4,0,4,0,0,0.0,0.0,0.0,0,2.5,2.5,2.5,8.5,0.0,6.0,4.0,2
1094,1094,52,60,566850.0,137650.0,10520060,0,0,2,0,0,0,0,137650.0,566850.0,1094,0,0,0,4,0,0,0,4,0,4,0,0,0.0,0.0,0.0,0,2.5,2.5,2.5,8.5,0.0,6.0,4.0,2
1095,1095,52,61,566950.0,137650.0,10520061,0,0,1,0,0,0,0,137650.0,566950.0,1095,0,0,0,4,0,0,0,4,0,3,0,0,0.0,0.0,0.0,0,2.5,2.5,2.5,7.5,0.0,5.0,3.0,1
1096,1096,52,62,567050.0,137650.0,10520062,0,0,1,0,0,0,0,137650.0,567050.0,1096,1,0,0,3,0,0,0,0,0,3,0,0,0.0,0.0,0.0,0,2.5,2.5,3.5,6.5,0.0,1.0,3.0,1
1097,1097,52,63,567150.0,137650.0,10520063,0,0,0,0,0,0,0,137650.0,567150.0,1097,2,0,0,3,0,1,0,0,0,2,0,0,0.0,0.0,0.0,0,2.5,2.5,4.5,5.5,1.0,0.0,2.0,0
1098,1098,52,64,567250.0,137650.0,10520064,0,0,0,0,0,0,0,137650.0,567250.0,1098,2,0,0,3,0,1,0,0,0,2,0,0,0.0,0.0,0.0,0,2.5,2.5,4.5,5.5,1.0,0.0,2.0,0
1099,1099,52,65,567350.0,137650.0,10520065,0,0,0,0,0,0,0,137650.0,567350.0,1099,3,1,0,4,1,1,0,0,0,1,0,0,0.0,0.0,0.0,0,2.5,1.75,6.5,5.75,2.0,0.0,1.0,0
1100,1100,52,66,567450.0,137650.0,10520066,1,0,0,0,0,0,0,137650.0,567450.0,1100,3,0,0,3,1,1,0,0,0,1,0,0,0.0,0.0,0.0,0,2.5,2.5,6.5,5.5,3.0,0.0,2.0,0
1101,1101,52,67,567550.0,137650.0,10520067,1,0,1,0,0,0,0,137650.0,567550.0,1101,3,0,1,0,1,0,0,0,0,1,0,0,1.0,0.0,0.0,0,2.5,2.5,6.5,4.5,3.0,1.0,2.0,1
1102,1102,52,68,567650.0,137650.0,10520068,2,0,1,0,0,0,0,137650.0,567650.0,1102,3,0,3,0,1,0,0,0,0,1,0,0,1.0,0.0,0.0,0,2.5,2.5,7.5,6.5,4.0,1.0,3.0,1
1103,1103,52,69,567750.0,137650.0,10520069,2,0,0,0,0,0,0,137650.0,567750.0,1103,3,0,4,0,1,0,4,4,0,1,0,0,1.0,0.0,0.0,0,2.5,2.25,7.5,6.25,4.0,8.0,3.0,0
1104,1104,52,70,567850.0,137650.0,10520070,1,0,0,1,0,0,0,137650.0,567850.0,1104,4,0,4,0,1,0,4,0,0,1,0,0,1.75,0.0,0.0,0,2.5,2.25,7.5,7.25,3.75,5.0,2.0,1
1105,1105,52,71,567950.0,137650.0,10520071,1,0,1,1,0,0,0,137650.0,567950.0,1105,4,0,4,0,1,0,4,0,0,1,0,0,1.75,0.0,0.0,0,2.5,2.25,7.5,8.25,3.75,6.0,2.0,2
1106,1106,52,72,568050.0,137650.0,10520072,0,0,0,1,0,0,0,137650.0,568050.0,1106,4,0,4,0,1,0,4,0,0,1,1,0,1.75,1.0,0.0,0,2.5,2.25,6.5,7.25,2.75,6.0,1.0,2
1107,1107,52,73,568150.0,137650.0,10520073,0,0,0,1,0,0,0,137650.0,568150.0,1107,4,0,4,0,1,0,0,0,0,1,1,0,2.25,1.0,0.0,0,2.5,2.5,6.5,7.5,3.25,2.0,1.0,2
1108,1108,52,74,568250.0,137650.0,10520074,0,0,0,0,0,0,0,137650.0,568250.0,1108,4,0,4,0,1,0,0,0,0,1,1,0,2.5,1.0,0.0,0,2.5,2.5,6.5,6.5,3.5,1.0,1.0,1
1109,1109,52,75,568350.0,137650.0,10520075,0,0,0,0,0,0,0,137650.0,568350.0,1109,4,0,4,0,1,0,4,0,0,1,1,0,2.5,1.0,0.0,0,2.5,2.5,6.5,6.5,3.5,5.0,1.0,1
1110,1110,52,76,568450.0,137650.0,10520076,1,0,1,0,0,0,0,137650.0,568450.0,1110,4,0,4,0,1,0,4,0,1,2,1,0,1.75,0.0,0.0,0,2.5,2.5,7.5,7.5,3.75,5.0,4.0,2
1111,1111,52,77,568550.0,137650.0,10520077,1,0,0,0,0,0,0,137650.0,568550.0,1111,4,0,4,0,1,0,4,4,1,2,0,0,1.0,0.0,0.0,0,2.5,2.5,7.5,6.5,3.0,8.0,4.0,0
1112,1112,52,78,568650.0,137650.0,10520078,2,0,0,0,0,0,0,137650.0,568650.0,1112,4,0,1,0,1,0,0,4,1,2,0,0,1.0,0.0,0.0,0,2.5,2.5,8.5,3.5,4.0,4.0,5.0,0
1113,1113,52,79,568750.0,137650.0,10520079,2,0,0,0,0,0,0,137650.0,568750.0,1113,4,0,0,2,1,0,0,0,1,2,0,0,0.0,0.0,0.0,0,2.25,2.5,8.25,4.5,3.0,0.0,5.0,0
1114,1114,52,80,568850.0,137650.0,10520080,2,0,0,0,0,0,0,137650.0,568850.0,1114,3,0,0,0,1,0,0,0,1,2,0,0,0.0,0.0,0.0,0,1.75,2.5,6.75,2.5,3.0,0.0,5.0,0
1115,1115,52,81,568950.0,137650.0,10520081,2,0,1,0,0,0,0,137650.0,568950.0,1115,3,0,0,0,1,0,0,0,2,1,0,0,0.0,0.0,0.0,0,1.0,2.5,6.0,3.5,3.0,1.0,5.0,1
1116,1116,52,82,569050.0,137650.0,10520082,2,0,1,0,0,0,0,137650.0,569050.0,1116,3,0,0,0,1,0,0,0,2,1,0,0,0.0,0.0,0.0,0,1.0,2.5,6.0,3.5,3.0,1.0,5.0,1
1117,1117,52,83,569150.0,137650.0,10520083,3,0,2,0,0,0,0,137650.0,569150.0,1117,3,0,0,0,1,0,0,0,2,2,0,0,0.0,0.0,0.0,0,1.0,2.5,7.0,4.5,4.0,2.0,7.0,2
1118,1118,52,84,569250.0,137650.0,10520084,3,0,2,0,0,0,0,137650.0,569250.0,1118,3,0,0,0,2,0,0,0,2,2,0,0,0.0,0.0,0.0,0,1.0,2.5,7.0,4.5,5.0,2.0,7.0,2
1119,1119,52,85,569350.0,137650.0,10520085,3,0,2,0,0,0,0,137650.0,569350.0,1119,3,0,0,0,2,0,0,0,2,2,0,1,0.0,0.0,0.0,0,1.0,2.5,7.0,4.5,5.0,2.0,7.0,3
1120,1120,52,86,569450.0,137650.0,10520086,4,0,2,0,0,0,0,137650.0,569450.0,1120,3,0,0,0,2,1,0,0,2,2,0,3,0.0,0.0,0.0,0,1.0,2.5,8.0,4.5,7.0,2.0,8.0,5
1121,1121,52,87,569550.0,137650.0,10520087,4,0,2,0,0,0,0,137650.0,569550.0,1121,2,0,0,0,2,1,0,3,2,2,0,3,0.0,0.0,0.0,0,2.5,2.5,8.5,4.5,7.0,5.0,8.0,5
1122,1122,52,88,569650.0,137650.0,10520088,4,0,2,0,0,0,0,137650.0,569650.0,1122,2,1,0,0,2,1,0,4,2,2,0,4,0.0,0.0,0.0,0,2.5,2.5,9.5,4.5,7.0,6.0,8.0,6
1123,1123,52,89,569750.0,137650.0,10520089,4,0,1,0,0,0,0,137650.0,569750.0,1123,2,0,0,4,3,1,0,4,2,2,0,4,0.0,0.0,0.0,0,2.5,2.5,8.5,7.5,8.0,5.0,8.0,5
1124,1124,52,90,569850.0,137650.0,10520090,4,0,1,0,0,0,0,137650.0,569850.0,1124,1,0,0,4,3,1,0,4,2,2,0,4,0.0,0.0,0.0,0,2.5,2.5,7.5,7.5,8.0,5.0,8.0,5
1125,1125,52,91,569950.0,137650.0,10520091,4,0,1,0,0,0,0,137650.0,569950.0,1125,1,0,0,4,3,1,0,4,2,3,0,4,0.0,0.0,0.0,0,2.5,0.75,7.5,5.75,8.0,5.0,9.0,5
1126,1126,52,92,570050.0,137650.0,10520092,4,0,1,0,0,0,0,137650.0,570050.0,1126,1,0,0,4,3,2,0,4,2,3,0,4,0.0,0.0,0.0,0,2.5,0.25,7.5,5.25,9.0,5.0,9.0,5
1127,1127,52,93,570150.0,137650.0,10520093,3,0,1,0,0,0,0,137650.0,570150.0,1127,1,0,0,3,2,2,0,3,2,3,0,4,0.0,0.0,0.0,0,2.5,0.0,6.5,4.0,7.0,4.0,8.0,5
1128,1128,52,94,570250.0,137650.0,10520094,3,0,1,0,0,0,0,137650.0,570250.0,1128,1,0,0,3,2,2,0,3,2,3,0,4,0.0,0.0,0.0,0,1.5,0.0,5.5,4.0,7.0,4.0,8.0,5
1129,1129,52,95,570350.0,137650.0,10520095,3,0,2,0,0,0,0,137650.0,570350.0,1129,1,1,0,3,2,2,4,3,2,3,0,4,0.0,0.0,0.0,0,2.5,0.0,7.5,5.0,7.0,9.0,8.0,6
1130,1130,52,96,570450.0,137650.0,10520096,3,0,2,0,0,0,0,137650.0,570450.0,1130,2,1,0,3,2,2,4,3,2,3,0,4,0.0,0.0,0.0,0,2.5,0.0,8.5,5.0,7.0,9.0,8.0,6
1131,1131,52,97,570550.0,137650.0,10520097,3,0,3,0,0,0,0,137650.0,570550.0,1131,2,1,0,3,1,3,4,3,2,3,0,4,0.0,0.0,0.0,0,2.5,0.0,8.5,6.0,7.0,10.0,8.0,7
1132,1132,52,98,570650.0,137650.0,10520098,3,0,3,0,0,0,0,137650.0,570650.0,1132,1,1,0,3,1,2,4,3,1,3,0,4,0.0,0.0,0.0,0,2.5,0.0,7.5,6.0,6.0,10.0,7.0,7
1133,1133,52,99,570750.0,137650.0,10520099,3,0,3,0,0,0,0,137650.0,570750.0,1133,1,1,0,2,1,2,4,3,1,3,0,4,0.0,0.0,0.0,0,2.5,0.0,7.5,5.0,6.0,10.0,7.0,7
1134,1134,52,100,570850.0,137650.0,10520100,3,0,3,0,0,0,0,137650.0,570850.0,1134,1,2,1,2,1,2,4,3,1,3,0,4,0.0,0.0,0.0,0,2.5,0.0,8.5,6.0,6.0,10.0,7.0,7
1135,1135,52,101,570950.0,137650.0,10520101,2,0,2,0,0,0,0,137650.0,570950.0,1135,1,2,1,1,0,1,4,3,0,4,0,4,0.0,0.0,0.0,0,2.5,0.0,7.5,4.0,3.0,9.0,6.0,6
1136,1136,52,102,571050.0,137650.0,10520102,2,0,2,0,0,0,0,137650.0,571050.0,1136,0,2,1,1,0,1,4,3,0,4,0,3,0.0,0.0,0.0,0,2.5,0.0,6.5,4.0,3.0,9.0,6.0,5
1137,1137,52,103,571150.0,137650.0,10520103,1,0,1,0,0,0,0,137650.0,571150.0,1137,0,3,1,1,0,0,4,3,0,4,0,3,0.0,0.0,0.0,0,2.5,0.0,6.5,3.0,1.0,8.0,5.0,4
1138,1138,52,104,571250.0,137650.0,10520104,1,0,1,0,0,0,0,137650.0,571250.0,1138,0,4,2,1,0,0,4,3,0,4,0,3,0.0,0.0,0.0,0,2.5,0.0,7.5,4.0,1.0,8.0,5.0,4
1139,1139,52,105,571350.0,137650.0,10520105,1,0,1,0,0,0,0,137650.0,571350.0,1139,0,4,3,1,0,0,4,3,0,4,1,3,0.0,0.0,0.0,0,2.5,0.0,7.5,5.0,1.0,8.0,5.0,5
1140,1140,52,106,571450.0,137650.0,10520106,1,0,1,0,0,0,0,137650.0,571450.0,1140,0,4,3,1,0,0,4,3,0,4,1,3,0.0,0.0,0.0,0,2.5,0.0,7.5,5.0,1.0,8.0,5.0,5
1141,1141,52,107,571550.0,137650.0,10520107,1,0,1,0,0,0,0,137650.0,571550.0,1141,0,4,3,1,0,0,4,3,0,4,1,3,0.0,0.0,0.0,0,2.5,0.0,7.5,5.0,1.0,8.0,5.0,5
1142,1142,52,108,571650.0,137650.0,10520108,1,0,1,0,0,0,0,137650.0,571650.0,1142,0,4,3,1,0,0,4,3,0,4,1,3,0.0,0.0,0.0,0,2.5,0.0,7.5,5.0,1.0,8.0,5.0,5
1143,1143,52,109,571750.0,137650.0,10520109,1,0,1,0,0,0,0,137650.0,571750.0,1143,0,4,3,1,0,0,4,3,0,4,1,3,0.0,0.0,0.0,0,1.75,0.0,6.75,5.0,1.0,8.0,5.0,5
1144,1144,52,110,571850.0,137650.0,10520110,2,0,2,0,0,0,0,137650.0,571850.0,1144,1,3,3,1,0,1,4,3,0,4,2,3,0.0,0.0,0.0,0,0.0,0.0,6.0,6.0,3.0,9.0,6.0,7
1145,1145,52,111,571950.0,137650.0,10520111,2,0,2,0,0,0,0,137650.0,571950.0,1145,1,3,3,1,0,1,4,3,1,4,2,3,0.0,0.0,0.0,0,0.0,0.0,6.0,6.0,3.0,9.0,7.0,7
1146,1146,52,112,572050.0,137650.0,10520112,3,0,3,0,0,0,0,137650.0,572050.0,1146,1,3,3,1,0,2,4,3,1,4,2,3,0.0,0.0,0.0,0,0.0,0.0,7.0,7.0,5.0,10.0,8.0,8
1147,1147,52,113,572150.0,137650.0,10520113,3,0,3,0,0,0,0,137650.0,572150.0,1147,2,3,3,1,1,2,4,3,2,3,2,3,0.0,0.0,0.0,0,0.0,0.0,8.0,7.0,6.0,10.0,8.0,8
1148,1148,53,32,564050.0,137550.0,10530032,4,0,4,0,0,0,0,137550.0,564050.0,1148,3,2,2,2,3,2,4,3,3,2,2,3,0.0,0.0,0.0,0,0.0,0.0,9.0,8.0,9.0,11.0,9.0,9
1149,1149,53,33,564150.0,137550.0,10530033,4,0,4,0,0,0,0,137550.0,564150.0,1149,3,2,2,2,3,2,4,3,3,2,2,3,0.0,0.0,0.0,0,0.0,0.0,9.0,8.0,9.0,11.0,9.0,9
1150,1150,53,34,564250.0,137550.0,10530034,4,0,4,0,0,0,0,137550.0,564250.0,1150,3,2,3,2,2,2,4,3,3,2,2,3,0.0,0.0,0.0,0,0.0,0.0,9.0,9.0,8.0,11.0,9.0,9
1151,1151,53,35,564350.0,137550.0,10530035,4,0,4,0,0,0,0,137550.0,564350.0,1151,2,2,3,2,2,2,4,3,3,2,2,3,0.0,0.0,0.0,0,0.0,0.0,8.0,9.0,8.0,11.0,9.0,9
1152,1152,53,36,564450.0,137550.0,10530036,4,0,4,0,0,0,0,137550.0,564450.0,1152,2,2,3,2,2,2,4,3,3,3,1,3,0.0,0.0,0.0,0,0.0,0.0,8.0,9.0,8.0,11.0,10.0,8
1153,1153,53,37,564550.0,137550.0,10530037,4,0,4,0,0,0,0,137550.0,564550.0,1153,2,1,3,2,3,2,4,3,3,3,1,3,0.0,0.0,0.0,0,0.0,0.0,7.0,9.0,9.0,11.0,10.0,8
1154,1154,53,38,564650.0,137550.0,10530038,4,0,4,0,0,0,0,137550.0,564650.0,1154,2,1,3,2,3,2,4,3,3,3,1,3,0.0,0.0,0.0,0,0.0,0.0,7.0,9.0,9.0,11.0,10.0,8
1155,1155,53,39,564750.0,137550.0,10530039,4,0,4,0,0,0,0,137550.0,564750.0,1155,2,1,3,2,2,2,4,3,3,3,1,3,0.0,0.0,0.0,0,0.0,0.0,7.0,9.0,8.0,11.0,10.0,8
1156,1156,53,40,564850.0,137550.0,10530040,4,0,3,0,0,0,0,137550.0,564850.0,1156,1,1,3,2,2,2,4,3,3,3,0,3,0.0,0.0,0.0,0,0.0,0.0,6.0,8.0,8.0,10.0,10.0,6
1157,1157,53,41,564950.0,137550.0,10530041,4,0,3,0,0,0,0,137550.0,564950.0,1157,1,1,3,2,2,2,4,3,3,3,0,3,0.0,0.0,0.0,0,0.0,0.0,6.0,8.0,8.0,10.0,10.0,6
1158,1158,53,42,565050.0,137550.0,10530042,3,0,2,0,0,0,0,137550.0,565050.0,1158,1,1,3,3,2,3,4,3,3,3,0,3,0.0,0.0,0.0,0,0.0,0.0,5.0,8.0,8.0,9.0,9.0,5
1159,1159,53,43,565150.0,137550.0,10530043,3,0,2,0,0,0,0,137550.0,565150.0,1159,1,1,1,3,2,3,4,3,3,4,0,3,0.0,0.0,0.0,0,0.0,0.0,5.0,6.0,8.0,9.0,10.0,5
1160,1160,53,44,565250.0,137550.0,10530044,2,0,1,0,0,0,0,137550.0,565250.0,1160,1,1,1,3,2,3,4,3,3,4,0,3,0.0,0.0,0.0,0,0.0,0.0,4.0,5.0,7.0,8.0,9.0,4
1161,1161,53,45,565350.0,137550.0,10530045,2,0,1,0,0,0,0,137550.0,565350.0,1161,1,1,1,3,1,3,4,3,4,4,0,3,0.0,0.0,0.0,0,0.0,0.0,4.0,5.0,6.0,8.0,10.0,4
1162,1162,53,46,565450.0,137550.0,10530046,1,0,0,0,0,0,0,137550.0,565450.0,1162,1,2,1,3,1,3,4,3,4,4,0,3,0.0,0.0,0.0,0,0.25,0.0,4.25,4.0,5.0,7.0,9.0,3
1163,1163,53,47,565550.0,137550.0,10530047,1,0,0,0,0,0,0,137550.0,565550.0,1163,1,3,0,4,1,2,4,3,4,3,0,3,0.0,0.0,0.0,0,0.75,0.0,5.75,4.0,4.0,7.0,8.0,3
1164,1164,53,48,565650.0,137550.0,10530048,0,0,0,0,0,0,0,137550.0,565650.0,1164,1,3,0,4,1,2,4,3,4,3,0,3,0.0,0.0,0.0,0,2.5,0.0,6.5,4.0,3.0,7.0,7.0,3
1165,1165,53,49,565750.0,137550.0,10530049,0,0,1,0,0,0,0,137550.0,565750.0,1165,1,3,0,4,1,2,4,3,4,4,0,3,0.0,0.0,0.0,0,2.5,0.0,6.5,5.0,3.0,8.0,8.0,4
1166,1166,53,50,565850.0,137550.0,10530050,0,0,1,0,0,0,0,137550.0,565850.0,1166,1,4,0,4,0,1,4,3,4,4,0,3,0.0,0.0,0.0,0,2.25,0.0,7.25,5.0,1.0,8.0,8.0,4
1167,1167,53,51,565950.0,137550.0,10530051,1,0,1,0,0,0,0,137550.0,565950.0,1167,1,4,0,4,0,1,4,3,3,4,0,3,0.0,0.0,0.0,0,2.25,0.0,8.25,5.0,2.0,8.0,8.0,4
1168,1168,53,52,566050.0,137550.0,10530052,1,0,1,0,0,0,0,137550.0,566050.0,1168,1,4,0,4,0,1,4,3,0,3,0,2,0.0,0.0,0.0,0,1.0,0.0,7.0,5.0,2.0,8.0,4.0,3
1169,1169,53,53,566150.0,137550.0,10530053,1,0,0,0,0,0,0,137550.0,566150.0,1169,1,4,0,4,0,0,4,3,0,3,0,1,0.0,0.0,0.0,0,1.0,0.0,7.0,4.0,1.0,7.0,4.0,1
1170,1170,53,54,566250.0,137550.0,10530054,1,0,0,0,0,0,0,137550.0,566250.0,1170,1,3,0,4,0,0,0,3,0,3,0,1,0.0,0.0,0.0,0,1.75,0.0,6.75,4.0,1.0,3.0,4.0,1
1171,1171,53,55,566350.0,137550.0,10530055,1,0,0,0,0,0,0,137550.0,566350.0,1171,1,2,0,4,0,0,0,3,0,3,0,0,0.0,0.0,0.0,0,1.75,0.0,5.75,4.0,1.0,3.0,4.0,0
1172,1172,53,56,566450.0,137550.0,10530056,1,0,0,0,0,0,0,137550.0,566450.0,1172,1,0,0,4,0,0,0,3,0,3,0,0,0.0,0.0,0.0,0,2.25,2.5,4.25,6.5,1.0,3.0,4.0,0
1173,1173,53,57,566550.0,137550.0,10530057,1,0,1,0,0,0,0,137550.0,566550.0,1173,0,0,0,4,0,0,0,3,0,4,0,0,0.0,0.0,0.0,0,2.5,2.5,3.5,7.5,1.0,4.0,5.0,1
1174,1174,53,58,566650.0,137550.0,10530058,0,0,1,0,0,0,0,137550.0,566650.0,1174,0,0,0,4,0,0,0,4,0,3,0,0,0.0,0.0,0.0,0,2.5,2.5,2.5,7.5,0.0,5.0,3.0,1
1175,1175,53,59,566750.0,137550.0,10530059,0,0,2,0,0,0,0,137550.0,566750.0,1175,0,0,0,4,0,0,0,4,0,1,0,0,0.0,0.0,0.0,0,2.5,2.5,2.5,8.5,0.0,6.0,1.0,2
1176,1176,53,60,566850.0,137550.0,10530060,0,0,1,0,0,0,0,137550.0,566850.0,1176,0,0,0,4,0,0,0,4,0,0,0,0,0.0,0.0,0.0,0,2.5,2.5,2.5,7.5,0.0,5.0,0.0,1
1177,1177,53,61,566950.0,137550.0,10530061,0,0,1,0,0,0,0,137550.0,566950.0,1177,0,0,0,4,0,0,0,0,0,0,0,0,0.0,0.0,0.0,0,2.5,2.5,2.5,7.5,0.0,1.0,0.0,1
1178,1178,53,62,567050.0,137550.0,10530062,0,0,1,0,0,0,0,137550.0,567050.0,1178,1,0,0,3,0,0,0,0,0,0,0,0,0.0,0.0,0.0,0,2.5,2.5,3.5,6.5,0.0,1.0,0.0,1
1179,1179,53,63,567150.0,137550.0,10530063,0,0,0,0,0,0,0,137550.0,567150.0,1179,2,0,0,3,0,0,0,0,0,0,0,0,0.0,0.0,0.0,0,2.5,2.5,4.5,5.5,0.0,0.0,0.0,0
1180,1180,53,64,567250.0,137550.0,10530064,0,0,0,0,0,0,0,137550.0,567250.0,1180,2,1,0,2,0,1,0,0,0,0,0,0,0.0,0.0,0.0,0,2.5,2.5,5.5,4.5,1.0,0.0,0.0,0
1181,1181,53,65,567350.0,137550.0,10530065,1,0,0,0,0,0,0,137550.0,567350.0,1181,3,1,0,3,0,1,0,0,0,1,0,0,0.0,0.0,0.0,0,2.5,2.5,7.5,5.5,2.0,0.0,2.0,0
1182,1182,53,66,567450.0,137550.0,10530066,1,0,0,0,0,0,0,137550.0,567450.0,1182,3,1,0,0,1,1,0,0,0,1,0,0,1.0,0.0,0.0,0,2.5,2.5,7.5,2.5,4.0,0.0,2.0,0
1183,1183,53,67,567550.0,137550.0,10530067,1,0,1,0,0,0,0,137550.0,567550.0,1183,3,0,1,0,1,0,0,0,0,1,0,0,1.0,0.0,0.0,0,2.5,2.5,6.5,4.5,3.0,1.0,2.0,1
1184,1184,53,68,567650.0,137550.0,10530068,2,0,0,0,0,0,0,137550.0,567650.0,1184,3,0,3,0,1,0,0,0,0,1,0,0,1.0,0.0,0.0,0,2.5,2.5,7.5,5.5,4.0,0.0,3.0,0
1185,1185,53,69,567750.0,137550.0,10530069,2,0,0,1,0,0,0,137550.0,567750.0,1185,4,0,4,0,1,0,0,4,0,1,0,0,1.0,0.0,0.0,0,2.5,2.5,8.5,7.5,4.0,5.0,3.0,1
1186,1186,53,70,567850.0,137550.0,10530070,1,0,0,1,0,0,0,137550.0,567850.0,1186,4,0,4,0,1,0,4,4,0,1,0,0,1.75,0.0,0.0,0,2.5,2.25,7.5,7.25,3.75,9.0,2.0,1
1187,1187,53,71,567950.0,137550.0,10530071,1,0,0,2,0,0,0,137550.0,567950.0,1187,4,0,4,0,1,0,4,0,0,1,0,0,1.75,0.0,0.0,0,2.5,2.25,7.5,8.25,3.75,6.0,2.0,2
1188,1188,53,72,568050.0,137550.0,10530072,0,0,0,2,0,0,0,137550.0,568050.0,1188,4,0,4,0,1,0,4,0,0,1,1,0,1.75,1.0,0.0,0,2.5,2.25,6.5,8.25,2.75,7.0,1.0,3
1189,1189,53,73,568150.0,137550.0,10530073,0,1,0,1,0,0,0,137550.0,568150.0,1189,4,0,4,0,1,0,0,0,0,1,1,0,2.25,1.0,0.0,0,2.5,2.5,7.5,7.5,4.25,2.0,2.0,2
1190,1190,53,74,568250.0,137550.0,10530074,0,1,0,0,0,0,0,137550.0,568250.0,1190,4,0,4,0,1,0,0,0,0,1,1,0,2.5,1.0,0.0,0,2.5,2.5,7.5,6.5,4.5,1.0,2.0,1
1191,1191,53,75,568350.0,137550.0,10530075,0,1,0,0,0,0,0,137550.0,568350.0,1191,4,0,4,0,1,0,4,0,0,1,1,0,2.25,1.0,0.0,0,2.5,2.5,7.5,6.5,4.25,5.0,2.0,1
1192,1192,53,76,568450.0,137550.0,10530076,1,1,1,0,0,0,0,137550.0,568450.0,1192,3,0,4,0,1,0,4,0,1,1,1,0,1.75,0.0,0.0,0,2.5,2.5,7.5,7.5,4.75,5.0,4.0,2
1193,1193,53,77,568550.0,137550.0,10530077,1,0,0,0,0,0,0,137550.0,568550.0,1193,3,0,4,0,1,0,4,4,1,2,1,0,1.0,0.0,0.0,0,2.5,2.5,6.5,6.5,3.0,8.0,4.0,1
1194,1194,53,78,568650.0,137550.0,10530078,1,0,0,0,0,0,0,137550.0,568650.0,1194,3,0,4,0,1,0,0,4,1,1,0,0,0.0,0.0,0.0,0,2.5,2.5,6.5,6.5,2.0,4.0,3.0,0
1195,1195,53,79,568750.0,137550.0,10530079,1,0,0,0,0,0,0,137550.0,568750.0,1195,3,0,0,0,1,0,0,0,1,1,0,0,0.0,0.0,0.0,0,2.25,2.5,6.25,2.5,2.0,0.0,3.0,0
1196,1196,53,80,568850.0,137550.0,10530080,1,0,0,0,0,0,0,137550.0,568850.0,1196,3,0,0,0,1,0,0,0,1,1,0,0,0.0,0.0,0.0,0,1.75,2.5,5.75,2.5,2.0,0.0,3.0,0
1197,1197,53,81,568950.0,137550.0,10530081,2,0,1,0,0,0,0,137550.0,568950.0,1197,3,0,0,0,1,0,0,0,2,1,0,0,0.0,0.0,0.0,0,1.75,2.5,6.75,3.5,3.0,1.0,5.0,1
1198,1198,53,82,569050.0,137550.0,10530082,2,0,1,0,0,0,0,137550.0,569050.0,1198,3,0,0,0,1,0,0,0,2,1,0,0,0.0,0.0,0.0,0,1.0,2.5,6.0,3.5,3.0,1.0,5.0,1
1199,1199,53,83,569150.0,137550.0,10530083,2,0,1,0,0,0,0,137550.0,569150.0,1199,3,0,0,0,1,0,0,0,2,1,0,0,0.0,0.0,0.0,0,1.0,2.5,6.0,3.5,3.0,1.0,5.0,1
1200,1200,53,84,569250.0,137550.0,10530084,3,0,2,0,0,0,0,137550.0,569250.0,1200,3,0,0,0,2,0,0,0,2,2,0,0,0.0,0.0,0.0,0,1.0,2.5,7.0,4.5,5.0,2.0,7.0,2
1201,1201,53,85,569350.0,137550.0,10530085,3,0,2,0,0,0,0,137550.0,569350.0,1201,3,0,0,0,2,1,0,0,2,2,0,2,0.0,0.0,0.0,0,1.0,2.5,7.0,4.5,6.0,2.0,7.0,4
1202,1202,53,86,569450.0,137550.0,10530086,4,0,2,0,0,0,0,137550.0,569450.0,1202,2,0,0,0,2,1,0,0,2,2,0,3,0.0,0.0,0.0,0,1.0,2.5,7.0,4.5,7.0,2.0,8.0,5
1203,1203,53,87,569550.0,137550.0,10530087,4,0,2,0,0,0,0,137550.0,569550.0,1203,2,0,0,0,2,1,0,0,2,2,0,4,0.0,0.0,0.0,0,2.5,2.5,8.5,4.5,7.0,2.0,8.0,6
1204,1204,53,88,569650.0,137550.0,10530088,4,0,1,0,0,0,0,137550.0,569650.0,1204,2,0,0,0,2,1,0,4,2,2,0,4,0.0,0.0,0.0,0,2.5,2.5,8.5,3.5,7.0,5.0,8.0,5
1205,1205,53,89,569750.0,137550.0,10530089,4,0,1,0,0,0,0,137550.0,569750.0,1205,1,0,0,3,3,1,0,4,2,2,0,4,0.0,0.0,0.0,0,2.5,2.5,7.5,6.5,8.0,5.0,8.0,5
1206,1206,53,90,569850.0,137550.0,10530090,4,0,1,0,0,0,0,137550.0,569850.0,1206,1,0,0,4,3,1,0,4,2,2,0,4,0.0,0.0,0.0,0,2.5,2.5,7.5,7.5,8.0,5.0,8.0,5
1207,1207,53,91,569950.0,137550.0,10530091,3,0,0,0,0,0,0,137550.0,569950.0,1207,1,0,0,4,3,1,0,4,2,3,0,4,0.0,0.0,0.0,0,2.5,1.5,6.5,5.5,7.0,4.0,8.0,4
1208,1208,53,92,570050.0,137550.0,10530092,3,0,0,0,0,0,0,137550.0,570050.0,1208,1,0,0,4,3,2,0,4,2,3,0,4,0.0,0.0,0.0,0,2.5,0.75,6.5,4.75,8.0,4.0,8.0,4
1209,1209,53,93,570150.0,137550.0,10530093,3,0,1,0,0,0,0,137550.0,570150.0,1209,1,0,0,4,2,2,0,4,2,3,0,4,0.0,0.0,0.0,0,2.5,0.25,6.5,5.25,7.0,5.0,8.0,5
1210,1210,53,94,570250.0,137550.0,10530094,3,0,1,0,0,0,0,137550.0,570250.0,1210,1,0,0,3,2,2,0,3,2,3,0,4,0.0,0.0,0.0,0,2.5,0.0,6.5,4.0,7.0,4.0,8.0,5
1211,1211,53,95,570350.0,137550.0,10530095,3,0,1,0,0,0,0,137550.0,570350.0,1211,1,0,0,3,2,2,4,3,2,3,0,4,0.0,0.0,0.0,0,1.5,0.0,5.5,4.0,7.0,8.0,8.0,5
1212,1212,53,96,570450.0,137550.0,10530096,3,0,2,0,0,0,0,137550.0,570450.0,1212,1,1,0,3,2,3,4,3,1,3,0,4,0.0,0.0,0.0,0,1.5,0.0,6.5,5.0,8.0,9.0,7.0,6
1213,1213,53,97,570550.0,137550.0,10530097,3,0,2,0,0,0,0,137550.0,570550.0,1213,2,1,0,3,1,3,4,3,1,3,0,4,0.0,0.0,0.0,0,2.5,0.0,8.5,5.0,7.0,9.0,7.0,6
1214,1214,53,98,570650.0,137550.0,10530098,3,0,3,0,0,0,0,137550.0,570650.0,1214,1,1,0,3,1,2,4,3,1,3,0,4,0.0,0.0,0.0,0,2.5,0.0,7.5,6.0,6.0,10.0,7.0,7
1215,1215,53,99,570750.0,137550.0,10530099,3,0,3,0,0,0,0,137550.0,570750.0,1215,1,1,0,3,1,2,4,3,1,3,0,4,0.0,0.0,0.0,0,2.5,0.0,7.5,6.0,6.0,10.0,7.0,7
1216,1216,53,100,570850.0,137550.0,10530100,2,0,3,0,0,0,0,137550.0,570850.0,1216,1,2,1,2,1,2,4,3,1,3,0,4,0.0,0.0,0.0,0,2.5,0.0,7.5,6.0,5.0,10.0,6.0,7
1217,1217,53,101,570950.0,137550.0,10530101,2,0,2,0,0,0,0,137550.0,570950.0,1217,1,2,1,1,0,1,4,3,0,4,0,4,0.0,0.0,0.0,0,2.5,0.0,7.5,4.0,3.0,9.0,6.0,6
1218,1218,53,102,571050.0,137550.0,10530102,1,0,2,0,0,0,0,137550.0,571050.0,1218,0,2,1,1,0,1,4,3,0,4,0,4,0.0,0.0,0.0,0,2.5,0.0,5.5,4.0,2.0,9.0,5.0,6
1219,1219,53,103,571150.0,137550.0,10530103,1,0,1,0,0,0,0,137550.0,571150.0,1219,0,3,1,1,0,0,4,3,0,4,0,3,0.0,0.0,0.0,0,2.5,0.0,6.5,3.0,1.0,8.0,5.0,4
1220,1220,53,104,571250.0,137550.0,10530104,1,0,1,0,0,0,0,137550.0,571250.0,1220,0,3,2,1,0,0,4,3,0,4,0,3,0.0,0.0,0.0,0,2.5,0.0,6.5,4.0,1.0,8.0,5.0,4
1221,1221,53,105,571350.0,137550.0,10530105,0,0,0,0,0,0,0,137550.0,571350.0,1221,0,4,3,1,0,0,4,3,0,4,1,3,0.0,0.0,0.0,0,2.5,0.0,6.5,4.0,0.0,7.0,4.0,4
1222,1222,53,106,571450.0,137550.0,10530106,0,0,0,0,0,0,0,137550.0,571450.0,1222,0,4,3,1,0,0,4,3,0,4,1,3,0.0,0.0,0.0,0,2.5,0.0,6.5,4.0,0.0,7.0,4.0,4
1223,1223,53,107,571550.0,137550.0,10530107,0,0,0,0,0,0,0,137550.0,571550.0,1223,0,4,3,1,0,0,4,3,0,4,1,3,0.0,0.0,0.0,0,2.5,0.0,6.5,4.0,0.0,7.0,4.0,4
1224,1224,53,108,571650.0,137550.0,10530108,1,0,1,0,0,0,0,137550.0,571650.0,1224,0,4,3,1,0,0,4,3,0,4,1,3,0.0,0.0,0.0,0,2.5,0.0,7.5,5.0,1.0,8.0,5.0,5
1225,1225,53,109,571750.0,137550.0,10530109,1,0,1,0,0,0,0,137550.0,571750.0,1225,0,4,3,1,0,0,4,3,0,4,1,3,0.0,0.0,0.0,0,2.25,0.0,7.25,5.0,1.0,8.0,5.0,5
1226,1226,53,110,571850.0,137550.0,10530110,2,0,2,0,0,0,0,137550.0,571850.0,1226,1,3,3,1,0,1,4,3,0,4,2,3,0.0,0.0,0.0,0,1.75,0.0,7.75,6.0,3.0,9.0,6.0,7
1227,1227,53,111,571950.0,137550.0,10530111,2,0,2,0,0,0,0,137550.0,571950.0,1227,1,3,3,1,0,1,4,3,1,4,2,3,0.0,0.0,0.0,0,0.0,0.0,6.0,6.0,3.0,9.0,7.0,7
1228,1228,53,112,572050.0,137550.0,10530112,3,0,3,0,0,0,0,137550.0,572050.0,1228,1,3,3,1,1,2,4,3,1,3,2,3,0.0,0.0,0.0,0,0.0,0.0,7.0,7.0,6.0,10.0,7.0,8
1229,1229,53,113,572150.0,137550.0,10530113,3,0,3,0,0,0,0,137550.0,572150.0,1229,2,3,3,1,1,2,4,3,2,3,2,3,0.0,0.0,0.0,0,0.0,0.0,8.0,7.0,6.0,10.0,8.0,8
1230,1230,54,32,564050.0,137450.0,10540032,4,0,4,0,0,0,0,137450.0,564050.0,1230,3,2,2,2,3,2,4,3,3,2,2,3,0.0,0.0,0.0,0,0.0,0.0,9.0,8.0,9.0,11.0,9.0,9
1231,1231,54,33,564150.0,137450.0,10540033,4,0,4,0,0,0,0,137450.0,564150.0,1231,3,2,2,2,3,2,4,3,3,2,2,3,0.0,0.0,0.0,0,0.0,0.0,9.0,8.0,9.0,11.0,9.0,9
1232,1232,54,34,564250.0,137450.0,10540034,4,0,4,0,0,0,0,137450.0,564250.0,1232,3,2,3,2,2,2,4,3,3,2,2,3,0.0,0.0,0.0,0,0.0,0.0,9.0,9.0,8.0,11.0,9.0,9
1233,1233,54,35,564350.0,137450.0,10540035,4,0,4,0,0,0,0,137450.0,564350.0,1233,2,2,3,2,2,2,4,3,3,2,1,3,0.0,0.0,0.0,0,0.0,0.0,8.0,9.0,8.0,11.0,9.0,8
1234,1234,54,36,564450.0,137450.0,10540036,4,0,4,0,0,0,0,137450.0,564450.0,1234,2,1,3,2,2,2,4,3,3,3,1,3,0.0,0.0,0.0,0,0.0,0.0,7.0,9.0,8.0,11.0,10.0,8
1235,1235,54,37,564550.0,137450.0,10540037,4,0,4,0,0,0,0,137450.0,564550.0,1235,2,1,3,2,3,2,4,3,3,3,1,3,0.0,0.0,0.0,0,0.0,0.0,7.0,9.0,9.0,11.0,10.0,8
1236,1236,54,38,564650.0,137450.0,10540038,4,0,4,0,0,0,0,137450.0,564650.0,1236,2,1,3,2,3,2,4,3,3,3,1,3,0.0,0.0,0.0,0,0.0,0.0,7.0,9.0,9.0,11.0,10.0,8
1237,1237,54,39,564750.0,137450.0,10540039,4,0,4,0,0,0,0,137450.0,564750.0,1237,2,1,3,2,2,2,4,3,3,3,1,3,0.0,0.0,0.0,0,0.0,0.0,7.0,9.0,8.0,11.0,10.0,8
1238,1238,54,40,564850.0,137450.0,10540040,4,0,3,0,0,0,0,137450.0,564850.0,1238,1,1,3,2,2,2,4,3,3,3,0,3,0.0,0.0,0.0,0,0.0,0.0,6.0,8.0,8.0,10.0,10.0,6
1239,1239,54,41,564950.0,137450.0,10540041,4,0,3,0,0,0,0,137450.0,564950.0,1239,1,1,3,2,2,2,4,3,3,3,0,3,0.0,0.0,0.0,0,0.0,0.0,6.0,8.0,8.0,10.0,10.0,6
1240,1240,54,42,565050.0,137450.0,10540042,3,0,2,0,0,0,0,137450.0,565050.0,1240,1,1,2,3,2,3,4,3,3,4,0,3,0.0,0.0,0.0,0,0.0,0.0,5.0,7.0,8.0,9.0,10.0,5
1241,1241,54,43,565150.0,137450.0,10540043,3,0,2,0,0,0,0,137450.0,565150.0,1241,1,1,1,3,2,3,4,3,3,4,0,3,0.0,0.0,0.0,0,0.0,0.0,5.0,6.0,8.0,9.0,10.0,5
1242,1242,54,44,565250.0,137450.0,10540044,2,0,1,0,0,0,0,137450.0,565250.0,1242,1,1,1,3,2,3,4,3,4,4,0,3,0.0,0.0,0.0,0,0.0,0.0,4.0,5.0,7.0,8.0,10.0,4
1243,1243,54,45,565350.0,137450.0,10540045,2,0,1,0,0,0,0,137450.0,565350.0,1243,1,1,1,3,1,3,4,3,4,4,0,3,0.0,0.0,0.0,0,0.0,0.0,4.0,5.0,6.0,8.0,10.0,4
1244,1244,54,46,565450.0,137450.0,10540046,1,0,1,0,0,0,0,137450.0,565450.0,1244,1,2,0,3,1,3,4,3,4,3,0,3,0.0,0.0,0.0,0,0.0,0.0,4.0,4.0,5.0,8.0,8.0,4
1245,1245,54,47,565550.0,137450.0,10540047,1,0,1,0,0,0,0,137450.0,565550.0,1245,1,3,0,4,1,2,4,3,4,3,0,3,0.0,0.0,0.0,0,0.75,0.0,5.75,5.0,4.0,8.0,8.0,4
1246,1246,54,48,565650.0,137450.0,10540048,1,0,1,0,0,0,0,137450.0,565650.0,1246,1,3,0,4,1,2,4,3,4,4,0,3,0.0,0.0,0.0,0,2.5,0.0,7.5,5.0,4.0,8.0,9.0,4
1247,1247,54,49,565750.0,137450.0,10540049,0,0,1,0,0,0,0,137450.0,565750.0,1247,1,4,0,4,0,2,4,3,4,4,0,3,0.0,0.0,0.0,0,2.5,0.0,7.5,5.0,2.0,8.0,8.0,4
1248,1248,54,50,565850.0,137450.0,10540050,1,0,1,0,0,0,0,137450.0,565850.0,1248,1,4,0,4,0,1,4,3,3,4,0,3,0.0,0.0,0.0,0,2.5,0.0,8.5,5.0,2.0,8.0,8.0,4
1249,1249,54,51,565950.0,137450.0,10540051,1,0,1,0,0,0,0,137450.0,565950.0,1249,1,4,0,4,0,1,4,3,0,2,0,3,0.0,0.0,0.0,0,1.75,0.0,7.75,5.0,2.0,8.0,3.0,4
1250,1250,54,52,566050.0,137450.0,10540052,0,0,1,0,0,0,0,137450.0,566050.0,1250,1,4,0,4,0,0,4,3,0,3,0,2,0.0,0.0,0.0,0,0.0,0.0,5.0,5.0,0.0,8.0,3.0,3
1251,1251,54,53,566150.0,137450.0,10540053,0,0,1,0,0,0,0,137450.0,566150.0,1251,1,4,0,4,0,0,0,3,0,3,0,1,0.0,0.0,0.0,0,1.0,0.0,6.0,5.0,0.0,4.0,3.0,2
1252,1252,54,54,566250.0,137450.0,10540054,1,0,0,0,0,0,0,137450.0,566250.0,1252,1,3,0,4,0,0,0,3,0,3,0,0,0.0,0.0,0.0,0,1.75,0.0,6.75,4.0,1.0,3.0,4.0,0
1253,1253,54,55,566350.0,137450.0,10540055,0,0,0,0,0,0,0,137450.0,566350.0,1253,1,1,0,3,0,0,0,3,0,3,0,0,0.0,0.0,0.0,0,1.75,0.0,3.75,3.0,0.0,3.0,3.0,0
1254,1254,54,56,566450.0,137450.0,10540056,0,0,1,0,0,0,0,137450.0,566450.0,1254,0,0,0,3,0,0,0,3,0,3,0,0,0.0,0.0,0.0,0,2.25,2.5,2.25,6.5,0.0,4.0,3.0,1
1255,1255,54,57,566550.0,137450.0,10540057,1,0,1,0,0,0,0,137450.0,566550.0,1255,0,0,0,3,0,0,0,4,0,3,0,0,0.0,0.0,0.0,0,2.5,2.5,3.5,6.5,1.0,5.0,4.0,1
1256,1256,54,58,566650.0,137450.0,10540058,1,0,2,0,0,0,0,137450.0,566650.0,1256,0,0,0,3,0,0,0,4,0,1,0,0,0.0,0.0,0.0,0,2.5,2.5,3.5,7.5,1.0,6.0,2.0,2
1257,1257,54,59,566750.0,137450.0,10540059,0,0,1,0,0,0,0,137450.0,566750.0,1257,0,0,0,3,0,0,0,4,0,0,0,0,0.0,0.0,0.0,0,2.5,2.5,2.5,6.5,0.0,5.0,0.0,1
1258,1258,54,60,566850.0,137450.0,10540060,0,0,1,0,0,0,0,137450.0,566850.0,1258,0,0,0,3,0,0,0,0,0,0,0,0,0.0,0.0,0.0,0,2.25,1.75,2.25,5.75,0.0,1.0,0.0,1
1259,1259,54,61,566950.0,137450.0,10540061,0,0,1,0,0,0,0,137450.0,566950.0,1259,1,0,0,3,0,0,0,0,0,0,0,0,0.0,0.0,0.0,0,2.25,1.0,3.25,5.0,0.0,1.0,0.0,1
1260,1260,54,62,567050.0,137450.0,10540062,1,0,0,0,0,0,0,137450.0,567050.0,1260,1,0,0,3,0,0,0,0,0,0,0,0,0.0,0.0,0.0,0,2.25,2.25,4.25,5.25,1.0,0.0,1.0,0
1261,1261,54,63,567150.0,137450.0,10540063,0,0,0,0,0,0,0,137450.0,567150.0,1261,2,0,0,3,0,0,0,0,0,0,0,0,0.0,0.0,0.0,0,2.5,2.5,4.5,5.5,0.0,0.0,0.0,0
1262,1262,54,64,567250.0,137450.0,10540064,1,0,1,0,0,0,0,137450.0,567250.0,1262,2,1,0,3,0,0,0,0,0,0,0,0,0.0,0.0,0.0,0,2.5,2.5,6.5,6.5,1.0,1.0,1.0,1
1263,1263,54,65,567350.0,137450.0,10540065,1,0,0,0,0,0,0,137450.0,567350.0,1263,3,1,0,2,0,1,0,0,0,0,0,0,0.0,0.0,0.0,0,2.5,2.5,7.5,4.5,2.0,0.0,1.0,0
1264,1264,54,66,567450.0,137450.0,10540066,1,0,1,0,0,0,0,137450.0,567450.0,1264,3,1,1,0,0,1,0,0,0,0,0,0,1.0,0.0,0.0,0,2.5,2.5,7.5,4.5,3.0,1.0,1.0,1
1265,1265,54,67,567550.0,137450.0,10540067,2,0,1,0,0,0,0,137450.0,567550.0,1265,3,1,4,0,1,0,0,0,0,0,0,0,1.0,0.0,0.0,0,2.5,2.5,8.5,7.5,4.0,1.0,2.0,1
1266,1266,54,68,567650.0,137450.0,10540068,2,0,0,0,0,0,0,137450.0,567650.0,1266,4,0,4,0,1,0,0,0,0,1,0,0,1.0,0.0,0.0,0,2.5,2.5,8.5,6.5,4.0,0.0,3.0,0
1267,1267,54,69,567750.0,137450.0,10540069,2,0,0,1,0,0,0,137450.0,567750.0,1267,4,0,4,0,1,0,0,0,0,1,0,0,1.75,0.0,0.0,0,2.5,2.5,8.5,7.5,4.75,1.0,3.0,1
1268,1268,54,70,567850.0,137450.0,10540070,1,0,0,2,0,0,0,137450.0,567850.0,1268,4,0,4,0,1,0,4,0,0,1,0,0,1.75,0.0,0.0,0,2.5,2.5,7.5,8.5,3.75,6.0,2.0,2
1269,1269,54,71,567950.0,137450.0,10540071,1,0,0,3,0,0,0,137450.0,567950.0,1269,4,0,4,0,1,0,4,0,0,1,1,0,1.75,0.0,0.0,0,2.5,2.5,7.5,9.5,3.75,7.0,2.0,4
1270,1270,54,72,568050.0,137450.0,10540072,1,0,1,3,0,0,0,137450.0,568050.0,1270,4,0,4,0,1,0,4,0,0,1,1,0,1.75,0.0,0.0,0,2.5,2.5,7.5,10.5,3.75,8.0,2.0,5
1271,1271,54,73,568150.0,137450.0,10540073,0,1,0,2,0,0,0,137450.0,568150.0,1271,4,0,4,0,1,0,0,0,0,1,1,0,2.25,1.0,0.0,0,2.5,2.5,7.5,8.5,4.25,3.0,2.0,3
1272,1272,54,74,568250.0,137450.0,10540074,0,2,0,1,0,0,0,137450.0,568250.0,1272,4,0,4,0,1,0,4,0,0,1,1,0,2.5,1.0,0.0,0,2.5,2.5,8.5,7.5,5.5,6.0,3.0,2
1273,1273,54,75,568350.0,137450.0,10540075,1,2,1,0,0,0,0,137450.0,568350.0,1273,4,0,4,0,1,0,4,0,0,1,1,0,2.25,1.0,0.0,0,2.5,2.5,9.5,7.5,6.25,6.0,4.0,2
1274,1274,54,76,568450.0,137450.0,10540076,1,2,1,0,0,0,0,137450.0,568450.0,1274,3,0,4,0,1,0,4,0,1,1,1,0,1.75,0.0,0.0,0,2.5,2.5,8.5,7.5,5.75,5.0,5.0,2
1275,1275,54,77,568550.0,137450.0,10540077,1,1,1,0,0,0,0,137450.0,568550.0,1275,3,0,4,0,1,0,4,0,1,1,1,0,0.0,0.0,0.0,0,2.5,2.5,7.5,7.5,3.0,5.0,4.0,2
1276,1276,54,78,568650.0,137450.0,10540078,1,0,1,0,0,0,0,137450.0,568650.0,1276,3,0,4,0,1,0,4,4,1,1,1,0,0.0,0.0,0.0,0,2.25,2.5,6.25,7.5,2.0,9.0,3.0,2
1277,1277,54,79,568750.0,137450.0,10540079,1,0,1,0,0,0,0,137450.0,568750.0,1277,3,0,1,0,1,0,0,0,1,1,1,0,0.0,0.0,0.0,0,2.25,2.5,6.25,4.5,2.0,1.0,3.0,2
1278,1278,54,80,568850.0,137450.0,10540080,1,0,1,0,0,0,0,137450.0,568850.0,1278,3,0,0,0,1,0,0,0,2,1,0,0,0.0,0.0,0.0,0,1.75,2.5,5.75,3.5,2.0,1.0,4.0,1
1279,1279,54,81,568950.0,137450.0,10540081,1,0,1,0,0,0,0,137450.0,568950.0,1279,3,0,0,0,1,0,0,0,2,1,0,0,0.0,0.0,0.0,0,1.75,2.5,5.75,3.5,2.0,1.0,4.0,1
1280,1280,54,82,569050.0,137450.0,10540082,2,0,1,0,0,0,0,137450.0,569050.0,1280,3,0,0,0,1,0,0,0,2,1,0,0,0.0,0.0,0.0,0,1.75,2.5,6.75,3.5,3.0,1.0,5.0,1
1281,1281,54,83,569150.0,137450.0,10540083,2,0,1,0,0,0,0,137450.0,569150.0,1281,3,0,0,0,1,0,0,0,2,1,0,0,0.0,0.0,0.0,0,1.75,2.5,6.75,3.5,3.0,1.0,5.0,1
1282,1282,54,84,569250.0,137450.0,10540084,2,0,1,0,0,0,0,137450.0,569250.0,1282,3,0,0,0,2,1,0,0,2,1,0,1,0.0,0.0,0.0,0,2.25,2.5,7.25,3.5,5.0,1.0,5.0,2
1283,1283,54,85,569350.0,137450.0,10540085,3,0,1,0,0,0,0,137450.0,569350.0,1283,2,0,0,0,2,1,0,0,2,2,0,3,0.0,0.0,0.0,0,2.25,2.5,7.25,3.5,6.0,1.0,7.0,4
1284,1284,54,86,569450.0,137450.0,10540086,3,0,1,0,0,0,0,137450.0,569450.0,1284,2,0,0,0,2,1,0,0,2,2,0,4,0.0,0.0,0.0,0,1.0,2.5,6.0,3.5,6.0,1.0,7.0,5
1285,1285,54,87,569550.0,137450.0,10540087,4,0,1,0,0,0,0,137450.0,569550.0,1285,2,0,0,0,2,1,0,0,2,2,0,4,0.0,0.0,0.0,0,1.0,2.5,7.0,3.5,7.0,1.0,8.0,5
1286,1286,54,88,569650.0,137450.0,10540088,4,0,1,0,0,0,0,137450.0,569650.0,1286,1,0,0,0,2,1,0,0,2,2,0,4,0.0,0.0,0.0,0,2.5,2.5,7.5,3.5,7.0,1.0,8.0,5
1287,1287,54,89,569750.0,137450.0,10540089,4,0,1,0,0,0,0,137450.0,569750.0,1287,1,0,0,3,2,1,0,4,2,2,0,4,0.0,0.0,0.0,0,2.5,2.5,7.5,6.5,7.0,5.0,8.0,5
1288,1288,54,90,569850.0,137450.0,10540090,3,0,0,0,0,0,0,137450.0,569850.0,1288,1,0,0,4,3,1,0,4,2,2,0,4,0.0,0.0,0.0,0,2.5,2.5,6.5,6.5,7.0,4.0,7.0,4
1289,1289,54,91,569950.0,137450.0,10540091,3,0,0,0,0,0,0,137450.0,569950.0,1289,1,0,0,4,3,2,0,4,2,3,0,4,0.0,0.0,0.0,0,2.5,2.5,6.5,6.5,8.0,4.0,8.0,4
1290,1290,54,92,570050.0,137450.0,10540092,3,0,0,0,0,0,0,137450.0,570050.0,1290,1,0,0,4,3,2,0,4,2,3,0,4,0.0,0.0,0.0,0,2.5,2.5,6.5,6.5,8.0,4.0,8.0,4
1291,1291,54,93,570150.0,137450.0,10540093,3,0,0,0,0,0,0,137450.0,570150.0,1291,1,0,0,4,2,2,0,4,2,3,0,4,0.0,0.0,0.0,0,2.5,1.5,6.5,5.5,7.0,4.0,8.0,4
1292,1292,54,94,570250.0,137450.0,10540094,2,0,1,0,0,0,0,137450.0,570250.0,1292,1,0,0,3,2,2,0,3,1,3,0,4,0.0,0.0,0.0,0,2.5,0.75,5.5,4.75,6.0,4.0,6.0,5
1293,1293,54,95,570350.0,137450.0,10540095,2,0,1,0,0,0,0,137450.0,570350.0,1293,1,0,0,3,2,3,0,3,1,3,0,4,0.0,0.0,0.0,0,2.5,0.25,5.5,4.25,7.0,4.0,6.0,5
1294,1294,54,96,570450.0,137450.0,10540096,2,0,2,0,0,0,0,137450.0,570450.0,1294,1,0,0,3,2,3,4,3,1,3,0,4,0.0,0.0,0.0,0,2.5,0.0,5.5,5.0,7.0,9.0,6.0,6
1295,1295,54,97,570550.0,137450.0,10540097,2,0,2,0,0,0,0,137450.0,570550.0,1295,2,1,0,3,1,3,4,3,1,3,0,4,0.0,0.0,0.0,0,1.5,0.0,6.5,5.0,6.0,9.0,6.0,6
1296,1296,54,98,570650.0,137450.0,10540098,3,0,3,0,0,0,0,137450.0,570650.0,1296,1,1,0,3,1,3,4,3,1,3,0,4,0.0,0.0,0.0,0,2.5,0.0,7.5,6.0,7.0,10.0,7.0,7
1297,1297,54,99,570750.0,137450.0,10540099,3,0,3,0,0,0,0,137450.0,570750.0,1297,1,1,0,3,1,2,4,3,1,3,0,4,0.0,0.0,0.0,0,2.5,0.0,7.5,6.0,6.0,10.0,7.0,7
1298,1298,54,100,570850.0,137450.0,10540100,2,0,2,0,0,0,0,137450.0,570850.0,1298,1,2,1,2,1,2,4,3,1,3,0,4,0.0,0.0,0.0,0,2.5,0.0,7.5,5.0,5.0,9.0,6.0,6
1299,1299,54,101,570950.0,137450.0,10540101,2,0,2,0,0,0,0,137450.0,570950.0,1299,1,2,1,2,0,1,4,3,0,3,0,4,0.0,0.0,0.0,0,2.5,0.0,7.5,5.0,3.0,9.0,5.0,6
1300,1300,54,102,571050.0,137450.0,10540102,1,0,1,0,0,0,0,137450.0,571050.0,1300,0,3,1,1,0,1,4,3,0,4,0,4,0.0,0.0,0.0,0,2.5,0.0,6.5,3.0,2.0,8.0,5.0,5
1301,1301,54,103,571150.0,137450.0,10540103,1,0,1,0,0,0,0,137450.0,571150.0,1301,0,3,1,1,0,1,4,3,0,4,0,4,0.0,0.0,0.0,0,2.5,0.0,6.5,3.0,2.0,8.0,5.0,5
1302,1302,54,104,571250.0,137450.0,10540104,0,0,0,0,0,0,0,137450.0,571250.0,1302,0,3,2,1,0,0,4,3,0,4,0,3,0.0,0.0,0.0,0,2.5,0.0,5.5,3.0,0.0,7.0,4.0,3
1303,1303,54,105,571350.0,137450.0,10540105,0,0,0,0,0,0,0,137450.0,571350.0,1303,0,4,3,1,0,0,4,3,0,4,1,3,0.0,0.0,0.0,0,2.5,0.0,6.5,4.0,0.0,7.0,4.0,4
1304,1304,54,106,571450.0,137450.0,10540106,0,0,0,0,0,0,0,137450.0,571450.0,1304,0,4,3,1,0,0,4,3,0,4,1,3,0.0,0.0,0.0,0,2.5,0.0,6.5,4.0,0.0,7.0,4.0,4
1305,1305,54,107,571550.0,137450.0,10540107,0,0,0,0,0,0,0,137450.0,571550.0,1305,0,4,3,1,0,0,4,3,0,4,1,3,0.0,0.0,0.0,0,2.5,0.0,6.5,4.0,0.0,7.0,4.0,4
1306,1306,54,108,571650.0,137450.0,10540108,1,0,1,0,0,0,0,137450.0,571650.0,1306,0,4,3,1,0,0,4,3,0,4,1,3,0.0,0.0,0.0,0,2.5,0.0,7.5,5.0,1.0,8.0,5.0,5
1307,1307,54,109,571750.0,137450.0,10540109,1,0,1,0,0,0,0,137450.0,571750.0,1307,1,4,3,1,0,1,4,3,0,4,1,3,0.0,0.0,0.0,0,2.5,0.0,8.5,5.0,2.0,8.0,5.0,5
1308,1308,54,110,571850.0,137450.0,10540110,2,0,2,0,0,0,0,137450.0,571850.0,1308,1,3,3,1,0,1,4,3,0,4,2,3,0.0,0.0,0.0,0,2.25,0.0,8.25,6.0,3.0,9.0,6.0,7
1309,1309,54,111,571950.0,137450.0,10540111,2,0,2,0,0,0,0,137450.0,571950.0,1309,1,3,3,1,0,1,4,3,1,4,2,3,0.0,0.0,0.0,0,0.0,0.0,6.0,6.0,3.0,9.0,7.0,7
1310,1310,54,112,572050.0,137450.0,10540112,3,0,3,0,0,0,0,137450.0,572050.0,1310,2,3,3,1,1,2,4,3,1,3,2,3,0.0,0.0,0.0,0,0.0,0.0,8.0,7.0,6.0,10.0,7.0,8
1311,1311,54,113,572150.0,137450.0,10540113,3,0,3,0,0,0,0,137450.0,572150.0,1311,2,3,3,1,1,2,4,3,2,3,2,3,0.0,0.0,0.0,0,0.0,0.0,8.0,7.0,6.0,10.0,8.0,8
1312,1312,55,32,564050.0,137350.0,10550032,4,0,4,0,0,0,0,137350.0,564050.0,1312,3,2,2,2,3,2,4,3,3,2,2,3,0.0,0.0,0.0,0,0.0,0.0,9.0,8.0,9.0,11.0,9.0,9
1313,1313,55,33,564150.0,137350.0,10550033,4,0,4,0,0,0,0,137350.0,564150.0,1313,3,2,2,2,3,2,4,3,3,2,2,3,0.0,0.0,0.0,0,0.0,0.0,9.0,8.0,9.0,11.0,9.0,9
1314,1314,55,34,564250.0,137350.0,10550034,4,0,4,0,0,0,0,137350.0,564250.0,1314,2,2,3,2,2,2,4,3,3,2,2,3,0.0,0.0,0.0,0,0.0,0.0,8.0,9.0,8.0,11.0,9.0,9
1315,1315,55,35,564350.0,137350.0,10550035,4,0,4,0,0,0,0,137350.0,564350.0,1315,2,2,3,2,2,2,4,3,3,2,1,3,0.0,0.0,0.0,0,0.0,0.0,8.0,9.0,8.0,11.0,9.0,8
1316,1316,55,36,564450.0,137350.0,10550036,4,0,4,0,0,0,0,137350.0,564450.0,1316,2,1,3,2,2,2,4,3,3,3,1,3,0.0,0.0,0.0,0,0.0,0.0,7.0,9.0,8.0,11.0,10.0,8
1317,1317,55,37,564550.0,137350.0,10550037,4,0,4,0,0,0,0,137350.0,564550.0,1317,2,1,3,2,3,2,4,3,3,3,1,3,0.0,0.0,0.0,0,0.0,0.0,7.0,9.0,9.0,11.0,10.0,8
1318,1318,55,38,564650.0,137350.0,10550038,4,0,4,0,0,0,0,137350.0,564650.0,1318,2,1,3,2,3,2,4,3,3,3,1,3,0.0,0.0,0.0,0,0.0,0.0,7.0,9.0,9.0,11.0,10.0,8
1319,1319,55,39,564750.0,137350.0,10550039,4,0,4,0,0,0,0,137350.0,564750.0,1319,2,1,3,2,2,2,4,3,3,3,0,3,0.0,0.0,0.0,0,0.0,0.0,7.0,9.0,8.0,11.0,10.0,7
1320,1320,55,40,564850.0,137350.0,10550040,4,0,3,0,0,0,0,137350.0,564850.0,1320,1,1,3,2,2,2,4,3,3,3,0,3,0.0,0.0,0.0,0,0.0,0.0,6.0,8.0,8.0,10.0,10.0,6
1321,1321,55,41,564950.0,137350.0,10550041,4,0,3,0,0,0,0,137350.0,564950.0,1321,1,1,3,3,2,3,4,3,3,3,0,3,0.0,0.0,0.0,0,0.0,0.0,6.0,9.0,9.0,10.0,10.0,6
1322,1322,55,42,565050.0,137350.0,10550042,3,0,3,0,0,0,0,137350.0,565050.0,1322,1,1,2,3,2,3,4,3,3,4,0,3,0.0,0.0,0.0,0,0.0,0.0,5.0,8.0,8.0,10.0,10.0,6
1323,1323,55,43,565150.0,137350.0,10550043,3,0,2,0,0,0,0,137350.0,565150.0,1323,1,1,1,3,2,3,4,3,4,4,0,3,0.0,0.0,0.0,0,0.0,0.0,5.0,6.0,8.0,9.0,11.0,5
1324,1324,55,44,565250.0,137350.0,10550044,2,0,2,0,0,0,0,137350.0,565250.0,1324,1,1,1,3,2,3,4,3,4,4,0,3,0.0,0.0,0.0,0,0.0,0.0,4.0,6.0,7.0,9.0,10.0,5
1325,1325,55,45,565350.0,137350.0,10550045,2,0,2,0,0,0,0,137350.0,565350.0,1325,1,1,1,3,1,3,4,3,4,4,0,3,0.0,0.0,0.0,0,0.0,0.0,4.0,6.0,6.0,9.0,10.0,5
1326,1326,55,46,565450.0,137350.0,10550046,2,0,1,0,0,0,0,137350.0,565450.0,1326,1,2,0,4,1,2,4,3,4,3,0,3,0.0,0.0,0.0,0,0.0,0.0,5.0,5.0,5.0,8.0,9.0,4
1327,1327,55,47,565550.0,137350.0,10550047,1,0,1,0,0,0,0,137350.0,565550.0,1327,1,3,0,4,1,2,4,3,4,3,0,3,0.0,0.0,0.0,0,0.25,0.0,5.25,5.0,4.0,8.0,8.0,4
1328,1328,55,48,565650.0,137350.0,10550048,1,0,1,0,0,0,0,137350.0,565650.0,1328,1,4,0,4,1,2,4,3,4,4,0,3,0.0,0.0,0.0,0,2.5,0.0,8.5,5.0,4.0,8.0,9.0,4
1329,1329,55,49,565750.0,137350.0,10550049,1,0,1,0,0,0,0,137350.0,565750.0,1329,1,4,0,4,0,1,4,3,3,4,0,3,0.0,0.0,0.0,0,2.5,0.0,8.5,5.0,2.0,8.0,8.0,4
1330,1330,55,50,565850.0,137350.0,10550050,1,0,2,0,0,0,0,137350.0,565850.0,1330,1,4,0,4,0,1,4,3,0,1,0,3,0.0,0.0,0.0,0,2.5,0.0,8.5,6.0,2.0,9.0,2.0,5
1331,1331,55,51,565950.0,137350.0,10550051,0,0,2,0,0,0,0,137350.0,565950.0,1331,1,4,0,4,0,0,4,3,0,2,0,3,0.0,0.0,0.0,0,2.25,0.0,7.25,6.0,0.0,9.0,2.0,5
1332,1332,55,52,566050.0,137350.0,10550052,0,0,1,0,0,0,0,137350.0,566050.0,1332,0,4,0,4,0,0,0,3,0,3,0,2,0.0,0.0,0.0,0,1.75,0.0,5.75,5.0,0.0,4.0,3.0,3
1333,1333,55,53,566150.0,137350.0,10550053,0,0,1,0,0,0,0,137350.0,566150.0,1333,0,4,0,3,0,0,0,3,0,3,0,1,0.0,0.0,0.0,0,2.25,0.0,6.25,4.0,0.0,4.0,3.0,2
1334,1334,55,54,566250.0,137350.0,10550054,0,0,1,0,0,0,0,137350.0,566250.0,1334,0,2,0,3,0,0,0,3,0,3,0,0,0.0,0.0,0.0,0,2.25,0.0,4.25,4.0,0.0,4.0,3.0,1
1335,1335,55,55,566350.0,137350.0,10550055,0,0,1,0,0,0,0,137350.0,566350.0,1335,0,0,0,3,0,0,0,3,0,2,0,0,0.0,0.0,0.0,0,2.25,2.5,2.25,6.5,0.0,4.0,2.0,1
1336,1336,55,56,566450.0,137350.0,10550056,0,0,1,0,0,0,0,137350.0,566450.0,1336,0,0,0,3,0,0,0,4,0,1,0,0,0.0,0.0,0.0,0,2.25,2.5,2.25,6.5,0.0,5.0,1.0,1
1337,1337,55,57,566550.0,137350.0,10550057,0,0,1,0,0,0,0,137350.0,566550.0,1337,0,0,0,2,0,0,0,4,0,0,0,0,0.0,0.0,0.0,0,2.25,2.5,2.25,5.5,0.0,5.0,0.0,1
1338,1338,55,58,566650.0,137350.0,10550058,1,0,2,0,0,0,0,137350.0,566650.0,1338,0,0,0,3,0,0,0,4,0,0,0,0,0.0,0.0,0.0,0,2.5,2.5,3.5,7.5,1.0,6.0,1.0,2
1339,1339,55,59,566750.0,137350.0,10550059,0,0,1,0,0,0,0,137350.0,566750.0,1339,0,0,0,3,0,0,0,0,0,0,0,0,0.0,0.0,0.0,0,2.5,2.5,2.5,6.5,0.0,1.0,0.0,1
1340,1340,55,60,566850.0,137350.0,10550060,0,0,1,0,0,0,0,137350.0,566850.0,1340,1,0,0,3,0,0,0,0,0,0,0,0,0.0,0.0,0.0,0,2.5,2.25,3.5,6.25,0.0,1.0,0.0,1
1341,1341,55,61,566950.0,137350.0,10550061,1,0,0,0,0,0,0,137350.0,566950.0,1341,1,0,0,3,0,0,0,0,0,0,0,0,0.0,0.0,0.0,0,0.75,1.0,2.75,4.0,1.0,0.0,1.0,0
1342,1342,55,62,567050.0,137350.0,10550062,1,0,0,0,0,0,0,137350.0,567050.0,1342,2,0,0,3,0,0,0,0,0,0,0,0,0.0,0.0,0.0,0,2.25,1.0,5.25,4.0,1.0,0.0,1.0,0
1343,1343,55,63,567150.0,137350.0,10550063,0,0,0,0,0,0,0,137350.0,567150.0,1343,2,0,0,3,0,0,0,0,0,0,0,0,0.0,0.0,0.0,0,2.25,2.25,4.25,5.25,0.0,0.0,0.0,0
1344,1344,55,64,567250.0,137350.0,10550064,1,0,0,0,0,0,0,137350.0,567250.0,1344,2,0,0,3,0,0,0,0,0,0,0,0,0.0,0.0,0.0,0,2.5,2.5,5.5,5.5,1.0,0.0,1.0,0
1345,1345,55,65,567350.0,137350.0,10550065,1,0,1,0,0,0,0,137350.0,567350.0,1345,3,1,1,0,0,1,0,0,0,0,0,0,0.0,0.0,0.0,0,2.5,2.5,7.5,4.5,2.0,1.0,1.0,1
1346,1346,55,66,567450.0,137350.0,10550066,1,0,1,0,0,0,0,137350.0,567450.0,1346,3,1,4,0,0,1,0,0,0,0,0,0,1.0,0.0,0.0,0,2.5,2.5,7.5,7.5,3.0,1.0,1.0,1
1347,1347,55,67,567550.0,137350.0,10550067,2,0,1,0,0,0,0,137350.0,567550.0,1347,4,1,4,0,1,1,0,0,0,0,0,0,1.0,0.0,0.0,0,2.5,2.5,9.5,7.5,5.0,1.0,2.0,1
1348,1348,55,68,567650.0,137350.0,10550068,2,0,0,0,0,0,0,137350.0,567650.0,1348,4,1,4,0,1,1,0,0,0,0,0,0,1.75,0.0,0.0,0,2.5,2.5,9.5,6.5,5.75,0.0,2.0,0
1349,1349,55,69,567750.0,137350.0,10550069,2,1,0,1,0,0,0,137350.0,567750.0,1349,4,0,4,0,1,0,0,0,0,1,0,0,1.75,0.0,0.0,0,2.5,2.5,9.5,7.5,5.75,1.0,4.0,1
1350,1350,55,70,567850.0,137350.0,10550070,2,1,0,2,0,0,0,137350.0,567850.0,1350,4,0,4,0,1,0,4,0,0,1,0,0,1.75,0.0,0.0,0,2.5,2.5,9.5,8.5,5.75,6.0,4.0,2
1351,1351,55,71,567950.0,137350.0,10550071,1,0,1,3,0,0,0,137350.0,567950.0,1351,4,0,4,0,1,0,4,0,0,1,1,0,1.75,0.0,0.0,0,2.5,2.5,7.5,10.5,3.75,8.0,2.0,5
1352,1352,55,72,568050.0,137350.0,10550072,1,1,1,3,0,0,0,137350.0,568050.0,1352,4,0,4,0,1,0,4,0,0,1,1,0,2.25,0.0,0.0,0,2.5,2.5,8.5,10.5,5.25,8.0,3.0,5
1353,1353,55,73,568150.0,137350.0,10550073,1,2,1,2,0,0,0,137350.0,568150.0,1353,4,0,4,0,1,0,4,0,0,1,1,0,2.25,0.0,0.0,0,2.5,2.5,9.5,9.5,6.25,7.0,4.0,4
1354,1354,55,74,568250.0,137350.0,10550074,1,3,1,1,0,0,0,137350.0,568250.0,1354,4,0,4,0,1,0,4,0,0,1,2,0,2.5,1.75,0.0,0,2.5,2.5,10.5,8.5,7.5,7.75,5.0,4
1355,1355,55,75,568350.0,137350.0,10550075,1,4,1,0,0,0,0,137350.0,568350.0,1355,4,0,4,0,1,0,4,0,0,1,2,0,2.25,0.0,0.0,0,2.5,2.5,11.5,7.5,8.25,5.0,6.0,3
1356,1356,55,76,568450.0,137350.0,10550076,1,2,1,0,0,0,0,137350.0,568450.0,1356,4,0,4,0,1,0,4,0,0,1,2,0,1.0,0.0,0.0,0,2.5,2.5,9.5,7.5,5.0,5.0,4.0,3
1357,1357,55,77,568550.0,137350.0,10550077,1,1,1,0,0,0,0,137350.0,568550.0,1357,3,0,4,0,1,0,4,0,1,1,1,0,0.0,0.0,0.0,0,2.5,2.5,7.5,7.5,3.0,5.0,4.0,2
1358,1358,55,78,568650.0,137350.0,10550078,0,0,1,0,0,0,0,137350.0,568650.0,1358,3,0,4,0,1,0,4,4,1,1,1,0,0.0,0.0,0.0,0,2.25,2.5,5.25,7.5,1.0,9.0,2.0,2
1359,1359,55,79,568750.0,137350.0,10550079,0,0,1,0,0,0,0,137350.0,568750.0,1359,3,0,1,0,1,0,0,0,1,1,1,0,0.0,0.0,0.0,0,1.75,2.5,4.75,4.5,1.0,1.0,2.0,2
1360,1360,55,80,568850.0,137350.0,10550080,1,0,0,0,0,0,0,137350.0,568850.0,1360,3,0,0,0,1,0,0,0,2,1,1,0,0.0,0.0,0.0,0,2.25,2.5,6.25,2.5,2.0,0.0,4.0,1
1361,1361,55,81,568950.0,137350.0,10550081,1,0,0,0,0,0,0,137350.0,568950.0,1361,3,0,0,0,1,0,0,0,2,1,1,0,0.0,0.0,0.0,0,1.75,2.5,5.75,2.5,2.0,0.0,4.0,1
1362,1362,55,82,569050.0,137350.0,10550082,1,0,0,0,0,0,0,137350.0,569050.0,1362,3,0,0,0,1,0,0,0,2,1,1,0,0.0,0.0,0.0,0,2.25,2.5,6.25,2.5,2.0,0.0,4.0,1
1363,1363,55,83,569150.0,137350.0,10550083,2,0,1,0,0,0,0,137350.0,569150.0,1363,2,0,0,0,1,1,0,0,2,1,1,0,0.0,0.0,0.0,0,2.25,2.5,6.25,3.5,4.0,1.0,5.0,2
1364,1364,55,84,569250.0,137350.0,10550084,2,0,1,0,0,0,0,137350.0,569250.0,1364,2,0,0,0,2,1,0,0,2,1,0,3,0.0,0.0,0.0,0,2.25,1.75,6.25,2.75,5.0,1.0,5.0,4
1365,1365,55,85,569350.0,137350.0,10550085,3,0,1,0,0,0,0,137350.0,569350.0,1365,2,0,0,0,2,1,0,0,2,1,0,4,0.0,0.0,0.0,0,2.25,2.5,7.25,3.5,6.0,1.0,6.0,5
1366,1366,55,86,569450.0,137350.0,10550086,3,0,1,0,0,0,0,137350.0,569450.0,1366,1,0,0,0,2,1,0,0,2,2,0,4,0.0,0.0,0.0,0,2.25,2.5,6.25,3.5,6.0,1.0,7.0,5
1367,1367,55,87,569550.0,137350.0,10550087,4,0,1,0,0,0,0,137350.0,569550.0,1367,1,0,0,0,2,1,0,0,2,2,0,4,0.0,0.0,0.0,0,1.0,2.5,6.0,3.5,7.0,1.0,8.0,5
1368,1368,55,88,569650.0,137350.0,10550088,4,0,1,0,0,0,0,137350.0,569650.0,1368,1,0,0,0,2,1,0,0,2,2,0,4,0.0,0.0,0.0,0,1.75,2.5,6.75,3.5,7.0,1.0,8.0,5
1369,1369,55,89,569750.0,137350.0,10550089,3,0,1,0,0,0,0,137350.0,569750.0,1369,1,0,0,3,2,1,0,0,2,2,0,4,0.0,0.0,0.0,0,2.5,2.5,6.5,6.5,6.0,1.0,7.0,5
1370,1370,55,90,569850.0,137350.0,10550090,3,0,0,0,0,0,0,137350.0,569850.0,1370,1,0,0,4,2,2,0,4,2,2,0,4,0.0,0.0,0.0,0,2.5,2.5,6.5,6.5,7.0,4.0,7.0,4
1371,1371,55,91,569950.0,137350.0,10550091,3,0,0,0,0,0,0,137350.0,569950.0,1371,1,0,0,4,3,2,0,4,2,3,0,4,0.0,0.0,0.0,0,2.5,2.5,6.5,6.5,8.0,4.0,8.0,4
1372,1372,55,92,570050.0,137350.0,10550092,2,0,0,0,0,0,0,137350.0,570050.0,1372,1,0,0,4,3,2,0,4,1,3,0,4,0.0,0.0,0.0,0,2.5,2.5,5.5,6.5,7.0,4.0,6.0,4
1373,1373,55,93,570150.0,137350.0,10550093,2,0,0,0,0,0,0,137350.0,570150.0,1373,1,0,0,4,2,2,0,4,1,3,0,4,0.0,0.0,0.0,0,2.5,2.5,5.5,6.5,6.0,4.0,6.0,4
1374,1374,55,94,570250.0,137350.0,10550094,2,0,1,0,0,0,0,137350.0,570250.0,1374,1,0,0,3,2,2,0,4,1,3,0,4,0.0,0.0,0.0,0,2.5,2.5,5.5,6.5,6.0,5.0,6.0,5
1375,1375,55,95,570350.0,137350.0,10550095,2,0,1,0,0,0,0,137350.0,570350.0,1375,0,0,0,3,2,3,0,3,1,3,0,4,0.0,0.0,0.0,0,2.5,1.5,4.5,5.5,7.0,4.0,6.0,5
1376,1376,55,96,570450.0,137350.0,10550096,2,0,2,0,0,0,0,137350.0,570450.0,1376,1,0,0,3,2,3,4,3,1,3,0,4,0.0,0.0,0.0,0,2.5,0.75,5.5,5.75,7.0,9.0,6.0,6
1377,1377,55,97,570550.0,137350.0,10550097,2,0,2,0,0,0,0,137350.0,570550.0,1377,1,1,0,3,1,3,4,3,1,3,0,4,0.0,0.0,0.0,0,2.5,0.0,6.5,5.0,6.0,9.0,6.0,6
1378,1378,55,98,570650.0,137350.0,10550098,2,0,3,0,0,0,0,137350.0,570650.0,1378,2,1,0,3,1,3,4,3,1,3,0,4,0.0,0.0,0.0,0,2.5,0.0,7.5,6.0,6.0,10.0,6.0,7
1379,1379,55,99,570750.0,137350.0,10550099,2,0,3,0,0,0,0,137350.0,570750.0,1379,1,1,0,3,1,2,4,3,1,3,0,4,0.0,0.0,0.0,0,2.5,0.0,6.5,6.0,5.0,10.0,6.0,7
1380,1380,55,100,570850.0,137350.0,10550100,2,0,3,0,0,0,0,137350.0,570850.0,1380,1,1,1,2,1,2,4,3,1,3,0,4,0.0,0.0,0.0,0,2.5,0.0,6.5,6.0,5.0,10.0,6.0,7
1381,1381,55,101,570950.0,137350.0,10550101,2,0,2,0,0,0,0,137350.0,570950.0,1381,1,2,1,2,0,2,4,3,0,3,0,4,0.0,0.0,0.0,0,2.5,0.0,7.5,5.0,4.0,9.0,5.0,6
1382,1382,55,102,571050.0,137350.0,10550102,1,0,2,0,0,0,0,137350.0,571050.0,1382,1,3,1,1,0,1,4,3,0,4,0,4,0.0,0.0,0.0,0,2.5,0.0,7.5,4.0,2.0,9.0,5.0,6
1383,1383,55,103,571150.0,137350.0,10550103,1,0,1,0,0,0,0,137350.0,571150.0,1383,0,3,1,1,0,1,4,3,0,4,0,4,0.0,0.0,0.0,0,2.5,0.0,6.5,3.0,2.0,8.0,5.0,5
1384,1384,55,104,571250.0,137350.0,10550104,1,0,1,0,0,0,0,137350.0,571250.0,1384,0,3,2,1,0,0,4,3,0,4,0,3,0.0,0.0,0.0,0,2.5,0.0,6.5,4.0,1.0,8.0,5.0,4
1385,1385,55,105,571350.0,137350.0,10550105,0,0,0,0,0,0,0,137350.0,571350.0,1385,0,3,3,1,0,0,4,3,0,4,1,3,0.0,0.0,0.0,0,2.5,0.0,5.5,4.0,0.0,7.0,4.0,4
1386,1386,55,106,571450.0,137350.0,10550106,0,0,0,0,0,0,0,137350.0,571450.0,1386,0,4,3,1,0,0,4,3,0,4,1,3,0.0,0.0,0.0,0,2.5,0.0,6.5,4.0,0.0,7.0,4.0,4
1387,1387,55,107,571550.0,137350.0,10550107,0,0,0,0,0,0,0,137350.0,571550.0,1387,0,4,3,1,0,0,4,3,0,4,1,3,0.0,0.0,0.0,0,2.5,0.0,6.5,4.0,0.0,7.0,4.0,4
1388,1388,55,108,571650.0,137350.0,10550108,1,0,1,0,0,0,0,137350.0,571650.0,1388,0,3,3,1,0,1,4,3,0,4,1,3,0.0,0.0,0.0,0,2.5,0.0,6.5,5.0,2.0,8.0,5.0,5
1389,1389,55,109,571750.0,137350.0,10550109,1,0,1,0,0,0,0,137350.0,571750.0,1389,1,3,3,1,0,1,4,3,0,4,1,3,0.0,0.0,0.0,0,2.5,0.0,7.5,5.0,2.0,8.0,5.0,5
1390,1390,55,110,571850.0,137350.0,10550110,2,0,2,0,0,0,0,137350.0,571850.0,1390,1,3,3,1,0,1,4,3,1,4,2,3,0.0,0.0,0.0,0,2.25,0.0,8.25,6.0,3.0,9.0,7.0,7
1391,1391,55,111,571950.0,137350.0,10550111,2,0,2,0,0,0,0,137350.0,571950.0,1391,1,3,3,1,0,2,4,3,1,4,2,3,0.0,0.0,0.0,0,0.75,0.0,6.75,6.0,4.0,9.0,7.0,7
1392,1392,55,112,572050.0,137350.0,10550112,3,0,3,0,0,0,0,137350.0,572050.0,1392,2,3,3,1,1,2,4,3,1,3,2,3,0.0,0.0,0.0,0,0.0,0.0,8.0,7.0,6.0,10.0,7.0,8
1393,1393,55,113,572150.0,137350.0,10550113,3,0,3,0,0,0,0,137350.0,572150.0,1393,2,2,3,1,1,2,4,3,2,3,2,3,0.0,0.0,0.0,0,0.0,0.0,7.0,7.0,6.0,10.0,8.0,8
1394,1394,56,32,564050.0,137250.0,10560032,4,0,4,0,0,0,0,137250.0,564050.0,1394,3,2,2,2,3,2,4,3,3,2,2,3,0.0,0.0,0.0,0,0.0,0.0,9.0,8.0,9.0,11.0,9.0,9
1395,1395,56,33,564150.0,137250.0,10560033,4,0,4,0,0,0,0,137250.0,564150.0,1395,3,2,3,2,3,2,4,3,3,2,2,3,0.0,0.0,0.0,0,0.0,0.0,9.0,9.0,9.0,11.0,9.0,9
1396,1396,56,34,564250.0,137250.0,10560034,4,0,4,0,0,0,0,137250.0,564250.0,1396,2,2,3,2,2,2,4,3,3,2,2,3,0.0,0.0,0.0,0,0.0,0.0,8.0,9.0,8.0,11.0,9.0,9
1397,1397,56,35,564350.0,137250.0,10560035,4,0,4,0,0,0,0,137250.0,564350.0,1397,2,2,3,2,2,2,4,3,3,2,1,3,0.0,0.0,0.0,0,0.0,0.0,8.0,9.0,8.0,11.0,9.0,8
1398,1398,56,36,564450.0,137250.0,10560036,4,0,4,0,0,0,0,137250.0,564450.0,1398,2,1,3,2,2,2,4,3,3,3,1,3,0.0,0.0,0.0,0,0.0,0.0,7.0,9.0,8.0,11.0,10.0,8
1399,1399,56,37,564550.0,137250.0,10560037,4,0,4,0,0,0,0,137250.0,564550.0,1399,2,1,3,2,3,2,4,3,3,3,1,3,0.0,0.0,0.0,0,0.0,0.0,7.0,9.0,9.0,11.0,10.0,8
1400,1400,56,38,564650.0,137250.0,10560038,4,0,4,0,0,0,0,137250.0,564650.0,1400,2,1,3,2,3,2,4,3,3,3,1,3,0.0,0.0,0.0,0,0.0,0.0,7.0,9.0,9.0,11.0,10.0,8
1401,1401,56,39,564750.0,137250.0,10560039,4,0,4,0,0,0,0,137250.0,564750.0,1401,2,1,3,2,2,2,4,3,3,3,0,3,0.0,0.0,0.0,0,0.0,0.0,7.0,9.0,8.0,11.0,10.0,7
1402,1402,56,40,564850.0,137250.0,10560040,4,0,4,0,0,0,0,137250.0,564850.0,1402,1,1,3,2,2,3,4,3,3,3,0,3,0.0,0.0,0.0,0,0.0,0.0,6.0,9.0,9.0,11.0,10.0,7
1403,1403,56,41,564950.0,137250.0,10560041,4,0,3,0,0,0,0,137250.0,564950.0,1403,1,1,3,3,2,3,4,3,3,4,0,3,0.0,0.0,0.0,0,0.0,0.0,6.0,9.0,9.0,10.0,11.0,6
1404,1404,56,42,565050.0,137250.0,10560042,3,0,3,0,0,0,0,137250.0,565050.0,1404,1,1,1,3,2,3,4,3,3,4,0,3,0.0,0.0,0.0,0,0.0,0.0,5.0,7.0,8.0,10.0,10.0,6
1405,1405,56,43,565150.0,137250.0,10560043,3,0,3,0,0,0,0,137250.0,565150.0,1405,1,1,1,3,2,3,4,3,4,4,0,3,0.0,0.0,0.0,0,0.0,0.0,5.0,7.0,8.0,10.0,11.0,6
1406,1406,56,44,565250.0,137250.0,10560044,3,0,2,0,0,0,0,137250.0,565250.0,1406,1,1,1,3,2,3,4,3,4,4,0,3,0.0,0.0,0.0,0,0.0,0.0,5.0,6.0,8.0,9.0,11.0,5
1407,1407,56,45,565350.0,137250.0,10560045,2,0,2,0,0,0,0,137250.0,565350.0,1407,1,2,1,3,1,3,4,3,4,3,0,3,0.0,0.0,0.0,0,0.0,0.0,5.0,6.0,6.0,9.0,9.0,5
1408,1408,56,46,565450.0,137250.0,10560046,2,0,2,0,0,0,0,137250.0,565450.0,1408,1,3,0,4,1,3,4,3,4,3,0,3,0.0,0.0,0.0,0,0.0,0.0,6.0,6.0,6.0,9.0,9.0,5
1409,1409,56,47,565550.0,137250.0,10560047,2,0,2,0,0,0,0,137250.0,565550.0,1409,1,3,0,4,1,2,4,3,4,4,0,4,0.0,0.0,0.0,0,0.0,0.0,6.0,6.0,5.0,9.0,10.0,6
1410,1410,56,48,565650.0,137250.0,10560048,1,0,2,0,0,0,0,137250.0,565650.0,1410,1,4,0,4,1,2,4,3,3,4,0,3,0.0,0.0,0.0,0,2.5,0.0,8.5,6.0,4.0,9.0,8.0,5
1411,1411,56,49,565750.0,137250.0,10560049,1,0,2,0,0,0,0,137250.0,565750.0,1411,1,4,0,4,0,1,4,3,0,1,0,3,0.0,0.0,0.0,0,2.5,0.0,8.5,6.0,2.0,9.0,2.0,5
1412,1412,56,50,565850.0,137250.0,10560050,1,0,2,0,0,0,0,137250.0,565850.0,1412,1,4,0,4,0,1,4,3,0,1,0,3,0.0,0.0,0.0,0,2.5,0.0,8.5,6.0,2.0,9.0,2.0,5
1413,1413,56,51,565950.0,137250.0,10560051,0,0,2,0,0,0,0,137250.0,565950.0,1413,0,4,0,4,0,0,4,3,0,2,0,3,0.0,0.0,0.0,0,2.5,0.0,6.5,6.0,0.0,9.0,2.0,5
1414,1414,56,52,566050.0,137250.0,10560052,0,0,2,0,0,0,0,137250.0,566050.0,1414,0,4,0,3,0,0,0,3,0,3,0,1,0.0,0.0,0.0,0,2.5,0.0,6.5,5.0,0.0,5.0,3.0,3
1415,1415,56,53,566150.0,137250.0,10560053,0,0,2,0,0,0,0,137250.0,566150.0,1415,0,4,0,3,0,0,0,3,0,1,0,0,0.0,0.0,0.0,0,2.25,0.0,6.25,5.0,0.0,5.0,1.0,2
1416,1416,56,54,566250.0,137250.0,10560054,0,0,1,0,0,0,0,137250.0,566250.0,1416,0,1,0,3,0,0,0,3,0,1,0,0,0.0,0.0,0.0,0,2.25,0.0,3.25,4.0,0.0,4.0,1.0,1
1417,1417,56,55,566350.0,137250.0,10560055,0,0,1,0,0,0,0,137250.0,566350.0,1417,0,0,0,0,0,0,0,3,0,0,0,0,0.0,0.0,0.0,0,2.25,1.0,2.25,2.0,0.0,4.0,0.0,1
1418,1418,56,56,566450.0,137250.0,10560056,0,0,2,0,0,0,0,137250.0,566450.0,1418,0,0,0,0,0,0,0,4,0,0,0,0,0.0,0.0,0.0,0,2.25,2.5,2.25,4.5,0.0,6.0,0.0,2
1419,1419,56,57,566550.0,137250.0,10560057,0,0,2,0,0,0,0,137250.0,566550.0,1419,0,0,0,0,0,0,0,4,0,0,0,0,0.0,0.0,0.0,0,2.25,2.5,2.25,4.5,0.0,6.0,0.0,2
1420,1420,56,58,566650.0,137250.0,10560058,0,0,2,0,0,0,0,137250.0,566650.0,1420,0,0,0,0,0,0,0,0,0,0,0,0,0.0,0.0,0.0,0,2.5,2.5,2.5,4.5,0.0,2.0,0.0,2
1421,1421,56,59,566750.0,137250.0,10560059,0,0,1,0,0,0,0,137250.0,566750.0,1421,0,0,0,0,0,0,0,0,0,0,0,0,0.0,0.0,0.0,0,2.5,2.5,2.5,3.5,0.0,1.0,0.0,1
1422,1422,56,60,566850.0,137250.0,10560060,0,0,1,0,0,0,0,137250.0,566850.0,1422,1,0,0,0,0,0,0,0,0,0,0,0,0.0,0.0,0.0,0,2.5,2.5,3.5,3.5,0.0,1.0,0.0,1
1423,1423,56,61,566950.0,137250.0,10560061,0,0,0,0,0,0,0,137250.0,566950.0,1423,2,0,0,0,0,0,0,0,0,0,0,0,0.0,0.0,0.0,0,2.25,2.5,4.25,2.5,0.0,0.0,0.0,0
1424,1424,56,62,567050.0,137250.0,10560062,0,0,0,0,0,0,0,137250.0,567050.0,1424,2,0,0,0,0,0,0,0,0,0,0,0,0.0,0.0,0.0,0,2.25,2.25,4.25,2.25,0.0,0.0,0.0,0
1425,1425,56,63,567150.0,137250.0,10560063,0,0,0,0,0,0,0,137250.0,567150.0,1425,2,0,0,0,0,0,0,0,0,0,0,0,0.0,0.0,0.0,0,2.25,2.5,4.25,2.5,0.0,0.0,0.0,0
1426,1426,56,64,567250.0,137250.0,10560064,0,0,0,0,0,0,0,137250.0,567250.0,1426,3,0,0,0,0,0,0,0,0,0,0,0,0.0,0.0,0.0,0,2.25,2.5,5.25,2.5,0.0,0.0,0.0,0
1427,1427,56,65,567350.0,137250.0,10560065,0,0,1,0,0,0,0,137250.0,567350.0,1427,3,1,1,0,0,1,0,0,0,0,0,0,1.0,0.0,0.0,0,2.5,2.5,6.5,4.5,2.0,1.0,0.0,1
1428,1428,56,66,567450.0,137250.0,10560066,1,0,1,0,0,0,0,137250.0,567450.0,1428,4,1,4,0,0,1,0,0,0,0,1,0,1.0,0.0,0.0,0,2.5,2.5,8.5,7.5,3.0,1.0,1.0,2
1429,1429,56,67,567550.0,137250.0,10560067,1,1,1,0,0,0,0,137250.0,567550.0,1429,4,1,4,0,1,1,0,0,0,0,1,0,1.0,0.0,0.0,0,2.5,2.5,9.5,7.5,5.0,1.0,2.0,2
1430,1430,56,68,567650.0,137250.0,10560068,1,1,1,0,0,0,0,137250.0,567650.0,1430,4,1,4,0,1,1,0,0,0,0,1,0,1.75,0.0,0.0,0,2.5,2.5,9.5,7.5,5.75,1.0,2.0,2
1431,1431,56,69,567750.0,137250.0,10560069,2,2,0,1,0,0,0,137250.0,567750.0,1431,4,0,4,0,1,1,0,0,0,0,1,0,1.75,0.0,0.0,0,2.5,2.5,10.5,7.5,7.75,1.0,4.0,2
1432,1432,56,70,567850.0,137250.0,10560070,2,2,0,1,0,0,0,137250.0,567850.0,1432,4,0,4,0,1,0,0,0,0,1,1,0,1.75,0.0,0.0,0,2.5,2.5,10.5,7.5,6.75,1.0,5.0,2
1433,1433,56,71,567950.0,137250.0,10560071,2,1,0,2,0,0,0,137250.0,567950.0,1433,4,0,4,0,1,0,0,0,0,1,1,0,2.25,0.0,0.0,0,2.5,2.5,9.5,8.5,6.25,2.0,4.0,3
1434,1434,56,72,568050.0,137250.0,10560072,1,1,1,2,0,0,0,137250.0,568050.0,1434,4,0,4,0,1,0,0,0,0,0,1,0,2.25,0.0,0.0,0,2.5,2.5,8.5,9.5,5.25,3.0,2.0,4
1435,1435,56,73,568150.0,137250.0,10560073,1,2,1,1,0,0,0,137250.0,568150.0,1435,4,0,4,0,1,0,4,0,0,0,2,0,2.25,0.0,0.0,0,2.5,2.5,9.5,8.5,6.25,6.0,3.0,4
1436,1436,56,74,568250.0,137250.0,10560074,1,2,1,0,0,0,0,137250.0,568250.0,1436,4,0,4,0,1,0,4,0,0,0,2,0,2.5,0.0,0.0,0,2.5,2.5,9.5,7.5,6.5,5.0,3.0,3
1437,1437,56,75,568350.0,137250.0,10560075,1,3,2,0,0,0,0,137250.0,568350.0,1437,4,0,4,0,1,0,4,0,0,0,2,0,2.25,0.0,0.0,0,2.5,2.5,10.5,8.5,7.25,6.0,4.0,4
1438,1438,56,76,568450.0,137250.0,10560076,1,2,2,0,0,0,0,137250.0,568450.0,1438,4,0,4,0,1,0,4,0,0,0,2,0,1.0,0.0,0.0,0,2.5,2.5,9.5,8.5,5.0,6.0,3.0,4
1439,1439,56,77,568550.0,137250.0,10560077,0,1,1,0,0,0,0,137250.0,568550.0,1439,3,0,4,0,1,0,4,0,1,1,2,0,0.0,0.0,0.0,0,2.5,2.5,6.5,7.5,2.0,5.0,3.0,3
1440,1440,56,78,568650.0,137250.0,10560078,0,0,1,0,0,0,0,137250.0,568650.0,1440,3,0,4,0,1,0,0,4,1,1,1,0,0.0,0.0,0.0,0,2.25,2.5,5.25,7.5,1.0,5.0,2.0,2
1441,1441,56,79,568750.0,137250.0,10560079,0,0,0,0,0,0,0,137250.0,568750.0,1441,3,0,1,0,1,0,0,0,1,1,1,0,0.0,0.0,0.0,0,1.75,2.5,4.75,3.5,1.0,0.0,2.0,1
1442,1442,56,80,568850.0,137250.0,10560080,0,0,0,0,0,0,0,137250.0,568850.0,1442,3,0,0,0,1,0,0,0,1,1,1,0,0.0,0.0,0.0,0,1.75,2.5,4.75,2.5,1.0,0.0,2.0,1
1443,1443,56,81,568950.0,137250.0,10560081,1,0,0,0,0,0,0,137250.0,568950.0,1443,2,0,0,0,1,0,0,0,1,1,1,0,0.0,0.0,0.0,0,1.75,2.5,4.75,2.5,2.0,0.0,3.0,1
1444,1444,56,82,569050.0,137250.0,10560082,1,0,0,0,0,0,0,137250.0,569050.0,1444,2,0,0,0,1,1,0,0,2,1,1,0,0.0,0.0,0.0,0,1.75,2.5,4.75,2.5,3.0,0.0,4.0,1
1445,1445,56,83,569150.0,137250.0,10560083,2,0,1,0,0,0,0,137250.0,569150.0,1445,2,0,0,0,1,1,0,0,2,1,1,2,0.0,0.0,0.0,0,1.75,1.75,5.75,2.75,4.0,1.0,5.0,4
1446,1446,56,84,569250.0,137250.0,10560084,2,0,1,0,0,0,0,137250.0,569250.0,1446,1,0,0,0,2,1,0,0,2,1,0,4,0.0,0.0,0.0,0,1.75,1.0,4.75,2.0,5.0,1.0,5.0,5
1447,1447,56,85,569350.0,137250.0,10560085,3,0,0,0,0,0,0,137250.0,569350.0,1447,1,0,0,0,2,1,0,0,2,1,0,4,0.0,0.0,0.0,0,2.25,1.75,6.25,1.75,6.0,0.0,6.0,4
1448,1448,56,86,569450.0,137250.0,10560086,3,0,0,0,0,0,0,137250.0,569450.0,1448,1,0,0,0,2,1,0,0,2,1,0,4,0.0,0.0,0.0,0,1.25,2.5,5.25,2.5,6.0,0.0,6.0,4
1449,1449,56,87,569550.0,137250.0,10560087,4,0,0,0,0,0,0,137250.0,569550.0,1449,1,0,0,0,2,1,0,0,2,2,0,4,0.0,0.0,0.0,0,2.5,2.5,7.5,2.5,7.0,0.0,8.0,4
1450,1450,56,88,569650.0,137250.0,10560088,4,0,1,0,0,0,0,137250.0,569650.0,1450,0,0,0,0,2,1,0,0,2,2,0,4,0.0,0.0,0.0,0,2.5,2.5,6.5,3.5,7.0,1.0,8.0,5
1451,1451,56,89,569750.0,137250.0,10560089,3,0,1,0,0,0,0,137250.0,569750.0,1451,0,0,0,3,2,1,0,0,2,2,0,4,0.0,0.0,0.0,0,2.5,2.5,5.5,6.5,6.0,1.0,7.0,5
1452,1452,56,90,569850.0,137250.0,10560090,3,0,1,0,0,0,0,137250.0,569850.0,1452,0,0,0,4,2,2,0,4,2,2,0,4,0.0,0.0,0.0,0,2.5,2.5,5.5,7.5,7.0,5.0,7.0,5
1453,1453,56,91,569950.0,137250.0,10560091,2,0,0,0,0,0,0,137250.0,569950.0,1453,0,0,0,4,2,2,0,4,1,3,0,4,0.0,0.0,0.0,0,2.5,2.5,4.5,6.5,6.0,4.0,6.0,4
1454,1454,56,92,570050.0,137250.0,10560092,2,0,0,0,0,0,0,137250.0,570050.0,1454,0,0,0,4,2,2,0,4,1,3,0,4,0.0,0.0,0.0,0,2.5,2.5,4.5,6.5,6.0,4.0,6.0,4
1455,1455,56,93,570150.0,137250.0,10560093,2,0,1,0,0,0,0,137250.0,570150.0,1455,0,0,0,4,2,2,0,4,1,3,0,4,0.0,0.0,0.0,0,2.5,2.5,4.5,7.5,6.0,5.0,6.0,5
1456,1456,56,94,570250.0,137250.0,10560094,1,0,1,0,0,0,0,137250.0,570250.0,1456,0,0,0,3,2,3,0,4,1,3,0,4,0.0,0.0,0.0,0,2.5,2.5,3.5,6.5,6.0,5.0,5.0,5
1457,1457,56,95,570350.0,137250.0,10560095,1,0,1,0,0,0,0,137250.0,570350.0,1457,0,0,0,3,2,3,0,3,1,4,0,4,0.0,0.0,0.0,0,2.5,2.5,3.5,6.5,6.0,4.0,6.0,5
1458,1458,56,96,570450.0,137250.0,10560096,1,0,2,0,0,0,0,137250.0,570450.0,1458,1,0,0,3,2,3,4,3,1,3,0,4,0.0,0.0,0.0,0,2.5,2.5,4.5,7.5,6.0,9.0,5.0,6
1459,1459,56,97,570550.0,137250.0,10560097,1,0,2,0,0,0,0,137250.0,570550.0,1459,1,0,0,3,2,3,4,3,1,3,0,4,0.0,0.0,0.0,0,2.5,0.75,4.5,5.75,6.0,9.0,5.0,6
1460,1460,56,98,570650.0,137250.0,10560098,2,0,3,0,0,0,0,137250.0,570650.0,1460,2,1,0,3,1,3,4,3,1,3,0,4,0.0,0.0,0.0,0,2.5,0.0,7.5,6.0,6.0,10.0,6.0,7
1461,1461,56,99,570750.0,137250.0,10560099,2,0,3,0,0,0,0,137250.0,570750.0,1461,2,1,0,3,1,3,4,3,1,3,0,4,0.0,0.0,0.0,0,2.5,0.0,7.5,6.0,6.0,10.0,6.0,7
1462,1462,56,100,570850.0,137250.0,10560100,2,0,3,0,0,0,0,137250.0,570850.0,1462,1,1,1,2,1,2,4,3,1,3,0,4,0.0,0.0,0.0,0,2.5,0.0,6.5,6.0,5.0,10.0,6.0,7
1463,1463,56,101,570950.0,137250.0,10560101,2,0,2,0,0,0,0,137250.0,570950.0,1463,1,2,1,2,1,2,4,3,0,3,0,4,0.0,0.0,0.0,0,2.5,0.0,7.5,5.0,5.0,9.0,5.0,6
1464,1464,56,102,571050.0,137250.0,10560102,2,0,2,0,0,0,0,137250.0,571050.0,1464,1,3,1,1,0,1,4,3,0,3,0,4,0.0,0.0,0.0,0,2.5,0.0,8.5,4.0,3.0,9.0,5.0,6
1465,1465,56,103,571150.0,137250.0,10560103,1,0,1,0,0,0,0,137250.0,571150.0,1465,0,3,1,1,0,1,4,3,0,4,0,4,0.0,0.0,0.0,0,2.5,0.0,6.5,3.0,2.0,8.0,5.0,5
1466,1466,56,104,571250.0,137250.0,10560104,1,0,1,0,0,0,0,137250.0,571250.0,1466,0,3,2,1,0,1,4,3,0,4,1,4,0.0,0.0,0.0,0,2.5,0.0,6.5,4.0,2.0,8.0,5.0,6
1467,1467,56,105,571350.0,137250.0,10560105,1,0,1,0,0,0,0,137250.0,571350.0,1467,0,3,3,1,0,1,4,3,0,4,1,3,0.0,0.0,0.0,0,2.5,0.0,6.5,5.0,2.0,8.0,5.0,5
1468,1468,56,106,571450.0,137250.0,10560106,0,0,0,0,0,0,0,137250.0,571450.0,1468,0,3,3,1,0,1,4,3,0,4,1,3,0.0,0.0,0.0,0,2.5,0.0,5.5,4.0,1.0,7.0,4.0,4
1469,1469,56,107,571550.0,137250.0,10560107,1,0,1,0,0,0,0,137250.0,571550.0,1469,0,3,3,1,0,1,4,3,0,4,1,3,0.0,0.0,0.0,0,2.5,0.0,6.5,5.0,2.0,8.0,5.0,5
1470,1470,56,108,571650.0,137250.0,10560108,1,0,1,0,0,0,0,137250.0,571650.0,1470,0,3,3,1,0,1,4,3,0,4,1,3,0.0,0.0,0.0,0,2.5,0.0,6.5,5.0,2.0,8.0,5.0,5
1471,1471,56,109,571750.0,137250.0,10560109,1,0,1,0,0,0,0,137250.0,571750.0,1471,1,3,3,1,0,1,4,3,1,4,1,3,0.0,0.0,0.0,0,2.5,0.0,7.5,5.0,2.0,8.0,6.0,5
1472,1472,56,110,571850.0,137250.0,10560110,2,0,2,0,0,0,0,137250.0,571850.0,1472,1,3,3,1,0,1,4,3,1,4,2,3,0.0,0.0,0.0,0,2.25,0.0,8.25,6.0,3.0,9.0,7.0,7
1473,1473,56,111,571950.0,137250.0,10560111,2,0,2,0,0,0,0,137250.0,571950.0,1473,1,3,3,1,1,2,4,3,1,3,2,3,0.0,0.0,0.0,0,1.75,0.0,7.75,6.0,5.0,9.0,6.0,7
1474,1474,56,112,572050.0,137250.0,10560112,3,0,3,0,0,0,0,137250.0,572050.0,1474,2,3,3,1,1,2,4,3,2,3,2,3,0.0,0.0,0.0,0,0.0,0.0,8.0,7.0,6.0,10.0,8.0,8
1475,1475,56,113,572150.0,137250.0,10560113,3,0,3,0,0,0,0,137250.0,572150.0,1475,2,2,3,1,1,3,4,3,2,3,2,3,0.0,0.0,0.0,0,0.0,0.0,7.0,7.0,7.0,10.0,8.0,8
1476,1476,57,32,564050.0,137150.0,10570032,4,0,4,0,0,0,0,137150.0,564050.0,1476,3,2,2,2,3,2,4,3,3,2,2,3,0.0,0.0,0.0,0,0.0,0.0,9.0,8.0,9.0,11.0,9.0,9
1477,1477,57,33,564150.0,137150.0,10570033,4,0,4,0,0,0,0,137150.0,564150.0,1477,3,2,3,2,3,3,4,3,3,2,2,3,0.0,0.0,0.0,0,0.0,0.0,9.0,9.0,10.0,11.0,9.0,9
1478,1478,57,34,564250.0,137150.0,10570034,4,0,4,0,0,0,0,137150.0,564250.0,1478,2,2,3,2,3,2,4,3,3,2,2,3,0.0,0.0,0.0,0,0.0,0.0,8.0,9.0,9.0,11.0,9.0,9
1479,1479,57,35,564350.0,137150.0,10570035,4,0,4,0,0,0,0,137150.0,564350.0,1479,2,2,3,2,3,2,4,3,3,2,1,3,0.0,0.0,0.0,0,0.0,0.0,8.0,9.0,9.0,11.0,9.0,8
1480,1480,57,36,564450.0,137150.0,10570036,4,0,4,0,0,0,0,137150.0,564450.0,1480,2,1,3,2,3,2,4,3,3,3,1,3,0.0,0.0,0.0,0,0.0,0.0,7.0,9.0,9.0,11.0,10.0,8
1481,1481,57,37,564550.0,137150.0,10570037,4,0,4,0,0,0,0,137150.0,564550.0,1481,2,1,3,2,3,2,4,3,3,3,1,3,0.0,0.0,0.0,0,0.0,0.0,7.0,9.0,9.0,11.0,10.0,8
1482,1482,57,38,564650.0,137150.0,10570038,4,0,4,0,0,0,0,137150.0,564650.0,1482,2,1,3,2,3,2,4,3,3,3,1,3,0.0,0.0,0.0,0,0.0,0.0,7.0,9.0,9.0,11.0,10.0,8
1483,1483,57,39,564750.0,137150.0,10570039,4,0,4,0,0,0,0,137150.0,564750.0,1483,2,1,3,2,2,3,4,3,3,3,0,3,0.0,0.0,0.0,0,0.0,0.0,7.0,9.0,9.0,11.0,10.0,7
1484,1484,57,40,564850.0,137150.0,10570040,4,0,4,0,0,0,0,137150.0,564850.0,1484,1,1,3,3,2,3,4,3,3,3,0,3,0.0,0.0,0.0,0,0.0,0.0,6.0,10.0,9.0,11.0,10.0,7
1485,1485,57,41,564950.0,137150.0,10570041,4,0,4,0,0,0,0,137150.0,564950.0,1485,1,1,2,3,2,3,4,3,3,4,0,3,0.0,0.0,0.0,0,0.0,0.0,6.0,9.0,9.0,11.0,11.0,7
1486,1486,57,42,565050.0,137150.0,10570042,3,0,3,0,0,0,0,137150.0,565050.0,1486,1,1,1,3,2,3,4,3,4,4,0,3,0.0,0.0,0.0,0,0.0,0.0,5.0,7.0,8.0,10.0,11.0,6
1487,1487,57,43,565150.0,137150.0,10570043,3,0,3,0,0,0,0,137150.0,565150.0,1487,1,1,1,3,2,3,4,3,4,4,0,3,0.0,0.0,0.0,0,0.0,0.0,5.0,7.0,8.0,10.0,11.0,6
1488,1488,57,44,565250.0,137150.0,10570044,2,0,3,0,0,0,0,137150.0,565250.0,1488,1,1,1,3,2,3,4,3,4,3,0,3,0.0,0.0,0.0,0,0.0,0.0,4.0,7.0,7.0,10.0,9.0,6
1489,1489,57,45,565350.0,137150.0,10570045,2,0,2,0,0,0,0,137150.0,565350.0,1489,1,2,0,3,1,3,4,3,4,3,0,3,0.0,0.0,0.0,0,0.0,0.0,5.0,5.0,6.0,9.0,9.0,5
1490,1490,57,46,565450.0,137150.0,10570046,2,0,2,0,0,0,0,137150.0,565450.0,1490,1,3,0,4,1,3,4,3,4,3,0,3,0.0,0.0,0.0,0,0.0,0.0,6.0,6.0,6.0,9.0,9.0,5
1491,1491,57,47,565550.0,137150.0,10570047,1,0,2,0,0,0,0,137150.0,565550.0,1491,1,4,0,4,1,2,4,3,4,4,0,4,0.0,0.0,0.0,0,0.0,0.0,6.0,6.0,4.0,9.0,9.0,6
1492,1492,57,48,565650.0,137150.0,10570048,1,0,2,0,0,0,0,137150.0,565650.0,1492,1,4,0,4,1,2,4,3,0,4,0,3,0.0,0.0,0.0,0,1.25,0.0,7.25,6.0,4.0,9.0,5.0,5
1493,1493,57,49,565750.0,137150.0,10570049,1,0,2,0,0,0,0,137150.0,565750.0,1493,1,4,0,4,0,2,4,3,0,1,0,3,0.0,0.0,0.0,0,2.5,0.0,8.5,6.0,3.0,9.0,2.0,5
1494,1494,57,50,565850.0,137150.0,10570050,1,0,2,0,0,0,0,137150.0,565850.0,1494,1,4,0,4,0,1,4,3,0,1,0,3,0.0,0.0,0.0,0,2.5,0.0,8.5,6.0,2.0,9.0,2.0,5
1495,1495,57,51,565950.0,137150.0,10570051,0,0,2,0,0,0,0,137150.0,565950.0,1495,0,4,0,3,0,0,0,3,0,1,0,2,0.0,0.0,0.0,0,2.5,0.0,6.5,5.0,0.0,5.0,1.0,4
1496,1496,57,52,566050.0,137150.0,10570052,0,0,2,0,0,0,0,137150.0,566050.0,1496,0,4,0,3,0,0,0,3,0,2,0,1,0.0,0.0,0.0,0,2.5,0.0,6.5,5.0,0.0,5.0,2.0,3
1497,1497,57,53,566150.0,137150.0,10570053,0,0,2,0,0,0,0,137150.0,566150.0,1497,0,3,0,3,0,0,0,3,0,1,0,0,0.0,0.0,0.0,0,2.5,0.0,5.5,5.0,0.0,5.0,1.0,2
1498,1498,57,54,566250.0,137150.0,10570054,0,0,2,0,0,0,0,137150.0,566250.0,1498,0,0,0,1,0,0,0,3,0,0,0,0,0.0,0.0,0.0,0,2.5,0.0,2.5,3.0,0.0,5.0,0.0,2
1499,1499,57,55,566350.0,137150.0,10570055,0,0,2,0,0,0,0,137150.0,566350.0,1499,0,0,0,0,0,0,0,3,0,0,0,0,0.0,0.0,0.0,0,2.5,0.0,2.5,2.0,0.0,5.0,0.0,2
1500,1500,57,56,566450.0,137150.0,10570056,0,0,2,0,0,0,0,137150.0,566450.0,1500,0,0,0,0,0,0,0,4,0,0,0,0,0.0,0.0,0.0,0,2.5,2.5,2.5,4.5,0.0,6.0,0.0,2
1501,1501,57,57,566550.0,137150.0,10570057,1,0,2,0,0,0,0,137150.0,566550.0,1501,1,0,0,0,0,0,0,0,0,0,0,0,0.0,0.0,0.0,0,2.25,2.5,4.25,4.5,1.0,2.0,1.0,2
1502,1502,57,58,566650.0,137150.0,10570058,0,0,1,0,0,0,0,137150.0,566650.0,1502,1,0,0,0,0,0,0,0,0,0,0,0,0.0,0.0,0.0,0,2.5,2.5,3.5,3.5,0.0,1.0,0.0,1
1503,1503,57,59,566750.0,137150.0,10570059,0,0,1,0,0,0,0,137150.0,566750.0,1503,1,0,0,0,0,0,0,0,0,0,0,0,0.0,0.0,0.0,0,2.5,2.5,3.5,3.5,0.0,1.0,0.0,1
1504,1504,57,60,566850.0,137150.0,10570060,0,0,1,0,0,0,0,137150.0,566850.0,1504,1,0,0,0,0,0,0,0,0,0,0,0,0.0,0.0,0.0,0,2.5,2.5,3.5,3.5,0.0,1.0,0.0,1
1505,1505,57,61,566950.0,137150.0,10570061,0,0,1,0,0,0,0,137150.0,566950.0,1505,2,0,0,0,0,0,0,0,0,0,0,0,0.0,0.0,0.0,0,2.5,2.5,4.5,3.5,0.0,1.0,0.0,1
1506,1506,57,62,567050.0,137150.0,10570062,0,0,0,0,0,0,0,137150.0,567050.0,1506,3,0,0,0,0,0,0,0,0,0,0,0,0.0,0.0,0.0,0,2.25,2.5,5.25,2.5,0.0,0.0,0.0,0
1507,1507,57,63,567150.0,137150.0,10570063,0,0,0,0,0,0,0,137150.0,567150.0,1507,3,0,0,0,0,0,0,0,0,0,0,0,0.0,0.0,0.0,0,2.25,2.5,5.25,2.5,0.0,0.0,0.0,0
1508,1508,57,64,567250.0,137150.0,10570064,0,0,0,0,0,0,0,137150.0,567250.0,1508,3,0,0,0,0,0,0,0,0,0,0,0,0.0,0.0,0.0,0,2.25,2.5,5.25,2.5,0.0,0.0,0.0,0
1509,1509,57,65,567350.0,137150.0,10570065,0,0,0,0,0,0,0,137150.0,567350.0,1509,4,1,2,0,0,1,0,0,0,0,0,0,1.0,0.0,0.0,0,2.5,2.5,7.5,4.5,2.0,0.0,0.0,0
1510,1510,57,66,567450.0,137150.0,10570066,1,0,1,0,0,0,0,137150.0,567450.0,1510,4,1,4,0,0,1,0,0,0,0,1,0,1.0,1.0,0.0,0,2.5,2.5,8.5,7.5,3.0,2.0,1.0,2
1511,1511,57,67,567550.0,137150.0,10570067,1,1,1,0,0,0,0,137150.0,567550.0,1511,4,1,4,0,1,1,0,0,0,0,1,0,1.0,0.0,0.0,0,2.5,2.5,9.5,7.5,5.0,1.0,2.0,2
1512,1512,57,68,567650.0,137150.0,10570068,1,2,1,0,0,0,0,137150.0,567650.0,1512,4,0,4,0,1,1,0,0,0,0,1,0,1.0,0.0,0.0,0,2.5,2.5,9.5,7.5,6.0,1.0,3.0,2
1513,1513,57,69,567750.0,137150.0,10570069,1,3,0,0,0,0,0,137150.0,567750.0,1513,4,0,4,0,1,1,0,0,0,0,1,0,1.75,0.0,0.0,0,2.5,2.5,10.5,6.5,7.75,0.0,4.0,1
1514,1514,57,70,567850.0,137150.0,10570070,2,2,0,1,0,0,0,137150.0,567850.0,1514,4,0,4,0,1,1,0,0,0,0,1,0,1.75,0.0,0.0,0,2.5,2.5,10.5,7.5,7.75,1.0,4.0,2
1515,1515,57,71,567950.0,137150.0,10570071,2,2,0,1,0,0,0,137150.0,567950.0,1515,4,0,2,0,1,1,0,0,0,0,2,0,2.25,0.0,0.0,0,2.5,2.5,10.5,5.5,8.25,1.0,4.0,3
1516,1516,57,72,568050.0,137150.0,10570072,2,1,0,1,0,0,0,137150.0,568050.0,1516,4,0,2,0,1,0,0,0,0,0,2,0,2.25,0.0,0.0,0,2.5,2.5,9.5,5.5,6.25,1.0,3.0,3
1517,1517,57,73,568150.0,137150.0,10570073,2,1,1,1,0,0,0,137150.0,568150.0,1517,4,0,3,0,1,0,0,0,0,0,2,0,2.25,0.0,0.0,0,2.5,2.5,9.5,7.5,6.25,2.0,3.0,4
1518,1518,57,74,568250.0,137150.0,10570074,2,2,1,0,0,0,0,137150.0,568250.0,1518,4,0,4,0,1,0,4,0,0,0,2,0,2.25,0.0,0.0,0,2.5,2.5,10.5,7.5,7.25,5.0,4.0,3
1519,1519,57,75,568350.0,137150.0,10570075,1,2,2,0,0,0,0,137150.0,568350.0,1519,4,0,4,0,1,0,4,0,0,0,2,0,1.75,0.0,0.0,0,2.5,2.5,9.5,8.5,5.75,6.0,3.0,4
1520,1520,57,76,568450.0,137150.0,10570076,1,2,2,0,0,0,0,137150.0,568450.0,1520,4,0,4,0,1,0,4,0,0,0,2,0,1.0,0.0,0.0,0,2.5,2.5,9.5,8.5,5.0,6.0,3.0,4
1521,1521,57,77,568550.0,137150.0,10570077,0,1,1,0,0,0,0,137150.0,568550.0,1521,3,0,4,0,1,0,4,0,1,1,2,0,0.0,0.0,0.0,0,2.5,2.5,6.5,7.5,2.0,5.0,3.0,3
1522,1522,57,78,568650.0,137150.0,10570078,0,0,1,0,0,0,0,137150.0,568650.0,1522,3,0,4,0,1,0,0,4,1,1,2,0,0.0,0.0,0.0,0,2.5,2.5,5.5,7.5,1.0,5.0,2.0,3
1523,1523,57,79,568750.0,137150.0,10570079,0,0,1,0,0,0,0,137150.0,568750.0,1523,3,0,1,0,1,0,0,0,1,1,2,0,0.0,0.0,0.0,0,1.75,2.5,4.75,4.5,1.0,1.0,2.0,3
1524,1524,57,80,568850.0,137150.0,10570080,0,0,0,0,0,0,0,137150.0,568850.0,1524,2,0,0,0,1,0,0,0,1,1,1,0,0.0,0.0,0.0,0,1.75,2.5,3.75,2.5,1.0,0.0,2.0,1
1525,1525,57,81,568950.0,137150.0,10570081,1,0,0,0,0,0,0,137150.0,568950.0,1525,2,0,0,0,1,1,0,0,1,1,1,0,0.0,0.0,0.0,0,1.75,2.5,4.75,2.5,3.0,0.0,3.0,1
1526,1526,57,82,569050.0,137150.0,10570082,1,0,0,0,0,0,0,137150.0,569050.0,1526,1,0,0,0,1,1,0,0,1,1,1,1,0.0,0.0,0.0,0,1.75,2.5,3.75,2.5,3.0,0.0,3.0,2
1527,1527,57,83,569150.0,137150.0,10570083,2,0,1,0,0,0,0,137150.0,569150.0,1527,1,0,0,0,1,1,0,0,1,1,1,3,0.0,0.0,0.0,0,2.25,2.5,5.25,3.5,4.0,1.0,4.0,5
1528,1528,57,84,569250.0,137150.0,10570084,2,0,0,0,0,0,0,137150.0,569250.0,1528,1,0,0,0,1,1,0,0,1,1,1,4,0.0,0.0,0.0,0,2.25,1.75,5.25,1.75,4.0,0.0,4.0,5
1529,1529,57,85,569350.0,137150.0,10570085,3,0,0,0,0,0,0,137150.0,569350.0,1529,0,0,0,0,2,1,0,0,2,1,0,4,0.0,0.0,0.0,0,2.5,2.5,5.5,2.5,6.0,0.0,6.0,4
1530,1530,57,86,569450.0,137150.0,10570086,3,0,0,0,0,0,0,137150.0,569450.0,1530,0,0,0,0,2,1,0,0,2,1,0,4,0.0,0.0,0.0,0,2.5,2.5,5.5,2.5,6.0,0.0,6.0,4
1531,1531,57,87,569550.0,137150.0,10570087,4,0,0,0,0,0,0,137150.0,569550.0,1531,0,0,0,0,2,1,0,0,2,1,0,4,0.0,0.0,0.0,0,2.5,2.5,6.5,2.5,7.0,0.0,7.0,4
1532,1532,57,88,569650.0,137150.0,10570088,3,0,1,0,0,0,0,137150.0,569650.0,1532,0,0,0,3,2,1,0,0,2,2,0,4,0.0,0.0,0.0,0,2.5,2.5,5.5,6.5,6.0,1.0,7.0,5
1533,1533,57,89,569750.0,137150.0,10570089,3,0,1,0,0,0,0,137150.0,569750.0,1533,0,0,0,3,2,2,0,0,1,2,0,4,0.0,0.0,0.0,0,2.5,2.5,5.5,6.5,7.0,1.0,6.0,5
1534,1534,57,90,569850.0,137150.0,10570090,2,0,1,0,0,0,0,137150.0,569850.0,1534,0,0,0,3,2,2,0,4,1,2,0,4,0.0,0.0,0.0,0,2.5,2.5,4.5,6.5,6.0,5.0,5.0,5
1535,1535,57,91,569950.0,137150.0,10570091,2,0,1,0,0,0,0,137150.0,569950.0,1535,0,0,0,3,2,2,0,4,1,3,0,4,0.0,0.0,0.0,0,2.5,2.5,4.5,6.5,6.0,5.0,6.0,5
1536,1536,57,92,570050.0,137150.0,10570092,2,0,1,0,0,0,0,137150.0,570050.0,1536,0,0,0,4,2,2,0,4,1,3,0,4,0.0,0.0,0.0,0,2.5,2.5,4.5,7.5,6.0,5.0,6.0,5
1537,1537,57,93,570150.0,137150.0,10570093,1,0,1,0,0,0,0,137150.0,570150.0,1537,0,0,0,3,2,3,0,4,1,3,0,4,0.0,0.0,0.0,0,2.5,2.5,3.5,6.5,6.0,5.0,5.0,5
1538,1538,57,94,570250.0,137150.0,10570094,1,0,1,0,0,0,0,137150.0,570250.0,1538,0,0,0,3,2,3,0,4,1,4,0,4,0.0,0.0,0.0,0,2.5,2.5,3.5,6.5,6.0,5.0,6.0,5
1539,1539,57,95,570350.0,137150.0,10570095,1,0,2,0,0,0,0,137150.0,570350.0,1539,0,0,0,3,2,3,0,3,0,4,0,4,0.0,0.0,0.0,0,2.5,2.5,3.5,7.5,6.0,5.0,5.0,6
1540,1540,57,96,570450.0,137150.0,10570096,1,0,2,0,0,0,0,137150.0,570450.0,1540,1,0,0,3,2,4,4,3,0,4,0,4,0.0,0.0,0.0,0,2.5,2.5,4.5,7.5,7.0,9.0,5.0,6
1541,1541,57,97,570550.0,137150.0,10570097,1,0,3,0,0,0,0,137150.0,570550.0,1541,1,0,0,3,2,4,4,3,0,4,0,4,0.0,0.0,0.0,0,2.5,1.5,4.5,7.5,7.0,10.0,5.0,7
1542,1542,57,98,570650.0,137150.0,10570098,1,0,3,0,0,0,0,137150.0,570650.0,1542,2,1,0,3,1,3,4,3,0,3,0,4,0.0,0.0,0.0,0,2.5,0.25,6.5,6.25,5.0,10.0,4.0,7
1543,1543,57,99,570750.0,137150.0,10570099,2,0,3,0,0,0,0,137150.0,570750.0,1543,2,1,1,3,1,3,4,3,0,3,0,4,0.0,0.0,0.0,0,2.5,0.0,7.5,7.0,6.0,10.0,5.0,7
1544,1544,57,100,570850.0,137150.0,10570100,2,0,3,0,0,0,0,137150.0,570850.0,1544,2,1,1,2,1,2,4,3,1,3,0,4,0.0,0.0,0.0,0,2.5,0.0,7.5,6.0,5.0,10.0,6.0,7
1545,1545,57,101,570950.0,137150.0,10570101,2,0,2,0,0,0,0,137150.0,570950.0,1545,1,1,1,2,1,2,4,3,1,3,0,4,0.0,0.0,0.0,0,2.5,0.0,6.5,5.0,5.0,9.0,6.0,6
1546,1546,57,102,571050.0,137150.0,10570102,2,0,2,0,0,0,0,137150.0,571050.0,1546,1,2,1,1,1,2,4,3,0,3,0,4,0.0,0.0,0.0,0,2.5,0.0,7.5,4.0,5.0,9.0,5.0,6
1547,1547,57,103,571150.0,137150.0,10570103,2,0,2,0,0,0,0,137150.0,571150.0,1547,1,3,1,1,0,1,4,3,0,3,1,4,0.0,0.0,0.0,0,2.5,0.0,8.5,4.0,3.0,9.0,5.0,7
1548,1548,57,104,571250.0,137150.0,10570104,1,0,1,0,0,0,0,137150.0,571250.0,1548,0,3,2,1,0,1,4,3,0,3,1,4,0.0,0.0,0.0,0,2.5,0.0,6.5,4.0,2.0,8.0,4.0,6
1549,1549,57,105,571350.0,137150.0,10570105,1,0,1,0,0,0,0,137150.0,571350.0,1549,0,3,3,1,0,1,4,3,0,4,1,3,0.0,0.0,0.0,0,2.5,0.0,6.5,5.0,2.0,8.0,5.0,5
1550,1550,57,106,571450.0,137150.0,10570106,1,0,1,0,0,0,0,137150.0,571450.0,1550,0,3,3,1,0,1,4,3,0,4,1,3,0.0,0.0,0.0,0,2.5,0.0,6.5,5.0,2.0,8.0,5.0,5
1551,1551,57,107,571550.0,137150.0,10570107,1,0,1,0,0,0,0,137150.0,571550.0,1551,0,3,3,1,0,1,4,3,0,4,1,3,0.0,0.0,0.0,0,2.5,0.0,6.5,5.0,2.0,8.0,5.0,5
1552,1552,57,108,571650.0,137150.0,10570108,1,0,1,0,0,0,0,137150.0,571650.0,1552,1,3,3,1,0,1,4,3,1,4,1,3,0.0,0.0,0.0,0,2.5,0.0,7.5,5.0,2.0,8.0,6.0,5
1553,1553,57,109,571750.0,137150.0,10570109,2,0,2,0,0,0,0,137150.0,571750.0,1553,1,3,3,1,0,2,4,3,1,4,2,3,0.0,0.0,0.0,0,2.5,0.0,8.5,6.0,4.0,9.0,7.0,7
1554,1554,57,110,571850.0,137150.0,10570110,2,0,2,0,0,0,0,137150.0,571850.0,1554,1,3,3,1,1,2,4,3,1,3,2,3,0.0,0.0,0.0,0,2.25,0.0,8.25,6.0,5.0,9.0,6.0,7
1555,1555,57,111,571950.0,137150.0,10570111,2,0,2,0,0,0,0,137150.0,571950.0,1555,1,2,3,1,1,2,4,3,2,3,2,3,0.0,0.0,0.0,0,2.25,0.0,7.25,6.0,5.0,9.0,7.0,7
1556,1556,57,112,572050.0,137150.0,10570112,3,0,3,0,0,0,0,137150.0,572050.0,1556,2,2,3,1,1,2,4,3,2,3,2,3,0.0,0.0,0.0,0,0.0,0.0,7.0,7.0,6.0,10.0,8.0,8
1557,1557,57,113,572150.0,137150.0,10570113,3,0,3,0,0,0,0,137150.0,572150.0,1557,2,2,3,1,1,3,4,3,2,3,2,3,0.0,0.0,0.0,0,0.0,0.0,7.0,7.0,7.0,10.0,8.0,8
1558,1558,58,32,564050.0,137050.0,10580032,4,0,4,0,0,0,0,137050.0,564050.0,1558,3,2,2,2,3,2,4,3,3,2,2,3,0.0,0.0,0.0,0,0.0,0.0,9.0,8.0,9.0,11.0,9.0,9
1559,1559,58,33,564150.0,137050.0,10580033,4,0,4,0,0,0,0,137050.0,564150.0,1559,3,2,3,2,3,3,4,3,3,2,2,3,0.0,0.0,0.0,0,0.0,0.0,9.0,9.0,10.0,11.0,9.0,9
1560,1560,58,34,564250.0,137050.0,10580034,4,0,4,0,0,0,0,137050.0,564250.0,1560,2,2,3,2,3,2,4,3,3,2,2,3,0.0,0.0,0.0,0,0.0,0.0,8.0,9.0,9.0,11.0,9.0,9
1561,1561,58,35,564350.0,137050.0,10580035,4,0,4,0,0,0,0,137050.0,564350.0,1561,2,2,3,2,3,2,4,3,3,2,1,3,0.0,0.0,0.0,0,0.0,0.0,8.0,9.0,9.0,11.0,9.0,8
1562,1562,58,36,564450.0,137050.0,10580036,4,0,4,0,0,0,0,137050.0,564450.0,1562,2,1,3,2,3,2,4,3,3,3,1,3,0.0,0.0,0.0,0,0.0,0.0,7.0,9.0,9.0,11.0,10.0,8
1563,1563,58,37,564550.0,137050.0,10580037,4,0,4,0,0,0,0,137050.0,564550.0,1563,2,1,3,2,3,2,4,3,3,3,1,3,0.0,0.0,0.0,0,0.0,0.0,7.0,9.0,9.0,11.0,10.0,8
1564,1564,58,38,564650.0,137050.0,10580038,4,0,4,0,0,0,0,137050.0,564650.0,1564,2,1,3,2,3,2,4,3,3,3,1,3,0.0,0.0,0.0,0,0.0,0.0,7.0,9.0,9.0,11.0,10.0,8
1565,1565,58,39,564750.0,137050.0,10580039,4,0,4,0,0,0,0,137050.0,564750.0,1565,2,1,3,2,3,3,4,3,3,3,0,3,0.0,0.0,0.0,0,0.0,0.0,7.0,9.0,10.0,11.0,10.0,7
1566,1566,58,40,564850.0,137050.0,10580040,4,0,4,0,0,0,0,137050.0,564850.0,1566,2,1,3,3,2,3,4,3,3,3,0,3,0.0,0.0,0.0,0,0.0,0.0,7.0,10.0,9.0,11.0,10.0,7
1567,1567,58,41,564950.0,137050.0,10580041,4,0,4,0,0,0,0,137050.0,564950.0,1567,1,1,2,3,2,3,4,3,3,4,0,3,0.0,0.0,0.0,0,0.0,0.0,6.0,9.0,9.0,11.0,11.0,7
1568,1568,58,42,565050.0,137050.0,10580042,3,0,4,0,0,0,0,137050.0,565050.0,1568,1,1,1,3,2,3,4,3,4,4,0,3,0.0,0.0,0.0,0,0.0,0.0,5.0,8.0,8.0,11.0,11.0,7
1569,1569,58,43,565150.0,137050.0,10580043,3,0,3,0,0,0,0,137050.0,565150.0,1569,1,1,1,3,2,3,4,3,4,4,0,3,0.0,0.0,0.0,0,0.0,0.0,5.0,7.0,8.0,10.0,11.0,6
1570,1570,58,44,565250.0,137050.0,10580044,2,0,3,0,0,0,0,137050.0,565250.0,1570,1,2,1,3,2,3,4,3,4,3,0,3,0.0,0.0,0.0,0,0.0,0.0,5.0,7.0,7.0,10.0,9.0,6
1571,1571,58,45,565350.0,137050.0,10580045,2,0,3,0,0,0,0,137050.0,565350.0,1571,2,3,0,3,1,3,4,3,4,3,0,3,0.0,0.0,0.0,0,0.0,0.0,7.0,6.0,6.0,10.0,9.0,6
1572,1572,58,46,565450.0,137050.0,10580046,1,0,3,0,0,0,0,137050.0,565450.0,1572,2,3,0,4,1,3,4,3,4,3,0,4,0.0,0.0,0.0,0,0.0,0.0,6.0,7.0,5.0,10.0,8.0,7
1573,1573,58,47,565550.0,137050.0,10580047,1,0,3,0,0,0,0,137050.0,565550.0,1573,2,4,0,4,1,3,4,3,3,4,0,4,0.0,0.0,0.0,0,0.0,0.0,7.0,7.0,5.0,10.0,8.0,7
1574,1574,58,48,565650.0,137050.0,10580048,0,0,2,0,0,0,0,137050.0,565650.0,1574,1,4,0,4,1,2,4,3,0,1,0,3,0.0,0.0,0.0,0,1.0,0.0,6.0,6.0,3.0,9.0,1.0,5
1575,1575,58,49,565750.0,137050.0,10580049,0,0,2,0,0,0,0,137050.0,565750.0,1575,1,4,0,4,0,2,4,3,0,1,0,3,0.0,0.0,0.0,0,2.5,0.0,7.5,6.0,2.0,9.0,1.0,5
1576,1576,58,50,565850.0,137050.0,10580050,0,0,2,0,0,0,0,137050.0,565850.0,1576,0,4,0,4,0,1,4,3,0,1,0,3,0.0,0.0,0.0,0,2.5,0.0,6.5,6.0,1.0,9.0,1.0,5
1577,1577,58,51,565950.0,137050.0,10580051,0,0,2,0,0,0,0,137050.0,565950.0,1577,0,4,0,3,0,1,0,3,0,1,0,1,0.0,0.0,0.0,0,2.5,0.0,6.5,5.0,1.0,5.0,1.0,3
1578,1578,58,52,566050.0,137050.0,10580052,0,0,2,0,0,0,0,137050.0,566050.0,1578,0,4,0,3,0,0,0,3,0,1,0,0,0.0,0.0,0.0,0,1.0,0.0,5.0,5.0,0.0,5.0,1.0,2
1579,1579,58,53,566150.0,137050.0,10580053,0,0,2,0,0,0,0,137050.0,566150.0,1579,0,3,0,2,0,0,0,3,0,1,0,0,0.0,0.0,0.0,0,1.75,0.0,4.75,4.0,0.0,5.0,1.0,2
1580,1580,58,54,566250.0,137050.0,10580054,0,0,2,0,0,0,0,137050.0,566250.0,1580,0,0,0,0,0,0,0,3,0,0,0,0,0.0,0.0,0.0,0,2.25,0.0,2.25,2.0,0.0,5.0,0.0,2
1581,1581,58,55,566350.0,137050.0,10580055,0,0,2,0,0,0,0,137050.0,566350.0,1581,0,0,0,0,0,0,0,4,0,0,0,0,0.0,0.0,0.0,0,2.25,0.0,2.25,2.0,0.0,6.0,0.0,2
1582,1582,58,56,566450.0,137050.0,10580056,1,0,2,0,0,0,0,137050.0,566450.0,1582,0,0,0,0,0,0,0,3,0,0,0,0,0.0,0.0,0.0,0,2.5,0.0,3.5,2.0,1.0,5.0,1.0,2
1583,1583,58,57,566550.0,137050.0,10580057,1,0,1,0,0,0,0,137050.0,566550.0,1583,1,0,0,0,0,0,0,0,0,0,0,0,0.0,0.0,0.0,0,2.5,2.5,4.5,3.5,1.0,1.0,1.0,1
1584,1584,58,58,566650.0,137050.0,10580058,0,0,1,0,0,0,0,137050.0,566650.0,1584,1,0,0,0,0,0,0,0,0,0,0,0,0.0,0.0,0.0,0,2.5,2.5,3.5,3.5,0.0,1.0,0.0,1
1585,1585,58,59,566750.0,137050.0,10580059,0,0,1,0,0,0,0,137050.0,566750.0,1585,1,0,0,0,0,0,0,0,0,0,0,0,0.0,0.0,0.0,0,2.5,2.5,3.5,3.5,0.0,1.0,0.0,1
1586,1586,58,60,566850.0,137050.0,10580060,0,0,1,0,0,0,0,137050.0,566850.0,1586,2,0,0,0,0,0,0,0,0,0,0,0,0.0,0.0,0.0,0,2.5,2.5,4.5,3.5,0.0,1.0,0.0,1
1587,1587,58,61,566950.0,137050.0,10580061,1,1,1,0,0,0,0,137050.0,566950.0,1587,3,0,0,0,0,0,0,0,0,4,0,1,0.0,0.0,0.0,0,2.5,2.5,7.5,3.5,2.0,1.0,6.0,2
1588,1588,58,62,567050.0,137050.0,10580062,0,0,1,0,0,0,0,137050.0,567050.0,1588,3,0,0,0,0,0,0,0,1,4,0,1,0.0,0.0,0.0,0,2.5,2.5,5.5,3.5,0.0,1.0,5.0,2
1589,1589,58,63,567150.0,137050.0,10580063,0,0,0,0,0,0,0,137050.0,567150.0,1589,3,0,0,0,0,0,0,0,1,4,0,0,0.0,0.0,0.0,0,2.5,2.5,5.5,2.5,0.0,0.0,5.0,0
1590,1590,58,64,567250.0,137050.0,10580064,0,0,0,0,0,0,0,137050.0,567250.0,1590,4,0,0,0,0,0,0,0,1,4,0,0,0.0,0.0,0.0,0,2.5,2.5,6.5,2.5,0.0,0.0,5.0,0
1591,1591,58,65,567350.0,137050.0,10580065,0,0,0,0,0,0,0,137050.0,567350.0,1591,4,1,1,0,0,1,0,0,2,4,0,0,1.0,1.0,0.0,0,2.5,2.5,7.5,3.5,2.0,1.0,6.0,0
1592,1592,58,66,567450.0,137050.0,10580066,0,0,0,0,0,0,0,137050.0,567450.0,1592,4,1,4,0,0,1,0,0,2,4,1,0,1.0,1.0,0.0,0,2.5,2.5,7.5,6.5,2.0,1.0,6.0,1
1593,1593,58,67,567550.0,137050.0,10580067,0,1,1,0,0,0,0,137050.0,567550.0,1593,4,0,4,0,1,1,0,0,1,4,1,0,1.0,0.0,0.0,0,2.5,2.5,7.5,7.5,4.0,1.0,6.0,2
1594,1594,58,68,567650.0,137050.0,10580068,1,2,1,0,0,0,0,137050.0,567650.0,1594,4,0,4,0,1,1,0,0,0,0,1,0,1.0,0.0,0.0,0,2.5,2.5,9.5,7.5,6.0,1.0,3.0,2
1595,1595,58,69,567750.0,137050.0,10580069,1,4,0,0,0,0,0,137050.0,567750.0,1595,4,0,4,0,1,1,0,0,0,0,2,0,1.75,0.0,0.0,0,2.5,2.5,11.5,6.5,8.75,0.0,5.0,2
1596,1596,58,70,567850.0,137050.0,10580070,2,3,0,1,0,0,0,137050.0,567850.0,1596,4,0,2,0,1,1,0,0,0,0,2,0,2.25,0.0,0.0,0,2.5,2.5,11.5,5.5,9.25,1.0,5.0,3
1597,1597,58,71,567950.0,137050.0,10580071,2,2,0,1,0,0,0,137050.0,567950.0,1597,4,0,1,0,1,1,0,0,0,0,2,0,2.25,0.0,0.0,0,2.5,2.5,10.5,4.5,8.25,1.0,4.0,3
1598,1598,58,72,568050.0,137050.0,10580072,2,1,0,2,0,0,0,137050.0,568050.0,1598,4,0,1,0,1,1,0,0,0,0,2,0,2.25,0.0,0.0,0,2.5,2.5,9.5,5.5,7.25,2.0,3.0,4
1599,1599,58,73,568150.0,137050.0,10580073,2,2,1,1,0,0,0,137050.0,568150.0,1599,4,0,1,0,1,1,0,0,0,0,2,0,2.25,0.0,0.0,0,2.5,2.5,10.5,5.5,8.25,2.0,4.0,4
1600,1600,58,74,568250.0,137050.0,10580074,2,3,1,1,0,0,0,137050.0,568250.0,1600,4,0,1,0,1,1,4,0,0,0,2,0,2.25,0.0,0.0,0,2.5,2.5,11.5,5.5,9.25,6.0,5.0,4
1601,1601,58,75,568350.0,137050.0,10580075,1,3,1,0,0,0,0,137050.0,568350.0,1601,4,0,4,0,1,1,4,0,0,0,2,0,1.75,0.0,0.0,0,2.5,2.5,10.5,7.5,7.75,5.0,4.0,3
1602,1602,58,76,568450.0,137050.0,10580076,1,2,1,0,0,0,0,137050.0,568450.0,1602,4,0,4,0,1,0,4,0,0,0,3,0,1.0,0.0,0.0,0,2.5,2.5,9.5,7.5,5.0,5.0,3.0,4
1603,1603,58,77,568550.0,137050.0,10580077,1,1,1,0,0,0,0,137050.0,568550.0,1603,4,0,4,0,1,0,0,0,1,1,3,0,0.0,0.0,0.0,0,2.5,2.5,8.5,7.5,3.0,1.0,4.0,4
1604,1604,58,78,568650.0,137050.0,10580078,0,0,1,0,0,0,0,137050.0,568650.0,1604,3,0,2,0,1,0,0,0,1,1,2,0,0.0,0.0,0.0,0,2.5,2.5,5.5,5.5,1.0,1.0,2.0,3
1605,1605,58,79,568750.0,137050.0,10580079,0,0,1,0,0,0,0,137050.0,568750.0,1605,2,0,1,0,1,1,0,0,1,1,2,0,0.0,0.0,0.0,0,2.25,2.5,4.25,4.5,2.0,1.0,2.0,3
1606,1606,58,80,568850.0,137050.0,10580080,0,0,1,0,0,0,0,137050.0,568850.0,1606,2,0,0,0,1,1,0,0,1,1,2,0,0.0,0.0,0.0,0,1.75,2.5,3.75,3.5,2.0,1.0,2.0,3
1607,1607,58,81,568950.0,137050.0,10580081,1,0,0,0,0,0,0,137050.0,568950.0,1607,1,0,0,0,1,1,0,0,1,1,2,1,0.0,0.0,0.0,0,1.75,2.5,3.75,2.5,3.0,0.0,3.0,3
1608,1608,58,82,569050.0,137050.0,10580082,1,0,1,0,0,0,0,137050.0,569050.0,1608,1,0,0,0,1,1,0,0,1,1,1,3,0.0,0.0,0.0,0,2.25,2.5,4.25,3.5,3.0,1.0,3.0,5
1609,1609,58,83,569150.0,137050.0,10580083,2,0,1,0,0,0,0,137050.0,569150.0,1609,0,0,0,0,1,1,0,0,1,1,1,4,0.0,0.0,0.0,0,2.5,2.5,4.5,3.5,4.0,1.0,4.0,6
1610,1610,58,84,569250.0,137050.0,10580084,2,0,0,0,0,0,0,137050.0,569250.0,1610,0,0,0,0,1,1,0,0,1,1,1,4,0.0,0.0,0.0,0,2.5,2.5,4.5,2.5,4.0,0.0,4.0,5
1611,1611,58,85,569350.0,137050.0,10580085,3,0,0,0,0,0,0,137050.0,569350.0,1611,0,0,0,0,1,1,0,0,1,1,0,4,0.0,0.0,0.0,0,2.5,2.5,5.5,2.5,5.0,0.0,5.0,4
1612,1612,58,86,569450.0,137050.0,10580086,3,0,0,0,0,0,0,137050.0,569450.0,1612,0,0,0,0,2,1,0,0,1,1,0,4,0.0,0.0,0.0,0,2.5,2.5,5.5,2.5,6.0,0.0,5.0,4
1613,1613,58,87,569550.0,137050.0,10580087,4,0,0,0,0,0,0,137050.0,569550.0,1613,0,0,0,0,2,2,0,0,1,1,0,4,0.0,0.0,0.0,0,2.5,2.5,6.5,2.5,8.0,0.0,6.0,4
1614,1614,58,88,569650.0,137050.0,10580088,3,0,1,0,0,0,0,137050.0,569650.0,1614,0,0,0,3,2,2,0,0,1,1,0,4,0.0,0.0,0.0,0,2.5,2.5,5.5,6.5,7.0,1.0,5.0,5
1615,1615,58,89,569750.0,137050.0,10580089,3,0,1,0,0,0,0,137050.0,569750.0,1615,0,0,0,3,2,2,0,0,1,2,0,4,0.0,0.0,0.0,0,2.5,2.5,5.5,6.5,7.0,1.0,6.0,5
1616,1616,58,90,569850.0,137050.0,10580090,2,0,1,0,0,0,0,137050.0,569850.0,1616,0,0,0,3,2,2,0,4,1,2,0,4,0.0,0.0,0.0,0,2.25,2.25,4.25,6.25,6.0,5.0,5.0,5
1617,1617,58,91,569950.0,137050.0,10580091,2,0,1,0,0,0,0,137050.0,569950.0,1617,0,0,0,3,2,2,0,4,1,3,0,4,0.0,0.0,0.0,0,2.5,2.5,4.5,6.5,6.0,5.0,6.0,5
1618,1618,58,92,570050.0,137050.0,10580092,1,0,1,0,0,0,0,137050.0,570050.0,1618,0,0,0,3,2,3,0,4,1,3,0,4,0.0,0.0,0.0,0,2.5,2.5,3.5,6.5,6.0,5.0,5.0,5
1619,1619,58,93,570150.0,137050.0,10580093,1,0,1,0,0,0,0,137050.0,570150.0,1619,0,0,0,3,2,3,0,4,0,3,1,4,0.0,0.0,0.0,0,2.5,2.5,3.5,6.5,6.0,5.0,4.0,6
1620,1620,58,94,570250.0,137050.0,10580094,1,0,2,0,0,0,0,137050.0,570250.0,1620,0,0,0,3,2,3,0,4,0,4,1,4,0.0,0.0,0.0,0,2.5,2.5,3.5,7.5,6.0,6.0,5.0,7
1621,1621,58,95,570350.0,137050.0,10580095,0,0,2,0,0,0,0,137050.0,570350.0,1621,0,0,0,3,2,4,0,3,0,4,1,4,0.0,0.0,0.0,0,2.5,2.5,2.5,7.5,6.0,5.0,4.0,7
1622,1622,58,96,570450.0,137050.0,10580096,0,0,2,0,0,0,0,137050.0,570450.0,1622,1,0,0,3,2,4,4,3,0,4,1,4,0.0,0.0,0.0,0,2.5,2.5,3.5,7.5,6.0,9.0,4.0,7
1623,1623,58,97,570550.0,137050.0,10580097,1,0,3,0,0,0,0,137050.0,570550.0,1623,2,0,0,3,2,4,4,3,0,4,1,4,0.0,0.0,0.0,0,2.5,2.5,5.5,8.5,7.0,10.0,5.0,8
1624,1624,58,98,570650.0,137050.0,10580098,1,0,3,0,0,0,0,137050.0,570650.0,1624,2,1,0,3,2,4,4,3,0,3,1,4,0.0,0.0,0.0,0,2.5,0.75,6.5,6.75,7.0,10.0,4.0,8
1625,1625,58,99,570750.0,137050.0,10580099,1,0,3,0,0,0,0,137050.0,570750.0,1625,2,1,1,2,1,3,4,3,0,3,1,4,0.0,0.0,0.0,0,2.5,0.0,6.5,6.0,5.0,10.0,4.0,8
1626,1626,58,100,570850.0,137050.0,10580100,2,0,3,0,0,0,0,137050.0,570850.0,1626,2,1,1,2,1,3,4,3,1,3,1,4,0.0,0.0,0.0,0,2.5,0.0,7.5,6.0,6.0,10.0,6.0,8
1627,1627,58,101,570950.0,137050.0,10580101,2,0,3,0,0,0,0,137050.0,570950.0,1627,1,1,1,2,1,2,4,3,1,3,1,4,0.0,0.0,0.0,0,1.5,0.0,5.5,6.0,5.0,10.0,6.0,8
1628,1628,58,102,571050.0,137050.0,10580102,2,0,2,0,0,0,0,137050.0,571050.0,1628,1,2,1,1,1,2,4,3,1,3,1,4,0.0,0.0,0.0,0,2.5,0.0,7.5,4.0,5.0,9.0,6.0,7
1629,1629,58,103,571150.0,137050.0,10580103,2,0,2,0,0,0,0,137050.0,571150.0,1629,1,3,2,1,1,2,4,3,1,3,1,4,0.0,0.0,0.0,0,2.5,0.0,8.5,5.0,5.0,9.0,6.0,7
1630,1630,58,104,571250.0,137050.0,10580104,2,0,2,0,0,0,0,137050.0,571250.0,1630,1,3,3,1,1,2,4,3,1,3,1,4,0.0,0.0,0.0,0,2.5,0.0,8.5,6.0,5.0,9.0,6.0,7
1631,1631,58,105,571350.0,137050.0,10580105,2,0,1,0,0,0,0,137050.0,571350.0,1631,1,2,3,1,0,2,4,3,1,3,1,3,0.0,0.0,0.0,0,2.5,0.0,7.5,5.0,4.0,8.0,6.0,5
1632,1632,58,106,571450.0,137050.0,10580106,1,0,1,0,0,0,0,137050.0,571450.0,1632,1,2,3,1,0,2,4,3,1,3,1,3,0.0,0.0,0.0,0,2.5,0.0,6.5,5.0,3.0,8.0,5.0,5
1633,1633,58,107,571550.0,137050.0,10580107,2,0,1,0,0,0,0,137050.0,571550.0,1633,1,2,3,1,0,2,4,3,1,3,1,3,0.0,0.0,0.0,0,2.5,0.0,7.5,5.0,4.0,8.0,6.0,5
1634,1634,58,108,571650.0,137050.0,10580108,2,0,2,0,0,0,0,137050.0,571650.0,1634,1,2,3,1,1,2,4,3,1,3,1,3,0.0,0.0,0.0,0,2.5,0.0,7.5,6.0,5.0,9.0,6.0,6
1635,1635,58,109,571750.0,137050.0,10580109,2,0,2,0,0,0,0,137050.0,571750.0,1635,1,2,3,1,1,2,4,3,1,3,2,3,0.0,0.0,0.0,0,2.5,0.0,7.5,6.0,5.0,9.0,6.0,7
1636,1636,58,110,571850.0,137050.0,10580110,2,0,2,0,0,0,0,137050.0,571850.0,1636,1,2,3,1,1,2,4,3,1,3,2,3,0.0,0.0,0.0,0,2.5,0.0,7.5,6.0,5.0,9.0,6.0,7
1637,1637,58,111,571950.0,137050.0,10580111,3,0,3,0,0,0,0,137050.0,571950.0,1637,2,2,3,1,1,2,4,3,2,3,2,3,0.0,0.0,0.0,0,2.25,0.0,9.25,7.0,6.0,10.0,8.0,8
1638,1638,58,112,572050.0,137050.0,10580112,3,0,3,0,0,0,0,137050.0,572050.0,1638,2,2,3,1,1,3,4,3,2,3,2,3,0.0,0.0,0.0,0,0.75,0.0,7.75,7.0,7.0,10.0,8.0,8
1639,1639,58,113,572150.0,137050.0,10580113,4,0,4,0,0,0,0,137050.0,572150.0,1639,2,2,3,1,1,3,4,3,2,3,2,3,0.0,0.0,0.0,0,0.0,0.0,8.0,8.0,8.0,11.0,9.0,9
1640,1640,59,32,564050.0,136950.0,10590032,4,0,4,0,0,0,0,136950.0,564050.0,1640,3,2,3,2,3,2,4,3,3,2,2,3,0.0,0.0,0.0,0,0.0,0.0,9.0,9.0,9.0,11.0,9.0,9
1641,1641,59,33,564150.0,136950.0,10590033,4,0,4,0,0,0,0,136950.0,564150.0,1641,3,2,3,2,3,3,4,3,3,2,2,3,0.0,0.0,0.0,0,0.0,0.0,9.0,9.0,10.0,11.0,9.0,9
1642,1642,59,34,564250.0,136950.0,10590034,4,0,4,0,0,0,0,136950.0,564250.0,1642,2,2,3,2,3,2,4,3,3,2,2,3,0.0,0.0,0.0,0,0.0,0.0,8.0,9.0,9.0,11.0,9.0,9
1643,1643,59,35,564350.0,136950.0,10590035,4,0,4,0,0,0,0,136950.0,564350.0,1643,2,2,3,2,3,2,4,3,3,2,1,3,0.0,0.0,0.0,0,0.0,0.0,8.0,9.0,9.0,11.0,9.0,8
1644,1644,59,36,564450.0,136950.0,10590036,4,0,4,0,0,0,0,136950.0,564450.0,1644,2,1,3,2,3,2,4,3,3,2,1,3,0.0,0.0,0.0,0,0.0,0.0,7.0,9.0,9.0,11.0,9.0,8
1645,1645,59,37,564550.0,136950.0,10590037,4,0,4,0,0,0,0,136950.0,564550.0,1645,2,1,3,2,3,2,4,3,3,3,1,3,0.0,0.0,0.0,0,0.0,0.0,7.0,9.0,9.0,11.0,10.0,8
1646,1646,59,38,564650.0,136950.0,10590038,4,0,4,0,0,0,0,136950.0,564650.0,1646,2,1,3,2,3,3,4,3,3,3,1,3,0.0,0.0,0.0,0,0.0,0.0,7.0,9.0,10.0,11.0,10.0,8
1647,1647,59,39,564750.0,136950.0,10590039,4,0,4,0,0,0,0,136950.0,564750.0,1647,2,1,3,2,3,3,4,3,3,3,0,3,0.0,0.0,0.0,0,0.0,0.0,7.0,9.0,10.0,11.0,10.0,7
1648,1648,59,40,564850.0,136950.0,10590040,4,0,4,0,0,0,0,136950.0,564850.0,1648,2,1,3,3,3,3,4,3,3,3,0,3,0.0,0.0,0.0,0,0.0,0.0,7.0,10.0,10.0,11.0,10.0,7
1649,1649,59,41,564950.0,136950.0,10590041,3,0,4,0,0,0,0,136950.0,564950.0,1649,1,1,1,3,2,3,4,3,3,4,0,3,0.0,0.0,0.0,0,0.0,0.0,5.0,8.0,8.0,11.0,10.0,7
1650,1650,59,42,565050.0,136950.0,10590042,3,0,4,0,0,0,0,136950.0,565050.0,1650,1,1,1,3,2,3,4,3,4,4,0,3,0.0,0.0,0.0,0,0.0,0.0,5.0,8.0,8.0,11.0,11.0,7
1651,1651,59,43,565150.0,136950.0,10590043,2,0,4,0,0,0,0,136950.0,565150.0,1651,1,1,1,3,2,3,4,3,4,4,0,3,0.0,0.0,0.0,0,0.0,0.0,4.0,8.0,7.0,11.0,10.0,7
1652,1652,59,44,565250.0,136950.0,10590044,2,0,4,0,0,0,0,136950.0,565250.0,1652,2,2,1,3,2,4,4,3,4,3,0,3,0.0,0.0,0.0,0,0.0,0.0,6.0,8.0,8.0,11.0,9.0,7
1653,1653,59,45,565350.0,136950.0,10590045,1,0,3,0,0,0,0,136950.0,565350.0,1653,2,3,0,4,2,3,4,3,4,3,0,3,0.0,0.0,0.0,0,0.0,0.0,6.0,7.0,6.0,10.0,8.0,6
1654,1654,59,46,565450.0,136950.0,10590046,1,0,3,0,0,0,0,136950.0,565450.0,1654,2,3,0,4,1,3,4,3,4,4,0,4,0.0,0.0,0.0,0,0.0,0.0,6.0,7.0,5.0,10.0,9.0,7
1655,1655,59,47,565550.0,136950.0,10590047,1,0,2,0,0,0,0,136950.0,565550.0,1655,2,4,0,4,1,3,4,3,0,1,0,3,0.0,0.0,0.0,0,0.0,0.0,7.0,6.0,5.0,9.0,2.0,5
1656,1656,59,48,565650.0,136950.0,10590048,0,0,2,0,0,0,0,136950.0,565650.0,1656,1,4,0,4,1,2,4,3,0,1,0,3,0.0,0.0,0.0,0,0.0,0.0,5.0,6.0,3.0,9.0,1.0,5
1657,1657,59,49,565750.0,136950.0,10590049,0,0,2,0,0,0,0,136950.0,565750.0,1657,0,4,0,4,0,2,4,3,0,1,0,3,0.0,0.0,0.0,0,2.5,0.0,6.5,6.0,2.0,9.0,1.0,5
1658,1658,59,50,565850.0,136950.0,10590050,0,0,1,0,0,0,0,136950.0,565850.0,1658,0,4,0,4,0,1,4,3,0,1,0,3,0.0,0.0,0.0,0,2.5,0.0,6.5,5.0,1.0,8.0,1.0,4
1659,1659,59,51,565950.0,136950.0,10590051,0,0,1,0,0,0,0,136950.0,565950.0,1659,0,4,0,3,0,1,0,3,0,1,0,1,0.0,0.0,0.0,0,1.0,0.0,5.0,4.0,1.0,4.0,1.0,2
1660,1660,59,52,566050.0,136950.0,10590052,0,0,1,0,0,0,0,136950.0,566050.0,1660,0,4,0,3,0,0,0,3,0,0,0,0,0.0,0.0,0.0,0,0.0,0.0,4.0,4.0,0.0,4.0,0.0,1
1661,1661,59,53,566150.0,136950.0,10590053,0,0,1,0,0,0,0,136950.0,566150.0,1661,0,2,0,2,0,0,0,3,0,1,0,0,0.0,0.0,0.0,0,1.0,0.0,3.0,3.0,0.0,4.0,1.0,1
1662,1662,59,54,566250.0,136950.0,10590054,0,0,2,0,0,0,0,136950.0,566250.0,1662,0,0,0,0,0,0,0,3,0,0,0,0,0.0,0.0,0.0,0,1.0,0.0,1.0,2.0,0.0,5.0,0.0,2
1663,1663,59,55,566350.0,136950.0,10590055,0,0,2,0,0,0,0,136950.0,566350.0,1663,0,0,0,0,0,0,0,3,0,0,0,0,0.0,0.0,0.0,0,1.75,0.0,1.75,2.0,0.0,5.0,0.0,2
1664,1664,59,56,566450.0,136950.0,10590056,0,0,2,0,0,0,0,136950.0,566450.0,1664,0,0,0,0,0,0,0,3,0,0,0,0,0.0,0.0,0.0,0,2.25,0.0,2.25,2.0,0.0,5.0,0.0,2
1665,1665,59,57,566550.0,136950.0,10590057,1,0,1,0,0,0,0,136950.0,566550.0,1665,1,0,0,0,0,0,0,0,0,0,0,0,0.0,0.0,0.0,0,2.25,0.0,4.25,1.0,1.0,1.0,1.0,1
1666,1666,59,58,566650.0,136950.0,10590058,1,0,1,0,0,0,0,136950.0,566650.0,1666,1,0,0,0,0,0,0,0,0,0,0,0,0.0,0.0,0.0,0,2.5,2.5,4.5,3.5,1.0,1.0,1.0,1
1667,1667,59,59,566750.0,136950.0,10590059,0,1,0,0,0,0,0,136950.0,566750.0,1667,2,0,0,0,0,0,0,0,0,1,0,0,1.0,0.0,0.0,0,2.5,2.5,5.5,2.5,2.0,0.0,2.0,0
1668,1668,59,60,566850.0,136950.0,10590060,0,1,0,0,0,0,0,136950.0,566850.0,1668,2,0,0,0,0,0,0,0,2,3,0,1,1.0,0.0,0.0,0,2.5,2.5,5.5,2.5,2.0,0.0,6.0,1
1669,1669,59,61,566950.0,136950.0,10590061,0,2,0,0,0,0,0,136950.0,566950.0,1669,3,0,0,0,0,0,0,0,4,2,0,1,1.0,0.0,0.0,0,2.5,2.5,7.5,2.5,3.0,0.0,8.0,1
1670,1670,59,62,567050.0,136950.0,10590062,0,1,0,0,0,0,0,136950.0,567050.0,1670,3,0,0,0,0,0,0,0,4,2,0,1,1.0,0.0,0.0,0,2.5,2.5,6.5,2.5,2.0,0.0,7.0,1
1671,1671,59,63,567150.0,136950.0,10590063,0,1,0,0,0,0,0,136950.0,567150.0,1671,3,0,0,0,0,0,0,0,4,3,0,1,0.0,1.0,0.0,0,2.5,2.5,6.5,2.5,1.0,1.0,8.0,1
1672,1672,59,64,567250.0,136950.0,10590064,0,0,0,0,0,0,0,136950.0,567250.0,1672,4,0,0,0,0,0,0,0,4,3,0,0,1.0,1.75,0.0,0,2.5,2.5,6.5,2.5,1.0,1.75,7.0,0
1673,1673,59,65,567350.0,136950.0,10590065,0,0,0,0,0,0,0,136950.0,567350.0,1673,4,0,1,0,0,0,0,4,4,3,0,0,1.0,1.75,0.0,0,2.5,2.5,6.5,3.5,1.0,5.75,7.0,0
1674,1674,59,66,567450.0,136950.0,10590066,0,0,0,0,0,0,0,136950.0,567450.0,1674,4,0,4,0,0,1,4,0,4,3,1,0,1.0,0.0,0.0,0,2.5,2.5,6.5,6.5,2.0,4.0,7.0,1
1675,1675,59,67,567550.0,136950.0,10590067,0,1,1,0,0,0,0,136950.0,567550.0,1675,4,0,4,0,1,1,4,0,3,4,1,0,1.0,0.0,0.0,0,2.5,2.5,7.5,7.5,4.0,5.0,8.0,2
1676,1676,59,68,567650.0,136950.0,10590068,0,2,1,0,0,0,0,136950.0,567650.0,1676,4,0,4,0,1,1,4,0,3,4,1,0,1.0,0.0,0.0,0,2.5,2.5,8.5,7.5,5.0,5.0,9.0,2
1677,1677,59,69,567750.0,136950.0,10590069,1,2,1,0,0,0,0,136950.0,567750.0,1677,4,0,4,0,1,1,0,0,0,4,2,0,1.75,0.0,0.0,0,2.5,2.5,9.5,7.5,6.75,1.0,7.0,3
1678,1678,59,70,567850.0,136950.0,10590070,1,2,0,1,0,0,0,136950.0,567850.0,1678,4,0,1,0,1,1,0,0,0,0,2,0,1.75,0.0,0.0,0,2.5,2.5,9.5,4.5,6.75,1.0,3.0,3
1679,1679,59,71,567950.0,136950.0,10590071,2,1,0,2,0,0,0,136950.0,567950.0,1679,4,0,1,0,2,1,0,0,0,0,2,0,2.25,0.0,0.0,0,2.5,2.5,9.5,5.5,8.25,2.0,3.0,4
1680,1680,59,72,568050.0,136950.0,10590072,2,1,1,3,0,0,0,136950.0,568050.0,1680,4,0,0,0,2,1,0,0,0,0,2,0,2.25,0.0,0.0,0,2.5,2.5,9.5,6.5,8.25,4.0,3.0,6
1681,1681,59,73,568150.0,136950.0,10590073,2,2,1,2,0,0,0,136950.0,568150.0,1681,4,0,0,0,2,1,0,0,0,0,2,0,2.25,0.0,0.0,0,2.5,2.5,10.5,5.5,9.25,3.0,4.0,5
1682,1682,59,74,568250.0,136950.0,10590074,2,3,1,1,0,0,0,136950.0,568250.0,1682,4,0,1,0,1,1,0,0,0,0,3,0,2.25,0.0,0.0,0,2.5,2.5,11.5,5.5,9.25,2.0,5.0,5
1683,1683,59,75,568350.0,136950.0,10590075,1,3,1,1,0,0,0,136950.0,568350.0,1683,4,0,1,0,1,1,0,0,0,0,3,0,1.75,0.0,0.0,0,2.5,2.5,10.5,5.5,7.75,2.0,4.0,5
1684,1684,59,76,568450.0,136950.0,10590076,1,2,1,0,0,0,0,136950.0,568450.0,1684,4,0,1,0,1,1,0,0,0,0,3,0,0.0,0.0,0.0,0,2.5,2.5,9.5,4.5,5.0,1.0,3.0,4
1685,1685,59,77,568550.0,136950.0,10590077,0,1,0,0,0,0,0,136950.0,568550.0,1685,4,0,1,0,1,1,0,0,0,1,3,0,0.0,0.0,0.0,0,2.5,2.5,7.5,3.5,3.0,0.0,2.0,3
1686,1686,59,78,568650.0,136950.0,10590078,0,0,0,0,0,0,0,136950.0,568650.0,1686,3,0,1,0,1,1,0,0,1,1,3,1,0.0,0.0,0.0,0,2.5,2.5,5.5,3.5,2.0,0.0,2.0,4
1687,1687,59,79,568750.0,136950.0,10590079,0,0,0,0,0,0,0,136950.0,568750.0,1687,1,0,0,0,1,1,0,0,1,1,2,1,0.0,0.0,0.0,0,2.5,2.5,3.5,2.5,2.0,0.0,2.0,3
1688,1688,59,80,568850.0,136950.0,10590080,1,0,1,0,0,0,0,136950.0,568850.0,1688,1,0,0,0,1,1,0,0,1,1,2,3,0.0,0.0,0.0,0,2.25,2.5,4.25,3.5,3.0,1.0,3.0,6
1689,1689,59,81,568950.0,136950.0,10590081,1,0,1,0,0,0,0,136950.0,568950.0,1689,0,0,0,0,1,1,0,0,1,1,2,3,0.0,0.0,0.0,0,2.5,2.5,3.5,3.5,3.0,1.0,3.0,6
1690,1690,59,82,569050.0,136950.0,10590082,1,0,1,0,0,0,0,136950.0,569050.0,1690,0,0,0,0,1,1,0,0,1,1,2,4,0.0,0.0,0.0,0,2.5,2.5,3.5,3.5,3.0,1.0,3.0,7
1691,1691,59,83,569150.0,136950.0,10590083,2,0,1,0,0,0,0,136950.0,569150.0,1691,0,0,0,0,1,1,0,0,1,1,2,4,0.0,0.0,0.0,0,2.5,2.5,4.5,3.5,4.0,1.0,4.0,7
1692,1692,59,84,569250.0,136950.0,10590084,2,0,1,0,0,0,0,136950.0,569250.0,1692,0,0,0,0,1,1,0,0,1,1,1,4,0.0,0.0,0.0,0,2.5,2.25,4.5,3.25,4.0,1.0,4.0,6
1693,1693,59,85,569350.0,136950.0,10590085,2,0,0,0,0,0,0,136950.0,569350.0,1693,0,0,0,0,1,1,0,0,1,1,1,4,0.0,0.0,0.0,0,2.25,1.75,4.25,1.75,4.0,0.0,4.0,5
1694,1694,59,86,569450.0,136950.0,10590086,3,0,0,0,0,0,0,136950.0,569450.0,1694,0,0,0,0,1,2,0,0,1,1,1,4,0.0,0.0,0.0,0,2.5,2.25,5.5,2.25,6.0,0.0,5.0,5
1695,1695,59,87,569550.0,136950.0,10590087,3,0,1,0,0,0,0,136950.0,569550.0,1695,0,0,0,0,1,2,0,0,1,1,1,4,0.0,0.0,0.0,0,2.5,2.5,5.5,3.5,6.0,1.0,5.0,6
1696,1696,59,88,569650.0,136950.0,10590088,3,0,1,0,0,0,0,136950.0,569650.0,1696,0,0,0,2,2,2,0,0,1,1,1,4,0.0,0.0,0.0,0,2.5,2.5,5.5,5.5,7.0,1.0,5.0,6
1697,1697,59,89,569750.0,136950.0,10590089,3,0,1,0,0,0,0,136950.0,569750.0,1697,0,0,0,3,2,2,0,0,1,1,1,4,0.0,0.0,0.0,0,2.5,2.5,5.5,6.5,7.0,1.0,5.0,6
1698,1698,59,90,569850.0,136950.0,10590090,2,0,2,0,0,0,0,136950.0,569850.0,1698,0,0,0,3,2,2,0,4,1,2,1,4,0.0,0.0,0.0,0,2.5,2.5,4.5,7.5,6.0,6.0,5.0,7
1699,1699,59,91,569950.0,136950.0,10590091,2,0,2,0,0,0,0,136950.0,569950.0,1699,0,0,0,3,2,3,0,4,1,2,1,4,0.0,0.0,0.0,0,2.5,2.5,4.5,7.5,7.0,6.0,5.0,7
1700,1700,59,92,570050.0,136950.0,10590092,1,0,2,0,0,0,0,136950.0,570050.0,1700,0,0,0,3,2,3,0,4,1,3,1,4,0.0,0.0,0.0,0,2.5,2.5,3.5,7.5,6.0,6.0,5.0,7
1701,1701,59,93,570150.0,136950.0,10590093,1,0,2,0,0,0,0,136950.0,570150.0,1701,0,0,0,3,2,3,0,4,0,3,1,4,0.0,0.0,0.0,0,2.5,2.5,3.5,7.5,6.0,6.0,4.0,7
1702,1702,59,94,570250.0,136950.0,10590094,0,0,2,0,0,0,0,136950.0,570250.0,1702,0,0,0,3,2,4,0,4,0,3,1,4,0.0,0.0,0.0,0,2.5,2.5,2.5,7.5,6.0,6.0,3.0,7
1703,1703,59,95,570350.0,136950.0,10590095,0,0,2,0,0,0,0,136950.0,570350.0,1703,0,0,0,3,2,4,0,3,0,4,1,4,0.0,0.0,0.0,0,2.5,2.5,2.5,7.5,6.0,5.0,4.0,7
1704,1704,59,96,570450.0,136950.0,10590096,0,0,3,0,0,0,0,136950.0,570450.0,1704,1,0,0,3,2,4,4,3,0,4,1,4,0.0,0.0,0.0,0,2.5,2.5,3.5,8.5,6.0,10.0,4.0,8
1705,1705,59,97,570550.0,136950.0,10590097,0,0,3,0,0,0,0,136950.0,570550.0,1705,2,0,0,3,2,4,4,3,0,3,1,4,0.0,0.0,0.0,0,2.5,2.5,4.5,8.5,6.0,10.0,3.0,8
1706,1706,59,98,570650.0,136950.0,10590098,1,0,3,0,0,0,0,136950.0,570650.0,1706,2,1,1,3,2,4,4,3,0,3,1,4,0.0,0.0,0.0,0,2.5,0.75,6.5,7.75,7.0,10.0,4.0,8
1707,1707,59,99,570750.0,136950.0,10590099,1,0,4,0,0,0,0,136950.0,570750.0,1707,2,1,1,2,1,3,4,3,0,3,1,4,0.0,0.0,0.0,0,2.5,0.0,6.5,7.0,5.0,11.0,4.0,9
1708,1708,59,100,570850.0,136950.0,10590100,2,0,3,0,0,0,0,136950.0,570850.0,1708,2,1,1,2,1,3,4,3,1,3,1,4,0.0,0.0,0.0,0,2.5,0.0,7.5,6.0,6.0,10.0,6.0,8
1709,1709,59,101,570950.0,136950.0,10590101,2,0,3,0,0,0,0,136950.0,570950.0,1709,2,1,1,1,1,3,4,3,1,3,1,4,0.0,0.0,0.0,0,1.5,0.0,6.5,5.0,6.0,10.0,6.0,8
1710,1710,59,102,571050.0,136950.0,10590102,3,0,3,0,0,0,0,136950.0,571050.0,1710,1,2,1,1,1,2,4,3,1,3,1,4,0.0,0.0,0.0,0,1.5,0.0,7.5,5.0,6.0,10.0,7.0,8
1711,1711,59,103,571150.0,136950.0,10590103,2,0,2,0,0,0,0,136950.0,571150.0,1711,1,2,2,1,1,2,4,3,1,3,1,4,0.0,0.0,0.0,0,2.5,0.0,7.5,5.0,5.0,9.0,6.0,7
1712,1712,59,104,571250.0,136950.0,10590104,2,0,2,0,0,0,0,136950.0,571250.0,1712,1,2,3,1,1,2,4,3,1,3,1,4,0.0,0.0,0.0,0,2.5,0.0,7.5,6.0,5.0,9.0,6.0,7
1713,1713,59,105,571350.0,136950.0,10590105,2,0,2,0,0,0,0,136950.0,571350.0,1713,1,2,3,1,1,2,4,3,1,3,1,4,0.0,0.0,0.0,0,2.5,0.0,7.5,6.0,5.0,9.0,6.0,7
1714,1714,59,106,571450.0,136950.0,10590106,2,0,2,0,0,0,0,136950.0,571450.0,1714,1,2,3,1,1,2,4,3,1,3,1,3,0.0,0.0,0.0,0,2.5,0.0,7.5,6.0,5.0,9.0,6.0,6
1715,1715,59,107,571550.0,136950.0,10590107,2,0,2,0,0,0,0,136950.0,571550.0,1715,1,2,3,1,1,2,4,3,1,3,1,3,0.0,0.0,0.0,0,2.5,0.0,7.5,6.0,5.0,9.0,6.0,6
1716,1716,59,108,571650.0,136950.0,10590108,2,0,2,0,0,0,0,136950.0,571650.0,1716,1,2,3,1,1,2,4,3,1,3,2,3,0.0,0.0,0.0,0,2.5,0.0,7.5,6.0,5.0,9.0,6.0,7
1717,1717,59,109,571750.0,136950.0,10590109,2,0,2,0,0,0,0,136950.0,571750.0,1717,1,2,3,1,1,2,4,3,2,3,2,3,0.0,0.0,0.0,0,2.5,0.0,7.5,6.0,5.0,9.0,7.0,7
1718,1718,59,110,571850.0,136950.0,10590110,3,0,3,0,0,0,0,136950.0,571850.0,1718,1,2,3,1,1,2,4,3,2,3,2,3,0.0,0.0,0.0,0,2.5,0.0,8.5,7.0,6.0,10.0,8.0,8
1719,1719,59,111,571950.0,136950.0,10590111,3,0,3,0,0,0,0,136950.0,571950.0,1719,2,2,3,1,1,3,4,3,2,3,2,3,0.0,0.0,0.0,0,2.25,0.0,9.25,7.0,7.0,10.0,8.0,8
1720,1720,59,112,572050.0,136950.0,10590112,3,0,3,0,0,0,0,136950.0,572050.0,1720,2,2,3,1,1,3,4,3,2,3,2,3,0.0,0.0,0.0,0,1.75,0.0,8.75,7.0,7.0,10.0,8.0,8
1721,1721,59,113,572150.0,136950.0,10590113,4,0,4,0,0,0,0,136950.0,572150.0,1721,2,2,3,1,2,3,4,3,2,3,2,3,0.0,0.0,0.0,0,0.0,0.0,8.0,8.0,9.0,11.0,9.0,9
1722,1722,60,32,564050.0,136850.0,10600032,4,0,4,0,0,0,0,136850.0,564050.0,1722,3,2,3,2,3,2,4,3,3,2,2,3,0.0,0.0,0.0,0,0.0,0.0,9.0,9.0,9.0,11.0,9.0,9
1723,1723,60,33,564150.0,136850.0,10600033,4,0,4,0,0,0,0,136850.0,564150.0,1723,3,2,3,2,3,3,4,3,3,2,2,3,0.0,0.0,0.0,0,0.0,0.0,9.0,9.0,10.0,11.0,9.0,9
1724,1724,60,34,564250.0,136850.0,10600034,4,0,4,0,0,0,0,136850.0,564250.0,1724,2,2,3,2,3,3,4,3,3,2,2,3,0.0,0.0,0.0,0,0.0,0.0,8.0,9.0,10.0,11.0,9.0,9
1725,1725,60,35,564350.0,136850.0,10600035,4,0,4,0,0,0,0,136850.0,564350.0,1725,2,2,3,2,3,2,4,3,3,2,1,3,0.0,0.0,0.0,0,0.0,0.0,8.0,9.0,9.0,11.0,9.0,8
1726,1726,60,36,564450.0,136850.0,10600036,4,0,4,0,0,0,0,136850.0,564450.0,1726,2,1,3,2,3,2,4,3,3,2,1,3,0.0,0.0,0.0,0,0.0,0.0,7.0,9.0,9.0,11.0,9.0,8
1727,1727,60,37,564550.0,136850.0,10600037,4,0,4,0,0,0,0,136850.0,564550.0,1727,2,1,3,2,3,3,4,3,3,3,1,3,0.0,0.0,0.0,0,0.0,0.0,7.0,9.0,10.0,11.0,10.0,8
1728,1728,60,38,564650.0,136850.0,10600038,4,0,4,0,0,0,0,136850.0,564650.0,1728,2,1,3,2,3,3,4,3,3,3,1,3,0.0,0.0,0.0,0,0.0,0.0,7.0,9.0,10.0,11.0,10.0,8
1729,1729,60,39,564750.0,136850.0,10600039,4,0,4,0,0,0,0,136850.0,564750.0,1729,2,1,3,3,3,3,4,3,3,3,0,3,0.0,0.0,0.0,0,0.0,0.0,7.0,10.0,10.0,11.0,10.0,7
1730,1730,60,40,564850.0,136850.0,10600040,4,0,4,0,0,0,0,136850.0,564850.0,1730,2,1,2,3,3,3,4,3,3,3,0,3,0.0,0.0,0.0,0,0.0,0.0,7.0,9.0,10.0,11.0,10.0,7
1731,1731,60,41,564950.0,136850.0,10600041,3,0,4,0,0,0,0,136850.0,564950.0,1731,2,1,1,3,2,3,4,3,3,4,0,3,0.0,0.0,0.0,0,0.0,0.0,6.0,8.0,8.0,11.0,10.0,7
1732,1732,60,42,565050.0,136850.0,10600042,3,0,4,0,0,0,0,136850.0,565050.0,1732,1,1,1,3,2,3,4,3,4,4,0,3,0.0,0.0,0.0,0,0.0,0.0,5.0,8.0,8.0,11.0,11.0,7
1733,1733,60,43,565150.0,136850.0,10600043,2,0,4,0,0,0,0,136850.0,565150.0,1733,2,2,1,3,2,4,4,3,4,4,0,3,0.0,0.0,0.0,0,0.0,0.0,6.0,8.0,8.0,11.0,10.0,7
1734,1734,60,44,565250.0,136850.0,10600044,2,0,4,0,0,0,0,136850.0,565250.0,1734,2,3,1,3,2,4,4,3,4,3,0,3,0.0,0.0,0.0,0,0.0,0.0,7.0,8.0,8.0,11.0,9.0,7
1735,1735,60,45,565350.0,136850.0,10600045,1,0,3,0,0,0,0,136850.0,565350.0,1735,2,3,0,4,2,3,4,3,4,3,0,3,0.0,0.0,0.0,0,0.0,0.0,6.0,7.0,6.0,10.0,8.0,6
1736,1736,60,46,565450.0,136850.0,10600046,1,0,3,0,0,0,0,136850.0,565450.0,1736,2,4,0,4,1,3,4,3,3,4,0,3,0.0,0.0,0.0,0,0.0,0.0,7.0,7.0,5.0,10.0,8.0,6
1737,1737,60,47,565550.0,136850.0,10600047,0,0,2,0,0,0,0,136850.0,565550.0,1737,2,4,0,4,1,3,4,3,0,1,0,3,0.0,0.0,0.0,0,0.0,0.0,6.0,6.0,4.0,9.0,1.0,5
1738,1738,60,48,565650.0,136850.0,10600048,0,0,2,0,0,0,0,136850.0,565650.0,1738,1,4,0,4,1,2,4,3,0,1,0,3,0.0,0.0,0.0,0,0.0,0.0,5.0,6.0,3.0,9.0,1.0,5
1739,1739,60,49,565750.0,136850.0,10600049,0,0,1,0,0,0,0,136850.0,565750.0,1739,0,4,0,4,1,2,4,3,0,2,0,3,0.0,0.0,0.0,0,2.5,0.0,6.5,5.0,3.0,8.0,2.0,4
1740,1740,60,50,565850.0,136850.0,10600050,0,0,1,0,0,0,0,136850.0,565850.0,1740,0,4,0,4,0,1,4,3,0,1,0,2,0.0,0.0,0.0,0,2.5,0.0,6.5,5.0,1.0,8.0,1.0,3
1741,1741,60,51,565950.0,136850.0,10600051,0,0,1,0,0,0,0,136850.0,565950.0,1741,0,4,0,4,0,1,0,3,0,1,0,0,0.0,0.0,0.0,0,2.5,0.0,6.5,5.0,1.0,4.0,1.0,1
1742,1742,60,52,566050.0,136850.0,10600052,0,0,1,0,0,0,0,136850.0,566050.0,1742,0,1,0,3,0,0,0,3,0,0,0,0,0.0,0.0,0.0,0,1.75,0.0,2.75,4.0,0.0,4.0,0.0,1
1743,1743,60,53,566150.0,136850.0,10600053,0,0,1,0,0,0,0,136850.0,566150.0,1743,0,0,0,2,0,0,0,3,0,0,0,0,0.0,0.0,0.0,0,1.75,0.0,1.75,3.0,0.0,4.0,0.0,1
1744,1744,60,54,566250.0,136850.0,10600054,0,0,1,0,0,0,0,136850.0,566250.0,1744,0,0,0,0,0,0,0,3,0,0,0,0,0.0,0.0,0.0,0,1.75,0.0,1.75,1.0,0.0,4.0,0.0,1
1745,1745,60,55,566350.0,136850.0,10600055,0,0,2,0,0,0,0,136850.0,566350.0,1745,0,0,0,0,0,0,0,3,0,0,0,0,0.0,0.0,0.0,0,2.25,0.0,2.25,2.0,0.0,5.0,0.0,2
1746,1746,60,56,566450.0,136850.0,10600056,1,0,2,0,0,0,0,136850.0,566450.0,1746,0,0,0,0,0,0,0,3,0,0,0,0,0.0,0.0,0.0,0,2.25,0.0,3.25,2.0,1.0,5.0,1.0,2
1747,1747,60,57,566550.0,136850.0,10600057,0,0,1,0,0,0,0,136850.0,566550.0,1747,1,0,0,0,0,0,0,0,0,1,0,0,0.0,0.0,0.0,0,2.25,0.0,3.25,1.0,0.0,1.0,1.0,1
1748,1748,60,58,566650.0,136850.0,10600058,0,0,1,0,0,0,0,136850.0,566650.0,1748,1,0,0,0,0,0,0,0,0,1,0,0,1.0,0.0,0.0,0,2.25,0.0,3.25,1.0,1.0,1.0,1.0,1
1749,1749,60,59,566750.0,136850.0,10600059,0,1,0,0,0,0,0,136850.0,566750.0,1749,2,0,0,0,0,0,0,0,3,3,0,0,1.0,0.0,0.0,0,2.5,2.5,5.5,2.5,2.0,0.0,7.0,0
1750,1750,60,60,566850.0,136850.0,10600060,0,2,0,0,0,0,0,136850.0,566850.0,1750,3,0,0,0,0,0,0,0,4,1,0,1,1.0,0.0,0.0,0,2.5,2.5,7.5,2.5,3.0,0.0,7.0,1
1751,1751,60,61,566950.0,136850.0,10600061,0,3,0,0,0,0,0,136850.0,566950.0,1751,3,0,0,0,0,0,0,0,4,0,0,2,1.0,0.0,0.0,0,2.5,2.5,8.5,2.5,4.0,0.0,7.0,2
1752,1752,60,62,567050.0,136850.0,10600062,0,2,0,0,0,0,0,136850.0,567050.0,1752,3,0,0,0,0,0,0,0,4,0,0,2,1.0,0.0,0.0,0,2.5,2.5,7.5,2.5,3.0,0.0,6.0,2
1753,1753,60,63,567150.0,136850.0,10600063,0,1,0,0,0,0,0,136850.0,567150.0,1753,3,0,0,0,0,0,0,4,4,0,0,1,1.0,0.0,0.0,0,2.5,2.5,6.5,2.5,2.0,4.0,5.0,1
1754,1754,60,64,567250.0,136850.0,10600064,0,1,0,0,0,0,0,136850.0,567250.0,1754,4,0,0,0,0,0,4,4,4,1,0,0,1.0,0.0,0.0,0,2.5,2.5,7.5,2.5,2.0,8.0,6.0,0
1755,1755,60,65,567350.0,136850.0,10600065,0,0,0,0,0,0,0,136850.0,567350.0,1755,4,0,4,0,0,0,4,4,4,1,0,0,1.0,0.0,0.0,0,2.5,2.5,6.5,6.5,1.0,8.0,5.0,0
1756,1756,60,66,567450.0,136850.0,10600066,0,0,1,1,0,0,0,136850.0,567450.0,1756,4,0,4,0,0,1,4,0,4,1,1,0,1.0,0.0,0.0,0,2.5,2.5,6.5,8.5,2.0,6.0,5.0,3
1757,1757,60,67,567550.0,136850.0,10600067,0,1,1,1,0,0,0,136850.0,567550.0,1757,4,0,4,0,1,1,4,0,4,2,1,0,1.0,0.0,0.0,0,2.5,2.5,7.5,8.5,4.0,6.0,7.0,3
1758,1758,60,68,567650.0,136850.0,10600068,1,2,1,1,0,0,0,136850.0,567650.0,1758,4,0,4,0,1,1,4,0,4,3,1,0,1.0,0.0,0.0,0,2.5,2.5,9.5,8.5,6.0,6.0,10.0,3
1759,1759,60,69,567750.0,136850.0,10600069,1,3,1,0,0,0,0,136850.0,567750.0,1759,4,0,4,0,1,1,4,0,3,4,1,0,1.75,1.0,0.0,0,2.5,2.5,10.5,7.5,7.75,6.0,11.0,2
1760,1760,60,70,567850.0,136850.0,10600070,1,2,1,1,0,0,0,136850.0,567850.0,1760,4,0,1,0,1,1,4,0,1,3,2,0,1.75,0.0,0.0,0,2.5,2.5,9.5,5.5,6.75,6.0,7.0,4
1761,1761,60,71,567950.0,136850.0,10600071,2,2,1,2,0,0,0,136850.0,567950.0,1761,4,0,0,0,2,1,4,0,0,0,2,0,2.25,0.0,0.0,0,2.5,2.5,10.5,5.5,9.25,7.0,4.0,5
1762,1762,60,72,568050.0,136850.0,10600072,2,2,1,4,0,0,0,136850.0,568050.0,1762,4,0,0,0,2,1,4,0,0,0,2,0,2.25,0.0,0.0,0,2.5,2.5,10.5,7.5,9.25,9.0,4.0,7
1763,1763,60,73,568150.0,136850.0,10600073,2,2,1,3,0,0,0,136850.0,568150.0,1763,4,0,0,0,2,1,0,0,0,0,3,0,2.25,0.0,0.0,0,2.5,2.5,10.5,6.5,9.25,4.0,4.0,7
1764,1764,60,74,568250.0,136850.0,10600074,2,2,1,2,0,0,0,136850.0,568250.0,1764,4,0,0,0,2,1,0,0,0,0,3,0,1.75,0.0,0.0,0,2.5,2.5,10.5,5.5,8.75,3.0,4.0,6
1765,1765,60,75,568350.0,136850.0,10600075,1,2,1,1,0,0,0,136850.0,568350.0,1765,4,0,1,0,1,1,0,0,0,0,3,0,1.75,0.0,0.0,0,2.5,2.5,9.5,5.5,6.75,2.0,3.0,5
1766,1766,60,76,568450.0,136850.0,10600076,1,2,1,0,0,0,0,136850.0,568450.0,1766,4,0,1,0,1,1,0,0,0,0,3,0,0.0,0.0,0.0,0,2.5,2.5,9.5,4.5,5.0,1.0,3.0,4
1767,1767,60,77,568550.0,136850.0,10600077,0,1,0,0,0,0,0,136850.0,568550.0,1767,4,1,0,0,1,1,0,0,0,1,3,1,0.0,0.0,0.0,0,2.5,2.5,8.5,2.5,3.0,0.0,2.0,4
1768,1768,60,78,568650.0,136850.0,10600078,0,0,0,0,0,0,0,136850.0,568650.0,1768,3,0,0,0,1,1,0,0,1,1,3,3,0.0,0.0,0.0,0,2.5,2.5,5.5,2.5,2.0,0.0,2.0,6
1769,1769,60,79,568750.0,136850.0,10600079,0,0,0,0,0,0,0,136850.0,568750.0,1769,1,0,0,0,1,1,0,0,1,1,3,3,0.0,0.0,0.0,0,2.5,2.5,3.5,2.5,2.0,0.0,2.0,6
1770,1770,60,80,568850.0,136850.0,10600080,0,0,0,0,0,0,0,136850.0,568850.0,1770,0,0,0,0,1,1,0,0,1,2,3,4,0.0,0.0,0.0,0,2.5,2.5,2.5,2.5,2.0,0.0,3.0,7
1771,1771,60,81,568950.0,136850.0,10600081,1,0,1,0,0,0,0,136850.0,568950.0,1771,0,0,0,0,1,1,0,0,1,2,3,4,0.0,0.0,0.0,0,2.5,2.5,3.5,3.5,3.0,1.0,4.0,8
1772,1772,60,82,569050.0,136850.0,10600082,1,0,1,0,0,0,0,136850.0,569050.0,1772,0,0,0,0,1,1,0,0,1,2,2,4,0.0,0.0,0.0,0,2.5,2.5,3.5,3.5,3.0,1.0,4.0,7
1773,1773,60,83,569150.0,136850.0,10600083,2,0,1,0,0,0,0,136850.0,569150.0,1773,0,0,0,0,1,1,0,0,1,2,2,4,0.0,0.0,0.0,0,2.5,2.5,4.5,3.5,4.0,1.0,5.0,7
1774,1774,60,84,569250.0,136850.0,10600084,2,0,1,0,0,0,0,136850.0,569250.0,1774,0,0,0,0,1,1,0,0,1,1,2,4,0.0,0.0,0.0,0,2.25,1.75,4.25,2.75,4.0,1.0,4.0,7
1775,1775,60,85,569350.0,136850.0,10600085,2,0,1,0,0,0,0,136850.0,569350.0,1775,0,0,0,0,1,1,0,0,1,1,2,4,0.0,0.0,0.0,0,1.75,0.0,3.75,1.0,4.0,1.0,4.0,7
1776,1776,60,86,569450.0,136850.0,10600086,3,0,1,0,0,0,0,136850.0,569450.0,1776,0,0,0,0,1,2,0,0,1,1,1,4,0.0,0.0,0.0,0,2.5,1.75,5.5,2.75,6.0,1.0,5.0,6
1777,1777,60,87,569550.0,136850.0,10600087,3,0,1,0,0,0,0,136850.0,569550.0,1777,0,0,0,0,1,2,0,0,1,1,1,4,0.0,0.0,0.0,0,2.5,2.5,5.5,3.5,6.0,1.0,5.0,6
1778,1778,60,88,569650.0,136850.0,10600088,3,0,1,0,0,0,0,136850.0,569650.0,1778,0,0,0,1,1,2,0,0,1,1,1,4,0.0,0.0,0.0,0,2.5,2.5,5.5,4.5,6.0,1.0,5.0,6
1779,1779,60,89,569750.0,136850.0,10600089,3,0,2,0,0,0,0,136850.0,569750.0,1779,0,0,0,2,2,2,0,4,1,1,1,4,0.0,0.0,0.0,0,2.5,2.5,5.5,6.5,7.0,6.0,5.0,7
1780,1780,60,90,569850.0,136850.0,10600090,2,0,2,0,0,0,0,136850.0,569850.0,1780,0,0,0,3,2,3,0,4,1,1,1,4,0.0,0.0,0.0,0,2.5,2.5,4.5,7.5,7.0,6.0,4.0,7
1781,1781,60,91,569950.0,136850.0,10600091,2,0,2,0,0,0,0,136850.0,569950.0,1781,0,0,0,3,2,3,0,4,1,2,1,4,0.0,0.0,0.0,0,2.5,2.5,4.5,7.5,7.0,6.0,5.0,7
1782,1782,60,92,570050.0,136850.0,10600092,1,0,2,0,0,0,0,136850.0,570050.0,1782,0,0,0,3,2,4,0,4,0,2,1,4,0.0,0.0,0.0,0,2.5,2.5,3.5,7.5,7.0,6.0,3.0,7
1783,1783,60,93,570150.0,136850.0,10600093,1,0,2,0,0,0,0,136850.0,570150.0,1783,0,0,0,3,2,4,0,4,0,3,1,4,0.0,0.0,0.0,0,2.5,2.5,3.5,7.5,7.0,6.0,4.0,7
1784,1784,60,94,570250.0,136850.0,10600094,0,0,3,0,0,0,0,136850.0,570250.0,1784,0,0,0,3,2,4,0,3,0,3,1,4,0.0,0.0,0.0,0,2.5,2.5,2.5,8.5,6.0,6.0,3.0,8
1785,1785,60,95,570350.0,136850.0,10600095,0,0,3,0,0,0,0,136850.0,570350.0,1785,0,0,0,3,2,4,0,3,0,3,1,4,0.0,0.0,0.0,0,2.5,2.5,2.5,8.5,6.0,6.0,3.0,8
1786,1786,60,96,570450.0,136850.0,10600096,0,0,3,0,0,0,0,136850.0,570450.0,1786,1,0,1,3,2,4,4,3,0,3,1,4,0.0,0.0,0.0,0,2.5,2.5,3.5,9.5,6.0,10.0,3.0,8
1787,1787,60,97,570550.0,136850.0,10600097,0,0,3,0,0,0,0,136850.0,570550.0,1787,2,0,1,3,2,4,4,3,0,3,1,4,0.0,0.0,0.0,0,2.5,2.5,4.5,9.5,6.0,10.0,3.0,8
1788,1788,60,98,570650.0,136850.0,10600098,1,0,4,0,0,0,0,136850.0,570650.0,1788,2,1,1,2,2,4,4,3,0,3,1,4,0.0,0.0,0.0,0,2.5,0.75,6.5,7.75,7.0,11.0,4.0,9
1789,1789,60,99,570750.0,136850.0,10600099,1,0,4,0,0,0,0,136850.0,570750.0,1789,2,1,1,2,2,4,4,3,0,3,1,4,0.0,0.0,0.0,0,2.5,0.0,6.5,7.0,7.0,11.0,4.0,9
1790,1790,60,100,570850.0,136850.0,10600100,2,0,4,0,0,0,0,136850.0,570850.0,1790,2,1,1,2,2,3,4,3,1,3,1,4,0.0,0.0,0.0,0,2.5,0.0,7.5,7.0,7.0,11.0,6.0,9
1791,1791,60,101,570950.0,136850.0,10600101,2,0,3,0,0,0,0,136850.0,570950.0,1791,2,1,1,1,1,3,4,3,1,2,1,4,0.0,0.0,0.0,0,1.5,0.0,6.5,5.0,6.0,10.0,5.0,8
1792,1792,60,102,571050.0,136850.0,10600102,3,0,3,0,0,0,0,136850.0,571050.0,1792,2,2,2,1,1,3,4,3,1,2,1,4,0.0,0.0,0.0,0,1.5,0.0,8.5,6.0,7.0,10.0,6.0,8
1793,1793,60,103,571150.0,136850.0,10600103,3,0,3,0,0,0,0,136850.0,571150.0,1793,1,2,2,1,1,3,4,3,1,2,1,4,0.0,0.0,0.0,0,2.5,0.0,8.5,6.0,7.0,10.0,6.0,8
1794,1794,60,104,571250.0,136850.0,10600104,3,0,3,0,0,0,0,136850.0,571250.0,1794,1,2,3,1,1,2,4,3,1,2,1,4,0.0,0.0,0.0,0,2.5,0.0,8.5,7.0,6.0,10.0,6.0,8
1795,1795,60,105,571350.0,136850.0,10600105,2,0,2,0,0,0,0,136850.0,571350.0,1795,1,2,3,1,1,2,4,3,1,2,1,4,0.0,0.0,0.0,0,2.5,0.0,7.5,6.0,5.0,9.0,5.0,7
1796,1796,60,106,571450.0,136850.0,10600106,2,0,2,0,0,0,0,136850.0,571450.0,1796,1,2,3,1,1,2,4,3,1,2,1,3,0.0,0.0,0.0,0,2.5,0.0,7.5,6.0,5.0,9.0,5.0,6
1797,1797,60,107,571550.0,136850.0,10600107,3,0,2,0,0,0,0,136850.0,571550.0,1797,1,1,3,1,1,2,4,3,2,3,1,3,0.0,0.0,0.0,0,2.5,0.0,7.5,6.0,6.0,9.0,8.0,6
1798,1798,60,108,571650.0,136850.0,10600108,3,0,3,0,0,0,0,136850.0,571650.0,1798,1,1,3,1,1,2,4,3,2,3,2,3,0.0,0.0,0.0,0,2.5,0.0,7.5,7.0,6.0,10.0,8.0,8
1799,1799,60,109,571750.0,136850.0,10600109,3,0,3,0,0,0,0,136850.0,571750.0,1799,1,1,3,1,1,3,4,3,2,3,2,3,0.0,0.0,0.0,0,2.5,0.0,7.5,7.0,7.0,10.0,8.0,8
1800,1800,60,110,571850.0,136850.0,10600110,3,0,3,0,0,0,0,136850.0,571850.0,1800,1,2,3,1,1,3,4,3,2,3,2,3,0.0,0.0,0.0,0,2.5,0.0,8.5,7.0,7.0,10.0,8.0,8
1801,1801,60,111,571950.0,136850.0,10600111,3,0,3,0,0,0,0,136850.0,571950.0,1801,2,2,3,1,1,3,4,3,2,3,2,3,0.0,0.0,0.0,0,2.25,0.0,9.25,7.0,7.0,10.0,8.0,8
1802,1802,60,112,572050.0,136850.0,10600112,4,0,4,0,0,0,0,136850.0,572050.0,1802,2,2,3,1,2,3,4,3,2,2,2,3,0.0,0.0,0.0,0,2.25,0.0,10.25,8.0,9.0,11.0,8.0,9
1803,1803,60,113,572150.0,136850.0,10600113,4,0,4,0,0,0,0,136850.0,572150.0,1803,2,2,3,1,2,3,4,3,2,2,2,3,0.0,0.0,0.0,0,0.0,0.0,8.0,8.0,9.0,11.0,8.0,9
1804,1804,61,32,564050.0,136750.0,10610032,4,0,4,0,0,0,0,136750.0,564050.0,1804,3,2,3,2,3,2,4,3,3,2,2,3,0.0,0.0,0.0,0,0.0,0.0,9.0,9.0,9.0,11.0,9.0,9
1805,1805,61,33,564150.0,136750.0,10610033,4,0,4,0,0,0,0,136750.0,564150.0,1805,3,2,3,2,3,3,4,3,3,2,2,3,0.0,0.0,0.0,0,0.0,0.0,9.0,9.0,10.0,11.0,9.0,9
1806,1806,61,34,564250.0,136750.0,10610034,4,0,4,0,0,0,0,136750.0,564250.0,1806,2,2,3,2,3,3,4,3,3,2,2,3,0.0,0.0,0.0,0,0.0,0.0,8.0,9.0,10.0,11.0,9.0,9
1807,1807,61,35,564350.0,136750.0,10610035,4,0,4,0,0,0,0,136750.0,564350.0,1807,2,2,3,2,3,2,4,3,3,2,1,3,0.0,0.0,0.0,0,0.0,0.0,8.0,9.0,9.0,11.0,9.0,8
1808,1808,61,36,564450.0,136750.0,10610036,4,0,4,0,0,0,0,136750.0,564450.0,1808,2,1,3,2,3,2,4,3,3,2,1,3,0.0,0.0,0.0,0,0.0,0.0,7.0,9.0,9.0,11.0,9.0,8
1809,1809,61,37,564550.0,136750.0,10610037,4,0,4,0,0,0,0,136750.0,564550.0,1809,2,1,3,2,3,3,4,3,3,3,1,3,0.0,0.0,0.0,0,0.0,0.0,7.0,9.0,10.0,11.0,10.0,8
1810,1810,61,38,564650.0,136750.0,10610038,4,0,4,0,0,0,0,136750.0,564650.0,1810,2,1,3,2,3,3,4,3,3,3,1,3,0.0,0.0,0.0,0,0.0,0.0,7.0,9.0,10.0,11.0,10.0,8
1811,1811,61,39,564750.0,136750.0,10610039,4,0,4,0,0,0,0,136750.0,564750.0,1811,2,1,3,3,3,3,4,3,3,3,0,3,0.0,0.0,0.0,0,0.0,0.0,7.0,10.0,10.0,11.0,10.0,7
1812,1812,61,40,564850.0,136750.0,10610040,4,0,4,0,0,0,0,136750.0,564850.0,1812,2,1,2,3,3,3,4,3,3,3,0,3,0.0,0.0,0.0,0,0.0,0.0,7.0,9.0,10.0,11.0,10.0,7
1813,1813,61,41,564950.0,136750.0,10610041,4,0,4,0,0,0,0,136750.0,564950.0,1813,2,1,1,3,3,3,4,3,3,4,0,3,0.0,0.0,0.0,0,0.0,0.0,7.0,8.0,10.0,11.0,11.0,7
1814,1814,61,42,565050.0,136750.0,10610042,3,0,4,0,0,0,0,136750.0,565050.0,1814,2,1,1,3,2,3,4,3,4,4,0,3,0.0,0.0,0.0,0,0.0,0.0,6.0,8.0,8.0,11.0,11.0,7
1815,1815,61,43,565150.0,136750.0,10610043,3,0,4,0,0,0,0,136750.0,565150.0,1815,2,2,1,3,2,4,4,3,4,4,0,3,0.0,0.0,0.0,0,0.0,0.0,7.0,8.0,9.0,11.0,11.0,7
1816,1816,61,44,565250.0,136750.0,10610044,2,0,3,0,0,0,0,136750.0,565250.0,1816,2,3,1,3,2,3,4,3,4,3,0,3,0.0,0.0,0.0,0,0.0,0.0,7.0,7.0,7.0,10.0,9.0,6
1817,1817,61,45,565350.0,136750.0,10610045,2,0,3,0,0,0,0,136750.0,565350.0,1817,3,3,0,4,2,3,4,3,4,3,0,3,0.0,0.0,0.0,0,0.0,0.0,8.0,7.0,7.0,10.0,9.0,6
1818,1818,61,46,565450.0,136750.0,10610046,1,0,2,0,0,0,0,136750.0,565450.0,1818,3,4,0,4,1,3,4,3,2,4,0,3,0.0,0.0,0.0,0,0.0,0.0,8.0,6.0,5.0,9.0,7.0,5
1819,1819,61,47,565550.0,136750.0,10610047,1,0,2,0,0,0,0,136750.0,565550.0,1819,2,4,0,4,1,3,4,3,0,1,0,3,0.0,0.0,0.0,0,0.0,0.0,7.0,6.0,5.0,9.0,2.0,5
1820,1820,61,48,565650.0,136750.0,10610048,0,0,1,0,0,0,0,136750.0,565650.0,1820,2,4,0,4,1,2,4,3,0,1,0,3,0.0,0.0,0.0,0,0.0,0.0,6.0,5.0,3.0,8.0,1.0,4
1821,1821,61,49,565750.0,136750.0,10610049,0,0,1,0,0,0,0,136750.0,565750.0,1821,1,4,0,4,1,2,4,3,0,1,0,3,0.0,0.0,0.0,0,2.25,0.0,7.25,5.0,3.0,8.0,1.0,4
1822,1822,61,50,565850.0,136750.0,10610050,0,0,1,0,0,0,0,136750.0,565850.0,1822,0,3,0,4,0,1,4,3,1,1,0,1,0.0,0.0,0.0,0,2.5,0.0,5.5,5.0,1.0,8.0,2.0,2
1823,1823,61,51,565950.0,136750.0,10610051,0,0,0,0,0,0,0,136750.0,565950.0,1823,0,0,0,4,0,1,0,3,0,2,0,0,0.0,0.0,0.0,0,2.5,0.0,2.5,4.0,1.0,3.0,2.0,0
1824,1824,61,52,566050.0,136750.0,10610052,0,0,0,0,0,0,0,136750.0,566050.0,1824,0,0,0,3,0,0,0,3,0,0,0,0,0.0,0.0,0.0,0,2.5,0.0,2.5,3.0,0.0,3.0,0.0,0
1825,1825,61,53,566150.0,136750.0,10610053,0,0,0,0,0,0,0,136750.0,566150.0,1825,0,0,0,3,0,0,0,3,0,0,0,0,0.0,0.0,0.0,0,2.5,0.0,2.5,3.0,0.0,3.0,0.0,0
1826,1826,61,54,566250.0,136750.0,10610054,0,0,1,0,0,0,0,136750.0,566250.0,1826,0,0,0,0,0,0,0,3,0,0,0,0,0.0,0.0,0.0,0,2.25,0.0,2.25,1.0,0.0,4.0,0.0,1
1827,1827,61,55,566350.0,136750.0,10610055,0,0,1,0,0,0,0,136750.0,566350.0,1827,0,0,0,0,0,0,0,3,0,1,0,0,0.0,0.0,0.0,0,2.25,0.0,2.25,1.0,0.0,4.0,1.0,1
1828,1828,61,56,566450.0,136750.0,10610056,1,0,2,0,0,0,0,136750.0,566450.0,1828,0,0,0,0,0,0,0,3,0,1,0,0,0.0,0.0,0.0,0,2.25,0.0,3.25,2.0,1.0,5.0,2.0,2
1829,1829,61,57,566550.0,136750.0,10610057,0,0,1,0,0,0,0,136750.0,566550.0,1829,0,0,0,0,0,0,0,0,0,1,0,0,0.0,0.0,0.0,0,2.25,0.0,2.25,1.0,0.0,1.0,1.0,1
1830,1830,61,58,566650.0,136750.0,10610058,0,0,1,0,0,0,0,136750.0,566650.0,1830,1,0,0,0,0,1,0,0,3,3,0,0,1.0,0.0,0.0,0,2.5,0.0,3.5,1.0,2.0,1.0,6.0,1
1831,1831,61,59,566750.0,136750.0,10610059,0,1,0,0,0,0,0,136750.0,566750.0,1831,2,0,0,0,1,1,0,0,4,0,0,0,1.0,0.0,0.0,0,2.5,1.0,5.5,1.0,4.0,0.0,5.0,0
1832,1832,61,60,566850.0,136750.0,10610060,0,2,0,0,1,4,0,136750.0,566850.0,1832,3,0,0,0,0,0,0,0,4,0,0,1,1.0,0.0,1.0,0,2.5,2.5,7.5,2.5,4.0,1.0,11.0,5
1833,1833,61,61,566950.0,136750.0,10610061,0,4,0,0,1,3,0,136750.0,566950.0,1833,3,0,0,0,0,0,0,0,4,0,0,2,1.0,0.0,1.0,0,2.5,2.5,9.5,2.5,6.0,1.0,12.0,5
1834,1834,61,62,567050.0,136750.0,10610062,0,3,0,0,0,2,0,136750.0,567050.0,1834,3,0,0,0,0,0,0,4,4,0,0,2,1.0,0.0,1.0,0,2.5,2.5,8.5,2.5,4.0,4.0,10.0,4
1835,1835,61,63,567150.0,136750.0,10610063,0,2,1,0,0,0,0,136750.0,567150.0,1835,4,0,0,0,0,0,4,4,4,0,0,1,1.0,0.0,1.0,0,2.5,2.5,8.5,3.5,3.0,9.0,7.0,2
1836,1836,61,64,567250.0,136750.0,10610064,0,1,1,0,0,0,0,136750.0,567250.0,1836,4,0,1,0,0,0,4,4,4,0,0,0,1.0,0.0,0.0,0,2.5,2.5,7.5,4.5,2.0,9.0,5.0,1
1837,1837,61,65,567350.0,136750.0,10610065,0,1,1,1,0,0,0,136750.0,567350.0,1837,4,0,4,0,0,1,4,0,4,0,0,0,1.0,0.0,0.0,0,2.5,2.5,7.5,8.5,3.0,6.0,5.0,2
1838,1838,61,66,567450.0,136750.0,10610066,0,1,1,1,0,0,0,136750.0,567450.0,1838,4,0,4,0,0,1,4,0,4,1,0,0,1.0,0.0,0.0,0,2.5,2.5,7.5,8.5,3.0,6.0,6.0,2
1839,1839,61,67,567550.0,136750.0,10610067,0,1,1,2,0,0,0,136750.0,567550.0,1839,4,0,4,0,1,1,4,0,4,1,1,0,1.0,0.0,0.0,0,2.5,2.5,7.5,9.5,4.0,7.0,6.0,4
1840,1840,61,68,567650.0,136750.0,10610068,1,2,1,2,0,0,0,136750.0,567650.0,1840,4,0,4,0,1,1,4,0,4,2,1,0,1.0,0.0,0.0,0,2.5,2.5,9.5,9.5,6.0,7.0,9.0,4
1841,1841,61,69,567750.0,136750.0,10610069,1,4,1,1,0,0,0,136750.0,567750.0,1841,4,0,4,0,1,1,4,0,4,3,1,0,1.75,0.0,0.0,0,2.5,2.5,11.5,8.5,8.75,6.0,12.0,3
1842,1842,61,70,567850.0,136750.0,10610070,2,3,1,1,0,0,0,136750.0,567850.0,1842,4,0,1,0,1,1,4,0,3,4,1,0,1.75,0.0,0.0,0,2.5,2.5,11.5,5.5,8.75,6.0,12.0,3
1843,1843,61,71,567950.0,136750.0,10610071,2,2,1,2,0,0,0,136750.0,567950.0,1843,4,0,0,0,1,1,4,0,0,0,2,0,1.75,0.0,0.0,0,2.5,2.5,10.5,5.5,7.75,7.0,4.0,5
1844,1844,61,72,568050.0,136750.0,10610072,3,3,0,2,0,0,0,136750.0,568050.0,1844,4,0,0,0,1,1,4,0,0,0,2,0,2.25,0.0,0.0,0,2.5,2.5,12.5,4.5,10.25,6.0,6.0,4
1845,1845,61,73,568150.0,136750.0,10610073,2,3,0,2,0,0,0,136750.0,568150.0,1845,4,0,0,0,2,1,0,0,0,0,3,0,2.25,0.0,0.0,0,2.5,2.5,11.5,4.5,10.25,2.0,5.0,5
1846,1846,61,74,568250.0,136750.0,10610074,2,2,0,1,0,0,0,136750.0,568250.0,1846,4,0,0,0,1,1,0,0,0,0,3,0,1.75,0.0,0.0,0,2.5,2.5,10.5,3.5,7.75,1.0,4.0,4
1847,1847,61,75,568350.0,136750.0,10610075,1,2,1,0,0,0,0,136750.0,568350.0,1847,4,0,0,0,1,1,0,0,0,0,3,0,1.75,0.0,0.0,0,2.5,2.5,9.5,3.5,6.75,1.0,3.0,4
1848,1848,61,76,568450.0,136750.0,10610076,1,2,1,0,0,0,0,136750.0,568450.0,1848,4,0,1,0,1,1,0,0,0,0,3,0,0.0,0.0,0.0,0,2.5,2.5,9.5,4.5,5.0,1.0,3.0,4
1849,1849,61,77,568550.0,136750.0,10610077,0,1,0,0,0,0,0,136750.0,568550.0,1849,4,0,0,0,1,1,0,0,0,1,3,2,0.0,0.0,0.0,0,2.5,2.5,7.5,2.5,3.0,0.0,2.0,5
1850,1850,61,78,568650.0,136750.0,10610078,0,0,0,0,0,0,0,136750.0,568650.0,1850,4,1,0,0,1,1,0,0,1,1,3,3,0.0,0.0,0.0,0,2.5,2.5,7.5,2.5,2.0,0.0,2.0,6
1851,1851,61,79,568750.0,136750.0,10610079,0,0,0,0,0,0,0,136750.0,568750.0,1851,3,0,0,0,1,1,0,0,1,2,3,4,0.0,0.0,0.0,0,2.5,2.5,5.5,2.5,2.0,0.0,3.0,7
1852,1852,61,80,568850.0,136750.0,10610080,0,0,0,0,0,0,0,136750.0,568850.0,1852,0,0,0,0,0,1,0,0,0,2,3,4,0.0,0.0,0.0,0,2.5,2.5,2.5,2.5,1.0,0.0,2.0,7
1853,1853,61,81,568950.0,136750.0,10610081,1,0,1,0,0,0,0,136750.0,568950.0,1853,0,0,0,0,0,1,0,0,0,2,3,4,0.0,0.0,0.0,0,2.5,2.5,3.5,3.5,2.0,1.0,3.0,8
1854,1854,61,82,569050.0,136750.0,10610082,1,0,1,0,0,0,0,136750.0,569050.0,1854,0,0,0,0,0,1,0,4,0,2,3,4,0.0,0.0,0.0,0,2.5,2.5,3.5,3.5,2.0,5.0,3.0,8
1855,1855,61,83,569150.0,136750.0,10610083,1,0,2,0,0,0,0,136750.0,569150.0,1855,0,0,0,0,0,1,0,4,0,2,3,4,0.0,0.0,0.0,0,2.5,2.5,3.5,4.5,2.0,6.0,3.0,9
1856,1856,61,84,569250.0,136750.0,10610084,1,0,2,0,0,0,0,136750.0,569250.0,1856,0,0,0,0,1,1,0,3,1,1,3,4,0.0,0.0,0.0,0,2.5,2.5,3.5,4.5,3.0,5.0,3.0,9
1857,1857,61,85,569350.0,136750.0,10610085,2,0,1,0,0,0,0,136750.0,569350.0,1857,0,0,0,0,1,2,0,0,1,1,2,4,0.0,0.0,0.0,0,2.5,1.75,4.5,2.75,5.0,1.0,4.0,7
1858,1858,61,86,569450.0,136750.0,10610086,2,0,1,0,0,0,0,136750.0,569450.0,1858,0,0,0,0,1,2,0,0,1,1,2,4,0.0,0.0,0.0,0,2.5,2.5,4.5,3.5,5.0,1.0,4.0,7
1859,1859,61,87,569550.0,136750.0,10610087,3,0,1,0,0,0,0,136750.0,569550.0,1859,0,0,0,0,1,2,0,3,1,1,2,4,0.0,0.0,0.0,0,2.5,2.5,5.5,3.5,6.0,4.0,5.0,7
1860,1860,61,88,569650.0,136750.0,10610088,3,0,2,0,0,0,0,136750.0,569650.0,1860,0,0,0,0,1,2,0,4,1,1,2,4,0.0,0.0,0.0,0,2.5,2.5,5.5,4.5,6.0,6.0,5.0,8
1861,1861,61,89,569750.0,136750.0,10610089,3,0,2,0,0,0,0,136750.0,569750.0,1861,0,0,0,1,2,3,0,4,1,1,2,4,0.0,0.0,0.0,0,2.5,2.5,5.5,5.5,8.0,6.0,5.0,8
1862,1862,61,90,569850.0,136750.0,10610090,2,0,2,0,0,0,0,136750.0,569850.0,1862,0,0,0,1,2,3,0,4,1,1,2,4,0.0,0.0,0.0,0,2.5,2.5,4.5,5.5,7.0,6.0,4.0,8
1863,1863,61,91,569950.0,136750.0,10610091,2,0,3,0,0,0,0,136750.0,569950.0,1863,0,0,1,2,2,4,0,4,1,1,2,4,0.0,0.0,0.0,0,2.5,2.5,4.5,8.5,8.0,7.0,4.0,9
1864,1864,61,92,570050.0,136750.0,10610092,1,0,3,0,0,0,0,136750.0,570050.0,1864,0,0,1,3,2,4,0,4,0,1,2,4,0.0,0.0,0.0,0,2.5,2.5,3.5,9.5,7.0,7.0,2.0,9
1865,1865,61,93,570150.0,136750.0,10610093,1,0,3,0,0,0,0,136750.0,570150.0,1865,0,0,1,3,2,4,0,4,0,1,2,4,0.0,0.0,0.0,0,2.5,2.5,3.5,9.5,7.0,7.0,2.0,9
1866,1866,61,94,570250.0,136750.0,10610094,1,0,3,0,0,0,0,136750.0,570250.0,1866,0,0,1,3,2,4,0,3,0,2,2,4,0.0,0.0,0.0,0,2.5,2.5,3.5,9.5,7.0,6.0,3.0,9
1867,1867,61,95,570350.0,136750.0,10610095,0,0,3,0,0,0,0,136750.0,570350.0,1867,0,0,1,3,2,4,0,3,0,2,2,4,0.0,0.0,0.0,0,2.5,2.5,2.5,9.5,6.0,6.0,2.0,9
1868,1868,61,96,570450.0,136750.0,10610096,0,0,3,0,0,0,0,136750.0,570450.0,1868,1,0,1,3,2,4,4,3,0,3,2,4,0.0,0.0,0.0,0,2.5,2.5,3.5,9.5,6.0,10.0,3.0,9
1869,1869,61,97,570550.0,136750.0,10610097,1,0,4,0,0,0,0,136750.0,570550.0,1869,2,0,1,2,2,4,4,3,0,3,2,4,0.0,0.0,0.0,0,2.5,2.5,5.5,9.5,7.0,11.0,4.0,10
1870,1870,61,98,570650.0,136750.0,10610098,1,0,4,0,0,0,0,136750.0,570650.0,1870,3,1,1,2,2,4,4,3,0,3,1,4,0.0,0.0,0.0,0,2.5,0.75,7.5,7.75,7.0,11.0,4.0,9
1871,1871,61,99,570750.0,136750.0,10610099,1,0,4,0,0,0,0,136750.0,570750.0,1871,3,1,1,2,2,4,4,3,1,2,1,4,0.0,0.0,0.0,0,2.5,0.0,7.5,7.0,7.0,11.0,4.0,9
1872,1872,61,100,570850.0,136750.0,10610100,2,0,4,0,0,0,0,136750.0,570850.0,1872,2,1,1,2,2,3,4,3,1,2,1,4,0.0,0.0,0.0,0,2.5,0.0,7.5,7.0,7.0,11.0,5.0,9
1873,1873,61,101,570950.0,136750.0,10610101,2,0,4,0,0,0,0,136750.0,570950.0,1873,2,1,1,1,2,3,4,3,1,2,1,4,0.0,0.0,0.0,0,1.5,0.0,6.5,6.0,7.0,11.0,5.0,9
1874,1874,61,102,571050.0,136750.0,10610102,3,0,3,0,0,0,0,136750.0,571050.0,1874,2,2,2,1,1,3,4,3,1,2,1,4,0.0,0.0,0.0,0,1.5,0.0,8.5,6.0,7.0,10.0,6.0,8
1875,1875,61,103,571150.0,136750.0,10610103,3,0,3,0,0,0,0,136750.0,571150.0,1875,2,2,3,1,1,3,4,3,1,2,1,4,0.0,0.0,0.0,0,2.5,0.0,9.5,7.0,7.0,10.0,6.0,8
1876,1876,61,104,571250.0,136750.0,10610104,3,0,3,0,0,0,0,136750.0,571250.0,1876,1,2,3,1,1,3,4,3,2,2,1,4,0.0,0.0,0.0,0,2.5,0.0,8.5,7.0,7.0,10.0,7.0,8
1877,1877,61,105,571350.0,136750.0,10610105,3,0,3,0,0,0,0,136750.0,571350.0,1877,1,2,3,1,1,3,4,3,2,2,1,4,0.0,0.0,0.0,0,2.5,0.0,8.5,7.0,7.0,10.0,7.0,8
1878,1878,61,106,571450.0,136750.0,10610106,3,0,3,0,0,0,0,136750.0,571450.0,1878,1,1,3,1,1,3,4,3,2,2,1,3,0.0,0.0,0.0,0,2.5,0.0,7.5,7.0,7.0,10.0,7.0,7
1879,1879,61,107,571550.0,136750.0,10610107,3,0,3,0,0,0,0,136750.0,571550.0,1879,1,1,3,1,1,3,4,3,2,2,2,3,0.0,0.0,0.0,0,2.5,0.0,7.5,7.0,7.0,10.0,7.0,8
1880,1880,61,108,571650.0,136750.0,10610108,3,0,3,0,0,0,0,136750.0,571650.0,1880,1,1,3,1,1,3,4,3,2,2,2,3,0.0,0.0,0.0,0,2.5,0.0,7.5,7.0,7.0,10.0,7.0,8
1881,1881,61,109,571750.0,136750.0,10610109,3,0,3,0,0,0,0,136750.0,571750.0,1881,1,1,3,1,1,3,4,3,2,2,2,3,0.0,0.0,0.0,0,2.5,0.0,7.5,7.0,7.0,10.0,7.0,8
1882,1882,61,110,571850.0,136750.0,10610110,4,0,3,0,0,0,0,136750.0,571850.0,1882,1,1,3,1,2,3,4,3,2,2,2,3,0.0,0.0,0.0,0,2.5,0.0,8.5,7.0,9.0,10.0,8.0,8
1883,1883,61,111,571950.0,136750.0,10610111,4,0,4,0,0,0,0,136750.0,571950.0,1883,2,2,3,1,2,3,4,3,2,2,2,3,0.0,0.0,0.0,0,2.5,0.0,10.5,8.0,9.0,11.0,8.0,9
1884,1884,61,112,572050.0,136750.0,10610112,4,0,4,0,0,0,0,136750.0,572050.0,1884,2,2,3,1,2,3,4,3,2,2,2,3,0.0,0.0,0.0,0,2.25,0.0,10.25,8.0,9.0,11.0,8.0,9
1885,1885,61,113,572150.0,136750.0,10610113,4,0,4,0,0,0,0,136750.0,572150.0,1885,2,2,3,1,2,3,4,3,2,2,2,3,0.0,0.0,0.0,0,1.75,0.0,9.75,8.0,9.0,11.0,8.0,9
1886,1886,62,32,564050.0,136650.0,10620032,4,0,4,0,0,0,0,136650.0,564050.0,1886,3,2,3,2,3,3,4,3,3,2,2,3,0.0,0.0,0.0,0,0.0,0.0,9.0,9.0,10.0,11.0,9.0,9
1887,1887,62,33,564150.0,136650.0,10620033,4,0,4,0,0,0,0,136650.0,564150.0,1887,3,2,3,2,3,3,4,3,3,2,2,3,0.0,0.0,0.0,0,0.0,0.0,9.0,9.0,10.0,11.0,9.0,9
1888,1888,62,34,564250.0,136650.0,10620034,4,0,4,0,0,0,0,136650.0,564250.0,1888,2,2,3,2,3,3,4,3,3,2,2,3,0.0,0.0,0.0,0,0.0,0.0,8.0,9.0,10.0,11.0,9.0,9
1889,1889,62,35,564350.0,136650.0,10620035,4,0,4,0,0,0,0,136650.0,564350.0,1889,2,2,3,2,3,3,4,3,3,2,1,3,0.0,0.0,0.0,0,0.0,0.0,8.0,9.0,10.0,11.0,9.0,8
1890,1890,62,36,564450.0,136650.0,10620036,4,0,4,0,0,0,0,136650.0,564450.0,1890,2,1,3,2,3,3,4,3,3,2,1,3,0.0,0.0,0.0,0,0.0,0.0,7.0,9.0,10.0,11.0,9.0,8
1891,1891,62,37,564550.0,136650.0,10620037,4,0,4,0,0,0,0,136650.0,564550.0,1891,2,1,3,2,3,3,4,3,3,3,1,3,0.0,0.0,0.0,0,0.0,0.0,7.0,9.0,10.0,11.0,10.0,8
1892,1892,62,38,564650.0,136650.0,10620038,4,0,4,0,0,0,0,136650.0,564650.0,1892,2,1,3,2,3,3,4,3,3,3,1,3,0.0,0.0,0.0,0,0.0,0.0,7.0,9.0,10.0,11.0,10.0,8
1893,1893,62,39,564750.0,136650.0,10620039,4,0,4,0,0,0,0,136650.0,564750.0,1893,2,1,3,3,3,3,4,3,3,3,0,3,0.0,0.0,0.0,0,0.0,0.0,7.0,10.0,10.0,11.0,10.0,7
1894,1894,62,40,564850.0,136650.0,10620040,4,0,4,0,0,0,0,136650.0,564850.0,1894,2,1,2,3,3,3,4,3,3,3,0,3,0.0,0.0,0.0,0,0.0,0.0,7.0,9.0,10.0,11.0,10.0,7
1895,1895,62,41,564950.0,136650.0,10620041,4,0,4,0,0,0,0,136650.0,564950.0,1895,2,1,1,3,3,3,4,3,3,3,0,3,0.0,0.0,0.0,0,0.0,0.0,7.0,8.0,10.0,11.0,10.0,7
1896,1896,62,42,565050.0,136650.0,10620042,3,0,4,0,0,0,0,136650.0,565050.0,1896,2,2,1,3,2,3,4,3,4,4,0,3,0.0,0.0,0.0,0,0.0,0.0,7.0,8.0,8.0,11.0,11.0,7
1897,1897,62,43,565150.0,136650.0,10620043,3,0,4,0,0,0,0,136650.0,565150.0,1897,2,2,1,3,2,3,4,3,4,4,0,3,0.0,0.0,0.0,0,0.0,0.0,7.0,8.0,8.0,11.0,11.0,7
1898,1898,62,44,565250.0,136650.0,10620044,2,0,3,0,0,0,0,136650.0,565250.0,1898,3,3,1,3,2,3,4,3,4,3,0,3,0.0,0.0,0.0,0,0.0,0.0,8.0,7.0,7.0,10.0,9.0,6
1899,1899,62,45,565350.0,136650.0,10620045,2,0,3,0,0,0,0,136650.0,565350.0,1899,3,3,0,4,2,3,4,3,4,4,0,3,0.0,0.0,0.0,0,0.0,0.0,8.0,7.0,7.0,10.0,10.0,6
1900,1900,62,46,565450.0,136650.0,10620046,1,0,2,0,0,0,0,136650.0,565450.0,1900,3,4,0,4,1,3,4,3,0,1,0,3,0.0,0.0,0.0,0,0.0,0.0,8.0,6.0,5.0,9.0,2.0,5
1901,1901,62,47,565550.0,136650.0,10620047,1,0,2,0,0,0,0,136650.0,565550.0,1901,3,4,0,4,1,2,4,3,0,1,0,3,0.0,0.0,0.0,0,0.0,0.0,8.0,6.0,4.0,9.0,2.0,5
1902,1902,62,48,565650.0,136650.0,10620048,1,0,1,0,0,0,0,136650.0,565650.0,1902,2,4,0,4,1,2,4,3,0,1,0,3,0.0,0.0,0.0,0,0.0,0.0,7.0,5.0,4.0,8.0,2.0,4
1903,1903,62,49,565750.0,136650.0,10620049,1,0,1,0,0,0,0,136650.0,565750.0,1903,1,3,0,4,1,2,4,3,1,1,0,2,0.0,0.0,0.0,0,2.25,0.0,7.25,5.0,4.0,8.0,3.0,3
1904,1904,62,50,565850.0,136650.0,10620050,0,0,0,0,0,0,0,136650.0,565850.0,1904,1,1,0,4,0,1,4,3,1,1,0,1,0.0,0.0,0.0,0,2.5,0.0,4.5,4.0,1.0,7.0,2.0,1
1905,1905,62,51,565950.0,136650.0,10620051,0,0,0,0,0,0,0,136650.0,565950.0,1905,0,0,0,4,0,1,0,3,0,1,0,0,0.0,0.0,0.0,0,2.5,0.0,2.5,4.0,1.0,3.0,1.0,0
1906,1906,62,52,566050.0,136650.0,10620052,0,0,0,0,0,0,0,136650.0,566050.0,1906,0,0,0,4,0,1,0,3,0,0,0,0,0.0,0.0,0.0,0,2.5,0.0,2.5,4.0,1.0,3.0,0.0,0
1907,1907,62,53,566150.0,136650.0,10620053,0,0,0,0,0,0,0,136650.0,566150.0,1907,0,0,0,3,0,0,0,3,0,0,0,0,0.0,0.0,0.0,0,2.5,0.0,2.5,3.0,0.0,3.0,0.0,0
1908,1908,62,54,566250.0,136650.0,10620054,0,0,1,0,0,0,0,136650.0,566250.0,1908,0,0,0,0,0,0,0,3,0,1,0,0,0.0,0.0,0.0,0,2.5,0.0,2.5,1.0,0.0,4.0,1.0,1
1909,1909,62,55,566350.0,136650.0,10620055,1,0,1,0,0,0,0,136650.0,566350.0,1909,0,0,0,0,0,0,0,3,0,1,0,0,0.0,0.0,0.0,0,2.5,0.0,3.5,1.0,1.0,4.0,2.0,1
1910,1910,62,56,566450.0,136650.0,10620056,1,0,2,0,0,0,0,136650.0,566450.0,1910,0,0,0,0,0,0,0,3,0,1,0,0,0.0,0.0,0.0,0,2.5,0.0,3.5,2.0,1.0,5.0,2.0,2
1911,1911,62,57,566550.0,136650.0,10620057,0,0,1,0,0,0,0,136650.0,566550.0,1911,0,0,0,0,0,0,0,0,3,1,0,0,0.0,0.0,0.0,0,2.5,0.0,2.5,1.0,0.0,1.0,4.0,1
1912,1912,62,58,566650.0,136650.0,10620058,0,0,1,0,0,0,0,136650.0,566650.0,1912,1,0,0,0,0,1,0,0,4,1,0,0,1.0,0.0,0.0,0,2.5,0.0,3.5,1.0,2.0,1.0,5.0,1
1913,1913,62,59,566750.0,136650.0,10620059,0,1,1,0,0,0,0,136650.0,566750.0,1913,2,0,0,0,0,0,0,0,4,0,0,0,1.0,0.0,0.0,0,2.5,0.0,5.5,1.0,2.0,1.0,5.0,1
1914,1914,62,60,566850.0,136650.0,10620060,0,2,0,0,2,0,0,136650.0,566850.0,1914,3,0,0,0,0,0,0,4,4,0,0,1,1.0,0.0,1.0,0,2.5,2.5,7.5,2.5,5.0,6.0,7.0,1
1915,1915,62,61,566950.0,136650.0,10620061,0,2,1,0,1,2,0,136650.0,566950.0,1915,3,0,0,0,0,0,0,4,4,0,0,2,1.0,0.0,1.0,0,2.5,2.5,7.5,3.5,4.0,6.0,9.0,5
1916,1916,62,62,567050.0,136650.0,10620062,0,2,1,0,1,2,0,136650.0,567050.0,1916,3,0,0,0,0,0,4,4,4,0,0,2,1.0,0.0,1.0,0,2.5,2.5,7.5,3.5,4.0,10.0,9.0,5
1917,1917,62,63,567150.0,136650.0,10620063,0,1,1,0,0,2,0,136650.0,567150.0,1917,4,0,0,0,0,0,4,4,4,0,0,1,1.0,0.0,1.0,0,2.5,2.5,7.5,3.5,2.0,9.0,8.0,4
1918,1918,62,64,567250.0,136650.0,10620064,0,2,1,0,0,1,0,136650.0,567250.0,1918,4,0,1,0,0,0,4,0,4,0,0,0,1.0,0.0,1.0,0,2.5,2.5,8.5,4.5,3.0,5.0,8.0,2
1919,1919,62,65,567350.0,136650.0,10620065,0,2,1,1,0,0,0,136650.0,567350.0,1919,4,0,4,0,0,1,4,0,4,0,0,0,1.75,0.0,1.0,0,2.5,2.5,8.5,8.5,4.75,6.0,7.0,2
1920,1920,62,66,567450.0,136650.0,10620066,0,2,1,2,0,0,0,136650.0,567450.0,1920,4,0,4,0,1,1,4,0,4,0,0,0,1.0,0.0,0.0,0,2.5,2.5,8.5,9.5,5.0,7.0,6.0,3
1921,1921,62,67,567550.0,136650.0,10620067,1,1,0,3,0,0,0,136650.0,567550.0,1921,4,0,4,0,1,1,4,0,4,1,0,0,1.0,0.0,0.0,0,2.5,2.5,8.5,9.5,5.0,7.0,7.0,3
1922,1922,62,68,567650.0,136650.0,10620068,1,2,0,2,0,0,0,136650.0,567650.0,1922,4,0,4,0,1,1,0,0,4,1,1,0,1.75,0.0,0.0,0,2.5,2.5,9.5,8.5,6.75,2.0,8.0,3
1923,1923,62,69,567750.0,136650.0,10620069,1,2,1,2,0,0,0,136650.0,567750.0,1923,4,0,4,0,1,1,4,0,4,2,1,0,1.75,0.0,0.0,0,2.5,2.5,9.5,9.5,6.75,7.0,9.0,4
1924,1924,62,70,567850.0,136650.0,10620070,2,2,1,2,0,0,0,136650.0,567850.0,1924,4,0,1,0,1,1,4,0,3,3,1,0,1.75,0.0,0.0,0,2.5,2.5,10.5,6.5,7.75,7.0,10.0,4
1925,1925,62,71,567950.0,136650.0,10620071,2,2,0,1,0,0,0,136650.0,567950.0,1925,4,0,1,0,1,1,4,0,2,2,2,0,1.75,0.0,0.0,0,2.5,2.5,10.5,4.5,7.75,5.0,8.0,3
1926,1926,62,72,568050.0,136650.0,10620072,3,3,0,2,0,0,0,136650.0,568050.0,1926,4,0,0,0,1,1,4,0,0,0,2,0,1.75,0.0,0.0,0,2.5,2.5,12.5,4.5,9.75,6.0,6.0,4
1927,1927,62,73,568150.0,136650.0,10620073,2,3,0,2,0,0,0,136650.0,568150.0,1927,4,0,0,0,1,1,0,0,0,0,3,0,1.75,0.0,0.0,0,2.5,2.5,11.5,4.5,8.75,2.0,5.0,5
1928,1928,62,74,568250.0,136650.0,10620074,2,3,0,2,0,0,0,136650.0,568250.0,1928,4,0,0,0,1,1,0,0,0,0,3,0,1.75,0.0,0.0,0,2.5,2.5,11.5,4.5,8.75,2.0,5.0,5
1929,1929,62,75,568350.0,136650.0,10620075,1,3,1,1,0,0,0,136650.0,568350.0,1929,4,0,1,0,1,1,0,0,0,0,3,0,0.75,0.0,0.0,0,2.5,2.5,10.5,5.5,6.75,2.0,4.0,5
1930,1930,62,76,568450.0,136650.0,10620076,1,2,1,0,0,0,0,136650.0,568450.0,1930,4,0,1,0,1,1,0,0,0,0,3,0,0.0,0.0,0.0,0,2.5,2.5,9.5,4.5,5.0,1.0,3.0,4
1931,1931,62,77,568550.0,136650.0,10620077,0,1,1,0,0,0,0,136650.0,568550.0,1931,4,0,0,0,1,1,0,0,0,1,3,2,0.0,0.0,0.0,0,2.5,2.5,7.5,3.5,3.0,1.0,2.0,6
1932,1932,62,78,568650.0,136650.0,10620078,0,0,0,0,0,0,0,136650.0,568650.0,1932,4,0,0,0,1,1,0,0,1,2,3,3,0.0,0.0,0.0,0,2.5,2.5,6.5,2.5,2.0,0.0,3.0,6
1933,1933,62,79,568750.0,136650.0,10620079,0,0,0,0,0,0,0,136650.0,568750.0,1933,4,1,0,0,0,1,0,0,0,2,3,4,0.0,0.0,0.0,0,2.5,2.5,7.5,2.5,1.0,0.0,2.0,7
1934,1934,62,80,568850.0,136650.0,10620080,0,0,1,0,0,0,0,136650.0,568850.0,1934,3,0,0,0,0,1,0,0,0,2,3,4,0.0,0.0,0.0,0,2.5,2.5,5.5,3.5,1.0,1.0,2.0,8
1935,1935,62,81,568950.0,136650.0,10620081,0,0,1,0,0,0,0,136650.0,568950.0,1935,0,0,0,0,0,1,0,4,0,2,3,4,0.0,0.0,0.0,0,2.5,2.5,2.5,3.5,1.0,5.0,2.0,8
1936,1936,62,82,569050.0,136650.0,10620082,0,0,2,0,0,0,0,136650.0,569050.0,1936,0,0,0,0,0,1,0,4,0,2,3,4,0.0,0.0,0.0,0,2.5,2.5,2.5,4.5,1.0,6.0,2.0,9
1937,1937,62,83,569150.0,136650.0,10620083,1,0,2,0,0,0,0,136650.0,569150.0,1937,0,0,0,0,0,1,0,4,0,2,3,4,0.0,0.0,0.0,0,2.5,2.5,3.5,4.5,2.0,6.0,3.0,9
1938,1938,62,84,569250.0,136650.0,10620084,1,0,2,0,0,0,0,136650.0,569250.0,1938,0,0,0,0,0,1,0,4,0,2,3,4,0.0,0.0,0.0,0,2.5,2.5,3.5,4.5,2.0,6.0,3.0,9
1939,1939,62,85,569350.0,136650.0,10620085,2,0,2,0,0,0,0,136650.0,569350.0,1939,0,0,0,0,1,1,0,4,1,1,3,4,0.0,0.0,0.0,0,2.25,1.75,4.25,3.75,4.0,6.0,4.0,9
1940,1940,62,86,569450.0,136650.0,10620086,2,0,2,0,0,0,0,136650.0,569450.0,1940,0,0,0,0,1,2,0,4,1,1,3,4,0.0,0.0,0.0,0,2.5,2.5,4.5,4.5,5.0,6.0,4.0,9
1941,1941,62,87,569550.0,136650.0,10620087,3,0,2,0,0,0,0,136650.0,569550.0,1941,0,0,0,0,1,2,0,4,1,1,3,4,0.0,0.0,0.0,0,2.5,2.5,5.5,4.5,6.0,6.0,5.0,9
1942,1942,62,88,569650.0,136650.0,10620088,3,0,2,0,0,0,0,136650.0,569650.0,1942,0,0,0,0,1,3,0,4,1,1,3,4,0.0,0.0,0.0,0,2.5,2.5,5.5,4.5,7.0,6.0,5.0,9
1943,1943,62,89,569750.0,136650.0,10620089,3,0,2,0,0,0,0,136650.0,569750.0,1943,0,0,0,0,1,3,0,4,1,1,3,4,0.0,0.0,0.0,0,2.5,2.5,5.5,4.5,7.0,6.0,5.0,9
1944,1944,62,90,569850.0,136650.0,10620090,2,0,3,0,0,0,0,136650.0,569850.0,1944,0,0,0,0,2,4,0,4,1,1,2,4,0.0,0.0,0.0,0,2.5,2.5,4.5,5.5,8.0,7.0,4.0,9
1945,1945,62,91,569950.0,136650.0,10620091,2,0,3,0,0,0,0,136650.0,569950.0,1945,0,0,1,1,2,4,0,4,1,1,2,4,0.0,0.0,0.0,0,2.5,2.5,4.5,7.5,8.0,7.0,4.0,9
1946,1946,62,92,570050.0,136650.0,10620092,2,0,3,0,0,0,0,136650.0,570050.0,1946,0,0,1,2,2,4,0,4,0,1,2,4,0.0,0.0,0.0,0,2.5,2.5,4.5,8.5,8.0,7.0,3.0,9
1947,1947,62,93,570150.0,136650.0,10620093,1,0,3,0,0,0,0,136650.0,570150.0,1947,0,0,1,2,2,4,0,3,0,1,2,4,0.0,0.0,0.0,0,2.5,2.5,3.5,8.5,7.0,6.0,2.0,9
1948,1948,62,94,570250.0,136650.0,10620094,1,0,3,0,0,0,0,136650.0,570250.0,1948,0,0,1,2,2,4,0,3,0,1,2,4,0.0,0.0,0.0,0,2.5,2.5,3.5,8.5,7.0,6.0,2.0,9
1949,1949,62,95,570350.0,136650.0,10620095,1,0,4,0,0,0,0,136650.0,570350.0,1949,0,0,1,2,2,4,4,3,0,1,2,4,0.0,0.0,0.0,0,2.5,2.5,3.5,9.5,7.0,11.0,2.0,10
1950,1950,62,96,570450.0,136650.0,10620096,1,0,4,0,0,0,0,136650.0,570450.0,1950,1,0,1,2,2,4,4,3,0,1,2,4,0.0,0.0,0.0,0,2.5,2.5,4.5,9.5,7.0,11.0,2.0,10
1951,1951,62,97,570550.0,136650.0,10620097,1,0,4,0,0,0,0,136650.0,570550.0,1951,2,1,1,2,2,4,4,3,0,2,2,4,0.0,0.0,0.0,0,2.5,1.5,6.5,8.5,7.0,11.0,3.0,10
1952,1952,62,98,570650.0,136650.0,10620098,1,0,4,0,0,0,0,136650.0,570650.0,1952,3,1,1,2,2,4,4,3,1,2,2,4,0.0,0.0,0.0,0,2.5,0.0,7.5,7.0,7.0,11.0,4.0,10
1953,1953,62,99,570750.0,136650.0,10620099,2,0,4,0,0,0,0,136650.0,570750.0,1953,3,1,1,2,2,4,4,3,1,2,2,4,0.0,0.0,0.0,0,2.5,0.0,8.5,7.0,8.0,11.0,5.0,10
1954,1954,62,100,570850.0,136650.0,10620100,2,0,4,0,0,0,0,136650.0,570850.0,1954,3,1,1,1,2,4,4,3,1,2,2,4,0.0,0.0,0.0,0,2.5,0.0,8.5,6.0,8.0,11.0,5.0,10
1955,1955,62,101,570950.0,136650.0,10620101,3,0,4,0,0,0,0,136650.0,570950.0,1955,2,2,2,1,2,3,4,3,1,2,2,4,0.0,0.0,0.0,0,1.5,0.0,8.5,7.0,8.0,11.0,6.0,10
1956,1956,62,102,571050.0,136650.0,10620102,3,0,4,0,0,0,0,136650.0,571050.0,1956,2,2,2,1,2,3,4,3,1,2,1,4,0.0,0.0,0.0,0,1.5,0.0,8.5,7.0,8.0,11.0,6.0,9
1957,1957,62,103,571150.0,136650.0,10620103,3,0,4,0,0,0,0,136650.0,571150.0,1957,2,2,3,1,2,3,4,3,2,2,1,4,0.0,0.0,0.0,0,1.5,0.0,8.5,8.0,8.0,11.0,7.0,9
1958,1958,62,104,571250.0,136650.0,10620104,4,0,4,0,0,0,0,136650.0,571250.0,1958,2,2,3,1,2,3,4,3,2,2,1,4,0.0,0.0,0.0,0,2.5,0.0,10.5,8.0,9.0,11.0,8.0,9
1959,1959,62,105,571350.0,136650.0,10620105,3,0,3,0,0,0,0,136650.0,571350.0,1959,1,2,3,1,2,3,4,3,2,2,2,4,0.0,0.0,0.0,0,2.5,0.0,8.5,7.0,8.0,10.0,7.0,9
1960,1960,62,106,571450.0,136650.0,10620106,3,0,3,0,0,0,0,136650.0,571450.0,1960,1,1,3,1,2,3,4,3,2,2,2,3,0.0,0.0,0.0,0,2.5,0.0,7.5,7.0,8.0,10.0,7.0,8
1961,1961,62,107,571550.0,136650.0,10620107,4,0,3,0,0,0,0,136650.0,571550.0,1961,1,1,3,1,2,3,4,3,2,2,2,3,0.0,0.0,0.0,0,2.5,0.0,8.5,7.0,9.0,10.0,8.0,8
1962,1962,62,108,571650.0,136650.0,10620108,4,0,4,0,0,0,0,136650.0,571650.0,1962,1,1,3,1,2,3,4,3,2,2,2,3,0.0,0.0,0.0,0,2.5,0.0,8.5,8.0,9.0,11.0,8.0,9
1963,1963,62,109,571750.0,136650.0,10620109,4,0,4,0,0,0,0,136650.0,571750.0,1963,1,1,3,1,2,3,4,3,2,2,2,3,0.0,0.0,0.0,0,2.5,0.0,8.5,8.0,9.0,11.0,8.0,9
1964,1964,62,110,571850.0,136650.0,10620110,4,0,4,0,0,0,0,136650.0,571850.0,1964,1,1,3,1,2,3,4,3,2,2,2,3,0.0,0.0,0.0,0,2.5,0.0,8.5,8.0,9.0,11.0,8.0,9
1965,1965,62,111,571950.0,136650.0,10620111,4,0,4,0,0,0,0,136650.0,571950.0,1965,2,1,3,1,2,3,4,3,2,2,2,3,0.0,0.0,0.0,0,2.5,0.0,9.5,8.0,9.0,11.0,8.0,9
1966,1966,62,112,572050.0,136650.0,10620112,4,0,4,0,0,0,0,136650.0,572050.0,1966,2,2,3,1,2,3,4,3,2,2,2,3,0.0,0.0,0.0,0,2.5,0.0,10.5,8.0,9.0,11.0,8.0,9
1967,1967,62,113,572150.0,136650.0,10620113,4,0,4,0,0,0,0,136650.0,572150.0,1967,2,2,3,1,2,3,4,3,3,2,2,3,0.0,0.0,0.0,0,2.25,0.0,10.25,8.0,9.0,11.0,9.0,9
1968,1968,63,32,564050.0,136550.0,10630032,4,0,4,0,0,0,0,136550.0,564050.0,1968,3,2,3,2,3,3,4,3,3,2,2,3,0.0,0.0,0.0,0,0.0,0.0,9.0,9.0,10.0,11.0,9.0,9
1969,1969,63,33,564150.0,136550.0,10630033,4,0,4,0,0,0,0,136550.0,564150.0,1969,3,2,3,2,3,3,4,3,3,2,2,3,0.0,0.0,0.0,0,0.0,0.0,9.0,9.0,10.0,11.0,9.0,9
1970,1970,63,34,564250.0,136550.0,10630034,4,0,4,0,0,0,0,136550.0,564250.0,1970,2,2,3,2,3,3,4,3,3,2,2,3,0.0,0.0,0.0,0,0.0,0.0,8.0,9.0,10.0,11.0,9.0,9
1971,1971,63,35,564350.0,136550.0,10630035,4,0,4,0,0,0,0,136550.0,564350.0,1971,2,2,3,2,3,3,4,3,3,2,1,3,0.0,0.0,0.0,0,0.0,0.0,8.0,9.0,10.0,11.0,9.0,8
1972,1972,63,36,564450.0,136550.0,10630036,4,0,4,0,0,0,0,136550.0,564450.0,1972,2,1,3,2,3,3,4,3,3,2,1,3,0.0,0.0,0.0,0,0.0,0.0,7.0,9.0,10.0,11.0,9.0,8
1973,1973,63,37,564550.0,136550.0,10630037,4,0,4,0,0,0,0,136550.0,564550.0,1973,2,1,3,2,3,3,4,3,3,3,1,3,0.0,0.0,0.0,0,0.0,0.0,7.0,9.0,10.0,11.0,10.0,8
1974,1974,63,38,564650.0,136550.0,10630038,4,0,4,0,0,0,0,136550.0,564650.0,1974,2,1,3,2,3,3,4,3,3,3,1,3,0.0,0.0,0.0,0,0.0,0.0,7.0,9.0,10.0,11.0,10.0,8
1975,1975,63,39,564750.0,136550.0,10630039,4,0,4,0,0,0,0,136550.0,564750.0,1975,2,1,3,3,3,3,4,3,3,3,0,3,0.0,0.0,0.0,0,0.0,0.0,7.0,10.0,10.0,11.0,10.0,7
1976,1976,63,40,564850.0,136550.0,10630040,4,0,4,0,0,0,0,136550.0,564850.0,1976,2,1,2,3,3,3,4,3,3,3,0,3,0.0,0.0,0.0,0,0.0,0.0,7.0,9.0,10.0,11.0,10.0,7
1977,1977,63,41,564950.0,136550.0,10630041,4,0,4,0,0,0,0,136550.0,564950.0,1977,2,1,1,3,3,3,4,3,3,3,0,3,0.0,0.0,0.0,0,0.0,0.0,7.0,8.0,10.0,11.0,10.0,7
1978,1978,63,42,565050.0,136550.0,10630042,3,0,4,0,0,0,0,136550.0,565050.0,1978,2,2,1,3,2,3,4,3,4,4,0,3,0.0,0.0,0.0,0,0.0,0.0,7.0,8.0,8.0,11.0,11.0,7
1979,1979,63,43,565150.0,136550.0,10630043,3,0,4,0,0,0,0,136550.0,565150.0,1979,3,3,1,3,2,3,4,3,4,4,0,3,0.0,0.0,0.0,0,0.0,0.0,9.0,8.0,8.0,11.0,11.0,7
1980,1980,63,44,565250.0,136550.0,10630044,2,0,3,0,0,0,0,136550.0,565250.0,1980,3,3,1,3,2,3,4,3,4,3,0,3,0.0,0.0,0.0,0,0.0,0.0,8.0,7.0,7.0,10.0,9.0,6
1981,1981,63,45,565350.0,136550.0,10630045,2,0,3,0,0,0,0,136550.0,565350.0,1981,3,3,0,4,2,3,4,3,4,4,0,3,0.0,0.0,0.0,0,0.0,0.0,8.0,7.0,7.0,10.0,10.0,6
1982,1982,63,46,565450.0,136550.0,10630046,2,0,2,0,0,0,0,136550.0,565450.0,1982,3,3,0,4,1,2,4,3,0,1,0,3,0.0,0.0,0.0,0,0.0,0.0,8.0,6.0,5.0,9.0,3.0,5
1983,1983,63,47,565550.0,136550.0,10630047,1,0,2,0,0,0,0,136550.0,565550.0,1983,3,3,0,4,1,2,4,3,0,1,0,3,0.0,0.0,0.0,0,0.0,0.0,7.0,6.0,4.0,9.0,2.0,5
1984,1984,63,48,565650.0,136550.0,10630048,1,0,1,0,0,0,0,136550.0,565650.0,1984,2,3,0,4,1,2,4,3,1,1,0,3,0.0,0.0,0.0,0,0.0,0.0,6.0,5.0,4.0,8.0,3.0,4
1985,1985,63,49,565750.0,136550.0,10630049,1,0,1,0,0,0,0,136550.0,565750.0,1985,2,2,0,4,1,2,4,3,1,1,0,2,0.0,0.0,0.0,0,2.25,0.0,7.25,5.0,4.0,8.0,3.0,3
1986,1986,63,50,565850.0,136550.0,10630050,1,0,0,0,0,0,0,136550.0,565850.0,1986,1,1,0,4,0,1,4,3,1,1,0,0,0.0,0.0,0.0,0,2.5,0.0,5.5,4.0,2.0,7.0,3.0,0
1987,1987,63,51,565950.0,136550.0,10630051,0,0,0,0,0,0,0,136550.0,565950.0,1987,0,0,0,4,0,1,0,3,0,0,0,0,0.0,0.0,0.0,0,2.5,0.0,2.5,4.0,1.0,3.0,0.0,0
1988,1988,63,52,566050.0,136550.0,10630052,0,0,0,0,0,0,0,136550.0,566050.0,1988,0,0,0,4,0,1,0,3,0,0,0,0,0.0,0.0,0.0,0,2.25,0.0,2.25,4.0,1.0,3.0,0.0,0
1989,1989,63,53,566150.0,136550.0,10630053,1,0,0,0,0,0,0,136550.0,566150.0,1989,0,0,0,3,0,0,0,3,0,0,0,0,0.0,0.0,0.0,0,1.75,0.0,2.75,3.0,1.0,3.0,1.0,0
1990,1990,63,54,566250.0,136550.0,10630054,1,0,1,0,0,0,0,136550.0,566250.0,1990,0,0,0,0,0,0,0,3,0,1,0,0,0.0,0.0,0.0,0,2.25,0.0,3.25,1.0,1.0,4.0,2.0,1
1991,1991,63,55,566350.0,136550.0,10630055,1,0,1,0,0,0,0,136550.0,566350.0,1991,0,0,0,0,0,0,0,3,0,1,0,0,0.0,0.0,0.0,0,2.25,0.0,3.25,1.0,1.0,4.0,2.0,1
1992,1992,63,56,566450.0,136550.0,10630056,0,0,2,0,0,0,0,136550.0,566450.0,1992,0,0,0,0,0,0,0,3,2,1,0,0,0.0,0.0,0.0,0,2.25,0.0,2.25,2.0,0.0,5.0,3.0,2
1993,1993,63,57,566550.0,136550.0,10630057,0,1,2,0,0,0,0,136550.0,566550.0,1993,0,0,0,0,0,0,0,3,4,1,0,0,0.0,0.0,0.0,0,2.5,0.0,3.5,2.0,1.0,5.0,6.0,2
1994,1994,63,58,566650.0,136550.0,10630058,0,1,1,0,0,0,0,136550.0,566650.0,1994,0,0,0,0,0,0,0,0,4,0,0,0,1.0,0.0,0.0,0,2.5,0.0,3.5,1.0,2.0,1.0,5.0,1
1995,1995,63,59,566750.0,136550.0,10630059,0,1,1,0,0,0,0,136550.0,566750.0,1995,2,0,0,0,0,0,0,0,4,0,0,0,1.0,0.0,0.0,0,2.5,0.0,5.5,1.0,2.0,1.0,5.0,1
1996,1996,63,60,566850.0,136550.0,10630060,0,1,1,0,0,0,0,136550.0,566850.0,1996,3,0,0,0,0,0,0,4,4,0,0,1,1.0,0.0,1.0,0,2.5,2.5,6.5,3.5,2.0,5.0,6.0,2
1997,1997,63,61,566950.0,136550.0,10630061,0,1,1,0,1,0,0,136550.0,566950.0,1997,3,0,0,0,0,0,0,4,4,0,0,2,1.0,0.0,1.0,0,2.5,2.5,6.5,3.5,3.0,6.0,6.0,3
1998,1998,63,62,567050.0,136550.0,10630062,0,1,1,0,1,0,0,136550.0,567050.0,1998,4,0,0,0,0,0,4,4,4,0,0,2,1.0,0.0,1.0,0,2.5,2.5,7.5,3.5,3.0,10.0,6.0,3
1999,1999,63,63,567150.0,136550.0,10630063,0,2,1,0,0,1,0,136550.0,567150.0,1999,4,0,1,0,0,0,4,0,4,0,0,1,1.75,0.0,1.75,0,2.5,2.5,8.5,4.5,3.75,5.0,8.75,3
2000,2000,63,64,567250.0,136550.0,10630064,0,3,1,0,0,1,0,136550.0,567250.0,2000,4,0,1,0,0,0,4,0,4,0,0,0,1.75,0.0,1.75,0,2.5,2.5,9.5,4.5,4.75,5.0,9.75,2
2001,2001,63,65,567350.0,136550.0,10630065,0,3,1,1,0,1,0,136550.0,567350.0,2001,4,0,4,0,0,0,4,0,4,0,0,0,1.75,0.0,1.75,0,2.5,2.5,9.5,8.5,4.75,6.0,9.75,3
2002,2002,63,66,567450.0,136550.0,10630066,1,3,0,2,0,0,0,136550.0,567450.0,2002,4,0,4,0,0,1,4,0,4,0,0,0,1.75,0.0,0.0,0,2.5,2.5,10.5,8.5,6.75,6.0,8.0,2
2003,2003,63,67,567550.0,136550.0,10630067,1,2,0,4,0,0,0,136550.0,567550.0,2003,4,0,4,0,1,1,0,0,4,0,0,0,1.75,0.0,0.0,0,2.5,2.5,9.5,10.5,6.75,4.0,7.0,4
2004,2004,63,68,567650.0,136550.0,10630068,2,2,0,3,0,0,0,136550.0,567650.0,2004,4,0,4,0,1,1,0,0,4,1,0,0,1.75,0.0,0.0,0,2.5,2.5,10.5,9.5,7.75,3.0,9.0,3
2005,2005,63,69,567750.0,136550.0,10630069,2,2,0,4,0,0,0,136550.0,567750.0,2005,4,0,4,0,1,1,4,0,4,2,1,0,1.75,0.0,0.0,0,2.5,2.5,10.5,10.5,7.75,8.0,10.0,5
2006,2006,63,70,567850.0,136550.0,10630070,2,2,1,3,0,0,0,136550.0,567850.0,2006,4,0,3,0,1,1,4,0,3,3,1,0,1.75,0.0,0.0,0,2.5,2.5,10.5,9.5,7.75,8.0,10.0,5
2007,2007,63,71,567950.0,136550.0,10630071,2,2,0,2,0,0,0,136550.0,567950.0,2007,4,0,1,0,1,1,4,0,3,2,2,0,1.75,0.0,0.0,0,2.5,2.5,10.5,5.5,7.75,6.0,9.0,4
2008,2008,63,72,568050.0,136550.0,10630072,2,3,0,3,0,0,0,136550.0,568050.0,2008,4,0,0,0,1,1,4,4,0,0,2,0,1.75,0.0,0.0,0,2.5,2.5,11.5,5.5,8.75,11.0,5.0,5
2009,2009,63,73,568150.0,136550.0,10630073,2,2,0,4,0,0,0,136550.0,568150.0,2009,4,0,0,0,1,1,0,0,0,0,3,0,0.75,0.0,0.0,0,2.5,2.5,10.5,6.5,6.75,4.0,4.0,7
2010,2010,63,74,568250.0,136550.0,10630074,2,3,0,2,0,0,0,136550.0,568250.0,2010,4,0,0,0,1,1,0,0,0,0,3,0,0.75,0.0,0.0,0,2.5,2.5,11.5,4.5,7.75,2.0,5.0,5
2011,2011,63,75,568350.0,136550.0,10630075,2,3,1,1,0,0,0,136550.0,568350.0,2011,4,0,1,0,1,1,0,0,0,0,3,0,0.0,0.0,0.0,0,2.5,2.5,11.5,5.5,7.0,2.0,5.0,5
2012,2012,63,76,568450.0,136550.0,10630076,1,2,1,0,0,0,0,136550.0,568450.0,2012,4,0,1,0,1,1,0,0,0,0,3,0,0.0,0.0,0.0,0,2.5,2.5,9.5,4.5,5.0,1.0,3.0,4
2013,2013,63,77,568550.0,136550.0,10630077,1,1,1,0,0,0,0,136550.0,568550.0,2013,4,0,1,0,1,1,0,0,0,1,3,2,0.0,0.0,0.0,0,2.5,2.5,8.5,4.5,4.0,1.0,3.0,6
2014,2014,63,78,568650.0,136550.0,10630078,1,0,1,0,0,0,0,136550.0,568650.0,2014,4,0,0,0,0,1,0,0,1,2,3,3,0.0,0.0,0.0,0,2.5,2.5,7.5,3.5,2.0,1.0,4.0,7
2015,2015,63,79,568750.0,136550.0,10630079,1,0,1,0,0,0,0,136550.0,568750.0,2015,4,0,0,0,0,1,0,0,0,2,3,4,0.0,0.0,0.0,0,2.5,2.5,7.5,3.5,2.0,1.0,3.0,8
2016,2016,63,80,568850.0,136550.0,10630080,0,0,1,0,0,0,0,136550.0,568850.0,2016,4,0,0,0,0,0,0,0,0,2,3,4,0.0,0.0,0.0,0,2.5,2.5,6.5,3.5,0.0,1.0,2.0,8
2017,2017,63,81,568950.0,136550.0,10630081,0,0,1,0,0,0,0,136550.0,568950.0,2017,1,0,0,0,0,0,0,4,0,2,3,4,0.0,0.0,0.0,0,2.5,2.5,3.5,3.5,0.0,5.0,2.0,8
2018,2018,63,82,569050.0,136550.0,10630082,0,0,2,0,0,0,0,136550.0,569050.0,2018,0,0,0,0,0,0,0,4,0,2,3,4,0.0,0.0,0.0,0,2.5,2.5,2.5,4.5,0.0,6.0,2.0,9
2019,2019,63,83,569150.0,136550.0,10630083,0,0,2,0,0,0,0,136550.0,569150.0,2019,0,0,0,0,0,1,0,4,0,2,3,4,0.0,0.0,0.0,0,2.5,2.5,2.5,4.5,1.0,6.0,2.0,9
2020,2020,63,84,569250.0,136550.0,10630084,1,0,3,0,0,0,0,136550.0,569250.0,2020,0,0,0,0,0,1,0,4,0,2,3,4,0.0,0.0,0.0,0,2.25,1.75,3.25,4.75,2.0,7.0,3.0,10
2021,2021,63,85,569350.0,136550.0,10630085,1,0,2,0,0,0,0,136550.0,569350.0,2021,0,0,0,0,0,1,0,4,1,1,3,4,0.0,0.0,0.0,0,1.0,1.0,2.0,3.0,2.0,6.0,3.0,9
2022,2022,63,86,569450.0,136550.0,10630086,2,0,2,0,0,0,0,136550.0,569450.0,2022,0,0,0,0,1,2,0,4,1,1,3,4,0.0,0.0,0.0,0,2.25,1.75,4.25,3.75,5.0,6.0,4.0,9
2023,2023,63,87,569550.0,136550.0,10630087,2,0,2,0,0,0,0,136550.0,569550.0,2023,0,0,0,0,1,2,0,4,1,1,3,4,0.0,0.0,0.0,0,2.5,2.5,4.5,4.5,5.0,6.0,4.0,9
2024,2024,63,88,569650.0,136550.0,10630088,3,0,3,0,0,0,0,136550.0,569650.0,2024,0,0,0,0,1,3,0,4,1,1,3,4,0.0,0.0,0.0,0,2.5,2.5,5.5,5.5,7.0,7.0,5.0,10
2025,2025,63,89,569750.0,136550.0,10630089,3,0,3,0,0,0,0,136550.0,569750.0,2025,0,0,0,0,1,4,0,4,1,0,3,4,0.0,0.0,0.0,0,2.5,2.5,5.5,5.5,8.0,7.0,4.0,10
2026,2026,63,90,569850.0,136550.0,10630090,3,0,3,0,0,0,0,136550.0,569850.0,2026,0,0,1,0,2,4,0,4,1,0,3,4,0.0,0.0,0.0,0,2.5,2.5,5.5,6.5,9.0,7.0,4.0,10
2027,2027,63,91,569950.0,136550.0,10630091,2,0,3,0,0,0,0,136550.0,569950.0,2027,0,0,1,0,2,4,0,4,1,0,3,4,0.0,0.0,0.0,0,2.5,2.5,4.5,6.5,8.0,7.0,3.0,10
2028,2028,63,92,570050.0,136550.0,10630092,2,0,4,0,0,0,0,136550.0,570050.0,2028,0,0,1,1,2,4,0,4,0,0,3,4,0.0,0.0,0.0,0,2.5,2.5,4.5,8.5,8.0,8.0,2.0,11
2029,2029,63,93,570150.0,136550.0,10630093,2,0,4,0,0,0,0,136550.0,570150.0,2029,0,0,1,1,2,4,0,3,0,0,3,4,0.0,0.0,0.0,0,2.5,2.5,4.5,8.5,8.0,7.0,2.0,11
2030,2030,63,94,570250.0,136550.0,10630094,1,0,4,0,0,0,0,136550.0,570250.0,2030,0,0,1,1,2,4,4,3,0,0,3,4,0.0,0.0,0.0,0,2.5,2.5,3.5,8.5,7.0,11.0,1.0,11
2031,2031,63,95,570350.0,136550.0,10630095,1,0,4,0,0,0,0,136550.0,570350.0,2031,0,0,1,1,2,4,4,3,0,0,3,4,0.0,0.0,0.0,0,2.5,2.5,3.5,8.5,7.0,11.0,1.0,11
2032,2032,63,96,570450.0,136550.0,10630096,1,0,4,0,0,0,0,136550.0,570450.0,2032,2,0,1,2,2,4,4,3,0,1,2,4,0.0,0.0,0.0,0,2.5,1.5,5.5,8.5,7.0,11.0,2.0,10
2033,2033,63,97,570550.0,136550.0,10630097,1,0,4,0,0,0,0,136550.0,570550.0,2033,3,1,1,2,2,4,4,3,1,1,2,4,0.0,0.0,0.0,0,2.5,0.25,7.5,7.25,7.0,11.0,3.0,10
2034,2034,63,98,570650.0,136550.0,10630098,2,0,4,0,0,0,0,136550.0,570650.0,2034,3,1,1,2,2,4,4,3,1,1,2,4,0.0,0.0,0.0,0,2.5,0.0,8.5,7.0,8.0,11.0,4.0,10
2035,2035,63,99,570750.0,136550.0,10630099,2,0,4,0,0,0,0,136550.0,570750.0,2035,3,1,1,1,2,4,4,3,1,1,2,4,0.0,0.0,0.0,0,2.5,0.0,8.5,6.0,8.0,11.0,4.0,10
2036,2036,63,100,570850.0,136550.0,10630100,2,0,4,0,0,0,0,136550.0,570850.0,2036,3,2,1,1,2,4,4,3,1,1,2,4,0.0,0.0,0.0,0,2.5,0.0,9.5,6.0,8.0,11.0,4.0,10
2037,2037,63,101,570950.0,136550.0,10630101,3,0,4,0,0,0,0,136550.0,570950.0,2037,3,2,2,1,2,4,4,3,1,1,2,4,0.0,0.0,0.0,0,1.5,0.0,9.5,7.0,9.0,11.0,5.0,10
2038,2038,63,102,571050.0,136550.0,10630102,3,0,4,0,0,0,0,136550.0,571050.0,2038,2,2,3,1,2,3,4,3,2,1,2,4,0.0,0.0,0.0,0,1.5,0.0,8.5,8.0,8.0,11.0,6.0,10
2039,2039,63,103,571150.0,136550.0,10630103,3,0,4,0,0,0,0,136550.0,571150.0,2039,2,3,3,1,2,3,4,3,2,1,2,4,0.0,0.0,0.0,0,1.5,0.0,9.5,8.0,8.0,11.0,6.0,10
2040,2040,63,104,571250.0,136550.0,10630104,3,0,4,0,0,0,0,136550.0,571250.0,2040,2,2,3,1,2,3,4,3,2,1,2,4,0.0,0.0,0.0,0,2.5,0.0,9.5,8.0,8.0,11.0,6.0,10
2041,2041,63,105,571350.0,136550.0,10630105,4,0,4,0,0,0,0,136550.0,571350.0,2041,1,2,3,1,2,3,4,3,2,1,2,4,0.0,0.0,0.0,0,2.5,0.0,9.5,8.0,9.0,11.0,7.0,10
2042,2042,63,106,571450.0,136550.0,10630106,4,0,4,0,0,0,0,136550.0,571450.0,2042,1,1,3,1,2,3,4,3,2,1,2,3,0.0,0.0,0.0,0,2.5,0.0,8.5,8.0,9.0,11.0,7.0,9
2043,2043,63,107,571550.0,136550.0,10630107,4,0,4,0,0,0,0,136550.0,571550.0,2043,1,1,3,1,2,3,4,3,2,1,2,3,0.0,0.0,0.0,0,2.5,0.0,8.5,8.0,9.0,11.0,7.0,9
2044,2044,63,108,571650.0,136550.0,10630108,4,0,4,0,0,0,0,136550.0,571650.0,2044,1,1,3,1,2,3,4,3,2,2,2,3,0.0,0.0,0.0,0,2.5,0.0,8.5,8.0,9.0,11.0,8.0,9
2045,2045,63,109,571750.0,136550.0,10630109,4,0,4,0,0,0,0,136550.0,571750.0,2045,1,1,3,1,2,3,4,3,2,2,2,3,0.0,0.0,0.0,0,2.5,0.0,8.5,8.0,9.0,11.0,8.0,9
2046,2046,63,110,571850.0,136550.0,10630110,4,0,4,0,0,0,0,136550.0,571850.0,2046,1,1,3,1,2,3,4,3,2,2,2,3,0.0,0.0,0.0,0,2.5,0.0,8.5,8.0,9.0,11.0,8.0,9
2047,2047,63,111,571950.0,136550.0,10630111,4,0,4,0,0,0,0,136550.0,571950.0,2047,2,1,3,1,2,3,4,3,2,2,2,3,0.0,0.0,0.0,0,2.5,0.0,9.5,8.0,9.0,11.0,8.0,9
2048,2048,63,112,572050.0,136550.0,10630112,4,0,4,0,0,0,0,136550.0,572050.0,2048,2,2,3,1,2,3,4,3,3,2,2,3,0.0,0.0,0.0,0,2.5,0.0,10.5,8.0,9.0,11.0,9.0,9
2049,2049,63,113,572150.0,136550.0,10630113,4,0,4,0,0,0,0,136550.0,572150.0,2049,2,2,3,1,2,3,4,3,3,2,2,3,0.0,0.0,0.0,0,2.25,0.0,10.25,8.0,9.0,11.0,9.0,9
2050,2050,64,32,564050.0,136450.0,10640032,4,0,4,0,0,0,0,136450.0,564050.0,2050,3,2,3,2,3,3,4,3,3,2,2,3,0.0,0.0,0.0,0,0.0,0.0,9.0,9.0,10.0,11.0,9.0,9
2051,2051,64,33,564150.0,136450.0,10640033,4,0,4,0,0,0,0,136450.0,564150.0,2051,3,2,3,2,3,3,4,3,3,2,2,3,0.0,0.0,0.0,0,0.0,0.0,9.0,9.0,10.0,11.0,9.0,9
2052,2052,64,34,564250.0,136450.0,10640034,4,0,4,0,0,0,0,136450.0,564250.0,2052,3,2,3,2,3,3,4,3,3,2,2,3,0.0,0.0,0.0,0,0.0,0.0,9.0,9.0,10.0,11.0,9.0,9
2053,2053,64,35,564350.0,136450.0,10640035,4,0,4,0,0,0,0,136450.0,564350.0,2053,2,2,3,2,3,3,4,3,3,2,1,3,0.0,0.0,0.0,0,0.0,0.0,8.0,9.0,10.0,11.0,9.0,8
2054,2054,64,36,564450.0,136450.0,10640036,4,0,4,0,0,0,0,136450.0,564450.0,2054,2,1,3,2,3,3,4,3,3,2,1,3,0.0,0.0,0.0,0,0.0,0.0,7.0,9.0,10.0,11.0,9.0,8
2055,2055,64,37,564550.0,136450.0,10640037,4,0,4,0,0,0,0,136450.0,564550.0,2055,2,1,3,2,3,3,4,3,3,2,1,3,0.0,0.0,0.0,0,0.0,0.0,7.0,9.0,10.0,11.0,9.0,8
2056,2056,64,38,564650.0,136450.0,10640038,4,0,4,0,0,0,0,136450.0,564650.0,2056,2,1,3,2,3,3,4,3,3,3,1,3,0.0,0.0,0.0,0,0.0,0.0,7.0,9.0,10.0,11.0,10.0,8
2057,2057,64,39,564750.0,136450.0,10640039,4,0,4,0,0,0,0,136450.0,564750.0,2057,2,1,3,3,3,3,4,3,3,3,0,3,0.0,0.0,0.0,0,0.0,0.0,7.0,10.0,10.0,11.0,10.0,7
2058,2058,64,40,564850.0,136450.0,10640040,4,0,4,0,0,0,0,136450.0,564850.0,2058,2,1,2,3,3,3,4,3,3,3,0,3,0.0,0.0,0.0,0,0.0,0.0,7.0,9.0,10.0,11.0,10.0,7
2059,2059,64,41,564950.0,136450.0,10640041,4,0,4,0,0,0,0,136450.0,564950.0,2059,2,1,1,3,3,3,4,3,3,3,0,3,0.0,0.0,0.0,0,0.0,0.0,7.0,8.0,10.0,11.0,10.0,7
2060,2060,64,42,565050.0,136450.0,10640042,4,0,4,0,0,0,0,136450.0,565050.0,2060,3,2,1,3,2,3,4,3,3,3,0,3,0.0,0.0,0.0,0,0.0,0.0,9.0,8.0,9.0,11.0,10.0,7
2061,2061,64,43,565150.0,136450.0,10640043,3,0,4,0,0,0,0,136450.0,565150.0,2061,3,3,1,3,2,3,4,3,4,4,0,3,0.0,0.0,0.0,0,0.0,0.0,9.0,8.0,8.0,11.0,11.0,7
2062,2062,64,44,565250.0,136450.0,10640044,3,0,3,0,0,0,0,136450.0,565250.0,2062,3,3,1,3,2,3,4,3,4,4,0,3,0.0,0.0,0.0,0,0.0,0.0,9.0,7.0,8.0,10.0,11.0,6
2063,2063,64,45,565350.0,136450.0,10640045,2,0,3,0,0,0,0,136450.0,565350.0,2063,3,3,0,4,2,3,4,3,3,4,0,3,0.0,0.0,0.0,0,0.0,0.0,8.0,7.0,7.0,10.0,9.0,6
2064,2064,64,46,565450.0,136450.0,10640046,2,0,2,0,0,0,0,136450.0,565450.0,2064,3,3,0,4,1,2,4,3,0,1,0,3,0.0,0.0,0.0,0,0.0,0.0,8.0,6.0,5.0,9.0,3.0,5
2065,2065,64,47,565550.0,136450.0,10640047,2,0,2,0,0,0,0,136450.0,565550.0,2065,3,3,0,4,1,2,4,3,0,1,0,3,0.0,0.0,0.0,0,0.0,0.0,8.0,6.0,5.0,9.0,3.0,5
2066,2066,64,48,565650.0,136450.0,10640048,2,0,2,0,0,0,0,136450.0,565650.0,2066,3,2,0,4,1,2,4,3,1,1,0,3,0.0,0.0,0.0,0,0.0,0.0,7.0,6.0,5.0,9.0,4.0,5
2067,2067,64,49,565750.0,136450.0,10640049,1,0,1,0,0,0,0,136450.0,565750.0,2067,2,1,0,4,1,2,4,3,1,0,0,1,0.0,0.0,0.0,0,1.75,0.0,5.75,5.0,4.0,8.0,2.0,2
2068,2068,64,50,565850.0,136450.0,10640050,1,0,1,0,0,0,0,136450.0,565850.0,2068,2,1,0,4,0,1,4,3,1,1,0,0,0.0,0.0,0.0,0,2.5,0.0,6.5,5.0,2.0,8.0,3.0,1
2069,2069,64,51,565950.0,136450.0,10640051,1,0,0,0,0,0,0,136450.0,565950.0,2069,1,0,0,4,0,1,4,3,0,0,0,0,0.0,0.0,0.0,0,2.25,0.0,4.25,4.0,2.0,7.0,1.0,0
2070,2070,64,52,566050.0,136450.0,10640052,1,0,0,0,0,0,0,136450.0,566050.0,2070,0,0,0,4,0,1,0,3,0,0,0,0,0.0,0.0,0.0,0,0.0,0.0,1.0,4.0,2.0,3.0,1.0,0
2071,2071,64,53,566150.0,136450.0,10640053,1,0,1,0,0,0,0,136450.0,566150.0,2071,0,0,0,3,0,0,0,3,0,0,0,0,0.0,0.0,0.0,0,1.0,0.0,2.0,4.0,1.0,4.0,1.0,1
2072,2072,64,54,566250.0,136450.0,10640054,1,0,1,0,0,0,0,136450.0,566250.0,2072,0,0,0,0,0,0,0,3,0,1,0,0,0.0,0.0,0.0,0,1.75,0.0,2.75,1.0,1.0,4.0,2.0,1
2073,2073,64,55,566350.0,136450.0,10640055,1,0,1,0,0,0,0,136450.0,566350.0,2073,0,0,0,0,0,0,0,3,1,0,0,0,0.0,0.0,0.0,0,1.75,0.0,2.75,1.0,1.0,4.0,2.0,1
2074,2074,64,56,566450.0,136450.0,10640056,0,1,2,0,0,0,0,136450.0,566450.0,2074,0,0,0,0,0,0,0,3,3,0,0,0,0.0,0.0,0.0,0,2.25,0.0,3.25,2.0,1.0,5.0,4.0,2
2075,2075,64,57,566550.0,136450.0,10640057,0,2,2,0,0,0,0,136450.0,566550.0,2075,0,0,0,0,0,0,0,3,4,0,0,0,0.0,0.0,0.0,0,2.25,0.25,4.25,2.25,2.0,5.0,6.0,2
2076,2076,64,58,566650.0,136450.0,10640058,0,2,2,0,0,0,0,136450.0,566650.0,2076,0,0,0,0,0,0,0,0,4,0,0,0,0.0,0.0,0.0,0,2.25,0.25,4.25,2.25,2.0,2.0,6.0,2
2077,2077,64,59,566750.0,136450.0,10640059,0,2,2,0,2,0,0,136450.0,566750.0,2077,0,0,0,0,0,0,0,4,4,0,0,0,1.0,0.0,0.0,0,2.25,0.25,4.25,2.25,5.0,8.0,6.0,2
2078,2078,64,60,566850.0,136450.0,10640060,0,2,1,0,1,0,0,136450.0,566850.0,2078,1,0,0,0,0,0,0,4,4,0,0,1,1.0,0.0,1.0,0,2.25,2.5,5.25,3.5,4.0,6.0,7.0,2
2079,2079,64,61,566950.0,136450.0,10640061,0,2,2,0,1,0,0,136450.0,566950.0,2079,3,0,0,0,0,0,4,4,4,0,0,2,1.0,0.0,1.0,0,2.5,2.5,7.5,4.5,4.0,11.0,7.0,4
2080,2080,64,62,567050.0,136450.0,10640062,0,1,2,0,0,0,0,136450.0,567050.0,2080,4,0,0,0,0,0,4,4,4,0,0,2,1.0,0.0,1.0,0,2.5,2.5,7.5,4.5,2.0,10.0,6.0,4
2081,2081,64,63,567150.0,136450.0,10640063,0,2,2,0,1,0,0,136450.0,567150.0,2081,4,0,1,0,0,0,4,0,4,0,0,1,1.75,0.0,1.0,0,2.5,2.5,8.5,5.5,4.75,7.0,7.0,3
2082,2082,64,64,567250.0,136450.0,10640064,0,3,1,0,0,0,0,136450.0,567250.0,2082,4,0,2,0,0,0,4,0,4,0,0,0,1.75,0.0,1.75,0,2.5,2.5,9.5,5.5,4.75,5.0,8.75,1
2083,2083,64,65,567350.0,136450.0,10640065,1,3,1,1,0,0,0,136450.0,567350.0,2083,4,0,4,0,0,0,4,0,4,0,0,0,1.75,0.0,1.75,0,2.5,2.5,10.5,8.5,5.75,6.0,9.75,2
2084,2084,64,66,567450.0,136450.0,10640066,1,4,0,2,0,0,0,136450.0,567450.0,2084,4,0,4,0,0,1,4,0,4,0,0,0,1.75,0.0,1.75,0,2.5,2.5,11.5,8.5,7.75,6.0,10.75,2
2085,2085,64,67,567550.0,136450.0,10640067,1,3,0,2,0,0,0,136450.0,567550.0,2085,4,0,4,0,1,1,0,0,4,0,0,0,1.75,0.0,0.0,0,2.5,2.5,10.5,8.5,7.75,2.0,8.0,2
2086,2086,64,68,567650.0,136450.0,10640068,2,2,0,2,0,0,0,136450.0,567650.0,2086,4,0,4,0,1,1,0,0,4,1,0,0,1.75,0.0,0.0,0,2.5,2.5,10.5,8.5,7.75,2.0,9.0,2
2087,2087,64,69,567750.0,136450.0,10640069,2,3,0,3,0,0,0,136450.0,567750.0,2087,4,0,4,0,1,1,4,0,4,2,1,0,1.75,0.0,0.0,0,2.5,2.5,11.5,9.5,8.75,7.0,11.0,4
2088,2088,64,70,567850.0,136450.0,10640070,2,3,1,2,0,0,0,136450.0,567850.0,2088,4,0,4,0,1,1,4,0,3,3,1,0,1.75,0.0,0.0,0,2.5,2.5,11.5,9.5,8.75,7.0,11.0,4
2089,2089,64,71,567950.0,136450.0,10640071,2,4,1,2,0,0,0,136450.0,567950.0,2089,4,0,1,0,1,1,4,0,3,1,2,0,1.75,0.0,0.0,0,2.5,2.5,12.5,6.5,9.75,7.0,10.0,5
2090,2090,64,72,568050.0,136450.0,10640072,2,4,0,2,0,0,0,136450.0,568050.0,2090,4,0,1,0,1,1,4,4,0,0,2,0,0.75,0.0,0.0,0,2.5,2.5,12.5,5.5,8.75,10.0,6.0,4
2091,2091,64,73,568150.0,136450.0,10640073,2,2,0,3,0,0,0,136450.0,568150.0,2091,4,0,1,0,1,1,0,4,0,0,3,0,0.75,0.0,0.0,0,2.5,2.5,10.5,6.5,6.75,7.0,4.0,6
2092,2092,64,74,568250.0,136450.0,10640074,2,2,0,2,0,0,0,136450.0,568250.0,2092,4,0,1,0,1,1,0,0,0,0,3,0,0.75,0.0,0.0,0,2.5,2.5,10.5,5.5,6.75,2.0,4.0,5
2093,2093,64,75,568350.0,136450.0,10640075,2,3,1,1,0,0,0,136450.0,568350.0,2093,4,0,1,0,1,1,0,0,0,0,3,0,0.0,0.0,0.0,0,2.5,2.5,11.5,5.5,7.0,2.0,5.0,5
2094,2094,64,76,568450.0,136450.0,10640076,2,2,1,0,0,0,0,136450.0,568450.0,2094,4,0,1,0,1,1,0,0,0,0,3,0,1.0,0.0,0.0,0,2.5,2.5,10.5,4.5,7.0,1.0,4.0,4
2095,2095,64,77,568550.0,136450.0,10640077,1,1,1,0,0,0,0,136450.0,568550.0,2095,4,0,1,0,0,1,0,0,1,1,3,1,0.0,0.0,0.0,0,2.5,2.5,8.5,4.5,3.0,1.0,4.0,5
2096,2096,64,78,568650.0,136450.0,10640078,1,0,1,0,0,0,0,136450.0,568650.0,2096,4,0,1,0,0,1,0,0,1,2,3,3,0.0,0.0,0.0,0,2.5,2.5,7.5,4.5,2.0,1.0,4.0,7
2097,2097,64,79,568750.0,136450.0,10640079,1,0,1,0,0,0,0,136450.0,568750.0,2097,4,0,0,0,0,1,0,0,0,3,3,3,0.0,0.0,0.0,0,2.5,2.5,7.5,3.5,2.0,1.0,4.0,7
2098,2098,64,80,568850.0,136450.0,10640080,0,0,2,0,0,0,0,136450.0,568850.0,2098,4,0,0,0,0,0,0,4,0,3,3,4,0.0,0.0,0.0,0,2.5,2.5,6.5,4.5,0.0,6.0,3.0,9
2099,2099,64,81,568950.0,136450.0,10640081,0,0,2,0,0,0,0,136450.0,568950.0,2099,3,0,0,0,0,0,0,4,0,3,3,4,0.0,0.0,0.0,0,2.5,2.5,5.5,4.5,0.0,6.0,3.0,9
2100,2100,64,82,569050.0,136450.0,10640082,0,0,2,0,0,0,0,136450.0,569050.0,2100,0,0,0,0,0,0,0,4,0,3,3,4,0.0,0.0,0.0,0,2.5,2.5,2.5,4.5,0.0,6.0,3.0,9
2101,2101,64,83,569150.0,136450.0,10640083,0,0,3,0,0,0,0,136450.0,569150.0,2101,0,0,0,0,0,0,0,4,0,2,3,4,0.0,0.0,0.0,0,2.5,2.5,2.5,5.5,0.0,7.0,2.0,10
2102,2102,64,84,569250.0,136450.0,10640084,1,0,3,0,0,0,0,136450.0,569250.0,2102,0,0,0,0,0,1,0,4,0,2,3,4,0.0,0.0,0.0,0,2.5,2.5,3.5,5.5,2.0,7.0,3.0,10
2103,2103,64,85,569350.0,136450.0,10640085,1,0,3,0,0,0,0,136450.0,569350.0,2103,0,0,0,0,0,1,0,4,1,1,3,4,0.0,0.0,0.0,0,2.25,2.25,3.25,5.25,2.0,7.0,3.0,10
2104,2104,64,86,569450.0,136450.0,10640086,2,0,3,0,0,0,0,136450.0,569450.0,2104,0,0,0,0,0,2,0,4,1,1,3,4,0.0,0.0,0.0,0,2.5,2.5,4.5,5.5,4.0,7.0,4.0,10
2105,2105,64,87,569550.0,136450.0,10640087,2,0,3,0,0,0,0,136450.0,569550.0,2105,0,0,0,0,1,3,0,4,1,1,3,4,0.0,0.0,0.0,0,2.5,2.5,4.5,5.5,6.0,7.0,4.0,10
2106,2106,64,88,569650.0,136450.0,10640088,3,0,3,0,0,0,0,136450.0,569650.0,2106,0,0,0,0,1,3,0,4,1,0,3,4,0.0,0.0,0.0,0,2.5,2.5,5.5,5.5,7.0,7.0,4.0,10
2107,2107,64,89,569750.0,136450.0,10640089,3,0,3,0,0,0,0,136450.0,569750.0,2107,0,0,0,0,1,4,0,4,1,0,3,4,0.0,0.0,0.0,0,2.5,2.5,5.5,5.5,8.0,7.0,4.0,10
2108,2108,64,90,569850.0,136450.0,10640090,3,0,4,0,0,0,0,136450.0,569850.0,2108,0,0,1,0,1,4,0,4,1,0,3,4,0.0,0.0,0.0,0,2.5,2.5,5.5,7.5,8.0,8.0,4.0,11
2109,2109,64,91,569950.0,136450.0,10640091,2,0,4,0,0,0,0,136450.0,569950.0,2109,0,0,1,0,2,4,0,4,1,0,3,4,0.0,0.0,0.0,0,2.5,2.5,4.5,7.5,8.0,8.0,3.0,11
2110,2110,64,92,570050.0,136450.0,10640092,2,0,4,0,0,0,0,136450.0,570050.0,2110,0,0,1,0,2,4,0,3,1,0,3,4,0.0,0.0,0.0,0,2.5,2.5,4.5,7.5,8.0,7.0,3.0,11
2111,2111,64,93,570150.0,136450.0,10640093,2,0,4,0,0,0,0,136450.0,570150.0,2111,0,0,1,0,2,4,0,3,0,0,3,4,0.0,0.0,0.0,0,2.5,2.5,4.5,7.5,8.0,7.0,2.0,11
2112,2112,64,94,570250.0,136450.0,10640094,2,0,4,0,0,0,0,136450.0,570250.0,2112,0,0,1,0,2,4,4,3,0,0,3,4,0.0,0.0,0.0,0,2.5,2.5,4.5,7.5,8.0,11.0,2.0,11
2113,2113,64,95,570350.0,136450.0,10640095,2,0,4,0,0,0,0,136450.0,570350.0,2113,0,0,1,1,2,4,4,3,1,0,3,4,0.0,0.0,0.0,0,2.5,1.5,4.5,7.5,8.0,11.0,3.0,11
2114,2114,64,96,570450.0,136450.0,10640096,2,0,4,0,0,0,0,136450.0,570450.0,2114,2,1,1,1,2,4,4,3,1,0,3,4,0.0,0.0,0.0,0,2.5,0.25,7.5,6.25,8.0,11.0,3.0,11
2115,2115,64,97,570550.0,136450.0,10640097,2,0,4,0,0,0,0,136450.0,570550.0,2115,3,1,1,2,2,4,4,3,1,0,3,4,0.0,0.0,0.0,0,2.5,0.0,8.5,7.0,8.0,11.0,3.0,11
2116,2116,64,98,570650.0,136450.0,10640098,2,0,4,0,0,0,0,136450.0,570650.0,2116,3,2,1,1,2,4,4,3,1,1,3,4,0.0,0.0,0.0,0,2.5,0.0,9.5,6.0,8.0,11.0,4.0,11
2117,2117,64,99,570750.0,136450.0,10640099,2,0,4,0,0,0,0,136450.0,570750.0,2117,3,2,1,1,2,4,4,3,1,1,2,4,0.0,0.0,0.0,0,2.5,0.0,9.5,6.0,8.0,11.0,4.0,10
2118,2118,64,100,570850.0,136450.0,10640100,3,0,4,0,0,0,0,136450.0,570850.0,2118,3,3,2,1,2,4,4,3,1,1,2,4,0.0,0.0,0.0,0,2.5,0.0,11.5,7.0,9.0,11.0,5.0,10
2119,2119,64,101,570950.0,136450.0,10640101,3,0,4,0,0,0,0,136450.0,570950.0,2119,3,3,2,1,2,4,4,3,2,1,2,4,0.0,0.0,0.0,0,1.5,0.0,10.5,7.0,9.0,11.0,6.0,10
2120,2120,64,102,571050.0,136450.0,10640102,3,0,4,0,0,0,0,136450.0,571050.0,2120,2,3,3,1,2,3,4,3,2,1,2,4,0.0,0.0,0.0,0,1.5,0.0,9.5,8.0,8.0,11.0,6.0,10
2121,2121,64,103,571150.0,136450.0,10640103,3,0,4,0,0,0,0,136450.0,571150.0,2121,2,3,3,1,2,3,4,3,2,1,2,4,0.0,0.0,0.0,0,1.5,0.0,9.5,8.0,8.0,11.0,6.0,10
2122,2122,64,104,571250.0,136450.0,10640104,3,0,4,0,0,0,0,136450.0,571250.0,2122,2,2,3,1,2,3,4,3,2,1,2,4,0.0,0.0,0.0,0,2.5,0.0,9.5,8.0,8.0,11.0,6.0,10
2123,2123,64,105,571350.0,136450.0,10640105,3,0,4,0,0,0,0,136450.0,571350.0,2123,1,2,3,1,2,3,4,3,2,1,2,4,0.0,0.0,0.0,0,2.5,0.0,8.5,8.0,8.0,11.0,6.0,10
2124,2124,64,106,571450.0,136450.0,10640106,3,0,4,0,0,0,0,136450.0,571450.0,2124,1,1,3,1,2,3,4,3,2,1,2,3,0.0,0.0,0.0,0,2.5,0.0,7.5,8.0,8.0,11.0,6.0,9
2125,2125,64,107,571550.0,136450.0,10640107,3,0,4,0,0,0,0,136450.0,571550.0,2125,1,1,3,1,2,3,4,3,2,1,2,3,0.0,0.0,0.0,0,2.5,0.0,7.5,8.0,8.0,11.0,6.0,9
2126,2126,64,108,571650.0,136450.0,10640108,4,0,4,0,0,0,0,136450.0,571650.0,2126,1,1,3,1,2,3,4,3,2,1,2,3,0.0,0.0,0.0,0,2.5,0.0,8.5,8.0,9.0,11.0,7.0,9
2127,2127,64,109,571750.0,136450.0,10640109,4,0,4,0,0,0,0,136450.0,571750.0,2127,1,1,3,1,2,3,4,3,2,1,2,3,0.0,0.0,0.0,0,2.5,0.0,8.5,8.0,9.0,11.0,7.0,9
2128,2128,64,110,571850.0,136450.0,10640110,4,0,4,0,0,0,0,136450.0,571850.0,2128,1,1,3,1,2,3,4,3,2,2,2,3,0.0,0.0,0.0,0,2.5,0.0,8.5,8.0,9.0,11.0,8.0,9
2129,2129,64,111,571950.0,136450.0,10640111,4,0,4,0,0,0,0,136450.0,571950.0,2129,2,1,3,1,2,3,4,3,3,2,2,3,0.0,0.0,0.0,0,2.5,0.0,9.5,8.0,9.0,11.0,9.0,9
2130,2130,64,112,572050.0,136450.0,10640112,4,0,4,0,0,0,0,136450.0,572050.0,2130,2,1,3,1,2,3,4,3,3,2,2,3,0.0,0.0,0.0,0,2.5,0.0,9.5,8.0,9.0,11.0,9.0,9
2131,2131,64,113,572150.0,136450.0,10640113,4,0,4,0,0,0,0,136450.0,572150.0,2131,2,2,3,1,2,3,4,3,3,2,2,3,0.0,0.0,0.0,0,2.5,0.0,10.5,8.0,9.0,11.0,9.0,9
2132,2132,65,32,564050.0,136350.0,10650032,4,0,4,0,0,0,0,136350.0,564050.0,2132,3,2,3,2,3,3,4,3,3,2,2,3,0.0,0.0,0.0,0,0.0,0.0,9.0,9.0,10.0,11.0,9.0,9
2133,2133,65,33,564150.0,136350.0,10650033,4,0,4,0,0,0,0,136350.0,564150.0,2133,3,2,3,2,3,3,4,3,3,2,2,3,0.0,0.0,0.0,0,0.0,0.0,9.0,9.0,10.0,11.0,9.0,9
2134,2134,65,34,564250.0,136350.0,10650034,4,0,4,0,0,0,0,136350.0,564250.0,2134,3,2,3,2,3,3,4,3,3,2,2,3,0.0,0.0,0.0,0,0.0,0.0,9.0,9.0,10.0,11.0,9.0,9
2135,2135,65,35,564350.0,136350.0,10650035,4,0,4,0,0,0,0,136350.0,564350.0,2135,2,2,3,2,3,3,4,3,3,2,1,3,0.0,0.0,0.0,0,0.0,0.0,8.0,9.0,10.0,11.0,9.0,8
2136,2136,65,36,564450.0,136350.0,10650036,4,0,4,0,0,0,0,136350.0,564450.0,2136,2,1,3,2,3,3,4,3,3,2,1,3,0.0,0.0,0.0,0,0.0,0.0,7.0,9.0,10.0,11.0,9.0,8
2137,2137,65,37,564550.0,136350.0,10650037,4,0,4,0,0,0,0,136350.0,564550.0,2137,2,1,3,2,3,3,4,3,3,2,1,3,0.0,0.0,0.0,0,0.0,0.0,7.0,9.0,10.0,11.0,9.0,8
2138,2138,65,38,564650.0,136350.0,10650038,4,0,4,0,0,0,0,136350.0,564650.0,2138,2,1,3,2,3,3,4,3,3,2,1,3,0.0,0.0,0.0,0,0.0,0.0,7.0,9.0,10.0,11.0,9.0,8
2139,2139,65,39,564750.0,136350.0,10650039,4,0,4,0,0,0,0,136350.0,564750.0,2139,2,1,3,3,3,3,4,3,3,3,0,3,0.0,0.0,0.0,0,0.0,0.0,7.0,10.0,10.0,11.0,10.0,7
2140,2140,65,40,564850.0,136350.0,10650040,4,0,4,0,0,0,0,136350.0,564850.0,2140,2,1,2,3,3,3,4,3,3,3,0,3,0.0,0.0,0.0,0,0.0,0.0,7.0,9.0,10.0,11.0,10.0,7
2141,2141,65,41,564950.0,136350.0,10650041,4,0,4,0,0,0,0,136350.0,564950.0,2141,2,2,1,3,2,3,4,3,3,3,0,3,0.0,0.0,0.0,0,0.0,0.0,8.0,8.0,9.0,11.0,10.0,7
2142,2142,65,42,565050.0,136350.0,10650042,4,0,4,0,0,0,0,136350.0,565050.0,2142,3,2,1,3,2,3,4,3,3,3,0,3,0.0,0.0,0.0,0,0.0,0.0,9.0,8.0,9.0,11.0,10.0,7
2143,2143,65,43,565150.0,136350.0,10650043,3,0,4,0,0,0,0,136350.0,565150.0,2143,3,2,1,3,2,3,4,3,4,3,0,3,0.0,0.0,0.0,0,0.0,0.0,8.0,8.0,8.0,11.0,10.0,7
2144,2144,65,44,565250.0,136350.0,10650044,3,0,4,0,0,0,0,136350.0,565250.0,2144,3,3,1,3,2,3,4,3,4,3,0,3,0.0,0.0,0.0,0,0.0,0.0,9.0,8.0,8.0,11.0,10.0,7
2145,2145,65,45,565350.0,136350.0,10650045,3,0,3,0,0,0,0,136350.0,565350.0,2145,3,3,0,4,2,3,4,3,3,3,0,3,0.0,0.0,0.0,0,0.0,0.0,9.0,7.0,8.0,10.0,9.0,6
2146,2146,65,46,565450.0,136350.0,10650046,2,0,3,0,0,0,0,136350.0,565450.0,2146,3,3,0,4,1,2,4,3,0,1,0,3,0.0,0.0,0.0,0,0.0,0.0,8.0,7.0,5.0,10.0,3.0,6
2147,2147,65,47,565550.0,136350.0,10650047,2,0,2,0,0,0,0,136350.0,565550.0,2147,3,2,0,4,1,2,4,3,0,1,0,3,0.0,0.0,0.0,0,0.0,0.0,7.0,6.0,5.0,9.0,3.0,5
2148,2148,65,48,565650.0,136350.0,10650048,2,0,2,0,0,0,0,136350.0,565650.0,2148,3,2,0,4,1,2,4,3,1,0,0,2,0.0,0.0,0.0,0,0.0,0.0,7.0,6.0,5.0,9.0,3.0,4
2149,2149,65,49,565750.0,136350.0,10650049,2,0,1,0,0,0,0,136350.0,565750.0,2149,3,1,0,4,1,2,4,3,1,0,0,1,0.0,0.0,0.0,0,0.0,0.0,6.0,5.0,5.0,8.0,3.0,2
2150,2150,65,50,565850.0,136350.0,10650050,1,0,1,0,0,0,0,136350.0,565850.0,2150,2,1,0,4,1,2,4,3,1,0,0,0,0.0,0.0,0.0,0,2.25,0.0,6.25,5.0,4.0,8.0,2.0,1
2151,2151,65,51,565950.0,136350.0,10650051,1,0,1,0,0,0,0,136350.0,565950.0,2151,1,1,0,4,0,1,4,3,0,1,0,0,0.0,0.0,0.0,0,2.25,0.0,5.25,5.0,2.0,8.0,2.0,1
2152,2152,65,52,566050.0,136350.0,10650052,1,0,1,0,0,0,0,136350.0,566050.0,2152,0,0,0,4,0,1,0,3,0,0,0,0,0.0,0.0,0.0,0,2.25,0.0,3.25,5.0,2.0,4.0,1.0,1
2153,2153,65,53,566150.0,136350.0,10650053,1,0,1,0,0,0,0,136350.0,566150.0,2153,0,0,0,3,0,1,0,3,0,0,0,0,0.0,0.0,0.0,0,2.25,0.0,3.25,4.0,2.0,4.0,1.0,1
2154,2154,65,54,566250.0,136350.0,10650054,1,0,1,0,0,0,0,136350.0,566250.0,2154,0,0,0,2,0,0,0,3,0,0,0,0,0.0,0.0,0.0,0,2.25,0.0,3.25,3.0,1.0,4.0,1.0,1
2155,2155,65,55,566350.0,136350.0,10650055,0,0,2,0,0,0,0,136350.0,566350.0,2155,0,0,0,0,0,0,0,3,1,0,0,0,0.0,0.0,0.0,0,2.25,0.0,2.25,2.0,0.0,5.0,1.0,2
2156,2156,65,56,566450.0,136350.0,10650056,0,1,2,0,0,0,0,136350.0,566450.0,2156,0,0,0,0,0,0,0,4,3,0,0,0,0.0,0.0,0.0,0,2.25,0.0,3.25,2.0,1.0,6.0,4.0,2
2157,2157,65,57,566550.0,136350.0,10650057,0,2,2,0,0,0,0,136350.0,566550.0,2157,0,0,0,0,0,0,0,4,4,0,0,0,0.0,0.0,0.0,0,2.25,0.25,4.25,2.25,2.0,6.0,6.0,2
2158,2158,65,58,566650.0,136350.0,10650058,0,4,2,0,0,0,0,136350.0,566650.0,2158,0,0,0,0,0,0,0,3,4,0,0,0,0.0,0.0,0.0,0,2.25,0.25,6.25,2.25,4.0,5.0,8.0,2
2159,2159,65,59,566750.0,136350.0,10650059,0,3,2,0,1,0,0,136350.0,566750.0,2159,0,0,0,0,0,0,0,4,4,0,0,0,1.0,0.0,1.0,0,2.25,0.75,5.25,2.75,5.0,7.0,8.0,2
2160,2160,65,60,566850.0,136350.0,10650060,0,3,2,0,1,0,0,136350.0,566850.0,2160,0,0,0,0,0,0,0,4,4,0,0,2,1.0,0.0,1.0,0,2.25,1.5,5.25,3.5,5.0,7.0,8.0,4
2161,2161,65,61,566950.0,136350.0,10650061,0,3,2,0,1,0,0,136350.0,566950.0,2161,2,0,0,0,0,0,4,4,4,0,0,3,1.0,0.0,1.0,0,2.5,2.5,7.5,4.5,5.0,11.0,8.0,5
2162,2162,65,62,567050.0,136350.0,10650062,0,2,2,0,1,0,0,136350.0,567050.0,2162,3,0,0,0,0,0,4,4,4,0,0,3,1.0,0.0,1.0,0,2.5,2.5,7.5,4.5,4.0,11.0,7.0,5
2163,2163,65,63,567150.0,136350.0,10650063,0,1,2,0,0,0,0,136350.0,567150.0,2163,4,0,1,0,0,0,4,0,4,0,0,1,1.75,0.0,1.0,0,2.5,2.5,7.5,5.5,2.75,6.0,6.0,3
2164,2164,65,64,567250.0,136350.0,10650064,0,2,1,0,0,0,0,136350.0,567250.0,2164,4,0,2,0,0,0,4,0,4,0,0,0,1.75,0.0,1.75,0,2.5,2.5,8.5,5.5,3.75,5.0,7.75,1
2165,2165,65,65,567350.0,136350.0,10650065,1,2,1,0,0,0,0,136350.0,567350.0,2165,4,0,4,0,0,0,4,0,4,0,0,0,1.75,0.0,1.75,0,2.5,2.5,9.5,7.5,4.75,5.0,8.75,1
2166,2166,65,66,567450.0,136350.0,10650066,1,2,0,1,0,0,0,136350.0,567450.0,2166,4,0,4,0,0,1,4,0,4,0,0,0,1.75,0.0,0.0,0,2.5,2.5,9.5,7.5,5.75,5.0,7.0,1
2167,2167,65,67,567550.0,136350.0,10650067,2,2,0,1,0,0,0,136350.0,567550.0,2167,4,0,4,0,1,1,4,0,4,0,0,0,1.75,0.0,0.0,0,2.5,2.5,10.5,7.5,7.75,5.0,8.0,1
2168,2168,65,68,567650.0,136350.0,10650068,2,2,0,1,0,0,0,136350.0,567650.0,2168,4,0,4,0,1,1,4,0,4,1,1,0,1.75,0.0,0.0,0,2.5,2.5,10.5,7.5,7.75,5.0,9.0,2
2169,2169,65,69,567750.0,136350.0,10650069,2,4,0,2,0,0,0,136350.0,567750.0,2169,4,0,4,0,1,1,4,0,4,2,1,0,1.0,0.0,0.0,0,2.5,2.5,12.5,8.5,9.0,6.0,12.0,3
2170,2170,65,70,567850.0,136350.0,10650070,2,3,1,1,0,0,0,136350.0,567850.0,2170,4,0,4,0,1,1,4,0,3,3,1,0,1.75,0.0,0.0,0,2.5,2.5,11.5,8.5,8.75,6.0,11.0,3
2171,2171,65,71,567950.0,136350.0,10650071,1,3,1,2,0,0,0,136350.0,567950.0,2171,4,0,2,0,1,1,4,0,3,1,2,0,0.75,0.0,0.0,0,2.5,2.5,10.5,7.5,6.75,7.0,8.0,5
2172,2172,65,72,568050.0,136350.0,10650072,1,2,1,4,0,0,0,136350.0,568050.0,2172,4,0,1,0,1,1,4,4,0,0,2,0,0.75,0.0,0.0,0,2.5,2.5,9.5,8.5,5.75,13.0,3.0,7
2173,2173,65,73,568150.0,136350.0,10650073,1,2,1,3,0,0,0,136350.0,568150.0,2173,4,0,1,0,1,1,0,4,0,0,3,0,0.0,0.0,0.0,0,2.5,2.5,9.5,7.5,5.0,8.0,3.0,7
2174,2174,65,74,568250.0,136350.0,10650074,1,3,1,2,0,0,0,136350.0,568250.0,2174,4,0,2,0,1,1,0,0,0,0,3,0,0.0,0.0,0.0,0,2.5,2.5,10.5,7.5,6.0,3.0,4.0,6
2175,2175,65,75,568350.0,136350.0,10650075,1,4,1,1,0,0,0,136350.0,568350.0,2175,4,0,3,0,1,1,0,0,0,0,3,0,0.0,1.0,0.0,0,2.5,2.5,11.5,7.5,7.0,3.0,5.0,5
2176,2176,65,76,568450.0,136350.0,10650076,2,2,2,0,0,0,0,136350.0,568450.0,2176,4,0,4,0,0,1,0,0,0,0,3,0,1.0,1.0,0.0,0,2.5,2.5,10.5,8.5,6.0,3.0,4.0,5
2177,2177,65,77,568550.0,136350.0,10650077,2,1,2,0,0,0,0,136350.0,568550.0,2177,4,0,2,0,0,1,0,0,0,1,3,1,1.0,0.0,0.0,0,2.5,2.5,9.5,6.5,5.0,2.0,4.0,6
2178,2178,65,78,568650.0,136350.0,10650078,1,0,2,0,0,0,0,136350.0,568650.0,2178,4,0,1,0,0,1,0,0,1,2,3,2,0.0,0.0,0.0,0,2.5,2.5,7.5,5.5,2.0,2.0,4.0,7
2179,2179,65,79,568750.0,136350.0,10650079,1,0,2,0,0,0,0,136350.0,568750.0,2179,4,0,0,0,0,1,0,0,0,3,3,3,0.0,0.0,0.0,0,2.5,2.5,7.5,4.5,2.0,2.0,4.0,8
2180,2180,65,80,568850.0,136350.0,10650080,0,0,2,0,0,0,0,136350.0,568850.0,2180,4,0,0,0,0,0,0,4,0,3,3,4,0.0,0.0,0.0,0,2.5,2.5,6.5,4.5,0.0,6.0,3.0,9
2181,2181,65,81,568950.0,136350.0,10650081,0,0,2,0,0,0,0,136350.0,568950.0,2181,3,0,0,0,0,0,0,4,0,3,4,4,0.0,0.0,0.0,0,2.5,2.5,5.5,4.5,0.0,6.0,3.0,10
2182,2182,65,82,569050.0,136350.0,10650082,0,0,2,0,0,0,0,136350.0,569050.0,2182,2,0,0,0,0,0,0,4,0,3,4,4,0.0,0.0,0.0,0,2.5,2.5,4.5,4.5,0.0,6.0,3.0,10
2183,2183,65,83,569150.0,136350.0,10650083,1,0,3,0,0,0,0,136350.0,569150.0,2183,0,0,0,0,0,0,0,4,0,3,4,4,0.0,0.0,0.0,0,2.5,2.5,3.5,5.5,1.0,7.0,4.0,11
2184,2184,65,84,569250.0,136350.0,10650084,1,0,3,0,0,0,0,136350.0,569250.0,2184,0,0,0,0,0,1,0,4,1,2,4,4,0.0,0.0,0.0,0,2.5,2.25,3.5,5.25,2.0,7.0,4.0,11
2185,2185,65,85,569350.0,136350.0,10650085,2,0,3,0,0,0,0,136350.0,569350.0,2185,0,0,0,0,0,1,0,4,1,1,4,4,0.0,0.0,0.0,0,2.5,1.75,4.5,4.75,3.0,7.0,4.0,11
2186,2186,65,86,569450.0,136350.0,10650086,2,0,3,0,0,0,0,136350.0,569450.0,2186,0,0,0,0,0,2,0,4,1,1,3,4,0.0,0.0,0.0,0,2.5,2.25,4.5,5.25,4.0,7.0,4.0,10
2187,2187,65,87,569550.0,136350.0,10650087,2,0,3,0,0,0,0,136350.0,569550.0,2187,0,0,0,0,1,3,0,4,1,0,3,4,0.0,0.0,0.0,0,2.5,2.5,4.5,5.5,6.0,7.0,3.0,10
2188,2188,65,88,569650.0,136350.0,10650088,3,0,4,0,0,0,0,136350.0,569650.0,2188,0,0,0,0,1,4,0,4,1,0,3,4,0.0,0.0,0.0,0,2.5,2.5,5.5,6.5,8.0,8.0,4.0,11
2189,2189,65,89,569750.0,136350.0,10650089,2,0,4,0,0,0,0,136350.0,569750.0,2189,0,0,0,0,1,4,0,4,1,0,3,4,0.0,0.0,0.0,0,2.5,2.5,4.5,6.5,7.0,8.0,3.0,11
2190,2190,65,90,569850.0,136350.0,10650090,2,0,4,0,0,0,0,136350.0,569850.0,2190,0,0,1,0,1,4,0,3,1,0,3,4,0.0,0.0,0.0,0,2.5,2.5,4.5,7.5,7.0,7.0,3.0,11
2191,2191,65,91,569950.0,136350.0,10650091,2,0,4,0,0,0,0,136350.0,569950.0,2191,0,0,1,0,2,4,0,3,1,0,3,4,0.0,0.0,0.0,0,2.5,2.5,4.5,7.5,8.0,7.0,3.0,11
2192,2192,65,92,570050.0,136350.0,10650092,2,0,4,0,0,0,0,136350.0,570050.0,2192,0,0,1,0,2,4,0,3,1,0,3,4,0.0,0.0,0.0,0,2.5,2.5,4.5,7.5,8.0,7.0,3.0,11
2193,2193,65,93,570150.0,136350.0,10650093,2,0,4,0,0,0,0,136350.0,570150.0,2193,0,0,1,0,2,4,4,3,1,0,3,4,0.0,0.0,0.0,0,2.5,2.5,4.5,7.5,8.0,11.0,3.0,11
2194,2194,65,94,570250.0,136350.0,10650094,2,0,4,0,0,0,0,136350.0,570250.0,2194,0,0,1,0,2,4,4,3,1,0,3,4,0.0,0.0,0.0,0,2.5,1.5,4.5,6.5,8.0,11.0,3.0,11
2195,2195,65,95,570350.0,136350.0,10650095,2,0,4,0,0,0,0,136350.0,570350.0,2195,1,1,1,0,2,4,4,3,1,0,3,4,0.0,0.0,0.0,0,2.5,0.75,6.5,5.75,8.0,11.0,3.0,11
2196,2196,65,96,570450.0,136350.0,10650096,2,0,4,0,0,0,0,136350.0,570450.0,2196,2,1,1,1,2,4,4,3,1,0,3,4,0.0,0.0,0.0,0,2.5,0.0,7.5,6.0,8.0,11.0,3.0,11
2197,2197,65,97,570550.0,136350.0,10650097,2,0,4,0,0,0,0,136350.0,570550.0,2197,3,2,1,1,2,4,4,3,1,0,3,4,0.0,0.0,0.0,0,2.5,0.0,9.5,6.0,8.0,11.0,3.0,11
2198,2198,65,98,570650.0,136350.0,10650098,3,0,4,0,0,0,0,136350.0,570650.0,2198,3,3,1,1,2,4,4,3,1,0,3,4,0.0,0.0,0.0,0,2.5,0.0,11.5,6.0,9.0,11.0,4.0,11
2199,2199,65,99,570750.0,136350.0,10650099,3,0,4,0,0,0,0,136350.0,570750.0,2199,3,3,2,1,2,4,4,3,1,1,3,4,0.0,0.0,0.0,0,2.5,0.0,11.5,7.0,9.0,11.0,5.0,11
2200,2200,65,100,570850.0,136350.0,10650100,3,0,4,0,0,0,0,136350.0,570850.0,2200,3,3,2,1,2,4,4,3,2,1,3,4,0.0,0.0,0.0,0,2.5,0.0,11.5,7.0,9.0,11.0,6.0,11
2201,2201,65,101,570950.0,136350.0,10650101,3,0,4,0,0,0,0,136350.0,570950.0,2201,3,3,3,1,2,4,4,3,2,1,2,4,0.0,0.0,0.0,0,2.5,0.0,11.5,8.0,9.0,11.0,6.0,10
2202,2202,65,102,571050.0,136350.0,10650102,2,0,4,0,0,0,0,136350.0,571050.0,2202,2,3,3,1,2,3,4,3,2,1,2,4,0.0,0.0,0.0,0,1.5,0.0,8.5,8.0,7.0,11.0,5.0,10
2203,2203,65,103,571150.0,136350.0,10650103,2,0,4,0,0,0,0,136350.0,571150.0,2203,2,3,3,1,2,3,4,3,2,1,2,4,0.0,0.0,0.0,0,1.5,0.0,8.5,8.0,7.0,11.0,5.0,10
2204,2204,65,104,571250.0,136350.0,10650104,2,0,4,0,0,0,0,136350.0,571250.0,2204,2,2,3,1,2,3,4,3,2,1,2,4,0.0,0.0,0.0,0,1.5,0.0,7.5,8.0,7.0,11.0,5.0,10
2205,2205,65,105,571350.0,136350.0,10650105,3,0,4,0,0,0,0,136350.0,571350.0,2205,1,2,3,1,2,3,4,3,2,1,2,4,0.0,0.0,0.0,0,2.5,0.0,8.5,8.0,8.0,11.0,6.0,10
2206,2206,65,106,571450.0,136350.0,10650106,3,0,4,0,0,0,0,136350.0,571450.0,2206,1,1,3,1,2,3,4,3,2,1,2,3,0.0,0.0,0.0,0,2.5,0.0,7.5,8.0,8.0,11.0,6.0,9
2207,2207,65,107,571550.0,136350.0,10650107,3,0,4,0,0,0,0,136350.0,571550.0,2207,1,1,3,1,2,3,4,3,2,1,2,3,0.0,0.0,0.0,0,2.5,0.0,7.5,8.0,8.0,11.0,6.0,9
2208,2208,65,108,571650.0,136350.0,10650108,3,0,4,0,0,0,0,136350.0,571650.0,2208,1,1,3,1,2,3,4,3,2,1,2,3,0.0,0.0,0.0,0,2.5,0.0,7.5,8.0,8.0,11.0,6.0,9
2209,2209,65,109,571750.0,136350.0,10650109,4,0,4,0,0,0,0,136350.0,571750.0,2209,1,1,3,1,2,3,4,3,3,1,2,3,0.0,0.0,0.0,0,2.5,0.0,8.5,8.0,9.0,11.0,8.0,9
2210,2210,65,110,571850.0,136350.0,10650110,4,0,4,0,0,0,0,136350.0,571850.0,2210,1,1,3,1,2,3,4,3,3,1,2,3,0.0,0.0,0.0,0,2.5,0.0,8.5,8.0,9.0,11.0,8.0,9
2211,2211,65,111,571950.0,136350.0,10650111,4,0,4,0,0,0,0,136350.0,571950.0,2211,2,1,3,1,2,3,4,3,3,1,2,3,0.0,0.0,0.0,0,2.5,0.0,9.5,8.0,9.0,11.0,8.0,9
2212,2212,65,112,572050.0,136350.0,10650112,4,0,4,0,0,0,0,136350.0,572050.0,2212,2,1,3,1,2,3,4,3,3,1,2,3,0.0,0.0,0.0,0,2.5,0.0,9.5,8.0,9.0,11.0,8.0,9
2213,2213,65,113,572150.0,136350.0,10650113,4,0,4,0,0,0,0,136350.0,572150.0,2213,2,2,3,1,2,3,4,3,3,2,2,3,0.0,0.0,0.0,0,2.5,0.0,10.5,8.0,9.0,11.0,9.0,9
2214,2214,66,32,564050.0,136250.0,10660032,4,0,4,0,0,0,0,136250.0,564050.0,2214,3,2,3,2,3,3,4,3,3,2,2,3,0.0,0.0,0.0,0,0.0,0.0,9.0,9.0,10.0,11.0,9.0,9
2215,2215,66,33,564150.0,136250.0,10660033,4,0,4,0,0,0,0,136250.0,564150.0,2215,3,2,3,2,3,3,4,3,3,2,2,3,0.0,0.0,0.0,0,0.0,0.0,9.0,9.0,10.0,11.0,9.0,9
2216,2216,66,34,564250.0,136250.0,10660034,4,0,4,0,0,0,0,136250.0,564250.0,2216,3,2,3,2,3,3,4,3,3,2,2,3,0.0,0.0,0.0,0,0.0,0.0,9.0,9.0,10.0,11.0,9.0,9
2217,2217,66,35,564350.0,136250.0,10660035,4,0,4,0,0,0,0,136250.0,564350.0,2217,2,2,3,2,3,3,4,3,3,2,1,3,0.0,0.0,0.0,0,0.0,0.0,8.0,9.0,10.0,11.0,9.0,8
2218,2218,66,36,564450.0,136250.0,10660036,4,0,4,0,0,0,0,136250.0,564450.0,2218,2,2,3,2,3,3,4,3,3,2,1,3,0.0,0.0,0.0,0,0.0,0.0,8.0,9.0,10.0,11.0,9.0,8
2219,2219,66,37,564550.0,136250.0,10660037,4,0,4,0,0,0,0,136250.0,564550.0,2219,2,1,3,2,3,3,4,3,3,2,1,3,0.0,0.0,0.0,0,0.0,0.0,7.0,9.0,10.0,11.0,9.0,8
2220,2220,66,38,564650.0,136250.0,10660038,4,0,4,0,0,0,0,136250.0,564650.0,2220,2,1,3,2,3,3,4,3,3,2,1,3,0.0,0.0,0.0,0,0.0,0.0,7.0,9.0,10.0,11.0,9.0,8
2221,2221,66,39,564750.0,136250.0,10660039,4,0,4,0,0,0,0,136250.0,564750.0,2221,2,1,3,2,2,3,4,3,3,3,0,3,0.0,0.0,0.0,0,0.0,0.0,7.0,9.0,9.0,11.0,10.0,7
2222,2222,66,40,564850.0,136250.0,10660040,4,0,4,0,0,0,0,136250.0,564850.0,2222,2,1,3,3,2,3,4,3,3,3,0,3,0.0,0.0,0.0,0,0.0,0.0,7.0,10.0,9.0,11.0,10.0,7
2223,2223,66,41,564950.0,136250.0,10660041,4,0,4,0,0,0,0,136250.0,564950.0,2223,2,2,2,3,2,3,4,3,3,3,0,3,0.0,0.0,0.0,0,0.0,0.0,8.0,9.0,9.0,11.0,10.0,7
2224,2224,66,42,565050.0,136250.0,10660042,4,0,4,0,0,0,0,136250.0,565050.0,2224,3,2,1,3,2,3,4,3,3,3,0,3,0.0,0.0,0.0,0,0.0,0.0,9.0,8.0,9.0,11.0,10.0,7
2225,2225,66,43,565150.0,136250.0,10660043,4,0,4,0,0,0,0,136250.0,565150.0,2225,3,3,1,3,2,3,4,3,4,3,0,3,0.0,0.0,0.0,0,0.0,0.0,10.0,8.0,9.0,11.0,11.0,7
2226,2226,66,44,565250.0,136250.0,10660044,3,0,4,0,0,0,0,136250.0,565250.0,2226,3,3,1,3,2,3,4,3,4,3,0,3,0.0,0.0,0.0,0,0.0,0.0,9.0,8.0,8.0,11.0,10.0,7
2227,2227,66,45,565350.0,136250.0,10660045,3,0,3,0,0,0,0,136250.0,565350.0,2227,3,3,1,3,2,3,4,3,3,3,0,3,0.0,0.0,0.0,0,0.0,0.0,9.0,7.0,8.0,10.0,9.0,6
2228,2228,66,46,565450.0,136250.0,10660046,3,0,3,0,0,0,0,136250.0,565450.0,2228,3,3,0,4,2,2,4,3,0,0,0,3,0.0,0.0,0.0,0,0.0,0.0,9.0,7.0,7.0,10.0,3.0,6
2229,2229,66,47,565550.0,136250.0,10660047,3,0,2,0,0,0,0,136250.0,565550.0,2229,3,3,0,4,1,2,4,3,1,0,0,2,0.0,0.0,0.0,0,0.0,0.0,9.0,6.0,6.0,9.0,4.0,4
2230,2230,66,48,565650.0,136250.0,10660048,2,0,2,0,0,0,0,136250.0,565650.0,2230,3,2,0,4,1,2,4,3,1,0,0,1,0.0,0.0,0.0,0,0.0,0.0,7.0,6.0,5.0,9.0,3.0,3
2231,2231,66,49,565750.0,136250.0,10660049,2,0,2,0,0,0,0,136250.0,565750.0,2231,3,2,0,4,1,2,4,3,2,0,0,0,0.0,0.0,0.0,0,0.0,0.0,7.0,6.0,5.0,9.0,4.0,2
2232,2232,66,50,565850.0,136250.0,10660050,2,0,1,0,0,0,0,136250.0,565850.0,2232,2,1,0,4,0,2,4,3,1,0,0,0,0.0,0.0,0.0,0,1.75,0.0,6.75,5.0,4.0,8.0,3.0,1
2233,2233,66,51,565950.0,136250.0,10660051,2,0,1,0,0,0,0,136250.0,565950.0,2233,1,1,0,4,0,1,4,3,0,0,0,0,0.0,0.0,0.0,0,2.5,0.0,6.5,5.0,3.0,8.0,2.0,1
2234,2234,66,52,566050.0,136250.0,10660052,1,0,1,0,0,0,0,136250.0,566050.0,2234,0,0,0,4,0,1,4,3,0,0,0,0,0.0,0.0,0.0,0,2.5,0.0,3.5,5.0,2.0,8.0,1.0,1
2235,2235,66,53,566150.0,136250.0,10660053,1,0,1,0,0,0,0,136250.0,566150.0,2235,0,0,0,3,0,1,0,3,0,0,0,0,0.0,0.0,0.0,0,2.5,0.0,3.5,4.0,2.0,4.0,1.0,1
2236,2236,66,54,566250.0,136250.0,10660054,1,0,2,0,0,0,0,136250.0,566250.0,2236,0,0,0,3,0,0,0,3,1,0,0,0,0.0,0.0,0.0,0,2.25,0.0,3.25,5.0,1.0,5.0,2.0,2
2237,2237,66,55,566350.0,136250.0,10660055,0,0,2,0,0,0,0,136250.0,566350.0,2237,0,0,0,0,0,0,0,3,1,0,0,0,0.0,0.0,0.0,0,2.25,0.0,2.25,2.0,0.0,5.0,1.0,2
2238,2238,66,56,566450.0,136250.0,10660056,0,1,2,0,0,0,0,136250.0,566450.0,2238,0,0,0,0,0,0,0,4,3,0,0,0,0.0,0.0,0.0,0,2.25,0.0,3.25,2.0,1.0,6.0,4.0,2
2239,2239,66,57,566550.0,136250.0,10660057,0,2,2,0,0,0,0,136250.0,566550.0,2239,0,0,0,0,0,0,0,4,4,1,0,0,0.0,0.0,0.0,0,2.25,0.25,4.25,2.25,2.0,6.0,7.0,2
2240,2240,66,58,566650.0,136250.0,10660058,0,2,3,0,0,0,0,136250.0,566650.0,2240,0,0,0,0,0,0,0,3,4,0,0,0,0.0,0.0,0.0,0,2.25,0.75,4.25,3.75,2.0,6.0,6.0,3
2241,2241,66,59,566750.0,136250.0,10660059,0,2,2,0,0,4,0,136250.0,566750.0,2241,0,0,0,0,0,0,0,4,4,0,0,1,0.0,0.0,1.0,0,2.25,0.75,4.25,2.75,2.0,6.0,11.0,7
2242,2242,66,60,566850.0,136250.0,10660060,0,3,2,0,0,3,0,136250.0,566850.0,2242,0,0,0,0,0,0,0,4,4,0,0,2,0.0,0.0,1.0,0,2.5,0.25,5.5,2.25,3.0,6.0,11.0,7
2243,2243,66,61,566950.0,136250.0,10660061,0,3,2,0,0,2,0,136250.0,566950.0,2243,2,0,0,0,0,0,4,4,4,0,0,3,0.0,0.0,1.0,0,2.5,2.5,7.5,4.5,3.0,10.0,10.0,7
2244,2244,66,62,567050.0,136250.0,10660062,0,2,2,0,0,0,0,136250.0,567050.0,2244,3,0,0,0,0,0,4,4,4,0,0,3,0.0,0.0,1.0,0,2.5,2.5,7.5,4.5,2.0,10.0,7.0,5
2245,2245,66,63,567150.0,136250.0,10660063,0,1,1,0,0,0,0,136250.0,567150.0,2245,4,0,1,0,0,0,4,4,4,0,0,3,0.0,0.0,1.0,0,2.5,2.5,7.5,4.5,1.0,9.0,6.0,4
2246,2246,66,64,567250.0,136250.0,10660064,1,2,1,0,0,0,0,136250.0,567250.0,2246,4,0,1,0,0,0,4,0,4,0,0,1,0.0,0.0,0.0,0,2.5,2.5,9.5,4.5,3.0,5.0,7.0,2
2247,2247,66,65,567350.0,136250.0,10660065,1,4,1,0,0,0,0,136250.0,567350.0,2247,4,0,3,0,0,0,4,0,4,0,0,0,0.0,0.0,0.0,0,2.5,2.5,11.5,6.5,5.0,5.0,9.0,1
2248,2248,66,66,567450.0,136250.0,10660066,1,2,1,0,0,0,0,136250.0,567450.0,2248,4,0,4,0,1,1,4,0,4,0,0,0,0.0,0.0,0.0,0,2.5,2.5,9.5,7.5,5.0,5.0,7.0,1
2249,2249,66,67,567550.0,136250.0,10660067,2,2,1,0,0,0,0,136250.0,567550.0,2249,4,0,4,0,1,1,4,0,4,1,1,0,0.0,0.0,0.0,0,2.5,2.5,10.5,7.5,6.0,5.0,9.0,2
2250,2250,66,68,567650.0,136250.0,10660068,2,2,1,0,0,0,0,136250.0,567650.0,2250,4,0,4,0,1,1,4,0,4,1,1,0,0.0,0.0,0.0,0,2.5,2.5,10.5,7.5,6.0,5.0,9.0,2
2251,2251,66,69,567750.0,136250.0,10660069,2,2,1,1,0,0,0,136250.0,567750.0,2251,4,0,4,0,1,1,4,0,4,2,1,0,0.0,0.0,0.0,0,2.5,2.5,10.5,8.5,6.0,6.0,10.0,3
2252,2252,66,70,567850.0,136250.0,10660070,1,2,1,2,0,0,0,136250.0,567850.0,2252,4,0,4,0,1,1,4,0,3,3,2,0,0.0,0.0,0.0,0,2.5,2.5,9.5,9.5,5.0,7.0,9.0,5
2253,2253,66,71,567950.0,136250.0,10660071,1,2,2,3,0,0,0,136250.0,567950.0,2253,4,0,3,0,1,1,4,0,2,1,2,0,0.0,0.0,0.0,0,2.5,2.5,9.5,10.5,5.0,9.0,6.0,7
2254,2254,66,72,568050.0,136250.0,10660072,1,2,1,3,0,0,0,136250.0,568050.0,2254,4,0,3,0,1,1,4,4,0,0,3,0,0.0,0.0,0.0,0,2.5,2.5,9.5,9.5,5.0,12.0,3.0,7
2255,2255,66,73,568150.0,136250.0,10660073,1,1,1,2,0,0,0,136250.0,568150.0,2255,4,0,4,0,1,1,4,4,0,0,3,0,0.0,0.0,0.0,0,2.5,2.5,8.5,9.5,4.0,11.0,2.0,6
2256,2256,66,74,568250.0,136250.0,10660074,1,2,1,2,0,0,0,136250.0,568250.0,2256,4,0,4,0,1,1,0,4,0,0,3,0,0.0,0.0,0.0,0,2.5,2.5,9.5,9.5,5.0,7.0,3.0,6
2257,2257,66,75,568350.0,136250.0,10660075,1,2,2,1,0,0,0,136250.0,568350.0,2257,4,0,4,0,0,1,0,0,0,0,3,0,0.0,0.0,0.0,0,2.5,2.5,9.5,9.5,4.0,3.0,3.0,6
2258,2258,66,76,568450.0,136250.0,10660076,1,2,2,0,0,0,0,136250.0,568450.0,2258,4,0,4,0,0,1,0,0,0,0,3,0,1.0,0.0,0.0,0,2.5,2.5,9.5,8.5,5.0,2.0,3.0,5
2259,2259,66,77,568550.0,136250.0,10660077,2,1,2,0,0,0,0,136250.0,568550.0,2259,4,0,3,0,0,1,0,0,0,1,3,1,0.0,0.0,0.0,0,2.5,2.5,9.5,7.5,4.0,2.0,4.0,6
2260,2260,66,78,568650.0,136250.0,10660078,1,0,2,0,0,0,0,136250.0,568650.0,2260,4,0,1,0,0,0,0,0,0,2,3,1,0.0,0.0,0.0,0,2.5,2.5,7.5,5.5,1.0,2.0,3.0,6
2261,2261,66,79,568750.0,136250.0,10660079,1,0,2,0,0,0,0,136250.0,568750.0,2261,4,0,0,0,0,0,0,4,0,3,4,3,0.0,0.0,0.0,0,2.5,2.5,7.5,4.5,1.0,6.0,4.0,9
2262,2262,66,80,568850.0,136250.0,10660080,1,0,2,0,0,0,0,136250.0,568850.0,2262,4,0,0,0,0,0,0,4,0,4,4,3,0.0,0.0,0.0,0,2.5,2.5,7.5,4.5,1.0,6.0,5.0,9
2263,2263,66,81,568950.0,136250.0,10660081,1,0,2,0,0,0,0,136250.0,568950.0,2263,4,0,0,0,0,0,0,4,1,4,4,4,0.0,0.0,0.0,0,2.5,2.5,7.5,4.5,1.0,6.0,6.0,10
2264,2264,66,82,569050.0,136250.0,10660082,1,0,2,0,0,0,0,136250.0,569050.0,2264,3,0,0,0,0,0,0,4,1,4,4,4,0.0,0.0,0.0,0,2.5,2.5,6.5,4.5,1.0,6.0,6.0,10
2265,2265,66,83,569150.0,136250.0,10660083,1,0,2,0,0,0,0,136250.0,569150.0,2265,0,0,0,0,0,1,0,4,1,3,4,4,0.0,0.0,0.0,0,2.5,2.25,3.5,4.25,2.0,6.0,5.0,10
2266,2266,66,84,569250.0,136250.0,10660084,1,0,2,0,0,0,0,136250.0,569250.0,2266,0,0,0,0,0,1,0,4,1,2,4,4,0.0,0.0,0.0,0,2.5,1.75,3.5,3.75,2.0,6.0,4.0,10
2267,2267,66,85,569350.0,136250.0,10660085,2,0,3,0,0,0,0,136250.0,569350.0,2267,0,0,0,0,0,1,0,4,1,1,4,4,0.0,0.0,0.0,0,2.5,1.0,4.5,4.0,3.0,7.0,4.0,11
2268,2268,66,86,569450.0,136250.0,10660086,2,0,3,0,0,0,0,136250.0,569450.0,2268,0,0,0,0,0,2,0,3,1,0,4,4,0.0,0.0,0.0,0,2.5,1.75,4.5,4.75,4.0,6.0,3.0,11
2269,2269,66,87,569550.0,136250.0,10660087,3,0,4,0,0,0,0,136250.0,569550.0,2269,0,0,0,0,1,3,0,3,1,0,4,4,0.0,0.0,0.0,0,2.5,2.25,5.5,6.25,7.0,7.0,4.0,12
2270,2270,66,88,569650.0,136250.0,10660088,2,0,4,0,0,0,0,136250.0,569650.0,2270,0,0,0,0,1,4,0,3,1,0,4,4,0.0,0.0,0.0,0,2.5,2.5,4.5,6.5,7.0,7.0,3.0,12
2271,2271,66,89,569750.0,136250.0,10660089,2,0,4,0,0,0,0,136250.0,569750.0,2271,0,0,0,0,1,4,0,3,1,0,4,4,0.0,0.0,0.0,0,2.5,2.5,4.5,6.5,7.0,7.0,3.0,12
2272,2272,66,90,569850.0,136250.0,10660090,2,0,4,0,0,0,0,136250.0,569850.0,2272,0,0,1,0,1,4,0,3,1,0,3,4,0.0,0.0,0.0,0,2.5,2.5,4.5,7.5,7.0,7.0,3.0,11
2273,2273,66,91,569950.0,136250.0,10660091,1,0,4,0,0,0,0,136250.0,569950.0,2273,0,0,1,0,2,4,4,3,1,0,3,4,0.0,0.0,0.0,0,2.5,2.5,3.5,7.5,7.0,11.0,2.0,11
2274,2274,66,92,570050.0,136250.0,10660092,1,0,4,0,0,0,0,136250.0,570050.0,2274,0,0,1,0,2,4,4,3,1,0,3,4,0.0,0.0,0.0,0,2.5,2.5,3.5,7.5,7.0,11.0,2.0,11
2275,2275,66,93,570150.0,136250.0,10660093,1,0,4,0,0,0,0,136250.0,570150.0,2275,0,0,1,0,2,4,4,3,1,0,3,4,0.0,0.0,0.0,0,2.5,2.5,3.5,7.5,7.0,11.0,2.0,11
2276,2276,66,94,570250.0,136250.0,10660094,2,0,4,0,0,0,0,136250.0,570250.0,2276,0,0,1,0,2,4,4,3,1,0,3,4,0.0,0.0,0.0,0,2.5,1.5,4.5,6.5,8.0,11.0,3.0,11
2277,2277,66,95,570350.0,136250.0,10660095,2,0,4,0,0,0,0,136250.0,570350.0,2277,2,1,1,0,2,4,4,3,1,0,3,4,0.0,0.0,0.0,0,2.5,0.25,7.5,5.25,8.0,11.0,3.0,11
2278,2278,66,96,570450.0,136250.0,10660096,2,0,4,0,0,0,0,136250.0,570450.0,2278,3,3,1,0,3,4,4,3,1,0,3,4,0.0,0.0,0.0,0,2.5,0.0,10.5,5.0,9.0,11.0,3.0,11
2279,2279,66,97,570550.0,136250.0,10660097,3,0,4,0,0,0,0,136250.0,570550.0,2279,3,3,1,1,3,4,4,3,1,0,3,4,0.0,0.0,0.0,0,2.5,0.0,11.5,6.0,10.0,11.0,4.0,11
2280,2280,66,98,570650.0,136250.0,10660098,3,0,4,0,0,0,0,136250.0,570650.0,2280,3,3,2,1,3,4,4,3,1,0,3,4,0.0,0.0,0.0,0,2.5,0.0,11.5,7.0,10.0,11.0,4.0,11
2281,2281,66,99,570750.0,136250.0,10660099,3,0,4,0,0,0,0,136250.0,570750.0,2281,3,3,2,1,2,4,4,3,1,0,3,4,0.0,0.0,0.0,0,2.5,0.0,11.5,7.0,9.0,11.0,4.0,11
2282,2282,66,100,570850.0,136250.0,10660100,2,0,4,0,0,0,0,136250.0,570850.0,2282,3,3,2,1,2,4,4,3,2,1,3,4,0.0,0.0,0.0,0,2.5,0.0,10.5,7.0,8.0,11.0,5.0,11
2283,2283,66,101,570950.0,136250.0,10660101,2,0,4,0,0,0,0,136250.0,570950.0,2283,3,3,3,1,2,4,4,3,2,1,3,4,0.0,0.0,0.0,0,2.5,0.0,10.5,8.0,8.0,11.0,5.0,11
2284,2284,66,102,571050.0,136250.0,10660102,2,0,4,0,0,0,0,136250.0,571050.0,2284,2,3,3,1,2,3,4,3,2,1,3,4,0.0,0.0,0.0,0,2.5,0.0,9.5,8.0,7.0,11.0,5.0,11
2285,2285,66,103,571150.0,136250.0,10660103,2,0,4,0,0,0,0,136250.0,571150.0,2285,2,3,3,1,2,3,4,3,2,1,2,4,0.0,0.0,0.0,0,1.5,0.0,8.5,8.0,7.0,11.0,5.0,10
2286,2286,66,104,571250.0,136250.0,10660104,2,0,4,0,0,0,0,136250.0,571250.0,2286,2,3,3,1,2,3,4,3,2,1,2,4,0.0,0.0,0.0,0,1.5,0.0,8.5,8.0,7.0,11.0,5.0,10
2287,2287,66,105,571350.0,136250.0,10660105,2,0,4,0,0,0,0,136250.0,571350.0,2287,1,2,3,1,2,3,4,3,2,1,2,3,0.0,0.0,0.0,0,1.5,0.0,6.5,8.0,7.0,11.0,5.0,9
2288,2288,66,106,571450.0,136250.0,10660106,2,0,4,0,0,0,0,136250.0,571450.0,2288,1,2,3,1,2,3,4,3,2,1,2,3,0.0,0.0,0.0,0,2.5,0.0,7.5,8.0,7.0,11.0,5.0,9
2289,2289,66,107,571550.0,136250.0,10660107,3,0,4,0,0,0,0,136250.0,571550.0,2289,1,1,3,1,2,3,4,3,2,1,2,3,0.0,0.0,0.0,0,2.5,0.0,7.5,8.0,8.0,11.0,6.0,9
2290,2290,66,108,571650.0,136250.0,10660108,3,0,4,0,0,0,0,136250.0,571650.0,2290,1,1,3,1,2,3,4,3,3,1,2,3,0.0,0.0,0.0,0,2.5,0.0,7.5,8.0,8.0,11.0,7.0,9
2291,2291,66,109,571750.0,136250.0,10660109,3,0,4,0,0,0,0,136250.0,571750.0,2291,1,1,3,1,2,3,4,3,3,1,2,3,0.0,0.0,0.0,0,2.5,0.0,7.5,8.0,8.0,11.0,7.0,9
2292,2292,66,110,571850.0,136250.0,10660110,4,0,4,0,0,0,0,136250.0,571850.0,2292,1,1,3,1,2,3,4,3,3,1,2,3,0.0,0.0,0.0,0,2.5,0.0,8.5,8.0,9.0,11.0,8.0,9
2293,2293,66,111,571950.0,136250.0,10660111,4,0,4,0,0,0,0,136250.0,571950.0,2293,1,1,3,1,2,3,4,3,3,1,2,3,0.0,0.0,0.0,0,2.5,0.0,8.5,8.0,9.0,11.0,8.0,9
2294,2294,66,112,572050.0,136250.0,10660112,4,0,4,0,0,0,0,136250.0,572050.0,2294,2,1,3,1,2,3,4,3,3,1,2,3,0.0,0.0,0.0,0,2.5,0.0,9.5,8.0,9.0,11.0,8.0,9
2295,2295,66,113,572150.0,136250.0,10660113,4,0,4,0,0,0,0,136250.0,572150.0,2295,2,2,3,1,3,3,4,3,3,1,2,3,0.0,0.0,0.0,0,2.5,0.0,10.5,8.0,10.0,11.0,8.0,9
2296,2296,67,32,564050.0,136150.0,10670032,4,0,4,0,0,0,0,136150.0,564050.0,2296,3,2,3,2,3,3,4,3,3,2,2,3,0.0,0.0,0.0,0,0.0,0.0,9.0,9.0,10.0,11.0,9.0,9
2297,2297,67,33,564150.0,136150.0,10670033,4,0,4,0,0,0,0,136150.0,564150.0,2297,3,2,3,2,3,3,4,3,3,2,2,3,0.0,0.0,0.0,0,0.0,0.0,9.0,9.0,10.0,11.0,9.0,9
2298,2298,67,34,564250.0,136150.0,10670034,4,0,4,0,0,0,0,136150.0,564250.0,2298,3,2,3,2,3,3,4,3,3,2,2,3,0.0,0.0,0.0,0,0.0,0.0,9.0,9.0,10.0,11.0,9.0,9
2299,2299,67,35,564350.0,136150.0,10670035,4,0,4,0,0,0,0,136150.0,564350.0,2299,2,2,3,2,3,3,4,3,3,2,1,3,0.0,0.0,0.0,0,0.0,0.0,8.0,9.0,10.0,11.0,9.0,8
2300,2300,67,36,564450.0,136150.0,10670036,4,0,4,0,0,0,0,136150.0,564450.0,2300,2,2,3,2,3,3,4,3,3,2,1,3,0.0,0.0,0.0,0,0.0,0.0,8.0,9.0,10.0,11.0,9.0,8
2301,2301,67,37,564550.0,136150.0,10670037,4,0,4,0,0,0,0,136150.0,564550.0,2301,2,1,3,2,3,3,4,3,3,2,1,3,0.0,0.0,0.0,0,0.0,0.0,7.0,9.0,10.0,11.0,9.0,8
2302,2302,67,38,564650.0,136150.0,10670038,4,0,4,0,0,0,0,136150.0,564650.0,2302,2,1,4,2,2,3,4,3,3,2,1,3,0.0,0.0,0.0,0,0.0,0.0,7.0,10.0,9.0,11.0,9.0,8
2303,2303,67,39,564750.0,136150.0,10670039,4,0,4,0,0,0,0,136150.0,564750.0,2303,2,1,3,2,2,3,4,3,3,2,0,3,0.0,0.0,0.0,0,0.0,0.0,7.0,9.0,9.0,11.0,9.0,7
2304,2304,67,40,564850.0,136150.0,10670040,4,0,4,0,0,0,0,136150.0,564850.0,2304,2,1,3,3,2,3,4,3,3,3,0,3,0.0,0.0,0.0,0,0.0,0.0,7.0,10.0,9.0,11.0,10.0,7
2305,2305,67,41,564950.0,136150.0,10670041,4,0,4,0,0,0,0,136150.0,564950.0,2305,3,2,2,3,2,3,4,3,3,3,0,3,0.0,0.0,0.0,0,0.0,0.0,9.0,9.0,9.0,11.0,10.0,7
2306,2306,67,42,565050.0,136150.0,10670042,4,0,4,0,0,0,0,136150.0,565050.0,2306,3,2,1,3,2,3,4,3,3,3,0,3,0.0,0.0,0.0,0,0.0,0.0,9.0,8.0,9.0,11.0,10.0,7
2307,2307,67,43,565150.0,136150.0,10670043,4,0,4,0,0,0,0,136150.0,565150.0,2307,3,3,1,3,2,3,4,3,3,3,0,3,0.0,0.0,0.0,0,0.0,0.0,10.0,8.0,9.0,11.0,10.0,7
2308,2308,67,44,565250.0,136150.0,10670044,4,0,4,0,0,0,0,136150.0,565250.0,2308,3,3,1,3,2,3,4,3,4,3,0,3,0.0,0.0,0.0,0,0.0,0.0,10.0,8.0,9.0,11.0,11.0,7
2309,2309,67,45,565350.0,136150.0,10670045,4,0,4,0,0,0,0,136150.0,565350.0,2309,3,3,1,3,2,3,4,3,3,3,0,3,0.0,0.0,0.0,0,0.0,0.0,10.0,8.0,9.0,11.0,10.0,7
2310,2310,67,46,565450.0,136150.0,10670046,3,0,3,0,0,0,0,136150.0,565450.0,2310,3,3,0,4,2,2,4,3,0,0,0,3,0.0,0.0,0.0,0,0.0,0.0,9.0,7.0,7.0,10.0,3.0,6
2311,2311,67,47,565550.0,136150.0,10670047,3,0,3,0,0,0,0,136150.0,565550.0,2311,3,3,0,4,1,2,4,3,1,0,0,2,0.0,0.0,0.0,0,0.0,0.0,9.0,7.0,6.0,10.0,4.0,5
2312,2312,67,48,565650.0,136150.0,10670048,2,0,2,0,0,0,0,136150.0,565650.0,2312,3,3,0,4,1,2,4,3,1,0,0,1,0.0,0.0,0.0,0,0.0,0.0,8.0,6.0,5.0,9.0,3.0,3
2313,2313,67,49,565750.0,136150.0,10670049,2,0,2,0,0,0,0,136150.0,565750.0,2313,3,3,0,4,1,2,4,3,2,0,0,0,0.0,0.0,0.0,0,0.0,0.0,8.0,6.0,5.0,9.0,4.0,2
2314,2314,67,50,565850.0,136150.0,10670050,2,0,2,0,0,0,0,136150.0,565850.0,2314,3,3,0,4,0,1,4,3,2,0,0,0,0.0,0.0,0.0,0,1.75,0.0,9.75,6.0,3.0,9.0,4.0,2
2315,2315,67,51,565950.0,136150.0,10670051,1,0,2,0,0,0,0,136150.0,565950.0,2315,2,2,0,4,0,1,4,3,1,0,0,0,0.0,0.0,0.0,0,2.5,0.0,7.5,6.0,2.0,9.0,2.0,2
2316,2316,67,52,566050.0,136150.0,10670052,1,0,2,0,0,0,0,136150.0,566050.0,2316,0,1,0,4,0,1,4,3,1,0,0,0,0.0,0.0,0.0,0,2.5,0.0,4.5,6.0,2.0,9.0,2.0,2
2317,2317,67,53,566150.0,136150.0,10670053,1,0,2,0,0,0,0,136150.0,566150.0,2317,0,0,0,4,0,0,4,3,0,0,0,0,0.0,0.0,0.0,0,2.5,0.0,3.5,6.0,1.0,9.0,1.0,2
2318,2318,67,54,566250.0,136150.0,10670054,0,0,2,0,0,0,0,136150.0,566250.0,2318,0,0,0,3,0,0,0,3,0,0,0,0,0.0,0.0,0.0,0,2.25,0.0,2.25,5.0,0.0,5.0,0.0,2
2319,2319,67,55,566350.0,136150.0,10670055,0,0,2,0,0,0,0,136150.0,566350.0,2319,0,0,0,2,0,0,0,3,1,0,0,0,0.0,0.0,0.0,0,2.25,0.0,2.25,4.0,0.0,5.0,1.0,2
2320,2320,67,56,566450.0,136150.0,10670056,0,1,2,0,0,0,0,136150.0,566450.0,2320,0,0,0,0,0,0,0,4,0,0,0,0,0.0,0.0,0.0,0,2.25,0.0,3.25,2.0,1.0,6.0,1.0,2
2321,2321,67,57,566550.0,136150.0,10670057,0,2,2,0,0,0,0,136150.0,566550.0,2321,0,0,0,0,0,0,0,4,3,1,0,0,0.0,0.0,0.0,0,2.25,0.25,4.25,2.25,2.0,6.0,6.0,2
2322,2322,67,58,566650.0,136150.0,10670058,0,4,2,0,0,0,0,136150.0,566650.0,2322,0,0,0,0,0,0,0,0,4,1,0,0,0.0,0.0,0.0,0,2.25,0.75,6.25,2.75,4.0,2.0,9.0,2
2323,2323,67,59,566750.0,136150.0,10670059,0,2,2,0,0,0,0,136150.0,566750.0,2323,0,0,0,0,0,0,0,0,4,0,0,1,0.0,0.0,0.0,0,2.25,0.75,4.25,2.75,2.0,2.0,6.0,3
2324,2324,67,60,566850.0,136150.0,10670060,0,2,2,0,0,0,0,136150.0,566850.0,2324,1,0,0,0,0,0,0,4,4,0,0,3,0.0,0.0,0.0,0,2.25,0.25,5.25,2.25,2.0,6.0,6.0,5
2325,2325,67,61,566950.0,136150.0,10670061,0,2,1,0,0,0,0,136150.0,566950.0,2325,3,0,0,0,0,0,0,4,4,0,0,3,0.0,0.0,0.0,0,2.5,2.5,7.5,3.5,2.0,5.0,6.0,4
2326,2326,67,62,567050.0,136150.0,10670062,0,2,1,0,0,0,0,136150.0,567050.0,2326,3,0,0,0,0,0,4,4,4,0,0,3,0.0,0.0,0.0,0,2.5,2.5,7.5,3.5,2.0,9.0,6.0,4
2327,2327,67,63,567150.0,136150.0,10670063,0,1,1,0,0,0,0,136150.0,567150.0,2327,4,0,0,0,0,0,4,4,4,0,0,3,0.0,0.0,0.0,0,2.5,2.5,7.5,3.5,1.0,9.0,5.0,4
2328,2328,67,64,567250.0,136150.0,10670064,1,2,1,0,0,0,0,136150.0,567250.0,2328,4,0,1,0,0,0,4,0,4,0,0,3,0.0,0.0,0.0,0,2.5,2.5,9.5,4.5,3.0,5.0,7.0,4
2329,2329,67,65,567350.0,136150.0,10670065,1,3,1,0,0,0,0,136150.0,567350.0,2329,4,0,1,0,0,1,4,0,4,0,0,1,0.0,0.0,0.0,0,2.5,2.5,10.5,4.5,5.0,5.0,8.0,2
2330,2330,67,66,567450.0,136150.0,10670066,2,2,1,0,0,0,0,136150.0,567450.0,2330,4,0,2,0,1,1,4,0,4,0,1,0,0.0,0.0,0.0,0,2.5,2.5,10.5,5.5,6.0,5.0,8.0,2
2331,2331,67,67,567550.0,136150.0,10670067,2,2,1,0,0,0,0,136150.0,567550.0,2331,4,0,3,0,1,1,4,0,4,1,1,0,0.0,0.0,0.0,0,2.5,2.5,10.5,6.5,6.0,5.0,9.0,2
2332,2332,67,68,567650.0,136150.0,10670068,2,1,1,0,0,0,0,136150.0,567650.0,2332,4,0,3,0,1,1,4,0,4,1,1,0,0.0,0.0,0.0,0,2.5,2.5,9.5,6.5,5.0,5.0,8.0,2
2333,2333,67,69,567750.0,136150.0,10670069,2,1,1,1,0,0,0,136150.0,567750.0,2333,4,0,4,0,1,1,4,0,4,2,2,0,0.0,0.0,0.0,0,2.5,2.5,9.5,8.5,5.0,6.0,9.0,4
2334,2334,67,70,567850.0,136150.0,10670070,1,1,2,2,0,0,0,136150.0,567850.0,2334,4,0,4,0,1,1,4,0,3,3,2,0,0.0,0.0,0.0,0,2.5,2.5,8.5,10.5,4.0,8.0,8.0,6
2335,2335,67,71,567950.0,136150.0,10670071,1,1,2,3,0,0,0,136150.0,567950.0,2335,4,0,4,0,1,1,4,0,1,1,2,0,0.0,0.0,0.0,0,2.5,2.5,8.5,11.5,4.0,9.0,4.0,7
2336,2336,67,72,568050.0,136150.0,10670072,0,1,2,3,0,0,0,136150.0,568050.0,2336,4,0,4,0,1,1,4,4,0,0,3,0,0.0,0.0,0.0,0,2.5,2.5,7.5,11.5,3.0,13.0,1.0,8
2337,2337,67,73,568150.0,136150.0,10670073,0,2,2,3,0,0,0,136150.0,568150.0,2337,4,0,4,0,1,1,4,4,0,0,3,0,0.0,0.0,0.0,0,2.5,2.5,8.5,11.5,4.0,13.0,2.0,8
2338,2338,67,74,568250.0,136150.0,10670074,0,3,2,2,0,0,0,136150.0,568250.0,2338,4,0,4,0,1,1,0,4,0,0,3,0,0.0,0.0,0.0,0,2.5,2.5,9.5,10.5,5.0,8.0,3.0,7
2339,2339,67,75,568350.0,136150.0,10670075,1,4,2,1,0,0,0,136150.0,568350.0,2339,4,0,4,0,0,1,0,0,0,0,3,0,0.0,0.0,0.0,0,2.5,2.5,11.5,9.5,6.0,3.0,5.0,6
2340,2340,67,76,568450.0,136150.0,10670076,1,2,2,0,0,0,0,136150.0,568450.0,2340,4,0,4,0,0,1,0,0,0,0,3,0,0.0,0.0,0.0,0,2.5,2.5,9.5,8.5,4.0,2.0,3.0,5
2341,2341,67,77,568550.0,136150.0,10670077,2,1,2,0,0,0,0,136150.0,568550.0,2341,4,0,4,0,0,1,0,0,0,0,3,0,0.0,0.0,0.0,0,2.5,2.5,9.5,8.5,4.0,2.0,3.0,5
2342,2342,67,78,568650.0,136150.0,10670078,1,0,1,0,0,0,0,136150.0,568650.0,2342,4,0,1,0,0,0,0,4,0,1,4,1,0.0,0.0,0.0,0,2.5,2.5,7.5,4.5,1.0,5.0,2.0,6
2343,2343,67,79,568750.0,136150.0,10670079,1,0,1,0,0,0,0,136150.0,568750.0,2343,4,0,0,0,0,0,0,4,0,3,4,1,0.0,0.0,0.0,0,2.5,2.5,7.5,3.5,1.0,5.0,4.0,6
2344,2344,67,80,568850.0,136150.0,10670080,1,0,1,0,0,0,0,136150.0,568850.0,2344,4,0,0,0,0,0,0,4,1,4,4,3,0.0,0.0,0.0,0,2.5,2.5,7.5,3.5,1.0,5.0,6.0,8
2345,2345,67,81,568950.0,136150.0,10670081,1,0,1,0,0,0,0,136150.0,568950.0,2345,4,0,0,0,0,0,0,4,1,4,4,3,0.0,0.0,0.0,0,2.5,2.5,7.5,3.5,1.0,5.0,6.0,8
2346,2346,67,82,569050.0,136150.0,10670082,1,0,1,0,0,0,0,136150.0,569050.0,2346,3,0,0,0,0,0,0,4,1,4,4,3,0.0,0.0,0.0,0,2.5,2.25,6.5,3.25,1.0,5.0,6.0,8
2347,2347,67,83,569150.0,136150.0,10670083,1,0,2,0,0,0,0,136150.0,569150.0,2347,0,0,0,0,0,1,0,3,1,3,4,4,0.0,0.0,0.0,0,2.5,1.75,3.5,3.75,2.0,5.0,5.0,10
2348,2348,67,84,569250.0,136150.0,10670084,2,0,2,0,0,0,0,136150.0,569250.0,2348,0,0,0,0,0,1,0,3,1,2,4,4,0.0,0.0,0.0,0,2.5,1.0,4.5,3.0,3.0,5.0,5.0,10
2349,2349,67,85,569350.0,136150.0,10670085,2,0,3,0,0,0,0,136150.0,569350.0,2349,0,0,0,0,0,1,0,3,1,1,4,4,0.0,0.0,0.0,0,2.5,0.0,4.5,3.0,3.0,6.0,4.0,11
2350,2350,67,86,569450.0,136150.0,10670086,2,0,3,0,0,0,0,136150.0,569450.0,2350,0,0,0,0,0,2,0,3,1,0,4,4,0.0,0.0,0.0,0,2.5,1.0,4.5,4.0,4.0,6.0,3.0,11
2351,2351,67,87,569550.0,136150.0,10670087,2,0,3,0,0,0,0,136150.0,569550.0,2351,0,0,0,0,1,3,0,3,1,0,4,4,0.0,0.0,0.0,0,2.5,1.75,4.5,4.75,6.0,6.0,3.0,11
2352,2352,67,88,569650.0,136150.0,10670088,2,0,4,0,0,0,0,136150.0,569650.0,2352,0,0,0,0,1,4,4,3,1,0,4,4,0.0,0.0,0.0,0,2.5,2.25,4.5,6.25,7.0,11.0,3.0,12
2353,2353,67,89,569750.0,136150.0,10670089,2,0,4,0,0,0,0,136150.0,569750.0,2353,0,0,0,0,1,4,4,3,1,0,4,4,0.0,0.0,0.0,0,2.5,2.5,4.5,6.5,7.0,11.0,3.0,12
2354,2354,67,90,569850.0,136150.0,10670090,1,0,4,0,0,0,0,136150.0,569850.0,2354,0,0,1,0,1,4,4,3,1,0,4,4,0.0,0.0,0.0,0,2.5,2.5,3.5,7.5,6.0,11.0,2.0,12
2355,2355,67,91,569950.0,136150.0,10670091,1,0,4,0,0,0,0,136150.0,569950.0,2355,0,0,1,0,2,4,4,3,1,0,4,4,0.0,0.0,0.0,0,2.5,2.5,3.5,7.5,7.0,11.0,2.0,12
2356,2356,67,92,570050.0,136150.0,10670092,1,0,4,0,0,0,0,136150.0,570050.0,2356,0,0,1,0,2,4,4,3,0,0,3,4,0.0,0.0,0.0,0,2.5,2.5,3.5,7.5,7.0,11.0,1.0,11
2357,2357,67,93,570150.0,136150.0,10670093,1,0,4,0,0,0,0,136150.0,570150.0,2357,0,0,1,0,2,4,4,3,0,0,3,4,0.0,0.0,0.0,0,2.5,2.5,3.5,7.5,7.0,11.0,1.0,11
2358,2358,67,94,570250.0,136150.0,10670094,1,0,4,0,0,0,0,136150.0,570250.0,2358,0,1,1,0,2,4,4,3,1,0,3,4,0.0,0.0,0.0,0,2.5,0.25,4.5,5.25,7.0,11.0,2.0,11
2359,2359,67,95,570350.0,136150.0,10670095,1,0,4,0,0,0,0,136150.0,570350.0,2359,2,3,1,0,3,4,4,3,1,0,3,4,0.0,0.0,0.0,0,2.5,0.0,8.5,5.0,8.0,11.0,2.0,11
2360,2360,67,96,570450.0,136150.0,10670096,2,0,4,0,0,0,0,136150.0,570450.0,2360,3,3,1,0,3,4,4,3,1,0,3,4,0.0,0.0,0.0,0,2.5,0.0,10.5,5.0,9.0,11.0,3.0,11
2361,2361,67,97,570550.0,136150.0,10670097,2,0,4,0,0,0,0,136150.0,570550.0,2361,3,3,1,1,3,4,4,3,1,0,3,4,0.0,0.0,0.0,0,2.5,0.0,10.5,6.0,9.0,11.0,3.0,11
2362,2362,67,98,570650.0,136150.0,10670098,3,0,4,0,0,0,0,136150.0,570650.0,2362,3,3,2,1,3,4,4,3,1,0,3,4,0.0,0.0,0.0,0,2.5,0.0,11.5,7.0,10.0,11.0,4.0,11
2363,2363,67,99,570750.0,136150.0,10670099,2,0,4,0,0,0,0,136150.0,570750.0,2363,3,3,2,1,3,4,4,3,2,0,3,4,0.0,0.0,0.0,0,2.5,0.0,10.5,7.0,9.0,11.0,4.0,11
2364,2364,67,100,570850.0,136150.0,10670100,2,0,4,0,0,0,0,136150.0,570850.0,2364,3,3,2,1,3,4,4,3,2,1,3,4,0.0,0.0,0.0,0,2.5,0.0,10.5,7.0,9.0,11.0,5.0,11
2365,2365,67,101,570950.0,136150.0,10670101,2,0,4,0,0,0,0,136150.0,570950.0,2365,3,3,2,1,3,3,4,3,2,1,3,4,0.0,0.0,0.0,0,1.5,0.0,9.5,7.0,8.0,11.0,5.0,11
2366,2366,67,102,571050.0,136150.0,10670102,2,0,4,0,0,0,0,136150.0,571050.0,2366,2,3,3,1,2,3,4,3,2,1,3,4,0.0,0.0,0.0,0,1.5,0.0,8.5,8.0,7.0,11.0,5.0,11
2367,2367,67,103,571150.0,136150.0,10670103,1,0,4,0,0,0,0,136150.0,571150.0,2367,2,3,3,1,2,3,4,3,2,1,3,4,0.0,0.0,0.0,0,1.5,0.0,7.5,8.0,6.0,11.0,4.0,11
2368,2368,67,104,571250.0,136150.0,10670104,1,0,4,0,0,0,0,136150.0,571250.0,2368,1,3,3,1,2,3,4,3,2,1,3,4,0.0,0.0,0.0,0,1.5,0.0,6.5,8.0,6.0,11.0,4.0,11
2369,2369,67,105,571350.0,136150.0,10670105,2,0,4,0,0,0,0,136150.0,571350.0,2369,1,2,3,1,2,3,4,3,2,1,3,3,0.0,0.0,0.0,0,1.5,0.0,6.5,8.0,7.0,11.0,5.0,10
2370,2370,67,106,571450.0,136150.0,10670106,2,0,4,0,0,0,0,136150.0,571450.0,2370,1,2,3,1,2,3,4,3,2,1,3,3,0.0,0.0,0.0,0,1.5,0.0,6.5,8.0,7.0,11.0,5.0,10
2371,2371,67,107,571550.0,136150.0,10670107,2,0,4,0,0,0,0,136150.0,571550.0,2371,1,1,3,1,2,3,4,3,2,1,3,3,0.0,0.0,0.0,0,1.5,0.0,5.5,8.0,7.0,11.0,5.0,10
2372,2372,67,108,571650.0,136150.0,10670108,3,0,4,0,0,0,0,136150.0,571650.0,2372,1,1,3,1,2,3,4,3,3,1,3,3,0.0,0.0,0.0,0,2.5,0.0,7.5,8.0,8.0,11.0,7.0,10
2373,2373,67,109,571750.0,136150.0,10670109,3,0,4,0,0,0,0,136150.0,571750.0,2373,1,1,3,1,2,3,4,3,3,1,2,3,0.0,0.0,0.0,0,2.5,0.0,7.5,8.0,8.0,11.0,7.0,9
2374,2374,67,110,571850.0,136150.0,10670110,3,0,4,0,0,0,0,136150.0,571850.0,2374,1,1,3,1,3,3,4,3,3,1,2,3,0.0,0.0,0.0,0,2.5,0.0,7.5,8.0,9.0,11.0,7.0,9
2375,2375,67,111,571950.0,136150.0,10670111,4,0,4,0,0,0,0,136150.0,571950.0,2375,1,1,3,1,3,3,4,3,3,1,2,3,0.0,0.0,0.0,0,2.5,0.0,8.5,8.0,10.0,11.0,8.0,9
2376,2376,67,112,572050.0,136150.0,10670112,4,0,4,0,0,0,0,136150.0,572050.0,2376,2,1,3,1,3,3,4,3,3,1,2,3,0.0,0.0,0.0,0,2.5,0.0,9.5,8.0,10.0,11.0,8.0,9
2377,2377,67,113,572150.0,136150.0,10670113,4,0,4,0,0,0,0,136150.0,572150.0,2377,2,1,3,1,3,3,4,3,3,1,2,3,0.0,0.0,0.0,0,2.5,0.0,9.5,8.0,10.0,11.0,8.0,9
2378,2378,68,32,564050.0,136050.0,10680032,4,0,4,0,0,0,0,136050.0,564050.0,2378,3,2,3,2,3,3,4,3,3,2,2,2,0.0,0.0,0.0,0,0.0,0.0,9.0,9.0,10.0,11.0,9.0,8
2379,2379,68,33,564150.0,136050.0,10680033,4,0,4,0,0,0,0,136050.0,564150.0,2379,3,2,3,2,3,3,4,3,3,2,2,3,0.0,0.0,0.0,0,0.0,0.0,9.0,9.0,10.0,11.0,9.0,9
2380,2380,68,34,564250.0,136050.0,10680034,4,0,4,0,0,0,0,136050.0,564250.0,2380,3,2,3,2,3,3,4,3,3,2,2,3,0.0,0.0,0.0,0,0.0,0.0,9.0,9.0,10.0,11.0,9.0,9
2381,2381,68,35,564350.0,136050.0,10680035,4,0,4,0,0,0,0,136050.0,564350.0,2381,3,2,3,2,3,3,4,3,3,2,1,3,0.0,0.0,0.0,0,0.0,0.0,9.0,9.0,10.0,11.0,9.0,8
2382,2382,68,36,564450.0,136050.0,10680036,4,0,4,0,0,0,0,136050.0,564450.0,2382,2,2,3,2,3,2,4,3,3,2,1,3,0.0,0.0,0.0,0,0.0,0.0,8.0,9.0,9.0,11.0,9.0,8
2383,2383,68,37,564550.0,136050.0,10680037,4,0,4,0,0,0,0,136050.0,564550.0,2383,2,1,3,2,2,3,4,3,3,2,1,3,0.0,0.0,0.0,0,0.0,0.0,7.0,9.0,9.0,11.0,9.0,8
2384,2384,68,38,564650.0,136050.0,10680038,4,0,4,0,0,0,0,136050.0,564650.0,2384,2,1,4,2,2,3,4,3,3,2,1,3,0.0,0.0,0.0,0,0.0,0.0,7.0,10.0,9.0,11.0,9.0,8
2385,2385,68,39,564750.0,136050.0,10680039,4,0,4,0,0,0,0,136050.0,564750.0,2385,2,1,3,2,2,3,4,3,3,2,1,3,0.0,0.0,0.0,0,0.0,0.0,7.0,9.0,9.0,11.0,9.0,8
2386,2386,68,40,564850.0,136050.0,10680040,4,0,4,0,0,0,0,136050.0,564850.0,2386,2,2,3,3,2,3,4,3,3,2,0,3,0.0,0.0,0.0,0,0.0,0.0,8.0,10.0,9.0,11.0,9.0,7
2387,2387,68,41,564950.0,136050.0,10680041,4,0,4,0,0,0,0,136050.0,564950.0,2387,3,2,2,3,2,3,4,3,3,3,0,3,0.0,0.0,0.0,0,0.0,0.0,9.0,9.0,9.0,11.0,10.0,7
2388,2388,68,42,565050.0,136050.0,10680042,4,0,4,0,0,0,0,136050.0,565050.0,2388,3,2,1,3,2,3,4,3,3,3,0,3,0.0,0.0,0.0,0,0.0,0.0,9.0,8.0,9.0,11.0,10.0,7
2389,2389,68,43,565150.0,136050.0,10680043,4,0,4,0,0,0,0,136050.0,565150.0,2389,3,3,1,3,2,3,4,3,3,3,0,3,0.0,0.0,0.0,0,0.0,0.0,10.0,8.0,9.0,11.0,10.0,7
2390,2390,68,44,565250.0,136050.0,10680044,4,0,4,0,0,0,0,136050.0,565250.0,2390,3,3,1,3,2,3,4,3,4,3,0,3,0.0,0.0,0.0,0,0.0,0.0,10.0,8.0,9.0,11.0,11.0,7
2391,2391,68,45,565350.0,136050.0,10680045,3,0,4,0,0,0,0,136050.0,565350.0,2391,3,3,1,3,2,3,4,3,3,3,0,3,0.0,0.0,0.0,0,0.0,0.0,9.0,8.0,8.0,11.0,9.0,7
2392,2392,68,46,565450.0,136050.0,10680046,3,0,3,0,0,0,0,136050.0,565450.0,2392,3,3,1,3,1,2,4,3,0,0,0,2,0.0,0.0,0.0,0,0.0,0.0,9.0,7.0,6.0,10.0,3.0,5
2393,2393,68,47,565550.0,136050.0,10680047,3,0,3,0,0,0,0,136050.0,565550.0,2393,3,3,0,4,1,2,4,3,1,0,0,1,0.0,0.0,0.0,0,0.0,0.0,9.0,7.0,6.0,10.0,4.0,4
2394,2394,68,48,565650.0,136050.0,10680048,2,0,3,0,0,0,0,136050.0,565650.0,2394,3,3,0,4,1,2,4,3,1,0,0,1,0.0,0.0,0.0,0,0.0,0.0,8.0,7.0,5.0,10.0,3.0,4
2395,2395,68,49,565750.0,136050.0,10680049,2,0,3,0,0,0,0,136050.0,565750.0,2395,3,3,0,4,1,2,4,3,2,0,0,0,0.0,0.0,0.0,0,0.0,0.0,8.0,7.0,5.0,10.0,4.0,3
2396,2396,68,50,565850.0,136050.0,10680050,1,0,2,0,0,0,0,136050.0,565850.0,2396,3,3,0,4,0,1,4,3,2,0,0,0,0.0,0.0,0.0,0,1.75,0.0,8.75,6.0,2.0,9.0,3.0,2
2397,2397,68,51,565950.0,136050.0,10680051,1,0,2,0,0,0,0,136050.0,565950.0,2397,2,3,0,4,0,1,4,3,1,0,0,0,0.0,0.0,0.0,0,2.5,0.0,8.5,6.0,2.0,9.0,2.0,2
2398,2398,68,52,566050.0,136050.0,10680052,1,0,2,0,0,0,0,136050.0,566050.0,2398,0,3,0,4,0,1,4,3,1,0,0,0,0.0,0.0,0.0,0,2.25,0.0,6.25,6.0,2.0,9.0,2.0,2
2399,2399,68,53,566150.0,136050.0,10680053,0,0,1,0,0,0,0,136050.0,566150.0,2399,0,0,0,4,0,0,4,3,1,0,0,0,0.0,0.0,0.0,0,2.25,0.0,2.25,5.0,0.0,8.0,1.0,1
2400,2400,68,54,566250.0,136050.0,10680054,0,0,1,0,0,0,0,136050.0,566250.0,2400,0,0,0,4,0,0,0,3,0,0,0,0,0.0,0.0,0.0,0,2.25,0.0,2.25,5.0,0.0,4.0,0.0,1
2401,2401,68,55,566350.0,136050.0,10680055,0,0,1,0,0,0,0,136050.0,566350.0,2401,0,0,0,3,0,0,0,4,0,0,0,0,0.0,0.0,0.0,0,2.25,0.0,2.25,4.0,0.0,5.0,0.0,1
2402,2402,68,56,566450.0,136050.0,10680056,0,1,1,0,0,0,0,136050.0,566450.0,2402,0,0,0,2,0,0,0,4,0,0,0,0,0.0,0.0,0.0,0,2.25,0.0,3.25,3.0,1.0,5.0,1.0,1
2403,2403,68,57,566550.0,136050.0,10680057,0,2,2,0,0,0,0,136050.0,566550.0,2403,0,0,0,0,0,0,0,4,0,0,0,0,0.0,0.0,0.0,0,2.25,0.0,4.25,2.0,2.0,6.0,2.0,2
2404,2404,68,58,566650.0,136050.0,10680058,0,3,2,0,0,0,0,136050.0,566650.0,2404,0,0,0,0,0,0,0,0,3,3,0,0,0.0,0.0,0.0,0,2.25,0.0,5.25,2.0,3.0,2.0,9.0,2
2405,2405,68,59,566750.0,136050.0,10680059,0,2,2,0,0,0,0,136050.0,566750.0,2405,0,0,0,0,0,0,0,0,4,1,0,1,0.0,0.0,0.0,0,2.25,0.0,4.25,2.0,2.0,2.0,7.0,3
2406,2406,68,60,566850.0,136050.0,10680060,0,1,1,0,0,0,0,136050.0,566850.0,2406,1,0,0,0,0,0,0,0,4,0,0,3,0.0,0.0,0.0,0,2.5,0.0,4.5,1.0,1.0,1.0,5.0,4
2407,2407,68,61,566950.0,136050.0,10680061,0,1,1,0,0,0,0,136050.0,566950.0,2407,3,0,0,0,0,0,0,4,4,0,0,3,0.0,0.0,0.0,0,2.5,2.5,6.5,3.5,1.0,5.0,5.0,4
2408,2408,68,62,567050.0,136050.0,10680062,0,1,1,0,0,0,0,136050.0,567050.0,2408,4,0,0,0,0,0,0,4,4,0,0,4,0.0,0.0,0.0,0,2.5,2.5,7.5,3.5,1.0,5.0,5.0,5
2409,2409,68,63,567150.0,136050.0,10680063,1,1,1,0,0,0,0,136050.0,567150.0,2409,4,0,0,0,0,0,4,4,4,0,0,4,0.0,0.0,0.0,0,2.5,2.5,8.5,3.5,2.0,9.0,6.0,5
2410,2410,68,64,567250.0,136050.0,10680064,1,2,0,0,0,0,0,136050.0,567250.0,2410,4,0,1,0,0,0,4,4,4,1,0,3,0.0,0.0,0.0,0,2.5,2.5,9.5,3.5,3.0,8.0,8.0,3
2411,2411,68,65,567350.0,136050.0,10680065,1,2,0,0,0,0,0,136050.0,567350.0,2411,4,0,1,0,0,1,4,0,4,1,0,3,0.0,0.0,0.0,0,2.5,2.5,9.5,3.5,4.0,4.0,8.0,3
2412,2412,68,66,567450.0,136050.0,10680066,1,2,0,0,0,0,0,136050.0,567450.0,2412,4,0,1,0,1,1,4,0,4,1,1,1,0.0,0.0,0.0,0,2.5,2.5,9.5,3.5,5.0,4.0,8.0,2
2413,2413,68,67,567550.0,136050.0,10680067,2,1,1,0,0,0,0,136050.0,567550.0,2413,4,0,1,0,1,1,4,0,4,1,1,0,0.0,0.0,0.0,0,2.5,2.5,9.5,4.5,5.0,5.0,8.0,2
2414,2414,68,68,567650.0,136050.0,10680068,2,2,1,0,0,0,0,136050.0,567650.0,2414,4,0,2,0,1,1,4,0,4,1,2,0,0.0,0.0,0.0,0,2.5,2.5,10.5,5.5,6.0,5.0,9.0,3
2415,2415,68,69,567750.0,136050.0,10680069,1,2,2,1,0,0,0,136050.0,567750.0,2415,4,0,3,0,1,1,4,0,4,2,2,0,0.0,0.0,0.0,0,2.5,2.5,9.5,8.5,5.0,7.0,9.0,5
2416,2416,68,70,567850.0,136050.0,10680070,1,1,2,1,0,0,0,136050.0,567850.0,2416,4,0,4,0,1,1,4,0,3,3,2,0,0.0,0.0,0.0,0,2.5,2.5,8.5,9.5,4.0,7.0,8.0,5
2417,2417,68,71,567950.0,136050.0,10680071,0,1,2,2,0,0,0,136050.0,567950.0,2417,4,0,4,0,1,1,4,4,0,0,3,0,0.0,0.0,0.0,0,2.5,2.5,7.5,10.5,3.0,12.0,1.0,7
2418,2418,68,72,568050.0,136050.0,10680072,0,1,2,3,0,0,0,136050.0,568050.0,2418,4,0,4,0,1,1,4,4,0,0,3,0,0.0,0.0,0.0,0,2.5,2.5,7.5,11.5,3.0,13.0,1.0,8
2419,2419,68,73,568150.0,136050.0,10680073,0,2,2,4,0,0,0,136050.0,568150.0,2419,4,0,4,0,1,1,4,4,0,0,3,0,0.0,0.0,0.0,0,2.5,2.5,8.5,12.5,4.0,14.0,2.0,9
2420,2420,68,74,568250.0,136050.0,10680074,0,2,2,2,0,0,0,136050.0,568250.0,2420,4,0,4,0,1,1,0,4,0,0,3,0,0.0,0.0,0.0,0,2.5,2.5,8.5,10.5,4.0,8.0,2.0,7
2421,2421,68,75,568350.0,136050.0,10680075,1,3,2,1,0,0,0,136050.0,568350.0,2421,4,0,4,0,0,1,0,4,0,0,3,0,0.0,0.0,0.0,0,2.5,2.5,10.5,9.5,5.0,7.0,4.0,6
2422,2422,68,76,568450.0,136050.0,10680076,1,2,2,0,0,0,0,136050.0,568450.0,2422,4,0,4,0,0,1,0,0,0,0,3,0,0.0,0.0,0.0,0,2.5,2.5,9.5,8.5,4.0,2.0,3.0,5
2423,2423,68,77,568550.0,136050.0,10680077,1,1,1,0,0,0,0,136050.0,568550.0,2423,4,0,4,0,0,1,0,4,0,0,3,0,0.0,0.0,0.0,0,2.5,2.5,8.5,7.5,3.0,5.0,2.0,4
2424,2424,68,78,568650.0,136050.0,10680078,1,0,1,0,0,0,0,136050.0,568650.0,2424,4,0,1,0,0,0,0,4,0,0,4,0,0.0,0.0,0.0,0,2.5,2.5,7.5,4.5,1.0,5.0,1.0,5
2425,2425,68,79,568750.0,136050.0,10680079,1,0,1,0,0,0,0,136050.0,568750.0,2425,4,0,0,0,0,0,0,4,0,2,4,1,0.0,0.0,0.0,0,2.5,2.5,7.5,3.5,1.0,5.0,3.0,6
2426,2426,68,80,568850.0,136050.0,10680080,1,0,1,0,0,0,0,136050.0,568850.0,2426,4,0,0,0,0,0,0,4,0,4,4,1,0.0,0.0,0.0,0,2.5,2.5,7.5,3.5,1.0,5.0,5.0,6
2427,2427,68,81,568950.0,136050.0,10680081,1,0,1,0,0,0,0,136050.0,568950.0,2427,4,0,0,0,0,0,0,4,1,4,4,2,0.0,0.0,0.0,0,2.5,2.5,7.5,3.5,1.0,5.0,6.0,7
2428,2428,68,82,569050.0,136050.0,10680082,1,0,1,0,0,0,0,136050.0,569050.0,2428,3,0,0,0,0,1,0,3,1,4,4,3,0.0,0.0,0.0,0,2.5,2.5,6.5,3.5,2.0,4.0,6.0,8
2429,2429,68,83,569150.0,136050.0,10680083,1,0,1,0,0,0,0,136050.0,569150.0,2429,0,0,0,0,0,1,0,3,1,4,4,3,0.0,0.0,0.0,0,2.5,2.25,3.5,3.25,2.0,4.0,6.0,8
2430,2430,68,84,569250.0,136050.0,10680084,2,0,2,0,0,0,0,136050.0,569250.0,2430,0,0,0,0,0,1,0,3,1,2,4,3,0.0,0.0,0.0,0,2.5,1.75,4.5,3.75,3.0,5.0,5.0,9
2431,2431,68,85,569350.0,136050.0,10680085,2,0,2,0,0,0,0,136050.0,569350.0,2431,0,0,0,0,0,1,4,3,1,1,4,4,0.0,0.0,0.0,0,2.5,1.0,4.5,3.0,3.0,9.0,4.0,10
2432,2432,68,86,569450.0,136050.0,10680086,3,0,3,0,0,0,0,136050.0,569450.0,2432,0,0,0,0,0,2,4,3,1,0,4,4,0.0,0.0,0.0,0,2.5,1.75,5.5,4.75,5.0,10.0,4.0,11
2433,2433,68,87,569550.0,136050.0,10680087,2,0,3,0,0,0,0,136050.0,569550.0,2433,0,0,0,0,1,3,4,3,1,0,4,4,0.0,0.0,0.0,0,2.5,2.25,4.5,5.25,6.0,10.0,3.0,11
2434,2434,68,88,569650.0,136050.0,10680088,2,0,4,0,0,0,0,136050.0,569650.0,2434,0,0,0,0,1,4,4,3,1,0,4,4,0.0,0.0,0.0,0,2.5,2.5,4.5,6.5,7.0,11.0,3.0,12
2435,2435,68,89,569750.0,136050.0,10680089,1,0,4,0,0,0,0,136050.0,569750.0,2435,0,0,0,0,1,4,4,3,1,0,4,4,0.0,0.0,0.0,0,2.5,2.5,3.5,6.5,6.0,11.0,2.0,12
2436,2436,68,90,569850.0,136050.0,10680090,1,0,4,0,0,0,0,136050.0,569850.0,2436,0,0,1,0,1,4,4,3,1,0,4,4,0.0,0.0,0.0,0,2.5,2.5,3.5,7.5,6.0,11.0,2.0,12
2437,2437,68,91,569950.0,136050.0,10680091,1,0,4,0,0,0,0,136050.0,569950.0,2437,0,0,1,0,2,4,4,3,0,0,4,4,0.0,0.0,0.0,0,2.5,2.5,3.5,7.5,7.0,11.0,1.0,12
2438,2438,68,92,570050.0,136050.0,10680092,0,0,4,0,0,0,0,136050.0,570050.0,2438,0,0,1,0,2,4,4,3,0,0,4,4,0.0,0.0,0.0,0,2.5,2.5,2.5,7.5,6.0,11.0,0.0,12
2439,2439,68,93,570150.0,136050.0,10680093,0,0,4,0,0,0,0,136050.0,570150.0,2439,0,0,1,0,2,4,4,3,0,0,4,4,0.0,0.0,0.0,0,2.5,1.5,2.5,6.5,6.0,11.0,0.0,12
2440,2440,68,94,570250.0,136050.0,10680094,1,0,4,0,0,0,0,136050.0,570250.0,2440,1,1,1,0,2,4,4,3,0,0,3,4,0.0,0.0,0.0,0,2.5,0.0,5.5,5.0,7.0,11.0,1.0,11
2441,2441,68,95,570350.0,136050.0,10680095,1,0,4,0,0,0,0,136050.0,570350.0,2441,3,3,1,0,3,4,4,3,1,0,3,4,0.0,0.0,0.0,0,2.5,0.0,9.5,5.0,8.0,11.0,2.0,11
2442,2442,68,96,570450.0,136050.0,10680096,2,0,4,0,0,0,0,136050.0,570450.0,2442,3,3,1,0,3,4,4,3,1,0,3,4,0.0,0.0,0.0,0,2.5,0.0,10.5,5.0,9.0,11.0,3.0,11
2443,2443,68,97,570550.0,136050.0,10680097,2,0,4,0,0,0,0,136050.0,570550.0,2443,3,3,2,0,3,4,4,3,1,0,3,4,0.0,0.0,0.0,0,2.5,0.0,10.5,6.0,9.0,11.0,3.0,11
2444,2444,68,98,570650.0,136050.0,10680098,2,0,4,0,0,0,0,136050.0,570650.0,2444,3,3,2,1,3,4,4,3,1,0,3,4,0.0,0.0,0.0,0,2.5,0.0,10.5,7.0,9.0,11.0,3.0,11
2445,2445,68,99,570750.0,136050.0,10680099,2,0,4,0,0,0,0,136050.0,570750.0,2445,3,3,2,1,3,4,4,3,2,0,3,4,0.0,0.0,0.0,0,2.5,0.0,10.5,7.0,9.0,11.0,4.0,11
2446,2446,68,100,570850.0,136050.0,10680100,2,0,4,0,0,0,0,136050.0,570850.0,2446,3,3,2,1,3,4,4,3,2,0,3,4,0.0,0.0,0.0,0,1.5,0.0,9.5,7.0,9.0,11.0,4.0,11
2447,2447,68,101,570950.0,136050.0,10680101,1,0,4,0,0,0,0,136050.0,570950.0,2447,3,3,2,1,3,3,4,3,2,1,3,4,0.0,0.0,0.0,0,1.5,0.0,8.5,7.0,7.0,11.0,4.0,11
2448,2448,68,102,571050.0,136050.0,10680102,1,0,4,0,0,0,0,136050.0,571050.0,2448,2,3,2,1,3,3,4,3,2,1,3,4,0.0,0.0,0.0,0,1.5,0.0,7.5,7.0,7.0,11.0,4.0,11
2449,2449,68,103,571150.0,136050.0,10680103,1,0,4,0,0,0,0,136050.0,571150.0,2449,2,3,2,1,3,3,4,3,2,1,3,4,0.0,0.0,0.0,0,0.75,0.0,6.75,7.0,7.0,11.0,4.0,11
2450,2450,68,104,571250.0,136050.0,10680104,1,0,4,0,0,0,0,136050.0,571250.0,2450,1,3,2,1,3,3,4,3,2,1,3,4,0.0,0.0,0.0,0,0.25,0.0,5.25,7.0,7.0,11.0,4.0,11
2451,2451,68,105,571350.0,136050.0,10680105,1,0,4,0,0,0,0,136050.0,571350.0,2451,1,2,3,1,3,3,4,3,2,1,3,3,0.0,0.0,0.0,0,0.75,0.0,4.75,8.0,7.0,11.0,4.0,10
2452,2452,68,106,571450.0,136050.0,10680106,2,0,4,0,0,0,0,136050.0,571450.0,2452,1,2,3,1,3,3,4,3,2,1,3,3,0.0,0.0,0.0,0,0.75,0.0,5.75,8.0,8.0,11.0,5.0,10
2453,2453,68,107,571550.0,136050.0,10680107,2,0,4,0,0,0,0,136050.0,571550.0,2453,1,1,3,1,3,3,4,3,2,1,3,3,0.0,0.0,0.0,0,1.5,0.0,5.5,8.0,8.0,11.0,5.0,10
2454,2454,68,108,571650.0,136050.0,10680108,2,0,4,0,0,0,0,136050.0,571650.0,2454,1,1,3,1,3,3,4,3,2,1,3,3,0.0,0.0,0.0,0,1.5,0.0,5.5,8.0,8.0,11.0,5.0,10
2455,2455,68,109,571750.0,136050.0,10680109,3,0,4,0,0,0,0,136050.0,571750.0,2455,1,1,3,1,3,3,4,3,3,1,3,3,0.0,0.0,0.0,0,2.5,0.0,7.5,8.0,9.0,11.0,7.0,10
2456,2456,68,110,571850.0,136050.0,10680110,3,0,4,0,0,0,0,136050.0,571850.0,2456,1,1,3,1,3,3,4,3,3,1,2,3,0.0,0.0,0.0,0,2.5,0.0,7.5,8.0,9.0,11.0,7.0,9
2457,2457,68,111,571950.0,136050.0,10680111,4,0,4,0,0,0,0,136050.0,571950.0,2457,1,1,3,1,3,3,4,3,3,1,2,3,0.0,0.0,0.0,0,2.5,0.0,8.5,8.0,10.0,11.0,8.0,9
2458,2458,68,112,572050.0,136050.0,10680112,4,0,4,0,0,0,0,136050.0,572050.0,2458,2,1,3,1,3,3,4,3,3,1,2,3,0.0,0.0,0.0,0,2.5,0.0,9.5,8.0,10.0,11.0,8.0,9
2459,2459,68,113,572150.0,136050.0,10680113,4,0,4,0,0,0,0,136050.0,572150.0,2459,2,1,3,1,3,3,4,3,3,1,2,3,0.0,0.0,0.0,0,2.5,0.0,9.5,8.0,10.0,11.0,8.0,9
2460,2460,69,32,564050.0,135950.0,10690032,4,0,4,0,0,0,0,135950.0,564050.0,2460,3,2,3,2,3,3,4,3,3,2,2,2,0.0,0.0,0.0,0,0.0,0.0,9.0,9.0,10.0,11.0,9.0,8
2461,2461,69,33,564150.0,135950.0,10690033,4,0,4,0,0,0,0,135950.0,564150.0,2461,3,2,3,2,3,3,4,3,3,2,2,2,0.0,0.0,0.0,0,0.0,0.0,9.0,9.0,10.0,11.0,9.0,8
2462,2462,69,34,564250.0,135950.0,10690034,4,0,4,0,0,0,0,135950.0,564250.0,2462,3,2,3,2,3,3,4,3,3,2,2,3,0.0,0.0,0.0,0,0.0,0.0,9.0,9.0,10.0,11.0,9.0,9
2463,2463,69,35,564350.0,135950.0,10690035,4,0,4,0,0,0,0,135950.0,564350.0,2463,3,2,3,2,3,3,4,3,3,2,1,3,0.0,0.0,0.0,0,0.0,0.0,9.0,9.0,10.0,11.0,9.0,8
2464,2464,69,36,564450.0,135950.0,10690036,4,0,4,0,0,0,0,135950.0,564450.0,2464,2,2,3,2,2,2,4,3,3,2,1,3,0.0,0.0,0.0,0,0.0,0.0,8.0,9.0,8.0,11.0,9.0,8
2465,2465,69,37,564550.0,135950.0,10690037,4,0,4,0,0,0,0,135950.0,564550.0,2465,2,2,3,2,3,2,4,3,3,2,1,3,0.0,0.0,0.0,0,0.0,0.0,8.0,9.0,9.0,11.0,9.0,8
2466,2466,69,38,564650.0,135950.0,10690038,4,0,4,0,0,0,0,135950.0,564650.0,2466,2,1,4,2,3,3,4,3,3,2,1,3,0.0,0.0,0.0,0,0.0,0.0,7.0,10.0,10.0,11.0,9.0,8
2467,2467,69,39,564750.0,135950.0,10690039,4,0,4,0,0,0,0,135950.0,564750.0,2467,2,1,4,2,2,3,4,3,3,2,1,3,0.0,0.0,0.0,0,0.0,0.0,7.0,10.0,9.0,11.0,9.0,8
2468,2468,69,40,564850.0,135950.0,10690040,4,0,4,0,0,0,0,135950.0,564850.0,2468,2,2,3,2,2,3,4,3,3,2,0,3,0.0,0.0,0.0,0,0.0,0.0,8.0,9.0,9.0,11.0,9.0,7
2469,2469,69,41,564950.0,135950.0,10690041,4,0,4,0,0,0,0,135950.0,564950.0,2469,3,2,3,3,2,3,4,3,3,2,0,3,0.0,0.0,0.0,0,0.0,0.0,9.0,10.0,9.0,11.0,9.0,7
2470,2470,69,42,565050.0,135950.0,10690042,4,0,4,0,0,0,0,135950.0,565050.0,2470,3,2,2,3,2,3,4,3,3,3,0,3,0.0,0.0,0.0,0,0.0,0.0,9.0,9.0,9.0,11.0,10.0,7
2471,2471,69,43,565150.0,135950.0,10690043,4,0,4,0,0,0,0,135950.0,565150.0,2471,3,3,1,3,2,3,4,3,3,3,0,3,0.0,0.0,0.0,0,0.0,0.0,10.0,8.0,9.0,11.0,10.0,7
2472,2472,69,44,565250.0,135950.0,10690044,4,0,4,0,0,0,0,135950.0,565250.0,2472,3,3,1,3,2,3,4,3,3,3,0,3,0.0,0.0,0.0,0,0.0,0.0,10.0,8.0,9.0,11.0,10.0,7
2473,2473,69,45,565350.0,135950.0,10690045,3,0,4,0,0,0,0,135950.0,565350.0,2473,3,3,1,3,2,3,4,3,3,3,0,2,0.0,0.0,0.0,0,0.0,0.0,9.0,8.0,8.0,11.0,9.0,6
2474,2474,69,46,565450.0,135950.0,10690046,3,0,4,0,0,0,0,135950.0,565450.0,2474,3,3,1,3,1,2,4,3,0,0,0,2,0.0,0.0,0.0,0,0.0,0.0,9.0,8.0,6.0,11.0,3.0,6
2475,2475,69,47,565550.0,135950.0,10690047,2,0,3,0,0,0,0,135950.0,565550.0,2475,3,4,0,4,1,2,4,3,1,0,0,1,0.0,0.0,0.0,0,1.0,0.0,10.0,7.0,5.0,10.0,3.0,4
2476,2476,69,48,565650.0,135950.0,10690048,2,0,3,0,0,0,0,135950.0,565650.0,2476,3,3,0,4,1,2,4,3,1,0,0,0,0.0,0.0,0.0,0,1.0,0.0,9.0,7.0,5.0,10.0,3.0,3
2477,2477,69,49,565750.0,135950.0,10690049,1,0,3,0,0,0,0,135950.0,565750.0,2477,3,3,0,4,1,2,4,3,2,0,0,0,0.0,0.0,0.0,0,1.0,0.0,8.0,7.0,4.0,10.0,3.0,3
2478,2478,69,50,565850.0,135950.0,10690050,1,0,2,0,0,0,0,135950.0,565850.0,2478,3,3,0,4,0,1,4,3,3,0,0,0,0.0,0.0,0.0,0,1.0,0.0,8.0,6.0,2.0,9.0,4.0,2
2479,2479,69,51,565950.0,135950.0,10690051,1,0,2,0,0,0,0,135950.0,565950.0,2479,2,4,0,4,0,1,4,3,2,0,0,0,0.0,0.0,0.0,0,2.25,0.0,9.25,6.0,2.0,9.0,3.0,2
2480,2480,69,52,566050.0,135950.0,10690052,1,0,1,0,0,0,0,135950.0,566050.0,2480,1,4,0,4,0,0,4,3,1,0,0,0,0.0,0.0,0.0,0,1.0,0.0,7.0,5.0,1.0,8.0,2.0,1
2481,2481,69,53,566150.0,135950.0,10690053,0,0,1,0,0,0,0,135950.0,566150.0,2481,0,0,0,4,0,0,4,3,0,0,0,0,0.0,0.0,0.0,0,2.25,0.0,2.25,5.0,0.0,8.0,0.0,1
2482,2482,69,54,566250.0,135950.0,10690054,0,0,1,0,0,0,0,135950.0,566250.0,2482,0,0,0,4,0,0,0,3,0,0,0,0,0.0,0.0,0.0,0,2.25,0.0,2.25,5.0,0.0,4.0,0.0,1
2483,2483,69,55,566350.0,135950.0,10690055,0,0,1,0,0,0,0,135950.0,566350.0,2483,0,0,0,4,0,0,0,4,0,0,0,0,0.0,0.0,0.0,0,2.25,1.5,2.25,6.5,0.0,5.0,0.0,1
2484,2484,69,56,566450.0,135950.0,10690056,0,1,1,0,0,0,0,135950.0,566450.0,2484,0,0,0,3,0,0,0,4,0,0,0,0,0.0,0.0,0.0,0,2.25,0.25,3.25,4.25,1.0,5.0,1.0,1
2485,2485,69,57,566550.0,135950.0,10690057,0,2,1,0,0,0,0,135950.0,566550.0,2485,0,0,0,3,0,0,0,4,0,0,0,0,0.0,0.0,0.0,0,2.25,0.0,4.25,4.0,2.0,5.0,2.0,1
2486,2486,69,58,566650.0,135950.0,10690058,0,2,2,0,0,0,0,135950.0,566650.0,2486,0,2,0,0,0,0,0,0,0,1,0,0,0.0,0.0,0.0,0,2.25,0.0,6.25,2.0,2.0,2.0,3.0,2
2487,2487,69,59,566750.0,135950.0,10690059,0,2,2,0,0,0,0,135950.0,566750.0,2487,1,0,0,0,0,0,0,0,3,3,0,2,0.0,0.0,0.0,0,2.25,0.0,5.25,2.0,2.0,2.0,8.0,4
2488,2488,69,60,566850.0,135950.0,10690060,0,2,1,0,0,0,0,135950.0,566850.0,2488,2,0,0,0,0,0,0,0,4,1,0,3,0.0,0.0,0.0,0,2.5,0.75,6.5,1.75,2.0,1.0,7.0,4
2489,2489,69,61,566950.0,135950.0,10690061,0,2,1,0,0,0,0,135950.0,566950.0,2489,3,0,0,0,0,0,0,0,4,1,0,4,0.0,0.0,0.0,0,2.5,2.5,7.5,3.5,2.0,1.0,7.0,5
2490,2490,69,62,567050.0,135950.0,10690062,0,2,0,0,0,0,0,135950.0,567050.0,2490,4,0,0,0,0,0,0,0,4,1,0,4,0.0,0.0,0.0,0,2.5,2.5,8.5,2.5,2.0,0.0,7.0,4
2491,2491,69,63,567150.0,135950.0,10690063,0,1,0,0,0,0,0,135950.0,567150.0,2491,4,0,0,0,0,0,0,4,4,1,0,4,0.0,0.0,0.0,0,2.5,2.5,7.5,2.5,1.0,4.0,6.0,4
2492,2492,69,64,567250.0,135950.0,10690064,0,2,0,0,0,0,0,135950.0,567250.0,2492,4,0,0,0,0,0,0,4,4,1,0,4,0.0,0.0,0.0,0,2.5,2.5,8.5,2.5,2.0,4.0,7.0,4
2493,2493,69,65,567350.0,135950.0,10690065,1,4,0,0,0,0,0,135950.0,567350.0,2493,4,0,0,0,0,1,4,4,4,1,0,3,0.0,0.0,0.0,0,2.5,2.5,11.5,2.5,6.0,8.0,10.0,3
2494,2494,69,66,567450.0,135950.0,10690066,1,3,0,0,0,0,0,135950.0,567450.0,2494,4,0,1,0,0,1,4,4,4,1,1,3,0.0,0.0,0.0,0,2.5,2.5,10.5,3.5,5.0,8.0,9.0,4
2495,2495,69,67,567550.0,135950.0,10690067,1,2,1,0,0,0,0,135950.0,567550.0,2495,4,0,2,0,1,1,4,0,4,1,1,1,0.0,0.0,0.0,0,2.5,2.5,9.5,5.5,5.0,5.0,8.0,3
2496,2496,69,68,567650.0,135950.0,10690068,2,3,1,0,0,0,0,135950.0,567650.0,2496,4,0,3,0,1,1,4,0,4,2,2,0,0.0,0.0,0.0,0,2.5,2.5,11.5,6.5,7.0,5.0,11.0,3
2497,2497,69,69,567750.0,135950.0,10690069,2,3,1,0,0,0,0,135950.0,567750.0,2497,4,0,3,0,1,1,4,0,3,3,2,0,0.0,0.0,0.0,0,2.5,2.5,11.5,6.5,7.0,5.0,11.0,3
2498,2498,69,70,567850.0,135950.0,10690070,1,2,1,1,0,0,0,135950.0,567850.0,2498,4,0,4,0,1,1,4,0,1,2,3,0,0.0,0.0,0.0,0,2.5,2.5,9.5,8.5,5.0,6.0,6.0,5
2499,2499,69,71,567950.0,135950.0,10690071,1,1,2,1,0,0,0,135950.0,567950.0,2499,4,0,4,0,1,1,4,4,0,0,3,0,0.0,0.0,0.0,0,2.5,2.5,8.5,9.5,4.0,11.0,2.0,6
2500,2500,69,72,568050.0,135950.0,10690072,0,1,2,2,0,0,0,135950.0,568050.0,2500,4,0,4,0,1,1,4,4,0,0,3,0,0.0,0.0,0.0,0,2.5,2.5,7.5,10.5,3.0,12.0,1.0,7
2501,2501,69,73,568150.0,135950.0,10690073,0,2,2,2,0,0,0,135950.0,568150.0,2501,4,0,4,0,1,1,4,4,0,0,3,0,0.0,0.0,0.0,0,2.5,2.5,8.5,10.5,4.0,12.0,2.0,7
2502,2502,69,74,568250.0,135950.0,10690074,0,2,3,2,0,0,0,135950.0,568250.0,2502,4,0,4,0,1,1,0,4,0,0,3,0,0.0,0.0,0.0,0,2.5,2.5,8.5,11.5,4.0,9.0,2.0,8
2503,2503,69,75,568350.0,135950.0,10690075,1,3,2,1,0,0,0,135950.0,568350.0,2503,4,0,4,0,0,1,0,4,0,0,3,0,0.0,0.0,0.0,0,2.5,2.5,10.5,9.5,5.0,7.0,4.0,6
2504,2504,69,76,568450.0,135950.0,10690076,1,2,2,0,0,0,0,135950.0,568450.0,2504,4,0,4,0,0,1,0,4,0,1,3,0,0.0,0.0,0.0,0,2.5,2.5,9.5,8.5,4.0,6.0,4.0,5
2505,2505,69,77,568550.0,135950.0,10690077,1,1,1,0,0,0,0,135950.0,568550.0,2505,4,0,4,0,0,1,0,4,0,1,4,0,0.0,0.0,0.0,0,2.5,2.5,8.5,7.5,3.0,5.0,3.0,5
2506,2506,69,78,568650.0,135950.0,10690078,1,0,1,0,0,0,0,135950.0,568650.0,2506,4,0,1,0,0,0,0,4,0,0,4,0,0.0,0.0,0.0,0,2.5,2.5,7.5,4.5,1.0,5.0,1.0,5
2507,2507,69,79,568750.0,135950.0,10690079,0,0,0,0,0,0,0,135950.0,568750.0,2507,4,0,0,0,0,0,0,4,0,0,4,0,0.0,0.0,0.0,0,2.5,2.5,6.5,2.5,0.0,4.0,0.0,4
2508,2508,69,80,568850.0,135950.0,10690080,0,0,0,0,0,0,0,135950.0,568850.0,2508,4,0,0,0,0,0,0,3,0,4,4,0,0.0,0.0,0.0,0,2.5,2.5,6.5,2.5,0.0,3.0,4.0,4
2509,2509,69,81,568950.0,135950.0,10690081,0,0,0,0,0,0,0,135950.0,568950.0,2509,3,0,0,0,0,0,0,3,1,4,4,1,0.0,0.0,0.0,0,2.5,2.5,5.5,2.5,0.0,3.0,5.0,5
2510,2510,69,82,569050.0,135950.0,10690082,1,0,1,0,0,0,0,135950.0,569050.0,2510,1,0,0,0,0,1,0,3,1,4,4,1,0.0,0.0,0.0,0,2.5,2.5,4.5,3.5,2.0,4.0,6.0,6
2511,2511,69,83,569150.0,135950.0,10690083,1,0,1,0,0,0,0,135950.0,569150.0,2511,0,0,0,0,0,1,0,3,1,4,4,2,0.0,0.0,0.0,0,2.5,2.25,3.5,3.25,2.0,4.0,6.0,7
2512,2512,69,84,569250.0,135950.0,10690084,2,0,2,0,0,0,0,135950.0,569250.0,2512,0,0,0,0,0,1,4,3,2,2,4,3,0.0,0.0,0.0,0,2.5,2.25,4.5,4.25,3.0,9.0,6.0,9
2513,2513,69,85,569350.0,135950.0,10690085,2,0,2,0,0,0,0,135950.0,569350.0,2513,0,0,0,0,0,2,4,3,2,1,4,3,0.0,0.0,0.0,0,2.5,1.75,4.5,3.75,4.0,9.0,5.0,9
2514,2514,69,86,569450.0,135950.0,10690086,3,0,3,0,0,0,0,135950.0,569450.0,2514,0,0,0,0,1,2,4,3,1,0,4,4,0.0,0.0,0.0,0,2.5,1.0,5.5,4.0,6.0,10.0,4.0,11
2515,2515,69,87,569550.0,135950.0,10690087,2,0,3,0,0,0,0,135950.0,569550.0,2515,0,0,0,0,1,3,4,3,1,0,4,4,0.0,0.0,0.0,0,2.5,1.75,4.5,4.75,6.0,10.0,3.0,11
2516,2516,69,88,569650.0,135950.0,10690088,2,0,4,0,0,0,0,135950.0,569650.0,2516,0,0,0,0,1,4,4,3,1,0,4,4,0.0,0.0,0.0,0,2.5,2.25,4.5,6.25,7.0,11.0,3.0,12
2517,2517,69,89,569750.0,135950.0,10690089,1,0,4,0,0,0,0,135950.0,569750.0,2517,0,0,0,0,1,4,4,3,1,0,4,4,0.0,0.0,0.0,0,2.5,2.5,3.5,6.5,6.0,11.0,2.0,12
2518,2518,69,90,569850.0,135950.0,10690090,1,0,4,0,0,0,0,135950.0,569850.0,2518,0,0,0,0,2,4,4,3,1,0,4,4,0.0,0.0,0.0,0,2.5,2.5,3.5,6.5,7.0,11.0,2.0,12
2519,2519,69,91,569950.0,135950.0,10690091,0,0,4,0,0,0,0,135950.0,569950.0,2519,0,0,1,0,2,4,4,3,0,0,4,4,0.0,0.0,0.0,0,2.5,2.5,2.5,7.5,6.0,11.0,0.0,12
2520,2520,69,92,570050.0,135950.0,10690092,0,0,4,0,0,0,0,135950.0,570050.0,2520,0,0,1,0,2,4,4,3,0,0,4,4,0.0,0.0,0.0,0,2.5,2.5,2.5,7.5,6.0,11.0,0.0,12
2521,2521,69,93,570150.0,135950.0,10690093,0,0,4,0,0,0,0,135950.0,570150.0,2521,0,0,1,0,2,4,4,3,0,0,4,4,0.0,0.0,0.0,0,2.5,0.0,2.5,5.0,6.0,11.0,0.0,12
2522,2522,69,94,570250.0,135950.0,10690094,1,0,4,0,0,0,0,135950.0,570250.0,2522,2,3,1,0,3,4,4,3,0,0,4,4,0.0,0.0,0.0,0,2.5,0.0,8.5,5.0,8.0,11.0,1.0,12
2523,2523,69,95,570350.0,135950.0,10690095,1,0,4,0,0,0,0,135950.0,570350.0,2523,3,3,1,0,3,4,4,3,1,0,3,4,0.0,0.0,0.0,0,2.5,0.0,9.5,5.0,8.0,11.0,2.0,11
2524,2524,69,96,570450.0,135950.0,10690096,1,0,4,0,0,0,0,135950.0,570450.0,2524,3,3,2,0,3,4,4,3,1,0,3,4,0.0,0.0,0.0,0,2.5,0.0,9.5,6.0,8.0,11.0,2.0,11
2525,2525,69,97,570550.0,135950.0,10690097,2,0,4,0,0,0,0,135950.0,570550.0,2525,3,3,2,0,3,4,4,3,1,0,3,4,0.0,0.0,0.0,0,2.5,0.0,10.5,6.0,9.0,11.0,3.0,11
2526,2526,69,98,570650.0,135950.0,10690098,2,0,4,0,0,0,0,135950.0,570650.0,2526,3,3,2,1,3,4,4,3,1,0,3,4,0.0,0.0,0.0,0,1.5,0.0,9.5,7.0,9.0,11.0,3.0,11
2527,2527,69,99,570750.0,135950.0,10690099,2,0,4,0,0,0,0,135950.0,570750.0,2527,3,3,2,1,3,4,4,3,2,0,3,4,0.0,0.0,0.0,0,1.5,0.0,9.5,7.0,9.0,11.0,4.0,11
2528,2528,69,100,570850.0,135950.0,10690100,1,0,4,0,0,0,0,135950.0,570850.0,2528,3,4,2,1,3,3,4,3,2,0,3,4,0.0,0.0,0.0,0,0.75,0.0,8.75,7.0,7.0,11.0,3.0,11
2529,2529,69,101,570950.0,135950.0,10690101,1,0,4,0,0,0,0,135950.0,570950.0,2529,3,4,2,1,3,3,4,3,2,0,3,4,0.0,0.0,0.0,0,0.75,0.0,8.75,7.0,7.0,11.0,3.0,11
2530,2530,69,102,571050.0,135950.0,10690102,1,0,4,0,0,0,0,135950.0,571050.0,2530,2,4,2,1,3,3,4,3,2,1,3,4,0.0,0.0,0.0,0,0.0,0.0,7.0,7.0,7.0,11.0,4.0,11
2531,2531,69,103,571150.0,135950.0,10690103,0,0,4,0,0,0,0,135950.0,571150.0,2531,1,3,2,1,3,3,4,3,2,1,3,4,0.0,0.0,0.0,0,0.0,0.0,4.0,7.0,6.0,11.0,3.0,11
2532,2532,69,104,571250.0,135950.0,10690104,1,0,4,0,0,0,0,135950.0,571250.0,2532,1,3,2,1,3,3,4,3,2,1,3,3,0.0,0.0,0.0,0,0.0,0.0,5.0,7.0,7.0,11.0,4.0,10
2533,2533,69,105,571350.0,135950.0,10690105,1,0,4,0,0,0,0,135950.0,571350.0,2533,1,2,2,1,3,3,4,3,2,1,3,3,0.0,0.0,0.0,0,0.0,0.0,4.0,7.0,7.0,11.0,4.0,10
2534,2534,69,106,571450.0,135950.0,10690106,1,0,4,0,0,0,0,135950.0,571450.0,2534,1,2,2,1,3,3,4,3,2,1,3,3,0.0,0.0,0.0,0,0.75,0.0,4.75,7.0,7.0,11.0,4.0,10
2535,2535,69,107,571550.0,135950.0,10690107,2,0,4,0,0,0,0,135950.0,571550.0,2535,1,2,2,1,3,3,4,3,2,1,3,3,0.0,0.0,0.0,0,0.75,0.0,5.75,7.0,8.0,11.0,5.0,10
2536,2536,69,108,571650.0,135950.0,10690108,2,0,4,0,0,0,0,135950.0,571650.0,2536,1,1,2,1,3,3,4,3,2,1,3,3,0.0,0.0,0.0,0,1.5,0.0,5.5,7.0,8.0,11.0,5.0,10
2537,2537,69,109,571750.0,135950.0,10690109,3,0,4,0,0,0,0,135950.0,571750.0,2537,1,1,3,1,3,3,4,3,2,1,3,3,0.0,0.0,0.0,0,1.5,0.0,6.5,8.0,9.0,11.0,6.0,10
2538,2538,69,110,571850.0,135950.0,10690110,3,0,4,0,0,0,0,135950.0,571850.0,2538,1,1,3,1,3,3,4,3,2,1,3,3,0.0,0.0,0.0,0,1.5,0.0,6.5,8.0,9.0,11.0,6.0,10
2539,2539,69,111,571950.0,135950.0,10690111,4,0,4,0,0,0,0,135950.0,571950.0,2539,1,1,3,1,3,3,4,3,3,1,2,3,0.0,0.0,0.0,0,2.5,0.0,8.5,8.0,10.0,11.0,8.0,9
2540,2540,69,112,572050.0,135950.0,10690112,4,0,4,0,0,0,0,135950.0,572050.0,2540,2,1,3,1,3,3,4,3,3,1,2,3,0.0,0.0,0.0,0,2.5,0.0,9.5,8.0,10.0,11.0,8.0,9
2541,2541,69,113,572150.0,135950.0,10690113,4,0,4,0,0,0,0,135950.0,572150.0,2541,2,1,3,1,3,3,4,3,3,1,2,3,0.0,0.0,0.0,0,2.5,0.0,9.5,8.0,10.0,11.0,8.0,9
2542,2542,70,32,564050.0,135850.0,10700032,4,0,4,0,0,0,0,135850.0,564050.0,2542,3,2,3,2,3,3,4,3,3,2,2,2,0.0,0.0,0.0,0,0.0,0.0,9.0,9.0,10.0,11.0,9.0,8
2543,2543,70,33,564150.0,135850.0,10700033,4,0,4,0,0,0,0,135850.0,564150.0,2543,3,2,3,2,3,3,4,3,3,2,2,2,0.0,0.0,0.0,0,0.0,0.0,9.0,9.0,10.0,11.0,9.0,8
2544,2544,70,34,564250.0,135850.0,10700034,4,0,4,0,0,0,0,135850.0,564250.0,2544,3,2,3,2,3,3,4,3,3,2,2,2,0.0,0.0,0.0,0,0.0,0.0,9.0,9.0,10.0,11.0,9.0,8
2545,2545,70,35,564350.0,135850.0,10700035,4,0,4,0,0,0,0,135850.0,564350.0,2545,3,2,3,2,2,2,4,3,3,2,1,3,0.0,0.0,0.0,0,0.0,0.0,9.0,9.0,8.0,11.0,9.0,8
2546,2546,70,36,564450.0,135850.0,10700036,4,0,4,0,0,0,0,135850.0,564450.0,2546,2,2,3,2,2,2,4,3,3,2,1,3,0.0,0.0,0.0,0,0.0,0.0,8.0,9.0,8.0,11.0,9.0,8
2547,2547,70,37,564550.0,135850.0,10700037,4,0,4,0,0,0,0,135850.0,564550.0,2547,2,2,3,2,3,2,4,3,3,2,1,3,0.0,0.0,0.0,0,0.0,0.0,8.0,9.0,9.0,11.0,9.0,8
2548,2548,70,38,564650.0,135850.0,10700038,4,0,4,0,0,0,0,135850.0,564650.0,2548,2,1,4,2,3,3,4,3,2,2,1,3,0.0,0.0,0.0,0,0.0,0.0,7.0,10.0,10.0,11.0,8.0,8
2549,2549,70,39,564750.0,135850.0,10700039,4,0,4,0,0,0,0,135850.0,564750.0,2549,2,1,4,2,2,3,4,3,3,2,1,3,0.0,0.0,0.0,0,0.0,0.0,7.0,10.0,9.0,11.0,9.0,8
2550,2550,70,40,564850.0,135850.0,10700040,4,0,4,0,0,0,0,135850.0,564850.0,2550,2,2,4,2,2,3,4,3,3,2,0,3,0.0,0.0,0.0,0,0.0,0.0,8.0,10.0,9.0,11.0,9.0,7
2551,2551,70,41,564950.0,135850.0,10700041,4,0,4,0,0,0,0,135850.0,564950.0,2551,3,2,3,2,2,3,4,3,3,2,0,3,0.0,0.0,0.0,0,0.0,0.0,9.0,9.0,9.0,11.0,9.0,7
2552,2552,70,42,565050.0,135850.0,10700042,4,0,4,0,0,0,0,135850.0,565050.0,2552,3,2,2,3,2,3,4,3,3,3,0,3,0.0,0.0,0.0,0,0.0,0.0,9.0,9.0,9.0,11.0,10.0,7
2553,2553,70,43,565150.0,135850.0,10700043,4,0,4,0,0,0,0,135850.0,565150.0,2553,3,3,1,3,2,3,4,3,3,3,0,3,0.0,0.0,0.0,0,0.0,0.0,10.0,8.0,9.0,11.0,10.0,7
2554,2554,70,44,565250.0,135850.0,10700044,3,0,4,0,0,0,0,135850.0,565250.0,2554,3,3,1,3,2,3,4,3,3,3,0,3,0.0,0.0,0.0,0,0.0,0.0,9.0,8.0,8.0,11.0,9.0,7
2555,2555,70,45,565350.0,135850.0,10700045,3,0,4,0,0,0,0,135850.0,565350.0,2555,3,3,1,3,2,3,4,3,3,3,0,2,0.0,0.0,0.0,0,0.0,0.0,9.0,8.0,8.0,11.0,9.0,6
2556,2556,70,46,565450.0,135850.0,10700046,3,0,4,0,0,0,0,135850.0,565450.0,2556,3,3,1,3,1,2,4,3,2,1,0,1,0.0,0.0,0.0,0,1.0,0.0,10.0,8.0,6.0,11.0,6.0,5
2557,2557,70,47,565550.0,135850.0,10700047,2,0,3,0,0,0,0,135850.0,565550.0,2557,3,4,0,3,1,2,4,3,1,0,0,1,0.0,0.0,0.0,0,1.0,0.0,10.0,6.0,5.0,10.0,3.0,4
2558,2558,70,48,565650.0,135850.0,10700048,2,0,3,0,0,0,0,135850.0,565650.0,2558,3,4,0,4,1,2,4,3,1,0,0,0,0.0,0.0,0.0,0,1.0,0.0,10.0,7.0,5.0,10.0,3.0,3
2559,2559,70,49,565750.0,135850.0,10700049,1,0,2,0,0,0,0,135850.0,565750.0,2559,3,4,0,4,0,1,4,3,2,0,0,0,0.0,0.0,0.0,0,1.0,0.0,9.0,6.0,2.0,9.0,3.0,2
2560,2560,70,50,565850.0,135850.0,10700050,1,0,2,0,0,0,0,135850.0,565850.0,2560,3,4,0,4,0,1,4,3,3,0,0,0,0.0,0.0,0.0,0,1.0,0.0,9.0,6.0,2.0,9.0,4.0,2
2561,2561,70,51,565950.0,135850.0,10700051,0,0,1,0,0,0,0,135850.0,565950.0,2561,2,4,0,4,0,1,4,3,2,0,0,0,0.0,0.0,0.0,0,1.75,0.0,7.75,5.0,1.0,8.0,2.0,1
2562,2562,70,52,566050.0,135850.0,10700052,0,0,1,0,0,0,0,135850.0,566050.0,2562,1,4,0,4,0,0,4,3,0,0,0,0,0.0,0.0,0.0,0,1.75,0.0,6.75,5.0,0.0,8.0,0.0,1
2563,2563,70,53,566150.0,135850.0,10700053,0,0,1,0,0,0,0,135850.0,566150.0,2563,0,0,0,4,0,0,4,3,0,0,0,0,0.0,0.0,0.0,0,2.25,0.0,2.25,5.0,0.0,8.0,0.0,1
2564,2564,70,54,566250.0,135850.0,10700054,0,0,0,0,0,0,0,135850.0,566250.0,2564,0,0,0,4,0,0,0,3,0,0,0,0,0.0,0.0,0.0,0,2.25,0.0,2.25,4.0,0.0,3.0,0.0,0
2565,2565,70,55,566350.0,135850.0,10700055,0,0,0,0,0,0,0,135850.0,566350.0,2565,0,0,0,4,0,0,0,4,0,0,0,0,0.0,0.0,0.0,0,2.25,0.0,2.25,4.0,0.0,4.0,0.0,0
2566,2566,70,56,566450.0,135850.0,10700056,0,0,0,0,0,0,0,135850.0,566450.0,2566,0,0,0,4,0,0,0,4,0,0,0,0,0.0,0.0,0.0,0,2.25,0.0,2.25,4.0,0.0,4.0,0.0,0
2567,2567,70,57,566550.0,135850.0,10700057,0,1,1,0,0,0,0,135850.0,566550.0,2567,0,1,0,3,0,0,0,4,0,0,0,0,0.0,0.0,0.0,0,2.25,0.0,4.25,4.0,1.0,5.0,1.0,1
2568,2568,70,58,566650.0,135850.0,10700058,0,1,1,0,0,0,0,135850.0,566650.0,2568,0,3,0,3,0,0,0,0,0,2,0,1,0.0,0.0,0.0,0,2.25,0.0,6.25,4.0,1.0,1.0,3.0,2
2569,2569,70,59,566750.0,135850.0,10700059,0,1,2,0,0,0,0,135850.0,566750.0,2569,1,0,0,1,0,0,0,0,3,2,0,3,0.0,0.0,0.0,0,2.5,0.0,4.5,3.0,1.0,2.0,6.0,5
2570,2570,70,60,566850.0,135850.0,10700060,0,2,1,0,0,0,0,135850.0,566850.0,2570,2,0,0,0,0,0,0,0,3,1,0,3,0.0,0.0,0.0,0,2.5,0.75,6.5,1.75,2.0,1.0,6.0,4
2571,2571,70,61,566950.0,135850.0,10700061,0,4,1,0,0,0,0,135850.0,566950.0,2571,3,0,0,0,0,0,0,0,4,0,0,4,0.0,0.0,0.0,0,2.5,2.5,9.5,3.5,4.0,1.0,8.0,5
2572,2572,70,62,567050.0,135850.0,10700062,0,2,0,0,0,0,0,135850.0,567050.0,2572,4,0,0,0,0,0,0,0,4,1,0,4,0.0,0.0,0.0,0,2.5,2.5,8.5,2.5,2.0,0.0,7.0,4
2573,2573,70,63,567150.0,135850.0,10700063,0,1,0,0,0,0,0,135850.0,567150.0,2573,4,0,0,0,0,0,0,0,4,1,0,4,0.0,0.0,0.0,0,2.5,2.5,7.5,2.5,1.0,0.0,6.0,4
2574,2574,70,64,567250.0,135850.0,10700064,0,2,0,0,0,0,0,135850.0,567250.0,2574,4,0,1,0,0,0,0,0,4,2,0,4,0.0,0.0,0.0,0,2.5,2.5,8.5,3.5,2.0,0.0,8.0,4
2575,2575,70,65,567350.0,135850.0,10700065,0,3,0,0,0,0,0,135850.0,567350.0,2575,4,0,1,0,0,0,0,4,4,2,1,4,0.0,0.0,0.0,0,2.5,2.5,9.5,3.5,3.0,4.0,9.0,5
2576,2576,70,66,567450.0,135850.0,10700066,1,2,0,0,0,0,0,135850.0,567450.0,2576,4,0,4,0,0,1,4,4,4,2,1,3,0.0,0.0,0.0,0,2.5,2.5,9.5,6.5,4.0,8.0,9.0,4
2577,2577,70,67,567550.0,135850.0,10700067,1,2,1,0,0,0,0,135850.0,567550.0,2577,4,0,4,0,0,1,4,4,4,2,2,3,0.0,0.0,0.0,0,2.5,2.5,9.5,7.5,4.0,9.0,9.0,6
2578,2578,70,68,567650.0,135850.0,10700068,2,3,1,0,0,0,0,135850.0,567650.0,2578,4,0,4,0,1,1,4,4,4,3,2,1,0.0,0.0,0.0,0,2.5,2.5,11.5,7.5,7.0,9.0,12.0,4
2579,2579,70,69,567750.0,135850.0,10700069,2,4,1,0,0,0,0,135850.0,567750.0,2579,4,0,3,0,1,1,4,4,3,3,3,0,0.0,0.0,0.0,0,2.5,2.5,12.5,6.5,8.0,9.0,12.0,4
2580,2580,70,70,567850.0,135850.0,10700070,1,2,1,1,0,0,0,135850.0,567850.0,2580,4,0,4,0,1,2,4,4,0,0,3,0,0.0,0.0,0.0,0,2.5,2.5,9.5,8.5,6.0,10.0,3.0,5
2581,2581,70,71,567950.0,135850.0,10700071,1,1,1,1,0,0,0,135850.0,567950.0,2581,4,0,4,0,1,2,4,4,0,0,3,0,0.0,0.0,0.0,0,2.5,2.5,8.5,8.5,5.0,10.0,2.0,5
2582,2582,70,72,568050.0,135850.0,10700072,1,1,2,2,0,0,0,135850.0,568050.0,2582,4,0,4,0,1,2,4,4,0,0,3,0,0.0,0.0,0.0,0,2.5,2.5,8.5,10.5,5.0,12.0,2.0,7
2583,2583,70,73,568150.0,135850.0,10700073,0,2,2,2,0,0,0,135850.0,568150.0,2583,4,0,4,0,1,2,4,4,0,0,3,0,0.0,0.0,0.0,0,2.5,2.5,8.5,10.5,5.0,12.0,2.0,7
2584,2584,70,74,568250.0,135850.0,10700074,1,3,2,1,0,0,0,135850.0,568250.0,2584,4,0,4,0,1,1,0,4,0,0,3,0,0.0,0.0,0.0,0,2.5,2.5,10.5,9.5,6.0,7.0,4.0,6
2585,2585,70,75,568350.0,135850.0,10700075,1,4,2,1,0,0,0,135850.0,568350.0,2585,4,0,4,0,0,1,0,4,0,0,3,0,0.0,0.0,0.0,0,2.5,2.5,11.5,9.5,6.0,7.0,5.0,6
2586,2586,70,76,568450.0,135850.0,10700076,1,2,1,0,0,0,0,135850.0,568450.0,2586,4,0,4,0,0,1,0,4,1,1,4,0,0.0,0.0,0.0,0,2.5,2.5,9.5,7.5,4.0,5.0,5.0,5
2587,2587,70,77,568550.0,135850.0,10700077,1,1,1,0,0,0,0,135850.0,568550.0,2587,4,0,4,0,0,1,0,4,0,1,4,0,0.0,0.0,0.0,0,2.5,2.5,8.5,7.5,3.0,5.0,3.0,5
2588,2588,70,78,568650.0,135850.0,10700078,0,0,0,0,0,0,0,135850.0,568650.0,2588,4,0,1,0,0,0,0,4,0,0,4,0,0.0,0.0,0.0,0,2.5,2.5,6.5,3.5,0.0,4.0,0.0,4
2589,2589,70,79,568750.0,135850.0,10700079,0,0,0,0,0,0,0,135850.0,568750.0,2589,4,0,0,0,0,0,0,3,0,0,4,0,0.0,0.0,0.0,0,2.5,2.5,6.5,2.5,0.0,3.0,0.0,4
2590,2590,70,80,568850.0,135850.0,10700080,0,0,0,0,0,0,0,135850.0,568850.0,2590,3,0,0,0,0,0,0,3,0,0,4,0,0.0,0.0,0.0,0,2.5,2.5,5.5,2.5,0.0,3.0,0.0,4
2591,2591,70,81,568950.0,135850.0,10700081,0,0,0,0,0,0,0,135850.0,568950.0,2591,2,0,0,0,0,0,4,3,0,4,4,0,0.0,0.0,0.0,0,2.5,2.5,4.5,2.5,0.0,7.0,4.0,4
2592,2592,70,82,569050.0,135850.0,10700082,1,0,1,0,0,0,0,135850.0,569050.0,2592,1,0,0,0,0,1,4,3,1,4,4,0,0.0,0.0,0.0,0,2.5,2.5,4.5,3.5,2.0,8.0,6.0,5
2593,2593,70,83,569150.0,135850.0,10700083,1,0,1,0,0,0,0,135850.0,569150.0,2593,0,0,0,0,0,1,4,3,1,4,4,1,0.0,0.0,0.0,0,2.5,2.25,3.5,3.25,2.0,8.0,6.0,6
2594,2594,70,84,569250.0,135850.0,10700084,2,0,2,0,0,0,0,135850.0,569250.0,2594,0,0,0,0,0,2,4,3,2,2,4,1,0.0,0.0,0.0,0,2.5,1.75,4.5,3.75,4.0,9.0,6.0,7
2595,2595,70,85,569350.0,135850.0,10700085,2,0,2,0,0,0,0,135850.0,569350.0,2595,0,0,0,0,0,2,4,3,2,1,4,2,0.0,0.0,0.0,0,2.5,1.0,4.5,3.0,4.0,9.0,5.0,8
2596,2596,70,86,569450.0,135850.0,10700086,3,0,3,0,0,0,0,135850.0,569450.0,2596,0,0,0,0,1,3,4,3,2,0,4,3,0.0,0.0,0.0,0,2.5,0.0,5.5,3.0,7.0,10.0,5.0,10
2597,2597,70,87,569550.0,135850.0,10700087,2,0,3,0,0,0,0,135850.0,569550.0,2597,0,0,0,0,1,4,4,3,1,0,4,3,0.0,0.0,0.0,0,2.5,1.0,4.5,4.0,7.0,10.0,3.0,10
2598,2598,70,88,569650.0,135850.0,10700088,2,0,3,0,0,0,0,135850.0,569650.0,2598,0,0,0,0,1,4,4,3,1,0,4,4,0.0,0.0,0.0,0,2.5,1.75,4.5,4.75,7.0,10.0,3.0,11
2599,2599,70,89,569750.0,135850.0,10700089,1,0,4,0,0,0,0,135850.0,569750.0,2599,0,0,0,0,1,4,4,3,1,0,4,4,0.0,0.0,0.0,0,2.5,2.25,3.5,6.25,6.0,11.0,2.0,12
2600,2600,70,90,569850.0,135850.0,10700090,1,0,4,0,0,0,0,135850.0,569850.0,2600,0,0,0,0,2,4,4,3,1,0,4,4,0.0,0.0,0.0,0,2.5,2.5,3.5,6.5,7.0,11.0,2.0,12
2601,2601,70,91,569950.0,135850.0,10700091,0,0,4,0,0,0,0,135850.0,569950.0,2601,0,0,1,0,2,4,4,3,0,0,4,4,0.0,0.0,0.0,0,2.5,2.5,2.5,7.5,6.0,11.0,0.0,12
2602,2602,70,92,570050.0,135850.0,10700092,0,0,4,0,0,0,0,135850.0,570050.0,2602,0,0,1,0,2,4,4,3,0,0,4,4,0.0,0.0,0.0,0,2.5,0.0,2.5,5.0,6.0,11.0,0.0,12
2603,2603,70,93,570150.0,135850.0,10700093,0,0,4,0,0,0,0,135850.0,570150.0,2603,0,1,1,0,2,4,4,3,0,0,4,4,0.0,0.0,0.0,0,2.5,0.0,3.5,5.0,6.0,11.0,0.0,12
2604,2604,70,94,570250.0,135850.0,10700094,0,0,4,0,0,0,0,135850.0,570250.0,2604,2,3,1,0,3,4,4,3,0,0,4,4,0.0,0.0,0.0,0,2.5,0.0,7.5,5.0,7.0,11.0,0.0,12
2605,2605,70,95,570350.0,135850.0,10700095,1,0,4,0,0,0,0,135850.0,570350.0,2605,3,3,1,0,3,4,4,3,1,0,4,4,0.0,0.0,0.0,0,2.5,0.0,9.5,5.0,8.0,11.0,2.0,12
2606,2606,70,96,570450.0,135850.0,10700096,1,0,4,0,0,0,0,135850.0,570450.0,2606,3,3,2,0,3,4,4,3,1,0,3,4,0.0,0.0,0.0,0,2.5,0.0,9.5,6.0,8.0,11.0,2.0,11
2607,2607,70,97,570550.0,135850.0,10700097,2,0,4,0,0,0,0,135850.0,570550.0,2607,3,3,2,0,3,4,4,3,1,0,3,4,0.0,0.0,0.0,0,1.5,0.0,9.5,6.0,9.0,11.0,3.0,11
2608,2608,70,98,570650.0,135850.0,10700098,2,0,4,0,0,0,0,135850.0,570650.0,2608,3,3,2,0,3,4,4,3,1,0,3,4,0.0,0.0,0.0,0,0.25,0.0,8.25,6.0,9.0,11.0,3.0,11
2609,2609,70,99,570750.0,135850.0,10700099,2,0,4,0,0,0,0,135850.0,570750.0,2609,3,3,2,1,3,3,4,3,2,0,3,4,0.0,0.0,0.0,0,0.0,0.0,8.0,7.0,8.0,11.0,4.0,11
2610,2610,70,100,570850.0,135850.0,10700100,1,0,4,0,0,0,0,135850.0,570850.0,2610,3,4,2,1,3,3,4,3,2,0,3,4,0.0,0.0,0.0,0,0.0,0.0,8.0,7.0,7.0,11.0,3.0,11
2611,2611,70,101,570950.0,135850.0,10700101,1,0,4,0,0,0,0,135850.0,570950.0,2611,3,4,2,1,3,3,4,3,2,0,3,4,0.0,0.0,0.0,0,0.0,0.0,8.0,7.0,7.0,11.0,3.0,11
2612,2612,70,102,571050.0,135850.0,10700102,0,0,4,0,0,0,0,135850.0,571050.0,2612,2,4,2,1,3,3,4,3,2,1,3,4,0.0,0.0,0.0,0,0.0,0.0,6.0,7.0,6.0,11.0,3.0,11
2613,2613,70,103,571150.0,135850.0,10700103,0,0,4,0,0,0,0,135850.0,571150.0,2613,1,4,2,1,3,3,4,3,2,1,3,3,0.0,0.0,0.0,0,0.0,0.0,5.0,7.0,6.0,11.0,3.0,10
2614,2614,70,104,571250.0,135850.0,10700104,0,0,4,0,0,0,0,135850.0,571250.0,2614,0,3,2,1,3,3,4,3,2,1,3,3,0.0,0.0,0.0,0,0.0,0.0,3.0,7.0,6.0,11.0,3.0,10
2615,2615,70,105,571350.0,135850.0,10700105,1,0,4,0,0,0,0,135850.0,571350.0,2615,0,3,2,1,3,3,4,3,2,1,3,3,0.0,0.0,0.0,0,0.0,0.0,4.0,7.0,7.0,11.0,4.0,10
2616,2616,70,106,571450.0,135850.0,10700106,1,0,4,0,0,0,0,135850.0,571450.0,2616,1,2,2,1,3,3,4,3,2,1,3,3,0.0,0.0,0.0,0,0.25,0.0,4.25,7.0,7.0,11.0,4.0,10
2617,2617,70,107,571550.0,135850.0,10700107,1,0,4,0,0,0,0,135850.0,571550.0,2617,1,2,2,1,3,3,4,3,2,1,3,3,0.0,0.0,0.0,0,0.75,0.0,4.75,7.0,7.0,11.0,4.0,10
2618,2618,70,108,571650.0,135850.0,10700108,2,0,4,0,0,0,0,135850.0,571650.0,2618,1,1,2,1,3,3,4,3,2,1,3,3,0.0,0.0,0.0,0,0.75,0.0,4.75,7.0,8.0,11.0,5.0,10
2619,2619,70,109,571750.0,135850.0,10700109,2,0,4,0,0,0,0,135850.0,571750.0,2619,1,1,2,1,3,3,4,3,2,1,3,3,0.0,0.0,0.0,0,0.75,0.0,4.75,7.0,8.0,11.0,5.0,10
2620,2620,70,110,571850.0,135850.0,10700110,3,0,4,0,0,0,0,135850.0,571850.0,2620,1,1,2,1,3,3,4,3,2,1,3,3,0.0,0.0,0.0,0,1.5,0.0,6.5,7.0,9.0,11.0,6.0,10
2621,2621,70,111,571950.0,135850.0,10700111,3,0,4,0,0,0,0,135850.0,571950.0,2621,1,1,2,1,3,3,4,3,2,1,2,3,0.0,0.0,0.0,0,1.5,0.0,6.5,7.0,9.0,11.0,6.0,9
2622,2622,70,112,572050.0,135850.0,10700112,4,0,4,0,0,0,0,135850.0,572050.0,2622,1,1,2,1,3,3,4,3,3,1,2,3,0.0,0.0,0.0,0,1.5,0.0,7.5,7.0,10.0,11.0,8.0,9
2623,2623,70,113,572150.0,135850.0,10700113,4,0,4,0,0,0,0,135850.0,572150.0,2623,2,1,2,1,3,3,4,3,3,1,2,2,0.0,0.0,0.0,0,2.5,0.0,9.5,7.0,10.0,11.0,8.0,8
2624,2624,71,32,564050.0,135750.0,10710032,4,0,4,0,0,0,0,135750.0,564050.0,2624,3,3,3,2,3,2,4,3,3,2,2,2,0.0,0.0,0.0,0,0.0,0.0,10.0,9.0,9.0,11.0,9.0,8
2625,2625,71,33,564150.0,135750.0,10710033,4,0,4,0,0,0,0,135750.0,564150.0,2625,3,2,3,2,3,3,4,3,3,2,2,2,0.0,0.0,0.0,0,0.0,0.0,9.0,9.0,10.0,11.0,9.0,8
2626,2626,71,34,564250.0,135750.0,10710034,4,0,4,0,0,0,0,135750.0,564250.0,2626,3,2,3,2,2,3,4,3,3,2,2,2,0.0,0.0,0.0,0,0.0,0.0,9.0,9.0,9.0,11.0,9.0,8
2627,2627,71,35,564350.0,135750.0,10710035,4,0,4,0,0,0,0,135750.0,564350.0,2627,3,2,3,2,2,3,4,3,3,2,1,3,0.0,0.0,0.0,0,0.0,0.0,9.0,9.0,9.0,11.0,9.0,8
2628,2628,71,36,564450.0,135750.0,10710036,4,0,4,0,0,0,0,135750.0,564450.0,2628,2,2,3,2,2,2,4,3,3,2,1,3,0.0,0.0,0.0,0,0.0,0.0,8.0,9.0,8.0,11.0,9.0,8
2629,2629,71,37,564550.0,135750.0,10710037,4,0,4,0,0,0,0,135750.0,564550.0,2629,2,2,3,2,3,2,4,3,2,2,1,3,0.0,0.0,0.0,0,0.0,0.0,8.0,9.0,9.0,11.0,8.0,8
2630,2630,71,38,564650.0,135750.0,10710038,4,0,4,0,0,0,0,135750.0,564650.0,2630,2,1,4,2,3,3,4,3,2,2,1,3,0.0,0.0,0.0,0,0.0,0.0,7.0,10.0,10.0,11.0,8.0,8
2631,2631,71,39,564750.0,135750.0,10710039,4,0,4,0,0,0,0,135750.0,564750.0,2631,2,1,4,2,2,3,4,3,2,2,1,3,0.0,0.0,0.0,0,0.0,0.0,7.0,10.0,9.0,11.0,8.0,8
2632,2632,71,40,564850.0,135750.0,10710040,4,0,4,0,0,0,0,135750.0,564850.0,2632,2,1,4,2,2,3,4,3,3,2,0,3,0.0,0.0,0.0,0,0.0,0.0,7.0,10.0,9.0,11.0,9.0,7
2633,2633,71,41,564950.0,135750.0,10710041,3,0,4,0,0,0,0,135750.0,564950.0,2633,3,2,3,2,2,3,4,3,3,2,0,3,0.0,0.0,0.0,0,0.0,0.0,8.0,9.0,8.0,11.0,8.0,7
2634,2634,71,42,565050.0,135750.0,10710042,3,0,4,0,0,0,0,135750.0,565050.0,2634,3,2,3,3,2,3,4,3,3,2,0,3,0.0,0.0,0.0,0,0.0,0.0,8.0,10.0,8.0,11.0,8.0,7
2635,2635,71,43,565150.0,135750.0,10710043,3,0,4,0,0,0,0,135750.0,565150.0,2635,3,3,1,3,2,3,4,3,3,3,0,3,0.0,0.0,0.0,0,0.0,0.0,9.0,8.0,8.0,11.0,9.0,7
2636,2636,71,44,565250.0,135750.0,10710044,3,0,4,0,0,0,0,135750.0,565250.0,2636,3,3,1,3,2,3,4,3,3,3,0,3,0.0,0.0,0.0,0,0.0,0.0,9.0,8.0,8.0,11.0,9.0,7
2637,2637,71,45,565350.0,135750.0,10710045,3,0,4,0,0,0,0,135750.0,565350.0,2637,3,3,1,3,1,2,4,3,3,3,0,2,0.0,0.0,0.0,0,0.0,0.0,9.0,8.0,6.0,11.0,9.0,6
2638,2638,71,46,565450.0,135750.0,10710046,2,0,4,0,0,0,0,135750.0,565450.0,2638,3,3,1,3,1,2,4,3,3,2,0,1,0.0,0.0,0.0,0,1.0,0.0,9.0,8.0,5.0,11.0,7.0,5
2639,2639,71,47,565550.0,135750.0,10710047,2,0,3,0,0,0,0,135750.0,565550.0,2639,3,4,1,3,1,2,4,3,1,0,0,1,0.0,0.0,0.0,0,1.0,0.0,10.0,7.0,5.0,10.0,3.0,4
2640,2640,71,48,565650.0,135750.0,10710048,2,0,3,0,0,0,0,135750.0,565650.0,2640,3,4,0,4,1,2,4,3,1,0,0,0,0.0,0.0,0.0,0,1.0,0.0,10.0,7.0,5.0,10.0,3.0,3
2641,2641,71,49,565750.0,135750.0,10710049,1,0,2,0,0,0,0,135750.0,565750.0,2641,3,4,0,4,0,1,4,3,2,0,0,0,0.0,0.0,0.0,0,1.0,0.0,9.0,6.0,2.0,9.0,3.0,2
2642,2642,71,50,565850.0,135750.0,10710050,1,0,2,0,0,0,0,135750.0,565850.0,2642,3,4,0,4,0,1,4,3,3,0,0,0,0.0,0.0,0.0,0,1.0,0.0,9.0,6.0,2.0,9.0,4.0,2
2643,2643,71,51,565950.0,135750.0,10710051,0,0,1,0,0,0,0,135750.0,565950.0,2643,2,4,0,4,0,0,4,3,2,0,0,0,0.0,0.0,0.0,0,1.0,0.0,7.0,5.0,0.0,8.0,2.0,1
2644,2644,71,52,566050.0,135750.0,10710052,0,0,1,0,0,0,0,135750.0,566050.0,2644,0,4,0,4,0,0,4,3,0,0,0,0,0.0,0.0,0.0,0,1.0,0.0,5.0,5.0,0.0,8.0,0.0,1
2645,2645,71,53,566150.0,135750.0,10710053,0,0,0,0,0,0,0,135750.0,566150.0,2645,0,1,0,4,0,0,4,3,0,0,0,0,0.0,0.0,0.0,0,1.0,0.0,2.0,4.0,0.0,7.0,0.0,0
2646,2646,71,54,566250.0,135750.0,10710054,0,0,0,0,0,0,0,135750.0,566250.0,2646,0,0,0,4,0,0,0,3,0,0,0,0,0.0,0.0,0.0,0,1.75,0.0,1.75,4.0,0.0,3.0,0.0,0
2647,2647,71,55,566350.0,135750.0,10710055,0,0,0,0,0,0,0,135750.0,566350.0,2647,0,0,0,4,0,0,0,4,0,0,0,0,0.0,0.0,0.0,0,1.75,1.5,1.75,5.5,0.0,4.0,0.0,0
2648,2648,71,56,566450.0,135750.0,10710056,0,0,0,0,0,0,0,135750.0,566450.0,2648,0,0,0,4,0,0,0,4,0,1,0,0,0.0,0.0,0.0,0,1.75,0.25,1.75,4.25,0.0,4.0,1.0,0
2649,2649,71,57,566550.0,135750.0,10710057,0,0,1,0,0,0,0,135750.0,566550.0,2649,0,1,0,4,0,0,0,4,1,2,0,0,0.0,0.0,0.0,0,2.25,0.0,3.25,5.0,0.0,5.0,3.0,1
2650,2650,71,58,566650.0,135750.0,10710058,0,0,1,0,0,0,0,135750.0,566650.0,2650,0,3,0,3,0,0,0,0,2,3,0,1,0.0,0.0,0.0,0,2.25,0.0,5.25,4.0,0.0,1.0,5.0,2
2651,2651,71,59,566750.0,135750.0,10710059,0,1,2,0,0,0,0,135750.0,566750.0,2651,1,0,0,3,0,0,0,0,3,1,0,3,0.0,0.0,0.0,0,2.5,0.0,4.5,5.0,1.0,2.0,5.0,5
2652,2652,71,60,566850.0,135750.0,10710060,0,2,1,0,0,0,0,135750.0,566850.0,2652,3,0,0,1,0,0,0,0,4,0,0,4,0.0,0.0,0.0,0,2.5,0.0,7.5,2.0,2.0,1.0,6.0,5
2653,2653,71,61,566950.0,135750.0,10710061,0,3,1,0,0,0,0,135750.0,566950.0,2653,3,0,0,0,0,0,0,0,4,0,0,4,0.0,0.0,0.0,0,2.5,2.5,8.5,3.5,3.0,1.0,7.0,5
2654,2654,71,62,567050.0,135750.0,10710062,0,2,0,0,0,0,0,135750.0,567050.0,2654,4,0,0,0,0,0,0,0,4,0,0,4,0.0,0.0,0.0,0,2.5,2.5,8.5,2.5,2.0,0.0,6.0,4
2655,2655,71,63,567150.0,135750.0,10710063,0,1,0,0,0,0,0,135750.0,567150.0,2655,4,0,1,0,0,0,0,0,4,0,0,4,0.0,0.0,0.0,0,2.5,2.5,7.5,3.5,1.0,0.0,5.0,4
2656,2656,71,64,567250.0,135750.0,10710064,0,1,0,0,0,0,0,135750.0,567250.0,2656,4,0,4,0,0,0,0,0,4,0,0,4,0.0,0.0,0.0,0,2.5,2.5,7.5,6.5,1.0,0.0,5.0,4
2657,2657,71,65,567350.0,135750.0,10710065,1,2,0,0,0,0,0,135750.0,567350.0,2657,4,0,4,0,0,0,0,0,4,1,1,4,0.0,0.0,0.0,0,2.5,2.5,9.5,6.5,3.0,0.0,8.0,5
2658,2658,71,66,567450.0,135750.0,10710066,1,2,1,0,0,0,0,135750.0,567450.0,2658,4,0,4,0,0,1,0,4,4,2,1,4,0.0,0.0,0.0,0,2.5,2.5,9.5,7.5,4.0,5.0,9.0,6
2659,2659,71,67,567550.0,135750.0,10710067,1,1,1,0,0,0,0,135750.0,567550.0,2659,4,0,4,0,0,1,0,4,4,2,2,3,0.0,0.0,0.0,0,2.5,2.5,8.5,7.5,3.0,5.0,8.0,6
2660,2660,71,68,567650.0,135750.0,10710068,2,2,1,0,0,0,0,135750.0,567650.0,2660,4,0,4,0,0,1,4,4,3,3,2,2,0.0,0.0,0.0,0,2.5,2.5,10.5,7.5,5.0,9.0,10.0,5
2661,2661,71,69,567750.0,135750.0,10710069,2,2,0,0,0,0,0,135750.0,567750.0,2661,4,0,4,0,1,1,4,4,2,3,3,1,0.0,0.0,0.0,0,2.5,2.5,10.5,6.5,6.0,8.0,9.0,4
2662,2662,71,70,567850.0,135750.0,10710070,2,2,1,1,0,0,0,135750.0,567850.0,2662,4,0,4,0,1,2,4,4,0,0,3,0,0.0,0.0,0.0,0,2.5,2.5,10.5,8.5,7.0,10.0,4.0,5
2663,2663,71,71,567950.0,135750.0,10710071,1,1,1,2,0,0,0,135750.0,567950.0,2663,4,0,4,0,1,2,4,4,0,0,3,0,0.0,0.0,0.0,0,2.5,2.5,8.5,9.5,5.0,11.0,2.0,6
2664,2664,71,72,568050.0,135750.0,10710072,1,1,1,3,0,0,0,135750.0,568050.0,2664,4,0,4,0,1,2,4,4,0,0,3,0,0.0,0.0,0.0,0,2.5,2.5,8.5,10.5,5.0,12.0,2.0,7
2665,2665,71,73,568150.0,135750.0,10710073,1,1,2,3,0,0,0,135750.0,568150.0,2665,4,0,4,0,1,2,0,4,0,0,3,0,0.0,0.0,0.0,0,2.5,2.5,8.5,11.5,5.0,9.0,2.0,8
2666,2666,71,74,568250.0,135750.0,10710074,1,2,2,2,0,0,0,135750.0,568250.0,2666,4,0,4,0,1,2,0,4,0,0,3,0,0.0,0.0,0.0,0,2.5,2.5,9.5,10.5,6.0,8.0,3.0,7
2667,2667,71,75,568350.0,135750.0,10710075,1,2,2,1,0,0,0,135750.0,568350.0,2667,4,0,4,0,1,1,0,4,0,0,3,0,0.0,0.0,0.0,0,2.5,2.5,9.5,9.5,5.0,7.0,3.0,6
2668,2668,71,76,568450.0,135750.0,10710076,1,2,2,0,0,0,0,135750.0,568450.0,2668,4,0,4,0,0,1,0,4,1,1,4,0,0.0,0.0,0.0,0,2.5,2.5,9.5,8.5,4.0,6.0,5.0,6
2669,2669,71,77,568550.0,135750.0,10710077,1,1,1,0,0,0,0,135750.0,568550.0,2669,4,0,4,0,0,1,0,3,0,1,4,0,0.0,0.0,0.0,0,2.5,2.5,8.5,7.5,3.0,4.0,3.0,5
2670,2670,71,78,568650.0,135750.0,10710078,0,0,1,0,0,0,0,135750.0,568650.0,2670,4,0,1,0,0,0,0,3,0,1,4,0,0.0,0.0,0.0,0,2.5,2.5,6.5,4.5,0.0,4.0,1.0,5
2671,2671,71,79,568750.0,135750.0,10710079,0,0,0,0,0,0,0,135750.0,568750.0,2671,4,0,0,0,0,0,4,3,0,0,4,0,0.0,0.0,0.0,0,2.5,2.5,6.5,2.5,0.0,7.0,0.0,4
2672,2672,71,80,568850.0,135750.0,10710080,0,0,0,0,0,0,0,135750.0,568850.0,2672,3,0,0,0,0,0,4,3,0,0,4,0,0.0,0.0,0.0,0,2.5,2.5,5.5,2.5,0.0,7.0,0.0,4
2673,2673,71,81,568950.0,135750.0,10710081,0,0,0,0,0,0,0,135750.0,568950.0,2673,1,0,0,0,0,0,4,3,0,2,4,0,0.0,0.0,0.0,0,2.5,2.5,3.5,2.5,0.0,7.0,2.0,4
2674,2674,71,82,569050.0,135750.0,10710082,1,0,1,0,0,0,0,135750.0,569050.0,2674,1,0,0,0,0,1,4,3,1,4,4,0,0.0,0.0,0.0,0,2.5,2.5,4.5,3.5,2.0,8.0,6.0,5
2675,2675,71,83,569150.0,135750.0,10710083,1,0,1,0,0,0,0,135750.0,569150.0,2675,0,0,0,0,0,2,4,3,1,3,4,0,0.0,0.0,0.0,0,2.5,2.5,3.5,3.5,3.0,8.0,5.0,5
2676,2676,71,84,569250.0,135750.0,10710084,2,0,2,0,0,0,0,135750.0,569250.0,2676,0,0,0,0,0,2,4,3,2,2,4,0,0.0,0.0,0.0,0,2.5,2.25,4.5,4.25,4.0,9.0,6.0,6
2677,2677,71,85,569350.0,135750.0,10710085,2,0,2,0,0,0,0,135750.0,569350.0,2677,0,0,0,0,1,3,4,3,2,1,4,1,0.0,0.0,0.0,0,2.5,1.0,4.5,3.0,6.0,9.0,5.0,7
2678,2678,71,86,569450.0,135750.0,10710086,2,0,2,0,0,0,0,135750.0,569450.0,2678,0,0,0,0,1,4,4,3,2,0,4,1,0.0,0.0,0.0,0,2.5,1.0,4.5,3.0,7.0,9.0,4.0,7
2679,2679,71,87,569550.0,135750.0,10710087,2,0,3,0,0,0,0,135750.0,569550.0,2679,0,0,0,0,1,4,4,3,1,0,4,2,0.0,0.0,0.0,0,2.5,1.0,4.5,4.0,7.0,10.0,3.0,9
2680,2680,71,88,569650.0,135750.0,10710088,2,0,3,0,0,0,0,135750.0,569650.0,2680,0,0,0,0,1,4,4,3,1,0,4,3,0.0,0.0,0.0,0,2.5,2.25,4.5,5.25,7.0,10.0,3.0,10
2681,2681,71,89,569750.0,135750.0,10710089,1,0,3,0,0,0,0,135750.0,569750.0,2681,0,0,0,0,1,4,4,3,1,0,4,3,0.0,0.0,0.0,0,2.5,2.5,3.5,5.5,6.0,10.0,2.0,10
2682,2682,71,90,569850.0,135750.0,10710090,1,0,4,0,0,0,0,135750.0,569850.0,2682,0,0,0,0,2,4,4,3,1,0,4,3,0.0,0.0,0.0,0,2.5,2.5,3.5,6.5,7.0,11.0,2.0,11
2683,2683,71,91,569950.0,135750.0,10710091,0,0,4,0,0,0,0,135750.0,569950.0,2683,0,0,1,0,2,4,4,3,0,0,4,3,0.0,0.0,0.0,0,2.5,1.25,2.5,6.25,6.0,11.0,0.0,11
2684,2684,71,92,570050.0,135750.0,10710092,0,0,4,0,0,0,0,135750.0,570050.0,2684,0,1,1,0,2,4,4,3,0,0,4,3,0.0,0.0,0.0,0,2.5,0.0,3.5,5.0,6.0,11.0,0.0,11
2685,2685,71,93,570150.0,135750.0,10710093,0,0,4,0,0,0,0,135750.0,570150.0,2685,1,3,1,0,2,4,4,3,0,0,4,3,0.0,0.0,0.0,0,2.5,0.0,6.5,5.0,6.0,11.0,0.0,11
2686,2686,71,94,570250.0,135750.0,10710094,1,0,4,0,0,0,0,135750.0,570250.0,2686,3,4,1,0,3,4,4,3,0,0,4,4,0.0,0.0,0.0,0,2.5,0.0,10.5,5.0,8.0,11.0,1.0,12
2687,2687,71,95,570350.0,135750.0,10710095,1,0,4,0,0,0,0,135750.0,570350.0,2687,3,3,1,0,3,4,4,3,1,0,4,4,0.0,0.0,0.0,0,1.5,0.0,8.5,5.0,8.0,11.0,2.0,12
2688,2688,71,96,570450.0,135750.0,10710096,2,0,4,0,0,0,0,135750.0,570450.0,2688,3,3,2,0,3,4,4,3,1,0,3,4,0.0,0.0,0.0,0,0.75,0.0,8.75,6.0,9.0,11.0,3.0,11
2689,2689,71,97,570550.0,135750.0,10710097,2,0,4,0,0,0,0,135750.0,570550.0,2689,3,3,2,0,3,4,4,3,1,0,3,4,0.0,0.0,0.0,0,0.25,0.0,8.25,6.0,9.0,11.0,3.0,11
2690,2690,71,98,570650.0,135750.0,10710098,2,0,4,0,0,0,0,135750.0,570650.0,2690,3,3,2,0,3,3,4,3,1,0,3,4,0.0,0.0,0.0,0,0.0,0.0,8.0,6.0,8.0,11.0,3.0,11
2691,2691,71,99,570750.0,135750.0,10710099,2,0,4,0,0,0,0,135750.0,570750.0,2691,3,3,2,1,3,3,4,3,1,0,3,4,0.0,0.0,0.0,0,0.0,0.0,8.0,7.0,8.0,11.0,3.0,11
2692,2692,71,100,570850.0,135750.0,10710100,1,0,4,0,0,0,0,135750.0,570850.0,2692,3,4,2,1,3,3,4,3,2,0,3,4,0.0,0.0,0.0,0,0.0,0.0,8.0,7.0,7.0,11.0,3.0,11
2693,2693,71,101,570950.0,135750.0,10710101,1,0,4,0,0,0,0,135750.0,570950.0,2693,3,4,2,1,3,3,4,3,2,0,3,3,0.0,0.0,0.0,0,0.0,0.0,8.0,7.0,7.0,11.0,3.0,10
2694,2694,71,102,571050.0,135750.0,10710102,0,0,4,0,0,0,0,135750.0,571050.0,2694,2,4,2,1,3,3,4,3,2,0,3,3,0.0,0.0,0.0,0,0.0,0.0,6.0,7.0,6.0,11.0,2.0,10
2695,2695,71,103,571150.0,135750.0,10710103,0,0,4,0,0,0,0,135750.0,571150.0,2695,1,4,2,1,3,3,4,3,2,1,3,3,0.0,0.0,0.0,0,0.0,0.0,5.0,7.0,6.0,11.0,3.0,10
2696,2696,71,104,571250.0,135750.0,10710104,0,0,4,0,0,0,0,135750.0,571250.0,2696,0,3,2,1,3,3,4,3,2,1,3,3,0.0,0.0,0.0,0,0.0,0.0,3.0,7.0,6.0,11.0,3.0,10
2697,2697,71,105,571350.0,135750.0,10710105,0,0,4,0,0,0,0,135750.0,571350.0,2697,0,3,2,1,3,3,4,3,2,1,3,3,0.0,0.0,0.0,0,0.0,0.0,3.0,7.0,6.0,11.0,3.0,10
2698,2698,71,106,571450.0,135750.0,10710106,1,0,4,0,0,0,0,135750.0,571450.0,2698,0,2,2,1,3,3,4,3,2,1,3,3,0.0,0.0,0.0,0,0.0,0.0,3.0,7.0,7.0,11.0,4.0,10
2699,2699,71,107,571550.0,135750.0,10710107,1,0,4,0,0,0,0,135750.0,571550.0,2699,1,2,2,1,3,3,4,3,2,1,3,3,0.0,0.0,0.0,0,0.25,0.0,4.25,7.0,7.0,11.0,4.0,10
2700,2700,71,108,571650.0,135750.0,10710108,2,0,4,0,0,0,0,135750.0,571650.0,2700,1,2,2,1,3,3,4,3,2,1,3,3,0.0,0.0,0.0,0,0.75,0.0,5.75,7.0,8.0,11.0,5.0,10
2701,2701,71,109,571750.0,135750.0,10710109,2,0,4,0,0,0,0,135750.0,571750.0,2701,1,1,2,1,3,3,4,3,2,1,3,3,0.0,0.0,0.0,0,0.75,0.0,4.75,7.0,8.0,11.0,5.0,10
2702,2702,71,110,571850.0,135750.0,10710110,3,0,4,0,0,0,0,135750.0,571850.0,2702,1,1,2,1,3,3,4,3,2,1,3,3,0.0,0.0,0.0,0,0.75,0.0,5.75,7.0,9.0,11.0,6.0,10
2703,2703,71,111,571950.0,135750.0,10710111,3,0,4,0,0,0,0,135750.0,571950.0,2703,1,1,2,1,3,3,4,3,2,1,3,3,0.0,0.0,0.0,0,0.75,0.0,5.75,7.0,9.0,11.0,6.0,10
2704,2704,71,112,572050.0,135750.0,10710112,4,0,4,0,0,0,0,135750.0,572050.0,2704,1,1,2,1,3,3,4,3,2,1,2,3,0.0,0.0,0.0,0,1.5,0.0,7.5,7.0,10.0,11.0,7.0,9
2705,2705,71,113,572150.0,135750.0,10710113,4,0,4,0,0,0,0,135750.0,572150.0,2705,2,1,2,1,3,3,4,3,3,1,2,2,0.0,0.0,0.0,0,1.5,0.0,8.5,7.0,10.0,11.0,8.0,8
2706,2706,72,32,564050.0,135650.0,10720032,4,0,4,0,0,0,0,135650.0,564050.0,2706,3,3,3,2,3,2,4,3,3,2,2,2,0.0,0.0,0.0,0,0.0,0.0,10.0,9.0,9.0,11.0,9.0,8
2707,2707,72,33,564150.0,135650.0,10720033,4,0,4,0,0,0,0,135650.0,564150.0,2707,3,2,3,2,3,2,4,3,3,2,2,2,0.0,0.0,0.0,0,0.0,0.0,9.0,9.0,9.0,11.0,9.0,8
2708,2708,72,34,564250.0,135650.0,10720034,4,0,4,0,0,0,0,135650.0,564250.0,2708,3,2,3,2,2,3,4,3,3,2,2,2,0.0,0.0,0.0,0,0.0,0.0,9.0,9.0,9.0,11.0,9.0,8
2709,2709,72,35,564350.0,135650.0,10720035,4,0,4,0,0,0,0,135650.0,564350.0,2709,3,2,3,2,2,3,4,3,3,2,1,2,0.0,0.0,0.0,0,0.0,0.0,9.0,9.0,9.0,11.0,9.0,7
2710,2710,72,36,564450.0,135650.0,10720036,4,0,4,0,0,0,0,135650.0,564450.0,2710,2,2,3,2,2,2,4,3,2,2,1,3,0.0,0.0,0.0,0,0.0,0.0,8.0,9.0,8.0,11.0,8.0,8
2711,2711,72,37,564550.0,135650.0,10720037,4,0,4,0,0,0,0,135650.0,564550.0,2711,2,2,3,2,3,2,4,3,2,2,1,3,0.0,0.0,0.0,0,0.0,0.0,8.0,9.0,9.0,11.0,8.0,8
2712,2712,72,38,564650.0,135650.0,10720038,4,0,4,0,0,0,0,135650.0,564650.0,2712,2,1,4,2,3,2,4,3,2,2,1,3,0.0,0.0,0.0,0,0.0,0.0,7.0,10.0,9.0,11.0,8.0,8
2713,2713,72,39,564750.0,135650.0,10720039,4,0,4,0,0,0,0,135650.0,564750.0,2713,2,1,4,2,3,3,4,3,2,2,1,3,0.0,0.0,0.0,0,0.0,0.0,7.0,10.0,10.0,11.0,8.0,8
2714,2714,72,40,564850.0,135650.0,10720040,3,0,4,0,0,0,0,135650.0,564850.0,2714,2,1,4,2,2,3,4,3,2,2,0,3,0.0,0.0,0.0,0,0.0,0.0,6.0,10.0,8.0,11.0,7.0,7
2715,2715,72,41,564950.0,135650.0,10720041,3,0,4,0,0,0,0,135650.0,564950.0,2715,2,2,3,2,2,3,4,3,2,2,0,3,0.0,0.0,0.0,0,0.0,0.0,7.0,9.0,8.0,11.0,7.0,7
2716,2716,72,42,565050.0,135650.0,10720042,3,0,4,0,0,0,0,135650.0,565050.0,2716,3,2,3,3,2,3,4,3,3,3,0,3,0.0,0.0,0.0,0,0.0,0.0,8.0,10.0,8.0,11.0,9.0,7
2717,2717,72,43,565150.0,135650.0,10720043,3,0,4,0,0,0,0,135650.0,565150.0,2717,3,3,1,3,2,3,4,3,3,3,0,3,0.0,0.0,0.0,0,0.0,0.0,9.0,8.0,8.0,11.0,9.0,7
2718,2718,72,44,565250.0,135650.0,10720044,3,0,4,0,0,0,0,135650.0,565250.0,2718,3,3,1,3,2,3,4,3,3,3,0,3,0.0,0.0,0.0,0,0.0,0.0,9.0,8.0,8.0,11.0,9.0,7
2719,2719,72,45,565350.0,135650.0,10720045,2,0,4,0,0,0,0,135650.0,565350.0,2719,3,3,1,3,1,2,4,3,3,3,0,2,0.0,0.0,0.0,0,0.0,0.0,8.0,8.0,5.0,11.0,8.0,6
2720,2720,72,46,565450.0,135650.0,10720046,2,0,4,0,0,0,0,135650.0,565450.0,2720,3,3,1,3,1,2,4,3,3,3,0,1,0.0,0.0,0.0,0,1.0,0.0,9.0,8.0,5.0,11.0,8.0,5
2721,2721,72,47,565550.0,135650.0,10720047,2,0,3,0,0,0,0,135650.0,565550.0,2721,3,4,1,3,1,2,4,3,1,0,0,1,0.0,0.0,0.0,0,1.0,0.0,10.0,7.0,5.0,10.0,3.0,4
2722,2722,72,48,565650.0,135650.0,10720048,1,0,3,0,0,0,0,135650.0,565650.0,2722,3,4,0,3,1,2,4,3,1,0,0,0,0.0,0.0,0.0,0,1.0,0.0,9.0,6.0,4.0,10.0,2.0,3
2723,2723,72,49,565750.0,135650.0,10720049,1,0,2,0,0,0,0,135650.0,565750.0,2723,3,4,0,4,0,1,4,3,2,0,0,0,0.0,0.0,0.0,0,1.0,0.0,9.0,6.0,2.0,9.0,3.0,2
2724,2724,72,50,565850.0,135650.0,10720050,1,0,2,0,0,0,0,135650.0,565850.0,2724,3,4,0,4,0,1,4,3,3,0,0,0,0.0,0.0,0.0,0,1.0,0.0,9.0,6.0,2.0,9.0,4.0,2
2725,2725,72,51,565950.0,135650.0,10720051,0,0,1,0,0,0,0,135650.0,565950.0,2725,2,4,0,4,0,0,4,3,2,0,0,0,0.0,0.0,0.0,0,1.0,0.0,7.0,5.0,0.0,8.0,2.0,1
2726,2726,72,52,566050.0,135650.0,10720052,0,0,1,0,0,0,0,135650.0,566050.0,2726,1,4,0,4,0,0,4,3,0,0,0,0,0.0,0.0,0.0,0,1.0,0.0,6.0,5.0,0.0,8.0,0.0,1
2727,2727,72,53,566150.0,135650.0,10720053,0,0,0,0,0,0,0,135650.0,566150.0,2727,0,4,0,4,0,0,4,3,0,0,0,0,0.0,0.0,0.0,0,1.0,0.0,5.0,4.0,0.0,7.0,0.0,0
2728,2728,72,54,566250.0,135650.0,10720054,0,0,0,0,0,0,0,135650.0,566250.0,2728,0,0,0,4,0,0,0,3,0,0,0,0,0.0,0.0,0.0,0,1.0,0.0,1.0,4.0,0.0,3.0,0.0,0
2729,2729,72,55,566350.0,135650.0,10720055,0,0,0,0,0,0,0,135650.0,566350.0,2729,0,0,0,4,0,0,0,4,0,0,0,0,0.0,0.0,0.0,0,1.75,0.0,1.75,4.0,0.0,4.0,0.0,0
2730,2730,72,56,566450.0,135650.0,10720056,0,0,0,0,0,0,0,135650.0,566450.0,2730,0,0,0,4,0,0,0,4,0,0,0,0,0.0,0.0,0.0,0,1.75,0.0,1.75,4.0,0.0,4.0,0.0,0
2731,2731,72,57,566550.0,135650.0,10720057,0,0,1,0,0,0,0,135650.0,566550.0,2731,0,2,0,4,0,0,0,4,0,0,0,0,0.0,0.0,0.0,0,2.25,0.0,4.25,5.0,0.0,5.0,0.0,1
2732,2732,72,58,566650.0,135650.0,10720058,0,0,1,0,0,0,0,135650.0,566650.0,2732,0,3,0,3,0,0,0,0,2,0,0,2,0.0,0.0,0.0,0,2.5,0.0,5.5,4.0,0.0,1.0,2.0,3
2733,2733,72,59,566750.0,135650.0,10720059,0,1,2,0,0,0,0,135650.0,566750.0,2733,1,2,0,3,0,0,0,0,3,0,0,3,0.0,0.0,0.0,0,2.5,0.0,6.5,5.0,1.0,2.0,4.0,5
2734,2734,72,60,566850.0,135650.0,10720060,0,2,1,0,0,0,0,135650.0,566850.0,2734,2,0,0,3,0,0,0,0,4,0,0,4,0.0,0.0,0.0,0,2.5,0.25,6.5,4.25,2.0,1.0,6.0,5
2735,2735,72,61,566950.0,135650.0,10720061,0,2,1,0,0,0,0,135650.0,566950.0,2735,3,0,0,2,0,0,0,0,4,0,0,4,0.0,0.0,0.0,0,2.5,2.5,7.5,5.5,2.0,1.0,6.0,5
2736,2736,72,62,567050.0,135650.0,10720062,1,2,1,0,0,0,0,135650.0,567050.0,2736,4,0,0,0,0,0,0,0,4,0,0,4,0.0,0.0,0.0,0,2.5,2.5,9.5,3.5,3.0,1.0,7.0,5
2737,2737,72,63,567150.0,135650.0,10720063,0,2,0,0,0,0,0,135650.0,567150.0,2737,4,0,3,0,0,0,0,0,4,0,0,4,0.0,0.0,0.0,0,2.5,2.5,8.5,5.5,2.0,0.0,6.0,4
2738,2738,72,64,567250.0,135650.0,10720064,1,2,1,0,0,0,0,135650.0,567250.0,2738,4,0,4,0,0,0,0,0,4,0,0,4,0.0,0.0,0.0,0,2.5,2.5,9.5,7.5,3.0,1.0,7.0,5
2739,2739,72,65,567350.0,135650.0,10720065,1,2,1,0,0,0,0,135650.0,567350.0,2739,4,0,4,0,0,1,0,0,4,0,1,4,0.0,0.0,0.0,0,2.5,2.5,9.5,7.5,4.0,1.0,7.0,6
2740,2740,72,66,567450.0,135650.0,10720066,1,2,1,0,0,0,0,135650.0,567450.0,2740,4,0,4,0,0,1,0,0,4,1,2,4,0.0,0.0,0.0,0,2.5,2.5,9.5,7.5,4.0,1.0,8.0,7
2741,2741,72,67,567550.0,135650.0,10720067,2,1,1,0,0,0,0,135650.0,567550.0,2741,4,0,4,0,0,1,0,4,4,2,2,3,0.0,0.0,0.0,0,2.5,2.5,9.5,7.5,4.0,5.0,9.0,6
2742,2742,72,68,567650.0,135650.0,10720068,2,1,0,0,0,0,0,135650.0,567650.0,2742,4,0,4,0,0,1,0,4,3,3,3,3,0.0,0.0,0.0,0,2.5,2.5,9.5,6.5,4.0,4.0,9.0,6
2743,2743,72,69,567750.0,135650.0,10720069,1,1,0,0,0,0,0,135650.0,567750.0,2743,4,0,3,0,0,1,0,4,0,1,3,1,1.0,0.0,0.0,0,2.5,2.5,8.5,5.5,4.0,4.0,3.0,4
2744,2744,72,70,567850.0,135650.0,10720070,1,1,0,1,0,0,0,135650.0,567850.0,2744,4,0,4,0,1,1,0,4,0,0,3,1,1.0,0.0,0.0,0,2.5,2.5,8.5,7.5,5.0,5.0,2.0,5
2745,2745,72,71,567950.0,135650.0,10720071,1,0,1,2,0,0,0,135650.0,567950.0,2745,4,0,4,0,1,2,4,4,0,0,3,0,0.0,0.0,0.0,0,2.5,2.5,7.5,9.5,4.0,11.0,1.0,6
2746,2746,72,72,568050.0,135650.0,10720072,1,0,1,3,0,0,0,135650.0,568050.0,2746,4,0,4,0,1,2,4,3,0,0,3,0,0.0,0.0,0.0,0,2.5,2.5,7.5,10.5,4.0,11.0,1.0,7
2747,2747,72,73,568150.0,135650.0,10720073,1,1,2,3,0,0,0,135650.0,568150.0,2747,4,0,4,0,1,2,0,3,0,0,3,0,0.0,0.0,0.0,0,2.5,2.5,8.5,11.5,5.0,8.0,2.0,8
2748,2748,72,74,568250.0,135650.0,10720074,1,1,2,2,0,0,0,135650.0,568250.0,2748,4,0,4,0,1,2,0,3,0,0,3,0,0.0,0.0,0.0,0,2.5,2.5,8.5,10.5,5.0,7.0,2.0,7
2749,2749,72,75,568350.0,135650.0,10720075,1,1,2,1,0,0,0,135650.0,568350.0,2749,4,0,4,0,1,1,0,3,1,1,3,0,0.0,0.0,0.0,0,2.5,2.5,8.5,9.5,4.0,6.0,4.0,6
2750,2750,72,76,568450.0,135650.0,10720076,1,1,2,0,0,0,0,135650.0,568450.0,2750,4,0,4,0,0,1,4,3,0,1,4,0,0.0,0.0,0.0,0,2.5,2.5,8.5,8.5,3.0,9.0,3.0,6
2751,2751,72,77,568550.0,135650.0,10720077,1,0,1,0,0,0,0,135650.0,568550.0,2751,4,0,4,0,0,1,4,3,0,1,4,0,0.0,0.0,0.0,0,2.5,2.5,7.5,7.5,2.0,8.0,2.0,5
2752,2752,72,78,568650.0,135650.0,10720078,1,0,1,0,0,0,0,135650.0,568650.0,2752,4,0,1,0,0,1,4,3,0,0,4,0,0.0,0.0,0.0,0,2.5,2.5,7.5,4.5,2.0,8.0,1.0,5
2753,2753,72,79,568750.0,135650.0,10720079,0,0,0,0,0,0,0,135650.0,568750.0,2753,4,0,0,0,0,1,4,3,0,0,4,0,0.0,0.0,0.0,0,2.5,2.5,6.5,2.5,1.0,7.0,0.0,4
2754,2754,72,80,568850.0,135650.0,10720080,0,0,0,0,0,0,0,135650.0,568850.0,2754,3,0,0,0,0,1,4,3,0,0,4,0,0.0,0.0,0.0,0,2.5,2.5,5.5,2.5,1.0,7.0,0.0,4
2755,2755,72,81,568950.0,135650.0,10720081,1,0,0,0,0,0,0,135650.0,568950.0,2755,1,0,0,0,0,1,4,3,0,0,4,0,0.0,0.0,0.0,0,2.5,2.5,4.5,2.5,2.0,7.0,1.0,4
2756,2756,72,82,569050.0,135650.0,10720082,1,0,1,0,0,0,0,135650.0,569050.0,2756,0,0,0,0,0,1,4,3,1,3,4,0,0.0,0.0,0.0,0,2.5,2.5,3.5,3.5,2.0,8.0,5.0,5
2757,2757,72,83,569150.0,135650.0,10720083,1,0,1,0,0,0,0,135650.0,569150.0,2757,0,0,0,0,0,2,4,3,1,3,4,0,0.0,0.0,0.0,0,2.5,2.5,3.5,3.5,3.0,8.0,5.0,5
2758,2758,72,84,569250.0,135650.0,10720084,1,0,1,0,0,0,0,135650.0,569250.0,2758,0,0,0,0,1,4,4,3,2,2,4,0,0.0,0.0,0.0,0,2.5,2.25,3.5,3.25,6.0,8.0,5.0,5
2759,2759,72,85,569350.0,135650.0,10720085,2,0,2,0,0,0,0,135650.0,569350.0,2759,0,0,0,0,1,4,4,3,2,1,4,0,0.0,0.0,0.0,0,2.5,1.75,4.5,3.75,7.0,9.0,5.0,6
2760,2760,72,86,569450.0,135650.0,10720086,2,0,2,0,0,0,0,135650.0,569450.0,2760,0,0,0,0,1,4,4,3,2,0,4,0,0.0,0.0,0.0,0,2.5,1.0,4.5,3.0,7.0,9.0,4.0,6
2761,2761,72,87,569550.0,135650.0,10720087,2,0,2,0,0,0,0,135650.0,569550.0,2761,0,0,0,0,1,4,4,3,1,0,4,1,0.0,0.0,0.0,0,2.5,2.25,4.5,4.25,7.0,9.0,3.0,7
2762,2762,72,88,569650.0,135650.0,10720088,2,0,3,0,0,0,0,135650.0,569650.0,2762,0,0,0,0,1,4,4,3,1,0,4,1,0.0,0.0,0.0,0,2.5,2.5,4.5,5.5,7.0,10.0,3.0,8
2763,2763,72,89,569750.0,135650.0,10720089,1,0,3,0,0,0,0,135650.0,569750.0,2763,0,0,0,0,2,4,4,3,1,0,4,2,0.0,0.0,0.0,0,2.5,2.5,3.5,5.5,7.0,10.0,2.0,9
2764,2764,72,90,569850.0,135650.0,10720090,1,0,4,0,0,0,0,135650.0,569850.0,2764,0,0,0,0,2,4,4,3,1,0,4,3,0.0,0.0,0.0,0,2.5,2.5,3.5,6.5,7.0,11.0,2.0,11
2765,2765,72,91,569950.0,135650.0,10720091,1,0,4,0,0,0,0,135650.0,569950.0,2765,0,1,1,0,2,4,4,3,0,0,4,3,0.0,0.0,0.0,0,2.5,0.0,4.5,5.0,7.0,11.0,1.0,11
2766,2766,72,92,570050.0,135650.0,10720092,1,0,4,0,0,0,0,135650.0,570050.0,2766,0,1,1,0,2,4,4,3,0,0,4,3,0.0,0.0,0.0,0,2.5,0.0,4.5,5.0,7.0,11.0,1.0,11
2767,2767,72,93,570150.0,135650.0,10720093,1,0,4,0,0,0,0,135650.0,570150.0,2767,1,3,1,0,3,4,4,3,0,0,4,3,0.0,0.0,0.0,0,2.5,0.0,7.5,5.0,8.0,11.0,1.0,11
2768,2768,72,94,570250.0,135650.0,10720094,1,0,4,0,0,0,0,135650.0,570250.0,2768,3,4,1,0,3,4,4,3,0,0,4,3,0.0,0.0,0.0,0,1.5,0.0,9.5,5.0,8.0,11.0,1.0,11
2769,2769,72,95,570350.0,135650.0,10720095,1,0,4,0,0,0,0,135650.0,570350.0,2769,3,3,1,0,3,4,4,3,1,0,4,3,0.0,0.0,0.0,0,0.25,0.0,7.25,5.0,8.0,11.0,2.0,11
2770,2770,72,96,570450.0,135650.0,10720096,2,0,4,0,0,0,0,135650.0,570450.0,2770,3,3,2,0,3,4,4,3,1,0,4,3,0.0,0.0,0.0,0,0.0,0.0,8.0,6.0,9.0,11.0,3.0,11
2771,2771,72,97,570550.0,135650.0,10720097,2,0,4,0,0,0,0,135650.0,570550.0,2771,3,3,2,0,3,3,4,3,1,0,3,3,0.0,0.0,0.0,0,0.0,0.0,8.0,6.0,8.0,11.0,3.0,10
2772,2772,72,98,570650.0,135650.0,10720098,2,0,4,0,0,0,0,135650.0,570650.0,2772,3,3,2,0,3,3,4,3,1,0,3,3,0.0,0.0,0.0,0,0.0,0.0,8.0,6.0,8.0,11.0,3.0,10
2773,2773,72,99,570750.0,135650.0,10720099,2,0,4,0,0,0,0,135650.0,570750.0,2773,3,3,2,0,3,3,4,3,1,0,3,3,0.0,0.0,0.0,0,0.0,0.0,8.0,6.0,8.0,11.0,3.0,10
2774,2774,72,100,570850.0,135650.0,10720100,1,0,4,0,0,0,0,135650.0,570850.0,2774,3,4,2,1,3,3,4,3,1,0,3,3,0.0,0.0,0.0,0,0.0,0.0,8.0,7.0,7.0,11.0,2.0,10
2775,2775,72,101,570950.0,135650.0,10720101,1,0,4,0,0,0,0,135650.0,570950.0,2775,3,4,2,1,3,3,4,3,2,0,3,3,0.0,0.0,0.0,0,0.0,0.0,8.0,7.0,7.0,11.0,3.0,10
2776,2776,72,102,571050.0,135650.0,10720102,0,0,4,0,0,0,0,135650.0,571050.0,2776,2,4,2,1,3,3,4,3,2,0,3,3,0.0,0.0,0.0,0,0.0,0.0,6.0,7.0,6.0,11.0,2.0,10
2777,2777,72,103,571150.0,135650.0,10720103,0,0,4,0,0,0,0,135650.0,571150.0,2777,1,4,2,1,3,3,4,3,2,0,3,3,0.0,0.0,0.0,0,0.0,0.0,5.0,7.0,6.0,11.0,2.0,10
2778,2778,72,104,571250.0,135650.0,10720104,0,0,4,0,0,0,0,135650.0,571250.0,2778,0,3,2,1,3,3,4,3,2,1,3,3,0.0,0.0,0.0,0,0.0,0.0,3.0,7.0,6.0,11.0,3.0,10
2779,2779,72,105,571350.0,135650.0,10720105,1,0,4,0,0,0,0,135650.0,571350.0,2779,0,3,2,1,3,3,4,3,2,1,3,3,0.0,0.0,0.0,0,0.0,0.0,4.0,7.0,7.0,11.0,4.0,10
2780,2780,72,106,571450.0,135650.0,10720106,1,0,4,0,0,0,0,135650.0,571450.0,2780,0,2,2,1,3,3,4,3,2,1,3,3,0.0,0.0,0.0,0,0.0,0.0,3.0,7.0,7.0,11.0,4.0,10
2781,2781,72,107,571550.0,135650.0,10720107,2,0,4,0,0,0,0,135650.0,571550.0,2781,1,2,2,1,3,3,4,3,2,1,3,3,0.0,0.0,0.0,0,0.0,0.0,5.0,7.0,8.0,11.0,5.0,10
2782,2782,72,108,571650.0,135650.0,10720108,2,0,4,0,0,0,0,135650.0,571650.0,2782,1,2,2,1,3,3,4,3,2,1,3,3,0.0,0.0,0.0,0,0.0,0.0,5.0,7.0,8.0,11.0,5.0,10
2783,2783,72,109,571750.0,135650.0,10720109,2,0,4,0,0,0,0,135650.0,571750.0,2783,1,1,2,1,3,3,4,3,2,1,3,3,0.0,0.0,0.0,0,0.25,0.0,4.25,7.0,8.0,11.0,5.0,10
2784,2784,72,110,571850.0,135650.0,10720110,3,0,4,0,0,0,0,135650.0,571850.0,2784,1,1,2,1,3,3,4,3,2,1,3,3,0.0,0.0,0.0,0,0.75,0.0,5.75,7.0,9.0,11.0,6.0,10
2785,2785,72,111,571950.0,135650.0,10720111,3,0,4,0,0,0,0,135650.0,571950.0,2785,1,1,2,1,3,3,4,3,2,1,3,3,0.0,0.0,0.0,0,0.75,0.0,5.75,7.0,9.0,11.0,6.0,10
2786,2786,72,112,572050.0,135650.0,10720112,4,0,4,0,0,0,0,135650.0,572050.0,2786,1,1,2,1,3,3,4,3,2,1,2,2,0.0,0.0,0.0,0,0.75,0.0,6.75,7.0,10.0,11.0,7.0,8
2787,2787,72,113,572150.0,135650.0,10720113,4,0,4,0,0,0,0,135650.0,572150.0,2787,2,1,2,1,3,3,4,3,2,1,2,2,0.0,0.0,0.0,0,1.5,0.0,8.5,7.0,10.0,11.0,7.0,8
2788,2788,73,32,564050.0,135550.0,10730032,4,0,4,0,0,0,0,135550.0,564050.0,2788,3,3,3,2,3,2,4,3,3,2,2,1,0.0,0.0,0.0,0,0.0,0.0,10.0,9.0,9.0,11.0,9.0,7
2789,2789,73,33,564150.0,135550.0,10730033,4,0,4,0,0,0,0,135550.0,564150.0,2789,3,2,3,2,3,2,4,3,3,2,2,2,0.0,0.0,0.0,0,0.0,0.0,9.0,9.0,9.0,11.0,9.0,8
2790,2790,73,34,564250.0,135550.0,10730034,4,0,4,0,0,0,0,135550.0,564250.0,2790,3,2,3,2,2,3,4,3,3,2,2,2,0.0,0.0,0.0,0,0.0,0.0,9.0,9.0,9.0,11.0,9.0,8
2791,2791,73,35,564350.0,135550.0,10730035,4,0,4,0,0,0,0,135550.0,564350.0,2791,3,2,3,2,2,3,4,3,2,2,1,2,0.0,0.0,0.0,0,0.0,0.0,9.0,9.0,9.0,11.0,8.0,7
2792,2792,73,36,564450.0,135550.0,10730036,4,0,4,0,0,0,0,135550.0,564450.0,2792,2,2,3,2,2,2,4,3,2,2,1,2,0.0,0.0,0.0,0,0.0,0.0,8.0,9.0,8.0,11.0,8.0,7
2793,2793,73,37,564550.0,135550.0,10730037,4,0,4,0,0,0,0,135550.0,564550.0,2793,2,2,3,2,3,2,4,3,2,2,1,3,0.0,0.0,0.0,0,0.0,0.0,8.0,9.0,9.0,11.0,8.0,8
2794,2794,73,38,564650.0,135550.0,10730038,4,0,4,0,0,0,0,135550.0,564650.0,2794,2,1,4,2,3,2,4,3,2,2,1,3,0.0,0.0,0.0,0,0.0,0.0,7.0,10.0,9.0,11.0,8.0,8
2795,2795,73,39,564750.0,135550.0,10730039,3,0,4,0,0,0,0,135550.0,564750.0,2795,2,1,4,2,3,2,4,3,2,2,1,3,0.0,0.0,0.0,0,0.0,0.0,6.0,10.0,8.0,11.0,7.0,8
2796,2796,73,40,564850.0,135550.0,10730040,3,0,4,0,0,0,0,135550.0,564850.0,2796,2,1,3,2,2,3,4,3,2,2,0,3,0.0,0.0,0.0,0,0.0,0.0,6.0,9.0,8.0,11.0,7.0,7
2797,2797,73,41,564950.0,135550.0,10730041,3,0,4,0,0,0,0,135550.0,564950.0,2797,2,2,3,2,2,3,4,3,2,2,0,3,0.0,0.0,0.0,0,0.0,0.0,7.0,9.0,8.0,11.0,7.0,7
2798,2798,73,42,565050.0,135550.0,10730042,2,0,4,0,0,0,0,135550.0,565050.0,2798,3,2,2,3,2,3,4,3,2,3,0,3,0.0,0.0,0.0,0,0.0,0.0,7.0,9.0,7.0,11.0,7.0,7
2799,2799,73,43,565150.0,135550.0,10730043,2,0,4,0,0,0,0,135550.0,565150.0,2799,3,3,1,3,2,3,4,3,3,3,0,3,0.0,0.0,0.0,0,0.0,0.0,8.0,8.0,7.0,11.0,8.0,7
2800,2800,73,44,565250.0,135550.0,10730044,2,0,4,0,0,0,0,135550.0,565250.0,2800,3,3,1,3,2,3,4,3,3,3,0,3,0.0,0.0,0.0,0,0.0,0.0,8.0,8.0,7.0,11.0,8.0,7
2801,2801,73,45,565350.0,135550.0,10730045,2,0,4,0,0,0,0,135550.0,565350.0,2801,3,3,1,3,1,2,4,3,3,4,0,2,0.0,0.0,0.0,0,0.0,0.0,8.0,8.0,5.0,11.0,9.0,6
2802,2802,73,46,565450.0,135550.0,10730046,2,0,4,0,0,0,0,135550.0,565450.0,2802,3,3,1,3,1,2,4,3,3,3,0,1,0.0,0.0,0.0,0,0.0,0.0,8.0,8.0,5.0,11.0,8.0,5
2803,2803,73,47,565550.0,135550.0,10730047,1,0,3,0,0,0,0,135550.0,565550.0,2803,3,4,1,3,1,2,4,3,3,2,0,1,0.0,0.0,0.0,0,1.0,0.0,9.0,7.0,4.0,10.0,6.0,4
2804,2804,73,48,565650.0,135550.0,10730048,1,0,3,0,0,0,0,135550.0,565650.0,2804,3,4,0,3,0,1,4,3,1,0,0,0,0.0,0.0,0.0,0,1.0,0.0,9.0,6.0,2.0,10.0,2.0,3
2805,2805,73,49,565750.0,135550.0,10730049,0,0,2,0,0,0,0,135550.0,565750.0,2805,3,4,0,4,0,1,4,3,2,0,0,0,0.0,0.0,0.0,0,0.0,0.0,7.0,6.0,1.0,9.0,2.0,2
2806,2806,73,50,565850.0,135550.0,10730050,0,0,2,0,0,0,0,135550.0,565850.0,2806,3,4,0,4,0,0,4,3,2,0,0,0,0.0,0.0,0.0,0,0.0,0.0,7.0,6.0,0.0,9.0,2.0,2
2807,2807,73,51,565950.0,135550.0,10730051,0,0,1,0,0,0,0,135550.0,565950.0,2807,3,4,0,4,0,0,4,3,1,0,0,0,0.0,0.0,0.0,0,1.0,0.0,8.0,5.0,0.0,8.0,1.0,1
2808,2808,73,52,566050.0,135550.0,10730052,0,0,1,0,0,0,0,135550.0,566050.0,2808,2,4,0,4,0,0,4,3,0,0,0,0,0.0,0.0,0.0,0,1.0,0.0,7.0,5.0,0.0,8.0,0.0,1
2809,2809,73,53,566150.0,135550.0,10730053,0,0,1,0,0,0,0,135550.0,566150.0,2809,0,4,0,4,0,0,4,3,0,0,0,0,0.0,0.0,0.0,0,1.0,0.0,5.0,5.0,0.0,8.0,0.0,1
2810,2810,73,54,566250.0,135550.0,10730054,0,0,0,0,0,0,0,135550.0,566250.0,2810,0,0,0,4,0,0,0,3,0,0,0,0,0.0,0.0,0.0,0,1.75,0.0,1.75,4.0,0.0,3.0,0.0,0
2811,2811,73,55,566350.0,135550.0,10730055,0,0,0,0,0,0,0,135550.0,566350.0,2811,0,0,0,3,0,0,0,3,0,0,0,0,0.0,0.0,0.0,0,1.75,0.0,1.75,3.0,0.0,3.0,0.0,0
2812,2812,73,56,566450.0,135550.0,10730056,0,0,1,0,0,0,0,135550.0,566450.0,2812,0,0,0,3,0,0,0,4,0,0,0,0,0.0,0.0,0.0,0,2.25,0.0,2.25,4.0,0.0,5.0,0.0,1
2813,2813,73,57,566550.0,135550.0,10730057,0,0,1,0,0,0,0,135550.0,566550.0,2813,0,1,0,4,0,0,0,4,0,0,0,1,0.0,0.0,0.0,0,2.25,0.0,3.25,5.0,0.0,5.0,0.0,2
2814,2814,73,58,566650.0,135550.0,10730058,0,0,1,0,0,0,0,135550.0,566650.0,2814,0,3,0,4,0,0,0,4,2,0,0,3,0.0,0.0,0.0,0,2.5,0.0,5.5,5.0,0.0,5.0,2.0,4
2815,2815,73,59,566750.0,135550.0,10730059,0,1,2,0,0,0,0,135550.0,566750.0,2815,1,1,0,4,0,0,0,0,3,0,0,3,0.0,0.0,0.0,0,2.5,0.0,5.5,6.0,1.0,2.0,4.0,5
2816,2816,73,60,566850.0,135550.0,10730060,0,1,2,0,0,0,0,135550.0,566850.0,2816,2,0,0,3,0,0,0,0,4,0,0,4,0.0,0.0,0.0,0,2.5,0.25,5.5,5.25,1.0,2.0,5.0,6
2817,2817,73,61,566950.0,135550.0,10730061,0,1,1,0,0,0,0,135550.0,566950.0,2817,3,0,0,3,0,0,0,0,4,0,0,4,0.0,0.0,0.0,0,2.5,2.5,6.5,6.5,1.0,1.0,5.0,5
2818,2818,73,62,567050.0,135550.0,10730062,1,1,1,0,0,0,0,135550.0,567050.0,2818,3,0,1,0,0,0,0,0,4,0,0,4,0.0,0.0,0.0,0,2.5,2.5,7.5,4.5,2.0,1.0,6.0,5
2819,2819,73,63,567150.0,135550.0,10730063,1,2,1,0,0,0,0,135550.0,567150.0,2819,4,0,4,0,0,0,0,0,4,0,0,4,0.0,0.0,0.0,0,2.5,2.5,9.5,7.5,3.0,1.0,7.0,5
2820,2820,73,64,567250.0,135550.0,10730064,1,3,1,0,0,0,0,135550.0,567250.0,2820,4,0,4,0,0,0,0,0,4,0,1,4,0.0,0.0,0.0,0,2.5,2.5,10.5,7.5,4.0,1.0,8.0,6
2821,2821,73,65,567350.0,135550.0,10730065,1,4,1,0,0,0,0,135550.0,567350.0,2821,4,0,4,0,0,0,0,0,4,0,1,4,0.0,0.0,0.0,0,2.5,2.5,11.5,7.5,5.0,1.0,9.0,6
2822,2822,73,66,567450.0,135550.0,10730066,2,2,1,0,0,0,0,135550.0,567450.0,2822,4,0,4,0,0,1,0,0,4,0,2,4,0.0,0.0,0.0,0,2.5,2.5,10.5,7.5,5.0,1.0,8.0,7
2823,2823,73,67,567550.0,135550.0,10730067,2,1,0,0,0,0,0,135550.0,567550.0,2823,4,0,4,0,0,1,0,0,4,1,2,3,0.0,0.0,0.0,0,2.5,2.5,9.5,6.5,4.0,0.0,8.0,5
2824,2824,73,68,567650.0,135550.0,10730068,1,0,0,0,0,0,0,135550.0,567650.0,2824,4,0,4,0,0,1,0,4,3,1,3,3,0.0,0.0,0.0,0,2.5,2.5,7.5,6.5,2.0,4.0,5.0,6
2825,2825,73,69,567750.0,135550.0,10730069,1,0,0,0,0,0,0,135550.0,567750.0,2825,4,0,3,0,0,1,0,4,0,0,3,2,1.0,0.0,0.0,0,2.5,2.5,7.5,5.5,3.0,4.0,1.0,5
2826,2826,73,70,567850.0,135550.0,10730070,1,0,0,0,0,0,0,135550.0,567850.0,2826,4,0,4,0,0,1,0,4,0,0,3,1,0.0,0.0,0.0,0,2.5,2.5,7.5,6.5,2.0,4.0,1.0,4
2827,2827,73,71,567950.0,135550.0,10730071,0,0,1,1,0,0,0,135550.0,567950.0,2827,4,0,4,0,1,1,0,4,0,0,3,0,0.0,0.0,0.0,0,2.5,2.5,6.5,8.5,2.0,6.0,0.0,5
2828,2828,73,72,568050.0,135550.0,10730072,1,0,1,2,0,0,0,135550.0,568050.0,2828,4,0,4,0,1,2,0,3,0,0,3,0,0.0,0.0,0.0,0,2.5,2.5,7.5,9.5,4.0,6.0,1.0,6
2829,2829,73,73,568150.0,135550.0,10730073,1,0,2,2,0,0,0,135550.0,568150.0,2829,4,0,4,0,1,2,4,3,0,0,3,0,0.0,0.0,0.0,0,2.5,2.5,7.5,10.5,4.0,11.0,1.0,7
2830,2830,73,74,568250.0,135550.0,10730074,1,0,2,1,0,0,0,135550.0,568250.0,2830,4,0,4,0,1,2,4,3,0,0,3,0,0.0,0.0,0.0,0,2.5,2.5,7.5,9.5,4.0,10.0,1.0,6
2831,2831,73,75,568350.0,135550.0,10730075,1,0,2,1,0,0,0,135550.0,568350.0,2831,4,0,4,0,1,2,4,3,1,1,4,0,0.0,0.0,0.0,0,2.5,2.5,7.5,9.5,4.0,10.0,3.0,7
2832,2832,73,76,568450.0,135550.0,10730076,1,0,2,0,0,0,0,135550.0,568450.0,2832,4,0,4,0,1,2,4,3,0,1,4,0,0.0,0.0,0.0,0,2.5,2.5,7.5,8.5,4.0,9.0,2.0,6
2833,2833,73,77,568550.0,135550.0,10730077,1,0,2,0,0,0,0,135550.0,568550.0,2833,4,0,4,0,0,1,4,3,0,0,4,0,0.0,0.0,0.0,0,2.5,2.5,7.5,8.5,2.0,9.0,1.0,6
2834,2834,73,78,568650.0,135550.0,10730078,1,0,1,0,0,0,0,135550.0,568650.0,2834,4,0,1,0,0,1,4,3,0,0,4,0,0.0,0.0,0.0,0,2.5,2.5,7.5,4.5,2.0,8.0,1.0,5
2835,2835,73,79,568750.0,135550.0,10730079,1,0,1,0,0,0,0,135550.0,568750.0,2835,4,0,0,0,0,1,4,3,0,0,4,0,0.0,0.0,0.0,0,2.5,2.5,7.5,3.5,2.0,8.0,1.0,5
2836,2836,73,80,568850.0,135550.0,10730080,1,0,1,0,0,0,0,135550.0,568850.0,2836,3,0,0,0,0,1,4,3,0,0,4,0,0.0,0.0,0.0,0,2.5,2.5,6.5,3.5,2.0,8.0,1.0,5
2837,2837,73,81,568950.0,135550.0,10730081,1,0,1,0,0,0,0,135550.0,568950.0,2837,1,0,0,0,0,1,4,3,0,0,4,0,0.0,0.0,0.0,0,2.5,2.5,4.5,3.5,2.0,8.0,1.0,5
2838,2838,73,82,569050.0,135550.0,10730082,1,0,1,0,0,0,0,135550.0,569050.0,2838,0,0,0,0,0,1,4,3,0,1,4,0,0.0,0.0,0.0,0,2.5,2.5,3.5,3.5,2.0,8.0,2.0,5
2839,2839,73,83,569150.0,135550.0,10730083,1,0,1,0,0,0,0,135550.0,569150.0,2839,0,0,0,0,0,2,4,3,1,3,4,0,0.0,0.0,0.0,0,2.5,2.5,3.5,3.5,3.0,8.0,5.0,5
2840,2840,73,84,569250.0,135550.0,10730084,1,0,1,0,0,0,0,135550.0,569250.0,2840,0,0,0,0,1,4,4,3,1,3,4,0,0.0,0.0,0.0,0,2.5,2.5,3.5,3.5,6.0,8.0,5.0,5
2841,2841,73,85,569350.0,135550.0,10730085,1,0,1,0,0,0,0,135550.0,569350.0,2841,0,0,0,0,1,4,4,3,2,1,4,0,0.0,0.0,0.0,0,2.5,2.25,3.5,3.25,6.0,8.0,4.0,5
2842,2842,73,86,569450.0,135550.0,10730086,2,0,2,0,0,0,0,135550.0,569450.0,2842,0,0,0,0,1,4,4,3,2,1,4,0,0.0,0.0,0.0,0,2.5,2.25,4.5,4.25,7.0,9.0,5.0,6
2843,2843,73,87,569550.0,135550.0,10730087,2,0,2,0,0,0,0,135550.0,569550.0,2843,0,0,0,0,1,4,4,3,1,0,4,0,0.0,0.0,0.0,0,2.5,2.5,4.5,4.5,7.0,9.0,3.0,6
2844,2844,73,88,569650.0,135550.0,10730088,1,0,3,0,0,0,0,135550.0,569650.0,2844,0,0,0,0,2,4,4,3,1,0,4,0,0.0,0.0,0.0,0,2.5,2.5,3.5,5.5,7.0,10.0,2.0,7
2845,2845,73,89,569750.0,135550.0,10730089,1,0,3,0,0,0,0,135550.0,569750.0,2845,0,0,0,0,2,4,4,3,1,0,4,1,0.0,0.0,0.0,0,2.5,2.5,3.5,5.5,7.0,10.0,2.0,8
2846,2846,73,90,569850.0,135550.0,10730090,1,0,3,0,0,0,0,135550.0,569850.0,2846,0,1,0,0,2,4,4,3,0,0,4,1,0.0,0.0,0.0,0,2.5,0.0,4.5,3.0,7.0,10.0,1.0,8
2847,2847,73,91,569950.0,135550.0,10730091,1,0,4,0,0,0,0,135550.0,569950.0,2847,0,1,1,0,2,4,4,3,0,0,4,1,0.0,0.0,0.0,0,2.5,0.0,4.5,5.0,7.0,11.0,1.0,9
2848,2848,73,92,570050.0,135550.0,10730092,1,0,4,0,0,0,0,135550.0,570050.0,2848,0,1,1,0,2,4,4,3,0,0,4,2,0.0,0.0,0.0,0,2.5,0.0,4.5,5.0,7.0,11.0,1.0,10
2849,2849,73,93,570150.0,135550.0,10730093,1,0,4,0,0,0,0,135550.0,570150.0,2849,1,4,1,0,3,4,4,3,0,0,4,2,0.0,0.0,0.0,0,0.0,0.0,6.0,5.0,8.0,11.0,1.0,10
2850,2850,73,94,570250.0,135550.0,10730094,1,0,4,0,0,0,0,135550.0,570250.0,2850,3,4,1,0,3,4,4,3,0,0,4,3,0.0,0.0,0.0,0,0.0,0.0,8.0,5.0,8.0,11.0,1.0,11
2851,2851,73,95,570350.0,135550.0,10730095,2,0,4,0,0,0,0,135550.0,570350.0,2851,3,4,1,0,3,4,4,3,1,0,4,3,0.0,0.0,0.0,0,0.0,0.0,9.0,5.0,9.0,11.0,3.0,11
2852,2852,73,96,570450.0,135550.0,10730096,2,0,4,0,0,0,0,135550.0,570450.0,2852,3,3,2,0,3,3,4,3,1,0,4,3,0.0,0.0,0.0,0,0.0,0.0,8.0,6.0,8.0,11.0,3.0,11
2853,2853,73,97,570550.0,135550.0,10730097,2,0,4,0,0,0,0,135550.0,570550.0,2853,3,3,2,0,3,3,4,3,1,0,3,3,0.0,0.0,0.0,0,0.0,0.0,8.0,6.0,8.0,11.0,3.0,10
2854,2854,73,98,570650.0,135550.0,10730098,2,0,4,0,0,0,0,135550.0,570650.0,2854,3,3,2,0,3,3,4,3,1,0,3,3,0.0,0.0,0.0,0,0.0,0.0,8.0,6.0,8.0,11.0,3.0,10
2855,2855,73,99,570750.0,135550.0,10730099,2,0,4,0,0,0,0,135550.0,570750.0,2855,3,3,2,0,3,3,4,3,1,0,3,3,0.0,0.0,0.0,0,0.0,0.0,8.0,6.0,8.0,11.0,3.0,10
2856,2856,73,100,570850.0,135550.0,10730100,1,0,4,0,0,0,0,135550.0,570850.0,2856,3,4,2,1,3,3,4,3,1,0,3,3,0.0,0.0,0.0,0,0.0,0.0,8.0,7.0,7.0,11.0,2.0,10
2857,2857,73,101,570950.0,135550.0,10730101,1,0,4,0,0,0,0,135550.0,570950.0,2857,2,4,2,1,3,3,4,3,1,0,3,3,0.0,0.0,0.0,0,0.0,0.0,7.0,7.0,7.0,11.0,2.0,10
2858,2858,73,102,571050.0,135550.0,10730102,1,0,4,0,0,0,0,135550.0,571050.0,2858,2,4,2,1,3,3,4,3,1,0,3,3,0.0,0.0,0.0,0,0.0,0.0,7.0,7.0,7.0,11.0,2.0,10
2859,2859,73,103,571150.0,135550.0,10730103,1,0,4,0,0,0,0,135550.0,571150.0,2859,1,4,2,1,3,3,4,3,1,0,3,3,0.0,0.0,0.0,0,0.0,0.0,6.0,7.0,7.0,11.0,2.0,10
2860,2860,73,104,571250.0,135550.0,10730104,1,0,4,0,0,0,0,135550.0,571250.0,2860,0,3,2,1,3,3,4,3,1,0,3,3,0.0,0.0,0.0,0,0.0,0.0,4.0,7.0,7.0,11.0,2.0,10
2861,2861,73,105,571350.0,135550.0,10730105,1,0,4,0,0,0,0,135550.0,571350.0,2861,0,3,2,1,3,3,4,3,1,0,3,3,0.0,0.0,0.0,0,0.0,0.0,4.0,7.0,7.0,11.0,2.0,10
2862,2862,73,106,571450.0,135550.0,10730106,1,0,4,0,0,0,0,135550.0,571450.0,2862,0,2,2,1,3,3,4,3,2,0,3,3,0.0,0.0,0.0,0,0.0,0.0,3.0,7.0,7.0,11.0,3.0,10
2863,2863,73,107,571550.0,135550.0,10730107,2,0,4,0,0,0,0,135550.0,571550.0,2863,1,2,2,1,3,3,4,3,2,1,3,3,0.0,0.0,0.0,0,0.0,0.0,5.0,7.0,8.0,11.0,5.0,10
2864,2864,73,108,571650.0,135550.0,10730108,2,0,4,0,0,0,0,135550.0,571650.0,2864,1,2,2,1,3,3,4,3,2,1,3,3,0.0,0.0,0.0,0,0.0,0.0,5.0,7.0,8.0,11.0,5.0,10
2865,2865,73,109,571750.0,135550.0,10730109,3,0,4,0,0,0,0,135550.0,571750.0,2865,1,1,2,1,3,3,4,3,2,1,3,3,0.0,0.0,0.0,0,0.0,0.0,5.0,7.0,9.0,11.0,6.0,10
2866,2866,73,110,571850.0,135550.0,10730110,3,0,4,0,0,0,0,135550.0,571850.0,2866,1,1,2,1,3,3,4,3,2,1,3,3,0.0,0.0,0.0,0,0.25,0.0,5.25,7.0,9.0,11.0,6.0,10
2867,2867,73,111,571950.0,135550.0,10730111,4,0,4,0,0,0,0,135550.0,571950.0,2867,1,1,2,1,3,3,4,3,2,1,3,3,0.0,0.0,0.0,0,0.75,0.0,6.75,7.0,10.0,11.0,7.0,10
2868,2868,73,112,572050.0,135550.0,10730112,4,0,4,0,0,0,0,135550.0,572050.0,2868,1,1,2,1,3,3,4,3,2,1,2,2,0.0,0.0,0.0,0,0.75,0.0,6.75,7.0,10.0,11.0,7.0,8
2869,2869,73,113,572150.0,135550.0,10730113,4,0,4,0,0,0,0,135550.0,572150.0,2869,2,1,2,1,3,3,4,3,2,1,2,2,0.0,0.0,0.0,0,0.75,0.0,7.75,7.0,10.0,11.0,7.0,8
2870,2870,74,32,564050.0,135450.0,10740032,4,0,4,0,0,0,0,135450.0,564050.0,2870,3,3,3,2,3,2,4,3,3,2,2,1,0.0,0.0,0.0,0,0.0,0.0,10.0,9.0,9.0,11.0,9.0,7
2871,2871,74,33,564150.0,135450.0,10740033,4,0,4,0,0,0,0,135450.0,564150.0,2871,3,2,3,2,3,2,4,3,3,2,2,1,0.0,0.0,0.0,0,0.0,0.0,9.0,9.0,9.0,11.0,9.0,7
2872,2872,74,34,564250.0,135450.0,10740034,4,0,4,0,0,0,0,135450.0,564250.0,2872,3,2,3,2,2,3,4,3,3,2,2,2,0.0,0.0,0.0,0,0.0,0.0,9.0,9.0,9.0,11.0,9.0,8
2873,2873,74,35,564350.0,135450.0,10740035,4,0,4,0,0,0,0,135450.0,564350.0,2873,3,2,3,2,2,3,4,3,2,2,1,2,0.0,0.0,0.0,0,0.0,0.0,9.0,9.0,9.0,11.0,8.0,7
2874,2874,74,36,564450.0,135450.0,10740036,4,0,4,0,0,0,0,135450.0,564450.0,2874,2,2,3,2,2,2,4,3,2,2,1,2,0.0,0.0,0.0,0,0.0,0.0,8.0,9.0,8.0,11.0,8.0,7
2875,2875,74,37,564550.0,135450.0,10740037,4,0,4,0,0,0,0,135450.0,564550.0,2875,2,2,3,2,3,2,4,3,2,2,1,2,0.0,0.0,0.0,0,0.0,0.0,8.0,9.0,9.0,11.0,8.0,7
2876,2876,74,38,564650.0,135450.0,10740038,3,0,4,0,0,0,0,135450.0,564650.0,2876,2,1,4,2,3,2,4,3,2,2,1,3,0.0,0.0,0.0,0,0.0,0.0,6.0,10.0,8.0,11.0,7.0,8
2877,2877,74,39,564750.0,135450.0,10740039,3,0,4,0,0,0,0,135450.0,564750.0,2877,2,1,4,2,3,2,4,3,2,2,1,3,0.0,0.0,0.0,0,0.0,0.0,6.0,10.0,8.0,11.0,7.0,8
2878,2878,74,40,564850.0,135450.0,10740040,3,0,4,0,0,0,0,135450.0,564850.0,2878,2,1,3,2,2,3,4,3,2,2,1,3,0.0,0.0,0.0,0,0.0,0.0,6.0,9.0,8.0,11.0,7.0,8
2879,2879,74,41,564950.0,135450.0,10740041,2,0,4,0,0,0,0,135450.0,564950.0,2879,2,1,3,2,2,3,4,3,1,2,0,3,0.0,0.0,0.0,0,0.0,0.0,5.0,9.0,7.0,11.0,5.0,7
2880,2880,74,42,565050.0,135450.0,10740042,2,0,4,0,0,0,0,135450.0,565050.0,2880,3,2,2,3,2,3,4,3,2,3,0,3,0.0,0.0,0.0,0,0.0,0.0,7.0,9.0,7.0,11.0,7.0,7
2881,2881,74,43,565150.0,135450.0,10740043,2,0,4,0,0,0,0,135450.0,565150.0,2881,3,2,1,3,2,3,4,3,2,3,0,3,0.0,0.0,0.0,0,0.0,0.0,7.0,8.0,7.0,11.0,7.0,7
2882,2882,74,44,565250.0,135450.0,10740044,2,0,4,0,0,0,0,135450.0,565250.0,2882,3,3,1,3,1,3,4,3,3,4,0,3,0.0,0.0,0.0,0,0.0,0.0,8.0,8.0,6.0,11.0,9.0,7
2883,2883,74,45,565350.0,135450.0,10740045,2,0,4,0,0,0,0,135450.0,565350.0,2883,3,3,1,3,1,2,4,3,3,4,0,2,0.0,0.0,0.0,0,0.0,0.0,8.0,8.0,5.0,11.0,9.0,6
2884,2884,74,46,565450.0,135450.0,10740046,2,0,3,0,0,0,0,135450.0,565450.0,2884,3,3,1,3,1,2,4,3,3,4,0,1,0.0,0.0,0.0,0,0.0,0.0,8.0,7.0,5.0,10.0,9.0,4
2885,2885,74,47,565550.0,135450.0,10740047,1,0,3,0,0,0,0,135450.0,565550.0,2885,3,4,0,3,1,2,4,3,3,3,0,1,0.0,0.0,0.0,0,0.0,0.0,8.0,6.0,4.0,10.0,7.0,4
2886,2886,74,48,565650.0,135450.0,10740048,1,0,3,0,0,0,0,135450.0,565650.0,2886,3,4,0,3,0,1,4,3,3,1,0,0,0.0,0.0,0.0,0,0.0,0.0,8.0,6.0,2.0,10.0,5.0,3
2887,2887,74,49,565750.0,135450.0,10740049,0,0,2,0,0,0,0,135450.0,565750.0,2887,3,4,0,4,0,1,4,3,2,0,0,0,0.0,0.0,0.0,0,0.0,0.0,7.0,6.0,1.0,9.0,2.0,2
2888,2888,74,50,565850.0,135450.0,10740050,0,0,2,0,0,0,0,135450.0,565850.0,2888,3,4,0,4,0,0,4,3,2,0,0,0,0.0,0.0,0.0,0,0.0,0.0,7.0,6.0,0.0,9.0,2.0,2
2889,2889,74,51,565950.0,135450.0,10740051,0,0,2,0,0,0,0,135450.0,565950.0,2889,3,4,0,4,0,0,4,3,0,0,0,0,0.0,0.0,0.0,0,0.0,0.0,7.0,6.0,0.0,9.0,0.0,2
2890,2890,74,52,566050.0,135450.0,10740052,0,0,1,0,0,0,0,135450.0,566050.0,2890,2,4,0,4,0,0,4,3,0,0,0,0,0.0,0.0,0.0,0,1.0,0.0,7.0,5.0,0.0,8.0,0.0,1
2891,2891,74,53,566150.0,135450.0,10740053,0,0,1,0,0,0,0,135450.0,566150.0,2891,0,4,0,4,0,0,4,3,0,0,0,0,0.0,0.0,0.0,0,1.0,0.0,5.0,5.0,0.0,8.0,0.0,1
2892,2892,74,54,566250.0,135450.0,10740054,0,0,1,0,0,0,0,135450.0,566250.0,2892,0,1,0,4,0,0,0,3,0,0,0,0,0.0,0.0,0.0,0,1.75,0.0,2.75,5.0,0.0,4.0,0.0,1
2893,2893,74,55,566350.0,135450.0,10740055,0,0,1,0,0,0,0,135450.0,566350.0,2893,0,0,0,4,0,0,0,3,0,0,0,0,0.0,0.0,0.0,0,2.25,0.0,2.25,5.0,0.0,4.0,0.0,1
2894,2894,74,56,566450.0,135450.0,10740056,0,0,1,0,0,0,0,135450.0,566450.0,2894,0,0,0,3,0,0,0,4,0,0,0,0,0.0,0.0,0.0,0,2.25,0.75,2.25,4.75,0.0,5.0,0.0,1
2895,2895,74,57,566550.0,135450.0,10740057,0,0,1,0,0,0,0,135450.0,566550.0,2895,0,0,0,4,0,0,0,4,1,0,0,1,0.0,0.0,0.0,0,2.5,1.5,2.5,6.5,0.0,5.0,1.0,2
2896,2896,74,58,566650.0,135450.0,10740058,0,0,2,0,0,0,0,135450.0,566650.0,2896,0,1,0,4,0,0,0,4,3,0,0,3,0.0,0.0,0.0,0,2.5,0.25,3.5,6.25,0.0,6.0,3.0,5
2897,2897,74,59,566750.0,135450.0,10740059,0,1,2,0,0,0,0,135450.0,566750.0,2897,0,1,0,4,0,0,0,3,4,0,0,4,0.0,0.0,0.0,0,2.5,0.25,4.5,6.25,1.0,5.0,5.0,6
2898,2898,74,60,566850.0,135450.0,10740060,0,2,2,0,0,0,0,135450.0,566850.0,2898,1,0,0,3,0,0,0,0,4,0,0,4,0.0,0.0,0.0,0,2.5,0.75,5.5,5.75,2.0,2.0,6.0,6
2899,2899,74,61,566950.0,135450.0,10740061,0,2,2,0,0,0,0,135450.0,566950.0,2899,2,0,0,3,0,0,0,0,4,0,0,4,0.0,0.0,0.0,0,2.5,0.75,6.5,5.75,2.0,2.0,6.0,6
2900,2900,74,62,567050.0,135450.0,10740062,1,2,2,0,0,0,0,135450.0,567050.0,2900,3,0,3,0,0,0,0,0,4,0,0,4,0.0,0.0,0.0,0,2.5,2.5,8.5,7.5,3.0,2.0,7.0,6
2901,2901,74,63,567150.0,135450.0,10740063,1,2,1,0,0,0,0,135450.0,567150.0,2901,3,0,4,0,0,0,0,0,4,0,0,4,0.0,0.0,0.0,0,2.5,2.5,8.5,7.5,3.0,1.0,7.0,5
2902,2902,74,64,567250.0,135450.0,10740064,1,2,1,0,0,0,0,135450.0,567250.0,2902,4,0,4,0,0,0,0,0,4,0,1,4,0.0,0.0,0.0,0,2.5,2.5,9.5,7.5,3.0,1.0,7.0,6
2903,2903,74,65,567350.0,135450.0,10740065,1,2,2,0,0,0,0,135450.0,567350.0,2903,4,0,4,0,0,0,0,0,4,0,1,4,0.0,0.0,0.0,0,2.5,2.5,9.5,8.5,3.0,2.0,7.0,7
2904,2904,74,66,567450.0,135450.0,10740066,1,2,1,0,0,0,0,135450.0,567450.0,2904,4,0,4,0,0,0,0,0,4,0,2,4,0.0,0.0,0.0,0,2.5,2.5,9.5,7.5,3.0,1.0,7.0,7
2905,2905,74,67,567550.0,135450.0,10740067,1,1,1,0,0,0,0,135450.0,567550.0,2905,4,0,4,0,0,1,0,0,4,0,3,3,0.0,0.0,0.0,0,2.5,2.5,8.5,7.5,3.0,1.0,6.0,7
2906,2906,74,68,567650.0,135450.0,10740068,1,0,0,0,0,0,0,135450.0,567650.0,2906,4,0,4,0,0,1,0,4,3,0,3,3,0.0,0.0,0.0,0,2.5,2.5,7.5,6.5,2.0,4.0,4.0,6
2907,2907,74,69,567750.0,135450.0,10740069,1,0,0,0,0,0,0,135450.0,567750.0,2907,4,0,4,0,0,1,0,4,2,1,3,2,0.0,0.0,0.0,0,2.5,2.5,7.5,6.5,2.0,4.0,4.0,5
2908,2908,74,70,567850.0,135450.0,10740070,0,0,0,0,0,0,0,135450.0,567850.0,2908,4,0,4,0,0,1,0,4,0,0,3,1,0.0,0.0,0.0,0,2.5,2.5,6.5,6.5,1.0,4.0,0.0,4
2909,2909,74,71,567950.0,135450.0,10740071,0,0,1,1,0,0,0,135450.0,567950.0,2909,4,0,4,0,0,1,0,3,0,0,3,0,0.0,0.0,0.0,0,2.5,2.5,6.5,8.5,1.0,5.0,0.0,5
2910,2910,74,72,568050.0,135450.0,10740072,0,0,1,1,0,0,0,135450.0,568050.0,2910,4,0,4,0,1,1,0,3,0,0,3,0,0.0,0.0,0.0,0,2.5,2.5,6.5,8.5,2.0,5.0,0.0,5
2911,2911,74,73,568150.0,135450.0,10740073,1,0,2,1,0,0,0,135450.0,568150.0,2911,4,0,4,0,1,2,4,3,0,0,3,0,0.0,0.0,0.0,0,2.5,2.5,7.5,9.5,4.0,10.0,1.0,6
2912,2912,74,74,568250.0,135450.0,10740074,1,0,2,1,0,0,0,135450.0,568250.0,2912,4,0,4,0,1,2,4,3,1,1,3,0,0.0,0.0,0.0,0,2.5,2.5,7.5,9.5,4.0,10.0,3.0,6
2913,2913,74,75,568350.0,135450.0,10740075,0,0,3,0,0,0,0,135450.0,568350.0,2913,4,0,4,0,1,2,4,3,0,0,4,0,0.0,0.0,0.0,0,2.5,2.5,6.5,9.5,3.0,10.0,0.0,7
2914,2914,74,76,568450.0,135450.0,10740076,0,0,2,0,0,0,0,135450.0,568450.0,2914,4,0,4,0,1,2,4,3,0,0,4,0,0.0,0.0,0.0,0,2.5,2.5,6.5,8.5,3.0,9.0,0.0,6
2915,2915,74,77,568550.0,135450.0,10740077,0,0,2,0,0,0,0,135450.0,568550.0,2915,4,0,4,0,1,2,4,3,0,0,4,0,0.0,0.0,0.0,0,2.5,2.5,6.5,8.5,3.0,9.0,0.0,6
2916,2916,74,78,568650.0,135450.0,10740078,1,0,2,0,0,0,0,135450.0,568650.0,2916,4,0,3,0,0,1,4,3,0,0,4,0,0.0,0.0,0.0,0,2.5,2.5,7.5,7.5,2.0,9.0,1.0,6
2917,2917,74,79,568750.0,135450.0,10740079,1,0,1,0,0,0,0,135450.0,568750.0,2917,3,0,0,0,0,1,4,3,0,0,4,0,0.0,0.0,0.0,0,2.5,2.5,6.5,3.5,2.0,8.0,1.0,5
2918,2918,74,80,568850.0,135450.0,10740080,1,0,1,0,0,0,0,135450.0,568850.0,2918,2,0,0,0,0,1,4,3,0,0,4,0,0.0,0.0,0.0,0,2.5,2.5,5.5,3.5,2.0,8.0,1.0,5
2919,2919,74,81,568950.0,135450.0,10740081,0,0,0,0,0,0,0,135450.0,568950.0,2919,0,0,0,0,0,2,4,3,0,0,4,0,0.0,0.0,0.0,0,2.5,2.5,2.5,2.5,2.0,7.0,0.0,4
2920,2920,74,82,569050.0,135450.0,10740082,0,0,0,0,0,0,0,135450.0,569050.0,2920,0,0,0,0,0,2,4,3,0,0,4,0,0.0,0.0,0.0,0,2.5,2.5,2.5,2.5,2.0,7.0,0.0,4
2921,2921,74,83,569150.0,135450.0,10740083,0,0,0,0,0,0,0,135450.0,569150.0,2921,0,0,0,0,1,2,4,3,1,3,4,0,0.0,0.0,0.0,0,2.5,2.5,2.5,2.5,3.0,7.0,4.0,4
2922,2922,74,84,569250.0,135450.0,10740084,1,0,1,0,0,0,0,135450.0,569250.0,2922,0,0,0,0,1,4,4,3,1,3,4,0,0.0,0.0,0.0,0,2.5,2.5,3.5,3.5,6.0,8.0,5.0,5
2923,2923,74,85,569350.0,135450.0,10740085,1,0,1,0,0,0,0,135450.0,569350.0,2923,0,0,0,0,1,4,4,3,1,2,4,0,0.0,0.0,0.0,0,2.5,2.5,3.5,3.5,6.0,8.0,4.0,5
2924,2924,74,86,569450.0,135450.0,10740086,1,0,1,0,0,0,0,135450.0,569450.0,2924,0,0,0,0,1,4,4,3,1,1,4,0,0.0,0.0,0.0,0,2.5,2.5,3.5,3.5,6.0,8.0,3.0,5
2925,2925,74,87,569550.0,135450.0,10740087,1,0,2,0,0,0,0,135450.0,569550.0,2925,0,0,0,1,2,4,4,3,1,0,4,0,0.0,0.0,0.0,0,2.5,2.5,3.5,5.5,7.0,9.0,2.0,6
2926,2926,74,88,569650.0,135450.0,10740088,1,0,2,0,0,0,0,135450.0,569650.0,2926,0,0,0,1,2,4,4,3,1,0,4,0,0.0,0.0,0.0,0,2.5,2.5,3.5,5.5,7.0,9.0,2.0,6
2927,2927,74,89,569750.0,135450.0,10740089,0,0,3,0,0,0,0,135450.0,569750.0,2927,0,0,0,1,2,4,4,3,1,0,4,0,0.0,0.0,0.0,0,2.5,0.0,2.5,4.0,6.0,10.0,1.0,7
2928,2928,74,90,569850.0,135450.0,10740090,0,0,3,0,0,0,0,135450.0,569850.0,2928,0,1,0,0,2,4,4,3,0,0,4,0,0.0,0.0,0.0,0,2.5,0.0,3.5,3.0,6.0,10.0,0.0,7
2929,2929,74,91,569950.0,135450.0,10740091,0,0,4,0,0,0,0,135450.0,569950.0,2929,0,1,1,0,2,4,4,3,0,0,4,0,0.0,0.0,0.0,0,2.5,0.0,3.5,5.0,6.0,11.0,0.0,8
2930,2930,74,92,570050.0,135450.0,10740092,0,0,4,0,0,0,0,135450.0,570050.0,2930,0,2,1,0,3,4,4,3,0,0,4,1,0.0,0.0,0.0,0,0.0,0.0,2.0,5.0,7.0,11.0,0.0,9
2931,2931,74,93,570150.0,135450.0,10740093,1,0,4,0,0,0,0,135450.0,570150.0,2931,2,4,1,0,3,4,4,3,0,0,4,1,0.0,0.0,0.0,0,0.0,0.0,7.0,5.0,8.0,11.0,1.0,9
2932,2932,74,94,570250.0,135450.0,10740094,1,0,4,0,0,0,0,135450.0,570250.0,2932,3,4,1,0,3,3,4,3,0,0,4,1,0.0,0.0,0.0,0,0.0,0.0,8.0,5.0,7.0,11.0,1.0,9
2933,2933,74,95,570350.0,135450.0,10740095,2,0,4,0,0,0,0,135450.0,570350.0,2933,3,4,1,0,3,3,4,3,0,0,4,2,0.0,0.0,0.0,0,0.0,0.0,9.0,5.0,8.0,11.0,2.0,10
2934,2934,74,96,570450.0,135450.0,10740096,2,0,4,0,0,0,0,135450.0,570450.0,2934,3,3,2,0,3,3,4,3,1,0,4,2,0.0,0.0,0.0,0,0.0,0.0,8.0,6.0,8.0,11.0,3.0,10
2935,2935,74,97,570550.0,135450.0,10740097,3,0,4,0,0,0,0,135450.0,570550.0,2935,3,3,2,0,3,3,4,3,1,0,3,3,0.0,0.0,0.0,0,0.0,0.0,9.0,6.0,9.0,11.0,4.0,10
2936,2936,74,98,570650.0,135450.0,10740098,3,0,4,0,0,0,0,135450.0,570650.0,2936,3,3,2,0,3,3,4,3,1,0,3,3,0.0,0.0,0.0,0,0.0,0.0,9.0,6.0,9.0,11.0,4.0,10
2937,2937,74,99,570750.0,135450.0,10740099,2,0,4,0,0,0,0,135450.0,570750.0,2937,3,4,2,0,3,3,4,3,1,0,3,3,0.0,0.0,0.0,0,0.0,0.0,9.0,6.0,8.0,11.0,3.0,10
2938,2938,74,100,570850.0,135450.0,10740100,2,0,4,0,0,0,0,135450.0,570850.0,2938,3,4,2,0,3,3,4,3,1,0,3,3,0.0,0.0,0.0,0,0.0,0.0,9.0,6.0,8.0,11.0,3.0,10
2939,2939,74,101,570950.0,135450.0,10740101,1,0,4,0,0,0,0,135450.0,570950.0,2939,2,4,2,1,3,3,4,3,1,0,3,3,0.0,0.0,0.0,0,0.0,0.0,7.0,7.0,7.0,11.0,2.0,10
2940,2940,74,102,571050.0,135450.0,10740102,1,0,4,0,0,0,0,135450.0,571050.0,2940,2,4,2,1,3,3,4,3,1,0,3,3,0.0,0.0,0.0,0,0.0,0.0,7.0,7.0,7.0,11.0,2.0,10
2941,2941,74,103,571150.0,135450.0,10740103,1,0,4,0,0,0,0,135450.0,571150.0,2941,1,4,2,1,3,3,4,3,1,0,3,3,0.0,0.0,0.0,0,0.0,0.0,6.0,7.0,7.0,11.0,2.0,10
2942,2942,74,104,571250.0,135450.0,10740104,1,0,4,0,0,0,0,135450.0,571250.0,2942,0,3,2,1,3,3,4,3,1,0,3,3,0.0,0.0,0.0,0,0.0,0.0,4.0,7.0,7.0,11.0,2.0,10
2943,2943,74,105,571350.0,135450.0,10740105,1,0,4,0,0,0,0,135450.0,571350.0,2943,0,3,2,1,3,3,4,3,1,0,3,3,0.0,0.0,0.0,0,0.0,0.0,4.0,7.0,7.0,11.0,2.0,10
2944,2944,74,106,571450.0,135450.0,10740106,2,0,4,0,0,0,0,135450.0,571450.0,2944,0,2,2,1,3,3,4,3,1,0,3,3,0.0,0.0,0.0,0,0.0,0.0,4.0,7.0,8.0,11.0,3.0,10
2945,2945,74,107,571550.0,135450.0,10740107,2,0,4,0,0,0,0,135450.0,571550.0,2945,1,2,2,1,3,3,4,3,1,0,3,3,0.0,0.0,0.0,0,0.0,0.0,5.0,7.0,8.0,11.0,3.0,10
2946,2946,74,108,571650.0,135450.0,10740108,2,0,4,0,0,0,0,135450.0,571650.0,2946,1,2,2,1,3,3,4,3,2,0,3,3,0.0,0.0,0.0,0,0.0,0.0,5.0,7.0,8.0,11.0,4.0,10
2947,2947,74,109,571750.0,135450.0,10740109,3,0,4,0,0,0,0,135450.0,571750.0,2947,1,1,2,1,3,3,4,3,2,1,3,3,0.0,0.0,0.0,0,0.0,0.0,5.0,7.0,9.0,11.0,6.0,10
2948,2948,74,110,571850.0,135450.0,10740110,3,0,4,0,0,0,0,135450.0,571850.0,2948,1,1,2,1,3,3,4,3,2,1,3,3,0.0,0.0,0.0,0,0.0,0.0,5.0,7.0,9.0,11.0,6.0,10
2949,2949,74,111,571950.0,135450.0,10740111,4,0,4,0,0,0,0,135450.0,571950.0,2949,1,1,2,1,3,3,4,3,2,1,3,2,0.0,0.0,0.0,0,0.25,0.0,6.25,7.0,10.0,11.0,7.0,9
2950,2950,74,112,572050.0,135450.0,10740112,4,0,4,0,0,0,0,135450.0,572050.0,2950,1,1,2,1,3,3,4,3,2,1,2,2,0.0,0.0,0.0,0,0.25,0.0,6.25,7.0,10.0,11.0,7.0,8
2951,2951,74,113,572150.0,135450.0,10740113,4,0,4,0,0,0,0,135450.0,572150.0,2951,2,2,2,1,3,3,4,3,2,1,2,2,0.0,0.0,0.0,0,0.75,0.0,8.75,7.0,10.0,11.0,7.0,8
2952,2952,75,32,564050.0,135350.0,10750032,4,0,4,0,0,0,0,135350.0,564050.0,2952,3,3,3,2,3,2,4,3,3,2,2,1,0.0,0.0,0.0,0,0.0,0.0,10.0,9.0,9.0,11.0,9.0,7
2953,2953,75,33,564150.0,135350.0,10750033,4,0,4,0,0,0,0,135350.0,564150.0,2953,3,2,3,2,3,3,4,3,3,2,2,1,0.0,0.0,0.0,0,0.0,0.0,9.0,9.0,10.0,11.0,9.0,7
2954,2954,75,34,564250.0,135350.0,10750034,4,0,4,0,0,0,0,135350.0,564250.0,2954,3,2,3,2,2,3,4,3,3,2,2,1,0.0,0.0,0.0,0,0.0,0.0,9.0,9.0,9.0,11.0,9.0,7
2955,2955,75,35,564350.0,135350.0,10750035,4,0,4,0,0,0,0,135350.0,564350.0,2955,3,2,3,2,2,3,4,3,2,2,1,2,0.0,0.0,0.0,0,0.0,0.0,9.0,9.0,9.0,11.0,8.0,7
2956,2956,75,36,564450.0,135350.0,10750036,4,0,4,0,0,0,0,135350.0,564450.0,2956,2,2,3,2,2,2,4,3,2,2,1,2,0.0,0.0,0.0,0,0.0,0.0,8.0,9.0,8.0,11.0,8.0,7
2957,2957,75,37,564550.0,135350.0,10750037,4,0,4,0,0,0,0,135350.0,564550.0,2957,2,2,3,2,3,2,4,3,2,2,1,2,0.0,0.0,0.0,0,0.0,0.0,8.0,9.0,9.0,11.0,8.0,7
2958,2958,75,38,564650.0,135350.0,10750038,3,0,4,0,0,0,0,135350.0,564650.0,2958,2,1,4,2,3,2,4,3,2,2,1,3,0.0,0.0,0.0,0,0.0,0.0,6.0,10.0,8.0,11.0,7.0,8
2959,2959,75,39,564750.0,135350.0,10750039,3,0,4,0,0,0,0,135350.0,564750.0,2959,2,1,3,2,3,2,4,3,2,2,1,3,0.0,0.0,0.0,0,0.0,0.0,6.0,9.0,8.0,11.0,7.0,8
2960,2960,75,40,564850.0,135350.0,10750040,2,0,4,0,0,0,0,135350.0,564850.0,2960,2,1,3,2,2,3,4,3,1,2,1,3,0.0,0.0,0.0,0,0.0,0.0,5.0,9.0,7.0,11.0,5.0,8
2961,2961,75,41,564950.0,135350.0,10750041,2,0,4,0,0,0,0,135350.0,564950.0,2961,2,1,3,3,2,3,4,3,1,2,0,3,0.0,0.0,0.0,0,0.0,0.0,5.0,10.0,7.0,11.0,5.0,7
2962,2962,75,42,565050.0,135350.0,10750042,2,0,4,0,0,0,0,135350.0,565050.0,2962,2,2,2,3,2,3,4,3,1,3,0,3,0.0,0.0,0.0,0,0.0,0.0,6.0,9.0,7.0,11.0,6.0,7
2963,2963,75,43,565150.0,135350.0,10750043,1,0,4,0,0,0,0,135350.0,565150.0,2963,3,2,1,3,2,3,4,3,1,3,0,3,0.0,0.0,0.0,0,0.0,0.0,6.0,8.0,6.0,11.0,5.0,7
2964,2964,75,44,565250.0,135350.0,10750044,1,0,4,0,0,0,0,135350.0,565250.0,2964,3,3,1,3,1,3,4,3,2,4,0,3,0.0,0.0,0.0,0,0.0,0.0,7.0,8.0,5.0,11.0,7.0,7
2965,2965,75,45,565350.0,135350.0,10750045,1,0,4,0,0,0,0,135350.0,565350.0,2965,3,3,1,3,1,2,4,3,3,4,0,2,0.0,0.0,0.0,0,0.0,0.0,7.0,8.0,4.0,11.0,8.0,6
2966,2966,75,46,565450.0,135350.0,10750046,1,0,3,0,0,0,0,135350.0,565450.0,2966,3,3,1,3,1,2,4,3,3,4,0,2,0.0,0.0,0.0,0,0.0,0.0,7.0,7.0,4.0,10.0,8.0,5
2967,2967,75,47,565550.0,135350.0,10750047,1,0,3,0,0,0,0,135350.0,565550.0,2967,3,4,0,3,1,2,4,3,3,3,0,1,0.0,0.0,0.0,0,0.0,0.0,8.0,6.0,4.0,10.0,7.0,4
2968,2968,75,48,565650.0,135350.0,10750048,1,0,2,0,0,0,0,135350.0,565650.0,2968,3,4,0,3,0,1,4,3,3,2,0,0,0.0,0.0,0.0,0,0.0,0.0,8.0,5.0,2.0,9.0,6.0,2
2969,2969,75,49,565750.0,135350.0,10750049,0,0,2,0,0,0,0,135350.0,565750.0,2969,3,4,0,4,0,0,4,3,2,0,0,0,0.0,0.0,0.0,0,0.0,0.0,7.0,6.0,0.0,9.0,2.0,2
2970,2970,75,50,565850.0,135350.0,10750050,0,0,2,0,0,0,0,135350.0,565850.0,2970,3,4,0,4,0,0,4,3,1,0,0,0,0.0,0.0,0.0,0,0.0,0.0,7.0,6.0,0.0,9.0,1.0,2
2971,2971,75,51,565950.0,135350.0,10750051,0,0,1,0,0,0,0,135350.0,565950.0,2971,3,4,0,4,0,0,4,3,0,0,0,0,0.0,0.0,0.0,0,0.0,0.0,7.0,5.0,0.0,8.0,0.0,1
2972,2972,75,52,566050.0,135350.0,10750052,0,0,1,0,0,0,0,135350.0,566050.0,2972,2,4,0,4,0,0,4,3,0,0,0,0,0.0,0.0,0.0,0,0.0,0.0,6.0,5.0,0.0,8.0,0.0,1
2973,2973,75,53,566150.0,135350.0,10750053,1,0,1,0,0,0,0,135350.0,566150.0,2973,1,4,0,4,0,0,4,3,0,0,0,0,0.0,0.0,0.0,0,1.0,0.0,7.0,5.0,1.0,8.0,1.0,1
2974,2974,75,54,566250.0,135350.0,10750054,1,0,1,0,0,0,0,135350.0,566250.0,2974,0,1,0,4,0,0,4,3,0,0,0,0,0.0,0.0,0.0,0,1.75,0.0,3.75,5.0,1.0,8.0,1.0,1
2975,2975,75,55,566350.0,135350.0,10750055,0,0,1,0,0,0,0,135350.0,566350.0,2975,0,0,0,4,0,0,0,3,0,0,0,0,0.0,0.0,0.0,0,2.5,0.0,2.5,5.0,0.0,4.0,0.0,1
2976,2976,75,56,566450.0,135350.0,10750056,0,0,1,0,0,0,0,135350.0,566450.0,2976,0,0,0,4,0,0,0,3,1,0,0,1,0.0,0.0,0.0,0,2.5,0.0,2.5,5.0,0.0,4.0,1.0,2
2977,2977,75,57,566550.0,135350.0,10750057,0,0,2,0,0,0,0,135350.0,566550.0,2977,0,0,0,4,0,0,0,4,3,0,0,2,0.0,0.0,0.0,0,2.5,0.25,2.5,6.25,0.0,6.0,3.0,4
2978,2978,75,58,566650.0,135350.0,10750058,0,1,2,0,0,0,0,135350.0,566650.0,2978,0,0,0,4,0,0,0,4,3,0,0,3,0.0,0.0,0.0,0,2.5,0.0,3.5,6.0,1.0,6.0,4.0,5
2979,2979,75,59,566750.0,135350.0,10750059,0,2,2,0,0,0,0,135350.0,566750.0,2979,0,0,0,4,0,0,0,4,4,0,0,4,0.0,0.0,0.0,0,2.5,0.0,4.5,6.0,2.0,6.0,6.0,6
2980,2980,75,60,566850.0,135350.0,10750060,0,3,2,0,0,0,0,135350.0,566850.0,2980,0,0,0,3,0,0,0,3,4,0,0,4,0.0,0.0,0.0,0,2.5,0.25,5.5,5.25,3.0,5.0,7.0,6
2981,2981,75,61,566950.0,135350.0,10750061,0,4,2,0,0,0,0,135350.0,566950.0,2981,1,0,1,3,0,0,0,0,4,0,0,4,0.0,0.0,0.0,0,2.5,0.75,7.5,6.75,4.0,2.0,8.0,6
2982,2982,75,62,567050.0,135350.0,10750062,0,2,2,0,0,0,0,135350.0,567050.0,2982,2,0,4,0,0,0,0,0,4,0,0,4,0.0,0.0,0.0,0,2.5,2.5,6.5,8.5,2.0,2.0,6.0,6
2983,2983,75,63,567150.0,135350.0,10750063,0,1,2,0,0,0,0,135350.0,567150.0,2983,3,0,4,0,0,0,0,0,4,0,1,4,0.0,0.0,0.0,0,2.5,2.5,6.5,8.5,1.0,2.0,5.0,7
2984,2984,75,64,567250.0,135350.0,10750064,1,1,2,0,0,0,0,135350.0,567250.0,2984,3,0,4,0,0,0,0,0,4,0,1,4,0.0,0.0,0.0,0,2.5,2.5,7.5,8.5,2.0,2.0,6.0,7
2985,2985,75,65,567350.0,135350.0,10750065,1,1,2,0,0,0,0,135350.0,567350.0,2985,3,0,4,0,0,0,0,0,4,0,2,4,0.0,0.0,0.0,0,2.5,2.5,7.5,8.5,2.0,2.0,6.0,8
2986,2986,75,66,567450.0,135350.0,10750066,1,1,1,0,0,0,0,135350.0,567450.0,2986,4,0,4,0,0,0,0,3,4,0,2,4,0.0,0.0,0.0,0,2.5,2.5,8.5,7.5,2.0,4.0,6.0,7
2987,2987,75,67,567550.0,135350.0,10750067,1,0,1,0,0,0,0,135350.0,567550.0,2987,4,0,4,0,0,0,0,4,4,0,3,3,0.0,0.0,0.0,0,2.5,2.5,7.5,7.5,1.0,5.0,5.0,7
2988,2988,75,68,567650.0,135350.0,10750068,1,1,1,0,0,0,0,135350.0,567650.0,2988,4,0,4,0,0,1,0,4,4,0,3,3,0.0,0.0,0.0,0,2.5,2.5,8.5,7.5,3.0,5.0,6.0,7
2989,2989,75,69,567750.0,135350.0,10750069,0,1,1,0,0,0,0,135350.0,567750.0,2989,4,0,4,0,0,1,0,4,3,0,3,2,0.0,0.0,0.0,0,2.5,2.5,7.5,7.5,2.0,5.0,4.0,6
2990,2990,75,70,567850.0,135350.0,10750070,0,1,1,0,0,0,0,135350.0,567850.0,2990,4,0,4,0,0,1,0,4,1,0,3,1,0.0,0.0,0.0,0,2.5,2.5,7.5,7.5,2.0,5.0,2.0,5
2991,2991,75,71,567950.0,135350.0,10750071,0,0,1,0,0,0,0,135350.0,567950.0,2991,3,0,4,0,0,1,0,3,0,0,3,0,0.0,0.0,0.0,0,2.5,2.5,5.5,7.5,1.0,4.0,0.0,4
2992,2992,75,72,568050.0,135350.0,10750072,0,0,1,0,0,0,0,135350.0,568050.0,2992,4,0,4,0,0,1,4,3,0,0,3,0,0.0,0.0,0.0,0,2.5,2.5,6.5,7.5,1.0,8.0,0.0,4
2993,2993,75,73,568150.0,135350.0,10750073,1,0,2,0,0,0,0,135350.0,568150.0,2993,4,0,4,0,1,2,4,3,2,0,3,0,0.0,0.0,0.0,0,2.5,2.5,7.5,8.5,4.0,9.0,3.0,5
2994,2994,75,74,568250.0,135350.0,10750074,1,0,2,0,0,0,0,135350.0,568250.0,2994,4,0,4,0,1,2,4,3,1,0,4,0,0.0,0.0,0.0,0,2.5,2.5,7.5,8.5,4.0,9.0,2.0,6
2995,2995,75,75,568350.0,135350.0,10750075,0,0,3,0,0,0,0,135350.0,568350.0,2995,4,0,4,0,1,2,4,3,0,0,4,0,0.0,0.0,0.0,0,2.5,2.5,6.5,9.5,3.0,10.0,0.0,7
2996,2996,75,76,568450.0,135350.0,10750076,0,0,3,0,0,0,0,135350.0,568450.0,2996,3,0,4,0,1,2,4,3,0,0,4,0,0.0,0.0,0.0,0,2.5,2.5,5.5,9.5,3.0,10.0,0.0,7
2997,2997,75,77,568550.0,135350.0,10750077,0,0,2,0,0,0,0,135350.0,568550.0,2997,3,0,4,0,1,2,4,3,0,0,4,0,0.0,0.0,0.0,0,2.5,2.5,5.5,8.5,3.0,9.0,0.0,6
2998,2998,75,78,568650.0,135350.0,10750078,0,0,2,0,0,0,0,135350.0,568650.0,2998,3,0,4,0,1,2,4,3,0,0,4,0,0.0,0.0,0.0,0,2.5,2.5,5.5,8.5,3.0,9.0,0.0,6
2999,2999,75,79,568750.0,135350.0,10750079,1,0,1,0,0,0,0,135350.0,568750.0,2999,2,0,1,0,1,2,4,3,0,0,4,0,0.0,0.0,0.0,0,2.5,2.5,5.5,4.5,4.0,8.0,1.0,5
3000,3000,75,80,568850.0,135350.0,10750080,1,0,1,0,0,0,0,135350.0,568850.0,3000,0,0,0,0,1,2,4,3,0,0,4,0,0.0,0.0,0.0,0,2.5,2.5,3.5,3.5,4.0,8.0,1.0,5
3001,3001,75,81,568950.0,135350.0,10750081,0,0,0,0,0,0,0,135350.0,568950.0,3001,0,0,0,0,1,2,4,3,0,0,4,0,0.0,0.0,0.0,0,2.5,2.5,2.5,2.5,3.0,7.0,0.0,4
3002,3002,75,82,569050.0,135350.0,10750082,0,0,0,0,0,0,0,135350.0,569050.0,3002,0,0,0,0,1,2,4,3,0,0,4,0,0.0,0.0,0.0,0,2.5,2.5,2.5,2.5,3.0,7.0,0.0,4
3003,3003,75,83,569150.0,135350.0,10750083,0,0,0,0,0,0,0,135350.0,569150.0,3003,0,0,0,0,1,3,4,3,0,2,4,0,0.0,0.0,0.0,0,2.5,2.5,2.5,2.5,4.0,7.0,2.0,4
3004,3004,75,84,569250.0,135350.0,10750084,0,0,0,0,0,0,0,135350.0,569250.0,3004,0,0,0,0,1,4,4,3,1,3,4,0,0.0,0.0,0.0,0,2.5,2.5,2.5,2.5,5.0,7.0,4.0,4
3005,3005,75,85,569350.0,135350.0,10750085,1,0,1,0,0,0,0,135350.0,569350.0,3005,0,0,0,0,1,4,4,3,1,2,4,0,0.0,0.0,0.0,0,2.5,2.5,3.5,3.5,6.0,8.0,4.0,5
3006,3006,75,86,569450.0,135350.0,10750086,1,0,1,0,0,0,0,135350.0,569450.0,3006,0,0,0,1,2,4,4,3,1,1,4,0,0.0,0.0,0.0,0,2.5,2.5,3.5,4.5,7.0,8.0,3.0,5
3007,3007,75,87,569550.0,135350.0,10750087,1,0,2,0,0,0,0,135350.0,569550.0,3007,0,0,0,2,2,4,4,3,1,1,4,0,0.0,0.0,0.0,0,2.5,1.5,3.5,5.5,7.0,9.0,3.0,6
3008,3008,75,88,569650.0,135350.0,10750088,1,0,2,0,0,0,0,135350.0,569650.0,3008,0,0,0,1,2,4,4,3,1,0,4,0,0.0,0.0,0.0,0,2.5,0.0,3.5,3.0,7.0,9.0,2.0,6
3009,3009,75,89,569750.0,135350.0,10750089,0,0,3,0,0,0,0,135350.0,569750.0,3009,0,1,0,1,2,4,4,3,0,0,4,0,0.0,0.0,0.0,0,2.5,0.0,3.5,4.0,6.0,10.0,0.0,7
3010,3010,75,90,569850.0,135350.0,10750090,0,0,3,0,0,0,0,135350.0,569850.0,3010,0,2,0,0,2,4,4,3,0,0,4,0,0.0,0.0,0.0,0,2.5,0.0,4.5,3.0,6.0,10.0,0.0,7
3011,3011,75,91,569950.0,135350.0,10750091,0,0,4,0,0,0,0,135350.0,569950.0,3011,0,3,1,0,2,4,4,3,0,0,4,0,0.0,0.0,0.0,0,2.0,0.0,5.0,5.0,6.0,11.0,0.0,8
3012,3012,75,92,570050.0,135350.0,10750092,0,0,4,0,0,0,0,135350.0,570050.0,3012,0,4,1,0,3,4,4,3,0,0,4,0,0.0,0.0,0.0,0,0.0,0.0,4.0,5.0,7.0,11.0,0.0,8
3013,3013,75,93,570150.0,135350.0,10750093,1,0,4,0,0,0,0,135350.0,570150.0,3013,2,4,1,0,3,3,4,3,0,0,4,1,0.0,0.0,0.0,0,0.0,0.0,7.0,5.0,7.0,11.0,1.0,9
3014,3014,75,94,570250.0,135350.0,10750094,1,0,4,0,0,0,0,135350.0,570250.0,3014,3,4,1,0,3,3,4,3,0,0,4,1,0.0,0.0,0.0,0,0.0,0.0,8.0,5.0,7.0,11.0,1.0,9
3015,3015,75,95,570350.0,135350.0,10750095,2,0,4,0,0,0,0,135350.0,570350.0,3015,3,4,1,0,3,3,4,3,0,0,4,1,0.0,0.0,0.0,0,0.0,0.0,9.0,5.0,8.0,11.0,2.0,9
3016,3016,75,96,570450.0,135350.0,10750096,2,0,4,0,0,0,0,135350.0,570450.0,3016,3,4,2,0,3,3,4,3,1,0,4,1,0.0,0.0,0.0,0,0.0,0.0,9.0,6.0,8.0,11.0,3.0,9
3017,3017,75,97,570550.0,135350.0,10750097,2,0,4,0,0,0,0,135350.0,570550.0,3017,3,3,2,0,3,3,4,3,1,0,4,2,0.0,0.0,0.0,0,0.0,0.0,8.0,6.0,8.0,11.0,3.0,10
3018,3018,75,98,570650.0,135350.0,10750098,3,0,4,0,0,0,0,135350.0,570650.0,3018,3,3,2,0,3,3,4,3,1,0,3,3,0.0,0.0,0.0,0,0.0,0.0,9.0,6.0,9.0,11.0,4.0,10
3019,3019,75,99,570750.0,135350.0,10750099,2,0,4,0,0,0,0,135350.0,570750.0,3019,3,4,2,0,3,3,4,3,1,0,3,3,0.0,0.0,0.0,0,0.0,0.0,9.0,6.0,8.0,11.0,3.0,10
3020,3020,75,100,570850.0,135350.0,10750100,2,0,4,0,0,0,0,135350.0,570850.0,3020,3,4,2,0,3,3,4,3,1,0,3,3,0.0,0.0,0.0,0,0.0,0.0,9.0,6.0,8.0,11.0,3.0,10
3021,3021,75,101,570950.0,135350.0,10750101,2,0,4,0,0,0,0,135350.0,570950.0,3021,2,4,2,1,3,3,4,3,1,0,3,3,0.0,0.0,0.0,0,0.0,0.0,8.0,7.0,8.0,11.0,3.0,10
3022,3022,75,102,571050.0,135350.0,10750102,1,0,4,0,0,0,0,135350.0,571050.0,3022,1,4,2,1,3,3,4,3,1,0,3,3,0.0,0.0,0.0,0,0.0,0.0,6.0,7.0,7.0,11.0,2.0,10
3023,3023,75,103,571150.0,135350.0,10750103,1,0,4,0,0,0,0,135350.0,571150.0,3023,1,4,2,1,3,3,4,3,1,0,3,3,0.0,0.0,0.0,0,0.0,0.0,6.0,7.0,7.0,11.0,2.0,10
3024,3024,75,104,571250.0,135350.0,10750104,1,0,4,0,0,0,0,135350.0,571250.0,3024,0,3,2,1,3,3,4,3,1,0,3,3,0.0,0.0,0.0,0,0.0,0.0,4.0,7.0,7.0,11.0,2.0,10
3025,3025,75,105,571350.0,135350.0,10750105,1,0,4,0,0,0,0,135350.0,571350.0,3025,0,3,2,1,3,3,4,3,1,0,3,3,0.0,0.0,0.0,0,0.0,0.0,4.0,7.0,7.0,11.0,2.0,10
3026,3026,75,106,571450.0,135350.0,10750106,2,0,4,0,0,0,0,135350.0,571450.0,3026,0,3,2,1,3,3,4,3,1,0,3,3,0.0,0.0,0.0,0,0.0,0.0,5.0,7.0,8.0,11.0,3.0,10
3027,3027,75,107,571550.0,135350.0,10750107,2,0,4,0,0,0,0,135350.0,571550.0,3027,0,2,2,1,3,3,4,3,1,0,3,3,0.0,0.0,0.0,0,0.0,0.0,4.0,7.0,8.0,11.0,3.0,10
3028,3028,75,108,571650.0,135350.0,10750108,2,0,4,0,0,0,0,135350.0,571650.0,3028,1,2,2,1,3,3,4,3,1,0,3,3,0.0,0.0,0.0,0,0.0,0.0,5.0,7.0,8.0,11.0,3.0,10
3029,3029,75,109,571750.0,135350.0,10750109,3,0,4,0,0,0,0,135350.0,571750.0,3029,1,1,2,1,3,3,4,3,1,0,3,3,0.0,0.0,0.0,0,0.0,0.0,5.0,7.0,9.0,11.0,4.0,10
3030,3030,75,110,571850.0,135350.0,10750110,3,0,4,0,0,0,0,135350.0,571850.0,3030,1,1,2,1,3,3,4,3,2,1,3,3,0.0,0.0,0.0,0,0.0,0.0,5.0,7.0,9.0,11.0,6.0,10
3031,3031,75,111,571950.0,135350.0,10750111,4,0,4,0,0,0,0,135350.0,571950.0,3031,1,1,2,1,3,3,4,3,2,1,3,2,0.0,0.0,0.0,0,0.0,0.0,6.0,7.0,10.0,11.0,7.0,9
3032,3032,75,112,572050.0,135350.0,10750112,4,0,4,0,0,0,0,135350.0,572050.0,3032,2,1,2,1,3,3,4,3,2,1,2,2,0.0,0.0,0.0,0,0.0,0.0,7.0,7.0,10.0,11.0,7.0,8
3033,3033,75,113,572150.0,135350.0,10750113,4,0,4,0,0,0,0,135350.0,572150.0,3033,2,2,2,1,3,3,4,3,2,1,2,2,0.0,0.0,0.0,0,0.25,0.0,8.25,7.0,10.0,11.0,7.0,8
3034,3034,76,32,564050.0,135250.0,10760032,4,0,4,0,0,0,0,135250.0,564050.0,3034,3,3,3,2,3,2,4,3,3,2,2,1,0.0,0.0,0.0,0,0.0,0.0,10.0,9.0,9.0,11.0,9.0,7
3035,3035,76,33,564150.0,135250.0,10760033,4,0,4,0,0,0,0,135250.0,564150.0,3035,3,2,3,2,3,3,4,3,3,2,2,1,0.0,0.0,0.0,0,0.0,0.0,9.0,9.0,10.0,11.0,9.0,7
3036,3036,76,34,564250.0,135250.0,10760034,4,0,4,0,0,0,0,135250.0,564250.0,3036,3,2,3,2,2,3,4,3,2,2,2,1,0.0,0.0,0.0,0,0.0,0.0,9.0,9.0,9.0,11.0,8.0,7
3037,3037,76,35,564350.0,135250.0,10760035,4,0,4,0,0,0,0,135250.0,564350.0,3037,3,2,3,2,2,3,4,3,2,2,1,1,0.0,0.0,0.0,0,0.0,0.0,9.0,9.0,9.0,11.0,8.0,6
3038,3038,76,36,564450.0,135250.0,10760036,4,0,4,0,0,0,0,135250.0,564450.0,3038,2,2,3,2,2,2,4,3,2,2,1,2,0.0,0.0,0.0,0,0.0,0.0,8.0,9.0,8.0,11.0,8.0,7
3039,3039,76,37,564550.0,135250.0,10760037,3,0,4,0,0,0,0,135250.0,564550.0,3039,2,2,3,2,3,2,4,3,2,2,1,2,0.0,0.0,0.0,0,0.0,0.0,7.0,9.0,8.0,11.0,7.0,7
3040,3040,76,38,564650.0,135250.0,10760038,3,0,4,0,0,0,0,135250.0,564650.0,3040,2,1,4,2,3,2,4,3,2,2,1,2,0.0,0.0,0.0,0,0.0,0.0,6.0,10.0,8.0,11.0,7.0,7
3041,3041,76,39,564750.0,135250.0,10760039,2,0,4,0,0,0,0,135250.0,564750.0,3041,2,1,3,2,3,2,4,3,2,3,1,2,0.0,0.0,0.0,0,0.0,0.0,5.0,9.0,7.0,11.0,7.0,7
3042,3042,76,40,564850.0,135250.0,10760040,2,0,4,0,0,0,0,135250.0,564850.0,3042,2,1,3,2,2,3,4,3,1,2,1,3,0.0,0.0,0.0,0,0.0,0.0,5.0,9.0,7.0,11.0,5.0,8
3043,3043,76,41,564950.0,135250.0,10760041,2,0,4,0,0,0,0,135250.0,564950.0,3043,2,1,2,3,2,3,4,3,1,2,0,3,0.0,0.0,0.0,0,0.0,0.0,5.0,9.0,7.0,11.0,5.0,7
3044,3044,76,42,565050.0,135250.0,10760042,1,0,4,0,0,0,0,135250.0,565050.0,3044,2,1,1,3,2,3,4,3,0,2,0,3,0.0,0.0,0.0,0,0.0,0.0,4.0,8.0,6.0,11.0,3.0,7
3045,3045,76,43,565150.0,135250.0,10760043,1,0,4,0,0,0,0,135250.0,565150.0,3045,2,2,1,3,2,3,4,3,0,3,0,3,0.0,0.0,0.0,0,0.0,0.0,5.0,8.0,6.0,11.0,4.0,7
3046,3046,76,44,565250.0,135250.0,10760044,1,0,4,0,0,0,0,135250.0,565250.0,3046,3,2,1,3,1,3,4,3,1,4,0,2,0.0,0.0,0.0,0,0.0,0.0,6.0,8.0,5.0,11.0,6.0,6
3047,3047,76,45,565350.0,135250.0,10760045,1,0,3,0,0,0,0,135250.0,565350.0,3047,3,3,1,3,1,2,4,3,2,4,0,2,0.0,0.0,0.0,0,0.0,0.0,7.0,7.0,4.0,10.0,7.0,5
3048,3048,76,46,565450.0,135250.0,10760046,1,0,3,0,0,0,0,135250.0,565450.0,3048,3,3,1,3,1,2,4,3,3,4,0,2,0.0,0.0,0.0,0,0.0,0.0,7.0,7.0,4.0,10.0,8.0,5
3049,3049,76,47,565550.0,135250.0,10760047,1,0,2,0,0,0,0,135250.0,565550.0,3049,3,3,0,3,0,2,4,3,3,3,0,1,0.0,0.0,0.0,0,0.0,0.0,7.0,5.0,3.0,9.0,7.0,3
3050,3050,76,48,565650.0,135250.0,10760048,1,0,2,0,0,0,0,135250.0,565650.0,3050,3,4,0,3,0,1,4,3,3,2,0,1,0.0,0.0,0.0,0,0.0,0.0,8.0,5.0,2.0,9.0,6.0,3
3051,3051,76,49,565750.0,135250.0,10760049,1,0,2,0,0,0,0,135250.0,565750.0,3051,3,4,0,4,0,0,4,3,3,0,0,0,0.0,0.0,0.0,0,0.0,0.0,8.0,6.0,1.0,9.0,4.0,2
3052,3052,76,50,565850.0,135250.0,10760050,0,0,1,0,0,0,0,135250.0,565850.0,3052,3,4,0,4,0,0,4,3,1,0,0,0,0.0,0.0,0.0,0,0.0,0.0,7.0,5.0,0.0,8.0,1.0,1
3053,3053,76,51,565950.0,135250.0,10760051,0,0,1,0,0,0,0,135250.0,565950.0,3053,2,4,0,4,0,0,4,3,0,0,0,0,0.0,0.0,0.0,0,0.0,0.0,6.0,5.0,0.0,8.0,0.0,1
3054,3054,76,52,566050.0,135250.0,10760052,1,0,1,0,0,0,0,135250.0,566050.0,3054,2,4,0,4,0,0,4,3,0,0,0,0,0.0,0.0,0.0,0,1.0,0.0,8.0,5.0,1.0,8.0,1.0,1
3055,3055,76,53,566150.0,135250.0,10760053,1,0,1,0,0,0,0,135250.0,566150.0,3055,1,4,0,4,0,0,4,3,0,0,0,0,0.0,0.0,0.0,0,1.75,0.0,7.75,5.0,1.0,8.0,1.0,1
3056,3056,76,54,566250.0,135250.0,10760054,1,0,1,0,0,0,0,135250.0,566250.0,3056,0,3,0,4,0,0,4,3,0,0,0,0,0.0,0.0,0.0,0,2.25,0.0,6.25,5.0,1.0,8.0,1.0,1
3057,3057,76,55,566350.0,135250.0,10760055,1,0,1,0,0,0,0,135250.0,566350.0,3057,0,0,0,4,0,0,4,3,0,0,0,0,0.0,0.0,0.0,0,2.5,0.0,3.5,5.0,1.0,8.0,1.0,1
3058,3058,76,56,566450.0,135250.0,10760056,1,0,2,0,0,0,0,135250.0,566450.0,3058,0,0,0,4,0,0,0,3,2,0,0,1,0.0,0.0,0.0,0,2.5,0.0,3.5,6.0,1.0,5.0,3.0,3
3059,3059,76,57,566550.0,135250.0,10760057,0,0,2,0,0,0,0,135250.0,566550.0,3059,0,0,0,4,0,0,0,3,3,0,0,3,0.0,0.0,0.0,0,2.5,0.0,2.5,6.0,0.0,5.0,3.0,5
3060,3060,76,58,566650.0,135250.0,10760058,0,1,2,0,0,0,0,135250.0,566650.0,3060,0,0,0,4,0,0,0,4,4,0,0,3,0.0,0.0,0.0,0,2.5,0.0,3.5,6.0,1.0,6.0,5.0,5
3061,3061,76,59,566750.0,135250.0,10760059,0,2,3,0,0,0,0,135250.0,566750.0,3061,0,0,0,4,0,0,0,4,4,0,0,4,0.0,0.0,0.0,0,2.5,0.0,4.5,7.0,2.0,7.0,6.0,7
3062,3062,76,60,566850.0,135250.0,10760060,0,2,3,0,0,0,0,135250.0,566850.0,3062,0,0,0,3,0,0,0,4,4,0,0,4,0.0,0.0,0.0,0,2.5,0.0,4.5,6.0,2.0,7.0,6.0,7
3063,3063,76,61,566950.0,135250.0,10760061,0,3,3,0,0,0,0,135250.0,566950.0,3063,0,0,1,3,0,0,0,4,4,0,0,4,0.0,0.0,0.0,0,2.5,0.25,5.5,7.25,3.0,7.0,7.0,7
3064,3064,76,62,567050.0,135250.0,10760062,0,2,3,0,0,0,0,135250.0,567050.0,3064,1,0,4,0,0,0,0,4,4,0,0,4,0.0,0.0,0.0,0,2.5,0.25,5.5,7.25,2.0,7.0,6.0,7
3065,3065,76,63,567150.0,135250.0,10760063,0,1,2,0,0,0,0,135250.0,567150.0,3065,2,0,4,0,0,0,0,4,4,0,1,4,0.0,0.0,0.0,0,2.5,0.75,5.5,6.75,1.0,6.0,5.0,7
3066,3066,76,64,567250.0,135250.0,10760064,1,0,2,0,0,0,0,135250.0,567250.0,3066,3,0,4,0,0,0,0,4,4,0,1,4,0.0,0.0,0.0,0,2.5,0.75,6.5,6.75,1.0,6.0,5.0,7
3067,3067,76,65,567350.0,135250.0,10760065,0,1,2,0,0,0,0,135250.0,567350.0,3067,3,0,4,0,0,0,0,4,4,0,2,4,0.0,0.0,0.0,0,2.5,2.5,6.5,8.5,1.0,6.0,5.0,8
3068,3068,76,66,567450.0,135250.0,10760066,0,1,2,0,0,0,0,135250.0,567450.0,3068,3,0,4,0,0,0,0,4,4,0,2,4,0.0,0.0,0.0,0,2.5,2.5,6.5,8.5,1.0,6.0,5.0,8
3069,3069,76,67,567550.0,135250.0,10760067,1,1,1,0,0,0,0,135250.0,567550.0,3069,3,0,4,0,0,0,0,4,4,0,3,3,0.0,0.0,0.0,0,2.5,2.5,7.5,7.5,2.0,5.0,6.0,7
3070,3070,76,68,567650.0,135250.0,10760068,1,2,1,0,0,0,0,135250.0,567650.0,3070,3,0,4,0,0,0,0,4,4,0,3,3,0.0,0.0,0.0,0,2.5,2.5,8.5,7.5,3.0,5.0,7.0,7
3071,3071,76,69,567750.0,135250.0,10760069,1,2,1,0,0,0,0,135250.0,567750.0,3071,3,0,4,0,0,1,0,4,4,0,3,1,0.0,0.0,0.0,0,2.5,2.5,8.5,7.5,4.0,5.0,7.0,5
3072,3072,76,70,567850.0,135250.0,10760070,0,1,1,0,0,0,0,135250.0,567850.0,3072,3,0,4,0,0,1,0,3,3,0,3,1,0.0,0.0,0.0,0,2.5,2.5,6.5,7.5,2.0,4.0,4.0,5
3073,3073,76,71,567950.0,135250.0,10760071,0,1,1,0,0,0,0,135250.0,567950.0,3073,3,0,4,0,0,1,0,3,3,0,3,0,0.0,0.0,0.0,0,2.5,0.75,6.5,5.75,2.0,4.0,4.0,4
3074,3074,76,72,568050.0,135250.0,10760072,0,1,2,0,0,0,0,135250.0,568050.0,3074,3,0,4,0,0,1,4,3,3,0,3,0,0.0,0.0,0.0,0,2.5,0.75,6.5,6.75,2.0,9.0,4.0,5
3075,3075,76,73,568150.0,135250.0,10760073,0,0,2,0,0,0,0,135250.0,568150.0,3075,3,0,4,0,1,1,4,3,2,0,3,0,0.0,0.0,0.0,0,2.5,0.75,5.5,6.75,2.0,9.0,2.0,5
3076,3076,76,74,568250.0,135250.0,10760074,0,0,3,0,0,0,0,135250.0,568250.0,3076,3,0,4,0,1,2,4,3,0,0,4,0,0.0,0.0,0.0,0,2.5,0.75,5.5,7.75,3.0,10.0,0.0,7
3077,3077,76,75,568350.0,135250.0,10760075,0,0,3,0,0,0,0,135250.0,568350.0,3077,3,0,4,0,1,2,4,3,0,0,4,0,0.0,0.0,0.0,0,2.5,1.5,5.5,8.5,3.0,10.0,0.0,7
3078,3078,76,76,568450.0,135250.0,10760076,0,0,3,0,0,0,0,135250.0,568450.0,3078,2,0,4,0,1,2,4,3,0,0,4,0,0.0,0.0,0.0,0,2.5,2.5,4.5,9.5,3.0,10.0,0.0,7
3079,3079,76,77,568550.0,135250.0,10760077,0,0,2,0,0,0,0,135250.0,568550.0,3079,1,0,4,0,1,2,4,3,0,0,4,0,0.0,0.0,0.0,0,2.5,2.5,3.5,8.5,3.0,9.0,0.0,6
3080,3080,76,78,568650.0,135250.0,10760078,0,0,2,0,0,0,0,135250.0,568650.0,3080,0,0,3,0,1,2,4,3,0,0,4,0,0.0,0.0,0.0,0,2.5,2.5,2.5,7.5,3.0,9.0,0.0,6
3081,3081,76,79,568750.0,135250.0,10760079,1,0,1,0,0,0,0,135250.0,568750.0,3081,0,0,1,0,1,2,4,3,0,0,4,0,0.0,0.0,0.0,0,2.5,2.5,3.5,4.5,4.0,8.0,1.0,5
3082,3082,76,80,568850.0,135250.0,10760080,1,0,1,0,0,0,0,135250.0,568850.0,3082,0,0,0,0,1,2,4,3,0,0,4,0,0.0,0.0,0.0,0,2.5,2.5,3.5,3.5,4.0,8.0,1.0,5
3083,3083,76,81,568950.0,135250.0,10760081,0,0,0,0,0,0,0,135250.0,568950.0,3083,0,0,0,0,1,3,4,3,0,0,4,0,0.0,0.0,0.0,0,2.5,1.75,2.5,1.75,4.0,7.0,0.0,4
3084,3084,76,82,569050.0,135250.0,10760082,0,0,0,0,0,0,0,135250.0,569050.0,3084,0,0,0,0,1,3,4,3,0,0,4,0,0.0,0.0,0.0,0,2.5,0.0,2.5,0.0,4.0,7.0,0.0,4
3085,3085,76,83,569150.0,135250.0,10760083,0,0,0,0,0,0,0,135250.0,569150.0,3085,0,0,0,0,1,3,4,3,0,1,4,0,0.0,0.0,0.0,0,2.5,0.0,2.5,0.0,4.0,7.0,1.0,4
3086,3086,76,84,569250.0,135250.0,10760084,0,0,0,0,0,0,0,135250.0,569250.0,3086,0,0,0,0,1,3,4,3,1,3,4,0,0.0,0.0,0.0,0,2.5,0.0,2.5,0.0,4.0,7.0,4.0,4
3087,3087,76,85,569350.0,135250.0,10760085,1,0,1,0,0,0,0,135250.0,569350.0,3087,0,0,0,2,2,4,4,3,1,3,4,0,0.0,0.0,0.0,0,2.5,0.0,3.5,3.0,7.0,8.0,5.0,5
3088,3088,76,86,569450.0,135250.0,10760086,1,0,1,0,0,0,0,135250.0,569450.0,3088,0,0,0,2,2,4,4,3,1,2,4,0,0.0,0.0,0.0,0,2.5,0.0,3.5,3.0,7.0,8.0,4.0,5
3089,3089,76,87,569550.0,135250.0,10760087,1,0,2,0,0,0,0,135250.0,569550.0,3089,0,0,0,1,2,4,4,3,0,1,4,0,0.0,0.0,0.0,0,2.5,0.0,3.5,3.0,7.0,9.0,2.0,6
3090,3090,76,88,569650.0,135250.0,10760088,1,0,2,0,0,0,0,135250.0,569650.0,3090,0,1,0,1,2,4,4,3,0,0,4,0,0.0,0.0,0.0,0,2.5,0.0,4.5,3.0,7.0,9.0,1.0,6
3091,3091,76,89,569750.0,135250.0,10760089,0,0,3,0,0,0,0,135250.0,569750.0,3091,0,1,0,0,2,4,4,3,0,0,4,0,0.0,0.0,0.0,0,2.5,0.0,3.5,3.0,6.0,10.0,0.0,7
3092,3092,76,90,569850.0,135250.0,10760090,0,0,3,0,0,0,0,135250.0,569850.0,3092,0,3,1,0,2,4,4,3,0,0,4,0,0.0,0.0,0.0,0,2.5,0.0,5.5,4.0,6.0,10.0,0.0,7
3093,3093,76,91,569950.0,135250.0,10760091,0,0,4,0,0,0,0,135250.0,569950.0,3093,0,3,1,0,3,3,4,3,0,0,4,0,0.0,0.0,0.0,0,0.0,0.0,3.0,5.0,6.0,11.0,0.0,8
3094,3094,76,92,570050.0,135250.0,10760092,0,0,4,0,0,0,0,135250.0,570050.0,3094,0,4,1,0,3,3,4,3,0,0,4,0,0.0,0.0,0.0,0,0.0,0.0,4.0,5.0,6.0,11.0,0.0,8
3095,3095,76,93,570150.0,135250.0,10760093,1,0,4,0,0,0,0,135250.0,570150.0,3095,2,4,1,0,3,3,4,3,0,0,4,0,0.0,0.0,0.0,0,0.0,0.0,7.0,5.0,7.0,11.0,1.0,8
3096,3096,76,94,570250.0,135250.0,10760094,1,0,4,0,0,0,0,135250.0,570250.0,3096,3,4,1,0,3,3,4,3,0,0,4,0,0.0,0.0,0.0,0,0.0,0.0,8.0,5.0,7.0,11.0,1.0,8
3097,3097,76,95,570350.0,135250.0,10760095,1,0,4,0,0,0,0,135250.0,570350.0,3097,3,4,1,0,3,3,4,3,0,0,4,1,0.0,0.0,0.0,0,0.0,0.0,8.0,5.0,7.0,11.0,1.0,9
3098,3098,76,96,570450.0,135250.0,10760096,2,0,4,0,0,0,0,135250.0,570450.0,3098,3,4,2,0,3,3,4,3,0,0,4,1,0.0,0.0,0.0,0,0.0,0.0,9.0,6.0,8.0,11.0,2.0,9
3099,3099,76,97,570550.0,135250.0,10760097,2,0,4,0,0,0,0,135250.0,570550.0,3099,3,3,2,0,3,3,4,3,1,0,4,1,0.0,0.0,0.0,0,0.0,0.0,8.0,6.0,8.0,11.0,3.0,9
3100,3100,76,98,570650.0,135250.0,10760098,2,0,4,0,0,0,0,135250.0,570650.0,3100,3,4,2,0,3,3,4,3,1,0,3,2,0.0,0.0,0.0,0,0.0,0.0,9.0,6.0,8.0,11.0,3.0,9
3101,3101,76,99,570750.0,135250.0,10760099,2,0,4,0,0,0,0,135250.0,570750.0,3101,3,4,2,0,3,3,4,3,1,0,3,2,0.0,0.0,0.0,0,0.0,0.0,9.0,6.0,8.0,11.0,3.0,9
3102,3102,76,100,570850.0,135250.0,10760100,2,0,4,0,0,0,0,135250.0,570850.0,3102,3,4,2,0,3,3,4,3,1,0,3,3,0.0,0.0,0.0,0,0.0,0.0,9.0,6.0,8.0,11.0,3.0,10
3103,3103,76,101,570950.0,135250.0,10760101,1,0,4,0,0,0,0,135250.0,570950.0,3103,2,4,2,1,3,3,4,3,1,0,3,3,0.0,0.0,0.0,0,0.0,0.0,7.0,7.0,7.0,11.0,2.0,10
3104,3104,76,102,571050.0,135250.0,10760102,1,0,4,0,0,0,0,135250.0,571050.0,3104,1,4,2,1,3,3,4,3,0,0,3,3,0.0,0.0,0.0,0,0.0,0.0,6.0,7.0,7.0,11.0,1.0,10
3105,3105,76,103,571150.0,135250.0,10760103,1,0,4,0,0,0,0,135250.0,571150.0,3105,1,4,2,1,3,3,4,3,0,0,3,3,0.0,0.0,0.0,0,0.0,0.0,6.0,7.0,7.0,11.0,1.0,10
3106,3106,76,104,571250.0,135250.0,10760104,1,0,4,0,0,0,0,135250.0,571250.0,3106,0,3,2,1,3,3,4,3,0,0,3,3,0.0,0.0,0.0,0,0.0,0.0,4.0,7.0,7.0,11.0,1.0,10
3107,3107,76,105,571350.0,135250.0,10760105,1,0,4,0,0,0,0,135250.0,571350.0,3107,0,3,2,1,3,3,4,3,0,0,3,3,0.0,0.0,0.0,0,0.0,0.0,4.0,7.0,7.0,11.0,1.0,10
3108,3108,76,106,571450.0,135250.0,10760106,1,0,4,0,0,0,0,135250.0,571450.0,3108,0,3,2,1,3,3,4,3,1,0,3,3,0.0,0.0,0.0,0,0.0,0.0,4.0,7.0,7.0,11.0,2.0,10
3109,3109,76,107,571550.0,135250.0,10760107,2,0,4,0,0,0,0,135250.0,571550.0,3109,0,2,2,1,3,3,4,3,1,0,3,3,0.0,0.0,0.0,0,0.0,0.0,4.0,7.0,8.0,11.0,3.0,10
3110,3110,76,108,571650.0,135250.0,10760108,2,0,4,0,0,0,0,135250.0,571650.0,3110,1,2,2,1,3,3,4,3,1,0,3,3,0.0,0.0,0.0,0,0.0,0.0,5.0,7.0,8.0,11.0,3.0,10
3111,3111,76,109,571750.0,135250.0,10760109,2,0,4,0,0,0,0,135250.0,571750.0,3111,1,1,2,1,3,3,4,3,1,0,3,3,0.0,0.0,0.0,0,0.0,0.0,4.0,7.0,8.0,11.0,3.0,10
3112,3112,76,110,571850.0,135250.0,10760110,3,0,4,0,0,0,0,135250.0,571850.0,3112,1,1,2,1,3,3,4,3,2,0,3,2,0.0,0.0,0.0,0,0.0,0.0,5.0,7.0,9.0,11.0,5.0,9
3113,3113,76,111,571950.0,135250.0,10760111,3,0,4,0,0,0,0,135250.0,571950.0,3113,1,1,2,1,3,3,4,3,2,1,3,2,0.0,0.0,0.0,0,0.0,0.0,5.0,7.0,9.0,11.0,6.0,9
3114,3114,76,112,572050.0,135250.0,10760112,4,0,4,0,0,0,0,135250.0,572050.0,3114,2,2,2,1,3,3,4,3,2,1,2,2,0.0,0.0,0.0,0,0.0,0.0,8.0,7.0,10.0,11.0,7.0,8
3115,3115,76,113,572150.0,135250.0,10760113,4,0,4,0,0,0,0,135250.0,572150.0,3115,2,2,2,1,3,3,4,3,2,1,2,2,0.0,0.0,0.0,0,0.0,0.0,8.0,7.0,10.0,11.0,7.0,8
3116,3116,77,32,564050.0,135150.0,10770032,4,0,4,0,0,0,0,135150.0,564050.0,3116,3,3,3,2,3,2,4,3,3,2,2,1,0.0,0.0,0.0,0,0.0,0.0,10.0,9.0,9.0,11.0,9.0,7
3117,3117,77,33,564150.0,135150.0,10770033,4,0,4,0,0,0,0,135150.0,564150.0,3117,3,2,3,2,3,3,4,3,3,2,2,1,0.0,0.0,0.0,0,0.0,0.0,9.0,9.0,10.0,11.0,9.0,7
3118,3118,77,34,564250.0,135150.0,10770034,4,0,4,0,0,0,0,135150.0,564250.0,3118,3,2,3,2,2,3,4,3,2,2,1,1,0.0,0.0,0.0,0,0.0,0.0,9.0,9.0,9.0,11.0,8.0,6
3119,3119,77,35,564350.0,135150.0,10770035,4,0,4,0,0,0,0,135150.0,564350.0,3119,3,2,3,2,2,3,4,3,2,2,1,1,0.0,0.0,0.0,0,0.0,0.0,9.0,9.0,9.0,11.0,8.0,6
3120,3120,77,36,564450.0,135150.0,10770036,4,0,4,0,0,0,0,135150.0,564450.0,3120,2,2,3,2,2,2,4,3,2,2,1,1,0.0,0.0,0.0,0,0.0,0.0,8.0,9.0,8.0,11.0,8.0,6
3121,3121,77,37,564550.0,135150.0,10770037,3,0,4,0,0,0,0,135150.0,564550.0,3121,2,2,4,2,3,2,4,3,2,2,1,2,0.0,0.0,0.0,0,0.0,0.0,7.0,10.0,8.0,11.0,7.0,7
3122,3122,77,38,564650.0,135150.0,10770038,3,0,4,0,0,0,0,135150.0,564650.0,3122,2,1,4,2,3,2,4,3,2,3,1,2,0.0,0.0,0.0,0,0.0,0.0,6.0,10.0,8.0,11.0,8.0,7
3123,3123,77,39,564750.0,135150.0,10770039,2,0,4,0,0,0,0,135150.0,564750.0,3123,2,1,3,2,3,2,4,3,1,3,1,2,0.0,0.0,0.0,0,0.0,0.0,5.0,9.0,7.0,11.0,6.0,7
3124,3124,77,40,564850.0,135150.0,10770040,2,0,4,0,0,0,0,135150.0,564850.0,3124,2,1,3,2,2,2,4,3,1,2,1,2,0.0,0.0,0.0,0,0.0,0.0,5.0,9.0,6.0,11.0,5.0,7
3125,3125,77,41,564950.0,135150.0,10770041,1,0,4,0,0,0,0,135150.0,564950.0,3125,2,1,2,3,2,3,4,3,0,2,0,3,0.0,0.0,0.0,0,0.0,0.0,4.0,9.0,6.0,11.0,3.0,7
3126,3126,77,42,565050.0,135150.0,10770042,1,0,4,0,0,0,0,135150.0,565050.0,3126,2,1,1,3,2,3,4,3,0,2,0,3,0.0,0.0,0.0,0,0.0,0.0,4.0,8.0,6.0,11.0,3.0,7
3127,3127,77,43,565150.0,135150.0,10770043,0,0,4,0,0,0,0,135150.0,565150.0,3127,2,2,1,3,2,3,4,3,0,2,0,2,0.0,0.0,0.0,0,0.0,0.0,4.0,8.0,5.0,11.0,2.0,6
3128,3128,77,44,565250.0,135150.0,10770044,0,0,4,0,0,0,0,135150.0,565250.0,3128,2,2,1,3,1,3,4,3,0,3,0,2,0.0,0.0,0.0,0,0.0,0.0,4.0,8.0,4.0,11.0,3.0,6
3129,3129,77,45,565350.0,135150.0,10770045,0,0,3,0,0,0,0,135150.0,565350.0,3129,3,3,1,3,1,3,4,3,1,4,0,2,0.0,0.0,0.0,0,0.0,0.0,6.0,7.0,4.0,10.0,5.0,5
3130,3130,77,46,565450.0,135150.0,10770046,0,0,3,0,0,0,0,135150.0,565450.0,3130,3,3,0,3,1,3,4,3,3,4,0,2,0.0,0.0,0.0,0,0.0,0.0,6.0,6.0,4.0,10.0,7.0,5
3131,3131,77,47,565550.0,135150.0,10770047,1,0,2,0,0,0,0,135150.0,565550.0,3131,3,3,0,3,0,2,4,3,3,3,0,1,0.0,0.0,0.0,0,0.0,0.0,7.0,5.0,3.0,9.0,7.0,3
3132,3132,77,48,565650.0,135150.0,10770048,1,0,2,0,0,0,0,135150.0,565650.0,3132,3,4,0,3,0,0,4,3,3,1,0,1,0.0,0.0,0.0,0,0.0,0.0,8.0,5.0,1.0,9.0,5.0,3
3133,3133,77,49,565750.0,135150.0,10770049,1,0,1,0,0,0,0,135150.0,565750.0,3133,3,4,0,4,0,0,4,3,3,0,0,0,0.0,0.0,0.0,0,0.0,0.0,8.0,5.0,1.0,8.0,4.0,1
3134,3134,77,50,565850.0,135150.0,10770050,1,0,1,0,0,0,0,135150.0,565850.0,3134,2,4,0,4,0,0,4,3,1,0,0,0,0.0,0.0,0.0,0,1.0,0.0,8.0,5.0,1.0,8.0,2.0,1
3135,3135,77,51,565950.0,135150.0,10770051,1,0,1,0,0,0,0,135150.0,565950.0,3135,2,4,0,4,0,0,4,3,0,0,0,0,0.0,0.0,0.0,0,1.0,0.0,8.0,5.0,1.0,8.0,1.0,1
3136,3136,77,52,566050.0,135150.0,10770052,0,0,0,0,0,0,0,135150.0,566050.0,3136,1,4,0,4,0,0,4,3,0,0,0,0,0.0,0.0,0.0,0,1.75,0.0,6.75,4.0,0.0,7.0,0.0,0
3137,3137,77,53,566150.0,135150.0,10770053,0,0,0,0,0,0,0,135150.0,566150.0,3137,0,4,0,4,0,0,4,3,0,0,0,0,0.0,0.0,0.0,0,2.25,0.0,6.25,4.0,0.0,7.0,0.0,0
3138,3138,77,54,566250.0,135150.0,10770054,0,0,1,0,0,0,0,135150.0,566250.0,3138,0,4,0,4,0,0,4,3,0,0,0,0,0.0,0.0,0.0,0,2.5,0.0,6.5,5.0,0.0,8.0,0.0,1
3139,3139,77,55,566350.0,135150.0,10770055,0,0,1,0,0,0,0,135150.0,566350.0,3139,0,0,0,4,0,0,4,3,0,0,0,0,0.0,0.0,0.0,0,2.5,0.0,2.5,5.0,0.0,8.0,0.0,1
3140,3140,77,56,566450.0,135150.0,10770056,0,0,1,0,0,0,0,135150.0,566450.0,3140,0,0,0,4,0,0,0,3,3,0,0,1,0.0,0.0,0.0,0,2.5,0.0,2.5,5.0,0.0,4.0,3.0,2
3141,3141,77,57,566550.0,135150.0,10770057,0,0,2,0,0,0,0,135150.0,566550.0,3141,0,0,0,4,0,0,0,3,3,0,0,3,0.0,0.0,0.0,0,2.5,0.0,2.5,6.0,0.0,5.0,3.0,5
3142,3142,77,58,566650.0,135150.0,10770058,0,0,2,0,0,0,0,135150.0,566650.0,3142,0,0,0,4,0,0,0,3,4,0,0,3,0.0,0.0,0.0,0,2.5,0.0,2.5,6.0,0.0,5.0,4.0,5
3143,3143,77,59,566750.0,135150.0,10770059,0,1,3,0,0,0,0,135150.0,566750.0,3143,0,0,0,4,0,0,0,4,4,0,0,4,0.0,0.0,0.0,0,2.5,0.0,3.5,7.0,1.0,7.0,5.0,7
3144,3144,77,60,566850.0,135150.0,10770060,0,2,3,0,0,0,0,135150.0,566850.0,3144,0,0,0,3,0,0,0,4,4,0,0,4,0.0,0.0,0.0,0,2.5,0.0,4.5,6.0,2.0,7.0,6.0,7
3145,3145,77,61,566950.0,135150.0,10770061,0,2,3,0,0,0,0,135150.0,566950.0,3145,0,0,1,3,0,0,0,4,4,0,0,4,0.0,0.0,0.0,0,2.5,0.0,4.5,7.0,2.0,7.0,6.0,7
3146,3146,77,62,567050.0,135150.0,10770062,0,1,3,0,0,0,0,135150.0,567050.0,3146,0,0,4,0,0,0,0,4,4,0,0,4,0.0,0.0,0.0,0,2.5,0.0,3.5,7.0,1.0,7.0,5.0,7
3147,3147,77,63,567150.0,135150.0,10770063,0,1,3,0,0,0,0,135150.0,567150.0,3147,0,0,4,0,0,0,0,4,4,0,1,4,0.0,0.0,0.0,0,2.5,0.0,3.5,7.0,1.0,7.0,5.0,8
3148,3148,77,64,567250.0,135150.0,10770064,0,0,3,0,0,0,0,135150.0,567250.0,3148,1,0,4,0,0,0,0,4,4,0,1,4,0.0,0.0,0.0,0,2.5,0.25,3.5,7.25,0.0,7.0,4.0,8
3149,3149,77,65,567350.0,135150.0,10770065,0,1,2,0,0,0,0,135150.0,567350.0,3149,2,0,4,0,0,0,0,4,4,0,2,4,0.0,0.0,0.0,0,2.5,0.75,5.5,6.75,1.0,6.0,5.0,8
3150,3150,77,66,567450.0,135150.0,10770066,0,2,2,0,0,0,0,135150.0,567450.0,3150,2,0,4,0,0,0,0,4,4,0,3,3,0.0,0.0,0.0,0,2.5,1.25,6.5,7.25,2.0,6.0,6.0,8
3151,3151,77,67,567550.0,135150.0,10770067,0,2,2,0,0,0,0,135150.0,567550.0,3151,3,0,4,0,0,0,0,4,4,0,3,3,0.0,0.0,0.0,0,2.5,2.0,7.5,8.0,2.0,6.0,6.0,8
3152,3152,77,68,567650.0,135150.0,10770068,0,3,2,0,0,0,0,135150.0,567650.0,3152,3,0,4,0,0,0,0,4,4,0,3,3,0.0,0.0,0.0,0,2.5,2.25,8.5,8.25,3.0,6.0,7.0,8
3153,3153,77,69,567750.0,135150.0,10770069,0,3,2,0,0,0,0,135150.0,567750.0,3153,3,0,4,0,0,0,0,3,4,0,3,1,0.0,0.0,0.0,0,2.5,0.0,8.5,6.0,3.0,5.0,7.0,6
3154,3154,77,70,567850.0,135150.0,10770070,0,2,2,0,0,0,0,135150.0,567850.0,3154,2,0,4,0,0,1,0,3,4,0,3,1,0.0,0.0,0.0,0,2.5,0.25,6.5,6.25,3.0,5.0,6.0,6
3155,3155,77,71,567950.0,135150.0,10770071,0,2,2,0,0,0,0,135150.0,567950.0,3155,1,0,4,0,0,1,4,3,3,0,3,0,0.0,0.0,0.0,0,2.5,0.0,5.5,6.0,3.0,9.0,5.0,5
3156,3156,77,72,568050.0,135150.0,10770072,0,1,2,0,0,0,0,135150.0,568050.0,3156,1,0,4,0,0,1,4,3,3,0,3,0,0.0,0.0,0.0,0,2.5,0.75,4.5,6.75,2.0,9.0,4.0,5
3157,3157,77,73,568150.0,135150.0,10770073,0,1,2,0,0,0,0,135150.0,568150.0,3157,2,0,4,0,0,1,4,3,1,0,3,0,0.0,0.0,0.0,0,2.5,0.25,5.5,6.25,2.0,9.0,2.0,5
3158,3158,77,74,568250.0,135150.0,10770074,0,0,3,0,0,0,0,135150.0,568250.0,3158,2,0,4,0,1,2,4,3,0,0,4,0,0.0,0.0,0.0,0,2.5,0.0,4.5,7.0,3.0,10.0,0.0,7
3159,3159,77,75,568350.0,135150.0,10770075,0,0,3,0,0,0,0,135150.0,568350.0,3159,1,0,4,0,1,2,4,3,0,0,4,0,0.0,0.0,0.0,0,2.5,0.25,3.5,7.25,3.0,10.0,0.0,7
3160,3160,77,76,568450.0,135150.0,10770076,0,0,3,0,0,0,0,135150.0,568450.0,3160,0,0,4,0,1,2,4,3,0,0,4,0,0.0,0.0,0.0,0,2.5,1.5,2.5,8.5,3.0,10.0,0.0,7
3161,3161,77,77,568550.0,135150.0,10770077,0,0,2,0,0,0,0,135150.0,568550.0,3161,0,0,4,0,1,2,4,3,0,0,4,0,0.0,0.0,0.0,0,2.5,2.5,2.5,8.5,3.0,9.0,0.0,6
3162,3162,77,78,568650.0,135150.0,10770078,0,0,2,0,0,0,0,135150.0,568650.0,3162,0,0,3,0,1,3,4,3,0,0,4,0,0.0,0.0,0.0,0,2.5,0.0,2.5,5.0,4.0,9.0,0.0,6
3163,3163,77,79,568750.0,135150.0,10770079,1,0,1,0,0,0,0,135150.0,568750.0,3163,0,0,1,0,1,3,4,3,0,0,4,0,0.0,0.0,0.0,0,2.5,0.0,3.5,2.0,5.0,8.0,1.0,5
3164,3164,77,80,568850.0,135150.0,10770080,1,0,1,0,0,0,0,135150.0,568850.0,3164,0,0,0,0,1,3,4,3,0,0,4,0,0.0,0.0,0.0,0,2.5,0.0,3.5,1.0,5.0,8.0,1.0,5
3165,3165,77,81,568950.0,135150.0,10770081,1,0,1,0,0,0,0,135150.0,568950.0,3165,0,0,0,0,1,3,4,3,0,0,4,0,0.0,0.0,0.0,0,2.5,0.0,3.5,1.0,5.0,8.0,1.0,5
3166,3166,77,82,569050.0,135150.0,10770082,0,0,0,0,0,0,0,135150.0,569050.0,3166,0,0,0,0,1,3,4,3,0,0,4,0,0.0,0.0,0.0,0,2.5,0.0,2.5,0.0,4.0,7.0,0.0,4
3167,3167,77,83,569150.0,135150.0,10770083,0,0,0,0,0,0,0,135150.0,569150.0,3167,0,0,0,1,1,3,4,3,0,0,4,0,0.0,0.0,0.0,0,2.5,0.0,2.5,1.0,4.0,7.0,0.0,4
3168,3168,77,84,569250.0,135150.0,10770084,1,0,1,0,0,0,0,135150.0,569250.0,3168,0,0,0,2,1,3,4,3,1,2,4,0,0.0,0.0,0.0,0,2.5,0.0,3.5,3.0,5.0,8.0,4.0,5
3169,3169,77,85,569350.0,135150.0,10770085,1,0,1,0,0,0,0,135150.0,569350.0,3169,0,0,0,2,2,4,4,3,1,2,4,0,0.0,0.0,0.0,0,2.5,0.0,3.5,3.0,7.0,8.0,4.0,5
3170,3170,77,86,569450.0,135150.0,10770086,1,0,2,0,0,0,0,135150.0,569450.0,3170,0,0,0,1,2,4,4,3,0,2,4,0,0.0,0.0,0.0,0,2.5,0.0,3.5,3.0,7.0,9.0,3.0,6
3171,3171,77,87,569550.0,135150.0,10770087,0,0,2,0,0,0,0,135150.0,569550.0,3171,0,1,0,1,2,4,4,3,0,1,4,0,0.0,0.0,0.0,0,2.5,0.0,3.5,3.0,6.0,9.0,1.0,6
3172,3172,77,88,569650.0,135150.0,10770088,1,0,2,0,0,0,0,135150.0,569650.0,3172,0,1,0,0,2,4,4,3,0,1,4,0,0.0,0.0,0.0,0,2.5,0.0,4.5,2.0,7.0,9.0,2.0,6
3173,3173,77,89,569750.0,135150.0,10770089,1,0,3,0,0,0,0,135150.0,569750.0,3173,0,3,0,0,2,4,4,3,0,0,4,0,0.0,0.0,0.0,0,2.5,0.0,6.5,3.0,7.0,10.0,1.0,7
3174,3174,77,90,569850.0,135150.0,10770090,0,0,3,0,0,0,0,135150.0,569850.0,3174,0,3,1,0,2,3,4,3,0,0,4,0,0.0,0.0,0.0,0,1.5,0.0,4.5,4.0,5.0,10.0,0.0,7
3175,3175,77,91,569950.0,135150.0,10770091,0,0,4,0,0,0,0,135150.0,569950.0,3175,0,4,1,0,3,3,4,3,0,0,4,0,0.0,0.0,0.0,0,0.0,0.0,4.0,5.0,6.0,11.0,0.0,8
3176,3176,77,92,570050.0,135150.0,10770092,0,0,4,0,0,0,0,135150.0,570050.0,3176,0,4,1,0,3,3,4,3,0,0,4,0,0.0,0.0,0.0,0,0.0,0.0,4.0,5.0,6.0,11.0,0.0,8
3177,3177,77,93,570150.0,135150.0,10770093,0,0,4,0,0,0,0,135150.0,570150.0,3177,2,4,1,0,3,3,4,3,0,0,4,0,0.0,0.0,0.0,0,0.0,0.0,6.0,5.0,6.0,11.0,0.0,8
3178,3178,77,94,570250.0,135150.0,10770094,0,0,4,0,0,0,0,135150.0,570250.0,3178,3,4,1,0,3,3,4,3,0,0,4,0,0.0,0.0,0.0,0,0.0,0.0,7.0,5.0,6.0,11.0,0.0,8
3179,3179,77,95,570350.0,135150.0,10770095,1,0,4,0,0,0,0,135150.0,570350.0,3179,3,4,2,0,3,3,4,3,0,0,4,0,0.0,0.0,0.0,0,0.0,0.0,8.0,6.0,7.0,11.0,1.0,8
3180,3180,77,96,570450.0,135150.0,10770096,1,0,4,0,0,0,0,135150.0,570450.0,3180,3,4,2,0,3,2,4,3,0,0,4,1,0.0,0.0,0.0,0,0.0,0.0,8.0,6.0,6.0,11.0,1.0,9
3181,3181,77,97,570550.0,135150.0,10770097,2,0,4,0,0,0,0,135150.0,570550.0,3181,3,4,2,0,3,2,4,3,0,0,4,1,0.0,0.0,0.0,0,0.0,0.0,9.0,6.0,7.0,11.0,2.0,9
3182,3182,77,98,570650.0,135150.0,10770098,2,0,4,0,0,0,0,135150.0,570650.0,3182,3,4,2,0,3,2,4,3,1,0,4,2,0.0,0.0,0.0,0,0.0,0.0,9.0,6.0,7.0,11.0,3.0,10
3183,3183,77,99,570750.0,135150.0,10770099,2,0,4,0,0,0,0,135150.0,570750.0,3183,3,4,2,0,3,2,4,3,1,0,3,2,0.0,0.0,0.0,0,0.0,0.0,9.0,6.0,7.0,11.0,3.0,9
3184,3184,77,100,570850.0,135150.0,10770100,1,0,4,0,0,0,0,135150.0,570850.0,3184,2,4,2,0,3,2,4,3,0,0,3,3,0.0,0.0,0.0,0,0.0,0.0,7.0,6.0,6.0,11.0,1.0,10
3185,3185,77,101,570950.0,135150.0,10770101,1,0,4,0,0,0,0,135150.0,570950.0,3185,2,4,2,1,3,2,4,3,0,0,3,3,0.0,0.0,0.0,0,0.0,0.0,7.0,7.0,6.0,11.0,1.0,10
3186,3186,77,102,571050.0,135150.0,10770102,1,0,4,0,0,0,0,135150.0,571050.0,3186,1,4,2,1,3,3,4,3,0,0,3,3,0.0,0.0,0.0,0,0.0,0.0,6.0,7.0,7.0,11.0,1.0,10
3187,3187,77,103,571150.0,135150.0,10770103,0,0,4,0,0,0,0,135150.0,571150.0,3187,0,4,2,1,3,3,4,3,0,0,3,3,0.0,0.0,0.0,0,0.0,0.0,4.0,7.0,6.0,11.0,0.0,10
3188,3188,77,104,571250.0,135150.0,10770104,0,0,4,0,0,0,0,135150.0,571250.0,3188,0,3,2,1,3,3,4,3,0,0,3,3,0.0,0.0,0.0,0,0.0,0.0,3.0,7.0,6.0,11.0,0.0,10
3189,3189,77,105,571350.0,135150.0,10770105,1,0,4,0,0,0,0,135150.0,571350.0,3189,0,3,2,1,3,3,4,3,0,0,3,3,0.0,0.0,0.0,0,0.0,0.0,4.0,7.0,7.0,11.0,1.0,10
3190,3190,77,106,571450.0,135150.0,10770106,1,0,4,0,0,0,0,135150.0,571450.0,3190,0,3,2,1,2,3,4,3,0,0,3,3,0.0,0.0,0.0,0,0.0,0.0,4.0,7.0,6.0,11.0,1.0,10
3191,3191,77,107,571550.0,135150.0,10770107,1,0,4,0,0,0,0,135150.0,571550.0,3191,0,3,2,1,2,3,4,3,0,0,3,3,0.0,0.0,0.0,0,0.0,0.0,4.0,7.0,6.0,11.0,1.0,10
3192,3192,77,108,571650.0,135150.0,10770108,2,0,4,0,0,0,0,135150.0,571650.0,3192,0,2,2,1,2,3,4,3,1,0,3,3,0.0,0.0,0.0,0,0.0,0.0,4.0,7.0,7.0,11.0,3.0,10
3193,3193,77,109,571750.0,135150.0,10770109,2,0,4,0,0,0,0,135150.0,571750.0,3193,1,2,2,1,3,3,4,3,1,0,3,3,0.0,0.0,0.0,0,0.0,0.0,5.0,7.0,8.0,11.0,3.0,10
3194,3194,77,110,571850.0,135150.0,10770110,3,0,4,0,0,0,0,135150.0,571850.0,3194,1,2,2,1,3,3,4,3,1,0,3,2,0.0,0.0,0.0,0,0.0,0.0,6.0,7.0,9.0,11.0,4.0,9
3195,3195,77,111,571950.0,135150.0,10770111,3,0,4,0,0,0,0,135150.0,571950.0,3195,1,2,2,1,3,3,4,3,2,1,3,2,0.0,0.0,0.0,0,0.0,0.0,6.0,7.0,9.0,11.0,6.0,9
3196,3196,77,112,572050.0,135150.0,10770112,4,0,4,0,0,0,0,135150.0,572050.0,3196,2,2,2,1,3,3,4,3,2,1,2,2,0.0,0.0,0.0,0,0.0,0.0,8.0,7.0,10.0,11.0,7.0,8
3197,3197,77,113,572150.0,135150.0,10770113,4,0,4,0,0,0,0,135150.0,572150.0,3197,2,2,2,1,3,3,4,3,2,1,2,2,0.0,0.0,0.0,0,0.0,0.0,8.0,7.0,10.0,11.0,7.0,8
3198,3198,78,32,564050.0,135050.0,10780032,4,0,4,0,0,0,0,135050.0,564050.0,3198,3,3,3,2,3,2,4,3,3,2,2,1,0.0,0.0,0.0,0,0.0,0.0,10.0,9.0,9.0,11.0,9.0,7
3199,3199,78,33,564150.0,135050.0,10780033,4,0,4,0,0,0,0,135050.0,564150.0,3199,3,2,3,2,2,3,4,3,3,2,2,1,0.0,0.0,0.0,0,0.0,0.0,9.0,9.0,9.0,11.0,9.0,7
3200,3200,78,34,564250.0,135050.0,10780034,4,0,4,0,0,0,0,135050.0,564250.0,3200,3,2,3,2,2,3,4,3,2,2,1,1,0.0,0.0,0.0,0,0.0,0.0,9.0,9.0,9.0,11.0,8.0,6
3201,3201,78,35,564350.0,135050.0,10780035,4,0,4,0,0,0,0,135050.0,564350.0,3201,3,2,3,2,2,3,4,3,2,2,1,1,0.0,0.0,0.0,0,0.0,0.0,9.0,9.0,9.0,11.0,8.0,6
3202,3202,78,36,564450.0,135050.0,10780036,4,0,4,0,0,0,0,135050.0,564450.0,3202,2,2,3,2,2,2,4,3,2,2,1,1,0.0,0.0,0.0,0,0.0,0.0,8.0,9.0,8.0,11.0,8.0,6
3203,3203,78,37,564550.0,135050.0,10780037,3,0,4,0,0,0,0,135050.0,564550.0,3203,2,2,4,2,3,2,4,3,2,3,1,1,0.0,0.0,0.0,0,0.0,0.0,7.0,10.0,8.0,11.0,8.0,6
3204,3204,78,38,564650.0,135050.0,10780038,3,0,4,0,0,0,0,135050.0,564650.0,3204,2,1,4,2,3,2,4,3,2,3,1,2,0.0,0.0,0.0,0,0.0,0.0,6.0,10.0,8.0,11.0,8.0,7
3205,3205,78,39,564750.0,135050.0,10780039,2,0,4,0,0,0,0,135050.0,564750.0,3205,2,1,3,2,2,2,4,3,1,3,1,2,0.0,0.0,0.0,0,0.0,0.0,5.0,9.0,6.0,11.0,6.0,7
3206,3206,78,40,564850.0,135050.0,10780040,2,0,4,0,0,0,0,135050.0,564850.0,3206,2,1,3,2,2,2,4,3,1,2,1,2,0.0,0.0,0.0,0,0.0,0.0,5.0,9.0,6.0,11.0,5.0,7
3207,3207,78,41,564950.0,135050.0,10780041,1,0,4,0,0,0,0,135050.0,564950.0,3207,2,1,2,3,2,3,4,3,0,2,1,2,0.0,0.0,0.0,0,0.0,0.0,4.0,9.0,6.0,11.0,3.0,7
3208,3208,78,42,565050.0,135050.0,10780042,1,0,4,0,0,0,0,135050.0,565050.0,3208,2,1,1,3,2,3,4,3,0,1,0,2,0.0,0.0,0.0,0,0.0,0.0,4.0,8.0,6.0,11.0,2.0,6
3209,3209,78,43,565150.0,135050.0,10780043,0,0,4,0,0,0,0,135050.0,565150.0,3209,2,1,1,3,2,4,4,3,0,1,0,2,0.0,0.0,0.0,0,0.0,0.0,3.0,8.0,6.0,11.0,1.0,6
3210,3210,78,44,565250.0,135050.0,10780044,0,0,4,0,0,0,0,135050.0,565250.0,3210,2,2,1,3,2,4,4,3,0,1,0,2,0.0,0.0,0.0,0,0.0,0.0,4.0,8.0,6.0,11.0,1.0,6
3211,3211,78,45,565350.0,135050.0,10780045,0,0,3,0,0,0,0,135050.0,565350.0,3211,2,2,1,3,1,4,4,3,0,3,0,2,0.0,0.0,0.0,0,0.0,0.0,4.0,7.0,5.0,10.0,3.0,5
3212,3212,78,46,565450.0,135050.0,10780046,0,0,3,0,0,0,0,135050.0,565450.0,3212,3,3,0,3,1,4,4,3,1,3,0,2,0.0,0.0,0.0,0,0.0,0.0,6.0,6.0,5.0,10.0,4.0,5
3213,3213,78,47,565550.0,135050.0,10780047,1,0,2,0,0,0,0,135050.0,565550.0,3213,3,3,0,3,0,2,4,3,0,1,0,1,0.0,0.0,0.0,0,0.0,0.0,7.0,5.0,3.0,9.0,2.0,3
3214,3214,78,48,565650.0,135050.0,10780048,1,0,2,0,0,0,0,135050.0,565650.0,3214,2,4,0,4,0,1,4,3,1,0,0,1,0.0,0.0,0.0,0,0.0,0.0,7.0,6.0,2.0,9.0,2.0,3
3215,3215,78,49,565750.0,135050.0,10780049,1,0,1,0,0,0,0,135050.0,565750.0,3215,2,4,0,4,0,0,4,3,2,0,0,1,0.0,0.0,0.0,0,0.0,0.0,7.0,5.0,1.0,8.0,3.0,2
3216,3216,78,50,565850.0,135050.0,10780050,1,0,1,0,0,0,0,135050.0,565850.0,3216,2,4,0,4,0,0,4,3,3,1,0,0,0.0,0.0,0.0,0,1.0,0.0,8.0,5.0,1.0,8.0,5.0,1
3217,3217,78,51,565950.0,135050.0,10780051,0,0,0,0,0,0,0,135050.0,565950.0,3217,1,4,0,4,0,0,4,3,1,1,0,0,0.0,0.0,0.0,0,1.75,0.0,6.75,4.0,0.0,7.0,2.0,0
3218,3218,78,52,566050.0,135050.0,10780052,0,0,0,0,0,0,0,135050.0,566050.0,3218,0,4,0,4,0,0,4,3,0,0,0,0,0.0,0.0,0.0,0,1.0,0.0,5.0,4.0,0.0,7.0,0.0,0
3219,3219,78,53,566150.0,135050.0,10780053,0,0,0,0,0,0,0,135050.0,566150.0,3219,0,4,0,4,0,0,4,3,0,0,0,0,0.0,0.0,0.0,0,2.25,0.0,6.25,4.0,0.0,7.0,0.0,0
3220,3220,78,54,566250.0,135050.0,10780054,0,0,0,0,0,0,0,135050.0,566250.0,3220,0,3,0,4,0,0,4,3,0,0,0,0,0.0,0.0,0.0,0,2.5,0.0,5.5,4.0,0.0,7.0,0.0,0
3221,3221,78,55,566350.0,135050.0,10780055,0,0,1,0,0,0,0,135050.0,566350.0,3221,0,0,0,4,0,0,4,3,0,0,0,1,0.0,0.0,0.0,0,2.5,0.0,2.5,5.0,0.0,8.0,0.0,2
3222,3222,78,56,566450.0,135050.0,10780056,0,0,1,0,0,0,0,135050.0,566450.0,3222,0,0,0,4,0,0,4,3,2,0,0,2,0.0,0.0,0.0,0,2.5,0.0,2.5,5.0,0.0,8.0,2.0,3
3223,3223,78,57,566550.0,135050.0,10780057,0,0,2,0,0,0,0,135050.0,566550.0,3223,0,0,0,4,0,0,4,3,3,0,0,3,0.0,0.0,0.0,0,2.5,0.0,2.5,6.0,0.0,9.0,3.0,5
3224,3224,78,58,566650.0,135050.0,10780058,0,0,2,0,0,0,0,135050.0,566650.0,3224,0,0,0,4,0,0,0,3,4,0,0,3,0.0,0.0,0.0,0,2.5,0.0,2.5,6.0,0.0,5.0,4.0,5
3225,3225,78,59,566750.0,135050.0,10780059,0,0,3,0,0,0,0,135050.0,566750.0,3225,0,0,0,4,0,0,0,3,4,0,0,4,0.0,0.0,0.0,0,2.5,0.0,2.5,7.0,0.0,6.0,4.0,7
3226,3226,78,60,566850.0,135050.0,10780060,0,1,3,0,0,0,0,135050.0,566850.0,3226,0,0,1,3,0,0,0,3,4,0,0,4,0.0,0.0,0.0,0,2.5,0.0,3.5,7.0,1.0,6.0,5.0,7
3227,3227,78,61,566950.0,135050.0,10780061,0,1,4,0,0,0,0,135050.0,566950.0,3227,0,0,3,3,0,0,0,4,4,0,0,4,0.0,0.0,0.0,0,2.5,0.0,3.5,10.0,1.0,8.0,5.0,8
3228,3228,78,62,567050.0,135050.0,10780062,0,0,3,0,0,0,0,135050.0,567050.0,3228,0,0,4,0,0,0,0,4,4,0,1,4,0.0,0.0,0.0,0,2.5,0.0,2.5,7.0,0.0,7.0,4.0,8
3229,3229,78,63,567150.0,135050.0,10780063,0,0,3,0,0,0,0,135050.0,567150.0,3229,0,0,4,0,0,0,0,4,3,0,1,4,0.0,0.0,0.0,0,2.5,0.0,2.5,7.0,0.0,7.0,3.0,8
3230,3230,78,64,567250.0,135050.0,10780064,0,1,3,0,0,0,0,135050.0,567250.0,3230,0,0,4,0,0,0,0,4,3,0,2,4,0.0,0.0,0.0,0,2.5,0.0,3.5,7.0,1.0,7.0,4.0,9
3231,3231,78,65,567350.0,135050.0,10780065,0,2,3,0,0,0,0,135050.0,567350.0,3231,0,0,4,0,0,0,0,4,3,0,2,4,0.0,0.0,0.0,0,2.5,0.0,4.5,7.0,2.0,7.0,5.0,9
3232,3232,78,66,567450.0,135050.0,10780066,0,3,2,0,0,0,0,135050.0,567450.0,3232,0,0,4,0,0,0,0,4,4,0,3,3,0.0,0.0,0.0,0,2.5,0.0,5.5,6.0,3.0,6.0,7.0,8
3233,3233,78,67,567550.0,135050.0,10780067,0,3,2,0,0,0,0,135050.0,567550.0,3233,1,0,4,0,0,0,0,3,4,0,3,3,0.0,0.0,1.0,0,2.5,0.0,6.5,6.0,3.0,5.0,8.0,8
3234,3234,78,68,567650.0,135050.0,10780068,0,4,2,0,0,0,0,135050.0,567650.0,3234,1,0,4,0,0,0,0,3,4,0,3,2,0.0,0.0,1.75,0,2.5,0.0,7.5,6.0,4.0,5.0,9.75,7
3235,3235,78,69,567750.0,135050.0,10780069,0,3,2,0,0,0,0,135050.0,567750.0,3235,1,0,4,0,0,0,0,3,4,0,3,1,0.0,0.0,2.25,0,2.5,0.0,6.5,6.0,3.0,5.0,9.25,6
3236,3236,78,70,567850.0,135050.0,10780070,0,3,2,0,0,0,0,135050.0,567850.0,3236,0,0,4,0,0,0,4,3,4,0,3,1,0.0,0.0,0.75,0,2.5,0.0,5.5,6.0,3.0,9.0,7.75,6
3237,3237,78,71,567950.0,135050.0,10780071,0,3,2,0,0,0,0,135050.0,567950.0,3237,0,0,4,0,0,1,4,3,3,0,3,0,0.0,0.0,0.25,0,2.5,0.0,5.5,6.0,4.0,9.0,6.25,5
3238,3238,78,72,568050.0,135050.0,10780072,0,2,3,0,0,0,0,135050.0,568050.0,3238,0,0,4,0,0,1,4,3,2,0,3,0,0.0,0.0,0.0,0,2.5,0.0,4.5,7.0,3.0,10.0,4.0,6
3239,3239,78,73,568150.0,135050.0,10780073,0,1,3,0,0,0,0,135050.0,568150.0,3239,0,0,4,0,0,1,4,3,1,0,3,0,0.0,0.0,0.0,0,2.5,0.0,3.5,7.0,2.0,10.0,2.0,6
3240,3240,78,74,568250.0,135050.0,10780074,0,0,3,0,0,0,0,135050.0,568250.0,3240,0,0,4,0,1,2,4,3,0,0,4,0,0.0,0.0,0.0,0,2.5,0.0,2.5,7.0,3.0,10.0,0.0,7
3241,3241,78,75,568350.0,135050.0,10780075,0,0,3,0,0,0,0,135050.0,568350.0,3241,0,0,4,0,1,2,4,3,0,0,4,0,0.0,0.0,1.0,0,2.5,0.0,2.5,7.0,3.0,10.0,1.0,7
3242,3242,78,76,568450.0,135050.0,10780076,0,0,3,0,0,0,0,135050.0,568450.0,3242,0,0,4,0,1,2,4,3,0,0,4,0,0.0,0.0,0.0,0,2.5,0.0,2.5,7.0,3.0,10.0,0.0,7
3243,3243,78,77,568550.0,135050.0,10780077,0,0,3,0,0,0,0,135050.0,568550.0,3243,0,0,4,0,1,3,4,3,0,0,4,0,0.0,0.0,0.0,0,2.5,0.0,2.5,7.0,4.0,10.0,0.0,7
3244,3244,78,78,568650.0,135050.0,10780078,0,0,2,0,0,0,0,135050.0,568650.0,3244,0,0,3,0,1,3,4,3,0,0,4,0,0.0,0.0,0.0,0,2.5,0.0,2.5,5.0,4.0,9.0,0.0,6
3245,3245,78,79,568750.0,135050.0,10780079,1,0,2,0,0,0,0,135050.0,568750.0,3245,0,0,1,0,1,3,4,3,0,0,4,0,0.0,0.0,0.0,0,2.5,0.0,3.5,3.0,5.0,9.0,1.0,6
3246,3246,78,80,568850.0,135050.0,10780080,1,0,1,0,0,0,0,135050.0,568850.0,3246,0,0,0,0,1,3,4,3,0,0,4,0,0.0,0.0,0.0,0,2.5,0.0,3.5,1.0,5.0,8.0,1.0,5
3247,3247,78,81,568950.0,135050.0,10780081,1,0,1,0,0,0,0,135050.0,568950.0,3247,0,0,0,0,1,3,4,3,0,0,4,0,0.0,0.0,0.0,0,2.5,0.0,3.5,1.0,5.0,8.0,1.0,5
3248,3248,78,82,569050.0,135050.0,10780082,0,0,1,0,0,0,0,135050.0,569050.0,3248,0,0,0,1,1,3,4,3,0,0,4,0,0.0,0.0,0.0,0,2.5,0.0,2.5,2.0,4.0,8.0,0.0,5
3249,3249,78,83,569150.0,135050.0,10780083,0,0,1,0,0,0,0,135050.0,569150.0,3249,0,0,0,2,1,3,4,3,0,0,4,0,0.0,0.0,0.0,0,2.5,0.0,2.5,3.0,4.0,8.0,0.0,5
3250,3250,78,84,569250.0,135050.0,10780084,0,0,1,0,0,0,0,135050.0,569250.0,3250,0,0,0,1,2,3,4,3,0,1,4,0,0.0,0.0,0.0,0,2.5,0.0,2.5,2.0,5.0,8.0,1.0,5
3251,3251,78,85,569350.0,135050.0,10780085,0,0,1,0,0,0,0,135050.0,569350.0,3251,0,0,0,1,2,4,4,3,0,2,4,0,0.0,0.0,0.0,0,2.5,0.0,2.5,2.0,6.0,8.0,2.0,5
3252,3252,78,86,569450.0,135050.0,10780086,0,0,2,0,0,0,0,135050.0,569450.0,3252,0,1,0,0,2,4,4,3,0,2,4,0,0.0,0.0,0.0,0,2.5,0.0,3.5,2.0,6.0,9.0,2.0,6
3253,3253,78,87,569550.0,135050.0,10780087,0,0,2,0,0,0,0,135050.0,569550.0,3253,0,1,0,0,2,4,4,3,0,1,4,0,0.0,0.0,0.0,0,2.5,0.0,3.5,2.0,6.0,9.0,1.0,6
3254,3254,78,88,569650.0,135050.0,10780088,0,0,3,0,0,0,0,135050.0,569650.0,3254,0,2,0,0,2,4,4,3,0,1,4,0,0.0,0.0,0.0,0,2.5,0.0,4.5,3.0,6.0,10.0,1.0,7
3255,3255,78,89,569750.0,135050.0,10780089,1,0,3,0,0,0,0,135050.0,569750.0,3255,0,3,1,0,2,3,4,3,0,0,4,0,0.0,0.0,0.0,0,2.5,0.0,6.5,4.0,6.0,10.0,1.0,7
3256,3256,78,90,569850.0,135050.0,10780090,1,0,4,0,0,0,0,135050.0,569850.0,3256,0,4,1,0,3,3,4,3,0,0,4,0,0.0,0.0,0.0,0,0.0,0.0,5.0,5.0,7.0,11.0,1.0,8
3257,3257,78,91,569950.0,135050.0,10780091,0,0,4,0,0,0,0,135050.0,569950.0,3257,0,4,1,0,3,3,4,3,0,0,4,0,0.0,0.0,0.0,0,0.0,0.0,4.0,5.0,6.0,11.0,0.0,8
3258,3258,78,92,570050.0,135050.0,10780092,0,0,4,0,0,0,0,135050.0,570050.0,3258,0,4,1,0,3,3,4,3,0,0,4,0,0.0,0.0,0.0,0,0.0,0.0,4.0,5.0,6.0,11.0,0.0,8
3259,3259,78,93,570150.0,135050.0,10780093,0,0,4,0,0,0,0,135050.0,570150.0,3259,1,4,1,0,3,3,4,3,0,0,4,0,0.0,0.0,0.0,0,0.0,0.0,5.0,5.0,6.0,11.0,0.0,8
3260,3260,78,94,570250.0,135050.0,10780094,0,0,4,0,0,0,0,135050.0,570250.0,3260,3,4,1,0,3,3,4,3,0,0,4,0,0.0,0.0,0.0,0,0.0,0.0,7.0,5.0,6.0,11.0,0.0,8
3261,3261,78,95,570350.0,135050.0,10780095,1,0,4,0,0,0,0,135050.0,570350.0,3261,3,4,2,0,3,3,4,3,0,0,4,0,0.0,0.0,0.0,0,0.0,0.0,8.0,6.0,7.0,11.0,1.0,8
3262,3262,78,96,570450.0,135050.0,10780096,1,0,4,0,0,0,0,135050.0,570450.0,3262,3,4,2,0,3,3,4,3,0,0,4,1,0.0,0.0,0.0,0,0.0,0.0,8.0,6.0,7.0,11.0,1.0,9
3263,3263,78,97,570550.0,135050.0,10780097,2,0,4,0,0,0,0,135050.0,570550.0,3263,3,4,2,0,3,3,4,3,0,0,4,1,0.0,0.0,0.0,0,0.0,0.0,9.0,6.0,8.0,11.0,2.0,9
3264,3264,78,98,570650.0,135050.0,10780098,2,0,4,0,0,0,0,135050.0,570650.0,3264,3,4,2,0,3,3,4,3,0,0,4,1,0.0,0.0,0.0,0,0.0,0.0,9.0,6.0,8.0,11.0,2.0,9
3265,3265,78,99,570750.0,135050.0,10780099,2,0,4,0,0,0,0,135050.0,570750.0,3265,3,4,2,0,3,3,4,3,0,0,3,2,0.0,0.0,0.0,0,0.0,0.0,9.0,6.0,8.0,11.0,2.0,9
3266,3266,78,100,570850.0,135050.0,10780100,1,0,4,0,0,0,0,135050.0,570850.0,3266,2,4,2,0,3,3,4,3,0,0,3,2,0.0,0.0,0.0,0,0.0,0.0,7.0,6.0,7.0,11.0,1.0,9
3267,3267,78,101,570950.0,135050.0,10780101,1,0,4,0,0,0,0,135050.0,570950.0,3267,1,4,2,1,3,3,4,3,0,0,3,3,0.0,0.0,0.0,0,0.0,0.0,6.0,7.0,7.0,11.0,1.0,10
3268,3268,78,102,571050.0,135050.0,10780102,0,0,4,0,0,0,0,135050.0,571050.0,3268,1,4,2,1,2,2,4,3,0,0,3,3,0.0,0.0,0.0,0,0.0,0.0,5.0,7.0,4.0,11.0,0.0,10
3269,3269,78,103,571150.0,135050.0,10780103,0,0,4,0,0,0,0,135050.0,571150.0,3269,0,4,2,1,2,2,4,3,0,0,3,3,0.0,0.0,0.0,0,0.0,0.0,4.0,7.0,4.0,11.0,0.0,10
3270,3270,78,104,571250.0,135050.0,10780104,0,0,4,0,0,0,0,135050.0,571250.0,3270,0,3,2,1,2,2,4,3,0,0,3,3,0.0,0.0,0.0,0,0.0,0.0,3.0,7.0,4.0,11.0,0.0,10
3271,3271,78,105,571350.0,135050.0,10780105,0,0,4,0,0,0,0,135050.0,571350.0,3271,0,3,2,1,2,3,4,3,0,0,3,3,0.0,0.0,0.0,0,0.0,0.0,3.0,7.0,5.0,11.0,0.0,10
3272,3272,78,106,571450.0,135050.0,10780106,1,0,4,0,0,0,0,135050.0,571450.0,3272,0,3,2,1,2,3,4,3,0,0,3,3,0.0,0.0,0.0,0,0.0,0.0,4.0,7.0,6.0,11.0,1.0,10
3273,3273,78,107,571550.0,135050.0,10780107,1,0,4,0,0,0,0,135050.0,571550.0,3273,0,3,2,1,2,3,4,3,0,0,3,3,0.0,0.0,0.0,0,0.0,0.0,4.0,7.0,6.0,11.0,1.0,10
3274,3274,78,108,571650.0,135050.0,10780108,2,0,4,0,0,0,0,135050.0,571650.0,3274,0,2,2,1,2,3,4,3,0,0,3,3,0.0,0.0,0.0,0,0.0,0.0,4.0,7.0,7.0,11.0,2.0,10
3275,3275,78,109,571750.0,135050.0,10780109,2,0,4,0,0,0,0,135050.0,571750.0,3275,1,2,2,1,2,3,4,3,1,0,3,2,0.0,0.0,0.0,0,0.0,0.0,5.0,7.0,7.0,11.0,3.0,9
3276,3276,78,110,571850.0,135050.0,10780110,3,0,4,0,0,0,0,135050.0,571850.0,3276,1,2,2,1,2,3,4,3,1,0,3,2,0.0,0.0,0.0,0,0.0,0.0,6.0,7.0,8.0,11.0,4.0,9
3277,3277,78,111,571950.0,135050.0,10780111,3,0,4,0,0,0,0,135050.0,571950.0,3277,1,2,2,1,2,4,4,3,1,0,3,2,0.0,0.0,0.0,0,0.0,0.0,6.0,7.0,9.0,11.0,4.0,9
3278,3278,78,112,572050.0,135050.0,10780112,4,0,4,0,0,0,0,135050.0,572050.0,3278,2,2,2,1,2,4,4,3,2,1,2,2,0.0,0.0,0.0,0,0.0,0.0,8.0,7.0,10.0,11.0,7.0,8
3279,3279,78,113,572150.0,135050.0,10780113,4,0,4,0,0,0,0,135050.0,572150.0,3279,2,2,2,1,3,4,4,3,2,1,2,2,0.0,0.0,0.0,0,0.0,0.0,8.0,7.0,11.0,11.0,7.0,8
3280,3280,79,32,564050.0,134950.0,10790032,4,0,4,0,0,0,0,134950.0,564050.0,3280,3,3,3,2,3,2,4,3,3,2,2,1,0.0,0.0,0.0,0,0.0,0.0,10.0,9.0,9.0,11.0,9.0,7
3281,3281,79,33,564150.0,134950.0,10790033,4,0,4,0,0,0,0,134950.0,564150.0,3281,3,2,3,2,3,3,4,3,3,2,2,1,0.0,0.0,0.0,0,0.0,0.0,9.0,9.0,10.0,11.0,9.0,7
3282,3282,79,34,564250.0,134950.0,10790034,4,0,4,0,0,0,0,134950.0,564250.0,3282,3,2,3,2,2,3,4,3,2,2,1,1,0.0,0.0,0.0,0,0.0,0.0,9.0,9.0,9.0,11.0,8.0,6
3283,3283,79,35,564350.0,134950.0,10790035,4,0,4,0,0,0,0,134950.0,564350.0,3283,3,2,3,2,2,3,4,3,2,2,1,1,0.0,0.0,0.0,0,0.0,0.0,9.0,9.0,9.0,11.0,8.0,6
3284,3284,79,36,564450.0,134950.0,10790036,4,0,4,0,0,0,0,134950.0,564450.0,3284,2,2,3,2,2,2,4,3,2,2,1,1,0.0,0.0,0.0,0,0.0,0.0,8.0,9.0,8.0,11.0,8.0,6
3285,3285,79,37,564550.0,134950.0,10790037,3,0,4,0,0,0,0,134950.0,564550.0,3285,2,2,4,2,3,2,4,3,2,3,1,1,0.0,0.0,0.0,0,0.0,0.0,7.0,10.0,8.0,11.0,8.0,6
3286,3286,79,38,564650.0,134950.0,10790038,3,0,4,0,0,0,0,134950.0,564650.0,3286,2,1,4,2,3,2,4,3,2,3,1,1,0.0,0.0,0.0,0,0.0,0.0,6.0,10.0,8.0,11.0,8.0,6
3287,3287,79,39,564750.0,134950.0,10790039,2,0,4,0,0,0,0,134950.0,564750.0,3287,2,1,3,2,2,2,4,3,1,3,1,2,0.0,0.0,0.0,0,0.0,0.0,5.0,9.0,6.0,11.0,6.0,7
3288,3288,79,40,564850.0,134950.0,10790040,2,0,4,0,0,0,0,134950.0,564850.0,3288,2,1,3,2,2,2,4,3,1,3,1,2,0.0,0.0,0.0,0,0.0,0.0,5.0,9.0,6.0,11.0,6.0,7
3289,3289,79,41,564950.0,134950.0,10790041,1,0,4,0,0,0,0,134950.0,564950.0,3289,2,1,2,3,2,3,4,3,0,2,1,2,0.0,0.0,0.0,0,0.0,0.0,4.0,9.0,6.0,11.0,3.0,7
3290,3290,79,42,565050.0,134950.0,10790042,1,0,4,0,0,0,0,134950.0,565050.0,3290,2,1,1,3,2,4,4,3,0,1,0,2,0.0,0.0,0.0,0,0.0,0.0,4.0,8.0,7.0,11.0,2.0,6
3291,3291,79,43,565150.0,134950.0,10790043,0,0,4,0,0,0,0,134950.0,565150.0,3291,1,1,1,3,2,4,4,3,0,1,0,2,0.0,0.0,0.0,0,0.0,0.0,2.0,8.0,6.0,11.0,1.0,6
3292,3292,79,44,565250.0,134950.0,10790044,0,0,4,0,0,0,0,134950.0,565250.0,3292,2,1,1,3,2,4,4,3,0,1,0,2,0.0,0.0,0.0,0,0.0,0.0,3.0,8.0,6.0,11.0,1.0,6
3293,3293,79,45,565350.0,134950.0,10790045,0,0,3,0,0,0,0,134950.0,565350.0,3293,2,2,1,3,2,4,4,3,0,1,0,2,0.0,0.0,0.0,0,0.0,0.0,4.0,7.0,6.0,10.0,1.0,5
3294,3294,79,46,565450.0,134950.0,10790046,0,0,3,0,0,0,0,134950.0,565450.0,3294,2,3,0,3,1,4,4,3,0,1,0,2,0.0,0.0,0.0,0,0.0,0.0,5.0,6.0,5.0,10.0,1.0,5
3295,3295,79,47,565550.0,134950.0,10790047,1,0,2,0,0,0,0,134950.0,565550.0,3295,2,3,0,3,0,2,4,3,0,1,0,2,0.0,0.0,0.0,0,0.0,0.0,6.0,5.0,3.0,9.0,2.0,4
3296,3296,79,48,565650.0,134950.0,10790048,1,0,2,0,0,0,0,134950.0,565650.0,3296,2,3,0,4,0,1,4,3,1,0,0,1,0.0,0.0,0.0,0,0.0,0.0,6.0,6.0,2.0,9.0,2.0,3
3297,3297,79,49,565750.0,134950.0,10790049,1,0,1,0,0,0,0,134950.0,565750.0,3297,2,4,0,4,0,1,4,3,2,0,0,1,0.0,0.0,0.0,0,0.0,0.0,7.0,5.0,2.0,8.0,3.0,2
3298,3298,79,50,565850.0,134950.0,10790050,1,0,1,0,0,0,0,134950.0,565850.0,3298,1,4,0,4,0,1,4,3,3,1,0,1,0.0,0.0,0.0,0,0.0,0.0,6.0,5.0,2.0,8.0,5.0,2
3299,3299,79,51,565950.0,134950.0,10790051,0,0,0,0,0,0,0,134950.0,565950.0,3299,1,4,0,4,0,1,4,3,3,3,0,0,0.0,0.0,0.0,0,1.75,0.0,6.75,4.0,1.0,7.0,6.0,0
3300,3300,79,52,566050.0,134950.0,10790052,0,0,0,0,0,0,0,134950.0,566050.0,3300,0,4,0,4,0,0,4,3,3,4,0,0,0.0,0.0,0.0,0,1.75,0.0,5.75,4.0,0.0,7.0,7.0,0
3301,3301,79,53,566150.0,134950.0,10790053,0,0,0,0,0,0,0,134950.0,566150.0,3301,0,4,0,4,0,0,4,3,1,4,0,0,0.0,0.0,0.0,0,2.5,0.0,6.5,4.0,0.0,7.0,5.0,0
3302,3302,79,54,566250.0,134950.0,10790054,0,0,0,0,0,0,0,134950.0,566250.0,3302,0,1,0,4,0,0,4,3,0,3,0,0,0.0,0.0,0.0,0,2.5,0.0,3.5,4.0,0.0,7.0,3.0,0
3303,3303,79,55,566350.0,134950.0,10790055,0,0,1,0,0,0,0,134950.0,566350.0,3303,0,0,0,4,0,0,4,3,1,1,0,1,0.0,0.0,0.0,0,2.5,0.0,2.5,5.0,0.0,8.0,2.0,2
3304,3304,79,56,566450.0,134950.0,10790056,0,0,1,0,0,0,0,134950.0,566450.0,3304,0,0,0,4,0,1,4,3,3,0,0,2,0.0,0.0,0.0,0,2.5,0.0,2.5,5.0,1.0,8.0,3.0,3
3305,3305,79,57,566550.0,134950.0,10790057,0,0,2,0,0,0,0,134950.0,566550.0,3305,0,0,0,4,0,1,4,3,3,0,0,3,0.0,0.0,0.0,0,2.5,0.0,2.5,6.0,1.0,9.0,3.0,5
3306,3306,79,58,566650.0,134950.0,10790058,0,0,2,0,0,0,0,134950.0,566650.0,3306,0,0,0,4,0,2,4,3,3,0,0,3,0.0,0.0,0.0,0,2.5,0.0,2.5,6.0,2.0,9.0,3.0,5
3307,3307,79,59,566750.0,134950.0,10790059,0,0,3,0,0,0,0,134950.0,566750.0,3307,0,0,0,4,0,2,0,3,3,0,0,4,0.0,0.0,0.0,0,2.5,0.0,2.5,7.0,2.0,6.0,3.0,7
3308,3308,79,60,566850.0,134950.0,10790060,0,0,3,0,0,0,0,134950.0,566850.0,3308,0,0,1,3,0,2,0,3,4,0,0,4,0.0,0.0,0.0,0,2.5,0.0,2.5,7.0,2.0,6.0,4.0,7
3309,3309,79,61,566950.0,134950.0,10790061,0,0,4,0,0,0,0,134950.0,566950.0,3309,0,0,3,3,0,1,0,3,4,0,0,4,0.0,0.0,0.0,0,2.5,0.0,2.5,10.0,1.0,7.0,4.0,8
3310,3310,79,62,567050.0,134950.0,10790062,0,0,4,0,0,0,0,134950.0,567050.0,3310,0,0,4,1,0,0,0,3,3,0,1,4,0.0,0.0,0.0,0,2.5,0.0,2.5,9.0,0.0,7.0,3.0,9
3311,3311,79,63,567150.0,134950.0,10790063,0,0,3,0,0,0,0,134950.0,567150.0,3311,0,0,4,0,0,0,0,3,3,0,1,4,0.0,0.0,0.0,0,2.5,0.0,2.5,7.0,0.0,6.0,3.0,8
3312,3312,79,64,567250.0,134950.0,10790064,0,1,3,0,0,0,0,134950.0,567250.0,3312,0,0,4,0,0,0,0,3,3,0,2,4,0.0,0.0,0.0,0,2.5,0.0,3.5,7.0,1.0,6.0,4.0,9
3313,3313,79,65,567350.0,134950.0,10790065,0,2,3,0,0,0,0,134950.0,567350.0,3313,0,0,4,0,0,0,0,3,3,0,2,4,0.0,0.0,0.0,0,2.5,0.0,4.5,7.0,2.0,6.0,5.0,9
3314,3314,79,66,567450.0,134950.0,10790066,0,3,2,0,0,0,0,134950.0,567450.0,3314,0,0,4,0,0,0,0,3,4,0,3,3,0.0,0.0,0.0,0,2.5,0.0,5.5,6.0,3.0,5.0,7.0,8
3315,3315,79,67,567550.0,134950.0,10790067,0,3,2,0,0,0,0,134950.0,567550.0,3315,0,0,4,0,0,0,0,3,4,0,3,3,0.0,0.0,1.0,0,2.5,0.0,5.5,6.0,3.0,5.0,8.0,8
3316,3316,79,68,567650.0,134950.0,10790068,0,3,2,0,0,0,0,134950.0,567650.0,3316,0,0,4,0,0,0,4,3,4,0,3,2,0.0,0.0,1.0,0,2.5,0.0,5.5,6.0,3.0,9.0,8.0,7
3317,3317,79,69,567750.0,134950.0,10790069,0,3,2,0,0,0,0,134950.0,567750.0,3317,0,0,4,0,0,0,4,3,4,0,3,1,0.0,0.0,1.5,0,2.5,0.0,5.5,6.0,3.0,9.0,8.5,6
3318,3318,79,70,567850.0,134950.0,10790070,0,3,2,0,0,0,0,134950.0,567850.0,3318,0,0,4,0,0,0,4,3,3,0,3,1,0.0,0.0,0.75,0,2.5,0.0,5.5,6.0,3.0,9.0,6.75,6
3319,3319,79,71,567950.0,134950.0,10790071,0,3,3,0,0,0,0,134950.0,567950.0,3319,0,0,4,0,0,1,4,3,2,0,3,0,0.0,0.0,0.75,0,2.5,0.0,5.5,7.0,4.0,10.0,5.75,6
3320,3320,79,72,568050.0,134950.0,10790072,0,2,3,0,0,0,0,134950.0,568050.0,3320,0,0,4,0,0,1,4,3,1,0,3,0,0.0,0.0,0.0,0,2.5,0.0,4.5,7.0,3.0,10.0,3.0,6
3321,3321,79,73,568150.0,134950.0,10790073,0,1,3,0,0,0,0,134950.0,568150.0,3321,0,0,4,0,0,1,4,3,0,0,3,0,0.0,0.0,0.0,0,2.5,0.0,3.5,7.0,2.0,10.0,1.0,6
3322,3322,79,74,568250.0,134950.0,10790074,0,0,4,0,0,0,0,134950.0,568250.0,3322,0,0,4,0,1,2,4,3,0,0,4,0,0.0,0.0,0.0,0,2.5,0.0,2.5,8.0,3.0,11.0,0.0,8
3323,3323,79,75,568350.0,134950.0,10790075,0,0,4,0,0,0,0,134950.0,568350.0,3323,0,0,4,0,1,2,4,3,0,0,4,0,0.0,0.0,1.0,0,2.5,0.0,2.5,8.0,3.0,11.0,1.0,8
3324,3324,79,76,568450.0,134950.0,10790076,0,0,3,0,0,0,0,134950.0,568450.0,3324,0,0,4,0,1,3,4,3,0,0,4,0,0.0,0.0,1.0,0,2.5,0.0,2.5,7.0,4.0,10.0,1.0,7
3325,3325,79,77,568550.0,134950.0,10790077,0,0,3,0,0,0,0,134950.0,568550.0,3325,0,0,4,0,1,3,4,3,0,0,4,0,0.0,0.0,0.0,0,2.5,0.0,2.5,7.0,4.0,10.0,0.0,7
3326,3326,79,78,568650.0,134950.0,10790078,0,0,2,0,0,0,0,134950.0,568650.0,3326,0,0,2,0,1,3,4,3,0,0,4,0,0.0,0.0,0.0,0,2.5,0.0,2.5,4.0,4.0,9.0,0.0,6
3327,3327,79,79,568750.0,134950.0,10790079,1,0,2,0,0,0,0,134950.0,568750.0,3327,0,0,1,0,2,3,4,3,0,0,4,0,0.0,0.0,0.0,0,2.5,0.0,3.5,3.0,6.0,9.0,1.0,6
3328,3328,79,80,568850.0,134950.0,10790080,1,0,2,0,0,0,0,134950.0,568850.0,3328,0,0,0,0,2,3,4,3,1,0,4,0,0.0,0.0,0.0,0,2.5,0.0,3.5,2.0,6.0,9.0,2.0,6
3329,3329,79,81,568950.0,134950.0,10790081,1,0,1,0,0,0,0,134950.0,568950.0,3329,0,0,0,0,2,3,4,3,1,0,4,0,0.0,0.0,0.0,0,2.5,0.0,3.5,1.0,6.0,8.0,2.0,5
3330,3330,79,82,569050.0,134950.0,10790082,0,0,1,0,0,0,0,134950.0,569050.0,3330,0,0,0,1,2,3,4,3,0,0,4,0,0.0,0.0,0.0,0,2.5,0.0,2.5,2.0,5.0,8.0,0.0,5
3331,3331,79,83,569150.0,134950.0,10790083,0,0,1,0,0,0,0,134950.0,569150.0,3331,0,0,0,1,2,3,4,3,0,0,4,0,0.0,0.0,0.0,0,2.5,0.0,2.5,2.0,5.0,8.0,0.0,5
3332,3332,79,84,569250.0,134950.0,10790084,0,0,2,0,0,0,0,134950.0,569250.0,3332,0,0,0,0,2,3,4,3,0,1,4,0,0.0,0.0,1.0,0,2.5,0.0,2.5,2.0,5.0,9.0,2.0,6
3333,3333,79,85,569350.0,134950.0,10790085,0,0,2,0,0,0,0,134950.0,569350.0,3333,0,0,0,0,2,3,4,3,0,1,4,0,0.0,0.0,0.0,0,2.5,0.0,2.5,2.0,5.0,9.0,1.0,6
3334,3334,79,86,569450.0,134950.0,10790086,0,0,2,0,0,0,0,134950.0,569450.0,3334,0,1,0,0,3,4,4,3,0,1,4,0,0.0,0.0,0.0,0,2.5,0.0,3.5,2.0,7.0,9.0,1.0,6
3335,3335,79,87,569550.0,134950.0,10790087,0,0,2,0,0,0,0,134950.0,569550.0,3335,0,2,0,0,3,4,4,3,0,0,4,0,0.0,0.0,0.0,0,2.5,0.0,4.5,2.0,7.0,9.0,0.0,6
3336,3336,79,88,569650.0,134950.0,10790088,0,0,3,0,0,0,0,134950.0,569650.0,3336,0,3,1,0,3,3,4,3,0,0,4,0,0.0,0.0,0.0,0,2.5,0.0,5.5,4.0,6.0,10.0,0.0,7
3337,3337,79,89,569750.0,134950.0,10790089,0,0,3,0,0,0,0,134950.0,569750.0,3337,0,4,1,0,3,3,4,3,0,0,4,0,0.0,0.0,0.0,0,1.75,0.0,5.75,4.0,6.0,10.0,0.0,7
3338,3338,79,90,569850.0,134950.0,10790090,0,0,4,0,0,0,0,134950.0,569850.0,3338,0,4,1,0,3,3,4,3,0,0,4,0,0.0,0.0,0.0,0,0.0,0.0,4.0,5.0,6.0,11.0,0.0,8
3339,3339,79,91,569950.0,134950.0,10790091,0,0,4,0,0,0,0,134950.0,569950.0,3339,0,4,1,0,3,3,4,3,0,0,4,0,0.0,0.0,0.0,0,0.0,0.0,4.0,5.0,6.0,11.0,0.0,8
3340,3340,79,92,570050.0,134950.0,10790092,0,0,4,0,0,0,0,134950.0,570050.0,3340,0,4,1,0,3,3,4,3,0,0,4,0,0.0,0.0,0.0,0,0.0,0.0,4.0,5.0,6.0,11.0,0.0,8
3341,3341,79,93,570150.0,134950.0,10790093,0,0,4,0,0,0,0,134950.0,570150.0,3341,1,4,1,0,3,3,4,3,0,0,4,0,0.0,0.0,0.0,0,0.0,0.0,5.0,5.0,6.0,11.0,0.0,8
3342,3342,79,94,570250.0,134950.0,10790094,0,0,4,0,0,0,0,134950.0,570250.0,3342,2,4,1,0,3,3,4,3,0,0,4,0,0.0,0.0,0.0,0,0.0,0.0,6.0,5.0,6.0,11.0,0.0,8
3343,3343,79,95,570350.0,134950.0,10790095,1,0,4,0,0,0,0,134950.0,570350.0,3343,3,4,2,0,3,3,4,3,0,0,4,0,0.0,0.0,0.0,0,0.0,0.0,8.0,6.0,7.0,11.0,1.0,8
3344,3344,79,96,570450.0,134950.0,10790096,1,0,4,0,0,0,0,134950.0,570450.0,3344,3,4,2,0,3,3,4,3,0,0,4,1,0.0,0.0,0.0,0,0.0,0.0,8.0,6.0,7.0,11.0,1.0,9
3345,3345,79,97,570550.0,134950.0,10790097,2,0,4,0,0,0,0,134950.0,570550.0,3345,3,4,2,0,3,3,4,3,0,0,4,1,0.0,0.0,0.0,0,0.0,0.0,9.0,6.0,8.0,11.0,2.0,9
3346,3346,79,98,570650.0,134950.0,10790098,2,0,4,0,0,0,0,134950.0,570650.0,3346,3,4,2,0,3,3,4,3,0,0,4,1,0.0,0.0,0.0,0,0.0,0.0,9.0,6.0,8.0,11.0,2.0,9
3347,3347,79,99,570750.0,134950.0,10790099,2,0,4,0,0,0,0,134950.0,570750.0,3347,2,4,2,0,3,3,4,3,0,0,3,2,0.0,0.0,0.0,0,0.0,0.0,8.0,6.0,8.0,11.0,2.0,9
3348,3348,79,100,570850.0,134950.0,10790100,1,0,4,0,0,0,0,134950.0,570850.0,3348,1,4,2,0,2,3,4,3,0,0,3,2,0.0,0.0,0.0,0,0.0,0.0,6.0,6.0,6.0,11.0,1.0,9
3349,3349,79,101,570950.0,134950.0,10790101,1,0,4,0,0,0,0,134950.0,570950.0,3349,1,4,2,1,2,3,4,3,0,0,3,2,0.0,0.0,0.0,0,0.0,0.0,6.0,7.0,6.0,11.0,1.0,9
3350,3350,79,102,571050.0,134950.0,10790102,0,0,4,0,0,0,0,134950.0,571050.0,3350,0,4,2,1,2,2,4,3,0,0,3,3,0.0,0.0,0.0,0,0.0,0.0,4.0,7.0,4.0,11.0,0.0,10
3351,3351,79,103,571150.0,134950.0,10790103,0,0,4,0,0,0,0,134950.0,571150.0,3351,0,4,2,1,1,2,4,3,0,0,3,3,0.0,0.0,0.0,0,0.0,0.0,4.0,7.0,3.0,11.0,0.0,10
3352,3352,79,104,571250.0,134950.0,10790104,0,0,4,0,0,0,0,134950.0,571250.0,3352,0,3,2,1,1,2,4,3,0,0,3,3,0.0,0.0,0.0,0,0.0,0.0,3.0,7.0,3.0,11.0,0.0,10
3353,3353,79,105,571350.0,134950.0,10790105,0,0,4,0,0,0,0,134950.0,571350.0,3353,0,3,2,1,1,2,4,3,0,0,3,3,0.0,0.0,0.0,0,0.0,0.0,3.0,7.0,3.0,11.0,0.0,10
3354,3354,79,106,571450.0,134950.0,10790106,1,0,4,0,0,0,0,134950.0,571450.0,3354,0,3,2,1,1,2,4,3,0,0,3,3,0.0,0.0,0.0,0,0.0,0.0,4.0,7.0,4.0,11.0,1.0,10
3355,3355,79,107,571550.0,134950.0,10790107,1,0,4,0,0,0,0,134950.0,571550.0,3355,0,3,2,1,1,2,4,3,0,0,3,3,0.0,0.0,0.0,0,0.0,0.0,4.0,7.0,4.0,11.0,1.0,10
3356,3356,79,108,571650.0,134950.0,10790108,2,0,4,0,0,0,0,134950.0,571650.0,3356,0,3,2,1,1,2,4,3,0,0,3,2,0.0,0.0,0.0,0,0.0,0.0,5.0,7.0,5.0,11.0,2.0,9
3357,3357,79,109,571750.0,134950.0,10790109,2,0,4,0,0,0,0,134950.0,571750.0,3357,1,3,2,1,1,3,4,3,1,0,3,2,0.0,0.0,0.0,0,0.0,0.0,6.0,7.0,6.0,11.0,3.0,9
3358,3358,79,110,571850.0,134950.0,10790110,3,0,4,0,0,0,0,134950.0,571850.0,3358,1,2,2,1,1,3,4,3,1,0,3,2,0.0,0.0,0.0,0,0.0,0.0,6.0,7.0,7.0,11.0,4.0,9
3359,3359,79,111,571950.0,134950.0,10790111,3,0,4,0,0,0,0,134950.0,571950.0,3359,2,2,2,1,2,4,4,3,1,0,3,2,0.0,0.0,0.0,0,0.0,0.0,7.0,7.0,9.0,11.0,4.0,9
3360,3360,79,112,572050.0,134950.0,10790112,3,0,4,0,0,0,0,134950.0,572050.0,3360,2,2,2,1,2,4,4,3,2,1,2,2,0.0,0.0,0.0,0,0.0,0.0,7.0,7.0,9.0,11.0,6.0,8
3361,3361,79,113,572150.0,134950.0,10790113,4,0,4,0,0,0,0,134950.0,572150.0,3361,2,2,2,1,2,4,4,3,2,1,2,2,0.0,0.0,0.0,0,0.0,0.0,8.0,7.0,10.0,11.0,7.0,8
3362,3362,80,32,564050.0,134850.0,10800032,4,0,4,0,0,0,0,134850.0,564050.0,3362,3,3,3,2,3,2,4,3,3,3,2,1,0.0,0.0,0.0,0,0.0,0.0,10.0,9.0,9.0,11.0,10.0,7
3363,3363,80,33,564150.0,134850.0,10800033,4,0,4,0,0,0,0,134850.0,564150.0,3363,3,2,3,2,3,3,4,3,3,3,2,1,0.0,0.0,0.0,0,0.0,0.0,9.0,9.0,10.0,11.0,10.0,7
3364,3364,80,34,564250.0,134850.0,10800034,4,0,4,0,0,0,0,134850.0,564250.0,3364,3,2,3,2,2,3,4,3,3,2,1,1,0.0,0.0,0.0,0,0.0,0.0,9.0,9.0,9.0,11.0,9.0,6
3365,3365,80,35,564350.0,134850.0,10800035,4,0,4,0,0,0,0,134850.0,564350.0,3365,3,2,3,2,2,3,4,3,2,2,1,1,0.0,0.0,0.0,0,0.0,0.0,9.0,9.0,9.0,11.0,8.0,6
3366,3366,80,36,564450.0,134850.0,10800036,4,0,4,0,0,0,0,134850.0,564450.0,3366,3,2,3,2,2,2,4,3,2,3,1,1,0.0,0.0,0.0,0,0.0,0.0,9.0,9.0,8.0,11.0,9.0,6
3367,3367,80,37,564550.0,134850.0,10800037,3,0,4,0,0,0,0,134850.0,564550.0,3367,2,2,4,2,3,2,4,3,2,3,1,1,0.0,0.0,0.0,0,0.0,0.0,7.0,10.0,8.0,11.0,8.0,6
3368,3368,80,38,564650.0,134850.0,10800038,3,0,4,0,0,0,0,134850.0,564650.0,3368,2,1,4,2,3,2,4,3,2,3,1,1,0.0,0.0,0.0,0,0.0,0.0,6.0,10.0,8.0,11.0,8.0,6
3369,3369,80,39,564750.0,134850.0,10800039,2,0,4,0,0,0,0,134850.0,564750.0,3369,2,1,3,2,2,2,4,3,1,3,1,1,0.0,0.0,0.0,0,0.0,0.0,5.0,9.0,6.0,11.0,6.0,6
3370,3370,80,40,564850.0,134850.0,10800040,2,0,4,0,0,0,0,134850.0,564850.0,3370,2,1,3,2,2,2,4,3,1,3,1,2,0.0,0.0,0.0,0,0.0,0.0,5.0,9.0,6.0,11.0,6.0,7
3371,3371,80,41,564950.0,134850.0,10800041,2,0,4,0,0,0,0,134850.0,564950.0,3371,2,1,2,3,3,3,4,3,0,2,1,2,0.0,0.0,0.0,0,0.0,0.0,5.0,9.0,8.0,11.0,4.0,7
3372,3372,80,42,565050.0,134850.0,10800042,1,0,4,0,0,0,0,134850.0,565050.0,3372,1,1,1,3,3,4,4,3,0,1,1,2,0.0,0.0,0.0,0,0.0,0.0,3.0,8.0,8.0,11.0,2.0,7
3373,3373,80,43,565150.0,134850.0,10800043,1,0,4,0,0,0,0,134850.0,565150.0,3373,1,1,1,3,2,4,4,3,0,1,0,2,0.0,0.0,0.0,0,0.0,0.0,3.0,8.0,7.0,11.0,2.0,6
3374,3374,80,44,565250.0,134850.0,10800044,0,0,4,0,0,0,0,134850.0,565250.0,3374,1,1,1,3,2,4,4,3,0,1,0,2,0.0,0.0,0.0,0,0.0,0.0,2.0,8.0,6.0,11.0,1.0,6
3375,3375,80,45,565350.0,134850.0,10800045,0,0,3,0,0,0,0,134850.0,565350.0,3375,1,1,1,3,2,4,4,3,0,1,0,2,0.0,0.0,0.0,0,0.0,0.0,2.0,7.0,6.0,10.0,1.0,5
3376,3376,80,46,565450.0,134850.0,10800046,1,0,3,0,0,0,0,134850.0,565450.0,3376,2,2,0,3,1,4,4,3,0,1,0,2,0.0,0.0,0.0,0,0.0,0.0,5.0,6.0,6.0,10.0,2.0,5
3377,3377,80,47,565550.0,134850.0,10800047,1,0,2,0,0,0,0,134850.0,565550.0,3377,2,3,0,3,1,3,4,3,1,1,0,2,0.0,0.0,0.0,0,0.0,0.0,6.0,5.0,5.0,9.0,3.0,4
3378,3378,80,48,565650.0,134850.0,10800048,1,0,2,0,0,0,0,134850.0,565650.0,3378,2,3,0,3,1,3,4,3,1,0,0,1,0.0,0.0,0.0,0,0.0,0.0,6.0,5.0,5.0,9.0,2.0,3
3379,3379,80,49,565750.0,134850.0,10800049,1,0,1,0,0,0,0,134850.0,565750.0,3379,2,4,0,4,1,4,4,3,2,0,0,1,0.0,0.0,0.0,0,0.0,0.0,7.0,5.0,6.0,8.0,3.0,2
3380,3380,80,50,565850.0,134850.0,10800050,1,0,1,0,0,0,0,134850.0,565850.0,3380,1,4,0,4,1,4,4,3,3,1,0,1,0.0,0.0,0.0,0,0.0,0.0,6.0,5.0,6.0,8.0,5.0,2
3381,3381,80,51,565950.0,134850.0,10800051,0,0,0,0,0,0,0,134850.0,565950.0,3381,1,4,0,4,0,4,4,3,3,4,0,1,0.0,0.0,0.0,0,0.0,0.0,5.0,4.0,4.0,7.0,7.0,1
3382,3382,80,52,566050.0,134850.0,10800052,0,0,0,0,0,0,0,134850.0,566050.0,3382,0,4,0,4,0,3,4,3,4,4,0,1,0.0,0.0,0.0,0,2.25,0.0,6.25,4.0,3.0,7.0,8.0,1
3383,3383,80,53,566150.0,134850.0,10800053,0,0,0,0,0,0,0,134850.0,566150.0,3383,0,4,0,4,0,2,4,3,4,4,0,1,0.0,0.0,0.0,0,2.5,0.0,6.5,4.0,2.0,7.0,8.0,1
3384,3384,80,54,566250.0,134850.0,10800054,0,0,1,0,0,0,0,134850.0,566250.0,3384,0,4,0,4,0,3,4,3,3,4,0,1,0.0,0.0,0.0,0,2.5,0.0,6.5,5.0,3.0,8.0,7.0,2
3385,3385,80,55,566350.0,134850.0,10800055,0,0,1,0,0,0,0,134850.0,566350.0,3385,0,2,0,4,1,4,4,3,3,3,0,2,0.0,0.0,0.0,0,2.5,0.0,4.5,5.0,5.0,8.0,6.0,3
3386,3386,80,56,566450.0,134850.0,10800056,0,0,1,0,0,0,0,134850.0,566450.0,3386,0,0,0,4,1,4,4,3,3,1,0,3,0.0,0.0,0.0,0,2.5,0.0,2.5,5.0,5.0,8.0,4.0,4
3387,3387,80,57,566550.0,134850.0,10800057,1,0,2,0,0,0,0,134850.0,566550.0,3387,0,0,0,4,1,4,4,3,3,0,0,3,0.0,0.0,0.0,0,2.5,0.0,3.5,6.0,6.0,9.0,4.0,5
3388,3388,80,58,566650.0,134850.0,10800058,0,0,2,0,0,0,0,134850.0,566650.0,3388,0,0,0,4,2,4,4,3,3,0,0,3,0.0,0.0,0.0,0,2.5,0.0,2.5,6.0,6.0,9.0,3.0,5
3389,3389,80,59,566750.0,134850.0,10800059,0,0,3,0,0,0,0,134850.0,566750.0,3389,0,0,0,4,3,4,4,3,3,0,0,4,0.0,0.0,0.0,0,2.5,0.0,2.5,7.0,7.0,10.0,3.0,7
3390,3390,80,60,566850.0,134850.0,10800060,0,0,3,0,0,0,0,134850.0,566850.0,3390,0,0,1,3,3,4,4,3,3,0,0,4,0.0,0.0,0.0,0,2.5,0.0,2.5,7.0,7.0,10.0,3.0,7
3391,3391,80,61,566950.0,134850.0,10800061,0,0,4,0,0,0,0,134850.0,566950.0,3391,0,0,2,3,1,4,4,3,3,0,0,4,0.0,0.0,0.0,0,2.5,0.0,2.5,9.0,5.0,11.0,3.0,8
3392,3392,80,62,567050.0,134850.0,10800062,0,0,3,0,0,0,0,134850.0,567050.0,3392,0,0,4,2,0,2,0,3,3,0,1,4,0.0,0.0,0.0,0,2.5,0.0,2.5,9.0,2.0,6.0,3.0,8
3393,3393,80,63,567150.0,134850.0,10800063,0,0,3,0,0,0,0,134850.0,567150.0,3393,0,0,4,0,0,0,0,3,3,0,1,4,0.0,0.0,0.0,0,2.5,0.0,2.5,7.0,0.0,6.0,3.0,8
3394,3394,80,64,567250.0,134850.0,10800064,0,1,2,0,0,0,0,134850.0,567250.0,3394,0,0,4,0,0,0,0,3,3,0,2,4,0.0,0.0,0.0,0,2.5,0.0,3.5,6.0,1.0,5.0,4.0,8
3395,3395,80,65,567350.0,134850.0,10800065,0,1,2,0,0,0,0,134850.0,567350.0,3395,0,0,4,0,0,0,4,3,4,0,2,3,0.0,0.0,0.0,0,2.5,0.0,3.5,6.0,1.0,9.0,5.0,7
3396,3396,80,66,567450.0,134850.0,10800066,0,2,2,0,0,0,0,134850.0,567450.0,3396,0,0,4,0,0,0,4,3,4,0,3,3,0.0,0.0,0.0,0,2.5,0.0,4.5,6.0,2.0,9.0,6.0,8
3397,3397,80,67,567550.0,134850.0,10800067,0,2,2,0,0,0,0,134850.0,567550.0,3397,0,0,4,0,0,0,4,3,4,0,3,3,0.0,0.0,0.0,0,2.5,0.0,4.5,6.0,2.0,9.0,6.0,8
3398,3398,80,68,567650.0,134850.0,10800068,0,2,2,0,0,0,0,134850.0,567650.0,3398,0,0,4,0,0,0,4,3,4,0,3,2,0.0,0.0,0.0,0,2.5,0.0,4.5,6.0,2.0,9.0,6.0,7
3399,3399,80,69,567750.0,134850.0,10800069,0,2,2,0,0,0,0,134850.0,567750.0,3399,0,0,4,0,0,0,4,3,4,0,3,1,0.0,0.0,1.25,0,2.5,0.0,4.5,6.0,2.0,9.0,7.25,6
3400,3400,80,70,567850.0,134850.0,10800070,0,2,2,0,0,0,0,134850.0,567850.0,3400,0,0,4,0,0,0,4,3,3,0,3,1,0.0,0.0,1.5,0,2.5,0.0,4.5,6.0,2.0,9.0,6.5,6
3401,3401,80,71,567950.0,134850.0,10800071,0,2,2,0,0,0,0,134850.0,567950.0,3401,0,0,4,0,0,0,4,3,3,0,3,0,0.0,0.0,0.75,0,2.5,0.0,4.5,6.0,2.0,9.0,5.75,5
3402,3402,80,72,568050.0,134850.0,10800072,0,1,2,0,0,0,0,134850.0,568050.0,3402,0,0,4,0,0,1,4,3,3,0,3,0,0.0,0.0,0.25,0,2.5,0.0,3.5,6.0,2.0,9.0,4.25,5
3403,3403,80,73,568150.0,134850.0,10800073,0,1,3,0,0,0,0,134850.0,568150.0,3403,0,0,4,0,0,1,4,3,1,0,4,0,0.0,0.0,0.0,0,2.5,0.0,3.5,7.0,2.0,10.0,2.0,7
3404,3404,80,74,568250.0,134850.0,10800074,1,0,3,0,0,0,0,134850.0,568250.0,3404,0,0,4,0,1,1,4,3,1,0,4,0,0.0,0.0,0.0,0,2.5,0.0,3.5,7.0,3.0,10.0,2.0,7
3405,3405,80,75,568350.0,134850.0,10800075,1,0,4,0,0,0,0,134850.0,568350.0,3405,0,0,4,0,1,2,4,3,0,0,4,0,0.0,0.0,0.0,0,2.5,0.0,3.5,8.0,4.0,11.0,1.0,8
3406,3406,80,76,568450.0,134850.0,10800076,1,0,3,0,0,0,0,134850.0,568450.0,3406,0,0,4,0,1,3,4,3,0,0,4,0,0.0,0.0,0.0,0,2.5,0.0,3.5,7.0,5.0,10.0,1.0,7
3407,3407,80,77,568550.0,134850.0,10800077,1,0,3,0,0,0,0,134850.0,568550.0,3407,0,0,4,0,2,3,4,3,0,0,4,0,0.0,0.0,0.0,0,2.5,0.0,3.5,7.0,6.0,10.0,1.0,7
3408,3408,80,78,568650.0,134850.0,10800078,1,0,3,0,0,0,0,134850.0,568650.0,3408,0,0,1,0,2,3,4,3,0,0,4,0,0.0,0.0,0.0,0,2.5,0.0,3.5,4.0,6.0,10.0,1.0,7
3409,3409,80,79,568750.0,134850.0,10800079,1,0,2,0,0,0,0,134850.0,568750.0,3409,0,0,1,0,2,3,4,3,0,0,4,0,0.0,0.0,0.0,0,2.5,0.0,3.5,3.0,6.0,9.0,1.0,6
3410,3410,80,80,568850.0,134850.0,10800080,1,0,2,0,0,0,0,134850.0,568850.0,3410,0,0,0,0,2,3,4,3,1,0,4,0,0.0,0.0,0.0,0,2.5,0.0,3.5,2.0,6.0,9.0,2.0,6
3411,3411,80,81,568950.0,134850.0,10800081,1,0,2,0,0,0,0,134850.0,568950.0,3411,0,0,0,1,2,3,4,3,1,0,4,0,0.0,0.0,0.0,0,2.5,0.0,3.5,3.0,6.0,9.0,2.0,6
3412,3412,80,82,569050.0,134850.0,10800082,0,0,2,0,0,0,0,134850.0,569050.0,3412,0,0,0,0,2,3,4,3,0,0,4,0,0.0,0.0,0.0,0,2.5,0.0,2.5,2.0,5.0,9.0,0.0,6
3413,3413,80,83,569150.0,134850.0,10800083,0,0,2,0,0,0,0,134850.0,569150.0,3413,0,0,0,0,2,3,4,3,0,0,4,0,0.0,0.0,0.0,0,2.5,0.0,2.5,2.0,5.0,9.0,0.0,6
3414,3414,80,84,569250.0,134850.0,10800084,0,0,2,0,0,0,0,134850.0,569250.0,3414,0,0,0,0,2,3,4,3,0,1,4,0,0.0,0.0,0.0,0,2.5,0.0,2.5,2.0,5.0,9.0,1.0,6
3415,3415,80,85,569350.0,134850.0,10800085,0,0,2,0,0,0,0,134850.0,569350.0,3415,0,1,0,0,2,3,4,3,0,1,4,0,0.0,0.0,0.0,0,2.5,0.0,3.5,2.0,5.0,9.0,1.0,6
3416,3416,80,86,569450.0,134850.0,10800086,0,0,3,0,0,0,0,134850.0,569450.0,3416,0,1,0,0,3,4,4,3,0,1,4,0,0.0,0.0,0.0,0,2.5,0.0,3.5,3.0,7.0,10.0,1.0,7
3417,3417,80,87,569550.0,134850.0,10800087,0,0,3,0,0,0,0,134850.0,569550.0,3417,0,3,1,0,3,4,4,3,0,0,4,0,0.0,0.0,0.0,0,2.5,0.0,5.5,4.0,7.0,10.0,0.0,7
3418,3418,80,88,569650.0,134850.0,10800088,0,0,3,0,0,0,0,134850.0,569650.0,3418,0,4,1,0,3,3,4,3,0,0,4,0,0.0,0.0,0.0,0,2.25,0.0,6.25,4.0,6.0,10.0,0.0,7
3419,3419,80,89,569750.0,134850.0,10800089,0,0,4,0,0,0,0,134850.0,569750.0,3419,0,4,1,0,3,3,4,3,0,0,4,0,0.0,0.0,0.0,0,1.75,0.0,5.75,5.0,6.0,11.0,0.0,8
3420,3420,80,90,569850.0,134850.0,10800090,0,0,4,0,0,0,0,134850.0,569850.0,3420,0,4,1,0,3,3,4,3,0,0,4,0,0.0,0.0,0.0,0,0.0,0.0,4.0,5.0,6.0,11.0,0.0,8
3421,3421,80,91,569950.0,134850.0,10800091,1,0,4,0,0,0,0,134850.0,569950.0,3421,0,4,1,0,3,3,4,3,0,0,4,0,0.0,0.0,0.0,0,0.0,0.0,5.0,5.0,7.0,11.0,1.0,8
3422,3422,80,92,570050.0,134850.0,10800092,0,0,4,0,0,0,0,134850.0,570050.0,3422,1,4,1,0,3,3,4,3,0,0,4,0,0.0,0.0,0.0,0,0.0,0.0,5.0,5.0,6.0,11.0,0.0,8
3423,3423,80,93,570150.0,134850.0,10800093,0,0,4,0,0,0,0,134850.0,570150.0,3423,2,4,1,0,3,3,4,3,0,0,4,0,0.0,0.0,0.0,0,0.0,0.0,6.0,5.0,6.0,11.0,0.0,8
3424,3424,80,94,570250.0,134850.0,10800094,1,0,4,0,0,0,0,134850.0,570250.0,3424,2,4,2,0,3,4,4,3,0,0,4,0,0.0,0.0,0.0,0,0.0,0.0,7.0,6.0,8.0,11.0,1.0,8
3425,3425,80,95,570350.0,134850.0,10800095,1,0,4,0,0,0,0,134850.0,570350.0,3425,3,4,2,0,3,4,4,3,0,0,4,0,0.0,0.0,0.0,0,0.0,0.0,8.0,6.0,8.0,11.0,1.0,8
3426,3426,80,96,570450.0,134850.0,10800096,2,0,4,0,0,0,0,134850.0,570450.0,3426,3,4,2,0,3,4,4,3,0,0,4,0,0.0,0.0,0.0,0,0.0,0.0,9.0,6.0,9.0,11.0,2.0,8
3427,3427,80,97,570550.0,134850.0,10800097,2,0,4,0,0,0,0,134850.0,570550.0,3427,3,4,2,0,3,4,4,3,0,0,4,1,0.0,0.0,0.0,0,0.0,0.0,9.0,6.0,9.0,11.0,2.0,9
3428,3428,80,98,570650.0,134850.0,10800098,2,0,4,0,0,0,0,134850.0,570650.0,3428,2,4,2,0,2,3,4,3,0,0,4,1,0.0,0.0,0.0,0,0.0,0.0,8.0,6.0,7.0,11.0,2.0,9
3429,3429,80,99,570750.0,134850.0,10800099,2,0,4,0,0,0,0,134850.0,570750.0,3429,2,4,2,0,2,3,4,3,0,0,3,1,0.0,0.0,0.0,0,0.0,0.0,8.0,6.0,7.0,11.0,2.0,8
3430,3430,80,100,570850.0,134850.0,10800100,1,0,4,0,0,0,0,134850.0,570850.0,3430,1,4,2,0,1,3,4,3,0,0,3,2,0.0,0.0,0.0,0,0.0,0.0,6.0,6.0,5.0,11.0,1.0,9
3431,3431,80,101,570950.0,134850.0,10800101,1,0,4,0,0,0,0,134850.0,570950.0,3431,0,4,2,1,1,2,4,3,0,0,3,2,0.0,0.0,0.0,0,0.0,0.0,5.0,7.0,4.0,11.0,1.0,9
3432,3432,80,102,571050.0,134850.0,10800102,1,0,4,0,0,0,0,134850.0,571050.0,3432,0,3,2,1,1,2,4,3,0,0,3,2,0.0,0.0,0.0,0,0.0,0.0,4.0,7.0,4.0,11.0,1.0,9
3433,3433,80,103,571150.0,134850.0,10800103,0,0,4,0,0,0,0,134850.0,571150.0,3433,0,3,2,1,1,2,4,3,0,0,3,3,0.0,0.0,0.0,0,0.0,0.0,3.0,7.0,3.0,11.0,0.0,10
3434,3434,80,104,571250.0,134850.0,10800104,0,0,4,0,0,0,0,134850.0,571250.0,3434,0,3,2,1,1,1,4,3,0,0,3,3,0.0,0.0,0.0,0,0.0,0.0,3.0,7.0,2.0,11.0,0.0,10
3435,3435,80,105,571350.0,134850.0,10800105,0,0,4,0,0,0,0,134850.0,571350.0,3435,0,3,2,1,0,1,4,3,0,0,3,3,0.0,0.0,0.0,0,0.0,0.0,3.0,7.0,1.0,11.0,0.0,10
3436,3436,80,106,571450.0,134850.0,10800106,1,0,4,0,0,0,0,134850.0,571450.0,3436,0,3,2,1,0,1,4,3,0,0,3,3,0.0,0.0,0.0,0,0.0,0.0,4.0,7.0,2.0,11.0,1.0,10
3437,3437,80,107,571550.0,134850.0,10800107,1,0,4,0,0,0,0,134850.0,571550.0,3437,0,3,2,1,0,2,4,3,0,0,3,2,0.0,0.0,0.0,0,0.0,0.0,4.0,7.0,3.0,11.0,1.0,9
3438,3438,80,108,571650.0,134850.0,10800108,1,0,4,0,0,0,0,134850.0,571650.0,3438,0,3,2,1,1,2,4,3,0,0,3,2,0.0,0.0,0.0,0,0.0,0.0,4.0,7.0,4.0,11.0,1.0,9
3439,3439,80,109,571750.0,134850.0,10800109,2,0,4,0,0,0,0,134850.0,571750.0,3439,1,3,2,1,1,2,4,3,1,0,3,2,0.0,0.0,0.0,0,0.0,0.0,6.0,7.0,5.0,11.0,3.0,9
3440,3440,80,110,571850.0,134850.0,10800110,2,0,4,0,0,0,0,134850.0,571850.0,3440,1,3,2,1,1,3,4,3,1,0,3,2,0.0,0.0,0.0,0,0.0,0.0,6.0,7.0,6.0,11.0,3.0,9
3441,3441,80,111,571950.0,134850.0,10800111,3,0,4,0,0,0,0,134850.0,571950.0,3441,2,3,2,1,1,3,4,3,1,1,3,2,0.0,0.0,0.0,0,0.0,0.0,8.0,7.0,7.0,11.0,5.0,9
3442,3442,80,112,572050.0,134850.0,10800112,3,0,4,0,0,0,0,134850.0,572050.0,3442,2,2,2,1,1,4,4,3,2,1,2,2,0.0,0.0,0.0,0,0.0,0.0,7.0,7.0,8.0,11.0,6.0,8
3443,3443,80,113,572150.0,134850.0,10800113,3,0,4,0,0,0,0,134850.0,572150.0,3443,2,2,2,1,2,4,4,3,2,1,2,2,0.0,0.0,0.0,0,0.0,0.0,7.0,7.0,9.0,11.0,6.0,8
3444,3444,81,32,564050.0,134750.0,10810032,4,0,4,0,0,0,0,134750.0,564050.0,3444,3,3,3,2,3,2,4,3,3,3,2,1,0.0,0.0,0.0,0,0.0,0.0,10.0,9.0,9.0,11.0,10.0,7
3445,3445,81,33,564150.0,134750.0,10810033,4,0,4,0,0,0,0,134750.0,564150.0,3445,3,2,3,2,3,2,4,3,3,3,2,1,0.0,0.0,0.0,0,0.0,0.0,9.0,9.0,9.0,11.0,10.0,7
3446,3446,81,34,564250.0,134750.0,10810034,4,0,4,0,0,0,0,134750.0,564250.0,3446,3,2,3,2,2,3,4,3,3,3,1,1,0.0,0.0,0.0,0,0.0,0.0,9.0,9.0,9.0,11.0,10.0,6
3447,3447,81,35,564350.0,134750.0,10810035,4,0,4,0,0,0,0,134750.0,564350.0,3447,3,2,3,2,2,3,4,3,2,3,1,1,0.0,0.0,0.0,0,0.0,0.0,9.0,9.0,9.0,11.0,9.0,6
3448,3448,81,36,564450.0,134750.0,10810036,4,0,4,0,0,0,0,134750.0,564450.0,3448,3,2,3,2,2,2,4,3,2,3,1,1,0.0,0.0,0.0,0,0.0,0.0,9.0,9.0,8.0,11.0,9.0,6
3449,3449,81,37,564550.0,134750.0,10810037,4,0,4,0,0,0,0,134750.0,564550.0,3449,2,2,3,2,3,2,4,3,2,3,1,1,0.0,0.0,0.0,0,0.0,0.0,8.0,9.0,9.0,11.0,9.0,6
3450,3450,81,38,564650.0,134750.0,10810038,3,0,4,0,0,0,0,134750.0,564650.0,3450,2,1,4,2,2,2,4,3,2,3,1,1,0.0,0.0,0.0,0,0.0,0.0,6.0,10.0,7.0,11.0,8.0,6
3451,3451,81,39,564750.0,134750.0,10810039,3,0,4,0,0,0,0,134750.0,564750.0,3451,2,1,3,2,2,3,4,3,2,3,1,1,0.0,0.0,0.0,0,0.0,0.0,6.0,9.0,8.0,11.0,8.0,6
3452,3452,81,40,564850.0,134750.0,10810040,2,0,4,0,0,0,0,134750.0,564850.0,3452,2,1,3,2,3,3,4,3,1,3,1,1,0.0,0.0,0.0,0,0.0,0.0,5.0,9.0,8.0,11.0,6.0,6
3453,3453,81,41,564950.0,134750.0,10810041,2,0,4,0,0,0,0,134750.0,564950.0,3453,2,1,2,3,3,4,4,3,0,2,1,2,0.0,0.0,0.0,0,0.0,0.0,5.0,9.0,9.0,11.0,4.0,7
3454,3454,81,42,565050.0,134750.0,10810042,1,0,4,0,0,0,0,134750.0,565050.0,3454,1,1,1,3,3,4,4,3,0,1,1,2,0.0,0.0,0.0,0,0.0,0.0,3.0,8.0,8.0,11.0,2.0,7
3455,3455,81,43,565150.0,134750.0,10810043,1,0,4,0,0,0,0,134750.0,565150.0,3455,1,1,1,3,3,4,4,3,0,1,0,2,0.0,0.0,0.0,0,0.0,0.0,3.0,8.0,8.0,11.0,2.0,6
3456,3456,81,44,565250.0,134750.0,10810044,1,0,4,0,0,0,0,134750.0,565250.0,3456,1,1,1,3,3,4,4,3,0,1,0,2,0.0,0.0,0.0,0,0.0,0.0,3.0,8.0,8.0,11.0,2.0,6
3457,3457,81,45,565350.0,134750.0,10810045,1,0,3,0,0,0,0,134750.0,565350.0,3457,1,1,1,3,2,4,4,3,0,1,0,2,0.0,0.0,0.0,0,0.0,0.0,3.0,7.0,7.0,10.0,2.0,5
3458,3458,81,46,565450.0,134750.0,10810046,1,0,3,0,0,0,0,134750.0,565450.0,3458,1,1,1,3,2,4,4,3,0,1,0,2,0.0,0.0,0.0,0,0.0,0.0,3.0,7.0,7.0,10.0,2.0,5
3459,3459,81,47,565550.0,134750.0,10810047,1,0,2,0,0,0,0,134750.0,565550.0,3459,1,2,0,3,1,4,4,3,1,1,0,2,0.0,0.0,0.0,0,0.0,0.0,4.0,5.0,6.0,9.0,3.0,4
3460,3460,81,48,565650.0,134750.0,10810048,2,0,2,0,0,0,0,134750.0,565650.0,3460,1,3,0,3,1,4,4,3,1,1,0,1,0.0,0.0,0.0,0,0.0,0.0,6.0,5.0,7.0,9.0,4.0,3
3461,3461,81,49,565750.0,134750.0,10810049,2,0,2,0,0,0,0,134750.0,565750.0,3461,1,3,0,4,1,4,4,3,3,1,0,1,0.0,0.0,0.0,0,0.0,0.0,6.0,6.0,7.0,9.0,6.0,3
3462,3462,81,50,565850.0,134750.0,10810050,1,0,1,0,0,0,0,134750.0,565850.0,3462,1,4,0,4,1,4,4,3,3,1,0,1,0.0,0.0,0.0,0,0.0,0.0,6.0,5.0,6.0,8.0,5.0,2
3463,3463,81,51,565950.0,134750.0,10810051,1,0,1,0,0,0,0,134750.0,565950.0,3463,1,4,0,4,1,4,4,3,4,3,0,1,0.0,0.0,0.0,0,0.0,0.0,6.0,5.0,6.0,8.0,8.0,2
3464,3464,81,52,566050.0,134750.0,10810052,1,0,1,0,0,0,0,134750.0,566050.0,3464,0,4,0,4,1,4,4,3,4,3,0,1,0.0,0.0,0.0,0,1.75,0.0,6.75,5.0,6.0,8.0,8.0,2
3465,3465,81,53,566150.0,134750.0,10810053,1,0,1,0,0,0,0,134750.0,566150.0,3465,0,4,0,4,1,4,4,3,4,3,0,1,0.0,0.0,0.0,0,2.5,0.0,7.5,5.0,6.0,8.0,8.0,2
3466,3466,81,54,566250.0,134750.0,10810054,0,0,1,0,0,0,0,134750.0,566250.0,3466,0,4,0,4,1,4,4,3,4,3,0,2,0.0,0.0,0.0,0,2.5,0.0,6.5,5.0,5.0,8.0,7.0,3
3467,3467,81,55,566350.0,134750.0,10810055,0,0,1,0,0,0,0,134750.0,566350.0,3467,0,4,0,4,2,4,4,3,4,3,0,2,0.0,0.0,0.0,0,2.5,0.0,6.5,5.0,6.0,8.0,7.0,3
3468,3468,81,56,566450.0,134750.0,10810056,0,0,2,0,0,0,0,134750.0,566450.0,3468,0,0,0,4,2,4,4,3,4,1,0,3,0.0,0.0,0.0,0,2.5,0.0,2.5,6.0,6.0,9.0,5.0,5
3469,3469,81,57,566550.0,134750.0,10810057,0,0,2,0,0,0,0,134750.0,566550.0,3469,0,0,0,4,3,4,4,3,4,0,0,3,0.0,0.0,0.0,0,2.5,0.0,2.5,6.0,7.0,9.0,4.0,5
3470,3470,81,58,566650.0,134750.0,10810058,1,0,3,0,0,0,0,134750.0,566650.0,3470,0,0,0,4,4,4,4,3,4,0,0,3,0.0,0.0,0.0,0,2.5,0.0,3.5,7.0,9.0,10.0,5.0,6
3471,3471,81,59,566750.0,134750.0,10810059,1,0,3,0,0,0,0,134750.0,566750.0,3471,0,0,0,4,4,4,4,3,4,0,0,4,0.0,0.0,0.0,0,2.5,0.0,3.5,7.0,9.0,10.0,5.0,7
3472,3472,81,60,566850.0,134750.0,10810060,1,1,3,0,0,0,0,134750.0,566850.0,3472,0,0,1,3,4,4,4,3,4,0,0,4,0.0,0.0,0.0,0,2.5,0.0,4.5,7.0,10.0,10.0,6.0,7
3473,3473,81,61,566950.0,134750.0,10810061,0,1,3,0,0,0,0,134750.0,566950.0,3473,0,0,1,3,4,4,4,3,3,0,1,4,0.0,0.0,0.0,0,2.5,0.0,3.5,7.0,9.0,10.0,4.0,8
3474,3474,81,62,567050.0,134750.0,10810062,0,1,3,0,0,0,0,134750.0,567050.0,3474,0,0,4,2,1,4,4,3,3,0,1,4,0.0,0.0,0.0,0,2.5,0.0,3.5,9.0,6.0,10.0,4.0,8
3475,3475,81,63,567150.0,134750.0,10810063,0,0,3,0,0,0,0,134750.0,567150.0,3475,0,0,4,0,0,0,4,3,3,0,1,4,0.0,0.0,0.0,0,2.5,0.0,2.5,7.0,0.0,10.0,3.0,8
3476,3476,81,64,567250.0,134750.0,10810064,0,0,2,0,0,0,0,134750.0,567250.0,3476,0,0,4,0,0,0,4,3,3,0,2,4,0.0,0.0,0.0,0,2.5,0.0,2.5,6.0,0.0,9.0,3.0,8
3477,3477,81,65,567350.0,134750.0,10810065,1,1,2,0,0,0,0,134750.0,567350.0,3477,0,0,4,0,0,0,4,3,4,0,2,3,0.0,0.0,0.0,0,2.5,0.0,4.5,6.0,2.0,9.0,6.0,7
3478,3478,81,66,567450.0,134750.0,10810066,0,1,1,0,0,0,0,134750.0,567450.0,3478,0,0,4,0,0,0,4,3,4,0,3,3,0.0,0.0,0.0,0,2.5,0.0,3.5,5.0,1.0,8.0,5.0,7
3479,3479,81,67,567550.0,134750.0,10810067,0,1,1,0,0,0,0,134750.0,567550.0,3479,0,0,4,0,0,0,4,3,4,0,3,3,0.0,0.0,0.0,0,2.5,0.0,3.5,5.0,1.0,8.0,5.0,7
3480,3480,81,68,567650.0,134750.0,10810068,0,1,1,0,0,0,0,134750.0,567650.0,3480,0,0,4,0,0,0,4,3,4,0,3,2,0.0,0.0,1.25,0,2.5,0.0,3.5,5.0,1.0,8.0,6.25,6
3481,3481,81,69,567750.0,134750.0,10810069,0,1,1,0,0,0,0,134750.0,567750.0,3481,0,0,4,0,0,0,4,3,4,0,3,1,0.0,0.0,1.25,0,2.5,0.0,3.5,5.0,1.0,8.0,6.25,5
3482,3482,81,70,567850.0,134750.0,10810070,0,1,1,0,0,0,0,134750.0,567850.0,3482,0,0,4,0,0,0,4,3,4,0,3,1,0.0,0.0,1.25,0,2.5,0.0,3.5,5.0,1.0,8.0,6.25,5
3483,3483,81,71,567950.0,134750.0,10810071,0,1,2,0,0,0,0,134750.0,567950.0,3483,0,0,4,0,0,0,4,3,3,0,3,0,0.0,0.0,1.5,0,2.5,0.0,3.5,6.0,1.0,9.0,5.5,5
3484,3484,81,72,568050.0,134750.0,10810072,0,0,2,0,0,0,0,134750.0,568050.0,3484,0,0,4,0,0,1,4,3,3,0,3,0,0.0,0.0,0.75,0,2.5,0.0,2.5,6.0,1.0,9.0,3.75,5
3485,3485,81,73,568150.0,134750.0,10810073,0,0,3,0,0,0,0,134750.0,568150.0,3485,0,0,4,0,0,1,4,3,2,0,4,0,0.0,0.0,0.0,0,2.5,0.0,2.5,7.0,1.0,10.0,2.0,7
3486,3486,81,74,568250.0,134750.0,10810074,1,0,3,0,0,0,0,134750.0,568250.0,3486,0,0,4,0,0,1,4,3,0,0,4,0,0.0,0.0,0.0,0,2.5,0.0,3.5,7.0,2.0,10.0,1.0,7
3487,3487,81,75,568350.0,134750.0,10810075,0,0,3,0,0,0,0,134750.0,568350.0,3487,0,0,4,0,1,2,4,3,0,0,4,0,0.0,0.0,0.0,0,2.5,0.0,2.5,7.0,3.0,10.0,0.0,7
3488,3488,81,76,568450.0,134750.0,10810076,0,0,4,0,0,0,0,134750.0,568450.0,3488,0,0,4,0,1,3,4,3,0,0,4,0,0.0,0.0,0.0,0,2.5,0.0,2.5,8.0,4.0,11.0,0.0,8
3489,3489,81,77,568550.0,134750.0,10810077,0,0,3,0,0,0,0,134750.0,568550.0,3489,0,0,4,0,2,3,4,3,0,0,4,0,0.0,0.0,0.0,0,2.5,0.0,2.5,7.0,5.0,10.0,0.0,7
3490,3490,81,78,568650.0,134750.0,10810078,1,0,3,0,0,0,0,134750.0,568650.0,3490,0,0,1,0,2,3,4,3,0,0,4,0,0.0,0.0,0.0,0,2.5,0.0,3.5,4.0,6.0,10.0,1.0,7
3491,3491,81,79,568750.0,134750.0,10810079,1,0,3,0,0,0,0,134750.0,568750.0,3491,0,0,1,0,2,3,4,3,0,0,4,0,0.0,0.0,0.0,0,2.5,0.0,3.5,4.0,6.0,10.0,1.0,7
3492,3492,81,80,568850.0,134750.0,10810080,1,0,3,0,0,0,0,134750.0,568850.0,3492,0,0,0,0,2,3,4,3,1,0,4,0,0.0,0.0,0.0,0,2.5,0.0,3.5,3.0,6.0,10.0,2.0,7
3493,3493,81,81,568950.0,134750.0,10810081,1,0,2,0,0,0,0,134750.0,568950.0,3493,0,0,0,0,2,3,4,3,1,0,4,0,0.0,0.0,0.0,0,2.5,0.0,3.5,2.0,6.0,9.0,2.0,6
3494,3494,81,82,569050.0,134750.0,10810082,1,0,2,0,0,0,0,134750.0,569050.0,3494,0,0,0,0,2,3,4,3,0,0,4,0,0.0,0.0,0.0,0,2.5,0.0,3.5,2.0,6.0,9.0,1.0,6
3495,3495,81,83,569150.0,134750.0,10810083,0,0,2,0,0,0,0,134750.0,569150.0,3495,0,0,0,0,2,3,4,3,0,0,4,0,0.0,0.0,0.0,0,2.5,0.0,2.5,2.0,5.0,9.0,0.0,6
3496,3496,81,84,569250.0,134750.0,10810084,0,0,2,0,0,0,0,134750.0,569250.0,3496,0,0,0,0,2,2,4,3,1,1,4,0,0.0,0.0,0.0,0,2.5,0.0,2.5,2.0,4.0,9.0,2.0,6
3497,3497,81,85,569350.0,134750.0,10810085,1,0,3,0,0,0,0,134750.0,569350.0,3497,0,1,1,0,2,3,4,3,0,1,4,0,0.0,0.0,0.0,0,2.5,0.0,4.5,4.0,6.0,10.0,2.0,7
3498,3498,81,86,569450.0,134750.0,10810086,1,0,3,0,0,0,0,134750.0,569450.0,3498,0,2,1,0,3,4,4,3,0,1,4,0,0.0,0.0,0.0,0,2.5,0.0,5.5,4.0,8.0,10.0,2.0,7
3499,3499,81,87,569550.0,134750.0,10810087,0,0,3,0,0,0,0,134750.0,569550.0,3499,0,3,1,0,3,4,4,3,0,0,4,0,0.0,0.0,0.0,0,2.5,0.0,5.5,4.0,7.0,10.0,0.0,7
3500,3500,81,88,569650.0,134750.0,10810088,0,0,4,0,0,0,0,134750.0,569650.0,3500,0,4,1,0,3,3,4,3,0,0,4,0,0.0,0.0,0.0,0,2.25,0.0,6.25,5.0,6.0,11.0,0.0,8
3501,3501,81,89,569750.0,134750.0,10810089,0,0,4,0,0,0,0,134750.0,569750.0,3501,0,4,1,0,3,3,4,3,0,0,4,0,0.0,0.0,0.0,0,1.75,0.0,5.75,5.0,6.0,11.0,0.0,8
3502,3502,81,90,569850.0,134750.0,10810090,0,0,4,0,0,0,0,134750.0,569850.0,3502,0,4,1,0,3,3,4,3,0,0,4,0,0.0,0.0,0.0,0,0.0,0.0,4.0,5.0,6.0,11.0,0.0,8
3503,3503,81,91,569950.0,134750.0,10810091,1,0,4,0,0,0,0,134750.0,569950.0,3503,1,4,1,0,2,3,4,3,0,0,4,0,0.0,0.0,0.0,0,0.0,0.0,6.0,5.0,6.0,11.0,1.0,8
3504,3504,81,92,570050.0,134750.0,10810092,1,0,4,0,0,0,0,134750.0,570050.0,3504,1,4,1,0,3,4,4,3,0,0,4,0,0.0,0.0,0.0,0,0.0,0.0,6.0,5.0,8.0,11.0,1.0,8
3505,3505,81,93,570150.0,134750.0,10810093,1,0,4,0,0,0,0,134750.0,570150.0,3505,2,4,1,0,3,4,4,3,0,0,4,0,0.0,0.0,0.0,0,0.0,0.0,7.0,5.0,8.0,11.0,1.0,8
3506,3506,81,94,570250.0,134750.0,10810094,1,0,4,0,0,0,0,134750.0,570250.0,3506,2,4,2,0,3,4,4,3,0,0,4,0,0.0,0.0,0.0,0,0.0,0.0,7.0,6.0,8.0,11.0,1.0,8
3507,3507,81,95,570350.0,134750.0,10810095,1,0,4,0,0,0,0,134750.0,570350.0,3507,2,4,2,0,3,4,4,3,0,0,4,0,0.0,0.0,0.0,0,0.0,0.0,7.0,6.0,8.0,11.0,1.0,8
3508,3508,81,96,570450.0,134750.0,10810096,2,0,4,0,0,0,0,134750.0,570450.0,3508,2,4,2,0,2,4,4,3,0,0,4,0,0.0,0.0,0.0,0,0.0,0.0,8.0,6.0,8.0,11.0,2.0,8
3509,3509,81,97,570550.0,134750.0,10810097,2,0,4,0,0,0,0,134750.0,570550.0,3509,2,4,2,0,2,4,4,3,0,0,4,1,0.0,0.0,0.0,0,0.0,0.0,8.0,6.0,8.0,11.0,2.0,9
3510,3510,81,98,570650.0,134750.0,10810098,2,0,4,0,0,0,0,134750.0,570650.0,3510,1,4,2,0,2,3,4,3,0,0,4,1,0.0,0.0,0.0,0,0.0,0.0,7.0,6.0,7.0,11.0,2.0,9
3511,3511,81,99,570750.0,134750.0,10810099,2,0,4,0,0,0,0,134750.0,570750.0,3511,1,4,2,0,1,3,4,3,0,0,3,1,0.0,0.0,0.0,0,0.0,0.0,7.0,6.0,6.0,11.0,2.0,8
3512,3512,81,100,570850.0,134750.0,10810100,2,0,4,0,0,0,0,134750.0,570850.0,3512,0,4,2,1,1,2,4,3,0,0,3,2,0.0,0.0,0.0,0,0.0,0.0,6.0,7.0,5.0,11.0,2.0,9
3513,3513,81,101,570950.0,134750.0,10810101,1,0,4,0,0,0,0,134750.0,570950.0,3513,0,3,2,1,1,2,4,3,0,0,3,2,0.0,0.0,0.0,0,0.0,0.0,4.0,7.0,4.0,11.0,1.0,9
3514,3514,81,102,571050.0,134750.0,10810102,1,0,4,0,0,0,0,134750.0,571050.0,3514,0,3,2,1,0,1,4,3,0,0,3,2,0.0,0.0,0.0,0,0.0,0.0,4.0,7.0,2.0,11.0,1.0,9
3515,3515,81,103,571150.0,134750.0,10810103,1,0,4,0,0,0,0,134750.0,571150.0,3515,0,3,2,1,0,1,4,3,0,0,3,2,0.0,0.0,0.0,0,0.0,0.0,4.0,7.0,2.0,11.0,1.0,9
3516,3516,81,104,571250.0,134750.0,10810104,1,0,4,0,0,0,0,134750.0,571250.0,3516,0,3,2,1,0,1,4,3,0,0,3,3,0.0,0.0,0.0,0,0.0,0.0,4.0,7.0,2.0,11.0,1.0,10
3517,3517,81,105,571350.0,134750.0,10810105,0,0,4,0,0,0,0,134750.0,571350.0,3517,0,3,2,1,0,1,4,3,0,0,3,2,0.0,0.0,0.0,0,0.0,0.0,3.0,7.0,1.0,11.0,0.0,9
3518,3518,81,106,571450.0,134750.0,10810106,1,0,4,0,0,0,0,134750.0,571450.0,3518,0,3,2,1,0,1,4,3,0,0,3,2,0.0,0.0,0.0,0,0.0,0.0,4.0,7.0,2.0,11.0,1.0,9
3519,3519,81,107,571550.0,134750.0,10810107,1,0,4,0,0,0,0,134750.0,571550.0,3519,0,3,2,1,0,1,4,3,0,0,3,2,0.0,0.0,0.0,0,0.0,0.0,4.0,7.0,2.0,11.0,1.0,9
3520,3520,81,108,571650.0,134750.0,10810108,1,0,4,0,0,0,0,134750.0,571650.0,3520,1,3,2,1,0,1,4,3,0,0,3,2,0.0,0.0,0.0,0,0.0,0.0,5.0,7.0,2.0,11.0,1.0,9
3521,3521,81,109,571750.0,134750.0,10810109,2,0,4,0,0,0,0,134750.0,571750.0,3521,1,3,2,1,0,2,4,3,0,0,3,2,1.0,0.0,0.0,0,0.0,0.0,6.0,7.0,5.0,11.0,2.0,9
3522,3522,81,110,571850.0,134750.0,10810110,2,0,4,0,0,0,0,134750.0,571850.0,3522,1,3,2,1,1,2,4,3,1,0,3,2,1.0,0.0,0.0,0,0.0,0.0,6.0,7.0,6.0,11.0,3.0,9
3523,3523,81,111,571950.0,134750.0,10810111,2,0,4,0,0,0,0,134750.0,571950.0,3523,2,3,2,1,1,3,4,3,1,1,3,2,0.0,0.0,0.0,0,0.0,0.0,7.0,7.0,6.0,11.0,4.0,9
3524,3524,81,112,572050.0,134750.0,10810112,3,0,4,0,0,0,0,134750.0,572050.0,3524,2,3,2,1,1,3,4,3,2,1,2,2,0.0,0.0,0.0,0,0.0,0.0,8.0,7.0,7.0,11.0,6.0,8
3525,3525,81,113,572150.0,134750.0,10810113,3,0,4,0,0,0,0,134750.0,572150.0,3525,2,3,2,1,2,4,4,3,2,1,2,2,0.0,0.0,0.0,0,0.0,0.0,8.0,7.0,9.0,11.0,6.0,8
3526,3526,82,32,564050.0,134650.0,10820032,4,0,4,0,0,0,0,134650.0,564050.0,3526,3,3,3,2,3,2,4,3,3,3,2,1,0.0,0.0,0.0,0,0.0,0.0,10.0,9.0,9.0,11.0,10.0,7
3527,3527,82,33,564150.0,134650.0,10820033,4,0,4,0,0,0,0,134650.0,564150.0,3527,3,2,3,2,3,2,4,3,3,3,2,1,0.0,0.0,0.0,0,0.0,0.0,9.0,9.0,9.0,11.0,10.0,7
3528,3528,82,34,564250.0,134650.0,10820034,4,0,4,0,0,0,0,134650.0,564250.0,3528,3,2,3,2,2,3,4,3,3,3,1,1,0.0,0.0,0.0,0,0.0,0.0,9.0,9.0,9.0,11.0,10.0,6
3529,3529,82,35,564350.0,134650.0,10820035,4,0,4,0,0,0,0,134650.0,564350.0,3529,3,2,3,2,2,3,4,3,2,3,1,1,0.0,0.0,0.0,0,0.0,0.0,9.0,9.0,9.0,11.0,9.0,6
3530,3530,82,36,564450.0,134650.0,10820036,4,0,4,0,0,0,0,134650.0,564450.0,3530,3,2,3,2,2,2,4,3,2,3,1,1,0.0,0.0,0.0,0,0.0,0.0,9.0,9.0,8.0,11.0,9.0,6
3531,3531,82,37,564550.0,134650.0,10820037,4,0,4,0,0,0,0,134650.0,564550.0,3531,2,2,3,2,2,2,4,3,2,3,1,1,0.0,0.0,0.0,0,0.0,0.0,8.0,9.0,8.0,11.0,9.0,6
3532,3532,82,38,564650.0,134650.0,10820038,3,0,4,0,0,0,0,134650.0,564650.0,3532,2,1,4,2,2,3,4,3,2,3,1,1,0.0,0.0,0.0,0,0.0,0.0,6.0,10.0,8.0,11.0,8.0,6
3533,3533,82,39,564750.0,134650.0,10820039,3,0,4,0,0,0,0,134650.0,564750.0,3533,2,1,3,2,2,3,4,3,2,3,1,1,0.0,0.0,0.0,0,0.0,0.0,6.0,9.0,8.0,11.0,8.0,6
3534,3534,82,40,564850.0,134650.0,10820040,3,0,4,0,0,0,0,134650.0,564850.0,3534,2,1,3,2,3,4,4,3,1,3,1,1,0.0,0.0,0.0,0,0.0,0.0,6.0,9.0,10.0,11.0,7.0,6
3535,3535,82,41,564950.0,134650.0,10820041,2,0,4,0,0,0,0,134650.0,564950.0,3535,2,1,3,2,3,4,4,3,1,2,1,1,0.0,0.0,0.0,0,0.0,0.0,5.0,9.0,9.0,11.0,5.0,6
3536,3536,82,42,565050.0,134650.0,10820042,2,0,4,0,0,0,0,134650.0,565050.0,3536,1,1,2,3,3,4,4,3,0,1,1,1,0.0,0.0,0.0,0,0.0,0.0,4.0,9.0,9.0,11.0,3.0,6
3537,3537,82,43,565150.0,134650.0,10820043,2,0,4,0,0,0,0,134650.0,565150.0,3537,1,1,1,3,3,4,4,3,0,1,1,2,0.0,0.0,0.0,0,0.0,0.0,4.0,8.0,9.0,11.0,3.0,7
3538,3538,82,44,565250.0,134650.0,10820044,1,0,4,0,0,0,0,134650.0,565250.0,3538,1,1,1,3,3,4,4,3,0,1,0,2,0.0,0.0,0.0,0,0.0,0.0,3.0,8.0,8.0,11.0,2.0,6
3539,3539,82,45,565350.0,134650.0,10820045,1,0,4,0,0,0,0,134650.0,565350.0,3539,1,1,1,3,3,4,4,3,0,1,0,2,0.0,0.0,0.0,0,0.0,0.0,3.0,8.0,8.0,11.0,2.0,6
3540,3540,82,46,565450.0,134650.0,10820046,2,0,3,0,0,0,0,134650.0,565450.0,3540,1,1,1,3,2,4,4,3,0,1,0,2,0.0,0.0,0.0,0,0.0,0.0,4.0,7.0,8.0,10.0,3.0,5
3541,3541,82,47,565550.0,134650.0,10820047,2,0,3,0,0,0,0,134650.0,565550.0,3541,1,2,0,3,2,4,4,3,1,1,0,2,0.0,0.0,0.0,0,0.0,0.0,5.0,6.0,8.0,10.0,4.0,5
3542,3542,82,48,565650.0,134650.0,10820048,2,0,2,0,0,0,0,134650.0,565650.0,3542,1,2,0,3,2,4,4,3,1,1,0,1,0.0,0.0,0.0,0,0.0,0.0,5.0,5.0,8.0,9.0,4.0,3
3543,3543,82,49,565750.0,134650.0,10820049,2,0,2,0,0,0,0,134650.0,565750.0,3543,1,3,0,3,3,4,4,3,3,1,0,1,0.0,0.0,0.0,0,0.0,0.0,6.0,5.0,9.0,9.0,6.0,3
3544,3544,82,50,565850.0,134650.0,10820050,2,0,2,0,0,0,0,134650.0,565850.0,3544,1,4,0,4,3,4,4,3,4,2,0,1,0.0,0.0,0.0,0,0.0,0.0,7.0,6.0,9.0,9.0,8.0,3
3545,3545,82,51,565950.0,134650.0,10820051,1,0,1,0,0,0,0,134650.0,565950.0,3545,1,4,0,4,3,4,4,3,4,3,0,1,0.0,0.0,0.0,0,0.0,0.0,6.0,5.0,8.0,8.0,8.0,2
3546,3546,82,52,566050.0,134650.0,10820052,1,0,1,0,0,0,0,134650.0,566050.0,3546,0,4,0,4,3,4,4,3,4,3,0,1,0.0,0.0,0.0,0,1.75,0.0,6.75,5.0,8.0,8.0,8.0,2
3547,3547,82,53,566150.0,134650.0,10820053,1,0,1,0,0,0,0,134650.0,566150.0,3547,1,4,0,4,3,4,4,3,4,3,0,2,0.0,0.0,0.0,0,2.5,0.0,8.5,5.0,8.0,8.0,8.0,3
3548,3548,82,54,566250.0,134650.0,10820054,0,0,1,0,0,0,0,134650.0,566250.0,3548,0,4,0,4,3,4,4,3,4,3,0,2,0.0,0.0,0.0,0,2.5,0.0,6.5,5.0,7.0,8.0,7.0,3
3549,3549,82,55,566350.0,134650.0,10820055,0,0,2,0,0,0,0,134650.0,566350.0,3549,0,4,0,4,3,4,4,3,4,3,0,3,0.0,0.0,0.0,0,2.5,0.0,6.5,6.0,7.0,9.0,7.0,5
3550,3550,82,56,566450.0,134650.0,10820056,0,0,2,0,0,0,0,134650.0,566450.0,3550,0,4,0,4,3,4,4,3,4,2,0,3,0.0,0.0,0.0,0,2.5,0.0,6.5,6.0,7.0,9.0,6.0,5
3551,3551,82,57,566550.0,134650.0,10820057,0,0,2,0,0,0,0,134650.0,566550.0,3551,0,0,0,4,4,4,4,3,4,1,0,3,0.0,0.0,0.0,0,2.5,0.0,2.5,6.0,8.0,9.0,5.0,5
3552,3552,82,58,566650.0,134650.0,10820058,1,0,3,0,0,0,0,134650.0,566650.0,3552,0,0,0,4,4,4,4,3,4,0,0,3,0.0,0.0,0.0,0,2.5,0.0,3.5,7.0,9.0,10.0,5.0,6
3553,3553,82,59,566750.0,134650.0,10820059,1,1,3,0,0,0,0,134650.0,566750.0,3553,0,0,0,4,4,4,0,3,4,0,0,3,0.0,0.0,0.0,0,2.5,0.0,4.5,7.0,10.0,6.0,6.0,6
3554,3554,82,60,566850.0,134650.0,10820060,0,1,4,0,0,0,0,134650.0,566850.0,3554,0,0,1,3,4,4,0,3,4,0,0,4,0.0,0.0,0.0,0,2.5,0.0,3.5,8.0,9.0,7.0,5.0,8
3555,3555,82,61,566950.0,134650.0,10820061,0,2,3,0,0,0,0,134650.0,566950.0,3555,0,0,1,3,4,4,0,3,4,0,1,4,0.0,0.0,0.0,0,2.5,0.0,4.5,7.0,10.0,6.0,6.0,8
3556,3556,82,62,567050.0,134650.0,10820062,0,2,3,0,0,0,0,134650.0,567050.0,3556,0,0,4,3,3,4,0,3,3,0,1,4,0.0,0.0,0.0,0,2.5,0.0,4.5,10.0,9.0,6.0,5.0,8
3557,3557,82,63,567150.0,134650.0,10820063,0,1,2,0,0,0,0,134650.0,567150.0,3557,0,0,4,1,0,1,4,3,3,0,1,4,0.0,0.0,0.0,0,2.5,0.0,3.5,7.0,2.0,9.0,4.0,7
3558,3558,82,64,567250.0,134650.0,10820064,0,0,2,0,0,0,0,134650.0,567250.0,3558,0,0,4,0,0,0,4,3,3,0,2,4,0.0,0.0,0.0,0,2.5,0.0,2.5,6.0,0.0,9.0,3.0,8
3559,3559,82,65,567350.0,134650.0,10820065,1,0,1,0,0,0,0,134650.0,567350.0,3559,0,0,4,0,0,0,4,3,3,0,2,3,0.0,0.0,0.0,0,2.5,0.0,3.5,5.0,1.0,8.0,4.0,6
3560,3560,82,66,567450.0,134650.0,10820066,0,0,1,0,0,0,0,134650.0,567450.0,3560,0,0,4,0,0,0,4,3,4,0,3,3,0.0,0.0,0.0,0,2.5,0.0,2.5,5.0,0.0,8.0,4.0,7
3561,3561,82,67,567550.0,134650.0,10820067,0,0,1,0,0,0,0,134650.0,567550.0,3561,0,0,4,0,0,0,4,3,4,0,3,3,0.0,0.0,0.75,0,2.5,0.0,2.5,5.0,0.0,8.0,4.75,7
3562,3562,82,68,567650.0,134650.0,10820068,0,0,1,0,0,0,0,134650.0,567650.0,3562,0,0,4,0,0,0,4,3,4,0,3,3,0.0,0.0,1.25,0,2.5,0.0,2.5,5.0,0.0,8.0,5.25,7
3563,3563,82,69,567750.0,134650.0,10820069,0,0,1,0,0,0,0,134650.0,567750.0,3563,0,0,4,0,0,0,4,3,4,0,3,2,0.0,0.0,1.25,0,2.5,0.0,2.5,5.0,0.0,8.0,5.25,6
3564,3564,82,70,567850.0,134650.0,10820070,1,0,1,0,0,0,0,134650.0,567850.0,3564,0,0,4,0,0,0,4,3,4,0,3,1,0.0,0.0,1.25,0,2.5,0.0,3.5,5.0,1.0,8.0,6.25,5
3565,3565,82,71,567950.0,134650.0,10820071,0,0,1,0,0,0,0,134650.0,567950.0,3565,0,0,4,0,0,0,4,3,4,0,3,0,0.0,0.0,1.25,0,2.5,0.0,2.5,5.0,0.0,8.0,5.25,4
3566,3566,82,72,568050.0,134650.0,10820072,0,0,2,0,0,0,0,134650.0,568050.0,3566,0,0,4,0,0,1,4,3,3,0,3,0,0.0,0.0,0.75,0,2.5,0.0,2.5,6.0,1.0,9.0,3.75,5
3567,3567,82,73,568150.0,134650.0,10820073,0,0,2,0,0,0,0,134650.0,568150.0,3567,0,0,4,0,0,1,4,3,1,0,3,0,0.0,0.0,0.0,0,2.5,0.0,2.5,6.0,1.0,9.0,1.0,5
3568,3568,82,74,568250.0,134650.0,10820074,0,0,3,0,0,0,0,134650.0,568250.0,3568,0,0,4,0,0,1,4,3,0,0,4,0,0.0,0.0,0.0,0,2.5,0.0,2.5,7.0,1.0,10.0,0.0,7
3569,3569,82,75,568350.0,134650.0,10820075,0,0,3,0,0,0,0,134650.0,568350.0,3569,0,0,4,0,1,2,4,3,0,0,4,0,0.0,0.0,0.0,0,2.5,0.0,2.5,7.0,3.0,10.0,0.0,7
3570,3570,82,76,568450.0,134650.0,10820076,0,0,4,0,0,0,0,134650.0,568450.0,3570,0,0,4,0,1,3,4,3,0,0,4,0,0.0,0.0,0.0,0,2.5,0.0,2.5,8.0,4.0,11.0,0.0,8
3571,3571,82,77,568550.0,134650.0,10820077,0,0,4,0,0,0,0,134650.0,568550.0,3571,0,0,3,0,2,3,4,3,0,0,4,0,0.0,0.0,0.0,0,2.5,0.0,2.5,7.0,5.0,11.0,0.0,8
3572,3572,82,78,568650.0,134650.0,10820078,1,0,4,0,0,0,0,134650.0,568650.0,3572,0,0,1,0,2,3,4,3,0,0,4,0,0.0,0.0,0.0,0,2.5,0.0,3.5,5.0,6.0,11.0,1.0,8
3573,3573,82,79,568750.0,134650.0,10820079,1,0,3,0,0,0,0,134650.0,568750.0,3573,0,0,1,0,2,3,4,3,0,0,4,0,0.0,0.0,0.0,0,2.5,0.0,3.5,4.0,6.0,10.0,1.0,7
3574,3574,82,80,568850.0,134650.0,10820080,2,0,3,0,0,0,0,134650.0,568850.0,3574,0,0,1,0,2,3,4,3,1,0,4,0,0.0,0.0,0.0,0,2.5,0.0,4.5,4.0,7.0,10.0,3.0,7
3575,3575,82,81,568950.0,134650.0,10820081,1,0,3,0,0,0,0,134650.0,568950.0,3575,0,0,1,0,2,3,4,3,1,0,4,0,0.0,0.0,0.0,0,2.5,0.0,3.5,4.0,6.0,10.0,2.0,7
3576,3576,82,82,569050.0,134650.0,10820082,1,0,3,0,0,0,0,134650.0,569050.0,3576,0,0,1,0,2,3,4,3,1,0,4,0,0.0,0.0,0.0,0,2.5,0.0,3.5,4.0,6.0,10.0,2.0,7
3577,3577,82,83,569150.0,134650.0,10820083,1,0,3,0,0,0,0,134650.0,569150.0,3577,0,1,1,0,2,2,4,3,1,1,4,0,0.0,0.0,0.0,0,2.5,0.0,4.5,4.0,5.0,10.0,3.0,7
3578,3578,82,84,569250.0,134650.0,10820084,1,0,3,0,0,0,0,134650.0,569250.0,3578,0,1,1,0,2,2,4,3,1,1,4,0,0.0,0.0,0.0,0,2.5,0.0,4.5,4.0,5.0,10.0,3.0,7
3579,3579,82,85,569350.0,134650.0,10820085,1,0,3,0,0,0,0,134650.0,569350.0,3579,0,1,1,0,2,2,4,3,0,1,4,0,0.0,0.0,0.0,0,2.5,0.0,4.5,4.0,5.0,10.0,2.0,7
3580,3580,82,86,569450.0,134650.0,10820086,1,0,3,0,0,0,0,134650.0,569450.0,3580,0,3,1,0,3,4,4,3,0,1,4,0,0.0,0.0,0.0,0,2.5,0.0,6.5,4.0,8.0,10.0,2.0,7
3581,3581,82,87,569550.0,134650.0,10820087,1,0,4,0,0,0,0,134650.0,569550.0,3581,0,3,1,0,3,4,4,3,0,0,4,0,0.0,0.0,0.0,0,2.5,0.0,6.5,5.0,8.0,11.0,1.0,8
3582,3582,82,88,569650.0,134650.0,10820088,0,0,4,0,0,0,0,134650.0,569650.0,3582,0,4,1,0,3,4,4,3,0,0,4,0,0.0,0.0,0.0,0,1.25,0.0,5.25,5.0,7.0,11.0,0.0,8
3583,3583,82,89,569750.0,134650.0,10820089,0,0,4,0,0,0,0,134650.0,569750.0,3583,0,4,1,0,2,4,4,3,0,0,4,0,0.0,0.0,0.0,0,0.0,0.0,4.0,5.0,6.0,11.0,0.0,8
3584,3584,82,90,569850.0,134650.0,10820090,0,0,4,0,0,0,0,134650.0,569850.0,3584,0,4,1,0,2,4,4,3,0,0,4,0,0.0,0.0,0.0,0,0.0,0.0,4.0,5.0,6.0,11.0,0.0,8
3585,3585,82,91,569950.0,134650.0,10820091,0,0,4,0,0,0,0,134650.0,569950.0,3585,1,4,1,0,2,4,4,3,0,0,4,0,0.0,0.0,0.0,0,0.0,0.0,5.0,5.0,6.0,11.0,0.0,8
3586,3586,82,92,570050.0,134650.0,10820092,0,0,4,0,0,0,0,134650.0,570050.0,3586,1,4,1,0,2,4,4,3,0,0,4,0,0.0,0.0,0.0,0,0.0,0.0,5.0,5.0,6.0,11.0,0.0,8
3587,3587,82,93,570150.0,134650.0,10820093,1,0,4,0,0,0,0,134650.0,570150.0,3587,1,4,2,0,2,4,4,3,0,0,4,0,0.0,0.0,0.0,0,0.0,0.0,6.0,6.0,7.0,11.0,1.0,8
3588,3588,82,94,570250.0,134650.0,10820094,1,0,4,0,0,0,0,134650.0,570250.0,3588,2,4,2,0,2,4,4,3,0,0,4,0,0.0,0.0,0.0,0,0.0,0.0,7.0,6.0,7.0,11.0,1.0,8
3589,3589,82,95,570350.0,134650.0,10820095,1,0,4,0,0,0,0,134650.0,570350.0,3589,2,4,2,0,2,3,4,3,0,0,4,0,0.0,0.0,0.0,0,0.0,0.0,7.0,6.0,6.0,11.0,1.0,8
3590,3590,82,96,570450.0,134650.0,10820096,2,0,4,0,0,0,0,134650.0,570450.0,3590,2,4,2,0,2,3,4,3,0,0,4,0,0.0,0.0,0.0,0,0.0,0.0,8.0,6.0,7.0,11.0,2.0,8
3591,3591,82,97,570550.0,134650.0,10820097,2,0,4,0,0,0,0,134650.0,570550.0,3591,1,4,2,0,1,3,4,3,0,0,4,1,0.0,0.0,0.0,0,0.0,0.0,7.0,6.0,6.0,11.0,2.0,9
3592,3592,82,98,570650.0,134650.0,10820098,2,0,4,0,0,0,0,134650.0,570650.0,3592,1,4,2,0,1,2,4,3,0,0,4,1,0.0,0.0,0.0,0,0.0,0.0,7.0,6.0,5.0,11.0,2.0,9
3593,3593,82,99,570750.0,134650.0,10820099,2,0,4,0,0,0,0,134650.0,570750.0,3593,0,4,2,0,1,2,4,3,0,0,3,1,0.0,0.0,0.0,0,0.0,0.0,6.0,6.0,5.0,11.0,2.0,8
3594,3594,82,100,570850.0,134650.0,10820100,2,0,4,0,0,0,0,134650.0,570850.0,3594,0,3,2,1,0,1,4,3,0,0,3,2,0.0,0.0,0.0,0,0.0,0.0,5.0,7.0,3.0,11.0,2.0,9
3595,3595,82,101,570950.0,134650.0,10820101,2,0,4,0,0,0,0,134650.0,570950.0,3595,0,3,2,1,0,1,4,3,0,0,3,2,0.0,0.0,0.0,0,0.0,0.0,5.0,7.0,3.0,11.0,2.0,9
3596,3596,82,102,571050.0,134650.0,10820102,1,0,4,0,0,0,0,134650.0,571050.0,3596,0,3,2,1,0,0,4,3,0,0,3,2,0.0,0.0,0.0,0,0.0,0.0,4.0,7.0,1.0,11.0,1.0,9
3597,3597,82,103,571150.0,134650.0,10820103,1,0,4,0,0,0,0,134650.0,571150.0,3597,0,3,2,1,0,0,4,3,0,0,3,2,0.0,0.0,0.0,0,0.0,0.0,4.0,7.0,1.0,11.0,1.0,9
3598,3598,82,104,571250.0,134650.0,10820104,0,0,4,0,0,0,0,134650.0,571250.0,3598,0,3,2,1,0,0,4,3,0,0,3,2,0.0,0.0,0.0,0,0.0,0.0,3.0,7.0,0.0,11.0,0.0,9
3599,3599,82,105,571350.0,134650.0,10820105,0,0,4,0,0,0,0,134650.0,571350.0,3599,0,3,2,1,0,0,4,3,0,0,3,2,0.0,0.0,0.0,0,0.0,0.0,3.0,7.0,0.0,11.0,0.0,9
3600,3600,82,106,571450.0,134650.0,10820106,0,0,4,0,0,0,0,134650.0,571450.0,3600,0,3,2,1,0,0,4,3,0,0,3,2,0.0,0.0,0.0,0,0.0,0.0,3.0,7.0,0.0,11.0,0.0,9
3601,3601,82,107,571550.0,134650.0,10820107,0,0,4,0,0,0,0,134650.0,571550.0,3601,0,3,2,1,0,0,4,3,0,0,3,2,0.0,0.0,0.0,0,0.0,0.0,3.0,7.0,0.0,11.0,0.0,9
3602,3602,82,108,571650.0,134650.0,10820108,1,0,4,0,0,0,0,134650.0,571650.0,3602,1,3,2,1,0,1,4,3,0,0,3,2,0.0,0.0,0.0,0,0.0,0.0,5.0,7.0,2.0,11.0,1.0,9
3603,3603,82,109,571750.0,134650.0,10820109,1,0,4,0,0,0,0,134650.0,571750.0,3603,1,3,2,1,0,1,4,3,0,0,3,2,1.0,0.0,0.0,0,0.0,0.0,5.0,7.0,3.0,11.0,1.0,9
3604,3604,82,110,571850.0,134650.0,10820110,2,0,4,0,0,0,0,134650.0,571850.0,3604,2,3,2,1,1,2,4,3,1,0,3,2,1.0,0.0,0.0,0,0.0,0.0,7.0,7.0,6.0,11.0,3.0,9
3605,3605,82,111,571950.0,134650.0,10820111,2,0,4,0,0,0,0,134650.0,571950.0,3605,2,3,2,1,1,2,4,3,1,1,3,2,1.0,0.0,0.0,0,0.0,0.0,7.0,7.0,6.0,11.0,4.0,9
3606,3606,82,112,572050.0,134650.0,10820112,2,0,4,0,0,0,0,134650.0,572050.0,3606,2,3,2,1,1,3,4,3,2,1,2,2,0.0,0.0,0.0,0,0.0,0.0,7.0,7.0,6.0,11.0,5.0,8
3607,3607,82,113,572150.0,134650.0,10820113,2,0,4,0,0,0,0,134650.0,572150.0,3607,2,3,2,1,2,3,4,3,2,1,2,2,0.0,0.0,0.0,0,0.0,0.0,7.0,7.0,7.0,11.0,5.0,8
3608,3608,83,32,564050.0,134550.0,10830032,4,0,4,0,0,0,0,134550.0,564050.0,3608,3,3,2,2,3,2,4,3,3,3,2,1,0.0,0.0,0.0,0,0.0,0.0,10.0,8.0,9.0,11.0,10.0,7
3609,3609,83,33,564150.0,134550.0,10830033,4,0,4,0,0,0,0,134550.0,564150.0,3609,3,2,3,2,3,2,4,3,3,3,2,1,0.0,0.0,0.0,0,0.0,0.0,9.0,9.0,9.0,11.0,10.0,7
3610,3610,83,34,564250.0,134550.0,10830034,4,0,4,0,0,0,0,134550.0,564250.0,3610,3,2,3,2,2,3,4,3,3,3,1,1,0.0,0.0,0.0,0,0.0,0.0,9.0,9.0,9.0,11.0,10.0,6
3611,3611,83,35,564350.0,134550.0,10830035,4,0,4,0,0,0,0,134550.0,564350.0,3611,3,2,3,2,2,3,4,3,3,3,1,1,0.0,0.0,0.0,0,0.0,0.0,9.0,9.0,9.0,11.0,10.0,6
3612,3612,83,36,564450.0,134550.0,10830036,4,0,4,0,0,0,0,134550.0,564450.0,3612,3,2,3,2,2,3,4,3,2,3,1,1,0.0,0.0,0.0,0,0.0,0.0,9.0,9.0,9.0,11.0,9.0,6
3613,3613,83,37,564550.0,134550.0,10830037,4,0,4,0,0,0,0,134550.0,564550.0,3613,2,2,3,2,2,3,4,3,2,3,1,1,0.0,0.0,0.0,0,0.0,0.0,8.0,9.0,9.0,11.0,9.0,6
3614,3614,83,38,564650.0,134550.0,10830038,4,0,4,0,0,0,0,134550.0,564650.0,3614,2,2,3,2,2,3,4,3,2,3,1,1,0.0,0.0,0.0,0,0.0,0.0,8.0,9.0,9.0,11.0,9.0,6
3615,3615,83,39,564750.0,134550.0,10830039,3,0,4,0,0,0,0,134550.0,564750.0,3615,2,1,4,2,3,3,4,3,2,3,1,1,0.0,0.0,0.0,0,0.0,0.0,6.0,10.0,9.0,11.0,8.0,6
3616,3616,83,40,564850.0,134550.0,10830040,3,0,4,0,0,0,0,134550.0,564850.0,3616,2,1,3,2,3,4,4,3,2,3,1,1,0.0,0.0,0.0,0,0.0,0.0,6.0,9.0,10.0,11.0,8.0,6
3617,3617,83,41,564950.0,134550.0,10830041,3,0,4,0,0,0,0,134550.0,564950.0,3617,2,1,3,2,3,4,4,3,1,2,1,1,0.0,0.0,0.0,0,0.0,0.0,6.0,9.0,10.0,11.0,6.0,6
3618,3618,83,42,565050.0,134550.0,10830042,2,0,4,0,0,0,0,134550.0,565050.0,3618,1,1,2,3,3,4,4,3,0,2,1,1,0.0,0.0,0.0,0,0.0,0.0,4.0,9.0,9.0,11.0,4.0,6
3619,3619,83,43,565150.0,134550.0,10830043,2,0,4,0,0,0,0,134550.0,565150.0,3619,1,1,1,3,3,4,4,3,0,1,1,1,0.0,0.0,0.0,0,0.0,0.0,4.0,8.0,9.0,11.0,3.0,6
3620,3620,83,44,565250.0,134550.0,10830044,2,0,4,0,0,0,0,134550.0,565250.0,3620,1,1,1,3,3,4,4,3,0,1,0,1,0.0,0.0,0.0,0,0.0,0.0,4.0,8.0,9.0,11.0,3.0,5
3621,3621,83,45,565350.0,134550.0,10830045,2,0,4,0,0,0,0,134550.0,565350.0,3621,1,1,1,3,3,4,4,3,0,1,0,1,0.0,0.0,0.0,0,0.0,0.0,4.0,8.0,9.0,11.0,3.0,5
3622,3622,83,46,565450.0,134550.0,10830046,2,0,3,0,0,0,0,134550.0,565450.0,3622,1,1,1,3,3,4,4,3,0,1,0,2,0.0,0.0,0.0,0,0.0,0.0,4.0,7.0,9.0,10.0,3.0,5
3623,3623,83,47,565550.0,134550.0,10830047,2,0,3,0,0,0,0,134550.0,565550.0,3623,1,2,1,3,3,4,4,3,1,1,0,2,0.0,0.0,0.0,0,0.0,0.0,5.0,7.0,9.0,10.0,4.0,5
3624,3624,83,48,565650.0,134550.0,10830048,2,0,3,0,0,0,0,134550.0,565650.0,3624,1,2,0,3,3,4,4,3,3,2,0,1,0.0,0.0,0.0,0,0.0,0.0,5.0,6.0,9.0,10.0,7.0,4
3625,3625,83,49,565750.0,134550.0,10830049,2,0,2,0,0,0,0,134550.0,565750.0,3625,0,2,0,3,3,4,4,3,3,2,0,1,0.0,0.0,0.0,0,0.0,0.0,4.0,5.0,9.0,9.0,7.0,3
3626,3626,83,50,565850.0,134550.0,10830050,1,0,2,0,0,0,0,134550.0,565850.0,3626,0,3,0,3,3,4,4,3,4,3,0,1,0.0,0.0,0.0,0,0.0,0.0,4.0,5.0,8.0,9.0,8.0,3
3627,3627,83,51,565950.0,134550.0,10830051,1,0,2,0,0,0,0,134550.0,565950.0,3627,0,4,0,4,3,4,4,3,4,3,0,1,0.0,0.0,0.0,0,0.0,0.0,5.0,6.0,8.0,9.0,8.0,3
3628,3628,83,52,566050.0,134550.0,10830052,1,0,2,0,0,0,0,134550.0,566050.0,3628,0,4,0,4,3,4,4,3,4,2,0,2,0.0,0.0,0.0,0,1.75,0.0,6.75,6.0,8.0,9.0,7.0,4
3629,3629,83,53,566150.0,134550.0,10830053,1,0,2,0,0,0,0,134550.0,566150.0,3629,1,4,0,4,4,4,4,3,4,2,0,2,0.0,0.0,0.0,0,2.5,0.0,8.5,6.0,9.0,9.0,7.0,4
3630,3630,83,54,566250.0,134550.0,10830054,1,0,2,0,0,0,0,134550.0,566250.0,3630,1,4,0,4,4,4,4,3,4,2,0,2,0.0,0.0,0.0,0,2.5,0.0,8.5,6.0,9.0,9.0,7.0,4
3631,3631,83,55,566350.0,134550.0,10830055,0,0,2,0,0,0,0,134550.0,566350.0,3631,0,4,0,4,4,4,4,3,4,2,0,3,0.0,0.0,0.0,0,2.5,0.0,6.5,6.0,8.0,9.0,6.0,5
3632,3632,83,56,566450.0,134550.0,10830056,0,0,2,0,0,0,0,134550.0,566450.0,3632,0,3,0,4,4,4,0,3,4,3,0,3,0.0,0.0,0.0,0,2.5,0.0,5.5,6.0,8.0,5.0,7.0,5
3633,3633,83,57,566550.0,134550.0,10830057,0,0,3,0,0,0,0,134550.0,566550.0,3633,0,0,0,4,4,4,0,3,4,1,0,3,0.0,0.0,0.0,0,2.5,0.0,2.5,7.0,8.0,6.0,5.0,6
3634,3634,83,58,566650.0,134550.0,10830058,0,0,3,0,0,0,0,134550.0,566650.0,3634,0,0,0,4,4,4,0,3,4,0,0,3,0.0,0.0,0.0,0,2.5,0.0,2.5,7.0,8.0,6.0,4.0,6
3635,3635,83,59,566750.0,134550.0,10830059,0,1,3,0,0,0,0,134550.0,566750.0,3635,0,0,0,3,4,4,0,3,4,0,0,3,0.0,0.0,0.0,0,2.5,0.0,3.5,6.0,9.0,6.0,5.0,6
3636,3636,83,60,566850.0,134550.0,10830060,0,2,4,0,0,0,0,134550.0,566850.0,3636,0,0,0,3,4,4,0,3,4,0,0,4,1.0,0.0,0.0,0,2.5,0.0,4.5,7.0,11.0,7.0,6.0,8
3637,3637,83,61,566950.0,134550.0,10830061,0,3,3,0,0,0,0,134550.0,566950.0,3637,0,0,1,3,4,4,0,3,4,0,1,4,1.0,0.0,0.0,0,2.5,0.0,5.5,7.0,12.0,6.0,7.0,8
3638,3638,83,62,567050.0,134550.0,10830062,0,2,3,0,0,0,0,134550.0,567050.0,3638,0,0,1,3,4,4,0,3,3,0,1,4,1.0,0.0,0.0,0,2.5,0.0,4.5,7.0,11.0,6.0,5.0,8
3639,3639,83,63,567150.0,134550.0,10830063,0,1,2,0,0,0,0,134550.0,567150.0,3639,0,0,4,2,1,4,0,3,3,0,2,4,1.0,0.0,0.0,0,2.5,0.0,3.5,8.0,7.0,5.0,4.0,8
3640,3640,83,64,567250.0,134550.0,10830064,0,1,2,0,0,0,0,134550.0,567250.0,3640,0,0,4,1,0,0,0,3,3,0,2,4,1.0,0.0,0.0,0,2.5,0.0,3.5,7.0,2.0,5.0,4.0,8
3641,3641,83,65,567350.0,134550.0,10830065,0,0,1,0,0,0,0,134550.0,567350.0,3641,0,0,4,0,0,0,0,3,3,0,2,3,1.75,0.0,0.0,0,2.5,0.0,2.5,5.0,1.75,4.0,3.0,6
3642,3642,83,66,567450.0,134550.0,10830066,0,0,1,0,0,0,0,134550.0,567450.0,3642,0,0,4,0,0,0,4,3,3,0,3,3,1.75,0.0,1.75,0,2.5,0.0,2.5,5.0,1.75,8.0,4.75,7
3643,3643,83,67,567550.0,134550.0,10830067,0,0,0,0,0,0,0,134550.0,567550.0,3643,0,0,4,0,0,0,4,3,4,0,3,3,1.75,0.0,2.25,0,2.5,0.0,2.5,4.0,1.75,7.0,6.25,6
3644,3644,83,68,567650.0,134550.0,10830068,0,0,0,0,0,0,0,134550.0,567650.0,3644,0,0,4,0,0,0,4,3,4,0,3,3,0.0,0.0,2.25,0,2.5,0.0,2.5,4.0,0.0,7.0,6.25,6
3645,3645,83,69,567750.0,134550.0,10830069,0,0,0,0,0,0,0,134550.0,567750.0,3645,0,0,4,0,0,0,4,3,4,0,3,2,0.0,0.0,2.25,0,2.5,0.0,2.5,4.0,0.0,7.0,6.25,5
3646,3646,83,70,567850.0,134550.0,10830070,1,0,1,0,0,0,0,134550.0,567850.0,3646,0,0,4,0,0,0,4,3,4,0,3,1,0.0,0.0,1.25,0,2.5,0.0,3.5,5.0,1.0,8.0,6.25,5
3647,3647,83,71,567950.0,134550.0,10830071,0,0,1,0,0,0,0,134550.0,567950.0,3647,0,0,4,0,0,0,4,3,3,0,3,1,0.0,0.0,1.25,0,2.5,0.0,2.5,5.0,0.0,8.0,4.25,5
3648,3648,83,72,568050.0,134550.0,10830072,0,0,2,0,0,0,0,134550.0,568050.0,3648,0,0,4,0,0,0,4,3,3,0,3,0,0.0,0.0,1.5,0,2.5,0.0,2.5,6.0,0.0,9.0,4.5,5
3649,3649,83,73,568150.0,134550.0,10830073,0,0,2,0,0,0,0,134550.0,568150.0,3649,0,0,4,0,0,1,4,3,0,0,3,0,0.0,0.0,0.75,0,2.5,0.0,2.5,6.0,1.0,9.0,0.75,5
3650,3650,83,74,568250.0,134550.0,10830074,0,0,3,0,0,0,0,134550.0,568250.0,3650,0,0,4,0,0,1,4,3,0,0,4,0,0.0,0.0,0.0,0,2.5,0.0,2.5,7.0,1.0,10.0,0.0,7
3651,3651,83,75,568350.0,134550.0,10830075,0,0,3,0,0,0,0,134550.0,568350.0,3651,0,0,4,0,1,2,4,3,0,0,4,0,0.0,0.0,0.0,0,2.5,0.0,2.5,7.0,3.0,10.0,0.0,7
3652,3652,83,76,568450.0,134550.0,10830076,0,0,4,0,0,0,0,134550.0,568450.0,3652,0,0,4,0,1,3,4,3,0,0,4,0,0.0,0.0,0.0,0,2.5,0.0,2.5,8.0,4.0,11.0,0.0,8
3653,3653,83,77,568550.0,134550.0,10830077,0,0,4,0,0,0,0,134550.0,568550.0,3653,0,0,2,0,2,3,4,3,0,0,4,0,0.0,0.0,0.0,0,2.5,0.0,2.5,6.0,5.0,11.0,0.0,8
3654,3654,83,78,568650.0,134550.0,10830078,1,0,4,0,0,0,0,134550.0,568650.0,3654,0,0,1,0,2,3,4,3,0,0,4,0,0.0,0.0,0.0,0,2.5,0.0,3.5,5.0,6.0,11.0,1.0,8
3655,3655,83,79,568750.0,134550.0,10830079,1,0,4,0,0,0,0,134550.0,568750.0,3655,0,0,1,0,2,3,4,3,0,0,4,0,0.0,0.0,0.0,0,2.5,0.0,3.5,5.0,6.0,11.0,1.0,8
3656,3656,83,80,568850.0,134550.0,10830080,2,0,4,0,0,0,0,134550.0,568850.0,3656,0,0,1,0,2,3,4,3,1,0,4,0,0.0,0.0,0.0,0,2.5,0.0,4.5,5.0,7.0,11.0,3.0,8
3657,3657,83,81,568950.0,134550.0,10830081,2,0,3,0,0,0,0,134550.0,568950.0,3657,0,1,1,0,2,3,4,3,1,0,4,0,0.0,0.0,0.0,0,2.5,0.0,5.5,4.0,7.0,10.0,3.0,7
3658,3658,83,82,569050.0,134550.0,10830082,2,0,3,0,0,0,0,134550.0,569050.0,3658,0,1,1,0,2,2,4,3,1,0,4,0,0.0,0.0,0.0,0,2.5,0.0,5.5,4.0,6.0,10.0,3.0,7
3659,3659,83,83,569150.0,134550.0,10830083,1,0,3,0,0,0,0,134550.0,569150.0,3659,0,1,1,0,2,2,4,3,1,1,4,0,0.0,0.0,0.0,0,2.5,0.0,4.5,4.0,5.0,10.0,3.0,7
3660,3660,83,84,569250.0,134550.0,10830084,1,0,3,0,0,0,0,134550.0,569250.0,3660,0,1,1,0,2,2,4,3,1,1,4,0,0.0,0.0,0.0,0,2.5,0.0,4.5,4.0,5.0,10.0,3.0,7
3661,3661,83,85,569350.0,134550.0,10830085,1,0,4,0,0,0,0,134550.0,569350.0,3661,0,2,1,0,2,3,4,3,0,1,4,0,0.0,0.0,0.0,0,2.5,0.0,5.5,5.0,6.0,11.0,2.0,8
3662,3662,83,86,569450.0,134550.0,10830086,1,0,4,0,0,0,0,134550.0,569450.0,3662,0,3,1,0,3,4,4,3,0,1,4,0,0.0,0.0,0.0,0,2.5,0.0,6.5,5.0,8.0,11.0,2.0,8
3663,3663,83,87,569550.0,134550.0,10830087,0,0,4,0,0,0,0,134550.0,569550.0,3663,0,3,1,0,3,4,4,3,0,0,4,0,0.0,0.0,0.0,0,2.5,0.0,5.5,5.0,7.0,11.0,0.0,8
3664,3664,83,88,569650.0,134550.0,10830088,0,0,4,0,0,0,0,134550.0,569650.0,3664,0,4,1,0,3,4,4,3,0,0,4,0,0.0,0.0,0.0,0,0.0,0.0,4.0,5.0,7.0,11.0,0.0,8
3665,3665,83,89,569750.0,134550.0,10830089,0,0,4,0,0,0,0,134550.0,569750.0,3665,0,4,1,0,2,4,4,3,0,0,4,0,0.0,0.0,0.0,0,0.0,0.0,4.0,5.0,6.0,11.0,0.0,8
3666,3666,83,90,569850.0,134550.0,10830090,0,0,4,0,0,0,0,134550.0,569850.0,3666,0,4,1,0,2,4,4,3,0,0,4,0,0.0,0.0,0.0,0,0.0,0.0,4.0,5.0,6.0,11.0,0.0,8
3667,3667,83,91,569950.0,134550.0,10830091,0,0,4,0,0,0,0,134550.0,569950.0,3667,0,4,2,0,2,3,4,3,0,0,4,0,0.0,0.0,0.0,0,0.0,0.0,4.0,6.0,5.0,11.0,0.0,8
3668,3668,83,92,570050.0,134550.0,10830092,0,0,4,0,0,0,0,134550.0,570050.0,3668,0,4,2,0,2,3,4,3,0,0,4,0,0.0,0.0,0.0,0,0.0,0.0,4.0,6.0,5.0,11.0,0.0,8
3669,3669,83,93,570150.0,134550.0,10830093,0,0,4,0,0,0,0,134550.0,570150.0,3669,1,4,2,0,2,3,4,3,0,0,4,0,0.0,0.0,0.0,0,0.0,0.0,5.0,6.0,5.0,11.0,0.0,8
3670,3670,83,94,570250.0,134550.0,10830094,1,0,4,0,0,0,0,134550.0,570250.0,3670,1,4,2,0,1,3,4,3,0,0,4,0,0.0,0.0,0.0,0,0.0,0.0,6.0,6.0,5.0,11.0,1.0,8
3671,3671,83,95,570350.0,134550.0,10830095,1,0,4,0,0,0,0,134550.0,570350.0,3671,1,4,2,0,1,2,4,3,0,0,4,0,0.0,0.0,0.0,0,0.0,0.0,6.0,6.0,4.0,11.0,1.0,8
3672,3672,83,96,570450.0,134550.0,10830096,1,0,4,0,0,0,0,134550.0,570450.0,3672,1,4,2,0,1,2,4,3,0,0,4,0,0.0,0.0,0.0,0,0.0,0.0,6.0,6.0,4.0,11.0,1.0,8
3673,3673,83,97,570550.0,134550.0,10830097,1,0,4,0,0,0,0,134550.0,570550.0,3673,1,4,2,0,1,2,4,3,1,0,4,1,0.0,0.0,0.0,0,0.0,0.0,6.0,6.0,4.0,11.0,2.0,9
3674,3674,83,98,570650.0,134550.0,10830098,1,0,4,0,0,0,0,134550.0,570650.0,3674,0,3,2,0,0,1,4,3,1,0,3,1,0.0,0.0,0.0,0,0.0,0.0,4.0,6.0,2.0,11.0,2.0,8
3675,3675,83,99,570750.0,134550.0,10830099,1,0,4,0,0,0,0,134550.0,570750.0,3675,0,3,2,1,0,1,4,3,1,0,3,1,0.0,0.0,0.0,0,0.0,0.0,4.0,7.0,2.0,11.0,2.0,8
3676,3676,83,100,570850.0,134550.0,10830100,1,0,4,0,0,0,0,134550.0,570850.0,3676,0,3,2,1,0,0,4,3,0,0,3,2,0.0,0.0,0.0,0,0.0,0.0,4.0,7.0,1.0,11.0,1.0,9
3677,3677,83,101,570950.0,134550.0,10830101,2,0,4,0,0,0,0,134550.0,570950.0,3677,0,3,2,1,0,0,4,3,0,0,3,2,0.0,0.0,0.0,0,0.0,0.0,5.0,7.0,2.0,11.0,2.0,9
3678,3678,83,102,571050.0,134550.0,10830102,1,0,4,0,0,0,0,134550.0,571050.0,3678,0,3,2,1,0,0,4,3,0,0,3,2,0.0,0.0,0.0,0,0.0,0.0,4.0,7.0,1.0,11.0,1.0,9
3679,3679,83,103,571150.0,134550.0,10830103,1,0,4,0,0,0,0,134550.0,571150.0,3679,0,3,2,1,0,0,4,3,0,0,3,2,0.0,0.0,0.0,0,0.0,0.0,4.0,7.0,1.0,11.0,1.0,9
3680,3680,83,104,571250.0,134550.0,10830104,0,0,4,0,0,0,0,134550.0,571250.0,3680,0,3,2,1,0,0,4,3,0,0,3,2,0.0,0.0,0.0,0,0.0,0.0,3.0,7.0,0.0,11.0,0.0,9
3681,3681,83,105,571350.0,134550.0,10830105,0,0,4,0,0,0,0,134550.0,571350.0,3681,0,4,2,1,0,0,4,3,0,0,3,2,0.0,0.0,0.0,0,0.0,0.0,4.0,7.0,0.0,11.0,0.0,9
3682,3682,83,106,571450.0,134550.0,10830106,0,0,4,0,0,0,0,134550.0,571450.0,3682,0,3,2,1,0,0,4,3,0,0,3,2,0.0,0.0,0.0,0,0.0,0.0,3.0,7.0,0.0,11.0,0.0,9
3683,3683,83,107,571550.0,134550.0,10830107,0,0,4,0,0,0,0,134550.0,571550.0,3683,0,3,2,1,0,0,4,3,0,0,3,2,0.0,0.0,0.0,0,0.0,0.0,3.0,7.0,0.0,11.0,0.0,9
3684,3684,83,108,571650.0,134550.0,10830108,1,0,4,0,0,0,0,134550.0,571650.0,3684,1,3,2,1,0,1,4,3,0,0,3,2,1.0,0.0,0.0,0,0.0,0.0,5.0,7.0,3.0,11.0,1.0,9
3685,3685,83,109,571750.0,134550.0,10830109,1,0,4,0,0,0,0,134550.0,571750.0,3685,1,3,2,1,0,1,4,3,1,0,3,2,1.0,0.0,0.0,0,0.0,0.0,5.0,7.0,3.0,11.0,2.0,9
3686,3686,83,110,571850.0,134550.0,10830110,2,0,4,0,0,0,0,134550.0,571850.0,3686,2,3,2,1,1,2,4,3,1,1,3,2,1.0,0.0,0.0,0,0.0,0.0,7.0,7.0,6.0,11.0,4.0,9
3687,3687,83,111,571950.0,134550.0,10830111,2,0,4,0,0,0,0,134550.0,571950.0,3687,2,3,2,1,1,2,4,3,1,1,2,2,1.0,0.0,0.0,0,0.0,0.0,7.0,7.0,6.0,11.0,4.0,8
3688,3688,83,112,572050.0,134550.0,10830112,2,0,4,0,0,0,0,134550.0,572050.0,3688,2,3,2,1,1,2,4,3,2,1,2,2,1.0,0.0,0.0,0,0.0,0.0,7.0,7.0,6.0,11.0,5.0,8
3689,3689,83,113,572150.0,134550.0,10830113,2,0,4,0,0,0,0,134550.0,572150.0,3689,2,3,2,1,2,3,4,3,2,1,2,2,0.0,0.0,0.0,0,0.0,0.0,7.0,7.0,7.0,11.0,5.0,8
3690,3690,84,32,564050.0,134450.0,10840032,4,0,4,0,0,0,0,134450.0,564050.0,3690,3,3,2,2,3,2,4,3,3,3,2,1,0.0,0.0,0.0,0,0.0,0.0,10.0,8.0,9.0,11.0,10.0,7
3691,3691,84,33,564150.0,134450.0,10840033,4,0,4,0,0,0,0,134450.0,564150.0,3691,3,3,3,2,3,2,4,3,3,3,2,1,0.0,0.0,0.0,0,0.0,0.0,10.0,9.0,9.0,11.0,10.0,7
3692,3692,84,34,564250.0,134450.0,10840034,4,0,4,0,0,0,0,134450.0,564250.0,3692,3,2,3,2,2,3,4,3,3,3,1,1,0.0,0.0,0.0,0,0.0,0.0,9.0,9.0,9.0,11.0,10.0,6
3693,3693,84,35,564350.0,134450.0,10840035,4,0,4,0,0,0,0,134450.0,564350.0,3693,3,2,3,2,2,3,4,3,3,3,1,1,0.0,0.0,0.0,0,0.0,0.0,9.0,9.0,9.0,11.0,10.0,6
3694,3694,84,36,564450.0,134450.0,10840036,4,0,4,0,0,0,0,134450.0,564450.0,3694,3,2,3,2,2,3,4,3,2,3,1,1,0.0,0.0,0.0,0,0.0,0.0,9.0,9.0,9.0,11.0,9.0,6
3695,3695,84,37,564550.0,134450.0,10840037,4,0,4,0,0,0,0,134450.0,564550.0,3695,3,2,3,2,2,3,4,3,2,3,1,1,0.0,0.0,0.0,0,0.0,0.0,9.0,9.0,9.0,11.0,9.0,6
3696,3696,84,38,564650.0,134450.0,10840038,4,0,4,0,0,0,0,134450.0,564650.0,3696,2,2,3,2,2,3,4,3,2,3,1,1,0.0,0.0,0.0,0,0.0,0.0,8.0,9.0,9.0,11.0,9.0,6
3697,3697,84,39,564750.0,134450.0,10840039,4,0,4,0,0,0,0,134450.0,564750.0,3697,2,1,4,2,3,3,4,3,2,3,1,1,0.0,0.0,0.0,0,0.0,0.0,7.0,10.0,10.0,11.0,9.0,6
3698,3698,84,40,564850.0,134450.0,10840040,3,0,4,0,0,0,0,134450.0,564850.0,3698,2,1,3,2,3,4,4,3,2,3,1,1,0.0,0.0,0.0,0,0.0,0.0,6.0,9.0,10.0,11.0,8.0,6
3699,3699,84,41,564950.0,134450.0,10840041,3,0,4,0,0,0,0,134450.0,564950.0,3699,2,1,3,2,3,4,4,3,1,3,1,1,0.0,0.0,0.0,0,0.0,0.0,6.0,9.0,10.0,11.0,7.0,6
3700,3700,84,42,565050.0,134450.0,10840042,3,0,4,0,0,0,0,134450.0,565050.0,3700,1,1,2,2,3,4,4,3,1,2,1,1,0.0,0.0,0.0,0,0.0,0.0,5.0,8.0,10.0,11.0,6.0,6
3701,3701,84,43,565150.0,134450.0,10840043,3,0,4,0,0,0,0,134450.0,565150.0,3701,1,1,1,3,3,4,4,3,0,1,1,1,0.0,0.0,0.0,0,0.0,0.0,5.0,8.0,10.0,11.0,4.0,6
3702,3702,84,44,565250.0,134450.0,10840044,2,0,4,0,0,0,0,134450.0,565250.0,3702,1,1,1,3,3,4,4,3,0,1,1,1,0.0,0.0,0.0,0,0.0,0.0,4.0,8.0,9.0,11.0,3.0,6
3703,3703,84,45,565350.0,134450.0,10840045,2,0,4,0,0,0,0,134450.0,565350.0,3703,1,1,1,3,3,4,4,3,0,1,0,1,0.0,0.0,0.0,0,0.0,0.0,4.0,8.0,9.0,11.0,3.0,5
3704,3704,84,46,565450.0,134450.0,10840046,3,0,4,0,0,0,0,134450.0,565450.0,3704,1,1,1,3,3,4,4,3,0,1,0,1,0.0,0.0,0.0,0,0.0,0.0,5.0,8.0,10.0,11.0,4.0,5
3705,3705,84,47,565550.0,134450.0,10840047,2,0,3,0,0,0,0,134450.0,565550.0,3705,1,1,1,3,3,4,4,3,1,1,0,1,0.0,0.0,0.0,0,0.0,0.0,4.0,7.0,9.0,10.0,4.0,4
3706,3706,84,48,565650.0,134450.0,10840048,2,0,3,0,0,0,0,134450.0,565650.0,3706,1,2,1,3,3,4,4,3,3,3,0,1,0.0,0.0,0.0,0,0.0,0.0,5.0,7.0,9.0,10.0,8.0,4
3707,3707,84,49,565750.0,134450.0,10840049,1,0,3,0,0,0,0,134450.0,565750.0,3707,0,2,0,3,3,4,4,3,4,3,0,1,0.0,0.0,0.0,0,0.0,0.0,3.0,6.0,8.0,10.0,8.0,4
3708,3708,84,50,565850.0,134450.0,10840050,1,0,2,0,0,0,0,134450.0,565850.0,3708,0,3,0,3,4,4,4,3,4,3,0,1,0.0,0.0,0.0,0,0.0,0.0,4.0,5.0,9.0,9.0,8.0,3
3709,3709,84,51,565950.0,134450.0,10840051,1,0,2,0,0,0,0,134450.0,565950.0,3709,0,3,0,3,4,4,4,3,4,3,0,1,0.0,0.0,0.0,0,0.0,0.0,4.0,5.0,9.0,9.0,8.0,3
3710,3710,84,52,566050.0,134450.0,10840052,0,0,2,0,0,0,0,134450.0,566050.0,3710,0,4,0,3,4,4,4,3,4,2,0,2,0.0,0.0,0.0,0,1.75,0.0,5.75,5.0,8.0,9.0,6.0,4
3711,3711,84,53,566150.0,134450.0,10840053,0,0,2,0,0,0,0,134450.0,566150.0,3711,0,4,0,4,4,4,4,3,4,1,0,2,0.0,0.0,0.0,0,2.5,0.0,6.5,6.0,8.0,9.0,5.0,4
3712,3712,84,54,566250.0,134450.0,10840054,1,0,2,0,0,0,0,134450.0,566250.0,3712,1,4,0,4,4,4,4,3,4,1,0,2,0.0,0.0,0.0,0,2.5,0.0,8.5,6.0,9.0,9.0,6.0,4
3713,3713,84,55,566350.0,134450.0,10840055,1,0,3,0,0,0,0,134450.0,566350.0,3713,1,4,0,4,4,4,0,3,4,1,0,3,0.0,0.0,0.0,0,2.5,0.0,8.5,7.0,9.0,6.0,6.0,6
3714,3714,84,56,566450.0,134450.0,10840056,0,0,3,0,0,0,0,134450.0,566450.0,3714,0,3,0,4,4,4,0,3,4,1,0,3,0.0,0.0,0.0,0,2.5,0.0,5.5,7.0,8.0,6.0,5.0,6
3715,3715,84,57,566550.0,134450.0,10840057,0,0,3,0,0,0,0,134450.0,566550.0,3715,0,0,0,4,4,4,0,3,4,2,0,3,0.0,0.0,0.0,0,2.5,0.0,2.5,7.0,8.0,6.0,6.0,6
3716,3716,84,58,566650.0,134450.0,10840058,0,0,3,0,0,0,0,134450.0,566650.0,3716,0,0,0,3,4,4,0,4,4,1,0,3,0.0,0.0,0.0,0,2.5,0.0,2.5,6.0,8.0,7.0,5.0,6
3717,3717,84,59,566750.0,134450.0,10840059,0,1,3,0,0,0,0,134450.0,566750.0,3717,0,0,0,3,4,4,0,4,4,0,0,3,1.0,0.0,0.0,0,2.5,0.0,3.5,6.0,10.0,7.0,5.0,6
3718,3718,84,60,566850.0,134450.0,10840060,0,2,3,0,0,0,0,134450.0,566850.0,3718,0,0,0,3,4,4,0,4,4,0,1,3,1.0,0.0,0.0,0,2.5,0.0,4.5,6.0,11.0,7.0,6.0,7
3719,3719,84,61,566950.0,134450.0,10840061,0,4,3,0,0,0,0,134450.0,566950.0,3719,0,0,0,3,4,2,0,4,4,0,1,4,1.0,0.0,0.0,0,2.5,0.0,6.5,6.0,11.0,7.0,8.0,8
3720,3720,84,62,567050.0,134450.0,10840062,0,3,2,0,0,0,0,134450.0,567050.0,3720,0,0,1,3,4,4,0,4,3,0,1,4,1.0,0.0,0.0,0,2.5,0.0,5.5,6.0,12.0,6.0,6.0,7
3721,3721,84,63,567150.0,134450.0,10840063,0,2,2,0,0,0,0,134450.0,567150.0,3721,0,0,1,3,1,4,0,4,3,0,2,4,1.0,0.0,1.0,0,2.5,0.0,4.5,6.0,8.0,6.0,6.0,8
3722,3722,84,64,567250.0,134450.0,10840064,0,1,2,0,0,0,0,134450.0,567250.0,3722,0,0,3,2,0,0,0,4,3,0,2,3,1.0,0.0,1.75,0,2.5,0.0,3.5,7.0,2.0,6.0,5.75,7
3723,3723,84,65,567350.0,134450.0,10840065,0,0,1,0,0,0,0,134450.0,567350.0,3723,0,0,4,1,0,0,0,3,3,0,2,3,1.75,0.0,1.75,0,2.5,0.0,2.5,6.0,1.75,4.0,4.75,6
3724,3724,84,66,567450.0,134450.0,10840066,0,0,1,0,0,0,0,134450.0,567450.0,3724,0,0,4,0,0,0,0,3,3,0,3,3,1.75,0.0,1.75,0,2.5,0.0,2.5,5.0,1.75,4.0,4.75,7
3725,3725,84,67,567550.0,134450.0,10840067,0,0,0,0,0,0,0,134450.0,567550.0,3725,0,0,4,0,0,0,4,3,3,0,3,3,1.75,0.0,1.75,0,2.5,0.0,2.5,4.0,1.75,7.0,4.75,6
3726,3726,84,68,567650.0,134450.0,10840068,0,0,0,0,0,0,0,134450.0,567650.0,3726,0,0,4,0,0,0,4,3,3,0,3,3,0.0,0.0,2.25,0,2.5,0.0,2.5,4.0,0.0,7.0,5.25,6
3727,3727,84,69,567750.0,134450.0,10840069,0,0,0,0,0,0,0,134450.0,567750.0,3727,0,0,4,0,0,0,4,3,4,0,3,2,0.0,0.0,2.25,0,2.5,0.0,2.5,4.0,0.0,7.0,6.25,5
3728,3728,84,70,567850.0,134450.0,10840070,1,0,1,0,0,0,0,134450.0,567850.0,3728,0,0,4,0,0,0,4,3,4,0,3,1,0.0,0.0,2.25,0,2.5,0.0,3.5,5.0,1.0,8.0,7.25,5
3729,3729,84,71,567950.0,134450.0,10840071,0,0,1,0,0,0,0,134450.0,567950.0,3729,0,0,4,0,0,0,4,3,3,0,3,1,0.0,0.0,1.25,0,2.5,0.0,2.5,5.0,0.0,8.0,4.25,5
3730,3730,84,72,568050.0,134450.0,10840072,0,0,2,0,0,0,0,134450.0,568050.0,3730,0,0,4,0,0,0,4,3,2,0,3,0,0.0,0.0,1.25,0,2.5,0.0,2.5,6.0,0.0,9.0,3.25,5
3731,3731,84,73,568150.0,134450.0,10840073,0,0,2,0,0,0,0,134450.0,568150.0,3731,0,0,4,0,0,1,4,3,0,0,3,0,0.0,0.0,0.5,0,2.5,0.0,2.5,6.0,1.0,9.0,0.5,5
3732,3732,84,74,568250.0,134450.0,10840074,0,0,3,0,0,0,0,134450.0,568250.0,3732,0,0,4,0,0,1,4,3,0,0,4,0,0.0,0.0,0.0,0,2.5,0.0,2.5,7.0,1.0,10.0,0.0,7
3733,3733,84,75,568350.0,134450.0,10840075,0,0,3,0,0,0,0,134450.0,568350.0,3733,0,0,4,0,1,2,4,3,0,0,4,0,0.0,0.0,0.0,0,2.5,0.0,2.5,7.0,3.0,10.0,0.0,7
3734,3734,84,76,568450.0,134450.0,10840076,0,0,4,0,0,0,0,134450.0,568450.0,3734,0,0,3,0,1,3,4,3,0,0,4,0,0.0,0.0,0.0,0,2.5,0.0,2.5,7.0,4.0,11.0,0.0,8
3735,3735,84,77,568550.0,134450.0,10840077,0,0,4,0,0,0,0,134450.0,568550.0,3735,0,0,1,0,2,3,4,3,0,0,4,0,0.0,0.0,0.0,0,2.5,0.0,2.5,5.0,5.0,11.0,0.0,8
3736,3736,84,78,568650.0,134450.0,10840078,1,0,4,0,0,0,0,134450.0,568650.0,3736,0,1,1,0,2,3,4,3,0,0,4,0,0.0,0.0,0.0,0,2.5,0.0,4.5,5.0,6.0,11.0,1.0,8
3737,3737,84,79,568750.0,134450.0,10840079,1,0,4,0,0,0,0,134450.0,568750.0,3737,0,1,1,0,2,3,4,3,0,0,4,0,0.0,0.0,0.0,0,2.5,0.0,4.5,5.0,6.0,11.0,1.0,8
3738,3738,84,80,568850.0,134450.0,10840080,2,0,4,0,0,0,0,134450.0,568850.0,3738,0,1,1,0,2,3,4,3,1,0,4,0,0.0,0.0,0.0,0,2.5,0.0,5.5,5.0,7.0,11.0,3.0,8
3739,3739,84,81,568950.0,134450.0,10840081,2,0,4,0,0,0,0,134450.0,568950.0,3739,0,1,1,0,2,3,4,3,1,0,4,0,0.0,0.0,0.0,0,2.5,0.0,5.5,5.0,7.0,11.0,3.0,8
3740,3740,84,82,569050.0,134450.0,10840082,2,0,4,0,0,0,0,134450.0,569050.0,3740,0,1,1,0,2,2,4,3,1,0,4,0,0.0,0.0,0.0,0,2.5,0.0,5.5,5.0,6.0,11.0,3.0,8
3741,3741,84,83,569150.0,134450.0,10840083,2,0,4,0,0,0,0,134450.0,569150.0,3741,0,1,1,0,2,2,4,3,1,1,4,0,0.0,0.0,0.0,0,2.5,0.0,5.5,5.0,6.0,11.0,4.0,8
3742,3742,84,84,569250.0,134450.0,10840084,2,0,4,0,0,0,0,134450.0,569250.0,3742,0,1,1,0,2,2,4,3,1,1,4,0,0.0,0.0,0.0,0,2.5,0.0,5.5,5.0,6.0,11.0,4.0,8
3743,3743,84,85,569350.0,134450.0,10840085,1,0,4,0,0,0,0,134450.0,569350.0,3743,0,2,1,0,2,3,4,3,0,1,4,0,0.0,0.0,0.0,0,2.5,0.0,5.5,5.0,6.0,11.0,2.0,8
3744,3744,84,86,569450.0,134450.0,10840086,1,0,4,0,0,0,0,134450.0,569450.0,3744,0,3,1,0,3,4,4,3,0,0,4,0,0.0,0.0,0.0,0,2.5,0.0,6.5,5.0,8.0,11.0,1.0,8
3745,3745,84,87,569550.0,134450.0,10840087,0,0,4,0,0,0,0,134450.0,569550.0,3745,0,3,1,0,3,4,4,3,0,0,4,0,0.0,0.0,0.0,0,2.5,0.0,5.5,5.0,7.0,11.0,0.0,8
3746,3746,84,88,569650.0,134450.0,10840088,0,0,4,0,0,0,0,134450.0,569650.0,3746,0,4,1,0,2,4,4,3,0,0,4,0,0.0,0.0,0.0,0,0.0,0.0,4.0,5.0,6.0,11.0,0.0,8
3747,3747,84,89,569750.0,134450.0,10840089,0,0,4,0,0,0,0,134450.0,569750.0,3747,0,4,1,0,2,4,4,3,0,0,4,0,0.0,0.0,0.0,0,0.0,0.0,4.0,5.0,6.0,11.0,0.0,8
3748,3748,84,90,569850.0,134450.0,10840090,0,0,4,0,0,0,0,134450.0,569850.0,3748,0,4,2,0,1,3,4,3,0,0,4,0,0.0,0.0,0.0,0,0.0,0.0,4.0,6.0,4.0,11.0,0.0,8
3749,3749,84,91,569950.0,134450.0,10840091,0,0,4,0,0,0,0,134450.0,569950.0,3749,0,4,2,0,1,3,4,3,0,0,4,0,0.0,0.0,0.0,0,0.0,0.0,4.0,6.0,4.0,11.0,0.0,8
3750,3750,84,92,570050.0,134450.0,10840092,0,0,4,0,0,0,0,134450.0,570050.0,3750,0,4,2,0,1,2,4,3,0,0,4,0,0.0,0.0,0.0,0,0.0,0.0,4.0,6.0,3.0,11.0,0.0,8
3751,3751,84,93,570150.0,134450.0,10840093,0,0,4,0,0,0,0,134450.0,570150.0,3751,0,4,2,0,1,2,4,3,0,0,4,0,0.0,0.0,0.0,0,0.0,0.0,4.0,6.0,3.0,11.0,0.0,8
3752,3752,84,94,570250.0,134450.0,10840094,1,0,4,0,0,0,0,134450.0,570250.0,3752,0,4,2,0,1,2,4,3,0,0,4,0,0.0,0.0,0.0,0,0.0,0.0,5.0,6.0,4.0,11.0,1.0,8
3753,3753,84,95,570350.0,134450.0,10840095,1,0,4,0,0,0,0,134450.0,570350.0,3753,0,4,2,0,1,2,4,3,0,0,4,0,0.0,0.0,0.0,0,0.0,0.0,5.0,6.0,4.0,11.0,1.0,8
3754,3754,84,96,570450.0,134450.0,10840096,1,0,4,0,0,0,0,134450.0,570450.0,3754,0,4,2,0,0,1,4,3,0,0,4,1,0.0,0.0,0.0,0,0.0,0.0,5.0,6.0,2.0,11.0,1.0,9
3755,3755,84,97,570550.0,134450.0,10840097,1,0,4,0,0,0,0,134450.0,570550.0,3755,0,3,2,0,0,1,4,3,1,0,4,1,0.0,0.0,0.0,0,0.0,0.0,4.0,6.0,2.0,11.0,2.0,9
3756,3756,84,98,570650.0,134450.0,10840098,1,0,4,0,0,0,0,134450.0,570650.0,3756,0,3,2,0,0,0,4,3,1,0,3,1,0.0,0.0,0.0,0,0.0,0.0,4.0,6.0,1.0,11.0,2.0,8
3757,3757,84,99,570750.0,134450.0,10840099,1,0,4,0,0,0,0,134450.0,570750.0,3757,0,3,2,1,0,0,4,3,1,0,3,1,0.0,0.0,0.0,0,0.0,0.0,4.0,7.0,1.0,11.0,2.0,8
3758,3758,84,100,570850.0,134450.0,10840100,1,0,4,0,0,0,0,134450.0,570850.0,3758,0,3,2,1,0,0,4,3,1,0,3,1,0.0,0.0,0.0,0,0.0,0.0,4.0,7.0,1.0,11.0,2.0,8
3759,3759,84,101,570950.0,134450.0,10840101,1,0,4,0,0,0,0,134450.0,570950.0,3759,0,3,2,1,0,0,4,3,0,0,3,2,0.0,0.0,0.0,0,0.0,0.0,4.0,7.0,1.0,11.0,1.0,9
3760,3760,84,102,571050.0,134450.0,10840102,1,0,4,0,0,0,0,134450.0,571050.0,3760,0,3,2,1,0,0,4,3,0,0,3,2,0.0,0.0,0.0,0,0.0,0.0,4.0,7.0,1.0,11.0,1.0,9
3761,3761,84,103,571150.0,134450.0,10840103,1,0,4,0,0,0,0,134450.0,571150.0,3761,0,3,2,1,0,0,4,3,0,0,3,2,1.0,0.0,0.0,0,0.0,0.0,4.0,7.0,2.0,11.0,1.0,9
3762,3762,84,104,571250.0,134450.0,10840104,0,0,4,0,0,0,0,134450.0,571250.0,3762,0,3,2,1,0,0,4,3,0,0,3,2,0.0,0.0,0.0,0,0.0,0.0,3.0,7.0,0.0,11.0,0.0,9
3763,3763,84,105,571350.0,134450.0,10840105,0,0,4,0,0,0,0,134450.0,571350.0,3763,0,3,2,1,0,0,4,3,0,0,3,2,0.0,0.0,0.0,0,0.0,0.0,3.0,7.0,0.0,11.0,0.0,9
3764,3764,84,106,571450.0,134450.0,10840106,0,0,4,0,0,0,0,134450.0,571450.0,3764,0,3,2,1,0,0,4,3,0,0,3,2,0.0,0.0,0.0,0,0.0,0.0,3.0,7.0,0.0,11.0,0.0,9
3765,3765,84,107,571550.0,134450.0,10840107,0,0,4,0,0,0,0,134450.0,571550.0,3765,0,3,2,1,0,0,4,3,0,0,3,2,1.0,0.0,0.0,0,0.0,0.0,3.0,7.0,1.0,11.0,0.0,9
3766,3766,84,108,571650.0,134450.0,10840108,1,0,4,0,0,0,0,134450.0,571650.0,3766,1,3,2,1,0,1,4,3,0,0,3,2,1.0,0.0,0.0,0,0.0,0.0,5.0,7.0,3.0,11.0,1.0,9
3767,3767,84,109,571750.0,134450.0,10840109,1,0,4,0,0,0,0,134450.0,571750.0,3767,1,3,2,1,0,1,4,3,1,1,3,2,1.0,0.0,0.0,0,0.0,0.0,5.0,7.0,3.0,11.0,3.0,9
3768,3768,84,110,571850.0,134450.0,10840110,1,0,4,0,0,0,0,134450.0,571850.0,3768,2,3,2,1,1,2,4,3,1,1,3,2,1.75,0.0,0.0,0,0.0,0.0,6.0,7.0,5.75,11.0,3.0,9
3769,3769,84,111,571950.0,134450.0,10840111,1,0,4,0,0,0,0,134450.0,571950.0,3769,2,3,2,1,1,2,4,3,1,1,2,2,1.75,0.0,0.0,0,0.0,0.0,6.0,7.0,5.75,11.0,3.0,8
3770,3770,84,112,572050.0,134450.0,10840112,1,0,4,0,0,0,0,134450.0,572050.0,3770,2,3,2,1,2,2,4,3,2,1,2,2,1.0,0.0,0.0,0,0.0,0.0,6.0,7.0,6.0,11.0,4.0,8
3771,3771,84,113,572150.0,134450.0,10840113,2,0,4,0,0,0,0,134450.0,572150.0,3771,2,3,2,1,2,3,4,3,2,1,2,2,0.0,0.0,0.0,0,0.0,0.0,7.0,7.0,7.0,11.0,5.0,8
3772,3772,85,32,564050.0,134350.0,10850032,4,0,4,0,0,0,0,134350.0,564050.0,3772,3,3,2,2,3,2,4,3,3,3,2,1,0.0,0.0,0.0,0,0.0,0.0,10.0,8.0,9.0,11.0,10.0,7
3773,3773,85,33,564150.0,134350.0,10850033,4,0,4,0,0,0,0,134350.0,564150.0,3773,3,3,2,2,3,2,4,3,3,3,2,1,0.0,0.0,0.0,0,0.0,0.0,10.0,8.0,9.0,11.0,10.0,7
3774,3774,85,34,564250.0,134350.0,10850034,4,0,4,0,0,0,0,134350.0,564250.0,3774,3,2,3,2,2,3,4,3,3,3,2,1,0.0,0.0,0.0,0,0.0,0.0,9.0,9.0,9.0,11.0,10.0,7
3775,3775,85,35,564350.0,134350.0,10850035,4,0,4,0,0,0,0,134350.0,564350.0,3775,3,2,3,2,2,3,4,3,3,3,1,1,0.0,0.0,0.0,0,0.0,0.0,9.0,9.0,9.0,11.0,10.0,6
3776,3776,85,36,564450.0,134350.0,10850036,4,0,4,0,0,0,0,134350.0,564450.0,3776,3,2,3,2,2,3,4,3,3,3,1,1,0.0,0.0,0.0,0,0.0,0.0,9.0,9.0,9.0,11.0,10.0,6
3777,3777,85,37,564550.0,134350.0,10850037,4,0,4,0,0,0,0,134350.0,564550.0,3777,3,2,3,2,3,3,4,3,2,3,1,1,0.0,0.0,0.0,0,0.0,0.0,9.0,9.0,10.0,11.0,9.0,6
3778,3778,85,38,564650.0,134350.0,10850038,4,0,4,0,0,0,0,134350.0,564650.0,3778,2,2,3,2,3,2,4,3,2,3,1,1,0.0,0.0,0.0,0,0.0,0.0,8.0,9.0,9.0,11.0,9.0,6
3779,3779,85,39,564750.0,134350.0,10850039,4,0,4,0,0,0,0,134350.0,564750.0,3779,2,1,3,2,3,3,4,3,2,3,1,1,0.0,0.0,0.0,0,0.0,0.0,7.0,9.0,10.0,11.0,9.0,6
3780,3780,85,40,564850.0,134350.0,10850040,4,0,4,0,0,0,0,134350.0,564850.0,3780,2,1,3,2,3,4,4,3,2,3,1,1,0.0,0.0,0.0,0,0.0,0.0,7.0,9.0,11.0,11.0,9.0,6
3781,3781,85,41,564950.0,134350.0,10850041,3,0,4,0,0,0,0,134350.0,564950.0,3781,2,1,3,2,3,4,4,3,2,3,1,1,0.0,0.0,0.0,0,0.0,0.0,6.0,9.0,10.0,11.0,8.0,6
3782,3782,85,42,565050.0,134350.0,10850042,3,0,4,0,0,0,0,134350.0,565050.0,3782,1,1,3,2,3,4,4,3,1,2,1,1,0.0,0.0,0.0,0,0.0,0.0,5.0,9.0,10.0,11.0,6.0,6
3783,3783,85,43,565150.0,134350.0,10850043,3,0,4,0,0,0,0,134350.0,565150.0,3783,1,1,2,3,3,4,4,3,1,2,1,1,0.0,0.0,0.0,0,0.0,0.0,5.0,9.0,10.0,11.0,6.0,6
3784,3784,85,44,565250.0,134350.0,10850044,3,0,4,0,0,0,0,134350.0,565250.0,3784,1,1,1,3,3,4,4,3,0,1,1,1,0.0,0.0,0.0,0,0.0,0.0,5.0,8.0,10.0,11.0,4.0,6
3785,3785,85,45,565350.0,134350.0,10850045,3,0,4,0,0,0,0,134350.0,565350.0,3785,1,1,1,3,3,4,4,3,0,1,1,1,0.0,0.0,0.0,0,0.0,0.0,5.0,8.0,10.0,11.0,4.0,6
3786,3786,85,46,565450.0,134350.0,10850046,3,0,4,0,0,0,0,134350.0,565450.0,3786,1,1,1,3,3,4,4,3,0,1,0,1,0.0,0.0,0.0,0,0.0,0.0,5.0,8.0,10.0,11.0,4.0,5
3787,3787,85,47,565550.0,134350.0,10850047,2,0,4,0,0,0,0,134350.0,565550.0,3787,1,1,1,3,3,4,4,3,3,3,0,1,0.0,0.0,0.0,0,0.0,0.0,4.0,8.0,9.0,11.0,8.0,5
3788,3788,85,48,565650.0,134350.0,10850048,2,0,3,0,0,0,0,134350.0,565650.0,3788,1,2,1,3,4,4,4,3,3,3,0,1,0.0,0.0,0.0,0,0.0,0.0,5.0,7.0,10.0,10.0,8.0,4
3789,3789,85,49,565750.0,134350.0,10850049,1,0,3,0,0,0,0,134350.0,565750.0,3789,0,2,1,3,4,4,4,3,4,3,0,1,0.0,0.0,0.0,0,0.0,0.0,3.0,7.0,9.0,10.0,8.0,4
3790,3790,85,50,565850.0,134350.0,10850050,1,0,3,0,0,0,0,134350.0,565850.0,3790,0,3,0,3,4,4,4,3,4,3,0,1,0.0,0.0,0.0,0,0.0,0.0,4.0,6.0,9.0,10.0,8.0,4
3791,3791,85,51,565950.0,134350.0,10850051,0,0,3,0,0,0,0,134350.0,565950.0,3791,0,3,0,3,4,4,4,3,4,2,0,1,0.0,0.0,0.0,0,0.0,0.0,3.0,6.0,8.0,10.0,6.0,4
3792,3792,85,52,566050.0,134350.0,10850052,0,0,3,0,0,0,0,134350.0,566050.0,3792,0,4,0,3,4,4,4,3,4,1,0,1,0.0,0.0,0.0,0,1.0,0.0,5.0,6.0,8.0,10.0,5.0,4
3793,3793,85,53,566150.0,134350.0,10850053,0,0,3,0,0,0,0,134350.0,566150.0,3793,0,4,0,3,4,4,4,3,4,1,0,2,0.0,0.0,0.0,0,2.25,0.0,6.25,6.0,8.0,10.0,5.0,5
3794,3794,85,54,566250.0,134350.0,10850054,1,0,3,0,0,0,0,134350.0,566250.0,3794,0,4,0,3,4,4,0,3,4,1,0,2,0.0,0.0,0.0,0,2.5,0.0,7.5,6.0,9.0,6.0,6.0,5
3795,3795,85,55,566350.0,134350.0,10850055,1,0,3,0,0,0,0,134350.0,566350.0,3795,1,4,0,4,4,4,0,3,4,1,0,2,0.0,0.0,0.0,0,2.5,0.0,8.5,7.0,9.0,6.0,6.0,5
3796,3796,85,56,566450.0,134350.0,10850056,0,0,3,0,0,0,0,134350.0,566450.0,3796,0,2,0,4,4,4,0,4,4,1,0,3,0.0,0.0,0.0,0,2.5,0.0,4.5,7.0,8.0,7.0,5.0,6
3797,3797,85,57,566550.0,134350.0,10850057,0,0,3,0,0,0,0,134350.0,566550.0,3797,0,0,0,4,4,4,0,4,4,1,0,3,0.0,0.0,0.0,0,2.5,0.0,2.5,7.0,8.0,7.0,5.0,6
3798,3798,85,58,566650.0,134350.0,10850058,0,0,3,0,0,0,0,134350.0,566650.0,3798,0,0,0,4,4,4,0,4,4,0,0,3,0.0,0.0,0.0,0,2.5,0.0,2.5,7.0,8.0,7.0,4.0,6
3799,3799,85,59,566750.0,134350.0,10850059,0,1,3,0,0,0,0,134350.0,566750.0,3799,0,0,0,3,4,4,0,4,4,0,0,3,1.0,0.0,0.0,0,2.5,0.0,3.5,6.0,10.0,7.0,5.0,6
3800,3800,85,60,566850.0,134350.0,10850060,0,2,3,0,0,0,0,134350.0,566850.0,3800,0,0,0,3,4,4,0,4,4,0,1,3,1.0,0.0,1.0,0,2.5,0.0,4.5,6.0,11.0,7.0,7.0,7
3801,3801,85,61,566950.0,134350.0,10850061,0,2,3,0,0,0,0,134350.0,566950.0,3801,0,0,0,3,4,4,0,4,4,0,1,3,1.0,0.0,1.0,0,2.5,0.0,4.5,6.0,11.0,7.0,7.0,7
3802,3802,85,62,567050.0,134350.0,10850062,0,2,3,0,0,0,0,134350.0,567050.0,3802,0,0,0,3,1,4,0,4,3,0,1,3,1.0,0.0,1.0,0,2.5,0.0,4.5,6.0,8.0,7.0,6.0,7
3803,3803,85,63,567150.0,134350.0,10850063,0,1,2,0,0,0,0,134350.0,567150.0,3803,0,0,1,3,0,0,0,4,3,0,2,3,1.0,0.0,1.0,0,2.5,0.0,3.5,6.0,2.0,6.0,5.0,7
3804,3804,85,64,567250.0,134350.0,10850064,0,0,2,0,0,0,0,134350.0,567250.0,3804,0,0,1,3,0,0,0,4,4,0,2,3,1.0,0.0,1.75,0,2.5,0.0,2.5,6.0,1.0,6.0,5.75,7
3805,3805,85,65,567350.0,134350.0,10850065,0,0,1,0,0,0,0,134350.0,567350.0,3805,0,0,1,2,0,0,0,4,4,0,3,3,1.0,0.0,1.75,0,2.5,0.0,2.5,4.0,1.0,5.0,5.75,7
3806,3806,85,66,567450.0,134350.0,10850066,1,0,1,0,0,0,0,134350.0,567450.0,3806,0,0,3,2,0,0,0,3,4,0,3,3,1.0,0.0,1.75,0,2.5,0.0,3.5,6.0,2.0,4.0,6.75,7
3807,3807,85,67,567550.0,134350.0,10850067,0,0,0,0,0,0,0,134350.0,567550.0,3807,0,0,4,1,0,0,0,3,4,0,3,3,0.0,0.0,1.75,0,2.5,0.0,2.5,5.0,0.0,3.0,5.75,6
3808,3808,85,68,567650.0,134350.0,10850068,0,0,0,0,0,0,0,134350.0,567650.0,3808,0,0,4,0,0,0,4,3,4,0,3,3,0.0,0.0,2.25,0,2.5,0.0,2.5,4.0,0.0,7.0,6.25,6
3809,3809,85,69,567750.0,134350.0,10850069,0,0,0,0,0,0,0,134350.0,567750.0,3809,0,0,4,0,0,0,4,3,3,0,3,2,0.0,0.0,2.25,0,2.5,0.0,2.5,4.0,0.0,7.0,5.25,5
3810,3810,85,70,567850.0,134350.0,10850070,1,0,1,0,0,0,0,134350.0,567850.0,3810,0,0,4,0,0,0,4,3,3,0,3,1,0.0,0.0,2.25,0,2.5,0.0,3.5,5.0,1.0,8.0,6.25,5
3811,3811,85,71,567950.0,134350.0,10850071,0,0,1,0,0,0,0,134350.0,567950.0,3811,0,0,4,0,0,0,4,3,3,0,3,1,0.0,0.0,1.25,0,2.5,0.0,2.5,5.0,0.0,8.0,4.25,5
3812,3812,85,72,568050.0,134350.0,10850072,0,0,2,0,0,0,0,134350.0,568050.0,3812,0,0,4,0,0,0,4,3,1,0,3,0,0.0,0.0,1.25,0,2.5,0.0,2.5,6.0,0.0,9.0,2.25,5
3813,3813,85,73,568150.0,134350.0,10850073,0,0,2,0,0,0,0,134350.0,568150.0,3813,0,0,4,0,0,1,4,3,0,0,3,0,0.0,0.0,0.5,0,2.5,0.0,2.5,6.0,1.0,9.0,0.5,5
3814,3814,85,74,568250.0,134350.0,10850074,1,0,3,0,0,0,0,134350.0,568250.0,3814,0,1,4,0,0,1,4,3,0,0,4,0,0.0,0.0,0.0,0,2.5,0.0,4.5,7.0,2.0,10.0,1.0,7
3815,3815,85,75,568350.0,134350.0,10850075,0,0,3,0,0,0,0,134350.0,568350.0,3815,0,2,2,0,1,2,4,3,0,0,4,0,0.0,0.0,0.0,0,2.5,0.0,4.5,5.0,3.0,10.0,0.0,7
3816,3816,85,76,568450.0,134350.0,10850076,0,0,4,0,0,0,0,134350.0,568450.0,3816,0,3,1,0,1,3,4,3,0,0,4,0,0.0,0.0,0.0,0,2.5,0.0,5.5,5.0,4.0,11.0,0.0,8
3817,3817,85,77,568550.0,134350.0,10850077,0,0,4,0,0,0,0,134350.0,568550.0,3817,0,3,1,0,2,3,4,3,0,0,4,0,0.0,0.0,0.0,0,2.5,0.0,5.5,5.0,5.0,11.0,0.0,8
3818,3818,85,78,568650.0,134350.0,10850078,0,0,4,0,0,0,0,134350.0,568650.0,3818,0,3,1,0,2,3,4,3,0,0,4,0,0.0,0.0,0.0,0,2.5,0.0,5.5,5.0,5.0,11.0,0.0,8
3819,3819,85,79,568750.0,134350.0,10850079,1,0,4,0,0,0,0,134350.0,568750.0,3819,0,2,1,0,2,3,4,3,0,0,4,0,0.0,0.0,0.0,0,2.5,0.0,5.5,5.0,6.0,11.0,1.0,8
3820,3820,85,80,568850.0,134350.0,10850080,1,0,4,0,0,0,0,134350.0,568850.0,3820,0,2,1,0,2,3,4,3,1,0,4,0,0.0,0.0,0.0,0,2.5,0.0,5.5,5.0,6.0,11.0,2.0,8
3821,3821,85,81,568950.0,134350.0,10850081,2,0,4,0,0,0,0,134350.0,568950.0,3821,0,1,1,0,2,2,4,3,1,0,4,0,0.0,0.0,0.0,0,2.5,0.0,5.5,5.0,6.0,11.0,3.0,8
3822,3822,85,82,569050.0,134350.0,10850082,2,0,4,0,0,0,0,134350.0,569050.0,3822,0,1,1,0,2,2,4,3,2,0,4,0,0.0,0.0,0.0,0,2.5,0.0,5.5,5.0,6.0,11.0,4.0,8
3823,3823,85,83,569150.0,134350.0,10850083,2,0,4,0,0,0,0,134350.0,569150.0,3823,0,1,1,0,2,2,4,3,2,1,4,0,0.0,0.0,0.0,0,2.25,0.0,5.25,5.0,6.0,11.0,5.0,8
3824,3824,85,84,569250.0,134350.0,10850084,2,0,4,0,0,0,0,134350.0,569250.0,3824,0,1,1,0,2,2,4,3,1,1,4,0,0.0,0.0,0.0,0,2.25,0.0,5.25,5.0,6.0,11.0,4.0,8
3825,3825,85,85,569350.0,134350.0,10850085,1,0,4,0,0,0,0,134350.0,569350.0,3825,0,2,1,0,2,3,4,3,0,1,4,0,0.0,0.0,0.0,0,2.25,0.0,5.25,5.0,6.0,11.0,2.0,8
3826,3826,85,86,569450.0,134350.0,10850086,1,0,4,0,0,0,0,134350.0,569450.0,3826,0,3,1,0,2,4,4,3,0,0,4,0,0.0,0.0,0.0,0,2.25,0.0,6.25,5.0,7.0,11.0,1.0,8
3827,3827,85,87,569550.0,134350.0,10850087,1,0,4,0,0,0,0,134350.0,569550.0,3827,1,4,1,0,2,4,4,3,0,0,4,0,0.0,0.0,0.0,0,0.75,0.0,6.75,5.0,7.0,11.0,1.0,8
3828,3828,85,88,569650.0,134350.0,10850088,0,0,4,0,0,0,0,134350.0,569650.0,3828,1,4,2,0,1,4,4,3,0,0,4,0,0.0,0.0,0.0,0,0.0,0.0,5.0,6.0,5.0,11.0,0.0,8
3829,3829,85,89,569750.0,134350.0,10850089,0,0,4,0,0,0,0,134350.0,569750.0,3829,1,4,2,0,1,3,4,3,0,0,4,0,0.0,0.0,0.0,0,0.0,0.0,5.0,6.0,4.0,11.0,0.0,8
3830,3830,85,90,569850.0,134350.0,10850090,0,0,4,0,0,0,0,134350.0,569850.0,3830,0,4,2,0,1,2,4,3,0,0,4,0,0.0,0.0,0.0,0,0.0,0.0,4.0,6.0,3.0,11.0,0.0,8
3831,3831,85,91,569950.0,134350.0,10850091,0,0,4,0,0,0,0,134350.0,569950.0,3831,0,4,2,0,1,2,4,3,0,0,4,0,0.0,0.0,0.0,0,0.0,0.0,4.0,6.0,3.0,11.0,0.0,8
3832,3832,85,92,570050.0,134350.0,10850092,0,0,4,0,0,0,0,134350.0,570050.0,3832,0,4,2,0,0,1,4,3,0,0,4,0,0.0,0.0,0.0,0,0.0,0.0,4.0,6.0,1.0,11.0,0.0,8
3833,3833,85,93,570150.0,134350.0,10850093,0,0,4,0,0,0,0,134350.0,570150.0,3833,0,4,2,0,0,1,4,3,0,0,4,0,0.0,0.0,0.0,0,0.0,0.0,4.0,6.0,1.0,11.0,0.0,8
3834,3834,85,94,570250.0,134350.0,10850094,1,0,4,0,0,0,0,134350.0,570250.0,3834,0,4,2,0,0,1,4,3,0,0,4,0,0.0,0.0,0.0,0,0.0,0.0,5.0,6.0,2.0,11.0,1.0,8
3835,3835,85,95,570350.0,134350.0,10850095,1,0,4,0,0,0,0,134350.0,570350.0,3835,0,3,2,0,0,1,4,3,0,0,4,0,0.0,0.0,0.0,0,0.0,0.0,4.0,6.0,2.0,11.0,1.0,8
3836,3836,85,96,570450.0,134350.0,10850096,1,0,4,0,0,0,0,134350.0,570450.0,3836,0,3,2,0,0,0,4,3,1,0,4,1,0.0,0.0,0.0,0,0.0,0.0,4.0,6.0,1.0,11.0,2.0,9
3837,3837,85,97,570550.0,134350.0,10850097,0,0,4,0,0,0,0,134350.0,570550.0,3837,0,3,2,0,0,0,4,3,1,0,3,1,0.0,0.0,0.0,0,0.0,0.0,3.0,6.0,0.0,11.0,1.0,8
3838,3838,85,98,570650.0,134350.0,10850098,0,0,4,0,0,0,0,134350.0,570650.0,3838,0,3,2,1,0,0,4,3,1,0,3,1,0.0,0.0,0.0,0,0.0,0.0,3.0,7.0,0.0,11.0,1.0,8
3839,3839,85,99,570750.0,134350.0,10850099,0,0,4,0,0,0,0,134350.0,570750.0,3839,0,3,2,1,0,0,4,3,1,0,3,1,0.0,0.0,0.0,0,0.0,0.0,3.0,7.0,0.0,11.0,1.0,8
3840,3840,85,100,570850.0,134350.0,10850100,1,0,4,0,0,0,0,134350.0,570850.0,3840,0,3,2,1,0,0,4,3,1,0,3,2,0.0,0.0,0.0,0,0.0,0.0,4.0,7.0,1.0,11.0,2.0,9
3841,3841,85,101,570950.0,134350.0,10850101,1,0,4,0,0,0,0,134350.0,570950.0,3841,0,3,2,1,0,0,4,3,1,0,3,2,0.0,0.0,0.0,0,0.0,0.0,4.0,7.0,1.0,11.0,2.0,9
3842,3842,85,102,571050.0,134350.0,10850102,1,0,4,0,0,0,0,134350.0,571050.0,3842,0,3,2,1,0,0,4,3,0,0,3,2,1.0,0.0,0.0,0,0.0,0.0,4.0,7.0,2.0,11.0,1.0,9
3843,3843,85,103,571150.0,134350.0,10850103,1,0,4,0,0,0,0,134350.0,571150.0,3843,0,3,2,1,0,0,4,3,0,0,3,2,1.0,0.0,0.0,0,0.0,0.0,4.0,7.0,2.0,11.0,1.0,9
3844,3844,85,104,571250.0,134350.0,10850104,1,0,4,0,0,0,0,134350.0,571250.0,3844,0,3,2,1,0,0,4,3,0,0,3,2,1.0,0.0,0.0,0,0.0,0.0,4.0,7.0,2.0,11.0,1.0,9
3845,3845,85,105,571350.0,134350.0,10850105,1,0,4,0,0,0,0,134350.0,571350.0,3845,0,3,2,1,0,0,4,3,0,0,3,2,1.0,0.0,0.0,0,0.0,0.0,4.0,7.0,2.0,11.0,1.0,9
3846,3846,85,106,571450.0,134350.0,10850106,1,0,4,0,0,0,0,134350.0,571450.0,3846,0,3,2,1,0,0,4,3,0,0,3,2,1.0,0.0,0.0,0,0.0,0.0,4.0,7.0,2.0,11.0,1.0,9
3847,3847,85,107,571550.0,134350.0,10850107,1,0,4,0,0,0,0,134350.0,571550.0,3847,1,3,2,1,0,1,4,3,0,0,3,2,1.0,0.0,0.0,0,0.0,0.0,5.0,7.0,3.0,11.0,1.0,9
3848,3848,85,108,571650.0,134350.0,10850108,1,0,4,0,0,0,0,134350.0,571650.0,3848,1,3,2,1,0,1,4,3,1,1,3,2,1.0,0.0,0.0,0,0.0,0.0,5.0,7.0,3.0,11.0,3.0,9
3849,3849,85,109,571750.0,134350.0,10850109,1,0,4,0,0,0,0,134350.0,571750.0,3849,2,3,2,1,1,1,4,3,1,1,3,2,1.75,0.0,0.0,0,0.0,0.0,6.0,7.0,4.75,11.0,3.0,9
3850,3850,85,110,571850.0,134350.0,10850110,1,0,4,0,0,0,0,134350.0,571850.0,3850,2,3,2,1,1,2,4,3,1,1,3,2,1.75,0.0,0.0,0,0.0,0.0,6.0,7.0,5.75,11.0,3.0,9
3851,3851,85,111,571950.0,134350.0,10850111,1,0,4,0,0,0,0,134350.0,571950.0,3851,2,3,2,1,2,2,4,3,2,1,2,2,1.75,0.0,0.0,0,0.0,0.0,6.0,7.0,6.75,11.0,4.0,8
3852,3852,85,112,572050.0,134350.0,10850112,1,0,4,0,0,0,0,134350.0,572050.0,3852,2,3,2,1,3,2,4,3,2,1,2,2,1.75,0.0,0.0,0,0.0,0.0,6.0,7.0,7.75,11.0,4.0,8
3853,3853,85,113,572150.0,134350.0,10850113,1,0,4,0,0,0,0,134350.0,572150.0,3853,2,3,2,1,3,2,4,3,2,1,2,2,2.25,0.0,0.0,0,0.0,0.0,6.0,7.0,8.25,11.0,4.0,8
3854,3854,86,32,564050.0,134250.0,10860032,4,0,4,0,0,0,0,134250.0,564050.0,3854,3,3,2,1,3,2,4,3,3,3,2,1,0.0,0.0,0.0,0,0.0,0.0,10.0,7.0,9.0,11.0,10.0,7
3855,3855,86,33,564150.0,134250.0,10860033,4,0,4,0,0,0,0,134250.0,564150.0,3855,3,3,2,2,3,2,4,3,3,3,2,1,0.0,0.0,0.0,0,0.0,0.0,10.0,8.0,9.0,11.0,10.0,7
3856,3856,86,34,564250.0,134250.0,10860034,4,0,4,0,0,0,0,134250.0,564250.0,3856,3,2,2,2,3,3,4,3,3,3,2,1,0.0,0.0,0.0,0,0.0,0.0,9.0,8.0,10.0,11.0,10.0,7
3857,3857,86,35,564350.0,134250.0,10860035,4,0,4,0,0,0,0,134250.0,564350.0,3857,3,2,3,2,3,3,4,3,3,3,1,1,0.0,0.0,0.0,0,0.0,0.0,9.0,9.0,10.0,11.0,10.0,6
3858,3858,86,36,564450.0,134250.0,10860036,4,0,4,0,0,0,0,134250.0,564450.0,3858,3,2,3,2,3,3,4,3,3,3,1,1,0.0,0.0,0.0,0,0.0,0.0,9.0,9.0,10.0,11.0,10.0,6
3859,3859,86,37,564550.0,134250.0,10860037,4,0,4,0,0,0,0,134250.0,564550.0,3859,3,2,3,2,3,2,4,3,3,3,1,1,0.0,0.0,0.0,0,0.0,0.0,9.0,9.0,9.0,11.0,10.0,6
3860,3860,86,38,564650.0,134250.0,10860038,4,0,4,0,0,0,0,134250.0,564650.0,3860,2,2,3,2,3,2,4,3,2,3,1,1,0.0,0.0,0.0,0,0.0,0.0,8.0,9.0,9.0,11.0,9.0,6
3861,3861,86,39,564750.0,134250.0,10860039,4,0,4,0,0,0,0,134250.0,564750.0,3861,2,2,3,2,3,3,4,3,2,3,1,1,0.0,0.0,0.0,0,0.0,0.0,8.0,9.0,10.0,11.0,9.0,6
3862,3862,86,40,564850.0,134250.0,10860040,4,0,4,0,0,0,0,134250.0,564850.0,3862,2,1,3,2,3,3,4,3,2,3,1,1,0.0,0.0,0.0,0,0.0,0.0,7.0,9.0,10.0,11.0,9.0,6
3863,3863,86,41,564950.0,134250.0,10860041,4,0,4,0,0,0,0,134250.0,564950.0,3863,2,1,3,2,3,4,4,3,2,3,1,1,0.0,0.0,0.0,0,0.0,0.0,7.0,9.0,11.0,11.0,9.0,6
3864,3864,86,42,565050.0,134250.0,10860042,4,0,4,0,0,0,0,134250.0,565050.0,3864,1,1,3,2,3,4,4,3,2,3,1,1,0.0,0.0,0.0,0,0.0,0.0,6.0,9.0,11.0,11.0,9.0,6
3865,3865,86,43,565150.0,134250.0,10860043,4,0,4,0,0,0,0,134250.0,565150.0,3865,1,1,3,2,3,4,4,3,1,2,1,1,0.0,0.0,0.0,0,0.0,0.0,6.0,9.0,11.0,11.0,7.0,6
3866,3866,86,44,565250.0,134250.0,10860044,3,0,4,0,0,0,0,134250.0,565250.0,3866,1,1,2,3,4,4,4,3,0,1,1,1,0.0,0.0,0.0,0,0.0,0.0,5.0,9.0,11.0,11.0,4.0,6
3867,3867,86,45,565350.0,134250.0,10860045,3,0,4,0,0,0,0,134250.0,565350.0,3867,1,1,1,3,4,4,4,3,0,1,1,1,0.0,0.0,0.0,0,0.0,0.0,5.0,8.0,11.0,11.0,4.0,6
3868,3868,86,46,565450.0,134250.0,10860046,3,0,4,0,0,0,0,134250.0,565450.0,3868,1,1,1,3,3,4,4,3,1,2,1,1,0.0,0.0,0.0,0,0.0,0.0,5.0,8.0,10.0,11.0,6.0,6
3869,3869,86,47,565550.0,134250.0,10860047,2,0,4,0,0,0,0,134250.0,565550.0,3869,1,1,1,3,4,4,4,3,3,3,0,1,0.0,0.0,0.0,0,0.0,0.0,4.0,8.0,10.0,11.0,8.0,5
3870,3870,86,48,565650.0,134250.0,10860048,2,0,4,0,0,0,0,134250.0,565650.0,3870,1,2,1,3,4,4,4,3,4,4,0,1,0.0,0.0,0.0,0,0.0,0.0,5.0,8.0,10.0,11.0,10.0,5
3871,3871,86,49,565750.0,134250.0,10860049,1,0,4,0,0,0,0,134250.0,565750.0,3871,1,2,1,3,4,4,4,3,4,3,0,1,0.0,0.0,0.0,0,0.0,0.0,4.0,8.0,9.0,11.0,8.0,5
3872,3872,86,50,565850.0,134250.0,10860050,1,0,3,0,0,0,0,134250.0,565850.0,3872,0,2,1,3,4,4,4,3,4,3,0,1,0.0,0.0,0.0,0,0.0,0.0,3.0,7.0,9.0,10.0,8.0,4
3873,3873,86,51,565950.0,134250.0,10860051,0,0,3,0,0,0,0,134250.0,565950.0,3873,0,3,0,3,4,4,4,3,4,1,0,1,0.0,0.0,0.0,0,0.0,0.0,3.0,6.0,8.0,10.0,5.0,4
3874,3874,86,52,566050.0,134250.0,10860052,0,0,3,0,0,0,0,134250.0,566050.0,3874,0,3,0,3,4,4,4,3,4,1,0,1,0.0,0.0,0.0,0,1.0,0.0,4.0,6.0,8.0,10.0,5.0,4
3875,3875,86,53,566150.0,134250.0,10860053,0,0,3,0,0,0,0,134250.0,566150.0,3875,0,4,0,3,4,4,0,3,4,1,0,1,0.0,0.0,0.0,0,1.75,0.0,5.75,6.0,8.0,6.0,5.0,4
3876,3876,86,54,566250.0,134250.0,10860054,0,0,3,0,0,0,0,134250.0,566250.0,3876,0,4,0,3,4,4,0,3,4,0,0,2,0.0,0.0,0.0,0,2.5,0.0,6.5,6.0,8.0,6.0,4.0,5
3877,3877,86,55,566350.0,134250.0,10860055,1,0,3,0,0,0,0,134250.0,566350.0,3877,0,4,0,3,4,4,0,4,4,0,0,2,0.0,0.0,0.0,0,2.5,0.0,7.5,6.0,9.0,7.0,5.0,5
3878,3878,86,56,566450.0,134250.0,10860056,1,0,3,0,0,0,0,134250.0,566450.0,3878,0,3,0,4,4,4,0,4,4,0,0,2,0.0,0.0,0.0,0,2.5,0.0,6.5,7.0,9.0,7.0,5.0,5
3879,3879,86,57,566550.0,134250.0,10860057,0,0,3,0,0,0,0,134250.0,566550.0,3879,0,0,0,4,4,4,0,4,4,0,0,3,0.0,0.0,0.0,0,2.5,0.0,2.5,7.0,8.0,7.0,4.0,6
3880,3880,86,58,566650.0,134250.0,10860058,0,1,3,0,0,0,0,134250.0,566650.0,3880,0,0,0,4,4,4,0,4,4,0,0,3,0.0,0.0,0.0,0,2.5,0.0,3.5,7.0,9.0,7.0,5.0,6
3881,3881,86,59,566750.0,134250.0,10860059,0,2,3,0,0,0,0,134250.0,566750.0,3881,0,0,0,4,4,4,0,4,4,0,1,3,0.0,0.0,1.0,0,2.5,0.0,4.5,7.0,10.0,7.0,7.0,7
3882,3882,86,60,566850.0,134250.0,10860060,0,2,2,0,0,0,0,134250.0,566850.0,3882,0,0,0,3,4,4,0,4,4,0,1,3,0.0,0.0,1.0,0,2.5,0.0,4.5,5.0,10.0,6.0,7.0,6
3883,3883,86,61,566950.0,134250.0,10860061,0,2,2,0,0,0,0,134250.0,566950.0,3883,0,0,0,3,1,4,0,4,4,0,1,3,1.0,0.0,1.0,0,2.5,0.0,4.5,5.0,8.0,6.0,7.0,6
3884,3884,86,62,567050.0,134250.0,10860062,0,2,2,0,0,0,0,134250.0,567050.0,3884,0,0,0,3,0,0,0,4,3,0,1,3,1.0,0.0,1.0,0,2.5,0.0,4.5,5.0,3.0,6.0,6.0,6
3885,3885,86,63,567150.0,134250.0,10860063,0,1,2,0,0,0,0,134250.0,567150.0,3885,0,0,0,3,0,0,0,4,4,0,2,3,1.0,0.0,1.0,0,2.5,0.0,3.5,5.0,2.0,6.0,6.0,7
3886,3886,86,64,567250.0,134250.0,10860064,0,1,2,0,0,0,0,134250.0,567250.0,3886,0,0,0,3,0,0,0,4,4,0,2,3,1.0,0.0,1.75,0,2.5,0.0,3.5,5.0,2.0,6.0,6.75,7
3887,3887,86,65,567350.0,134250.0,10860065,0,1,1,0,0,0,0,134250.0,567350.0,3887,0,0,1,3,0,0,0,4,4,0,3,3,1.0,0.0,1.75,0,2.5,0.0,3.5,5.0,2.0,5.0,6.75,7
3888,3888,86,66,567450.0,134250.0,10860066,0,0,1,0,0,0,0,134250.0,567450.0,3888,0,0,1,3,0,0,0,4,4,0,3,3,0.0,0.0,1.75,0,2.5,0.0,2.5,5.0,0.0,5.0,5.75,7
3889,3889,86,67,567550.0,134250.0,10860067,0,0,0,0,0,0,0,134250.0,567550.0,3889,0,0,1,3,0,0,0,3,4,0,3,3,0.0,0.0,1.75,0,2.5,0.0,2.5,4.0,0.0,3.0,5.75,6
3890,3890,86,68,567650.0,134250.0,10860068,0,0,0,0,0,0,0,134250.0,567650.0,3890,0,0,1,2,0,0,0,3,4,0,3,3,0.0,0.0,1.75,0,2.5,0.0,2.5,3.0,0.0,3.0,5.75,6
3891,3891,86,69,567750.0,134250.0,10860069,0,0,0,0,0,0,0,134250.0,567750.0,3891,0,0,2,1,0,0,4,3,3,0,3,2,0.0,0.0,2.25,0,2.5,0.0,2.5,3.0,0.0,7.0,5.25,5
3892,3892,86,70,567850.0,134250.0,10860070,1,0,1,0,0,0,0,134250.0,567850.0,3892,0,0,3,0,0,0,4,3,3,0,3,1,0.0,0.0,2.25,0,2.5,0.0,3.5,4.0,1.0,8.0,6.25,5
3893,3893,86,71,567950.0,134250.0,10860071,0,0,1,0,0,0,0,134250.0,567950.0,3893,0,1,3,0,0,0,4,3,3,0,3,1,0.0,0.0,2.25,0,2.5,0.0,3.5,4.0,0.0,8.0,5.25,5
3894,3894,86,72,568050.0,134250.0,10860072,0,0,2,0,0,0,0,134250.0,568050.0,3894,0,3,3,0,0,0,4,3,0,0,3,1,0.0,0.0,1.25,0,2.5,0.0,5.5,5.0,0.0,9.0,1.25,6
3895,3895,86,73,568150.0,134250.0,10860073,0,0,2,0,0,0,0,134250.0,568150.0,3895,0,4,3,0,0,1,4,3,0,0,3,0,0.0,0.0,0.0,0,2.5,0.0,6.5,5.0,1.0,9.0,0.0,5
3896,3896,86,74,568250.0,134250.0,10860074,1,0,3,0,0,0,0,134250.0,568250.0,3896,0,3,2,0,0,1,4,3,0,0,3,0,0.0,0.0,0.0,0,2.5,0.0,6.5,5.0,2.0,10.0,1.0,6
3897,3897,86,75,568350.0,134250.0,10860075,0,0,3,0,0,0,0,134250.0,568350.0,3897,0,4,1,0,1,2,4,3,0,0,4,0,0.0,0.0,0.0,0,2.5,0.0,6.5,4.0,3.0,10.0,0.0,7
3898,3898,86,76,568450.0,134250.0,10860076,0,0,4,0,0,0,0,134250.0,568450.0,3898,0,4,1,0,1,2,4,3,0,1,4,0,0.0,0.0,0.0,0,2.5,0.0,6.5,5.0,3.0,11.0,1.0,8
3899,3899,86,77,568550.0,134250.0,10860077,0,0,4,0,0,0,0,134250.0,568550.0,3899,0,4,1,0,2,3,4,3,0,0,4,0,0.0,0.0,0.0,0,2.25,0.0,6.25,5.0,5.0,11.0,0.0,8
3900,3900,86,78,568650.0,134250.0,10860078,0,0,4,0,0,0,0,134250.0,568650.0,3900,0,3,1,0,2,2,4,3,0,0,4,0,0.0,0.0,0.0,0,2.25,0.0,5.25,5.0,4.0,11.0,0.0,8
3901,3901,86,79,568750.0,134250.0,10860079,1,0,4,0,0,0,0,134250.0,568750.0,3901,0,3,1,0,2,2,4,3,1,0,4,0,0.0,0.0,0.0,0,2.5,0.0,6.5,5.0,5.0,11.0,2.0,8
3902,3902,86,80,568850.0,134250.0,10860080,1,0,4,0,0,0,0,134250.0,568850.0,3902,0,2,1,0,2,2,4,3,1,0,4,0,0.0,0.0,0.0,0,2.5,0.0,5.5,5.0,5.0,11.0,2.0,8
3903,3903,86,81,568950.0,134250.0,10860081,2,0,4,0,0,0,0,134250.0,568950.0,3903,1,1,1,0,2,2,4,3,2,0,4,0,0.0,0.0,0.0,0,2.25,0.0,6.25,5.0,6.0,11.0,4.0,8
3904,3904,86,82,569050.0,134250.0,10860082,2,0,4,0,0,0,0,134250.0,569050.0,3904,1,1,1,0,2,2,4,3,2,0,4,0,0.0,0.0,0.0,0,2.25,0.0,6.25,5.0,6.0,11.0,4.0,8
3905,3905,86,83,569150.0,134250.0,10860083,3,0,4,0,0,0,0,134250.0,569150.0,3905,1,1,1,0,2,2,4,3,2,1,4,0,0.0,0.0,0.0,0,0.0,0.0,5.0,5.0,7.0,11.0,6.0,8
3906,3906,86,84,569250.0,134250.0,10860084,2,0,4,0,0,0,0,134250.0,569250.0,3906,1,2,1,0,2,3,4,3,1,1,4,0,0.0,0.0,0.0,0,0.0,0.0,5.0,5.0,7.0,11.0,4.0,8
3907,3907,86,85,569350.0,134250.0,10860085,2,0,4,0,0,0,0,134250.0,569350.0,3907,1,3,2,0,2,4,4,3,0,0,4,0,0.0,0.0,0.0,0,0.0,0.0,6.0,6.0,8.0,11.0,2.0,8
3908,3908,86,86,569450.0,134250.0,10860086,1,0,4,0,0,0,0,134250.0,569450.0,3908,2,4,2,0,2,4,4,3,0,0,4,0,0.0,0.0,0.0,0,0.0,0.0,7.0,6.0,7.0,11.0,1.0,8
3909,3909,86,87,569550.0,134250.0,10860087,1,0,4,0,0,0,0,134250.0,569550.0,3909,2,4,2,0,1,4,4,3,0,0,4,0,0.0,0.0,0.0,0,0.0,0.0,7.0,6.0,6.0,11.0,1.0,8
3910,3910,86,88,569650.0,134250.0,10860088,1,0,4,0,0,0,0,134250.0,569650.0,3910,1,4,2,0,1,3,4,3,0,0,4,0,0.0,0.0,0.0,0,0.0,0.0,6.0,6.0,5.0,11.0,1.0,8
3911,3911,86,89,569750.0,134250.0,10860089,0,0,4,0,0,0,0,134250.0,569750.0,3911,1,4,2,0,1,2,4,3,0,0,4,0,0.0,0.0,0.0,0,0.0,0.0,5.0,6.0,3.0,11.0,0.0,8
3912,3912,86,90,569850.0,134250.0,10860090,0,0,4,0,0,0,0,134250.0,569850.0,3912,0,4,2,0,0,1,4,3,0,0,4,0,0.0,0.0,0.0,0,0.0,0.0,4.0,6.0,1.0,11.0,0.0,8
3913,3913,86,91,569950.0,134250.0,10860091,0,0,4,0,0,0,0,134250.0,569950.0,3913,0,4,2,0,0,1,4,3,0,0,4,0,0.0,0.0,0.0,0,0.0,0.0,4.0,6.0,1.0,11.0,0.0,8
3914,3914,86,92,570050.0,134250.0,10860092,1,0,4,0,0,0,0,134250.0,570050.0,3914,0,4,2,0,0,1,4,3,0,0,4,0,0.0,0.0,0.0,0,0.0,0.0,5.0,6.0,2.0,11.0,1.0,8
3915,3915,86,93,570150.0,134250.0,10860093,1,0,4,0,0,0,0,134250.0,570150.0,3915,0,3,2,0,0,0,4,3,0,0,4,0,0.0,0.0,0.0,0,0.0,0.0,4.0,6.0,1.0,11.0,1.0,8
3916,3916,86,94,570250.0,134250.0,10860094,1,0,4,0,0,0,0,134250.0,570250.0,3916,0,3,2,0,0,0,4,3,0,1,4,0,0.0,0.0,0.0,0,0.0,0.0,4.0,6.0,1.0,11.0,2.0,8
3917,3917,86,95,570350.0,134250.0,10860095,1,0,4,0,0,0,0,134250.0,570350.0,3917,0,3,2,0,0,0,4,3,0,1,4,0,0.0,0.0,0.0,0,0.0,0.0,4.0,6.0,1.0,11.0,2.0,8
3918,3918,86,96,570450.0,134250.0,10860096,1,0,4,0,0,0,0,134250.0,570450.0,3918,0,3,2,0,0,0,4,3,1,0,4,1,0.0,0.0,0.0,0,0.0,0.0,4.0,6.0,1.0,11.0,2.0,9
3919,3919,86,97,570550.0,134250.0,10860097,0,0,4,0,0,0,0,134250.0,570550.0,3919,0,3,2,1,0,0,4,3,1,0,3,1,0.0,0.0,0.0,0,0.0,0.0,3.0,7.0,0.0,11.0,1.0,8
3920,3920,86,98,570650.0,134250.0,10860098,0,0,4,0,0,0,0,134250.0,570650.0,3920,0,3,2,1,0,0,4,3,1,0,3,1,0.0,0.0,0.0,0,0.0,0.0,3.0,7.0,0.0,11.0,1.0,8
3921,3921,86,99,570750.0,134250.0,10860099,0,0,4,0,0,0,0,134250.0,570750.0,3921,0,3,2,1,0,0,4,3,1,0,3,1,0.0,0.0,0.0,0,0.0,0.0,3.0,7.0,0.0,11.0,1.0,8
3922,3922,86,100,570850.0,134250.0,10860100,0,0,4,0,0,0,0,134250.0,570850.0,3922,0,3,2,1,0,0,4,3,1,0,3,2,0.0,0.0,0.0,0,0.0,0.0,3.0,7.0,0.0,11.0,1.0,9
3923,3923,86,101,570950.0,134250.0,10860101,1,0,4,0,0,0,0,134250.0,570950.0,3923,0,3,2,1,0,0,4,3,1,0,3,2,0.0,0.0,0.0,0,0.0,0.0,4.0,7.0,1.0,11.0,2.0,9
3924,3924,86,102,571050.0,134250.0,10860102,1,0,4,0,0,0,0,134250.0,571050.0,3924,0,3,2,1,0,0,4,3,1,0,3,2,1.0,0.0,0.0,0,0.0,0.0,4.0,7.0,2.0,11.0,2.0,9
3925,3925,86,103,571150.0,134250.0,10860103,1,0,4,0,0,0,0,134250.0,571150.0,3925,0,3,2,1,0,0,4,3,1,0,3,2,1.0,0.0,0.0,0,0.0,0.0,4.0,7.0,2.0,11.0,2.0,9
3926,3926,86,104,571250.0,134250.0,10860104,1,0,4,0,0,0,0,134250.0,571250.0,3926,0,3,2,1,0,0,4,3,0,0,3,2,1.0,0.0,0.0,0,0.0,0.0,4.0,7.0,2.0,11.0,1.0,9
3927,3927,86,105,571350.0,134250.0,10860105,1,0,4,0,0,0,0,134250.0,571350.0,3927,0,3,2,1,0,0,4,3,0,0,3,2,1.0,0.0,0.0,0,0.0,0.0,4.0,7.0,2.0,11.0,1.0,9
3928,3928,86,106,571450.0,134250.0,10860106,1,0,4,0,0,0,0,134250.0,571450.0,3928,0,3,2,1,0,1,4,3,0,0,3,2,1.0,0.0,0.0,0,0.0,0.0,4.0,7.0,3.0,11.0,1.0,9
3929,3929,86,107,571550.0,134250.0,10860107,1,0,4,0,0,0,0,134250.0,571550.0,3929,1,3,2,1,0,1,4,3,1,1,3,2,1.0,0.0,0.0,0,0.0,0.0,5.0,7.0,3.0,11.0,3.0,9
3930,3930,86,108,571650.0,134250.0,10860108,1,0,4,0,0,0,0,134250.0,571650.0,3930,1,3,2,1,1,1,4,3,1,1,3,2,1.75,0.0,0.0,0,0.0,0.0,5.0,7.0,4.75,11.0,3.0,9
3931,3931,86,109,571750.0,134250.0,10860109,1,0,4,0,0,0,0,134250.0,571750.0,3931,2,3,2,1,1,2,4,3,1,1,3,2,1.75,0.0,0.0,0,0.0,0.0,6.0,7.0,5.75,11.0,3.0,9
3932,3932,86,110,571850.0,134250.0,10860110,0,0,4,0,0,0,0,134250.0,571850.0,3932,2,3,2,1,2,2,4,3,1,1,2,2,1.75,0.0,0.0,0,0.0,0.0,5.0,7.0,5.75,11.0,2.0,8
3933,3933,86,111,571950.0,134250.0,10860111,0,0,4,0,0,0,0,134250.0,571950.0,3933,2,3,2,1,3,2,4,3,2,1,2,2,2.25,0.0,0.0,0,0.0,0.0,5.0,7.0,7.25,11.0,3.0,8
3934,3934,86,112,572050.0,134250.0,10860112,0,0,4,0,0,0,0,134250.0,572050.0,3934,2,3,2,1,3,2,4,3,2,1,2,2,2.25,0.0,0.0,0,0.0,0.0,5.0,7.0,7.25,11.0,3.0,8
3935,3935,86,113,572150.0,134250.0,10860113,1,0,4,0,0,0,0,134250.0,572150.0,3935,2,3,2,1,3,2,4,3,2,1,2,2,2.5,0.0,0.0,0,0.0,0.0,6.0,7.0,8.5,11.0,4.0,8
3936,3936,87,32,564050.0,134150.0,10870032,4,0,4,0,0,0,0,134150.0,564050.0,3936,3,3,2,1,3,2,4,3,3,3,2,1,0.0,0.0,0.0,0,0.0,0.0,10.0,7.0,9.0,11.0,10.0,7
3937,3937,87,33,564150.0,134150.0,10870033,4,0,4,0,0,0,0,134150.0,564150.0,3937,3,3,2,1,3,2,4,3,3,3,2,1,0.0,0.0,0.0,0,0.0,0.0,10.0,7.0,9.0,11.0,10.0,7
3938,3938,87,34,564250.0,134150.0,10870034,4,0,4,0,0,0,0,134150.0,564250.0,3938,3,2,2,2,3,2,4,3,3,3,2,1,0.0,0.0,0.0,0,0.0,0.0,9.0,8.0,9.0,11.0,10.0,7
3939,3939,87,35,564350.0,134150.0,10870035,4,0,4,0,0,0,0,134150.0,564350.0,3939,3,2,3,2,3,2,4,3,3,3,2,1,0.0,0.0,0.0,0,0.0,0.0,9.0,9.0,9.0,11.0,10.0,7
3940,3940,87,36,564450.0,134150.0,10870036,4,0,4,0,0,0,0,134150.0,564450.0,3940,3,2,3,2,3,2,4,3,3,3,1,1,0.0,0.0,0.0,0,0.0,0.0,9.0,9.0,9.0,11.0,10.0,6
3941,3941,87,37,564550.0,134150.0,10870037,4,0,4,0,0,0,0,134150.0,564550.0,3941,3,2,3,2,3,2,4,3,3,3,1,1,0.0,0.0,0.0,0,0.0,0.0,9.0,9.0,9.0,11.0,10.0,6
3942,3942,87,38,564650.0,134150.0,10870038,4,0,4,0,0,0,0,134150.0,564650.0,3942,3,2,3,2,3,2,4,3,3,3,1,1,0.0,0.0,0.0,0,0.0,0.0,9.0,9.0,9.0,11.0,10.0,6
3943,3943,87,39,564750.0,134150.0,10870039,4,0,4,0,0,0,0,134150.0,564750.0,3943,2,2,3,2,3,3,4,3,2,3,1,1,0.0,0.0,0.0,0,0.0,0.0,8.0,9.0,10.0,11.0,9.0,6
3944,3944,87,40,564850.0,134150.0,10870040,4,0,4,0,0,0,0,134150.0,564850.0,3944,2,1,3,2,3,3,4,3,2,3,1,1,0.0,0.0,0.0,0,0.0,0.0,7.0,9.0,10.0,11.0,9.0,6
3945,3945,87,41,564950.0,134150.0,10870041,4,0,4,0,0,0,0,134150.0,564950.0,3945,2,1,3,2,3,3,4,3,2,3,1,1,0.0,0.0,0.0,0,0.0,0.0,7.0,9.0,10.0,11.0,9.0,6
3946,3946,87,42,565050.0,134150.0,10870042,4,0,4,0,0,0,0,134150.0,565050.0,3946,2,1,3,2,3,3,4,3,2,3,1,1,0.0,0.0,0.0,0,0.0,0.0,7.0,9.0,10.0,11.0,9.0,6
3947,3947,87,43,565150.0,134150.0,10870043,4,0,4,0,0,0,0,134150.0,565150.0,3947,1,1,3,2,4,4,4,3,2,2,1,1,0.0,0.0,0.0,0,0.0,0.0,6.0,9.0,12.0,11.0,8.0,6
3948,3948,87,44,565250.0,134150.0,10870044,4,0,4,0,0,0,0,134150.0,565250.0,3948,1,1,3,3,4,4,4,3,1,1,1,1,0.0,0.0,0.0,0,0.0,0.0,6.0,10.0,12.0,11.0,6.0,6
3949,3949,87,45,565350.0,134150.0,10870045,3,0,4,0,0,0,0,134150.0,565350.0,3949,1,1,2,3,4,4,4,3,1,1,1,1,0.0,0.0,0.0,0,0.0,0.0,5.0,9.0,11.0,11.0,5.0,6
3950,3950,87,46,565450.0,134150.0,10870046,3,0,4,0,0,0,0,134150.0,565450.0,3950,1,1,1,3,4,4,4,3,2,3,1,1,0.0,0.0,0.0,0,0.0,0.0,5.0,8.0,11.0,11.0,8.0,6
3951,3951,87,47,565550.0,134150.0,10870047,2,0,4,0,0,0,0,134150.0,565550.0,3951,1,1,1,3,4,4,4,3,3,4,1,1,0.0,0.0,0.0,0,0.0,0.0,4.0,8.0,10.0,11.0,9.0,6
3952,3952,87,48,565650.0,134150.0,10870048,2,0,4,0,0,0,0,134150.0,565650.0,3952,1,2,1,3,4,4,4,3,4,4,0,1,0.0,0.0,0.0,0,0.0,0.0,5.0,8.0,10.0,11.0,10.0,5
3953,3953,87,49,565750.0,134150.0,10870049,1,0,4,0,0,0,0,134150.0,565750.0,3953,1,2,1,3,4,4,4,3,4,3,0,1,0.0,0.0,0.0,0,0.0,0.0,4.0,8.0,9.0,11.0,8.0,5
3954,3954,87,50,565850.0,134150.0,10870050,1,0,4,0,0,0,0,134150.0,565850.0,3954,0,2,1,3,4,4,4,3,4,2,0,1,0.0,0.0,0.0,0,0.0,0.0,3.0,8.0,9.0,11.0,7.0,5
3955,3955,87,51,565950.0,134150.0,10870051,0,0,4,0,0,0,0,134150.0,565950.0,3955,0,2,1,3,4,4,4,3,4,1,0,1,0.0,0.0,0.0,0,0.0,0.0,2.0,8.0,8.0,11.0,5.0,5
3956,3956,87,52,566050.0,134150.0,10870052,0,0,4,0,0,0,0,134150.0,566050.0,3956,0,3,0,3,4,4,0,3,4,1,0,1,0.0,0.0,0.0,0,1.0,0.0,4.0,7.0,8.0,7.0,5.0,5
3957,3957,87,53,566150.0,134150.0,10870053,0,0,4,0,0,0,0,134150.0,566150.0,3957,0,3,0,3,4,4,0,3,4,1,0,1,0.0,0.0,0.0,0,1.0,0.0,4.0,7.0,8.0,7.0,5.0,5
3958,3958,87,54,566250.0,134150.0,10870054,1,0,4,0,0,0,0,134150.0,566250.0,3958,0,4,0,3,4,4,0,4,4,0,0,1,0.0,0.0,0.0,0,1.75,0.0,6.75,7.0,9.0,8.0,5.0,5
3959,3959,87,55,566350.0,134150.0,10870055,1,0,3,0,0,0,0,134150.0,566350.0,3959,0,4,0,3,4,4,0,4,4,0,0,2,0.0,0.0,0.0,0,2.5,0.0,7.5,6.0,9.0,7.0,5.0,5
3960,3960,87,56,566450.0,134150.0,10870056,1,0,3,0,0,0,0,134150.0,566450.0,3960,0,3,0,4,4,4,0,4,4,0,0,2,0.0,0.0,0.0,0,2.5,0.0,6.5,7.0,9.0,7.0,5.0,5
3961,3961,87,57,566550.0,134150.0,10870057,1,0,2,0,0,0,0,134150.0,566550.0,3961,0,1,0,4,4,4,0,4,4,0,0,2,0.0,0.0,0.0,0,2.5,0.0,4.5,6.0,9.0,6.0,5.0,4
3962,3962,87,58,566650.0,134150.0,10870058,0,1,2,0,0,0,0,134150.0,566650.0,3962,0,0,0,4,4,4,0,4,4,0,1,3,0.0,0.0,0.0,0,2.5,0.0,3.5,6.0,9.0,6.0,5.0,6
3963,3963,87,59,566750.0,134150.0,10870059,0,2,2,0,0,0,0,134150.0,566750.0,3963,0,0,0,4,4,2,0,4,4,0,1,3,0.0,0.0,0.0,0,2.5,0.0,4.5,6.0,8.0,6.0,6.0,6
3964,3964,87,60,566850.0,134150.0,10870060,0,3,2,0,0,0,0,134150.0,566850.0,3964,0,0,0,4,4,4,0,4,4,0,1,3,0.0,0.0,1.0,0,2.5,0.0,5.5,6.0,11.0,6.0,8.0,6
3965,3965,87,61,566950.0,134150.0,10870061,0,4,2,0,0,0,0,134150.0,566950.0,3965,0,0,0,4,3,4,0,4,4,0,1,3,0.0,0.0,1.0,0,2.5,0.0,6.5,6.0,11.0,6.0,9.0,6
3966,3966,87,62,567050.0,134150.0,10870062,0,2,2,0,0,0,0,134150.0,567050.0,3966,0,0,0,3,0,0,0,4,4,0,1,3,1.0,0.0,1.0,0,2.5,0.0,4.5,5.0,3.0,6.0,7.0,6
3967,3967,87,63,567150.0,134150.0,10870063,0,2,2,0,0,0,0,134150.0,567150.0,3967,0,0,0,3,0,0,0,4,4,0,2,3,1.0,0.0,1.0,0,2.5,0.0,4.5,5.0,3.0,6.0,7.0,7
3968,3968,87,64,567250.0,134150.0,10870064,0,2,2,0,0,0,0,134150.0,567250.0,3968,0,0,0,3,0,0,0,4,4,0,2,3,1.0,0.0,1.0,0,2.5,0.0,4.5,5.0,3.0,6.0,7.0,7
3969,3969,87,65,567350.0,134150.0,10870065,0,1,1,0,0,0,0,134150.0,567350.0,3969,0,0,0,3,0,0,0,4,4,0,3,3,0.0,0.0,1.75,0,2.5,0.0,3.5,4.0,1.0,5.0,6.75,7
3970,3970,87,66,567450.0,134150.0,10870066,0,0,1,0,0,0,0,134150.0,567450.0,3970,0,0,1,3,0,0,0,4,4,0,3,3,0.0,0.0,1.75,0,2.5,0.0,2.5,5.0,0.0,5.0,5.75,7
3971,3971,87,67,567550.0,134150.0,10870067,0,0,1,0,0,0,0,134150.0,567550.0,3971,0,0,1,3,0,0,0,4,4,0,3,3,0.0,0.0,1.75,0,2.5,0.0,2.5,5.0,0.0,5.0,5.75,7
3972,3972,87,68,567650.0,134150.0,10870068,0,0,1,0,0,0,0,134150.0,567650.0,3972,0,0,1,3,0,0,0,3,3,0,3,2,0.0,0.0,1.75,0,2.5,0.0,2.5,5.0,0.0,4.0,4.75,6
3973,3973,87,69,567750.0,134150.0,10870069,0,0,1,0,0,0,0,134150.0,567750.0,3973,0,0,1,2,0,0,0,3,3,0,3,2,0.0,0.0,1.75,0,2.5,0.0,2.5,4.0,0.0,4.0,4.75,6
3974,3974,87,70,567850.0,134150.0,10870070,0,0,1,0,0,0,0,134150.0,567850.0,3974,0,1,1,2,0,0,4,3,3,0,3,1,0.0,0.0,2.25,0,2.5,0.0,3.5,4.0,0.0,8.0,5.25,5
3975,3975,87,71,567950.0,134150.0,10870071,1,0,1,0,0,0,0,134150.0,567950.0,3975,0,2,1,1,0,0,4,3,1,0,3,1,0.0,0.0,2.25,0,2.5,0.0,5.5,3.0,1.0,8.0,4.25,5
3976,3976,87,72,568050.0,134150.0,10870072,1,0,2,0,0,0,0,134150.0,568050.0,3976,0,3,1,1,0,0,4,3,0,0,3,1,0.0,0.0,1.25,0,2.5,0.0,6.5,4.0,1.0,9.0,2.25,6
3977,3977,87,73,568150.0,134150.0,10870073,1,0,2,0,0,0,0,134150.0,568150.0,3977,0,3,1,0,0,1,4,3,0,0,3,0,0.0,0.0,0.0,0,2.5,0.0,6.5,3.0,2.0,9.0,1.0,5
3978,3978,87,74,568250.0,134150.0,10870074,1,0,3,0,0,0,0,134150.0,568250.0,3978,0,3,2,0,0,1,4,3,0,0,3,0,0.0,0.0,0.0,0,2.5,0.0,6.5,5.0,2.0,10.0,1.0,6
3979,3979,87,75,568350.0,134150.0,10870075,0,0,3,0,0,0,0,134150.0,568350.0,3979,0,3,2,0,1,2,4,3,0,1,3,0,0.0,0.0,0.0,0,2.5,0.0,5.5,5.0,3.0,10.0,1.0,6
3980,3980,87,76,568450.0,134150.0,10870076,0,0,4,0,0,0,0,134150.0,568450.0,3980,0,4,2,0,1,2,4,3,0,1,4,0,0.0,0.0,0.0,0,2.5,0.0,6.5,6.0,3.0,11.0,1.0,8
3981,3981,87,77,568550.0,134150.0,10870077,0,0,4,0,0,0,0,134150.0,568550.0,3981,0,3,2,0,1,2,4,3,0,0,4,0,0.0,0.0,0.0,0,2.25,0.0,5.25,6.0,3.0,11.0,0.0,8
3982,3982,87,78,568650.0,134150.0,10870078,0,0,4,0,0,0,0,134150.0,568650.0,3982,0,3,2,0,1,2,4,3,0,0,4,0,0.0,0.0,0.0,0,2.25,0.0,5.25,6.0,3.0,11.0,0.0,8
3983,3983,87,79,568750.0,134150.0,10870079,1,0,4,0,0,0,0,134150.0,568750.0,3983,1,3,2,0,1,2,4,3,1,0,4,0,0.0,0.0,0.0,0,2.25,0.0,7.25,6.0,4.0,11.0,2.0,8
3984,3984,87,80,568850.0,134150.0,10870080,1,0,4,0,0,0,0,134150.0,568850.0,3984,1,2,1,0,1,2,4,3,2,0,4,0,0.0,0.0,0.0,0,2.25,0.0,6.25,5.0,4.0,11.0,3.0,8
3985,3985,87,81,568950.0,134150.0,10870081,2,0,4,0,0,0,0,134150.0,568950.0,3985,1,2,2,0,1,2,4,3,3,0,4,0,0.0,0.0,0.0,0,1.0,0.0,6.0,6.0,5.0,11.0,5.0,8
3986,3986,87,82,569050.0,134150.0,10870082,2,0,4,0,0,0,0,134150.0,569050.0,3986,2,3,2,0,1,2,4,3,2,0,4,0,0.0,0.0,0.0,0,0.0,0.0,7.0,6.0,5.0,11.0,4.0,8
3987,3987,87,83,569150.0,134150.0,10870083,3,0,4,0,0,0,0,134150.0,569150.0,3987,2,3,2,0,1,2,4,3,1,0,4,0,0.0,0.0,0.0,0,0.0,0.0,8.0,6.0,6.0,11.0,4.0,8
3988,3988,87,84,569250.0,134150.0,10870084,2,0,4,0,0,0,0,134150.0,569250.0,3988,2,3,2,0,1,3,4,3,1,0,4,0,0.0,0.0,0.0,0,0.0,0.0,7.0,6.0,6.0,11.0,3.0,8
3989,3989,87,85,569350.0,134150.0,10870085,2,0,4,0,0,0,0,134150.0,569350.0,3989,3,4,2,0,1,4,4,3,0,0,4,0,0.0,0.0,0.0,0,0.0,0.0,9.0,6.0,7.0,11.0,2.0,8
3990,3990,87,86,569450.0,134150.0,10870086,2,0,4,0,0,0,0,134150.0,569450.0,3990,3,4,2,0,1,4,4,3,0,0,4,0,0.0,0.0,0.0,0,0.0,0.0,9.0,6.0,7.0,11.0,2.0,8
3991,3991,87,87,569550.0,134150.0,10870087,1,0,4,0,0,0,0,134150.0,569550.0,3991,2,4,2,0,1,3,4,3,0,0,4,0,0.0,0.0,0.0,0,0.0,0.0,7.0,6.0,5.0,11.0,1.0,8
3992,3992,87,88,569650.0,134150.0,10870088,1,0,4,0,0,0,0,134150.0,569650.0,3992,2,4,2,0,0,2,4,3,0,0,4,0,0.0,0.0,0.0,0,0.0,0.0,7.0,6.0,3.0,11.0,1.0,8
3993,3993,87,89,569750.0,134150.0,10870089,0,0,4,0,0,0,0,134150.0,569750.0,3993,1,4,2,0,0,1,4,3,0,0,4,0,1.0,0.0,0.0,0,0.0,0.0,5.0,6.0,2.0,11.0,0.0,8
3994,3994,87,90,569850.0,134150.0,10870090,0,0,4,0,0,0,0,134150.0,569850.0,3994,0,4,2,0,0,0,4,3,0,0,4,0,1.0,0.0,0.0,0,0.0,0.0,4.0,6.0,1.0,11.0,0.0,8
3995,3995,87,91,569950.0,134150.0,10870091,0,0,4,0,0,0,0,134150.0,569950.0,3995,0,4,2,0,0,0,4,3,0,0,4,0,0.0,0.0,0.0,0,0.0,0.0,4.0,6.0,0.0,11.0,0.0,8
3996,3996,87,92,570050.0,134150.0,10870092,0,0,4,0,0,0,0,134150.0,570050.0,3996,0,4,2,0,0,0,4,3,0,0,4,0,0.0,0.0,0.0,0,0.0,0.0,4.0,6.0,0.0,11.0,0.0,8
3997,3997,87,93,570150.0,134150.0,10870093,1,0,4,0,0,0,0,134150.0,570150.0,3997,0,3,2,0,0,0,4,3,0,1,4,0,0.0,0.0,0.0,0,0.0,0.0,4.0,6.0,1.0,11.0,2.0,8
3998,3998,87,94,570250.0,134150.0,10870094,1,0,4,0,0,0,0,134150.0,570250.0,3998,0,3,2,0,0,0,4,3,0,1,4,0,0.0,0.0,0.0,0,0.0,0.0,4.0,6.0,1.0,11.0,2.0,8
3999,3999,87,95,570350.0,134150.0,10870095,1,0,4,0,0,0,0,134150.0,570350.0,3999,0,3,2,0,0,0,4,3,1,1,4,1,0.0,0.0,0.0,0,0.0,0.0,4.0,6.0,1.0,11.0,3.0,9
4000,4000,87,96,570450.0,134150.0,10870096,1,0,4,0,0,0,0,134150.0,570450.0,4000,0,3,2,1,0,0,4,3,1,1,3,1,0.0,0.0,0.0,0,0.0,0.0,4.0,7.0,1.0,11.0,3.0,8
4001,4001,87,97,570550.0,134150.0,10870097,0,0,4,0,0,0,0,134150.0,570550.0,4001,0,3,2,1,0,0,4,3,1,0,3,1,0.0,0.0,0.0,0,0.0,0.0,3.0,7.0,0.0,11.0,1.0,8
4002,4002,87,98,570650.0,134150.0,10870098,0,0,4,0,0,0,0,134150.0,570650.0,4002,0,3,2,1,0,0,4,3,1,0,3,1,0.0,0.0,0.0,0,0.0,0.0,3.0,7.0,0.0,11.0,1.0,8
4003,4003,87,99,570750.0,134150.0,10870099,0,0,4,0,0,0,0,134150.0,570750.0,4003,0,3,2,1,0,0,4,3,1,0,3,1,0.0,0.0,0.0,0,0.0,0.0,3.0,7.0,0.0,11.0,1.0,8
4004,4004,87,100,570850.0,134150.0,10870100,0,0,4,0,0,0,0,134150.0,570850.0,4004,0,3,2,1,0,0,4,3,1,0,3,2,0.0,0.0,0.0,0,0.0,0.0,3.0,7.0,0.0,11.0,1.0,9
4005,4005,87,101,570950.0,134150.0,10870101,1,0,4,0,0,0,0,134150.0,570950.0,4005,0,3,2,1,0,0,4,3,1,0,3,2,0.0,0.0,0.0,0,0.0,0.0,4.0,7.0,1.0,11.0,2.0,9
4006,4006,87,102,571050.0,134150.0,10870102,1,0,4,0,0,0,0,134150.0,571050.0,4006,0,3,2,1,0,0,4,3,1,0,3,2,1.0,0.0,0.0,0,0.0,0.0,4.0,7.0,2.0,11.0,2.0,9
4007,4007,87,103,571150.0,134150.0,10870103,2,0,4,0,0,0,0,134150.0,571150.0,4007,0,3,2,1,0,0,4,3,1,0,3,2,1.75,0.0,0.0,0,0.0,0.0,5.0,7.0,3.75,11.0,3.0,9
4008,4008,87,104,571250.0,134150.0,10870104,1,0,4,0,0,0,0,134150.0,571250.0,4008,0,3,2,1,0,0,4,3,1,0,3,2,1.75,0.0,0.0,0,0.0,0.0,4.0,7.0,2.75,11.0,2.0,9
4009,4009,87,105,571350.0,134150.0,10870105,1,0,4,0,0,0,0,134150.0,571350.0,4009,0,3,2,2,0,1,4,3,1,1,3,2,1.75,0.0,0.0,0,0.0,0.0,4.0,8.0,3.75,11.0,3.0,9
4010,4010,87,106,571450.0,134150.0,10870106,1,0,4,0,0,0,0,134150.0,571450.0,4010,0,3,2,1,0,1,4,3,1,1,3,2,1.75,0.0,0.0,0,0.0,0.0,4.0,7.0,3.75,11.0,3.0,9
4011,4011,87,107,571550.0,134150.0,10870107,1,0,4,0,0,0,0,134150.0,571550.0,4011,1,3,2,1,1,2,4,3,1,1,3,2,1.75,0.0,0.0,0,0.0,0.0,5.0,7.0,5.75,11.0,3.0,9
4012,4012,87,108,571650.0,134150.0,10870108,1,0,4,0,0,0,0,134150.0,571650.0,4012,1,3,2,1,2,2,4,3,1,1,3,2,2.25,0.0,0.0,0,0.0,0.0,5.0,7.0,7.25,11.0,3.0,9
4013,4013,87,109,571750.0,134150.0,10870109,1,0,4,0,0,0,0,134150.0,571750.0,4013,2,3,2,1,3,2,4,3,1,1,3,2,2.25,0.0,0.0,0,0.0,0.0,6.0,7.0,8.25,11.0,3.0,9
4014,4014,87,110,571850.0,134150.0,10870110,0,0,4,0,0,0,0,134150.0,571850.0,4014,2,3,2,1,3,2,4,3,2,1,2,2,2.5,0.0,0.0,0,0.0,0.0,5.0,7.0,7.5,11.0,3.0,8
4015,4015,87,111,571950.0,134150.0,10870111,0,0,4,0,0,0,0,134150.0,571950.0,4015,2,3,2,1,3,2,4,3,2,1,2,2,2.25,0.0,0.0,0,0.0,0.0,5.0,7.0,7.25,11.0,3.0,8
4016,4016,87,112,572050.0,134150.0,10870112,0,0,4,0,0,0,0,134150.0,572050.0,4016,2,3,2,1,3,2,4,3,2,1,2,2,2.5,0.0,0.0,0,0.0,0.0,5.0,7.0,7.5,11.0,3.0,8
4017,4017,87,113,572150.0,134150.0,10870113,1,0,4,0,0,0,0,134150.0,572150.0,4017,2,3,2,1,4,2,4,3,2,1,2,2,2.5,0.0,0.0,0,0.0,0.0,6.0,7.0,9.5,11.0,4.0,8
4018,4018,88,32,564050.0,134050.0,10880032,4,0,4,0,0,0,0,134050.0,564050.0,4018,3,3,2,1,3,2,4,3,3,3,2,1,0.0,0.0,0.0,0,0.0,0.0,10.0,7.0,9.0,11.0,10.0,7
4019,4019,88,33,564150.0,134050.0,10880033,4,0,4,0,0,0,0,134050.0,564150.0,4019,3,3,2,1,3,2,4,3,3,3,2,1,0.0,0.0,0.0,0,0.0,0.0,10.0,7.0,9.0,11.0,10.0,7
4020,4020,88,34,564250.0,134050.0,10880034,4,0,4,0,0,0,0,134050.0,564250.0,4020,3,3,2,2,3,2,4,3,3,3,2,1,0.0,0.0,0.0,0,0.0,0.0,10.0,8.0,9.0,11.0,10.0,7
4021,4021,88,35,564350.0,134050.0,10880035,4,0,4,0,0,0,0,134050.0,564350.0,4021,3,2,2,2,3,2,4,3,3,3,2,1,0.0,0.0,0.0,0,0.0,0.0,9.0,8.0,9.0,11.0,10.0,7
4022,4022,88,36,564450.0,134050.0,10880036,4,0,4,0,0,0,0,134050.0,564450.0,4022,3,2,3,2,3,2,4,3,3,3,1,1,0.0,0.0,0.0,0,0.0,0.0,9.0,9.0,9.0,11.0,10.0,6
4023,4023,88,37,564550.0,134050.0,10880037,4,0,4,0,0,0,0,134050.0,564550.0,4023,3,2,3,2,3,2,4,3,3,3,1,1,0.0,0.0,0.0,0,0.0,0.0,9.0,9.0,9.0,11.0,10.0,6
4024,4024,88,38,564650.0,134050.0,10880038,4,0,4,0,0,0,0,134050.0,564650.0,4024,3,2,3,2,3,2,4,3,3,3,1,1,0.0,0.0,0.0,0,0.0,0.0,9.0,9.0,9.0,11.0,10.0,6
4025,4025,88,39,564750.0,134050.0,10880039,4,0,4,0,0,0,0,134050.0,564750.0,4025,2,2,3,2,3,2,4,3,3,3,1,1,0.0,0.0,0.0,0,0.0,0.0,8.0,9.0,9.0,11.0,10.0,6
4026,4026,88,40,564850.0,134050.0,10880040,4,0,4,0,0,0,0,134050.0,564850.0,4026,2,2,3,2,3,3,4,3,3,3,1,1,0.0,0.0,0.0,0,0.0,0.0,8.0,9.0,10.0,11.0,10.0,6
4027,4027,88,41,564950.0,134050.0,10880041,4,0,4,0,0,0,0,134050.0,564950.0,4027,2,1,3,2,3,3,4,3,2,3,1,1,0.0,0.0,0.0,0,0.0,0.0,7.0,9.0,10.0,11.0,9.0,6
4028,4028,88,42,565050.0,134050.0,10880042,4,0,4,0,0,0,0,134050.0,565050.0,4028,2,1,3,2,4,3,4,3,2,3,1,1,0.0,0.0,0.0,0,0.0,0.0,7.0,9.0,11.0,11.0,9.0,6
4029,4029,88,43,565150.0,134050.0,10880043,4,0,4,0,0,0,0,134050.0,565150.0,4029,1,1,3,2,4,3,4,3,2,3,1,1,0.0,0.0,0.0,0,0.0,0.0,6.0,9.0,11.0,11.0,9.0,6
4030,4030,88,44,565250.0,134050.0,10880044,4,0,4,0,0,0,0,134050.0,565250.0,4030,1,1,3,2,4,3,4,3,2,2,1,1,0.0,0.0,0.0,0,0.0,0.0,6.0,9.0,11.0,11.0,8.0,6
4031,4031,88,45,565350.0,134050.0,10880045,3,0,4,0,0,0,0,134050.0,565350.0,4031,1,1,3,3,4,3,4,3,1,2,1,1,0.0,0.0,0.0,0,0.0,0.0,5.0,10.0,10.0,11.0,6.0,6
4032,4032,88,46,565450.0,134050.0,10880046,3,0,4,0,0,0,0,134050.0,565450.0,4032,1,1,2,3,4,4,4,3,3,3,1,1,0.0,0.0,0.0,0,0.0,0.0,5.0,9.0,11.0,11.0,9.0,6
4033,4033,88,47,565550.0,134050.0,10880047,2,0,4,0,0,0,0,134050.0,565550.0,4033,1,1,1,3,4,4,4,3,3,4,1,1,0.0,0.0,0.0,0,0.0,0.0,4.0,8.0,10.0,11.0,9.0,6
4034,4034,88,48,565650.0,134050.0,10880048,2,0,4,0,0,0,0,134050.0,565650.0,4034,1,1,1,3,4,4,4,3,4,4,1,1,0.0,0.0,0.0,0,0.0,0.0,4.0,8.0,10.0,11.0,10.0,6
4035,4035,88,49,565750.0,134050.0,10880049,1,0,4,0,0,0,0,134050.0,565750.0,4035,1,2,1,3,4,4,4,3,4,3,1,1,0.0,0.0,0.0,0,0.0,0.0,4.0,8.0,9.0,11.0,8.0,6
4036,4036,88,50,565850.0,134050.0,10880050,1,0,4,0,0,0,0,134050.0,565850.0,4036,0,2,1,3,4,4,4,3,4,2,0,1,0.0,0.0,0.0,0,0.0,0.0,3.0,8.0,9.0,11.0,7.0,5
4037,4037,88,51,565950.0,134050.0,10880051,1,0,4,0,0,0,0,134050.0,565950.0,4037,0,2,1,3,4,4,4,3,4,1,0,1,0.0,0.0,0.0,0,0.0,0.0,3.0,8.0,9.0,11.0,6.0,5
4038,4038,88,52,566050.0,134050.0,10880052,1,0,4,0,0,0,0,134050.0,566050.0,4038,0,2,1,3,4,4,0,3,4,1,0,1,0.0,0.0,0.0,0,1.0,0.0,4.0,8.0,9.0,7.0,6.0,5
4039,4039,88,53,566150.0,134050.0,10880053,1,0,4,0,0,0,0,134050.0,566150.0,4039,0,3,0,3,4,4,0,4,4,1,0,1,0.0,0.0,0.0,0,1.0,0.0,5.0,7.0,9.0,8.0,6.0,5
4040,4040,88,54,566250.0,134050.0,10880054,1,0,3,0,0,0,0,134050.0,566250.0,4040,0,3,0,3,4,4,0,4,4,0,0,1,0.0,0.0,0.0,0,1.75,0.0,5.75,6.0,9.0,7.0,5.0,4
4041,4041,88,55,566350.0,134050.0,10880055,1,0,3,0,0,0,0,134050.0,566350.0,4041,0,4,0,3,4,4,0,4,4,0,0,1,0.0,0.0,0.0,0,1.75,0.0,6.75,6.0,9.0,7.0,5.0,4
4042,4042,88,56,566450.0,134050.0,10880056,1,0,2,0,0,0,0,134050.0,566450.0,4042,0,4,0,4,4,4,0,4,4,0,0,1,0.0,0.0,0.0,0,1.75,0.0,6.75,6.0,9.0,6.0,5.0,3
4043,4043,88,57,566550.0,134050.0,10880057,1,0,2,0,0,0,0,134050.0,566550.0,4043,0,3,0,4,4,4,0,4,4,0,1,2,0.0,0.0,0.0,0,2.5,0.0,6.5,6.0,9.0,6.0,5.0,5
4044,4044,88,58,566650.0,134050.0,10880058,0,1,2,0,0,0,0,134050.0,566650.0,4044,0,1,0,4,4,4,0,4,4,0,1,2,0.0,0.0,0.0,0,2.5,0.0,4.5,6.0,9.0,6.0,5.0,5
4045,4045,88,59,566750.0,134050.0,10880059,0,2,2,0,0,0,0,134050.0,566750.0,4045,0,0,0,4,4,4,0,3,4,0,1,2,0.0,0.0,0.0,0,2.5,0.0,4.5,6.0,10.0,5.0,6.0,5
4046,4046,88,60,566850.0,134050.0,10880060,0,2,1,0,0,0,0,134050.0,566850.0,4046,0,0,0,4,4,4,0,0,4,0,1,3,0.0,0.0,0.0,0,2.5,0.0,4.5,5.0,10.0,1.0,6.0,5
4047,4047,88,61,566950.0,134050.0,10880061,0,3,1,0,0,0,0,134050.0,566950.0,4047,0,0,0,4,1,2,0,0,4,0,1,3,0.0,0.0,1.0,0,2.5,0.0,5.5,5.0,6.0,1.0,8.0,5
4048,4048,88,62,567050.0,134050.0,10880062,0,2,2,0,0,0,0,134050.0,567050.0,4048,0,0,0,4,0,0,0,3,4,0,2,3,1.0,0.0,1.0,0,2.5,0.0,4.5,6.0,3.0,5.0,7.0,7
4049,4049,88,63,567150.0,134050.0,10880063,0,4,2,0,0,0,0,134050.0,567150.0,4049,0,0,0,4,0,0,0,4,4,0,2,3,1.0,0.0,1.0,0,2.5,0.0,6.5,6.0,5.0,6.0,9.0,7
4050,4050,88,64,567250.0,134050.0,10880064,0,3,2,0,0,0,0,134050.0,567250.0,4050,0,0,0,3,0,0,0,4,4,0,2,3,0.0,0.0,1.0,0,2.5,0.0,5.5,5.0,3.0,6.0,8.0,7
4051,4051,88,65,567350.0,134050.0,10880065,0,2,2,0,0,0,0,134050.0,567350.0,4051,1,0,0,3,0,0,0,4,4,0,2,3,0.0,0.0,1.0,0,2.5,0.0,5.5,5.0,2.0,6.0,7.0,7
4052,4052,88,66,567450.0,134050.0,10880066,0,1,2,0,0,0,0,134050.0,567450.0,4052,1,0,0,3,0,0,0,4,4,0,3,3,0.0,0.0,1.75,0,2.5,0.0,4.5,5.0,1.0,6.0,6.75,8
4053,4053,88,67,567550.0,134050.0,10880067,0,0,1,0,0,0,0,134050.0,567550.0,4053,0,0,1,3,0,0,0,4,4,0,3,2,0.0,0.0,1.75,0,2.5,0.0,2.5,5.0,0.0,5.0,5.75,6
4054,4054,88,68,567650.0,134050.0,10880068,0,0,1,0,0,0,0,134050.0,567650.0,4054,0,0,1,3,0,0,0,4,3,0,3,2,0.0,0.0,1.75,0,2.5,0.0,2.5,5.0,0.0,5.0,4.75,6
4055,4055,88,69,567750.0,134050.0,10880069,0,0,1,0,0,0,0,134050.0,567750.0,4055,0,0,1,3,0,0,0,3,2,0,3,2,0.0,0.0,1.75,0,2.5,0.0,2.5,5.0,0.0,4.0,3.75,6
4056,4056,88,70,567850.0,134050.0,10880070,0,0,2,0,0,0,0,134050.0,567850.0,4056,0,1,1,2,0,0,4,3,1,0,3,1,0.0,0.0,1.75,0,2.5,0.0,3.5,5.0,0.0,9.0,2.75,6
4057,4057,88,71,567950.0,134050.0,10880071,1,0,2,0,0,0,0,134050.0,567950.0,4057,1,2,1,2,0,0,4,3,0,0,3,1,0.0,0.0,2.25,0,2.5,0.0,6.5,5.0,1.0,9.0,3.25,6
4058,4058,88,72,568050.0,134050.0,10880072,1,0,2,0,0,0,0,134050.0,568050.0,4058,1,3,1,1,0,0,4,3,0,0,3,1,0.0,0.0,0.0,0,2.5,0.0,7.5,4.0,1.0,9.0,1.0,6
4059,4059,88,73,568150.0,134050.0,10880073,1,0,3,0,0,0,0,134050.0,568150.0,4059,1,3,1,1,0,1,4,3,0,0,3,0,0.0,0.0,0.0,0,2.5,0.0,7.5,5.0,2.0,10.0,1.0,6
4060,4060,88,74,568250.0,134050.0,10880074,1,0,3,0,0,0,0,134050.0,568250.0,4060,1,3,2,0,0,1,4,3,0,0,3,0,0.0,0.0,0.0,0,2.5,0.0,7.5,5.0,2.0,10.0,1.0,6
4061,4061,88,75,568350.0,134050.0,10880075,1,0,3,0,0,0,0,134050.0,568350.0,4061,2,4,2,0,1,2,4,3,1,1,3,0,0.0,0.0,0.0,0,2.5,0.0,9.5,5.0,4.0,10.0,3.0,6
4062,4062,88,76,568450.0,134050.0,10880076,0,0,4,0,0,0,0,134050.0,568450.0,4062,2,4,2,0,1,2,4,3,1,2,4,0,0.0,0.0,0.0,0,2.0,0.0,8.0,6.0,3.0,11.0,3.0,8
4063,4063,88,77,568550.0,134050.0,10880077,0,0,4,0,0,0,0,134050.0,568550.0,4063,2,4,2,0,1,2,4,3,1,1,4,0,0.0,0.0,0.0,0,1.75,0.0,7.75,6.0,3.0,11.0,2.0,8
4064,4064,88,78,568650.0,134050.0,10880078,0,0,4,0,0,0,0,134050.0,568650.0,4064,2,4,2,0,1,2,4,3,1,0,4,0,0.0,0.0,0.0,0,1.75,0.0,7.75,6.0,3.0,11.0,1.0,8
4065,4065,88,79,568750.0,134050.0,10880079,0,0,4,0,0,0,0,134050.0,568750.0,4065,3,4,2,0,1,2,4,3,2,0,4,0,0.0,0.0,0.0,0,0.0,0.0,7.0,6.0,3.0,11.0,2.0,8
4066,4066,88,80,568850.0,134050.0,10880080,1,0,4,0,0,0,0,134050.0,568850.0,4066,3,3,2,0,1,2,4,3,3,0,4,0,0.0,0.0,0.0,0,0.0,0.0,7.0,6.0,4.0,11.0,4.0,8
4067,4067,88,81,568950.0,134050.0,10880081,1,0,4,0,0,0,0,134050.0,568950.0,4067,3,3,2,0,1,2,4,3,3,0,4,0,0.0,0.0,0.0,0,0.0,0.0,7.0,6.0,4.0,11.0,4.0,8
4068,4068,88,82,569050.0,134050.0,10880082,2,0,4,0,0,0,0,134050.0,569050.0,4068,3,3,2,0,1,2,4,3,2,0,4,0,0.0,0.0,0.0,0,0.0,0.0,8.0,6.0,5.0,11.0,4.0,8
4069,4069,88,83,569150.0,134050.0,10880083,2,0,4,0,0,0,0,134050.0,569150.0,4069,3,3,2,0,1,2,4,3,1,0,4,0,0.0,0.0,0.0,0,0.0,0.0,8.0,6.0,5.0,11.0,3.0,8
4070,4070,88,84,569250.0,134050.0,10880084,3,0,4,0,0,0,0,134050.0,569250.0,4070,3,4,2,0,1,2,4,3,1,0,4,0,0.0,0.0,0.0,0,0.0,0.0,10.0,6.0,6.0,11.0,4.0,8
4071,4071,88,85,569350.0,134050.0,10880085,2,0,4,0,0,0,0,134050.0,569350.0,4071,3,4,2,0,1,3,4,3,0,0,4,0,0.0,0.0,0.0,0,0.0,0.0,9.0,6.0,6.0,11.0,2.0,8
4072,4072,88,86,569450.0,134050.0,10880086,2,0,4,0,0,0,0,134050.0,569450.0,4072,3,4,2,0,1,4,4,3,0,0,4,0,0.0,0.0,0.0,0,0.0,0.0,9.0,6.0,7.0,11.0,2.0,8
4073,4073,88,87,569550.0,134050.0,10880087,1,0,4,0,0,0,0,134050.0,569550.0,4073,3,4,2,0,0,2,4,3,0,0,4,0,0.0,0.0,0.0,0,0.0,0.0,8.0,6.0,3.0,11.0,1.0,8
4074,4074,88,88,569650.0,134050.0,10880088,1,0,4,0,0,0,0,134050.0,569650.0,4074,2,4,2,0,0,1,4,3,0,0,4,0,0.0,0.0,0.0,0,0.0,0.0,7.0,6.0,2.0,11.0,1.0,8
4075,4075,88,89,569750.0,134050.0,10880089,0,0,4,0,0,0,0,134050.0,569750.0,4075,1,4,2,0,0,0,4,3,0,0,4,0,0.0,0.0,0.0,0,0.0,0.0,5.0,6.0,0.0,11.0,0.0,8
4076,4076,88,90,569850.0,134050.0,10880090,0,0,4,0,0,0,0,134050.0,569850.0,4076,0,4,2,0,0,0,4,3,0,0,4,0,1.0,0.0,0.0,0,0.0,0.0,4.0,6.0,1.0,11.0,0.0,8
4077,4077,88,91,569950.0,134050.0,10880091,0,0,4,0,0,0,0,134050.0,569950.0,4077,0,3,2,0,0,0,4,3,0,0,4,0,1.0,0.0,0.0,0,0.0,0.0,3.0,6.0,1.0,11.0,0.0,8
4078,4078,88,92,570050.0,134050.0,10880092,0,0,4,0,0,0,0,134050.0,570050.0,4078,0,3,2,0,0,0,4,3,0,1,4,0,0.0,0.0,0.0,0,0.0,0.0,3.0,6.0,0.0,11.0,1.0,8
4079,4079,88,93,570150.0,134050.0,10880093,1,0,4,0,0,0,0,134050.0,570150.0,4079,0,3,2,0,0,0,4,3,0,1,4,0,1.0,0.0,0.0,0,0.0,0.0,4.0,6.0,2.0,11.0,2.0,8
4080,4080,88,94,570250.0,134050.0,10880094,1,0,4,0,0,0,0,134050.0,570250.0,4080,0,3,2,1,0,0,4,3,0,1,4,1,1.75,0.0,0.0,0,0.0,0.0,4.0,7.0,2.75,11.0,2.0,9
4081,4081,88,95,570350.0,134050.0,10880095,1,0,4,0,0,0,0,134050.0,570350.0,4081,0,3,2,1,0,0,4,3,1,1,3,1,1.75,0.0,0.0,0,0.0,0.0,4.0,7.0,2.75,11.0,3.0,8
4082,4082,88,96,570450.0,134050.0,10880096,1,0,4,0,0,0,0,134050.0,570450.0,4082,0,3,2,1,0,0,4,3,1,1,3,1,1.75,0.0,0.0,0,0.0,0.0,4.0,7.0,2.75,11.0,3.0,8
4083,4083,88,97,570550.0,134050.0,10880097,1,0,4,0,0,0,0,134050.0,570550.0,4083,0,2,2,1,0,0,4,3,1,1,3,1,1.0,0.0,0.0,0,0.0,0.0,3.0,7.0,2.0,11.0,3.0,8
4084,4084,88,98,570650.0,134050.0,10880098,0,0,4,0,0,0,0,134050.0,570650.0,4084,0,2,2,1,0,0,4,3,1,0,3,1,0.0,0.0,0.0,0,0.0,0.0,2.0,7.0,0.0,11.0,1.0,8
4085,4085,88,99,570750.0,134050.0,10880099,0,0,4,0,0,0,0,134050.0,570750.0,4085,0,3,2,1,0,0,4,3,1,0,3,2,0.0,0.0,0.0,0,0.0,0.0,3.0,7.0,0.0,11.0,1.0,9
4086,4086,88,100,570850.0,134050.0,10880100,1,0,4,0,0,0,0,134050.0,570850.0,4086,0,3,2,1,0,0,4,3,1,0,3,2,0.0,0.0,0.0,0,0.0,0.0,4.0,7.0,1.0,11.0,2.0,9
4087,4087,88,101,570950.0,134050.0,10880101,1,0,4,0,0,0,0,134050.0,570950.0,4087,0,3,2,1,0,0,4,3,1,0,3,2,1.0,0.0,0.0,0,0.0,0.0,4.0,7.0,2.0,11.0,2.0,9
4088,4088,88,102,571050.0,134050.0,10880102,2,0,4,0,0,0,0,134050.0,571050.0,4088,0,3,2,1,0,1,4,3,1,1,3,2,1.75,0.0,0.0,0,0.0,0.0,5.0,7.0,4.75,11.0,4.0,9
4089,4089,88,103,571150.0,134050.0,10880103,1,0,4,0,0,0,0,134050.0,571150.0,4089,0,3,2,2,0,1,4,3,1,1,3,2,1.75,0.0,0.0,0,0.0,0.0,4.0,8.0,3.75,11.0,3.0,9
4090,4090,88,104,571250.0,134050.0,10880104,1,0,4,0,0,0,0,134050.0,571250.0,4090,0,3,2,2,0,1,4,3,1,1,3,2,1.75,0.0,0.0,0,0.0,0.0,4.0,8.0,3.75,11.0,3.0,9
4091,4091,88,105,571350.0,134050.0,10880105,1,0,4,0,0,0,0,134050.0,571350.0,4091,0,3,2,2,0,1,4,3,1,1,3,2,1.75,0.0,0.0,0,0.0,0.0,4.0,8.0,3.75,11.0,3.0,9
4092,4092,88,106,571450.0,134050.0,10880106,1,0,4,0,0,0,0,134050.0,571450.0,4092,0,3,2,2,1,2,4,3,1,1,3,2,2.25,0.0,0.0,0,0.0,0.0,4.0,8.0,6.25,11.0,3.0,9
4093,4093,88,107,571550.0,134050.0,10880107,1,0,4,0,0,0,0,134050.0,571550.0,4093,1,4,2,1,2,2,4,3,1,1,3,2,2.25,0.0,0.0,0,0.0,0.0,6.0,7.0,7.25,11.0,3.0,9
4094,4094,88,108,571650.0,134050.0,10880108,1,0,4,0,0,0,0,134050.0,571650.0,4094,1,3,2,1,3,3,4,3,1,1,3,2,2.5,0.0,0.0,0,0.0,0.0,5.0,7.0,9.5,11.0,3.0,9
4095,4095,88,109,571750.0,134050.0,10880109,1,0,4,0,0,0,0,134050.0,571750.0,4095,2,3,2,1,3,3,4,3,2,1,3,2,2.5,0.0,0.0,0,0.0,0.0,6.0,7.0,9.5,11.0,4.0,9
4096,4096,88,110,571850.0,134050.0,10880110,0,0,4,0,0,0,0,134050.0,571850.0,4096,2,3,2,1,4,2,4,3,2,1,2,2,2.5,0.0,0.0,0,0.0,0.0,5.0,7.0,8.5,11.0,3.0,8
4097,4097,88,111,571950.0,134050.0,10880111,0,0,4,0,0,0,0,134050.0,571950.0,4097,2,3,2,1,4,2,4,3,2,1,2,2,2.5,0.0,0.0,0,0.0,0.0,5.0,7.0,8.5,11.0,3.0,8
4098,4098,88,112,572050.0,134050.0,10880112,0,0,4,0,0,0,0,134050.0,572050.0,4098,2,3,2,1,4,2,4,3,2,1,2,2,2.5,0.0,0.0,0,0.0,0.0,5.0,7.0,8.5,11.0,3.0,8
4099,4099,88,113,572150.0,134050.0,10880113,0,0,4,0,0,0,0,134050.0,572150.0,4099,2,3,2,1,4,2,4,3,2,1,2,2,2.5,0.0,0.0,0,0.0,0.0,5.0,7.0,8.5,11.0,3.0,8
4100,4100,89,32,564050.0,133950.0,10890032,4,0,4,0,0,0,0,133950.0,564050.0,4100,3,3,2,1,3,2,4,3,3,3,2,1,0.0,0.0,0.0,0,0.0,0.0,10.0,7.0,9.0,11.0,10.0,7
4101,4101,89,33,564150.0,133950.0,10890033,4,0,4,0,0,0,0,133950.0,564150.0,4101,3,3,2,1,3,2,4,3,3,3,2,1,0.0,0.0,0.0,0,0.0,0.0,10.0,7.0,9.0,11.0,10.0,7
4102,4102,89,34,564250.0,133950.0,10890034,4,0,4,0,0,0,0,133950.0,564250.0,4102,3,3,2,1,3,2,4,3,3,3,2,1,0.0,0.0,0.0,0,0.0,0.0,10.0,7.0,9.0,11.0,10.0,7
4103,4103,89,35,564350.0,133950.0,10890035,4,0,4,0,0,0,0,133950.0,564350.0,4103,3,2,2,2,3,2,4,3,3,3,2,1,0.0,0.0,0.0,0,0.0,0.0,9.0,8.0,9.0,11.0,10.0,7
4104,4104,89,36,564450.0,133950.0,10890036,4,0,4,0,0,0,0,133950.0,564450.0,4104,3,2,2,2,3,2,4,3,3,3,2,1,0.0,0.0,0.0,0,0.0,0.0,9.0,8.0,9.0,11.0,10.0,7
4105,4105,89,37,564550.0,133950.0,10890037,4,0,4,0,0,0,0,133950.0,564550.0,4105,3,2,3,2,3,2,4,3,3,3,1,1,0.0,0.0,0.0,0,0.0,0.0,9.0,9.0,9.0,11.0,10.0,6
4106,4106,89,38,564650.0,133950.0,10890038,4,0,4,0,0,0,0,133950.0,564650.0,4106,3,2,3,2,3,2,4,3,3,3,1,0,0.0,0.0,0.0,0,0.0,0.0,9.0,9.0,9.0,11.0,10.0,5
4107,4107,89,39,564750.0,133950.0,10890039,4,0,4,0,0,0,0,133950.0,564750.0,4107,3,2,3,2,3,2,4,3,3,3,1,0,0.0,0.0,0.0,0,0.0,0.0,9.0,9.0,9.0,11.0,10.0,5
4108,4108,89,40,564850.0,133950.0,10890040,4,0,4,0,0,0,0,133950.0,564850.0,4108,2,2,3,2,3,2,4,3,3,3,1,0,0.0,0.0,0.0,0,0.0,0.0,8.0,9.0,9.0,11.0,10.0,5
4109,4109,89,41,564950.0,133950.0,10890041,4,0,4,0,0,0,0,133950.0,564950.0,4109,2,2,3,2,3,2,4,3,3,3,1,1,0.0,0.0,0.0,0,0.0,0.0,8.0,9.0,9.0,11.0,10.0,6
4110,4110,89,42,565050.0,133950.0,10890042,4,0,4,0,0,0,0,133950.0,565050.0,4110,2,1,3,2,4,2,4,3,3,3,1,1,0.0,0.0,0.0,0,0.0,0.0,7.0,9.0,10.0,11.0,10.0,6
4111,4111,89,43,565150.0,133950.0,10890043,4,0,4,0,0,0,0,133950.0,565150.0,4111,1,1,3,2,4,2,4,3,2,3,1,1,0.0,0.0,0.0,0,0.0,0.0,6.0,9.0,10.0,11.0,9.0,6
4112,4112,89,44,565250.0,133950.0,10890044,4,0,4,0,0,0,0,133950.0,565250.0,4112,1,1,3,2,4,2,4,3,2,2,1,1,0.0,0.0,0.0,0,0.0,0.0,6.0,9.0,10.0,11.0,8.0,6
4113,4113,89,45,565350.0,133950.0,10890045,3,0,4,0,0,0,0,133950.0,565350.0,4113,1,1,3,2,4,3,4,3,2,2,1,1,0.0,0.0,0.0,0,0.0,0.0,5.0,9.0,10.0,11.0,7.0,6
4114,4114,89,46,565450.0,133950.0,10890046,3,0,4,0,0,0,0,133950.0,565450.0,4114,1,1,3,3,4,3,4,3,3,3,1,1,0.0,0.0,0.0,0,0.0,0.0,5.0,10.0,10.0,11.0,9.0,6
4115,4115,89,47,565550.0,133950.0,10890047,3,0,4,0,0,0,0,133950.0,565550.0,4115,1,1,2,3,4,3,4,3,3,4,1,1,0.0,0.0,0.0,0,0.0,0.0,5.0,9.0,10.0,11.0,10.0,6
4116,4116,89,48,565650.0,133950.0,10890048,2,0,4,0,0,0,0,133950.0,565650.0,4116,1,1,1,3,4,4,4,3,4,4,1,1,0.0,0.0,0.0,0,0.0,0.0,4.0,8.0,10.0,11.0,10.0,6
4117,4117,89,49,565750.0,133950.0,10890049,2,0,4,0,0,0,0,133950.0,565750.0,4117,1,1,1,3,4,4,4,3,4,3,1,1,0.0,0.0,0.0,0,0.0,0.0,4.0,8.0,10.0,11.0,9.0,6
4118,4118,89,50,565850.0,133950.0,10890050,1,0,4,0,0,0,0,133950.0,565850.0,4118,0,2,1,3,4,4,4,3,4,2,1,1,0.0,0.0,0.0,0,0.0,0.0,3.0,8.0,9.0,11.0,7.0,6
4119,4119,89,51,565950.0,133950.0,10890051,1,0,4,0,0,0,0,133950.0,565950.0,4119,0,2,1,3,4,4,4,3,4,1,1,1,0.0,0.0,0.0,0,0.0,0.0,3.0,8.0,9.0,11.0,6.0,6
4120,4120,89,52,566050.0,133950.0,10890052,1,0,4,0,0,0,0,133950.0,566050.0,4120,0,2,1,3,4,4,0,3,4,1,1,1,0.0,0.0,0.0,0,0.0,0.0,3.0,8.0,9.0,7.0,6.0,6
4121,4121,89,53,566150.0,133950.0,10890053,1,0,4,0,0,0,0,133950.0,566150.0,4121,0,3,0,3,4,4,0,4,4,1,0,1,0.0,0.0,0.0,0,1.0,0.0,5.0,7.0,9.0,8.0,6.0,5
4122,4122,89,54,566250.0,133950.0,10890054,1,0,3,0,0,0,0,133950.0,566250.0,4122,0,3,0,3,4,4,0,4,4,0,1,1,0.0,0.0,0.0,0,1.0,0.0,5.0,6.0,9.0,7.0,5.0,5
4123,4123,89,55,566350.0,133950.0,10890055,2,0,3,0,0,0,0,133950.0,566350.0,4123,0,4,0,3,4,4,0,4,4,0,1,1,0.0,0.0,0.0,0,1.75,0.0,7.75,6.0,10.0,7.0,6.0,5
4124,4124,89,56,566450.0,133950.0,10890056,1,0,2,0,0,0,0,133950.0,566450.0,4124,0,4,0,4,4,4,0,4,4,0,1,1,0.0,0.0,0.0,0,2.25,0.0,7.25,6.0,9.0,6.0,5.0,4
4125,4125,89,57,566550.0,133950.0,10890057,1,0,2,0,0,0,0,133950.0,566550.0,4125,0,4,0,4,4,4,0,4,4,0,1,1,0.0,0.0,0.0,0,2.5,0.0,7.5,6.0,9.0,6.0,5.0,4
4126,4126,89,58,566650.0,133950.0,10890058,1,0,1,0,0,0,0,133950.0,566650.0,4126,0,3,0,4,4,4,0,0,4,0,1,1,0.0,0.0,0.0,0,2.5,0.0,6.5,5.0,9.0,1.0,5.0,3
4127,4127,89,59,566750.0,133950.0,10890059,0,1,1,0,0,0,0,133950.0,566750.0,4127,0,1,0,4,4,4,0,0,4,0,1,2,0.0,0.0,0.0,0,2.5,0.0,4.5,5.0,9.0,1.0,5.0,4
4128,4128,89,60,566850.0,133950.0,10890060,0,2,1,0,0,0,0,133950.0,566850.0,4128,0,0,0,4,3,4,0,0,4,0,1,2,0.0,0.0,0.0,0,2.5,0.0,4.5,5.0,9.0,1.0,6.0,4
4129,4129,89,61,566950.0,133950.0,10890061,0,2,1,0,0,0,0,133950.0,566950.0,4129,0,0,0,4,0,1,0,0,4,0,1,2,0.0,0.0,0.0,0,2.5,0.0,4.5,5.0,3.0,1.0,6.0,4
4130,4130,89,62,567050.0,133950.0,10890062,0,2,1,0,0,0,0,133950.0,567050.0,4130,0,0,0,4,0,0,0,0,4,0,2,2,0.0,0.0,1.0,0,2.5,0.0,4.5,5.0,2.0,1.0,7.0,5
4131,4131,89,63,567150.0,133950.0,10890063,0,3,1,0,0,0,0,133950.0,567150.0,4131,1,0,0,4,0,0,0,0,3,0,2,2,0.0,0.0,1.0,0,2.5,0.0,6.5,5.0,3.0,1.0,7.0,5
4132,4132,89,64,567250.0,133950.0,10890064,0,2,2,0,0,0,0,133950.0,567250.0,4132,1,0,0,4,0,0,0,4,3,0,2,2,0.0,0.0,1.0,0,2.5,0.0,5.5,6.0,2.0,6.0,6.0,6
4133,4133,89,65,567350.0,133950.0,10890065,0,2,2,0,0,0,0,133950.0,567350.0,4133,2,0,0,3,0,0,0,4,4,0,2,2,0.0,0.0,1.0,0,2.5,0.0,6.5,5.0,2.0,6.0,7.0,6
4134,4134,89,66,567450.0,133950.0,10890066,0,1,2,0,0,0,0,133950.0,567450.0,4134,2,0,0,3,0,0,0,4,4,0,3,2,0.0,0.0,1.0,0,2.5,0.0,5.5,5.0,1.0,6.0,6.0,7
4135,4135,89,67,567550.0,133950.0,10890067,0,0,2,0,0,0,0,133950.0,567550.0,4135,2,0,0,3,0,0,0,4,3,0,3,2,0.0,0.0,1.75,0,2.5,0.0,4.5,5.0,0.0,6.0,4.75,7
4136,4136,89,68,567650.0,133950.0,10890068,0,0,2,0,0,0,0,133950.0,567650.0,4136,2,1,1,3,0,0,0,4,1,0,3,2,0.0,0.0,1.75,0,2.5,0.0,5.5,6.0,0.0,6.0,2.75,7
4137,4137,89,69,567750.0,133950.0,10890069,0,0,2,0,0,0,0,133950.0,567750.0,4137,2,2,1,3,0,0,0,3,0,0,3,1,0.0,0.0,1.75,0,2.5,0.0,6.5,6.0,0.0,5.0,1.75,6
4138,4138,89,70,567850.0,133950.0,10890070,0,0,2,0,0,0,0,133950.0,567850.0,4138,2,3,1,3,0,0,0,3,0,0,3,1,0.0,0.0,1.75,0,2.5,0.0,7.5,6.0,0.0,5.0,1.75,6
4139,4139,89,71,567950.0,133950.0,10890071,0,0,2,0,0,0,0,133950.0,567950.0,4139,2,3,1,2,0,0,4,3,0,0,3,1,0.0,0.0,0.75,0,2.5,0.0,7.5,5.0,0.0,9.0,0.75,6
4140,4140,89,72,568050.0,133950.0,10890072,1,0,3,0,0,0,0,133950.0,568050.0,4140,2,3,1,2,0,0,4,3,0,0,3,1,0.0,0.0,0.0,0,2.5,0.0,8.5,6.0,1.0,10.0,1.0,7
4141,4141,89,73,568150.0,133950.0,10890073,1,0,3,0,0,0,0,133950.0,568150.0,4141,2,4,1,1,0,1,4,3,0,0,3,1,0.0,0.0,0.0,0,2.5,0.0,9.5,5.0,2.0,10.0,1.0,7
4142,4142,89,74,568250.0,133950.0,10890074,1,0,3,0,0,0,0,133950.0,568250.0,4142,3,4,2,1,0,1,4,3,0,0,3,0,0.0,0.0,0.0,0,2.5,0.0,10.5,6.0,2.0,10.0,1.0,6
4143,4143,89,75,568350.0,133950.0,10890075,1,0,4,0,0,0,0,133950.0,568350.0,4143,3,4,2,0,1,2,4,3,1,1,3,0,0.0,0.0,0.0,0,0.75,0.0,8.75,6.0,4.0,11.0,3.0,7
4144,4144,89,76,568450.0,133950.0,10890076,0,0,4,0,0,0,0,133950.0,568450.0,4144,3,4,2,0,1,2,4,3,2,2,3,0,0.0,0.0,0.0,0,0.25,0.0,7.25,6.0,3.0,11.0,4.0,7
4145,4145,89,77,568550.0,133950.0,10890077,0,0,4,0,0,0,0,133950.0,568550.0,4145,3,4,2,0,1,2,4,3,2,1,4,0,0.0,0.0,0.0,0,0.0,0.0,7.0,6.0,3.0,11.0,3.0,8
4146,4146,89,78,568650.0,133950.0,10890078,0,0,4,0,0,0,0,133950.0,568650.0,4146,3,4,2,0,1,2,4,3,3,1,4,0,0.0,0.0,0.0,0,0.0,0.0,7.0,6.0,3.0,11.0,4.0,8
4147,4147,89,79,568750.0,133950.0,10890079,0,0,4,0,0,0,0,133950.0,568750.0,4147,3,4,2,0,1,2,4,3,3,1,4,0,0.0,0.0,0.0,0,0.0,0.0,7.0,6.0,3.0,11.0,4.0,8
4148,4148,89,80,568850.0,133950.0,10890080,1,0,4,0,0,0,0,133950.0,568850.0,4148,3,4,2,0,1,2,4,3,3,0,4,0,0.0,0.0,0.0,0,0.0,0.0,8.0,6.0,4.0,11.0,4.0,8
4149,4149,89,81,568950.0,133950.0,10890081,1,0,4,0,0,0,0,133950.0,568950.0,4149,3,3,2,0,1,2,4,3,2,0,4,0,0.0,0.0,0.0,0,0.0,0.0,7.0,6.0,4.0,11.0,3.0,8
4150,4150,89,82,569050.0,133950.0,10890082,2,0,4,0,0,0,0,133950.0,569050.0,4150,3,3,2,0,1,2,4,3,2,0,4,0,0.0,0.0,0.0,0,0.0,0.0,8.0,6.0,5.0,11.0,4.0,8
4151,4151,89,83,569150.0,133950.0,10890083,2,0,4,0,0,0,0,133950.0,569150.0,4151,3,3,2,0,1,2,4,3,1,0,4,0,0.0,0.0,0.0,0,0.0,0.0,8.0,6.0,5.0,11.0,3.0,8
4152,4152,89,84,569250.0,133950.0,10890084,3,0,4,0,0,0,0,133950.0,569250.0,4152,3,4,2,0,1,2,4,3,1,0,4,0,0.0,0.0,0.0,0,0.0,0.0,10.0,6.0,6.0,11.0,4.0,8
4153,4153,89,85,569350.0,133950.0,10890085,2,0,4,0,0,0,0,133950.0,569350.0,4153,3,4,2,0,1,2,4,3,0,0,4,0,0.0,0.0,0.0,0,0.0,0.0,9.0,6.0,5.0,11.0,2.0,8
4154,4154,89,86,569450.0,133950.0,10890086,2,0,4,0,0,0,0,133950.0,569450.0,4154,3,4,2,0,0,2,4,3,0,0,4,0,0.0,0.0,0.0,0,0.0,0.0,9.0,6.0,4.0,11.0,2.0,8
4155,4155,89,87,569550.0,133950.0,10890087,1,0,4,0,0,0,0,133950.0,569550.0,4155,3,4,2,0,0,1,4,3,0,0,4,0,0.0,0.0,0.0,0,0.0,0.0,8.0,6.0,2.0,11.0,1.0,8
4156,4156,89,88,569650.0,133950.0,10890088,1,0,4,0,0,0,0,133950.0,569650.0,4156,2,4,2,0,0,0,4,3,0,1,4,0,0.0,0.0,0.0,0,0.0,0.0,7.0,6.0,1.0,11.0,2.0,8
4157,4157,89,89,569750.0,133950.0,10890089,0,0,4,0,0,0,0,133950.0,569750.0,4157,1,4,2,0,0,0,4,3,0,1,4,0,0.0,0.0,0.0,0,0.0,0.0,5.0,6.0,0.0,11.0,1.0,8
4158,4158,89,90,569850.0,133950.0,10890090,0,0,4,0,0,0,0,133950.0,569850.0,4158,0,3,1,0,0,0,4,3,0,1,4,0,0.0,0.0,0.0,0,0.0,0.0,3.0,5.0,0.0,11.0,1.0,8
4159,4159,89,91,569950.0,133950.0,10890091,0,0,4,0,0,0,0,133950.0,569950.0,4159,0,3,1,1,0,0,4,3,0,1,4,0,1.0,0.0,0.0,0,0.0,0.0,3.0,6.0,1.0,11.0,1.0,8
4160,4160,89,92,570050.0,133950.0,10890092,1,0,4,0,0,0,0,133950.0,570050.0,4160,0,3,1,1,0,0,4,3,0,1,4,0,1.0,0.0,0.0,0,0.0,0.0,4.0,6.0,2.0,11.0,2.0,8
4161,4161,89,93,570150.0,133950.0,10890093,1,0,4,0,0,0,0,133950.0,570150.0,4161,0,3,1,1,0,0,4,3,0,1,4,1,1.0,0.0,0.0,0,0.0,0.0,4.0,6.0,2.0,11.0,2.0,9
4162,4162,89,94,570250.0,133950.0,10890094,2,0,4,0,0,0,0,133950.0,570250.0,4162,0,3,1,1,0,0,4,3,1,1,3,1,1.75,0.0,0.0,0,0.0,0.0,5.0,6.0,3.75,11.0,4.0,8
4163,4163,89,95,570350.0,133950.0,10890095,2,0,4,0,0,0,0,133950.0,570350.0,4163,0,2,2,1,0,0,4,3,1,1,3,1,2.25,0.0,0.0,0,0.0,0.0,4.0,7.0,4.25,11.0,4.0,8
4164,4164,89,96,570450.0,133950.0,10890096,1,0,4,0,0,0,0,133950.0,570450.0,4164,0,2,2,1,0,0,4,3,1,1,3,1,2.25,0.0,0.0,0,0.0,0.0,3.0,7.0,3.25,11.0,3.0,8
4165,4165,89,97,570550.0,133950.0,10890097,1,0,4,0,0,0,0,133950.0,570550.0,4165,0,2,2,1,0,0,4,3,1,1,3,1,2.25,0.0,0.0,0,0.0,0.0,3.0,7.0,3.25,11.0,3.0,8
4166,4166,89,98,570650.0,133950.0,10890098,1,0,4,0,0,0,0,133950.0,570650.0,4166,0,2,2,1,0,0,4,3,1,1,3,1,1.75,0.0,0.0,0,0.0,0.0,3.0,7.0,2.75,11.0,3.0,8
4167,4167,89,99,570750.0,133950.0,10890099,1,0,3,0,0,0,0,133950.0,570750.0,4167,0,2,2,1,0,1,4,3,1,1,3,2,1.75,0.0,0.0,0,0.0,0.0,3.0,6.0,3.75,10.0,3.0,8
4168,4168,89,100,570850.0,133950.0,10890100,1,0,3,0,0,0,0,133950.0,570850.0,4168,0,2,2,1,0,1,4,3,1,1,3,2,1.75,0.0,0.0,0,0.0,0.0,3.0,6.0,3.75,10.0,3.0,8
4169,4169,89,101,570950.0,133950.0,10890101,1,0,3,0,0,0,0,133950.0,570950.0,4169,0,3,2,2,1,1,4,3,1,1,3,2,1.75,0.0,0.0,0,0.0,0.0,4.0,7.0,4.75,10.0,3.0,8
4170,4170,89,102,571050.0,133950.0,10890102,1,0,3,0,0,0,0,133950.0,571050.0,4170,0,3,2,2,1,1,4,3,1,1,3,2,2.25,0.0,0.0,0,0.0,0.0,4.0,7.0,5.25,10.0,3.0,8
4171,4171,89,103,571150.0,133950.0,10890103,1,0,3,0,0,0,0,133950.0,571150.0,4171,0,3,2,2,1,1,4,3,1,1,3,2,2.25,0.0,0.0,0,0.0,0.0,4.0,7.0,5.25,10.0,3.0,8
4172,4172,89,104,571250.0,133950.0,10890104,1,0,3,0,0,0,0,133950.0,571250.0,4172,0,3,2,2,1,1,4,3,1,1,3,2,2.25,0.0,0.0,0,0.0,0.0,4.0,7.0,5.25,10.0,3.0,8
4173,4173,89,105,571350.0,133950.0,10890105,0,0,4,0,0,0,0,133950.0,571350.0,4173,0,3,2,2,1,1,4,3,1,1,3,2,2.25,0.0,0.0,0,0.0,0.0,3.0,8.0,4.25,11.0,2.0,9
4174,4174,89,106,571450.0,133950.0,10890106,0,0,4,0,0,0,0,133950.0,571450.0,4174,0,3,2,2,2,2,4,3,1,1,3,2,2.25,0.0,0.0,0,0.0,0.0,3.0,8.0,6.25,11.0,2.0,9
4175,4175,89,107,571550.0,133950.0,10890107,1,0,4,0,0,0,0,133950.0,571550.0,4175,1,4,2,2,3,3,4,3,1,1,3,2,2.5,0.0,0.0,0,0.0,0.0,6.0,8.0,9.5,11.0,3.0,9
4176,4176,89,108,571650.0,133950.0,10890108,1,0,4,0,0,0,0,133950.0,571650.0,4176,1,3,2,2,4,3,4,3,1,1,3,2,2.5,0.0,0.0,0,0.0,0.0,5.0,8.0,10.5,11.0,3.0,9
4177,4177,89,109,571750.0,133950.0,10890109,1,0,4,0,0,0,0,133950.0,571750.0,4177,2,3,2,1,4,2,4,3,2,1,2,2,2.5,0.0,0.0,0,0.0,0.0,6.0,7.0,9.5,11.0,4.0,8
4178,4178,89,110,571850.0,133950.0,10890110,0,0,4,0,0,0,0,133950.0,571850.0,4178,2,3,2,1,4,2,4,3,2,1,2,2,2.5,0.0,0.0,0,0.0,0.0,5.0,7.0,8.5,11.0,3.0,8
4179,4179,89,111,571950.0,133950.0,10890111,0,0,4,0,0,0,0,133950.0,571950.0,4179,2,3,2,1,4,1,4,3,2,1,2,2,2.5,0.0,0.0,0,0.0,0.0,5.0,7.0,7.5,11.0,3.0,8
4180,4180,89,112,572050.0,133950.0,10890112,0,0,4,0,0,0,0,133950.0,572050.0,4180,2,3,2,1,4,1,4,3,2,1,2,2,2.5,0.0,0.0,0,0.0,0.0,5.0,7.0,7.5,11.0,3.0,8
4181,4181,89,113,572150.0,133950.0,10890113,1,0,4,0,0,0,0,133950.0,572150.0,4181,2,3,2,1,4,1,4,3,2,1,2,2,2.5,0.0,0.0,0,0.0,0.0,6.0,7.0,8.5,11.0,4.0,8
4182,4182,90,32,564050.0,133850.0,10900032,4,0,4,0,0,0,0,133850.0,564050.0,4182,3,3,2,1,3,2,4,3,3,3,2,1,0.0,0.0,0.0,0,0.0,0.0,10.0,7.0,9.0,11.0,10.0,7
4183,4183,90,33,564150.0,133850.0,10900033,4,0,4,0,0,0,0,133850.0,564150.0,4183,3,3,2,1,3,2,4,3,3,3,2,1,0.0,0.0,0.0,0,0.0,0.0,10.0,7.0,9.0,11.0,10.0,7
4184,4184,90,34,564250.0,133850.0,10900034,4,0,4,0,0,0,0,133850.0,564250.0,4184,3,3,2,1,3,2,4,3,3,3,2,1,0.0,0.0,0.0,0,0.0,0.0,10.0,7.0,9.0,11.0,10.0,7
4185,4185,90,35,564350.0,133850.0,10900035,4,0,4,0,0,0,0,133850.0,564350.0,4185,3,2,2,1,3,2,4,3,3,3,2,1,0.0,0.0,0.0,0,0.0,0.0,9.0,7.0,9.0,11.0,10.0,7
4186,4186,90,36,564450.0,133850.0,10900036,4,0,4,0,0,0,0,133850.0,564450.0,4186,3,2,2,2,3,2,4,3,3,3,2,1,0.0,0.0,0.0,0,0.0,0.0,9.0,8.0,9.0,11.0,10.0,7
4187,4187,90,37,564550.0,133850.0,10900037,4,0,4,0,0,0,0,133850.0,564550.0,4187,3,2,3,2,3,2,4,3,3,3,1,1,0.0,0.0,0.0,0,0.0,0.0,9.0,9.0,9.0,11.0,10.0,6
4188,4188,90,38,564650.0,133850.0,10900038,4,0,4,0,0,0,0,133850.0,564650.0,4188,3,2,3,2,3,2,4,3,3,3,1,0,0.0,0.0,0.0,0,0.0,0.0,9.0,9.0,9.0,11.0,10.0,5
4189,4189,90,39,564750.0,133850.0,10900039,4,0,4,0,0,0,0,133850.0,564750.0,4189,3,2,3,2,3,2,4,3,3,3,1,0,0.0,0.0,0.0,0,0.0,0.0,9.0,9.0,9.0,11.0,10.0,5
4190,4190,90,40,564850.0,133850.0,10900040,4,0,4,0,0,0,0,133850.0,564850.0,4190,3,2,3,2,3,2,4,3,3,3,1,0,0.0,0.0,0.0,0,0.0,0.0,9.0,9.0,9.0,11.0,10.0,5
4191,4191,90,41,564950.0,133850.0,10900041,4,0,4,0,0,0,0,133850.0,564950.0,4191,2,2,3,2,3,2,4,3,3,3,1,0,0.0,0.0,0.0,0,0.0,0.0,8.0,9.0,9.0,11.0,10.0,5
4192,4192,90,42,565050.0,133850.0,10900042,4,0,4,0,0,0,0,133850.0,565050.0,4192,2,1,3,2,3,2,4,3,3,3,1,0,0.0,0.0,0.0,0,0.0,0.0,7.0,9.0,9.0,11.0,10.0,5
4193,4193,90,43,565150.0,133850.0,10900043,4,0,4,0,0,0,0,133850.0,565150.0,4193,2,1,3,2,3,2,4,3,3,3,1,1,0.0,0.0,0.0,0,0.0,0.0,7.0,9.0,9.0,11.0,10.0,6
4194,4194,90,44,565250.0,133850.0,10900044,4,0,4,0,0,0,0,133850.0,565250.0,4194,1,1,3,2,4,2,4,3,2,3,1,1,0.0,0.0,0.0,0,0.0,0.0,6.0,9.0,10.0,11.0,9.0,6
4195,4195,90,45,565350.0,133850.0,10900045,4,0,4,0,0,0,0,133850.0,565350.0,4195,1,1,3,2,4,2,4,3,2,2,1,1,0.0,0.0,0.0,0,0.0,0.0,6.0,9.0,10.0,11.0,8.0,6
4196,4196,90,46,565450.0,133850.0,10900046,3,0,4,0,0,0,0,133850.0,565450.0,4196,1,1,3,2,4,2,4,3,3,3,1,1,0.0,0.0,0.0,0,0.0,0.0,5.0,9.0,9.0,11.0,9.0,6
4197,4197,90,47,565550.0,133850.0,10900047,3,0,4,0,0,0,0,133850.0,565550.0,4197,1,1,3,3,4,3,4,3,3,4,1,1,0.0,0.0,0.0,0,0.0,0.0,5.0,10.0,10.0,11.0,10.0,6
4198,4198,90,48,565650.0,133850.0,10900048,2,0,4,0,0,0,0,133850.0,565650.0,4198,1,1,2,3,4,3,4,3,4,4,1,1,0.0,0.0,0.0,0,0.0,0.0,4.0,9.0,9.0,11.0,10.0,6
4199,4199,90,49,565750.0,133850.0,10900049,2,0,4,0,0,0,0,133850.0,565750.0,4199,1,1,1,3,4,4,4,3,4,3,1,1,0.0,0.0,0.0,0,0.0,0.0,4.0,8.0,10.0,11.0,9.0,6
4200,4200,90,50,565850.0,133850.0,10900050,2,0,4,0,0,0,0,133850.0,565850.0,4200,0,1,1,3,4,4,4,3,4,2,1,1,0.0,0.0,0.0,0,0.0,0.0,3.0,8.0,10.0,11.0,8.0,6
4201,4201,90,51,565950.0,133850.0,10900051,2,0,4,0,0,0,0,133850.0,565950.0,4201,0,1,1,3,4,4,0,3,4,1,1,1,0.0,0.0,0.0,0,0.0,0.0,3.0,8.0,10.0,7.0,7.0,6
4202,4202,90,52,566050.0,133850.0,10900052,2,0,4,0,0,0,0,133850.0,566050.0,4202,0,2,1,3,4,4,0,3,4,1,1,1,0.0,0.0,0.0,0,0.0,0.0,4.0,8.0,10.0,7.0,7.0,6
4203,4203,90,53,566150.0,133850.0,10900053,2,0,3,0,0,0,0,133850.0,566150.0,4203,0,2,1,3,4,4,0,4,4,1,1,1,0.0,0.0,0.0,0,0.0,0.0,4.0,7.0,10.0,7.0,7.0,5
4204,4204,90,54,566250.0,133850.0,10900054,2,0,3,0,0,0,0,133850.0,566250.0,4204,0,3,0,3,4,4,0,4,4,1,1,1,0.0,0.0,0.0,0,1.0,0.0,6.0,6.0,10.0,7.0,7.0,5
4205,4205,90,55,566350.0,133850.0,10900055,1,0,2,0,0,0,0,133850.0,566350.0,4205,0,4,0,3,4,4,0,4,4,0,1,1,0.0,0.0,0.0,0,1.75,0.0,6.75,5.0,9.0,6.0,5.0,4
4206,4206,90,56,566450.0,133850.0,10900056,1,0,2,0,0,0,0,133850.0,566450.0,4206,0,4,0,4,4,4,0,4,4,0,1,1,0.0,0.0,0.0,0,1.75,0.0,6.75,6.0,9.0,6.0,5.0,4
4207,4207,90,57,566550.0,133850.0,10900057,1,0,2,0,0,0,0,133850.0,566550.0,4207,0,4,0,4,4,4,0,3,4,0,1,1,0.0,0.0,0.0,0,2.5,0.0,7.5,6.0,9.0,5.0,5.0,4
4208,4208,90,58,566650.0,133850.0,10900058,1,0,1,0,0,0,0,133850.0,566650.0,4208,0,4,0,4,4,4,0,0,4,0,1,1,0.0,0.0,0.0,0,2.5,0.0,7.5,5.0,9.0,1.0,5.0,3
4209,4209,90,59,566750.0,133850.0,10900059,0,0,1,0,0,0,0,133850.0,566750.0,4209,0,4,0,4,4,4,0,0,4,1,1,1,0.0,0.0,0.0,0,2.5,0.0,6.5,5.0,8.0,1.0,5.0,3
4210,4210,90,60,566850.0,133850.0,10900060,0,1,0,0,0,0,0,133850.0,566850.0,4210,0,3,0,4,2,4,0,0,4,1,1,1,0.0,0.0,0.0,0,2.5,0.0,6.5,4.0,7.0,0.0,6.0,2
4211,4211,90,61,566950.0,133850.0,10900061,0,1,0,0,0,0,0,133850.0,566950.0,4211,0,1,0,4,0,0,0,0,4,1,1,2,0.0,0.0,0.0,0,2.5,0.0,4.5,4.0,1.0,0.0,6.0,3
4212,4212,90,62,567050.0,133850.0,10900062,0,1,1,0,0,0,0,133850.0,567050.0,4212,1,1,0,4,0,0,0,0,3,1,2,2,0.0,0.0,0.0,0,2.5,0.0,5.5,5.0,1.0,1.0,5.0,5
4213,4213,90,63,567150.0,133850.0,10900063,0,2,1,0,0,0,0,133850.0,567150.0,4213,1,0,0,4,0,0,0,0,3,0,2,2,0.0,0.0,1.0,0,2.5,0.0,5.5,5.0,2.0,1.0,6.0,5
4214,4214,90,64,567250.0,133850.0,10900064,1,2,1,0,0,0,0,133850.0,567250.0,4214,2,0,0,4,0,0,0,0,3,0,2,2,0.0,0.0,1.0,0,2.5,0.0,7.5,5.0,3.0,1.0,7.0,5
4215,4215,90,65,567350.0,133850.0,10900065,1,1,2,0,0,0,0,133850.0,567350.0,4215,2,0,0,3,0,0,0,4,3,0,2,2,0.0,0.0,1.0,0,2.5,0.0,6.5,5.0,2.0,6.0,6.0,6
4216,4216,90,66,567450.0,133850.0,10900066,0,0,2,0,0,0,0,133850.0,567450.0,4216,2,1,0,3,0,0,0,4,3,0,3,2,0.0,0.0,1.0,0,2.5,0.0,5.5,5.0,0.0,6.0,4.0,7
4217,4217,90,67,567550.0,133850.0,10900067,0,0,2,0,0,0,0,133850.0,567550.0,4217,2,1,0,3,0,0,0,4,0,0,3,2,0.0,0.0,1.75,0,2.5,0.0,5.5,5.0,0.0,6.0,1.75,7
4218,4218,90,68,567650.0,133850.0,10900068,0,0,2,0,0,0,0,133850.0,567650.0,4218,3,2,1,3,0,0,0,4,0,0,3,1,0.0,0.0,1.75,0,2.5,0.0,7.5,6.0,0.0,6.0,1.75,6
4219,4219,90,69,567750.0,133850.0,10900069,0,0,2,0,0,0,0,133850.0,567750.0,4219,3,2,1,3,0,0,0,4,0,0,3,1,0.0,0.0,1.75,0,2.5,0.0,7.5,6.0,0.0,6.0,1.75,6
4220,4220,90,70,567850.0,133850.0,10900070,0,0,2,0,0,0,0,133850.0,567850.0,4220,3,3,1,3,0,0,0,3,0,0,3,1,0.0,0.0,0.0,0,2.5,0.0,8.5,6.0,0.0,5.0,0.0,6
4221,4221,90,71,567950.0,133850.0,10900071,0,0,3,0,0,0,0,133850.0,567950.0,4221,3,3,1,2,0,0,4,3,0,0,3,1,0.0,0.0,0.0,0,2.5,0.0,8.5,6.0,0.0,10.0,0.0,7
4222,4222,90,72,568050.0,133850.0,10900072,1,0,3,0,0,0,0,133850.0,568050.0,4222,3,3,1,2,0,0,4,3,0,0,3,1,0.0,0.0,0.0,0,2.5,0.0,9.5,6.0,1.0,10.0,1.0,7
4223,4223,90,73,568150.0,133850.0,10900073,1,0,3,0,0,0,0,133850.0,568150.0,4223,3,4,1,1,0,1,4,3,0,0,3,1,0.0,0.0,0.0,0,1.5,0.0,9.5,5.0,2.0,10.0,1.0,7
4224,4224,90,74,568250.0,133850.0,10900074,1,0,4,0,0,0,0,133850.0,568250.0,4224,3,4,2,1,0,1,4,3,1,1,3,1,0.0,0.0,0.0,0,1.5,0.0,9.5,7.0,2.0,11.0,3.0,8
4225,4225,90,75,568350.0,133850.0,10900075,1,0,4,0,0,0,0,133850.0,568350.0,4225,3,4,2,1,1,2,4,3,2,1,3,0,0.0,0.0,0.0,0,0.75,0.0,8.75,7.0,4.0,11.0,4.0,7
4226,4226,90,76,568450.0,133850.0,10900076,0,0,4,0,0,0,0,133850.0,568450.0,4226,3,4,2,0,1,2,4,3,3,2,3,0,0.0,0.0,0.0,0,0.25,0.0,7.25,6.0,3.0,11.0,5.0,7
4227,4227,90,77,568550.0,133850.0,10900077,0,0,4,0,0,0,0,133850.0,568550.0,4227,3,4,2,0,1,2,4,3,3,1,3,0,0.0,0.0,0.0,0,0.0,0.0,7.0,6.0,3.0,11.0,4.0,7
4228,4228,90,78,568650.0,133850.0,10900078,0,0,4,0,0,0,0,133850.0,568650.0,4228,3,4,2,0,1,2,4,3,3,1,4,0,0.0,0.0,0.0,0,0.0,0.0,7.0,6.0,3.0,11.0,4.0,8
4229,4229,90,79,568750.0,133850.0,10900079,1,0,4,0,0,0,0,133850.0,568750.0,4229,3,4,2,0,1,2,4,3,3,1,4,0,0.0,0.0,0.0,0,0.0,0.0,8.0,6.0,4.0,11.0,5.0,8
4230,4230,90,80,568850.0,133850.0,10900080,1,0,4,0,0,0,0,133850.0,568850.0,4230,3,4,2,0,1,2,4,3,3,1,4,0,0.0,0.0,0.0,0,0.0,0.0,8.0,6.0,4.0,11.0,5.0,8
4231,4231,90,81,568950.0,133850.0,10900081,2,0,4,0,0,0,0,133850.0,568950.0,4231,3,3,2,0,1,2,4,3,2,0,4,0,0.0,0.0,0.0,0,0.0,0.0,8.0,6.0,5.0,11.0,4.0,8
4232,4232,90,82,569050.0,133850.0,10900082,2,0,4,0,0,0,0,133850.0,569050.0,4232,3,3,2,0,1,2,4,3,1,0,4,0,0.0,0.0,0.0,0,0.0,0.0,8.0,6.0,5.0,11.0,3.0,8
4233,4233,90,83,569150.0,133850.0,10900083,2,0,4,0,0,0,0,133850.0,569150.0,4233,3,3,2,0,0,1,4,3,1,0,4,0,0.0,0.0,0.0,0,0.0,0.0,8.0,6.0,3.0,11.0,3.0,8
4234,4234,90,84,569250.0,133850.0,10900084,3,0,4,0,0,0,0,133850.0,569250.0,4234,3,3,2,0,0,1,4,3,1,0,4,0,0.0,0.0,0.0,0,0.0,0.0,9.0,6.0,4.0,11.0,4.0,8
4235,4235,90,85,569350.0,133850.0,10900085,2,0,4,0,0,0,0,133850.0,569350.0,4235,3,4,2,0,0,2,4,3,1,0,4,0,0.0,0.0,0.0,0,0.0,0.0,9.0,6.0,4.0,11.0,3.0,8
4236,4236,90,86,569450.0,133850.0,10900086,2,0,4,0,0,0,0,133850.0,569450.0,4236,3,4,2,0,0,1,4,3,1,0,4,0,0.0,0.0,0.0,0,0.0,0.0,9.0,6.0,3.0,11.0,3.0,8
4237,4237,90,87,569550.0,133850.0,10900087,1,0,4,0,0,0,0,133850.0,569550.0,4237,3,4,1,0,0,0,4,3,1,1,4,0,0.0,0.0,0.0,0,0.0,0.0,8.0,5.0,1.0,11.0,3.0,8
4238,4238,90,88,569650.0,133850.0,10900088,1,0,4,0,0,0,0,133850.0,569650.0,4238,2,4,1,1,0,0,4,3,1,1,4,0,0.0,0.0,0.0,0,0.0,0.0,7.0,6.0,1.0,11.0,3.0,8
4239,4239,90,89,569750.0,133850.0,10900089,1,0,4,0,0,0,0,133850.0,569750.0,4239,1,3,1,1,0,0,4,3,0,1,4,0,0.0,0.0,0.0,0,0.0,0.0,5.0,6.0,1.0,11.0,2.0,8
4240,4240,90,90,569850.0,133850.0,10900090,1,0,4,0,0,0,0,133850.0,569850.0,4240,0,3,1,1,0,0,4,3,0,1,4,0,0.0,0.0,0.0,0,0.0,0.0,4.0,6.0,1.0,11.0,2.0,8
4241,4241,90,91,569950.0,133850.0,10900091,1,0,4,0,0,0,0,133850.0,569950.0,4241,0,3,1,1,0,0,4,3,0,1,4,0,1.0,0.0,0.0,0,0.0,0.0,4.0,6.0,2.0,11.0,2.0,8
4242,4242,90,92,570050.0,133850.0,10900092,1,0,4,0,0,0,0,133850.0,570050.0,4242,0,2,1,2,0,0,4,3,1,1,3,1,1.0,0.0,0.0,0,0.0,0.0,3.0,7.0,2.0,11.0,3.0,8
4243,4243,90,93,570150.0,133850.0,10900093,1,0,4,0,0,0,0,133850.0,570150.0,4243,0,2,1,2,0,0,4,3,1,1,3,1,1.0,0.0,0.0,0,0.0,0.0,3.0,7.0,2.0,11.0,3.0,8
4244,4244,90,94,570250.0,133850.0,10900094,2,0,4,0,0,0,0,133850.0,570250.0,4244,0,2,1,2,0,0,4,3,1,1,3,1,1.0,0.0,0.0,0,0.0,0.0,4.0,7.0,3.0,11.0,4.0,8
4245,4245,90,95,570350.0,133850.0,10900095,2,0,4,0,0,0,0,133850.0,570350.0,4245,0,2,1,2,0,0,4,3,1,1,3,1,2.25,0.0,0.0,0,0.0,0.0,4.0,7.0,4.25,11.0,4.0,8
4246,4246,90,96,570450.0,133850.0,10900096,2,0,4,0,0,0,0,133850.0,570450.0,4246,0,2,1,2,0,0,4,3,1,1,3,1,2.5,0.0,0.0,0,0.0,0.0,4.0,7.0,4.5,11.0,4.0,8
4247,4247,90,97,570550.0,133850.0,10900097,2,0,3,0,0,0,0,133850.0,570550.0,4247,0,2,1,2,0,0,4,3,1,1,3,1,2.5,0.0,0.0,0,0.0,0.0,4.0,6.0,4.5,10.0,4.0,7
4248,4248,90,98,570650.0,133850.0,10900098,1,0,3,0,0,0,0,133850.0,570650.0,4248,0,2,2,2,0,1,4,3,1,1,3,2,2.25,0.0,0.0,0,0.0,0.0,3.0,7.0,4.25,10.0,3.0,8
4249,4249,90,99,570750.0,133850.0,10900099,1,0,3,0,0,0,0,133850.0,570750.0,4249,0,2,2,2,1,1,4,3,1,1,3,2,2.25,0.0,0.0,0,0.0,0.0,3.0,7.0,5.25,10.0,3.0,8
4250,4250,90,100,570850.0,133850.0,10900100,2,0,3,0,0,0,0,133850.0,570850.0,4250,0,2,2,2,1,2,4,3,1,1,3,2,2.25,0.0,0.0,0,0.0,0.0,4.0,7.0,7.25,10.0,4.0,8
4251,4251,90,101,570950.0,133850.0,10900101,2,0,3,0,0,0,0,133850.0,570950.0,4251,0,3,2,2,2,2,4,3,1,1,3,2,2.25,0.0,0.0,0,0.0,0.0,5.0,7.0,8.25,10.0,4.0,8
4252,4252,90,102,571050.0,133850.0,10900102,1,0,3,0,0,0,0,133850.0,571050.0,4252,0,3,2,2,3,2,4,3,1,1,3,2,2.25,0.0,0.0,0,0.0,0.0,4.0,7.0,8.25,10.0,3.0,8
4253,4253,90,103,571150.0,133850.0,10900103,1,0,3,0,0,0,0,133850.0,571150.0,4253,0,3,2,2,3,2,4,3,1,1,3,2,2.25,0.0,0.0,0,0.0,0.0,4.0,7.0,8.25,10.0,3.0,8
4254,4254,90,104,571250.0,133850.0,10900104,0,0,3,0,0,0,0,133850.0,571250.0,4254,0,3,2,2,3,2,4,3,1,1,3,2,2.25,0.0,0.0,0,0.0,0.0,3.0,7.0,7.25,10.0,2.0,8
4255,4255,90,105,571350.0,133850.0,10900105,0,0,3,0,0,0,0,133850.0,571350.0,4255,0,3,2,2,2,2,4,3,1,1,3,2,2.5,0.0,0.0,0,0.0,0.0,3.0,7.0,6.5,10.0,2.0,8
4256,4256,90,106,571450.0,133850.0,10900106,0,0,3,0,0,0,0,133850.0,571450.0,4256,0,4,2,2,3,2,4,3,1,1,3,2,2.5,0.0,0.0,0,0.0,0.0,4.0,7.0,7.5,10.0,2.0,8
4257,4257,90,107,571550.0,133850.0,10900107,0,0,4,0,0,0,0,133850.0,571550.0,4257,1,4,2,2,4,3,4,3,1,1,3,2,2.5,0.0,0.0,0,0.0,0.0,5.0,8.0,9.5,11.0,2.0,9
4258,4258,90,108,571650.0,133850.0,10900108,1,0,4,0,0,0,0,133850.0,571650.0,4258,1,3,2,2,4,2,4,3,2,1,2,2,2.5,0.0,0.0,0,0.0,0.0,5.0,8.0,9.5,11.0,4.0,8
4259,4259,90,109,571750.0,133850.0,10900109,1,0,4,0,0,0,0,133850.0,571750.0,4259,2,3,2,2,4,1,4,3,2,1,2,2,2.5,0.0,0.0,0,0.0,0.0,6.0,8.0,8.5,11.0,4.0,8
4260,4260,90,110,571850.0,133850.0,10900110,1,0,4,0,0,0,0,133850.0,571850.0,4260,2,3,2,1,4,1,4,3,2,1,2,2,2.5,0.0,0.0,0,0.0,0.0,6.0,7.0,8.5,11.0,4.0,8
4261,4261,90,111,571950.0,133850.0,10900111,1,0,4,0,0,0,0,133850.0,571950.0,4261,2,3,2,1,4,1,4,3,2,1,2,2,2.5,0.0,0.0,0,0.0,0.0,6.0,7.0,8.5,11.0,4.0,8
4262,4262,90,112,572050.0,133850.0,10900112,1,0,4,0,0,0,0,133850.0,572050.0,4262,2,3,2,1,4,1,4,3,2,1,2,2,2.5,0.0,0.0,0,0.0,0.0,6.0,7.0,8.5,11.0,4.0,8
4263,4263,90,113,572150.0,133850.0,10900113,1,0,4,0,0,0,0,133850.0,572150.0,4263,2,3,2,1,4,1,4,3,2,1,2,2,2.5,0.0,0.0,0,0.0,0.0,6.0,7.0,8.5,11.0,4.0,8
4264,4264,91,32,564050.0,133750.0,10910032,4,0,4,0,0,0,0,133750.0,564050.0,4264,3,3,2,1,3,2,4,3,3,3,2,1,0.0,0.0,0.0,0,0.0,0.0,10.0,7.0,9.0,11.0,10.0,7
4265,4265,91,33,564150.0,133750.0,10910033,4,0,4,0,0,0,0,133750.0,564150.0,4265,3,3,2,1,3,2,4,3,3,3,2,1,0.0,0.0,0.0,0,0.0,0.0,10.0,7.0,9.0,11.0,10.0,7
4266,4266,91,34,564250.0,133750.0,10910034,4,0,4,0,0,0,0,133750.0,564250.0,4266,3,3,2,1,3,2,4,3,3,3,2,1,0.0,0.0,0.0,0,0.0,0.0,10.0,7.0,9.0,11.0,10.0,7
4267,4267,91,35,564350.0,133750.0,10910035,4,0,4,0,0,0,0,133750.0,564350.0,4267,3,2,2,1,3,2,4,3,3,3,2,1,0.0,0.0,0.0,0,0.0,0.0,9.0,7.0,9.0,11.0,10.0,7
4268,4268,91,36,564450.0,133750.0,10910036,4,0,4,0,0,0,0,133750.0,564450.0,4268,3,2,2,2,3,2,4,3,3,3,2,1,0.0,0.0,0.0,0,0.0,0.0,9.0,8.0,9.0,11.0,10.0,7
4269,4269,91,37,564550.0,133750.0,10910037,4,0,4,0,0,0,0,133750.0,564550.0,4269,3,2,2,2,3,2,4,3,3,3,2,1,0.0,0.0,0.0,0,0.0,0.0,9.0,8.0,9.0,11.0,10.0,7
4270,4270,91,38,564650.0,133750.0,10910038,4,0,4,0,0,0,0,133750.0,564650.0,4270,3,2,3,2,3,2,4,3,3,3,1,1,0.0,0.0,0.0,0,0.0,0.0,9.0,9.0,9.0,11.0,10.0,6
4271,4271,91,39,564750.0,133750.0,10910039,4,0,4,0,0,0,0,133750.0,564750.0,4271,3,2,3,2,3,2,4,3,3,3,1,0,0.0,0.0,0.0,0,0.0,0.0,9.0,9.0,9.0,11.0,10.0,5
4272,4272,91,40,564850.0,133750.0,10910040,4,0,4,0,0,0,0,133750.0,564850.0,4272,3,2,3,2,3,2,4,3,3,3,1,0,0.0,0.0,0.0,0,0.0,0.0,9.0,9.0,9.0,11.0,10.0,5
4273,4273,91,41,564950.0,133750.0,10910041,4,0,4,0,0,0,0,133750.0,564950.0,4273,2,2,3,2,3,2,4,3,3,3,1,0,0.0,0.0,0.0,0,0.0,0.0,8.0,9.0,9.0,11.0,10.0,5
4274,4274,91,42,565050.0,133750.0,10910042,4,0,4,0,0,0,0,133750.0,565050.0,4274,2,2,3,2,3,2,4,3,3,3,1,0,0.0,0.0,0.0,0,0.0,0.0,8.0,9.0,9.0,11.0,10.0,5
4275,4275,91,43,565150.0,133750.0,10910043,4,0,4,0,0,0,0,133750.0,565150.0,4275,2,1,3,2,3,2,4,3,3,3,1,0,0.0,0.0,0.0,0,0.0,0.0,7.0,9.0,9.0,11.0,10.0,5
4276,4276,91,44,565250.0,133750.0,10910044,4,0,4,0,0,0,0,133750.0,565250.0,4276,1,1,3,2,4,2,4,3,2,3,1,0,0.0,0.0,0.0,0,0.0,0.0,6.0,9.0,10.0,11.0,9.0,5
4277,4277,91,45,565350.0,133750.0,10910045,4,0,4,0,0,0,0,133750.0,565350.0,4277,1,1,3,2,4,2,4,3,1,2,1,1,0.0,0.0,0.0,0,0.0,0.0,6.0,9.0,10.0,11.0,7.0,6
4278,4278,91,46,565450.0,133750.0,10910046,4,0,4,0,0,0,0,133750.0,565450.0,4278,1,1,3,2,4,2,4,3,3,3,1,1,0.0,0.0,0.0,0,0.0,0.0,6.0,9.0,10.0,11.0,10.0,6
4279,4279,91,47,565550.0,133750.0,10910047,3,0,4,0,0,0,0,133750.0,565550.0,4279,1,1,3,2,4,2,4,3,3,4,1,1,0.0,0.0,0.0,0,0.0,0.0,5.0,9.0,9.0,11.0,10.0,6
4280,4280,91,48,565650.0,133750.0,10910048,3,0,4,0,0,0,0,133750.0,565650.0,4280,1,1,3,3,4,2,4,3,4,4,1,1,0.0,0.0,0.0,0,0.0,0.0,5.0,10.0,9.0,11.0,11.0,6
4281,4281,91,49,565750.0,133750.0,10910049,3,0,4,0,0,0,0,133750.0,565750.0,4281,1,1,2,3,4,3,4,3,4,4,1,1,0.0,0.0,0.0,0,0.0,0.0,5.0,9.0,10.0,11.0,11.0,6
4282,4282,91,50,565850.0,133750.0,10910050,2,0,4,0,0,0,0,133750.0,565850.0,4282,0,1,1,3,4,3,4,3,4,3,1,1,0.0,0.0,0.0,0,0.0,0.0,3.0,8.0,9.0,11.0,9.0,6
4283,4283,91,51,565950.0,133750.0,10910051,2,0,4,0,0,0,0,133750.0,565950.0,4283,0,1,1,3,4,4,0,3,4,2,1,1,0.0,0.0,0.0,0,0.0,0.0,3.0,8.0,10.0,7.0,8.0,6
4284,4284,91,52,566050.0,133750.0,10910052,2,0,4,0,0,0,0,133750.0,566050.0,4284,0,2,1,3,4,4,0,3,4,1,1,1,0.0,0.0,0.0,0,0.0,0.0,4.0,8.0,10.0,7.0,7.0,6
4285,4285,91,53,566150.0,133750.0,10910053,2,0,3,0,0,0,0,133750.0,566150.0,4285,0,2,1,3,4,4,0,4,4,1,1,1,0.0,0.0,0.0,0,0.0,0.0,4.0,7.0,10.0,7.0,7.0,5
4286,4286,91,54,566250.0,133750.0,10910054,2,0,3,0,0,0,0,133750.0,566250.0,4286,0,3,0,3,4,4,0,4,4,1,1,1,0.0,0.0,0.0,0,0.0,0.0,5.0,6.0,10.0,7.0,7.0,5
4287,4287,91,55,566350.0,133750.0,10910055,1,0,2,0,0,0,0,133750.0,566350.0,4287,0,3,0,3,4,4,0,4,4,1,1,1,0.0,0.0,0.0,0,0.0,0.0,4.0,5.0,9.0,6.0,6.0,4
4288,4288,91,56,566450.0,133750.0,10910056,1,0,2,0,0,0,0,133750.0,566450.0,4288,0,4,0,4,4,4,0,4,4,1,1,1,0.0,0.0,0.0,0,1.0,0.0,6.0,6.0,9.0,6.0,6.0,4
4289,4289,91,57,566550.0,133750.0,10910057,0,0,1,0,0,0,0,133750.0,566550.0,4289,0,4,0,4,4,4,0,0,4,1,1,1,0.0,0.0,0.0,0,1.75,0.0,5.75,5.0,8.0,1.0,5.0,3
4290,4290,91,58,566650.0,133750.0,10910058,0,0,1,0,0,0,0,133750.0,566650.0,4290,0,4,0,4,4,4,0,0,4,1,1,1,0.0,0.0,0.0,0,2.5,0.0,6.5,5.0,8.0,1.0,5.0,3
4291,4291,91,59,566750.0,133750.0,10910059,0,0,0,0,0,0,0,133750.0,566750.0,4291,0,4,0,4,2,4,0,0,4,3,1,1,0.0,0.0,0.0,0,2.5,0.0,6.5,4.0,6.0,0.0,7.0,2
4292,4292,91,60,566850.0,133750.0,10910060,0,0,0,0,0,0,0,133750.0,566850.0,4292,0,4,0,4,0,2,0,0,4,4,1,1,0.0,0.0,0.0,0,2.5,0.0,6.5,4.0,2.0,0.0,8.0,2
4293,4293,91,61,566950.0,133750.0,10910061,0,0,0,0,0,0,0,133750.0,566950.0,4293,0,3,0,4,0,0,0,0,3,3,2,1,0.0,0.0,0.0,0,2.5,0.0,5.5,4.0,0.0,0.0,6.0,3
4294,4294,91,62,567050.0,133750.0,10910062,0,0,0,0,0,0,0,133750.0,567050.0,4294,0,2,0,4,0,0,0,0,2,1,2,1,0.0,0.0,0.0,0,2.5,0.0,4.5,4.0,0.0,0.0,3.0,3
4295,4295,91,63,567150.0,133750.0,10910063,1,1,1,0,0,0,0,133750.0,567150.0,4295,1,2,0,4,0,0,0,0,2,0,2,1,0.0,0.0,0.0,0,2.5,0.0,7.5,5.0,2.0,1.0,4.0,4
4296,4296,91,64,567250.0,133750.0,10910064,1,1,1,0,0,0,0,133750.0,567250.0,4296,2,1,0,4,0,0,0,0,2,0,2,1,0.0,0.0,1.0,0,2.5,0.0,7.5,5.0,2.0,1.0,5.0,4
4297,4297,91,65,567350.0,133750.0,10910065,1,0,2,0,0,0,0,133750.0,567350.0,4297,2,1,0,4,0,0,0,4,1,0,2,1,0.0,0.0,1.0,0,2.5,0.0,6.5,6.0,1.0,6.0,3.0,5
4298,4298,91,66,567450.0,133750.0,10910066,0,0,2,0,0,0,0,133750.0,567450.0,4298,3,2,0,3,0,0,0,4,0,0,3,1,0.0,0.0,1.0,0,2.5,0.0,7.5,5.0,0.0,6.0,1.0,6
4299,4299,91,67,567550.0,133750.0,10910067,0,0,3,0,0,0,0,133750.0,567550.0,4299,3,2,0,3,0,0,0,4,0,0,3,1,0.0,0.0,1.0,0,2.5,0.0,7.5,6.0,0.0,7.0,1.0,7
4300,4300,91,68,567650.0,133750.0,10910068,0,0,3,0,0,0,0,133750.0,567650.0,4300,3,3,1,3,0,0,0,4,0,0,3,1,0.0,0.0,1.0,0,2.5,0.0,8.5,7.0,0.0,7.0,1.0,7
4301,4301,91,69,567750.0,133750.0,10910069,0,0,3,0,0,0,0,133750.0,567750.0,4301,3,3,1,3,0,0,0,4,0,0,3,1,0.0,0.0,0.0,0,2.5,0.0,8.5,7.0,0.0,7.0,0.0,7
4302,4302,91,70,567850.0,133750.0,10910070,0,0,3,0,0,0,0,133750.0,567850.0,4302,3,3,1,3,0,0,0,3,0,0,3,1,1.0,0.0,0.0,0,2.5,0.0,8.5,7.0,1.0,6.0,0.0,7
4303,4303,91,71,567950.0,133750.0,10910071,0,0,3,0,0,0,0,133750.0,567950.0,4303,3,3,1,3,0,0,4,3,0,0,3,1,1.0,0.0,0.0,0,2.5,0.0,8.5,7.0,1.0,10.0,0.0,7
4304,4304,91,72,568050.0,133750.0,10910072,0,0,3,0,0,0,0,133750.0,568050.0,4304,3,4,1,2,0,0,4,3,0,0,3,1,0.0,0.0,0.0,0,2.5,0.0,9.5,6.0,0.0,10.0,0.0,7
4305,4305,91,73,568150.0,133750.0,10910073,1,0,4,0,0,0,0,133750.0,568150.0,4305,3,4,1,2,0,1,4,3,0,0,3,1,0.0,0.0,0.0,0,1.5,0.0,9.5,7.0,2.0,11.0,1.0,8
4306,4306,91,74,568250.0,133750.0,10910074,1,0,4,0,0,0,0,133750.0,568250.0,4306,3,4,2,1,0,1,4,3,3,1,3,1,0.0,0.0,0.0,0,1.5,0.0,9.5,7.0,2.0,11.0,5.0,8
4307,4307,91,75,568350.0,133750.0,10910075,1,0,4,0,0,0,0,133750.0,568350.0,4307,3,4,2,1,1,2,4,3,3,1,3,1,0.0,0.0,0.0,0,0.75,0.0,8.75,7.0,4.0,11.0,5.0,8
4308,4308,91,76,568450.0,133750.0,10910076,1,0,4,0,0,0,0,133750.0,568450.0,4308,3,4,2,1,1,2,4,3,3,2,3,1,0.0,0.0,0.0,0,0.0,0.0,8.0,7.0,4.0,11.0,6.0,8
4309,4309,91,77,568550.0,133750.0,10910077,1,0,4,0,0,0,0,133750.0,568550.0,4309,3,4,2,0,1,2,4,3,3,1,3,1,0.0,0.0,0.0,0,0.0,0.0,8.0,6.0,4.0,11.0,5.0,8
4310,4310,91,78,568650.0,133750.0,10910078,1,0,4,0,0,0,0,133750.0,568650.0,4310,3,4,2,0,1,2,4,3,3,1,3,0,0.0,0.0,0.0,0,0.0,0.0,8.0,6.0,4.0,11.0,5.0,7
4311,4311,91,79,568750.0,133750.0,10910079,1,0,4,0,0,0,0,133750.0,568750.0,4311,3,3,2,0,0,1,4,3,3,1,4,0,0.0,0.0,0.0,0,0.0,0.0,7.0,6.0,2.0,11.0,5.0,8
4312,4312,91,80,568850.0,133750.0,10910080,1,0,4,0,0,0,0,133750.0,568850.0,4312,3,3,2,0,0,1,4,3,2,1,4,0,0.0,0.0,0.0,0,0.0,0.0,7.0,6.0,2.0,11.0,4.0,8
4313,4313,91,81,568950.0,133750.0,10910081,2,0,4,0,0,0,0,133750.0,568950.0,4313,3,3,2,0,0,1,4,3,1,0,4,0,0.0,0.0,0.0,0,0.0,0.0,8.0,6.0,3.0,11.0,3.0,8
4314,4314,91,82,569050.0,133750.0,10910082,2,0,4,0,0,0,0,133750.0,569050.0,4314,3,3,2,0,0,1,4,3,1,0,4,0,0.0,0.0,0.0,0,0.0,0.0,8.0,6.0,3.0,11.0,3.0,8
4315,4315,91,83,569150.0,133750.0,10910083,3,0,4,0,0,0,0,133750.0,569150.0,4315,3,3,2,0,0,1,4,3,1,0,4,0,0.0,0.0,0.0,0,0.0,0.0,9.0,6.0,4.0,11.0,4.0,8
4316,4316,91,84,569250.0,133750.0,10910084,3,0,4,0,0,0,0,133750.0,569250.0,4316,3,3,2,0,0,1,4,3,1,0,4,0,0.0,0.0,0.0,0,0.0,0.0,9.0,6.0,4.0,11.0,4.0,8
4317,4317,91,85,569350.0,133750.0,10910085,3,0,4,0,0,0,0,133750.0,569350.0,4317,3,3,1,1,0,1,4,3,1,0,4,0,0.0,0.0,0.0,0,0.0,0.0,9.0,6.0,4.0,11.0,4.0,8
4318,4318,91,86,569450.0,133750.0,10910086,2,0,4,0,0,0,0,133750.0,569450.0,4318,3,3,1,1,0,1,4,3,1,1,4,0,0.0,0.0,0.0,0,0.0,0.0,8.0,6.0,3.0,11.0,4.0,8
4319,4319,91,87,569550.0,133750.0,10910087,2,0,4,0,0,0,0,133750.0,569550.0,4319,2,3,1,1,0,0,4,3,1,1,4,0,0.0,0.0,0.0,0,0.0,0.0,7.0,6.0,2.0,11.0,4.0,8
4320,4320,91,88,569650.0,133750.0,10910088,2,0,4,0,0,0,0,133750.0,569650.0,4320,2,3,1,2,0,0,4,3,1,1,4,0,0.0,0.0,0.0,0,0.0,0.0,7.0,7.0,2.0,11.0,4.0,8
4321,4321,91,89,569750.0,133750.0,10910089,1,0,4,0,0,0,0,133750.0,569750.0,4321,1,3,1,2,0,0,4,3,1,1,4,0,0.0,0.0,0.0,0,0.0,0.0,5.0,7.0,1.0,11.0,3.0,8
4322,4322,91,90,569850.0,133750.0,10910090,1,0,4,0,0,0,0,133750.0,569850.0,4322,0,2,1,2,0,0,4,3,1,1,3,1,0.0,0.0,0.0,0,0.0,0.0,3.0,7.0,1.0,11.0,3.0,8
4323,4323,91,91,569950.0,133750.0,10910091,1,0,4,0,0,0,0,133750.0,569950.0,4323,0,2,1,2,0,0,4,3,1,1,3,1,1.0,0.0,0.0,0,0.0,0.0,3.0,7.0,2.0,11.0,3.0,8
4324,4324,91,92,570050.0,133750.0,10910092,1,0,4,0,0,0,0,133750.0,570050.0,4324,0,2,1,2,0,0,4,3,1,1,3,1,1.0,0.0,0.0,0,0.0,0.0,3.0,7.0,2.0,11.0,3.0,8
4325,4325,91,93,570150.0,133750.0,10910093,2,0,4,0,0,0,0,133750.0,570150.0,4325,0,2,1,2,0,0,4,3,1,1,3,1,1.0,0.0,0.0,0,0.0,0.0,4.0,7.0,3.0,11.0,4.0,8
4326,4326,91,94,570250.0,133750.0,10910094,2,0,4,0,0,0,0,133750.0,570250.0,4326,0,2,1,2,0,0,4,3,1,1,3,1,1.0,0.0,0.0,0,0.0,0.0,4.0,7.0,3.0,11.0,4.0,8
4327,4327,91,95,570350.0,133750.0,10910095,2,0,4,0,0,0,0,133750.0,570350.0,4327,0,1,1,2,0,0,4,3,1,1,3,1,2.25,0.0,0.0,0,0.0,0.0,3.0,7.0,4.25,11.0,4.0,8
4328,4328,91,96,570450.0,133750.0,10910096,2,0,3,0,0,0,0,133750.0,570450.0,4328,0,1,1,2,0,0,4,3,1,1,3,1,2.5,0.0,0.0,0,0.0,0.0,3.0,6.0,4.5,10.0,4.0,7
4329,4329,91,97,570550.0,133750.0,10910097,2,0,3,0,0,0,0,133750.0,570550.0,4329,0,1,1,2,0,0,4,3,1,1,3,2,2.5,0.0,0.0,0,0.0,0.0,3.0,6.0,4.5,10.0,4.0,8
4330,4330,91,98,570650.0,133750.0,10910098,2,0,3,0,0,0,0,133750.0,570650.0,4330,0,2,1,2,1,1,4,3,1,1,3,2,2.5,0.0,0.0,0,0.0,0.0,4.0,6.0,6.5,10.0,4.0,8
4331,4331,91,99,570750.0,133750.0,10910099,2,0,2,0,0,0,0,133750.0,570750.0,4331,0,2,2,2,2,2,4,3,1,1,3,2,2.5,0.0,0.0,0,0.0,0.0,4.0,6.0,8.5,9.0,4.0,7
4332,4332,91,100,570850.0,133750.0,10910100,2,0,2,0,0,0,0,133750.0,570850.0,4332,0,2,2,2,3,2,4,3,1,1,3,2,2.5,0.0,0.0,0,0.0,0.0,4.0,6.0,9.5,9.0,4.0,7
4333,4333,91,101,570950.0,133750.0,10910101,2,0,2,0,0,0,0,133750.0,570950.0,4333,0,3,2,2,3,3,4,3,1,1,3,2,2.5,0.0,0.0,0,0.0,0.0,5.0,6.0,10.5,9.0,4.0,7
4334,4334,91,102,571050.0,133750.0,10910102,1,0,2,0,0,0,0,133750.0,571050.0,4334,0,3,2,2,4,3,4,3,1,1,3,2,2.5,0.0,0.0,0,0.0,0.0,4.0,6.0,10.5,9.0,3.0,7
4335,4335,91,103,571150.0,133750.0,10910103,1,0,2,0,0,0,0,133750.0,571150.0,4335,0,3,2,2,4,2,4,3,1,1,3,2,2.5,0.0,0.0,0,0.0,0.0,4.0,6.0,9.5,9.0,3.0,7
4336,4336,91,104,571250.0,133750.0,10910104,0,0,2,0,0,0,0,133750.0,571250.0,4336,0,3,2,2,4,2,4,3,1,1,3,2,2.5,0.0,0.0,0,0.0,0.0,3.0,6.0,8.5,9.0,2.0,7
4337,4337,91,105,571350.0,133750.0,10910105,0,0,3,0,0,0,0,133750.0,571350.0,4337,0,3,2,2,4,2,4,3,1,1,3,2,2.5,0.0,0.0,0,0.0,0.0,3.0,7.0,8.5,10.0,2.0,8
4338,4338,91,106,571450.0,133750.0,10910106,0,0,3,0,0,0,0,133750.0,571450.0,4338,0,4,2,2,4,2,4,3,1,1,3,2,2.5,0.0,0.0,0,0.0,0.0,4.0,7.0,8.5,10.0,2.0,8
4339,4339,91,107,571550.0,133750.0,10910107,0,0,3,0,0,0,0,133750.0,571550.0,4339,1,4,2,2,4,2,4,3,1,1,3,2,2.5,0.0,0.0,0,0.0,0.0,5.0,7.0,8.5,10.0,2.0,8
4340,4340,91,108,571650.0,133750.0,10910108,1,0,4,0,0,0,0,133750.0,571650.0,4340,1,3,2,2,4,1,4,3,2,1,2,2,2.5,0.0,0.0,0,0.0,0.0,5.0,8.0,8.5,11.0,4.0,8
4341,4341,91,109,571750.0,133750.0,10910109,1,0,4,0,0,0,0,133750.0,571750.0,4341,2,3,2,2,4,1,4,3,2,1,2,2,2.5,0.0,0.0,0,0.0,0.0,6.0,8.0,8.5,11.0,4.0,8
4342,4342,91,110,571850.0,133750.0,10910110,1,0,4,0,0,0,0,133750.0,571850.0,4342,2,3,2,2,4,1,4,3,2,1,2,2,2.5,0.0,0.0,0,0.0,0.0,6.0,8.0,8.5,11.0,4.0,8
4343,4343,91,111,571950.0,133750.0,10910111,1,0,4,0,0,0,0,133750.0,571950.0,4343,2,3,2,1,4,1,4,3,2,1,2,2,2.5,0.0,0.0,0,0.0,0.0,6.0,7.0,8.5,11.0,4.0,8
4344,4344,91,112,572050.0,133750.0,10910112,1,0,4,0,0,0,0,133750.0,572050.0,4344,2,3,2,1,4,1,4,3,2,1,2,2,2.5,0.0,0.0,0,0.0,0.0,6.0,7.0,8.5,11.0,4.0,8
4345,4345,91,113,572150.0,133750.0,10910113,1,0,4,0,0,0,0,133750.0,572150.0,4345,2,2,2,1,4,1,4,3,2,1,2,2,2.5,0.0,0.0,0,0.0,0.0,5.0,7.0,8.5,11.0,4.0,8
4346,4346,92,32,564050.0,133650.0,10920032,4,0,4,0,0,0,0,133650.0,564050.0,4346,3,3,2,1,3,2,4,3,3,3,2,1,0.0,0.0,0.0,0,0.0,0.0,10.0,7.0,9.0,11.0,10.0,7
4347,4347,92,33,564150.0,133650.0,10920033,4,0,4,0,0,0,0,133650.0,564150.0,4347,3,3,2,1,3,2,4,3,3,3,2,1,0.0,0.0,0.0,0,0.0,0.0,10.0,7.0,9.0,11.0,10.0,7
4348,4348,92,34,564250.0,133650.0,10920034,4,0,4,0,0,0,0,133650.0,564250.0,4348,3,3,2,1,3,2,4,3,3,3,2,1,0.0,0.0,0.0,0,0.0,0.0,10.0,7.0,9.0,11.0,10.0,7
4349,4349,92,35,564350.0,133650.0,10920035,4,0,4,0,0,0,0,133650.0,564350.0,4349,3,3,2,1,3,2,4,3,3,3,2,1,0.0,0.0,0.0,0,0.0,0.0,10.0,7.0,9.0,11.0,10.0,7
4350,4350,92,36,564450.0,133650.0,10920036,4,0,4,0,0,0,0,133650.0,564450.0,4350,3,2,2,1,3,2,4,3,3,3,2,1,0.0,0.0,0.0,0,0.0,0.0,9.0,7.0,9.0,11.0,10.0,7
4351,4351,92,37,564550.0,133650.0,10920037,4,0,4,0,0,0,0,133650.0,564550.0,4351,3,2,2,2,3,2,4,3,3,3,2,1,0.0,0.0,0.0,0,0.0,0.0,9.0,8.0,9.0,11.0,10.0,7
4352,4352,92,38,564650.0,133650.0,10920038,4,0,4,0,0,0,0,133650.0,564650.0,4352,3,2,2,2,3,2,4,3,3,3,2,1,0.0,0.0,0.0,0,0.0,0.0,9.0,8.0,9.0,11.0,10.0,7
4353,4353,92,39,564750.0,133650.0,10920039,4,0,4,0,0,0,0,133650.0,564750.0,4353,3,2,3,2,3,2,4,3,3,3,1,1,0.0,0.0,0.0,0,0.0,0.0,9.0,9.0,9.0,11.0,10.0,6
4354,4354,92,40,564850.0,133650.0,10920040,4,0,4,0,0,0,0,133650.0,564850.0,4354,3,2,3,2,3,2,4,3,3,3,1,0,0.0,0.0,0.0,0,0.0,0.0,9.0,9.0,9.0,11.0,10.0,5
4355,4355,92,41,564950.0,133650.0,10920041,4,0,4,0,0,0,0,133650.0,564950.0,4355,3,2,3,2,3,2,4,3,3,3,1,0,0.0,0.0,0.0,0,0.0,0.0,9.0,9.0,9.0,11.0,10.0,5
4356,4356,92,42,565050.0,133650.0,10920042,4,0,4,0,0,0,0,133650.0,565050.0,4356,2,2,3,2,3,1,4,3,3,3,1,0,0.0,0.0,0.0,0,0.0,0.0,8.0,9.0,8.0,11.0,10.0,5
4357,4357,92,43,565150.0,133650.0,10920043,4,0,4,0,0,0,0,133650.0,565150.0,4357,2,2,3,2,3,2,4,3,3,3,1,0,0.0,0.0,0.0,0,0.0,0.0,8.0,9.0,9.0,11.0,10.0,5
4358,4358,92,44,565250.0,133650.0,10920044,4,0,4,0,0,0,0,133650.0,565250.0,4358,2,1,3,2,4,2,4,3,2,3,1,0,0.0,0.0,0.0,0,0.0,0.0,7.0,9.0,10.0,11.0,9.0,5
4359,4359,92,45,565350.0,133650.0,10920045,4,0,4,0,0,0,0,133650.0,565350.0,4359,1,1,3,2,4,2,4,3,1,2,1,0,0.0,0.0,0.0,0,0.0,0.0,6.0,9.0,10.0,11.0,7.0,5
4360,4360,92,46,565450.0,133650.0,10920046,4,0,4,0,0,0,0,133650.0,565450.0,4360,1,1,3,2,4,2,4,3,2,2,1,1,0.0,0.0,0.0,0,0.0,0.0,6.0,9.0,10.0,11.0,8.0,6
4361,4361,92,47,565550.0,133650.0,10920047,4,0,4,0,0,0,0,133650.0,565550.0,4361,1,1,3,2,4,2,4,3,3,3,1,1,0.0,0.0,0.0,0,0.0,0.0,6.0,9.0,10.0,11.0,10.0,6
4362,4362,92,48,565650.0,133650.0,10920048,3,0,4,0,0,0,0,133650.0,565650.0,4362,1,1,3,2,4,2,4,3,3,4,1,1,0.0,0.0,0.0,0,0.0,0.0,5.0,9.0,9.0,11.0,10.0,6
4363,4363,92,49,565750.0,133650.0,10920049,3,0,4,0,0,0,0,133650.0,565750.0,4363,1,1,2,3,4,2,4,3,4,4,1,1,0.0,0.0,0.0,0,0.0,0.0,5.0,9.0,9.0,11.0,11.0,6
4364,4364,92,50,565850.0,133650.0,10920050,3,0,4,0,0,0,0,133650.0,565850.0,4364,0,1,1,3,4,2,4,3,4,4,1,1,0.0,0.0,0.0,0,0.0,0.0,4.0,8.0,9.0,11.0,11.0,6
4365,4365,92,51,565950.0,133650.0,10920051,2,0,4,0,0,0,0,133650.0,565950.0,4365,0,2,1,3,4,2,0,3,4,3,1,1,0.0,0.0,0.0,0,0.0,0.0,4.0,8.0,8.0,7.0,9.0,6
4366,4366,92,52,566050.0,133650.0,10920052,2,0,4,0,0,0,0,133650.0,566050.0,4366,0,2,1,3,4,3,0,3,4,3,1,1,0.0,0.0,0.0,0,0.0,0.0,4.0,8.0,9.0,7.0,9.0,6
4367,4367,92,53,566150.0,133650.0,10920053,2,0,3,0,0,0,0,133650.0,566150.0,4367,0,3,1,3,4,4,0,4,4,2,1,1,0.0,0.0,0.0,0,0.0,0.0,5.0,7.0,10.0,7.0,8.0,5
4368,4368,92,54,566250.0,133650.0,10920054,1,0,3,0,0,0,0,133650.0,566250.0,4368,0,3,0,3,4,4,0,4,4,2,1,1,0.0,0.0,0.0,0,0.0,0.0,4.0,6.0,9.0,7.0,7.0,5
4369,4369,92,55,566350.0,133650.0,10920055,1,0,2,0,0,0,0,133650.0,566350.0,4369,0,3,0,3,4,4,0,4,4,3,1,1,0.0,0.0,0.0,0,0.0,0.0,4.0,5.0,9.0,6.0,8.0,4
4370,4370,92,56,566450.0,133650.0,10920056,0,0,2,0,0,0,0,133650.0,566450.0,4370,0,4,0,4,4,4,0,4,4,3,1,1,0.0,0.0,0.0,0,0.0,0.0,4.0,6.0,8.0,6.0,7.0,4
4371,4371,92,57,566550.0,133650.0,10920057,0,0,1,0,0,0,0,133650.0,566550.0,4371,0,4,0,4,3,4,0,0,4,4,1,1,0.0,0.0,0.0,0,1.0,0.0,5.0,5.0,7.0,1.0,8.0,3
4372,4372,92,58,566650.0,133650.0,10920058,0,0,1,0,0,0,0,133650.0,566650.0,4372,0,4,0,4,1,4,0,0,4,4,1,1,0.0,0.0,0.0,0,2.25,0.0,6.25,5.0,5.0,1.0,8.0,3
4373,4373,92,59,566750.0,133650.0,10920059,0,0,0,0,0,0,0,133650.0,566750.0,4373,0,4,0,4,0,1,0,0,4,4,1,1,0.0,0.0,0.0,0,2.5,0.0,6.5,4.0,1.0,0.0,8.0,2
4374,4374,92,60,566850.0,133650.0,10920060,0,0,0,0,0,0,0,133650.0,566850.0,4374,0,4,0,4,0,0,0,0,3,4,1,1,0.0,0.0,0.0,0,2.5,0.0,6.5,4.0,0.0,0.0,7.0,2
4375,4375,92,61,566950.0,133650.0,10920061,0,0,0,0,0,0,0,133650.0,566950.0,4375,0,4,0,4,0,0,0,0,0,4,2,1,0.0,0.0,0.0,0,2.5,0.0,6.5,4.0,0.0,0.0,4.0,3
4376,4376,92,62,567050.0,133650.0,10920062,0,0,0,0,0,0,0,133650.0,567050.0,4376,0,3,0,4,0,0,0,0,0,3,2,1,0.0,0.0,0.0,0,2.5,0.0,5.5,4.0,0.0,0.0,3.0,3
4377,4377,92,63,567150.0,133650.0,10920063,1,0,1,0,0,0,0,133650.0,567150.0,4377,1,3,0,4,0,0,0,0,0,2,2,1,0.0,0.0,0.0,0,2.5,0.0,7.5,5.0,1.0,1.0,3.0,4
4378,4378,92,64,567250.0,133650.0,10920064,1,0,1,0,0,0,0,133650.0,567250.0,4378,2,2,0,4,0,0,0,0,0,1,2,1,0.0,0.0,1.0,0,2.5,0.0,7.5,5.0,1.0,1.0,3.0,4
4379,4379,92,65,567350.0,133650.0,10920065,0,0,2,0,0,0,0,133650.0,567350.0,4379,2,2,0,4,0,0,0,4,0,1,2,1,0.0,0.0,0.0,0,2.5,0.0,6.5,6.0,0.0,6.0,1.0,5
4380,4380,92,66,567450.0,133650.0,10920066,0,0,2,0,0,0,0,133650.0,567450.0,4380,2,2,0,3,0,0,0,4,0,0,3,1,0.0,0.0,0.0,0,2.5,0.0,6.5,5.0,0.0,6.0,0.0,6
4381,4381,92,67,567550.0,133650.0,10920067,0,0,3,0,0,0,0,133650.0,567550.0,4381,3,3,0,3,0,0,0,4,0,0,3,1,0.0,0.0,0.0,0,2.5,0.0,8.5,6.0,0.0,7.0,0.0,7
4382,4382,92,68,567650.0,133650.0,10920068,1,0,3,0,0,0,0,133650.0,567650.0,4382,3,3,1,3,0,0,0,4,0,0,3,1,0.0,0.0,0.0,0,2.5,0.0,9.5,7.0,1.0,7.0,1.0,7
4383,4383,92,69,567750.0,133650.0,10920069,0,0,3,0,0,0,0,133650.0,567750.0,4383,3,3,1,3,0,0,0,4,0,0,3,1,0.0,0.0,0.0,0,2.5,0.0,8.5,7.0,0.0,7.0,0.0,7
4384,4384,92,70,567850.0,133650.0,10920070,0,0,3,0,0,0,0,133650.0,567850.0,4384,3,3,1,3,0,0,0,3,0,0,3,1,1.0,0.0,0.0,0,2.5,0.0,8.5,7.0,1.0,6.0,0.0,7
4385,4385,92,71,567950.0,133650.0,10920071,0,0,4,0,0,0,0,133650.0,567950.0,4385,3,4,1,3,0,0,4,3,0,0,3,1,0.0,0.0,0.0,0,2.5,0.0,9.5,8.0,0.0,11.0,0.0,8
4386,4386,92,72,568050.0,133650.0,10920072,1,0,4,0,0,0,0,133650.0,568050.0,4386,3,4,1,2,0,0,4,3,0,0,3,1,0.0,0.0,0.0,0,2.5,0.0,10.5,7.0,1.0,11.0,1.0,8
4387,4387,92,73,568150.0,133650.0,10920073,1,0,4,0,0,0,0,133650.0,568150.0,4387,3,4,1,2,0,1,4,3,1,1,3,1,0.0,0.0,0.0,0,1.5,0.0,9.5,7.0,2.0,11.0,3.0,8
4388,4388,92,74,568250.0,133650.0,10920074,2,0,4,0,0,0,0,133650.0,568250.0,4388,3,4,2,1,0,1,4,3,3,1,3,1,0.0,0.0,0.0,0,1.5,0.0,10.5,7.0,3.0,11.0,6.0,8
4389,4389,92,75,568350.0,133650.0,10920075,1,0,4,0,0,0,0,133650.0,568350.0,4389,3,4,2,1,1,2,4,3,3,2,3,1,0.0,0.0,0.0,0,0.75,0.0,8.75,7.0,4.0,11.0,6.0,8
4390,4390,92,76,568450.0,133650.0,10920076,1,0,4,0,0,0,0,133650.0,568450.0,4390,3,4,2,1,0,1,4,3,3,1,3,1,0.0,0.0,0.0,0,0.0,0.0,8.0,7.0,2.0,11.0,5.0,8
4391,4391,92,77,568550.0,133650.0,10920077,1,0,4,0,0,0,0,133650.0,568550.0,4391,3,4,2,1,0,1,4,3,3,1,3,1,0.0,0.0,0.0,0,0.0,0.0,8.0,7.0,2.0,11.0,5.0,8
4392,4392,92,78,568650.0,133650.0,10920078,1,0,4,0,0,0,0,133650.0,568650.0,4392,3,3,2,0,0,1,4,3,3,1,3,1,0.0,0.0,0.0,0,0.0,0.0,7.0,6.0,2.0,11.0,5.0,8
4393,4393,92,79,568750.0,133650.0,10920079,1,0,4,0,0,0,0,133650.0,568750.0,4393,3,3,2,0,0,1,4,3,2,1,3,1,0.0,0.0,0.0,0,0.0,0.0,7.0,6.0,2.0,11.0,4.0,8
4394,4394,92,80,568850.0,133650.0,10920080,2,0,4,0,0,0,0,133650.0,568850.0,4394,3,3,2,0,0,1,4,3,1,1,4,1,0.0,0.0,0.0,0,0.0,0.0,8.0,6.0,3.0,11.0,4.0,9
4395,4395,92,81,568950.0,133650.0,10920081,2,0,4,0,0,0,0,133650.0,568950.0,4395,3,3,2,0,0,1,4,3,1,0,4,1,0.0,0.0,0.0,0,0.0,0.0,8.0,6.0,3.0,11.0,3.0,9
4396,4396,92,82,569050.0,133650.0,10920082,2,0,4,0,0,0,0,133650.0,569050.0,4396,3,3,2,0,0,1,4,3,1,0,4,0,0.0,0.0,0.0,0,0.0,0.0,8.0,6.0,3.0,11.0,3.0,8
4397,4397,92,83,569150.0,133650.0,10920083,3,0,4,0,0,0,0,133650.0,569150.0,4397,3,3,1,1,0,1,4,3,1,0,4,0,0.0,0.0,0.0,0,0.0,0.0,9.0,6.0,4.0,11.0,4.0,8
4398,4398,92,84,569250.0,133650.0,10920084,3,0,4,0,0,0,0,133650.0,569250.0,4398,3,3,1,1,0,1,4,3,1,0,4,0,0.0,0.0,0.0,0,0.0,0.0,9.0,6.0,4.0,11.0,4.0,8
4399,4399,92,85,569350.0,133650.0,10920085,3,0,4,0,0,0,0,133650.0,569350.0,4399,3,3,1,1,0,1,4,3,1,0,4,0,0.0,0.0,0.0,0,0.0,0.0,9.0,6.0,4.0,11.0,4.0,8
4400,4400,92,86,569450.0,133650.0,10920086,2,0,4,0,0,0,0,133650.0,569450.0,4400,3,3,1,2,0,1,4,3,1,1,4,0,0.0,0.0,0.0,0,0.0,0.0,8.0,7.0,3.0,11.0,4.0,8
4401,4401,92,87,569550.0,133650.0,10920087,2,0,4,0,0,0,0,133650.0,569550.0,4401,2,3,1,2,0,0,4,3,1,1,4,1,0.0,0.0,0.0,0,0.0,0.0,7.0,7.0,2.0,11.0,4.0,9
4402,4402,92,88,569650.0,133650.0,10920088,2,0,4,0,0,0,0,133650.0,569650.0,4402,1,3,1,2,0,0,4,0,1,1,3,1,0.0,0.0,0.0,0,0.0,0.0,6.0,7.0,2.0,8.0,4.0,8
4403,4403,92,89,569750.0,133650.0,10920089,2,0,4,0,0,0,0,133650.0,569750.0,4403,1,2,1,3,0,0,4,0,1,1,3,1,0.0,0.0,0.0,0,0.0,0.0,5.0,8.0,2.0,8.0,4.0,8
4404,4404,92,90,569850.0,133650.0,10920090,2,0,4,0,0,0,0,133650.0,569850.0,4404,1,2,1,3,0,0,4,0,1,1,3,1,0.0,0.0,0.0,0,0.0,0.0,5.0,8.0,2.0,8.0,4.0,8
4405,4405,92,91,569950.0,133650.0,10920091,2,0,4,0,0,0,0,133650.0,569950.0,4405,1,1,1,3,0,0,4,0,1,1,3,1,1.0,0.0,0.0,0,0.0,0.0,4.0,8.0,3.0,8.0,4.0,8
4406,4406,92,92,570050.0,133650.0,10920092,2,0,4,0,0,0,0,133650.0,570050.0,4406,1,1,1,3,0,0,4,0,1,1,3,1,1.0,0.0,0.0,0,0.0,0.0,4.0,8.0,3.0,8.0,4.0,8
4407,4407,92,93,570150.0,133650.0,10920093,2,0,4,0,0,0,0,133650.0,570150.0,4407,1,1,1,3,0,0,4,0,1,1,3,1,1.75,0.0,0.0,0,0.0,0.0,4.0,8.0,3.75,8.0,4.0,8
4408,4408,92,94,570250.0,133650.0,10920094,2,0,4,0,0,0,0,133650.0,570250.0,4408,0,1,1,3,0,0,4,0,1,1,3,1,2.25,0.0,0.0,0,0.0,0.0,3.0,8.0,4.25,8.0,4.0,8
4409,4409,92,95,570350.0,133650.0,10920095,1,0,3,0,0,0,0,133650.0,570350.0,4409,0,1,1,3,0,0,4,0,1,1,3,2,2.25,0.0,0.0,0,0.0,0.0,2.0,7.0,3.25,7.0,3.0,8
4410,4410,92,96,570450.0,133650.0,10920096,1,0,3,0,0,0,0,133650.0,570450.0,4410,0,1,1,3,0,0,4,3,1,1,3,2,2.25,0.0,0.0,0,0.0,0.0,2.0,7.0,3.25,10.0,3.0,8
4411,4411,92,97,570550.0,133650.0,10920097,1,0,3,0,0,0,0,133650.0,570550.0,4411,0,1,1,3,1,1,4,3,1,1,3,2,2.5,0.0,0.0,0,0.0,0.0,2.0,7.0,5.5,10.0,3.0,8
4412,4412,92,98,570650.0,133650.0,10920098,1,0,2,0,0,0,0,133650.0,570650.0,4412,0,2,1,3,2,2,4,3,1,1,3,2,2.5,0.0,0.0,0,0.0,0.0,3.0,6.0,7.5,9.0,3.0,7
4413,4413,92,99,570750.0,133650.0,10920099,2,0,2,0,0,0,0,133650.0,570750.0,4413,0,2,1,2,3,2,4,3,1,1,3,2,2.5,0.0,0.0,0,0.0,0.0,4.0,5.0,9.5,9.0,4.0,7
4414,4414,92,100,570850.0,133650.0,10920100,2,0,2,0,0,0,0,133650.0,570850.0,4414,0,2,2,2,4,2,4,3,1,1,3,2,2.5,0.0,0.0,0,0.0,0.0,4.0,6.0,10.5,9.0,4.0,7
4415,4415,92,101,570950.0,133650.0,10920101,2,0,2,0,0,0,0,133650.0,570950.0,4415,0,3,2,2,4,2,4,3,1,1,3,2,2.5,0.0,0.0,0,0.0,0.0,5.0,6.0,10.5,9.0,4.0,7
4416,4416,92,102,571050.0,133650.0,10920102,1,0,2,0,0,0,0,133650.0,571050.0,4416,0,3,2,2,4,2,4,3,1,1,3,2,2.5,0.0,0.0,0,0.0,0.0,4.0,6.0,9.5,9.0,3.0,7
4417,4417,92,103,571150.0,133650.0,10920103,1,0,2,0,0,0,0,133650.0,571150.0,4417,0,3,3,2,4,2,4,3,1,1,3,2,2.5,0.0,0.0,0,0.0,0.0,4.0,7.0,9.5,9.0,3.0,7
4418,4418,92,104,571250.0,133650.0,10920104,1,0,2,0,0,0,0,133650.0,571250.0,4418,0,3,3,2,4,1,4,3,1,1,3,2,2.5,0.0,0.0,0,0.0,0.0,4.0,7.0,8.5,9.0,3.0,7
4419,4419,92,105,571350.0,133650.0,10920105,0,0,2,0,0,0,0,133650.0,571350.0,4419,0,3,3,2,4,1,4,3,1,1,3,2,2.5,0.0,0.0,0,0.0,0.0,3.0,7.0,7.5,9.0,2.0,7
4420,4420,92,106,571450.0,133650.0,10920106,0,0,3,0,0,0,0,133650.0,571450.0,4420,1,4,3,2,4,1,4,3,1,1,3,2,2.5,0.0,0.0,0,0.0,0.0,5.0,8.0,7.5,10.0,2.0,8
4421,4421,92,107,571550.0,133650.0,10920107,1,0,3,0,0,0,0,133650.0,571550.0,4421,1,3,3,2,4,1,4,3,1,1,2,2,2.5,0.0,0.0,0,0.0,0.0,5.0,8.0,8.5,10.0,3.0,7
4422,4422,92,108,571650.0,133650.0,10920108,1,0,3,0,0,0,0,133650.0,571650.0,4422,1,3,3,2,4,1,4,3,2,1,2,2,2.5,0.0,0.0,0,0.0,0.0,5.0,8.0,8.5,10.0,4.0,7
4423,4423,92,109,571750.0,133650.0,10920109,1,0,4,0,0,0,0,133650.0,571750.0,4423,2,3,2,2,4,0,4,3,2,1,2,2,2.5,0.0,0.0,0,0.0,0.0,6.0,8.0,7.5,11.0,4.0,8
4424,4424,92,110,571850.0,133650.0,10920110,1,0,4,0,0,0,0,133650.0,571850.0,4424,2,3,2,2,4,0,4,3,2,1,2,2,2.5,0.0,0.0,0,0.0,0.0,6.0,8.0,7.5,11.0,4.0,8
4425,4425,92,111,571950.0,133650.0,10920111,1,0,4,0,0,0,0,133650.0,571950.0,4425,2,3,2,1,4,0,4,3,2,1,2,2,2.5,0.0,0.0,0,0.0,0.0,6.0,7.0,7.5,11.0,4.0,8
4426,4426,92,112,572050.0,133650.0,10920112,1,0,4,0,0,0,0,133650.0,572050.0,4426,2,3,2,1,4,0,4,3,2,1,2,2,2.5,0.0,0.0,0,0.0,0.0,6.0,7.0,7.5,11.0,4.0,8
4427,4427,92,113,572150.0,133650.0,10920113,2,0,4,0,0,0,0,133650.0,572150.0,4427,2,2,2,1,4,0,4,3,2,1,2,2,2.5,0.0,0.0,0,0.0,0.0,6.0,7.0,8.5,11.0,5.0,8
4428,4428,93,32,564050.0,133550.0,10930032,4,0,4,0,0,0,0,133550.0,564050.0,4428,3,3,2,1,3,2,4,3,3,2,2,1,0.0,0.0,0.0,0,0.0,0.0,10.0,7.0,9.0,11.0,9.0,7
4429,4429,93,33,564150.0,133550.0,10930033,4,0,4,0,0,0,0,133550.0,564150.0,4429,3,3,2,1,3,2,4,3,3,3,2,1,0.0,0.0,0.0,0,0.0,0.0,10.0,7.0,9.0,11.0,10.0,7
4430,4430,93,34,564250.0,133550.0,10930034,4,0,4,0,0,0,0,133550.0,564250.0,4430,3,3,2,1,3,2,4,3,3,3,2,1,0.0,0.0,0.0,0,0.0,0.0,10.0,7.0,9.0,11.0,10.0,7
4431,4431,93,35,564350.0,133550.0,10930035,4,0,4,0,0,0,0,133550.0,564350.0,4431,3,3,2,1,3,2,4,3,3,3,2,1,0.0,0.0,0.0,0,0.0,0.0,10.0,7.0,9.0,11.0,10.0,7
4432,4432,93,36,564450.0,133550.0,10930036,4,0,4,0,0,0,0,133550.0,564450.0,4432,3,2,2,1,3,2,4,3,3,3,2,1,0.0,0.0,0.0,0,0.0,0.0,9.0,7.0,9.0,11.0,10.0,7
4433,4433,93,37,564550.0,133550.0,10930037,4,0,4,0,0,0,0,133550.0,564550.0,4433,3,2,2,1,3,2,4,3,3,3,2,1,0.0,0.0,0.0,0,0.0,0.0,9.0,7.0,9.0,11.0,10.0,7
4434,4434,93,38,564650.0,133550.0,10930038,4,0,4,0,0,0,0,133550.0,564650.0,4434,3,2,2,2,3,2,4,3,3,3,2,1,0.0,0.0,0.0,0,0.0,0.0,9.0,8.0,9.0,11.0,10.0,7
4435,4435,93,39,564750.0,133550.0,10930039,4,0,4,0,0,0,0,133550.0,564750.0,4435,3,2,2,2,3,1,4,3,3,3,2,1,0.0,0.0,0.0,0,0.0,0.0,9.0,8.0,8.0,11.0,10.0,7
4436,4436,93,40,564850.0,133550.0,10930040,4,0,4,0,0,0,0,133550.0,564850.0,4436,3,2,3,2,3,1,4,3,3,3,1,1,0.0,0.0,0.0,0,0.0,0.0,9.0,9.0,8.0,11.0,10.0,6
4437,4437,93,41,564950.0,133550.0,10930041,4,0,4,0,0,0,0,133550.0,564950.0,4437,3,2,3,2,3,1,4,3,3,3,1,0,0.0,0.0,0.0,0,0.0,0.0,9.0,9.0,8.0,11.0,10.0,5
4438,4438,93,42,565050.0,133550.0,10930042,4,0,4,0,0,0,0,133550.0,565050.0,4438,3,2,3,2,3,1,4,3,3,3,1,0,0.0,0.0,0.0,0,0.0,0.0,9.0,9.0,8.0,11.0,10.0,5
4439,4439,93,43,565150.0,133550.0,10930043,4,0,4,0,0,0,0,133550.0,565150.0,4439,2,2,3,2,3,1,4,3,3,3,1,0,0.0,0.0,0.0,0,0.0,0.0,8.0,9.0,8.0,11.0,10.0,5
4440,4440,93,44,565250.0,133550.0,10930044,4,0,4,0,0,0,0,133550.0,565250.0,4440,2,2,3,2,4,1,4,3,2,3,1,0,0.0,0.0,0.0,0,0.0,0.0,8.0,9.0,9.0,11.0,9.0,5
4441,4441,93,45,565350.0,133550.0,10930045,4,0,4,0,0,0,0,133550.0,565350.0,4441,2,1,3,2,4,1,4,3,1,2,1,0,0.0,0.0,0.0,0,0.0,0.0,7.0,9.0,9.0,11.0,7.0,5
4442,4442,93,46,565450.0,133550.0,10930046,4,0,4,0,0,0,0,133550.0,565450.0,4442,1,1,3,2,4,1,4,3,1,1,1,0,0.0,0.0,0.0,0,0.0,0.0,6.0,9.0,9.0,11.0,6.0,5
4443,4443,93,47,565550.0,133550.0,10930047,4,0,4,0,0,0,0,133550.0,565550.0,4443,1,1,3,2,4,2,4,3,1,2,1,0,0.0,0.0,0.0,0,0.0,0.0,6.0,9.0,10.0,11.0,7.0,5
4444,4444,93,48,565650.0,133550.0,10930048,3,0,4,0,0,0,0,133550.0,565650.0,4444,1,1,3,2,4,2,4,3,3,4,1,1,0.0,0.0,0.0,0,0.0,0.0,5.0,9.0,9.0,11.0,10.0,6
4445,4445,93,49,565750.0,133550.0,10930049,3,0,4,0,0,0,0,133550.0,565750.0,4445,1,1,2,3,4,2,4,3,3,4,1,1,0.0,0.0,0.0,0,0.0,0.0,5.0,9.0,9.0,11.0,10.0,6
4446,4446,93,50,565850.0,133550.0,10930050,2,0,4,0,0,0,0,133550.0,565850.0,4446,0,1,1,3,4,2,4,3,4,4,1,1,0.0,0.0,0.0,0,0.0,0.0,3.0,8.0,8.0,11.0,10.0,6
4447,4447,93,51,565950.0,133550.0,10930051,2,0,4,0,0,0,0,133550.0,565950.0,4447,0,2,1,3,4,2,0,3,4,4,1,1,0.0,0.0,0.0,0,0.0,0.0,4.0,8.0,8.0,7.0,10.0,6
4448,4448,93,52,566050.0,133550.0,10930052,2,0,4,0,0,0,0,133550.0,566050.0,4448,0,2,1,3,4,2,0,3,4,4,1,1,0.0,0.0,0.0,0,0.0,0.0,4.0,8.0,8.0,7.0,10.0,6
4449,4449,93,53,566150.0,133550.0,10930053,1,0,3,0,0,0,0,133550.0,566150.0,4449,0,3,1,3,4,2,0,4,4,3,1,1,0.0,0.0,0.0,0,0.0,0.0,4.0,7.0,7.0,7.0,8.0,5
4450,4450,93,54,566250.0,133550.0,10930054,1,0,3,0,0,0,0,133550.0,566250.0,4450,0,3,0,3,4,3,0,4,4,4,1,1,0.0,0.0,0.0,0,0.0,0.0,4.0,6.0,8.0,7.0,9.0,5
4451,4451,93,55,566350.0,133550.0,10930055,1,0,2,0,0,0,0,133550.0,566350.0,4451,0,4,0,3,4,4,0,4,4,4,1,1,0.0,0.0,0.0,0,0.0,0.0,5.0,5.0,9.0,6.0,9.0,4
4452,4452,93,56,566450.0,133550.0,10930056,0,0,2,0,0,0,0,133550.0,566450.0,4452,0,4,0,4,4,4,0,4,4,4,1,1,0.0,0.0,0.0,0,0.0,0.0,4.0,6.0,8.0,6.0,8.0,4
4453,4453,93,57,566550.0,133550.0,10930057,0,0,1,0,0,0,0,133550.0,566550.0,4453,0,4,0,4,3,4,0,0,3,4,1,1,0.0,0.0,0.0,0,0.0,0.0,4.0,5.0,7.0,1.0,7.0,3
4454,4454,93,58,566650.0,133550.0,10930058,0,0,1,0,0,0,0,133550.0,566650.0,4454,0,4,0,4,0,1,0,0,2,4,1,1,0.0,0.0,0.0,0,1.0,0.0,5.0,5.0,1.0,1.0,6.0,3
4455,4455,93,59,566750.0,133550.0,10930059,0,0,0,0,0,0,0,133550.0,566750.0,4455,0,4,0,4,0,0,0,0,1,4,1,1,0.0,0.0,0.0,0,1.0,0.0,5.0,4.0,0.0,0.0,5.0,2
4456,4456,93,60,566850.0,133550.0,10930060,0,0,0,0,0,0,0,133550.0,566850.0,4456,0,4,0,4,0,0,0,0,0,4,1,1,0.0,0.0,0.0,0,2.25,0.0,6.25,4.0,0.0,0.0,4.0,2
4457,4457,93,61,566950.0,133550.0,10930061,0,0,0,0,0,0,0,133550.0,566950.0,4457,0,3,0,4,0,0,0,0,0,0,2,1,0.0,0.0,0.0,0,2.25,0.0,5.25,4.0,0.0,0.0,0.0,3
4458,4458,93,62,567050.0,133550.0,10930062,0,0,0,0,0,0,0,133550.0,567050.0,4458,0,3,0,4,0,0,0,0,0,0,2,1,0.0,0.0,0.0,0,2.25,0.0,5.25,4.0,0.0,0.0,0.0,3
4459,4459,93,63,567150.0,133550.0,10930063,1,0,1,0,0,0,0,133550.0,567150.0,4459,1,3,0,4,0,0,0,0,0,0,2,1,0.0,0.0,0.0,0,2.5,0.0,7.5,5.0,1.0,1.0,1.0,4
4460,4460,93,64,567250.0,133550.0,10930064,1,0,1,0,0,0,0,133550.0,567250.0,4460,1,2,0,4,0,0,0,0,0,0,2,1,0.0,0.0,0.0,0,2.5,0.0,6.5,5.0,1.0,1.0,1.0,4
4461,4461,93,65,567350.0,133550.0,10930065,0,0,2,0,0,0,0,133550.0,567350.0,4461,2,2,0,4,0,0,0,4,0,0,2,1,0.0,0.0,0.0,0,2.5,0.0,6.5,6.0,0.0,6.0,0.0,5
4462,4462,93,66,567450.0,133550.0,10930066,0,0,2,0,0,0,0,133550.0,567450.0,4462,2,3,0,3,0,0,0,4,0,0,3,1,0.0,0.0,0.0,0,2.5,0.0,7.5,5.0,0.0,6.0,0.0,6
4463,4463,93,67,567550.0,133550.0,10930067,0,0,3,0,0,0,0,133550.0,567550.0,4463,2,3,0,3,0,0,0,4,0,0,3,1,0.0,0.0,0.0,0,2.5,0.0,7.5,6.0,0.0,7.0,0.0,7
4464,4464,93,68,567650.0,133550.0,10930068,0,0,3,0,0,0,0,133550.0,567650.0,4464,2,3,1,3,0,0,0,4,0,0,3,1,0.0,0.0,0.0,0,2.5,0.0,7.5,7.0,0.0,7.0,0.0,7
4465,4465,93,69,567750.0,133550.0,10930069,1,0,4,0,0,0,0,133550.0,567750.0,4465,2,4,1,3,0,0,0,4,0,0,3,1,0.0,0.0,0.0,0,2.5,0.0,9.5,8.0,1.0,8.0,1.0,8
4466,4466,93,70,567850.0,133550.0,10930070,1,0,4,0,0,0,0,133550.0,567850.0,4466,3,4,1,3,0,0,0,3,0,0,3,1,0.0,0.0,0.0,0,2.5,0.0,10.5,8.0,1.0,7.0,1.0,8
4467,4467,93,71,567950.0,133550.0,10930071,0,0,4,0,0,0,0,133550.0,567950.0,4467,3,4,1,3,0,0,4,3,0,0,3,1,0.0,0.0,0.0,0,2.5,0.0,9.5,8.0,0.0,11.0,0.0,8
4468,4468,93,72,568050.0,133550.0,10930072,1,0,4,0,0,0,0,133550.0,568050.0,4468,3,4,1,2,0,0,4,3,0,0,3,1,0.0,0.0,0.0,0,2.5,0.0,10.5,7.0,1.0,11.0,1.0,8
4469,4469,93,73,568150.0,133550.0,10930073,1,0,4,0,0,0,0,133550.0,568150.0,4469,3,4,1,2,0,1,4,3,3,1,3,1,0.0,0.0,0.0,0,1.5,0.0,9.5,7.0,2.0,11.0,5.0,8
4470,4470,93,74,568250.0,133550.0,10930074,1,0,4,0,0,0,0,133550.0,568250.0,4470,3,4,2,1,0,1,4,3,3,1,3,1,0.0,0.0,0.0,0,0.75,0.0,8.75,7.0,2.0,11.0,5.0,8
4471,4471,93,75,568350.0,133550.0,10930075,1,0,4,0,0,0,0,133550.0,568350.0,4471,3,4,2,1,0,1,4,3,3,2,3,1,0.0,0.0,0.0,0,0.0,0.0,8.0,7.0,2.0,11.0,6.0,8
4472,4472,93,76,568450.0,133550.0,10930076,1,0,4,0,0,0,0,133550.0,568450.0,4472,3,4,2,1,0,1,4,3,3,1,3,1,0.0,0.0,0.0,0,0.0,0.0,8.0,7.0,2.0,11.0,5.0,8
4473,4473,93,77,568550.0,133550.0,10930077,1,0,4,0,0,0,0,133550.0,568550.0,4473,3,3,2,1,0,1,4,3,3,1,3,1,0.0,0.0,0.0,0,0.0,0.0,7.0,7.0,2.0,11.0,5.0,8
4474,4474,93,78,568650.0,133550.0,10930078,1,0,4,0,0,0,0,133550.0,568650.0,4474,3,3,2,1,0,1,4,3,2,1,3,1,0.0,0.0,0.0,0,0.0,0.0,7.0,7.0,2.0,11.0,4.0,8
4475,4475,93,79,568750.0,133550.0,10930079,2,0,4,0,0,0,0,133550.0,568750.0,4475,3,3,2,1,0,1,4,3,1,1,3,1,0.0,0.0,0.0,0,0.0,0.0,8.0,7.0,3.0,11.0,4.0,8
4476,4476,93,80,568850.0,133550.0,10930080,2,0,4,0,0,0,0,133550.0,568850.0,4476,3,3,2,1,0,1,4,3,1,0,3,1,0.0,0.0,0.0,0,0.0,0.0,8.0,7.0,3.0,11.0,3.0,8
4477,4477,93,81,568950.0,133550.0,10930081,2,0,4,0,0,0,0,133550.0,568950.0,4477,3,3,2,1,0,1,4,3,1,0,3,1,0.0,0.0,0.0,0,0.0,0.0,8.0,7.0,3.0,11.0,3.0,8
4478,4478,93,82,569050.0,133550.0,10930082,3,0,4,0,0,0,0,133550.0,569050.0,4478,3,3,1,1,0,0,4,3,1,0,3,1,0.0,0.0,0.0,0,0.0,0.0,9.0,6.0,3.0,11.0,4.0,8
4479,4479,93,83,569150.0,133550.0,10930083,3,0,4,0,0,0,0,133550.0,569150.0,4479,3,3,1,1,0,0,4,3,1,0,3,1,0.0,0.0,0.0,0,0.0,0.0,9.0,6.0,3.0,11.0,4.0,8
4480,4480,93,84,569250.0,133550.0,10930084,2,0,4,0,0,0,0,133550.0,569250.0,4480,3,3,1,2,0,1,4,3,1,0,3,1,0.0,0.0,0.0,0,0.0,0.0,8.0,7.0,3.0,11.0,3.0,8
4481,4481,93,85,569350.0,133550.0,10930085,2,0,4,0,0,0,0,133550.0,569350.0,4481,3,3,1,2,0,1,4,3,1,0,3,1,0.0,0.0,0.0,0,0.0,0.0,8.0,7.0,3.0,11.0,3.0,8
4482,4482,93,86,569450.0,133550.0,10930086,2,0,4,0,0,0,0,133550.0,569450.0,4482,2,3,1,2,0,1,4,0,1,1,3,1,0.0,0.0,0.0,0,0.0,0.0,7.0,7.0,3.0,8.0,4.0,8
4483,4483,93,87,569550.0,133550.0,10930087,2,0,4,0,0,0,0,133550.0,569550.0,4483,2,2,1,3,0,0,4,0,1,1,3,1,0.0,0.0,0.0,0,0.0,0.0,6.0,8.0,2.0,8.0,4.0,8
4484,4484,93,88,569650.0,133550.0,10930088,2,0,4,0,0,0,0,133550.0,569650.0,4484,1,2,1,3,0,0,4,0,2,1,3,1,0.0,0.0,0.0,0,0.0,0.0,5.0,8.0,2.0,8.0,5.0,8
4485,4485,93,89,569750.0,133550.0,10930089,2,0,4,0,0,0,0,133550.0,569750.0,4485,1,1,1,3,0,0,4,0,2,1,3,1,0.0,0.0,0.0,0,0.0,0.0,4.0,8.0,2.0,8.0,5.0,8
4486,4486,93,90,569850.0,133550.0,10930090,2,0,4,0,0,0,0,133550.0,569850.0,4486,1,1,1,3,0,0,4,0,2,1,3,1,0.0,0.0,0.0,0,0.0,0.0,4.0,8.0,2.0,8.0,5.0,8
4487,4487,93,91,569950.0,133550.0,10930091,2,0,4,0,0,0,0,133550.0,569950.0,4487,1,1,1,3,0,0,4,0,1,1,3,1,1.0,0.0,0.0,0,0.0,0.0,4.0,8.0,3.0,8.0,4.0,8
4488,4488,93,92,570050.0,133550.0,10930092,2,0,4,0,0,0,0,133550.0,570050.0,4488,1,1,1,3,0,0,4,0,1,1,3,1,1.0,0.0,0.0,0,0.0,0.0,4.0,8.0,3.0,8.0,4.0,8
4489,4489,93,93,570150.0,133550.0,10930093,1,0,4,0,0,0,0,133550.0,570150.0,4489,1,1,1,3,0,0,4,0,1,1,3,1,1.75,0.0,0.0,0,0.0,0.0,3.0,8.0,2.75,8.0,3.0,8
4490,4490,93,94,570250.0,133550.0,10930094,1,0,4,0,0,0,0,133550.0,570250.0,4490,1,1,1,3,0,0,4,0,1,1,3,2,2.25,0.0,0.0,0,0.0,0.0,3.0,8.0,3.25,8.0,3.0,9
4491,4491,93,95,570350.0,133550.0,10930095,1,0,3,0,0,0,0,133550.0,570350.0,4491,1,1,1,3,0,0,4,0,1,1,3,2,2.5,0.0,0.0,0,0.0,0.0,3.0,7.0,3.5,7.0,3.0,8
4492,4492,93,96,570450.0,133550.0,10930096,1,0,3,0,0,0,0,133550.0,570450.0,4492,0,1,1,3,1,1,4,0,1,1,3,2,2.5,0.0,0.0,0,0.0,0.0,2.0,7.0,5.5,7.0,3.0,8
4493,4493,93,97,570550.0,133550.0,10930097,1,0,2,0,0,0,0,133550.0,570550.0,4493,0,1,1,3,2,1,4,0,1,1,3,2,2.25,0.0,0.0,0,0.0,0.0,2.0,6.0,6.25,6.0,3.0,7
4494,4494,93,98,570650.0,133550.0,10930098,1,0,2,0,0,0,0,133550.0,570650.0,4494,0,2,1,3,3,2,4,3,1,1,3,2,2.5,0.0,0.0,0,0.0,0.0,3.0,6.0,8.5,9.0,3.0,7
4495,4495,93,99,570750.0,133550.0,10930099,1,0,2,0,0,0,0,133550.0,570750.0,4495,0,2,1,3,4,2,4,3,1,1,3,2,2.5,0.0,0.0,0,0.0,0.0,3.0,6.0,9.5,9.0,3.0,7
4496,4496,93,100,570850.0,133550.0,10930100,1,0,1,0,0,0,0,133550.0,570850.0,4496,0,3,1,2,4,1,4,3,1,1,3,2,2.5,0.0,0.0,0,0.0,0.0,4.0,4.0,8.5,8.0,3.0,6
4497,4497,93,101,570950.0,133550.0,10930101,1,0,1,0,0,0,0,133550.0,570950.0,4497,0,3,2,2,4,1,4,3,0,1,3,2,2.5,0.0,0.0,0,0.0,0.0,4.0,5.0,8.5,8.0,2.0,6
4498,4498,93,102,571050.0,133550.0,10930102,1,0,1,0,0,0,0,133550.0,571050.0,4498,0,3,2,2,4,1,4,3,0,1,3,2,2.5,0.0,0.0,0,0.0,0.0,4.0,5.0,8.5,8.0,2.0,6
4499,4499,93,103,571150.0,133550.0,10930103,1,0,1,0,0,0,0,133550.0,571150.0,4499,0,3,3,2,4,1,4,3,1,1,3,2,2.5,0.0,0.0,0,0.0,0.0,4.0,6.0,8.5,8.0,3.0,6
4500,4500,93,104,571250.0,133550.0,10930104,1,0,2,0,0,0,0,133550.0,571250.0,4500,0,3,3,2,4,1,4,3,1,1,3,2,2.5,0.0,0.0,0,0.0,0.0,4.0,7.0,8.5,9.0,3.0,7
4501,4501,93,105,571350.0,133550.0,10930105,1,0,2,0,0,0,0,133550.0,571350.0,4501,0,3,3,2,4,1,4,3,1,1,3,2,2.5,0.0,0.0,0,0.0,0.0,4.0,7.0,8.5,9.0,3.0,7
4502,4502,93,106,571450.0,133550.0,10930106,1,0,2,0,0,0,0,133550.0,571450.0,4502,1,3,3,2,4,0,4,3,1,1,2,2,2.5,0.0,0.0,0,0.0,0.0,5.0,7.0,7.5,9.0,3.0,6
4503,4503,93,107,571550.0,133550.0,10930107,1,0,3,0,0,0,0,133550.0,571550.0,4503,1,3,3,2,4,0,4,3,1,1,2,2,2.5,0.0,0.0,0,0.0,0.0,5.0,8.0,7.5,10.0,3.0,7
4504,4504,93,108,571650.0,133550.0,10930108,1,0,3,0,0,0,0,133550.0,571650.0,4504,1,3,3,2,4,0,4,3,2,1,2,2,2.5,0.0,0.0,0,0.0,0.0,5.0,8.0,7.5,10.0,4.0,7
4505,4505,93,109,571750.0,133550.0,10930109,0,0,4,0,0,0,0,133550.0,571750.0,4505,2,3,3,2,4,0,4,3,2,1,2,2,2.5,0.0,0.0,0,0.0,0.0,5.0,9.0,6.5,11.0,3.0,8
4506,4506,93,110,571850.0,133550.0,10930110,0,0,4,0,0,0,0,133550.0,571850.0,4506,2,3,2,2,4,0,4,3,2,1,2,2,2.5,0.0,0.0,0,0.0,0.0,5.0,8.0,6.5,11.0,3.0,8
4507,4507,93,111,571950.0,133550.0,10930111,1,0,4,0,0,0,0,133550.0,571950.0,4507,2,3,2,2,4,0,4,3,2,1,2,2,2.5,0.0,0.0,0,0.0,0.0,6.0,8.0,7.5,11.0,4.0,8
4508,4508,93,112,572050.0,133550.0,10930112,1,0,4,0,0,0,0,133550.0,572050.0,4508,2,2,2,1,4,0,4,3,2,1,2,2,2.5,0.0,0.0,0,0.0,0.0,5.0,7.0,7.5,11.0,4.0,8
4509,4509,93,113,572150.0,133550.0,10930113,1,0,4,0,0,0,0,133550.0,572150.0,4509,2,2,2,1,4,0,4,3,2,1,2,2,2.5,0.0,0.0,0,0.0,0.0,5.0,7.0,7.5,11.0,4.0,8
4510,4510,94,32,564050.0,133450.0,10940032,4,0,4,0,0,0,0,133450.0,564050.0,4510,3,3,2,1,3,2,4,3,3,2,2,1,0.0,0.0,0.0,0,0.0,0.0,10.0,7.0,9.0,11.0,9.0,7
4511,4511,94,33,564150.0,133450.0,10940033,4,0,4,0,0,0,0,133450.0,564150.0,4511,3,3,2,1,3,2,4,3,3,3,2,1,0.0,0.0,0.0,0,0.0,0.0,10.0,7.0,9.0,11.0,10.0,7
4512,4512,94,34,564250.0,133450.0,10940034,4,0,4,0,0,0,0,133450.0,564250.0,4512,3,3,2,1,3,2,4,3,3,3,2,1,0.0,0.0,0.0,0,0.0,0.0,10.0,7.0,9.0,11.0,10.0,7
4513,4513,94,35,564350.0,133450.0,10940035,4,0,4,0,0,0,0,133450.0,564350.0,4513,3,3,2,1,3,2,4,3,3,3,2,1,0.0,0.0,0.0,0,0.0,0.0,10.0,7.0,9.0,11.0,10.0,7
4514,4514,94,36,564450.0,133450.0,10940036,4,0,4,0,0,0,0,133450.0,564450.0,4514,3,2,2,1,3,2,4,3,3,3,2,1,0.0,0.0,0.0,0,0.0,0.0,9.0,7.0,9.0,11.0,10.0,7
4515,4515,94,37,564550.0,133450.0,10940037,4,0,4,0,0,0,0,133450.0,564550.0,4515,3,2,2,1,3,2,4,3,3,3,2,1,0.0,0.0,0.0,0,0.0,0.0,9.0,7.0,9.0,11.0,10.0,7
4516,4516,94,38,564650.0,133450.0,10940038,4,0,4,0,0,0,0,133450.0,564650.0,4516,3,2,2,2,3,1,4,3,3,3,2,1,0.0,0.0,0.0,0,0.0,0.0,9.0,8.0,8.0,11.0,10.0,7
4517,4517,94,39,564750.0,133450.0,10940039,4,0,4,0,0,0,0,133450.0,564750.0,4517,3,3,2,2,3,1,4,3,3,3,2,1,0.0,0.0,0.0,0,0.0,0.0,10.0,8.0,8.0,11.0,10.0,7
4518,4518,94,40,564850.0,133450.0,10940040,4,0,4,0,0,0,0,133450.0,564850.0,4518,3,3,2,2,3,1,4,3,3,3,2,1,0.0,0.0,0.0,0,0.0,0.0,10.0,8.0,8.0,11.0,10.0,7
4519,4519,94,41,564950.0,133450.0,10940041,4,0,4,0,0,0,0,133450.0,564950.0,4519,3,3,3,2,3,1,4,3,3,3,1,1,0.0,0.0,0.0,0,0.0,0.0,10.0,9.0,8.0,11.0,10.0,6
4520,4520,94,42,565050.0,133450.0,10940042,4,0,4,0,0,0,0,133450.0,565050.0,4520,3,3,3,2,3,1,4,3,3,3,1,1,0.0,0.0,0.0,0,0.0,0.0,10.0,9.0,8.0,11.0,10.0,6
4521,4521,94,43,565150.0,133450.0,10940043,4,0,4,0,0,0,0,133450.0,565150.0,4521,3,2,3,2,3,1,4,3,3,3,1,0,0.0,0.0,0.0,0,0.0,0.0,9.0,9.0,8.0,11.0,10.0,5
4522,4522,94,44,565250.0,133450.0,10940044,4,0,4,0,0,0,0,133450.0,565250.0,4522,2,2,3,2,4,1,4,3,2,3,1,0,0.0,0.0,0.0,0,0.0,0.0,8.0,9.0,9.0,11.0,9.0,5
4523,4523,94,45,565350.0,133450.0,10940045,4,0,4,0,0,0,0,133450.0,565350.0,4523,2,2,3,2,4,1,4,3,1,2,1,0,0.0,0.0,0.0,0,0.0,0.0,8.0,9.0,9.0,11.0,7.0,5
4524,4524,94,46,565450.0,133450.0,10940046,4,0,4,0,0,0,0,133450.0,565450.0,4524,2,2,3,2,4,1,4,3,1,1,1,0,0.0,0.0,0.0,0,0.0,0.0,8.0,9.0,9.0,11.0,6.0,5
4525,4525,94,47,565550.0,133450.0,10940047,4,0,4,0,0,0,0,133450.0,565550.0,4525,1,1,3,2,4,1,4,3,1,1,1,0,0.0,0.0,0.0,0,0.0,0.0,6.0,9.0,9.0,11.0,6.0,5
4526,4526,94,48,565650.0,133450.0,10940048,3,0,4,0,0,0,0,133450.0,565650.0,4526,1,1,3,2,4,1,4,3,1,2,1,1,0.0,0.0,0.0,0,0.0,0.0,5.0,9.0,8.0,11.0,6.0,6
4527,4527,94,49,565750.0,133450.0,10940049,3,0,4,0,0,0,0,133450.0,565750.0,4527,1,1,2,3,4,1,4,3,3,4,1,1,0.0,0.0,0.0,0,0.0,0.0,5.0,9.0,8.0,11.0,10.0,6
4528,4528,94,50,565850.0,133450.0,10940050,2,0,4,0,0,0,0,133450.0,565850.0,4528,0,1,1,3,4,1,4,3,3,4,1,1,0.0,0.0,0.0,0,0.0,0.0,3.0,8.0,7.0,11.0,9.0,6
4529,4529,94,51,565950.0,133450.0,10940051,2,0,4,0,0,0,0,133450.0,565950.0,4529,0,2,1,3,4,1,0,3,4,4,1,1,0.0,0.0,0.0,0,0.0,0.0,4.0,8.0,7.0,7.0,10.0,6
4530,4530,94,52,566050.0,133450.0,10940052,1,0,4,0,0,0,0,133450.0,566050.0,4530,0,3,1,3,4,1,0,3,4,4,1,1,0.0,0.0,0.0,0,0.0,0.0,4.0,8.0,6.0,7.0,9.0,6
4531,4531,94,53,566150.0,133450.0,10940053,1,0,3,0,0,0,0,133450.0,566150.0,4531,0,3,1,3,4,1,0,4,4,4,1,1,0.0,0.0,0.0,0,0.0,0.0,4.0,7.0,6.0,7.0,9.0,5
4532,4532,94,54,566250.0,133450.0,10940054,1,0,3,0,0,0,0,133450.0,566250.0,4532,0,4,1,3,4,2,0,4,4,4,1,1,0.0,0.0,0.0,0,0.0,0.0,5.0,7.0,7.0,7.0,9.0,5
4533,4533,94,55,566350.0,133450.0,10940055,0,0,3,0,0,0,0,133450.0,566350.0,4533,0,4,0,3,4,2,0,4,3,4,1,1,0.0,0.0,0.0,0,0.0,0.0,4.0,6.0,6.0,7.0,7.0,5
4534,4534,94,56,566450.0,133450.0,10940056,0,0,2,0,0,0,0,133450.0,566450.0,4534,0,4,0,3,4,4,0,4,3,4,1,1,0.0,0.0,0.0,0,0.0,0.0,4.0,5.0,8.0,6.0,7.0,4
4535,4535,94,57,566550.0,133450.0,10940057,0,0,2,0,0,0,0,133450.0,566550.0,4535,0,4,0,4,3,4,0,4,1,4,1,1,0.0,0.0,0.0,0,0.0,0.0,4.0,6.0,7.0,6.0,5.0,4
4536,4536,94,58,566650.0,133450.0,10940058,0,0,1,0,0,0,0,133450.0,566650.0,4536,0,4,0,4,0,1,0,0,0,4,1,1,0.0,0.0,0.0,0,0.0,0.0,4.0,5.0,1.0,1.0,4.0,3
4537,4537,94,59,566750.0,133450.0,10940059,0,0,1,0,0,0,0,133450.0,566750.0,4537,0,4,0,4,0,0,0,0,0,0,1,1,1.0,0.0,0.0,0,1.0,0.0,5.0,5.0,1.0,1.0,0.0,3
4538,4538,94,60,566850.0,133450.0,10940060,0,0,1,0,0,0,0,133450.0,566850.0,4538,0,4,0,4,0,0,0,0,0,0,2,1,0.0,0.0,0.0,0,1.0,0.0,5.0,5.0,0.0,1.0,0.0,4
4539,4539,94,61,566950.0,133450.0,10940061,1,0,1,0,0,0,0,133450.0,566950.0,4539,0,3,0,4,0,0,0,0,0,0,2,1,0.0,0.0,0.0,0,1.75,0.0,5.75,5.0,1.0,1.0,1.0,4
4540,4540,94,62,567050.0,133450.0,10940062,1,0,1,0,0,0,0,133450.0,567050.0,4540,0,2,0,4,0,0,0,0,0,0,2,1,0.0,0.0,0.0,0,1.75,0.0,4.75,5.0,1.0,1.0,1.0,4
4541,4541,94,63,567150.0,133450.0,10940063,1,0,1,0,0,0,0,133450.0,567150.0,4541,0,2,0,4,0,0,0,0,0,0,2,1,0.0,0.0,0.0,0,2.25,0.0,5.25,5.0,1.0,1.0,1.0,4
4542,4542,94,64,567250.0,133450.0,10940064,1,0,2,0,0,0,0,133450.0,567250.0,4542,1,2,0,4,0,0,0,3,0,0,2,1,0.0,0.0,0.0,0,2.25,0.0,6.25,6.0,1.0,5.0,1.0,5
4543,4543,94,65,567350.0,133450.0,10940065,0,0,2,0,0,0,0,133450.0,567350.0,4543,1,2,0,3,0,0,0,4,0,0,2,1,0.0,0.0,0.0,0,2.25,0.0,5.25,5.0,0.0,6.0,0.0,5
4544,4544,94,66,567450.0,133450.0,10940066,0,0,2,0,0,0,0,133450.0,567450.0,4544,1,3,0,3,0,0,0,4,0,0,3,1,0.0,0.0,0.0,0,2.25,0.0,6.25,5.0,0.0,6.0,0.0,6
4545,4545,94,67,567550.0,133450.0,10940067,0,0,3,0,0,0,0,133450.0,567550.0,4545,2,3,0,3,0,0,0,4,0,0,3,1,0.0,0.0,0.0,0,2.25,0.0,7.25,6.0,0.0,7.0,0.0,7
4546,4546,94,68,567650.0,133450.0,10940068,1,0,3,0,0,0,0,133450.0,567650.0,4546,2,3,1,3,0,0,0,4,0,0,3,1,0.0,0.0,0.0,0,2.25,0.0,8.25,7.0,1.0,7.0,1.0,7
4547,4547,94,69,567750.0,133450.0,10940069,1,0,4,0,0,0,0,133450.0,567750.0,4547,2,4,1,3,0,0,0,3,0,0,3,2,0.0,0.0,0.0,0,2.25,0.0,9.25,8.0,1.0,7.0,1.0,9
4548,4548,94,70,567850.0,133450.0,10940070,0,0,4,0,0,0,0,133450.0,567850.0,4548,2,4,1,3,0,0,0,3,0,0,3,2,0.0,0.0,0.0,0,2.25,0.0,8.25,8.0,0.0,7.0,0.0,9
4549,4549,94,71,567950.0,133450.0,10940071,0,0,4,0,0,0,0,133450.0,567950.0,4549,2,4,1,3,0,0,4,3,0,0,3,2,0.0,0.0,0.0,0,2.25,0.0,8.25,8.0,0.0,11.0,0.0,9
4550,4550,94,72,568050.0,133450.0,10940072,0,0,4,0,0,0,0,133450.0,568050.0,4550,3,4,1,2,0,1,4,3,0,1,3,2,0.0,0.0,0.0,0,2.25,0.0,9.25,7.0,1.0,11.0,1.0,9
4551,4551,94,73,568150.0,133450.0,10940073,1,0,4,0,0,0,0,133450.0,568150.0,4551,3,4,2,2,0,1,4,3,3,1,3,2,0.0,0.0,0.0,0,1.25,0.0,9.25,8.0,2.0,11.0,5.0,9
4552,4552,94,74,568250.0,133450.0,10940074,1,0,4,0,0,0,0,133450.0,568250.0,4552,3,4,2,1,0,1,4,3,3,2,3,2,0.0,0.0,0.0,0,0.0,0.0,8.0,7.0,2.0,11.0,6.0,9
4553,4553,94,75,568350.0,133450.0,10940075,1,0,4,0,0,0,0,133450.0,568350.0,4553,3,4,2,1,0,1,4,3,3,2,3,1,0.0,0.0,0.0,0,0.0,0.0,8.0,7.0,2.0,11.0,6.0,8
4554,4554,94,76,568450.0,133450.0,10940076,1,0,4,0,0,0,0,133450.0,568450.0,4554,3,4,2,1,0,1,4,3,3,1,3,1,0.0,0.0,0.0,0,0.0,0.0,8.0,7.0,2.0,11.0,5.0,8
4555,4555,94,77,568550.0,133450.0,10940077,1,0,4,0,0,0,0,133450.0,568550.0,4555,3,3,2,1,0,0,4,3,1,1,3,1,0.0,0.0,0.0,0,0.0,0.0,7.0,7.0,1.0,11.0,3.0,8
4556,4556,94,78,568650.0,133450.0,10940078,1,0,4,0,0,0,0,133450.0,568650.0,4556,3,3,2,1,0,0,4,3,1,1,3,1,0.0,0.0,0.0,0,0.0,0.0,7.0,7.0,1.0,11.0,3.0,8
4557,4557,94,79,568750.0,133450.0,10940079,1,0,4,0,0,0,0,133450.0,568750.0,4557,3,3,2,1,0,0,4,3,0,1,3,1,0.0,0.0,0.0,0,0.0,0.0,7.0,7.0,1.0,11.0,2.0,8
4558,4558,94,80,568850.0,133450.0,10940080,2,0,4,0,0,0,0,133450.0,568850.0,4558,3,3,2,1,0,0,4,3,0,0,3,1,0.0,0.0,0.0,0,0.0,0.0,8.0,7.0,2.0,11.0,2.0,8
4559,4559,94,81,568950.0,133450.0,10940081,2,0,4,0,0,0,0,133450.0,568950.0,4559,3,3,2,1,0,0,4,3,0,0,3,1,0.0,0.0,0.0,0,0.0,0.0,8.0,7.0,2.0,11.0,2.0,8
4560,4560,94,82,569050.0,133450.0,10940082,3,0,4,0,0,0,0,133450.0,569050.0,4560,3,3,1,2,0,0,4,3,0,0,3,1,0.0,0.0,0.0,0,0.0,0.0,9.0,7.0,3.0,11.0,3.0,8
4561,4561,94,83,569150.0,133450.0,10940083,2,0,4,0,0,0,0,133450.0,569150.0,4561,3,3,1,2,0,0,4,3,1,0,3,1,0.0,0.0,0.0,0,0.0,0.0,8.0,7.0,2.0,11.0,3.0,8
4562,4562,94,84,569250.0,133450.0,10940084,2,0,4,0,0,0,0,133450.0,569250.0,4562,3,3,1,2,0,2,4,3,1,0,3,1,0.0,0.0,0.0,0,0.0,0.0,8.0,7.0,4.0,11.0,3.0,8
4563,4563,94,85,569350.0,133450.0,10940085,2,0,4,0,0,0,0,133450.0,569350.0,4563,2,3,1,3,0,1,4,0,1,1,3,1,0.0,0.0,0.0,0,0.0,0.0,7.0,8.0,3.0,8.0,4.0,8
4564,4564,94,86,569450.0,133450.0,10940086,1,0,4,0,0,0,0,133450.0,569450.0,4564,2,2,1,3,0,1,4,0,2,1,3,1,0.0,0.0,0.0,0,0.0,0.0,5.0,8.0,2.0,8.0,4.0,8
4565,4565,94,87,569550.0,133450.0,10940087,1,0,4,0,0,0,0,133450.0,569550.0,4565,2,2,1,3,0,0,4,0,2,1,3,1,0.0,0.0,0.0,0,0.0,0.0,5.0,8.0,1.0,8.0,4.0,8
4566,4566,94,88,569650.0,133450.0,10940088,1,0,3,0,0,0,0,133450.0,569650.0,4566,1,1,1,3,0,0,4,0,2,1,3,1,0.0,0.0,0.0,0,0.0,0.0,3.0,7.0,1.0,7.0,4.0,7
4567,4567,94,89,569750.0,133450.0,10940089,1,0,3,0,0,0,0,133450.0,569750.0,4567,1,1,1,3,0,0,4,0,2,1,3,1,0.0,0.0,0.0,0,0.0,0.0,3.0,7.0,1.0,7.0,4.0,7
4568,4568,94,90,569850.0,133450.0,10940090,2,0,3,0,0,0,0,133450.0,569850.0,4568,1,1,1,3,0,0,4,0,2,1,3,1,0.0,0.0,0.0,0,0.0,0.0,4.0,7.0,2.0,7.0,5.0,7
4569,4569,94,91,569950.0,133450.0,10940091,2,0,3,0,0,0,0,133450.0,569950.0,4569,1,1,1,3,0,0,4,0,2,1,3,1,0.0,0.0,0.0,0,0.0,0.0,4.0,7.0,2.0,7.0,5.0,7
4570,4570,94,92,570050.0,133450.0,10940092,2,0,3,0,0,0,0,133450.0,570050.0,4570,1,1,1,3,0,0,4,0,2,1,3,2,1.0,0.0,0.0,0,0.0,0.0,4.0,7.0,3.0,7.0,5.0,8
4571,4571,94,93,570150.0,133450.0,10940093,1,0,3,0,0,0,0,133450.0,570150.0,4571,1,1,1,3,0,0,4,0,2,1,3,2,1.75,0.0,0.0,0,0.0,0.0,3.0,7.0,2.75,7.0,4.0,8
4572,4572,94,94,570250.0,133450.0,10940094,1,0,3,0,0,0,0,133450.0,570250.0,4572,1,1,1,3,0,0,4,0,1,1,3,2,2.25,0.0,0.0,0,0.0,0.0,3.0,7.0,3.25,7.0,3.0,8
4573,4573,94,95,570350.0,133450.0,10940095,0,0,3,0,0,0,0,133450.0,570350.0,4573,1,1,1,3,0,1,4,0,1,1,3,2,2.5,0.0,0.0,0,0.0,0.0,2.0,7.0,3.5,7.0,2.0,8
4574,4574,94,96,570450.0,133450.0,10940096,0,0,3,0,0,0,0,133450.0,570450.0,4574,1,1,1,3,1,1,4,0,1,1,3,2,2.5,0.0,0.0,0,0.0,0.0,2.0,7.0,4.5,7.0,2.0,8
4575,4575,94,97,570550.0,133450.0,10940097,0,0,2,0,0,0,0,133450.0,570550.0,4575,0,1,1,3,3,2,4,0,1,1,3,2,0.0,0.0,0.0,0,0.0,0.0,1.0,6.0,5.0,6.0,2.0,7
4576,4576,94,98,570650.0,133450.0,10940098,1,0,2,0,0,0,0,133450.0,570650.0,4576,0,2,1,3,4,2,4,0,1,1,3,2,1.0,0.0,0.0,0,0.0,0.0,3.0,6.0,8.0,6.0,3.0,7
4577,4577,94,99,570750.0,133450.0,10940099,1,0,1,0,0,0,0,133450.0,570750.0,4577,0,2,1,3,4,1,4,3,1,2,3,2,1.0,0.0,0.0,0,0.0,0.0,3.0,5.0,7.0,8.0,4.0,6
4578,4578,94,100,570850.0,133450.0,10940100,1,0,1,0,0,0,0,133450.0,570850.0,4578,0,3,1,3,4,1,4,3,0,2,3,2,1.75,0.0,0.0,0,0.0,0.0,4.0,5.0,7.75,8.0,3.0,6
4579,4579,94,101,570950.0,133450.0,10940101,1,0,1,0,0,0,0,133450.0,570950.0,4579,0,3,1,2,4,1,4,3,0,2,3,2,1.75,0.0,0.0,0,0.0,0.0,4.0,4.0,7.75,8.0,3.0,6
4580,4580,94,102,571050.0,133450.0,10940102,1,0,1,0,0,0,0,133450.0,571050.0,4580,0,3,2,2,4,0,4,3,0,2,3,2,2.25,0.0,0.0,0,0.0,0.0,4.0,5.0,7.25,8.0,3.0,6
4581,4581,94,103,571150.0,133450.0,10940103,1,0,1,0,0,0,0,133450.0,571150.0,4581,0,3,2,2,4,0,4,3,0,2,3,2,2.5,0.0,0.0,0,0.0,0.0,4.0,5.0,7.5,8.0,3.0,6
4582,4582,94,104,571250.0,133450.0,10940104,1,0,1,0,0,0,0,133450.0,571250.0,4582,0,3,3,2,4,0,4,3,1,2,3,2,2.5,0.0,0.0,0,0.0,0.0,4.0,6.0,7.5,8.0,4.0,6
4583,4583,94,105,571350.0,133450.0,10940105,1,0,2,0,0,0,0,133450.0,571350.0,4583,1,3,3,2,4,0,4,3,1,2,3,2,2.5,0.0,0.0,0,0.0,0.0,5.0,7.0,7.5,9.0,4.0,7
4584,4584,94,106,571450.0,133450.0,10940106,1,0,2,0,0,0,0,133450.0,571450.0,4584,1,3,3,2,4,0,4,3,1,2,2,2,2.5,0.0,0.0,0,0.0,0.0,5.0,7.0,7.5,9.0,4.0,6
4585,4585,94,107,571550.0,133450.0,10940107,1,0,2,0,0,0,0,133450.0,571550.0,4585,1,3,3,2,4,0,4,3,1,1,2,2,2.5,0.0,0.0,0,0.0,0.0,5.0,7.0,7.5,9.0,3.0,6
4586,4586,94,108,571650.0,133450.0,10940108,0,0,3,0,0,0,0,133450.0,571650.0,4586,2,3,3,2,4,0,4,3,2,1,2,2,2.5,0.0,0.0,0,0.0,0.0,5.0,8.0,6.5,10.0,3.0,7
4587,4587,94,109,571750.0,133450.0,10940109,0,0,3,0,0,0,0,133450.0,571750.0,4587,2,3,3,2,4,0,4,3,2,1,2,2,2.5,0.0,0.0,0,0.0,0.0,5.0,8.0,6.5,10.0,3.0,7
4588,4588,94,110,571850.0,133450.0,10940110,0,0,4,0,0,0,0,133450.0,571850.0,4588,2,3,3,2,4,0,4,3,2,1,2,2,2.5,0.0,0.0,0,0.0,0.0,5.0,9.0,6.5,11.0,3.0,8
4589,4589,94,111,571950.0,133450.0,10940111,0,0,4,0,0,0,0,133450.0,571950.0,4589,2,2,2,2,4,0,4,3,2,1,2,2,2.5,0.0,0.0,0,0.0,0.0,4.0,8.0,6.5,11.0,3.0,8
4590,4590,94,112,572050.0,133450.0,10940112,1,0,4,0,0,0,0,133450.0,572050.0,4590,2,2,2,1,4,0,4,3,2,1,2,2,2.5,0.0,0.0,0,0.0,0.0,5.0,7.0,7.5,11.0,4.0,8
4591,4591,94,113,572150.0,133450.0,10940113,1,0,4,0,0,0,0,133450.0,572150.0,4591,2,2,2,1,4,0,4,3,2,1,2,2,2.5,0.0,0.0,0,0.0,0.0,5.0,7.0,7.5,11.0,4.0,8
4592,4592,95,32,564050.0,133350.0,10950032,4,0,4,0,0,0,0,133350.0,564050.0,4592,3,3,2,1,3,2,4,3,3,2,2,1,0.0,0.0,0.0,0,0.0,0.0,10.0,7.0,9.0,11.0,9.0,7
4593,4593,95,33,564150.0,133350.0,10950033,4,0,4,0,0,0,0,133350.0,564150.0,4593,3,3,2,1,3,2,4,3,3,2,2,1,0.0,0.0,0.0,0,0.0,0.0,10.0,7.0,9.0,11.0,9.0,7
4594,4594,95,34,564250.0,133350.0,10950034,4,0,4,0,0,0,0,133350.0,564250.0,4594,3,3,2,1,3,2,4,3,3,3,2,1,0.0,0.0,0.0,0,0.0,0.0,10.0,7.0,9.0,11.0,10.0,7
4595,4595,95,35,564350.0,133350.0,10950035,4,0,4,0,0,0,0,133350.0,564350.0,4595,3,3,2,1,3,2,4,3,3,3,2,1,0.0,0.0,0.0,0,0.0,0.0,10.0,7.0,9.0,11.0,10.0,7
4596,4596,95,36,564450.0,133350.0,10950036,4,0,4,0,0,0,0,133350.0,564450.0,4596,3,3,2,1,3,2,4,3,3,3,2,1,0.0,0.0,0.0,0,0.0,0.0,10.0,7.0,9.0,11.0,10.0,7
4597,4597,95,37,564550.0,133350.0,10950037,4,0,4,0,0,0,0,133350.0,564550.0,4597,3,2,2,1,3,2,4,3,3,3,2,1,0.0,0.0,0.0,0,0.0,0.0,9.0,7.0,9.0,11.0,10.0,7
4598,4598,95,38,564650.0,133350.0,10950038,4,0,4,0,0,0,0,133350.0,564650.0,4598,3,2,2,2,3,1,4,3,3,3,2,1,0.0,0.0,0.0,0,0.0,0.0,9.0,8.0,8.0,11.0,10.0,7
4599,4599,95,39,564750.0,133350.0,10950039,4,0,4,0,0,0,0,133350.0,564750.0,4599,3,3,2,2,3,1,4,3,3,3,2,1,0.0,0.0,0.0,0,0.0,0.0,10.0,8.0,8.0,11.0,10.0,7
4600,4600,95,40,564850.0,133350.0,10950040,4,0,4,0,0,0,0,133350.0,564850.0,4600,3,3,2,2,3,1,4,3,3,3,2,1,0.0,0.0,0.0,0,0.0,0.0,10.0,8.0,8.0,11.0,10.0,7
4601,4601,95,41,564950.0,133350.0,10950041,4,0,4,0,0,0,0,133350.0,564950.0,4601,3,3,2,2,3,1,4,3,3,3,2,1,0.0,0.0,0.0,0,0.0,0.0,10.0,8.0,8.0,11.0,10.0,7
4602,4602,95,42,565050.0,133350.0,10950042,4,0,4,0,0,0,0,133350.0,565050.0,4602,3,3,3,2,3,1,4,3,3,3,2,1,0.0,0.0,0.0,0,0.0,0.0,10.0,9.0,8.0,11.0,10.0,7
4603,4603,95,43,565150.0,133350.0,10950043,4,0,4,0,0,0,0,133350.0,565150.0,4603,3,3,3,2,3,1,4,3,3,3,1,1,0.0,0.0,0.0,0,0.0,0.0,10.0,9.0,8.0,11.0,10.0,6
4604,4604,95,44,565250.0,133350.0,10950044,4,0,4,0,0,0,0,133350.0,565250.0,4604,3,3,3,2,4,1,4,3,2,3,1,1,0.0,0.0,0.0,0,0.0,0.0,10.0,9.0,9.0,11.0,9.0,6
4605,4605,95,45,565350.0,133350.0,10950045,4,0,4,0,0,0,0,133350.0,565350.0,4605,2,2,3,2,4,1,4,3,1,2,1,1,0.0,0.0,0.0,0,0.0,0.0,8.0,9.0,9.0,11.0,7.0,6
4606,4606,95,46,565450.0,133350.0,10950046,4,0,4,0,0,0,0,133350.0,565450.0,4606,2,2,3,2,4,1,4,3,1,1,1,0,0.0,0.0,0.0,0,0.0,0.0,8.0,9.0,9.0,11.0,6.0,5
4607,4607,95,47,565550.0,133350.0,10950047,3,0,4,0,0,0,0,133350.0,565550.0,4607,2,2,3,2,4,1,4,3,1,1,1,0,0.0,0.0,0.0,0,0.0,0.0,7.0,9.0,8.0,11.0,5.0,5
4608,4608,95,48,565650.0,133350.0,10950048,3,0,4,0,0,0,0,133350.0,565650.0,4608,1,2,3,2,4,1,4,3,0,1,1,1,0.0,0.0,0.0,0,0.0,0.0,6.0,9.0,8.0,11.0,4.0,6
4609,4609,95,49,565750.0,133350.0,10950049,2,0,4,0,0,0,0,133350.0,565750.0,4609,1,2,2,2,4,1,4,3,1,1,1,1,0.0,0.0,0.0,0,0.0,0.0,5.0,8.0,7.0,11.0,4.0,6
4610,4610,95,50,565850.0,133350.0,10950050,2,0,4,0,0,0,0,133350.0,565850.0,4610,0,2,1,3,4,1,4,3,3,4,1,1,0.0,0.0,0.0,0,0.0,0.0,4.0,8.0,7.0,11.0,9.0,6
4611,4611,95,51,565950.0,133350.0,10950051,1,0,4,0,0,0,0,133350.0,565950.0,4611,0,2,1,3,4,1,4,3,3,4,1,1,0.0,0.0,0.0,0,0.0,0.0,3.0,8.0,6.0,11.0,8.0,6
4612,4612,95,52,566050.0,133350.0,10950052,1,0,4,0,0,0,0,133350.0,566050.0,4612,0,3,1,3,4,1,0,3,3,4,1,1,0.0,0.0,0.0,0,0.0,0.0,4.0,8.0,6.0,7.0,8.0,6
4613,4613,95,53,566150.0,133350.0,10950053,1,0,4,0,0,0,0,133350.0,566150.0,4613,0,3,1,3,4,1,0,4,3,4,1,1,0.0,0.0,0.0,0,0.0,0.0,4.0,8.0,6.0,8.0,8.0,6
4614,4614,95,54,566250.0,133350.0,10950054,0,0,3,0,0,0,0,133350.0,566250.0,4614,0,4,1,3,4,1,0,4,3,4,1,1,0.0,0.0,0.0,0,0.0,0.0,4.0,7.0,5.0,7.0,7.0,5
4615,4615,95,55,566350.0,133350.0,10950055,0,0,3,0,0,0,0,133350.0,566350.0,4615,0,4,0,3,4,1,0,4,3,4,1,1,0.0,0.0,0.0,0,0.0,0.0,4.0,6.0,5.0,7.0,7.0,5
4616,4616,95,56,566450.0,133350.0,10950056,0,0,2,0,0,0,0,133350.0,566450.0,4616,0,4,0,3,4,1,0,4,1,4,1,1,1.0,0.0,0.0,0,0.0,0.0,4.0,5.0,6.0,6.0,5.0,4
4617,4617,95,57,566550.0,133350.0,10950057,0,0,2,0,0,0,0,133350.0,566550.0,4617,0,4,0,3,4,4,0,4,0,4,1,1,0.0,0.0,0.0,0,0.0,0.0,4.0,5.0,8.0,6.0,4.0,4
4618,4618,95,58,566650.0,133350.0,10950058,0,0,2,0,0,0,0,133350.0,566650.0,4618,0,4,0,4,1,2,0,3,0,0,1,1,0.0,0.0,0.0,0,0.0,0.0,4.0,6.0,3.0,5.0,0.0,4
4619,4619,95,59,566750.0,133350.0,10950059,0,0,1,0,0,0,0,133350.0,566750.0,4619,0,4,0,4,0,1,0,0,0,0,1,1,0.0,0.0,0.0,0,0.0,0.0,4.0,5.0,1.0,1.0,0.0,3
4620,4620,95,60,566850.0,133350.0,10950060,1,0,1,0,0,0,0,133350.0,566850.0,4620,0,4,0,4,0,0,0,0,0,0,2,1,0.0,0.0,0.0,0,0.0,0.0,5.0,5.0,1.0,1.0,1.0,4
4621,4621,95,61,566950.0,133350.0,10950061,1,0,1,0,0,0,0,133350.0,566950.0,4621,0,3,0,4,0,0,0,0,0,0,2,1,0.0,0.0,0.0,0,1.0,0.0,5.0,5.0,1.0,1.0,1.0,4
4622,4622,95,62,567050.0,133350.0,10950062,1,0,1,0,0,0,0,133350.0,567050.0,4622,0,2,0,4,0,0,0,0,0,0,2,1,0.0,0.0,0.0,0,1.0,0.0,4.0,5.0,1.0,1.0,1.0,4
4623,4623,95,63,567150.0,133350.0,10950063,1,0,2,0,0,0,0,133350.0,567150.0,4623,0,1,0,4,0,0,0,3,0,0,2,1,0.0,0.0,0.0,0,1.0,0.0,3.0,6.0,1.0,5.0,1.0,5
4624,4624,95,64,567250.0,133350.0,10950064,1,0,2,0,0,0,0,133350.0,567250.0,4624,0,1,0,4,0,0,0,4,0,0,2,1,0.0,0.0,0.0,0,1.0,0.0,3.0,6.0,1.0,6.0,1.0,5
4625,4625,95,65,567350.0,133350.0,10950065,1,0,2,0,0,0,0,133350.0,567350.0,4625,0,1,0,3,0,0,0,4,0,0,2,1,0.0,0.0,0.0,0,1.75,0.0,3.75,5.0,1.0,6.0,1.0,5
4626,4626,95,66,567450.0,133350.0,10950066,1,0,3,0,0,0,0,133350.0,567450.0,4626,1,2,0,3,0,0,0,4,0,0,3,1,0.0,0.0,0.0,0,1.75,0.0,5.75,6.0,1.0,7.0,1.0,7
4627,4627,95,67,567550.0,133350.0,10950067,1,0,3,0,0,0,0,133350.0,567550.0,4627,1,3,1,3,0,0,0,4,0,0,3,1,0.0,0.0,0.0,0,1.75,0.0,6.75,7.0,1.0,7.0,1.0,7
4628,4628,95,68,567650.0,133350.0,10950068,1,0,4,0,0,0,0,133350.0,567650.0,4628,1,3,1,3,0,0,0,4,0,0,3,2,0.0,0.0,0.0,0,1.75,0.0,6.75,8.0,1.0,8.0,1.0,9
4629,4629,95,69,567750.0,133350.0,10950069,0,0,4,0,0,0,0,133350.0,567750.0,4629,1,3,1,3,0,0,0,3,0,0,3,2,0.0,0.0,0.0,0,1.75,0.0,5.75,8.0,0.0,7.0,0.0,9
4630,4630,95,70,567850.0,133350.0,10950070,0,0,4,0,0,0,0,133350.0,567850.0,4630,1,3,1,3,0,0,0,3,0,0,3,2,0.0,0.0,0.0,0,1.75,0.0,5.75,8.0,0.0,7.0,0.0,9
4631,4631,95,71,567950.0,133350.0,10950071,0,0,4,0,0,0,0,133350.0,567950.0,4631,1,4,1,3,0,0,4,3,0,0,3,2,0.0,0.0,0.0,0,2.25,0.0,7.25,8.0,0.0,11.0,0.0,9
4632,4632,95,72,568050.0,133350.0,10950072,0,0,4,0,0,0,0,133350.0,568050.0,4632,2,4,1,2,0,1,4,3,1,1,3,2,0.0,0.0,0.0,0,1.25,0.0,7.25,7.0,1.0,11.0,2.0,9
4633,4633,95,73,568150.0,133350.0,10950073,1,0,4,0,0,0,0,133350.0,568150.0,4633,2,4,2,2,0,1,4,3,3,2,3,2,0.0,0.0,0.0,0,0.0,0.0,7.0,8.0,2.0,11.0,6.0,9
4634,4634,95,74,568250.0,133350.0,10950074,1,0,4,0,0,0,0,133350.0,568250.0,4634,3,4,2,1,0,1,4,3,3,2,3,2,0.0,0.0,0.0,0,0.0,0.0,8.0,7.0,2.0,11.0,6.0,9
4635,4635,95,75,568350.0,133350.0,10950075,0,0,4,0,0,0,0,133350.0,568350.0,4635,3,4,2,1,0,0,4,3,2,1,3,2,0.0,0.0,0.0,0,0.0,0.0,7.0,7.0,0.0,11.0,3.0,9
4636,4636,95,76,568450.0,133350.0,10950076,0,0,4,0,0,0,0,133350.0,568450.0,4636,3,3,2,1,0,0,4,3,1,1,3,2,0.0,0.0,0.0,0,0.0,0.0,6.0,7.0,0.0,11.0,2.0,9
4637,4637,95,77,568550.0,133350.0,10950077,0,0,4,0,0,0,0,133350.0,568550.0,4637,3,3,2,1,0,0,4,3,0,1,3,2,0.0,0.0,0.0,0,0.0,0.0,6.0,7.0,0.0,11.0,1.0,9
4638,4638,95,78,568650.0,133350.0,10950078,1,0,4,0,0,0,0,133350.0,568650.0,4638,3,3,2,1,0,0,4,3,0,1,3,2,0.0,0.0,0.0,0,0.0,0.0,7.0,7.0,1.0,11.0,2.0,9
4639,4639,95,79,568750.0,133350.0,10950079,1,0,4,0,0,0,0,133350.0,568750.0,4639,3,3,2,1,0,0,4,3,0,0,3,1,0.0,0.0,0.0,0,0.0,0.0,7.0,7.0,1.0,11.0,1.0,8
4640,4640,95,80,568850.0,133350.0,10950080,2,0,4,0,0,0,0,133350.0,568850.0,4640,3,3,2,1,0,0,4,3,0,0,3,1,0.0,0.0,0.0,0,0.0,0.0,8.0,7.0,2.0,11.0,2.0,8
4641,4641,95,81,568950.0,133350.0,10950081,2,0,4,0,0,0,0,133350.0,568950.0,4641,3,3,1,2,0,0,4,3,0,0,3,1,0.0,0.0,0.0,0,0.0,0.0,8.0,7.0,2.0,11.0,2.0,8
4642,4642,95,82,569050.0,133350.0,10950082,2,0,4,0,0,0,0,133350.0,569050.0,4642,3,3,1,2,0,0,4,3,0,0,3,1,0.0,0.0,0.0,0,0.0,0.0,8.0,7.0,2.0,11.0,2.0,8
4643,4643,95,83,569150.0,133350.0,10950083,2,0,4,0,0,0,0,133350.0,569150.0,4643,3,3,1,2,0,1,4,3,1,0,3,1,0.0,0.0,0.0,0,0.0,0.0,8.0,7.0,3.0,11.0,3.0,8
4644,4644,95,84,569250.0,133350.0,10950084,2,0,4,0,0,0,0,133350.0,569250.0,4644,2,3,1,3,1,2,4,0,1,1,3,1,0.0,0.0,0.0,0,0.0,0.0,7.0,8.0,5.0,8.0,4.0,8
4645,4645,95,85,569350.0,133350.0,10950085,1,0,4,0,0,0,0,133350.0,569350.0,4645,2,2,1,3,0,1,4,0,1,1,3,1,0.0,0.0,0.0,0,0.0,0.0,5.0,8.0,2.0,8.0,3.0,8
4646,4646,95,86,569450.0,133350.0,10950086,1,0,4,0,0,0,0,133350.0,569450.0,4646,2,2,1,3,0,1,4,0,2,1,3,1,0.0,0.0,0.0,0,0.0,0.0,5.0,8.0,2.0,8.0,4.0,8
4647,4647,95,87,569550.0,133350.0,10950087,1,0,3,0,0,0,0,133350.0,569550.0,4647,1,1,1,3,0,0,4,0,2,1,3,1,0.0,0.0,0.0,0,0.0,0.0,3.0,7.0,1.0,7.0,4.0,7
4648,4648,95,88,569650.0,133350.0,10950088,1,0,3,0,0,0,0,133350.0,569650.0,4648,1,1,0,3,0,0,4,0,2,1,3,1,0.0,0.0,0.0,0,0.0,0.0,3.0,6.0,1.0,7.0,4.0,7
4649,4649,95,89,569750.0,133350.0,10950089,1,0,3,0,0,0,0,133350.0,569750.0,4649,1,1,0,3,0,0,4,0,2,1,3,2,0.0,0.0,0.0,0,0.0,0.0,3.0,6.0,1.0,7.0,4.0,8
4650,4650,95,90,569850.0,133350.0,10950090,1,0,3,0,0,0,0,133350.0,569850.0,4650,1,1,0,3,0,0,4,0,2,1,3,2,0.0,0.0,0.0,0,0.0,0.0,3.0,6.0,1.0,7.0,4.0,8
4651,4651,95,91,569950.0,133350.0,10950091,2,0,3,0,0,0,0,133350.0,569950.0,4651,1,1,0,3,0,0,4,0,2,1,3,2,0.0,0.0,0.0,0,0.0,0.0,4.0,6.0,2.0,7.0,5.0,8
4652,4652,95,92,570050.0,133350.0,10950092,2,0,3,0,0,0,0,133350.0,570050.0,4652,1,1,0,3,0,1,4,0,2,1,3,2,1.0,0.0,0.0,0,0.0,0.0,4.0,6.0,4.0,7.0,5.0,8
4653,4653,95,93,570150.0,133350.0,10950093,1,0,3,0,0,0,0,133350.0,570150.0,4653,1,1,0,3,1,1,4,0,2,1,3,2,1.0,0.0,0.0,0,0.0,0.0,3.0,6.0,4.0,7.0,4.0,8
4654,4654,95,94,570250.0,133350.0,10950094,1,0,3,0,0,0,0,133350.0,570250.0,4654,1,1,0,3,1,1,4,0,2,1,3,2,1.75,0.0,0.0,0,0.0,0.0,3.0,6.0,4.75,7.0,4.0,8
4655,4655,95,95,570350.0,133350.0,10950095,0,0,3,0,0,0,0,133350.0,570350.0,4655,1,1,1,3,1,1,4,0,1,1,3,2,0.0,0.0,0.0,0,0.0,0.0,2.0,7.0,2.0,7.0,2.0,8
4656,4656,95,96,570450.0,133350.0,10950096,0,0,2,0,0,0,0,133350.0,570450.0,4656,1,1,1,3,2,1,4,0,1,1,3,2,0.0,0.0,0.0,0,0.0,0.0,2.0,6.0,3.0,6.0,2.0,7
4657,4657,95,97,570550.0,133350.0,10950097,0,0,2,0,0,0,0,133350.0,570550.0,4657,1,2,1,3,4,2,4,0,1,1,3,2,0.0,0.0,0.0,0,0.0,0.0,3.0,6.0,6.0,6.0,2.0,7
4658,4658,95,98,570650.0,133350.0,10950098,1,0,1,0,0,0,0,133350.0,570650.0,4658,0,2,1,3,4,1,4,0,1,2,3,2,1.0,0.0,0.0,0,0.0,0.0,3.0,5.0,7.0,5.0,4.0,6
4659,4659,95,99,570750.0,133350.0,10950099,1,0,1,0,0,0,0,133350.0,570750.0,4659,0,2,1,3,4,1,4,0,0,2,3,2,1.0,0.0,0.0,0,0.0,0.0,3.0,5.0,7.0,5.0,3.0,6
4660,4660,95,100,570850.0,133350.0,10950100,1,0,1,0,0,0,0,133350.0,570850.0,4660,0,3,1,3,4,0,4,3,0,2,3,2,1.0,0.0,0.0,0,0.0,0.0,4.0,5.0,6.0,8.0,3.0,6
4661,4661,95,101,570950.0,133350.0,10950101,0,0,0,0,0,0,0,133350.0,570950.0,4661,0,3,1,3,4,0,4,3,0,3,3,2,1.75,0.0,0.0,0,0.0,0.0,3.0,4.0,5.75,7.0,3.0,5
4662,4662,95,102,571050.0,133350.0,10950102,0,0,0,0,0,0,0,133350.0,571050.0,4662,0,3,2,2,4,0,4,3,0,3,3,2,1.75,0.0,0.0,0,0.0,0.0,3.0,4.0,5.75,7.0,3.0,5
4663,4663,95,103,571150.0,133350.0,10950103,0,0,0,0,0,0,0,133350.0,571150.0,4663,0,3,2,2,4,0,4,3,0,3,3,2,2.25,0.0,0.0,0,0.0,0.0,3.0,4.0,6.25,7.0,3.0,5
4664,4664,95,104,571250.0,133350.0,10950104,1,0,1,0,0,0,0,133350.0,571250.0,4664,1,3,3,2,4,0,4,3,0,2,3,2,2.25,0.0,0.0,0,0.0,0.0,5.0,6.0,7.25,8.0,3.0,6
4665,4665,95,105,571350.0,133350.0,10950105,1,0,1,0,0,0,0,133350.0,571350.0,4665,1,3,3,2,4,0,4,3,1,2,2,2,2.5,0.0,0.0,0,0.0,0.0,5.0,6.0,7.5,8.0,4.0,5
4666,4666,95,106,571450.0,133350.0,10950106,1,0,2,0,0,0,0,133350.0,571450.0,4666,1,3,3,2,4,0,4,3,1,2,2,2,2.5,0.0,0.0,0,0.0,0.0,5.0,7.0,7.5,9.0,4.0,6
4667,4667,95,107,571550.0,133350.0,10950107,1,0,2,0,0,0,0,133350.0,571550.0,4667,1,3,3,2,4,0,4,3,1,2,2,2,2.5,0.0,0.0,0,0.0,0.0,5.0,7.0,7.5,9.0,4.0,6
4668,4668,95,108,571650.0,133350.0,10950108,0,0,3,0,0,0,0,133350.0,571650.0,4668,2,3,3,2,4,0,4,3,2,2,2,2,2.5,0.0,0.0,0,0.0,0.0,5.0,8.0,6.5,10.0,4.0,7
4669,4669,95,109,571750.0,133350.0,10950109,0,0,3,0,0,0,0,133350.0,571750.0,4669,2,3,3,2,4,0,4,3,2,1,2,2,2.5,0.0,0.0,0,0.0,0.0,5.0,8.0,6.5,10.0,3.0,7
4670,4670,95,110,571850.0,133350.0,10950110,0,0,4,0,0,0,0,133350.0,571850.0,4670,2,2,3,2,4,0,4,3,2,1,2,2,2.5,0.0,0.0,0,0.0,0.0,4.0,9.0,6.5,11.0,3.0,8
4671,4671,95,111,571950.0,133350.0,10950111,0,0,4,0,0,0,0,133350.0,571950.0,4671,2,2,2,2,4,0,4,3,2,1,2,2,2.5,0.0,0.0,0,0.0,0.0,4.0,8.0,6.5,11.0,3.0,8
4672,4672,95,112,572050.0,133350.0,10950112,1,0,4,0,0,0,0,133350.0,572050.0,4672,2,2,2,2,4,0,4,3,2,1,2,2,2.5,0.0,0.0,0,0.0,0.0,5.0,8.0,7.5,11.0,4.0,8
4673,4673,95,113,572150.0,133350.0,10950113,1,0,4,0,0,0,0,133350.0,572150.0,4673,2,2,2,1,4,0,4,3,2,2,2,2,2.5,0.0,0.0,0,0.0,0.0,5.0,7.0,7.5,11.0,5.0,8
4674,4674,96,32,564050.0,133250.0,10960032,4,0,4,0,0,0,0,133250.0,564050.0,4674,3,3,2,1,3,2,4,3,3,2,2,1,0.0,0.0,0.0,0,0.0,0.0,10.0,7.0,9.0,11.0,9.0,7
4675,4675,96,33,564150.0,133250.0,10960033,4,0,4,0,0,0,0,133250.0,564150.0,4675,3,3,2,1,3,2,4,3,3,2,2,1,0.0,0.0,0.0,0,0.0,0.0,10.0,7.0,9.0,11.0,9.0,7
4676,4676,96,34,564250.0,133250.0,10960034,4,0,4,0,0,0,0,133250.0,564250.0,4676,3,3,2,1,3,2,4,3,3,3,2,1,0.0,0.0,0.0,0,0.0,0.0,10.0,7.0,9.0,11.0,10.0,7
4677,4677,96,35,564350.0,133250.0,10960035,4,0,4,0,0,0,0,133250.0,564350.0,4677,3,3,2,1,3,2,4,3,3,3,2,1,0.0,0.0,0.0,0,0.0,0.0,10.0,7.0,9.0,11.0,10.0,7
4678,4678,96,36,564450.0,133250.0,10960036,4,0,4,0,0,0,0,133250.0,564450.0,4678,3,3,2,1,3,2,4,3,3,3,2,1,0.0,0.0,0.0,0,0.0,0.0,10.0,7.0,9.0,11.0,10.0,7
4679,4679,96,37,564550.0,133250.0,10960037,4,0,4,0,0,0,0,133250.0,564550.0,4679,3,2,2,1,3,1,4,3,3,3,2,1,0.0,0.0,0.0,0,0.0,0.0,9.0,7.0,8.0,11.0,10.0,7
4680,4680,96,38,564650.0,133250.0,10960038,4,0,4,0,0,0,0,133250.0,564650.0,4680,3,3,2,1,3,1,4,3,3,3,2,1,0.0,0.0,0.0,0,0.0,0.0,10.0,7.0,8.0,11.0,10.0,7
4681,4681,96,39,564750.0,133250.0,10960039,4,0,4,0,0,0,0,133250.0,564750.0,4681,3,3,2,2,3,1,4,3,3,3,2,1,0.0,0.0,0.0,0,0.0,0.0,10.0,8.0,8.0,11.0,10.0,7
4682,4682,96,40,564850.0,133250.0,10960040,4,0,4,0,0,0,0,133250.0,564850.0,4682,3,3,2,2,3,1,4,3,3,3,2,1,0.0,0.0,0.0,0,0.0,0.0,10.0,8.0,8.0,11.0,10.0,7
4683,4683,96,41,564950.0,133250.0,10960041,4,0,4,0,0,0,0,133250.0,564950.0,4683,3,3,2,2,3,1,4,3,3,3,2,1,0.0,0.0,0.0,0,0.0,0.0,10.0,8.0,8.0,11.0,10.0,7
4684,4684,96,42,565050.0,133250.0,10960042,4,0,4,0,0,0,0,133250.0,565050.0,4684,3,3,2,2,3,1,4,3,3,3,2,1,0.0,0.0,0.0,0,0.0,0.0,10.0,8.0,8.0,11.0,10.0,7
4685,4685,96,43,565150.0,133250.0,10960043,4,0,4,0,0,0,0,133250.0,565150.0,4685,3,3,3,2,3,1,4,3,3,3,2,1,0.0,0.0,0.0,0,0.0,0.0,10.0,9.0,8.0,11.0,10.0,7
4686,4686,96,44,565250.0,133250.0,10960044,4,0,4,0,0,0,0,133250.0,565250.0,4686,3,3,3,2,4,1,4,3,2,3,2,1,0.0,0.0,0.0,0,0.0,0.0,10.0,9.0,9.0,11.0,9.0,7
4687,4687,96,45,565350.0,133250.0,10960045,4,0,4,0,0,0,0,133250.0,565350.0,4687,3,3,3,2,4,1,4,3,2,2,1,1,0.0,0.0,0.0,0,0.0,0.0,10.0,9.0,9.0,11.0,8.0,6
4688,4688,96,46,565450.0,133250.0,10960046,4,0,4,0,0,0,0,133250.0,565450.0,4688,2,3,3,2,4,1,4,3,1,1,1,1,0.0,0.0,0.0,0,0.0,0.0,9.0,9.0,9.0,11.0,6.0,6
4689,4689,96,47,565550.0,133250.0,10960047,3,0,4,0,0,0,0,133250.0,565550.0,4689,2,2,3,2,4,1,4,3,1,1,1,1,0.0,0.0,0.0,0,0.0,0.0,7.0,9.0,8.0,11.0,5.0,6
4690,4690,96,48,565650.0,133250.0,10960048,3,0,4,0,0,0,0,133250.0,565650.0,4690,2,2,3,2,4,1,4,3,0,1,1,1,0.0,0.0,0.0,0,0.0,0.0,7.0,9.0,8.0,11.0,4.0,6
4691,4691,96,49,565750.0,133250.0,10960049,2,0,4,0,0,0,0,133250.0,565750.0,4691,1,3,2,2,4,1,4,3,0,1,1,1,0.0,0.0,0.0,0,0.0,0.0,6.0,8.0,7.0,11.0,3.0,6
4692,4692,96,50,565850.0,133250.0,10960050,2,0,4,0,0,0,0,133250.0,565850.0,4692,1,3,1,3,4,1,4,3,0,2,1,1,0.0,0.0,0.0,0,0.0,0.0,6.0,8.0,7.0,11.0,4.0,6
4693,4693,96,51,565950.0,133250.0,10960051,1,0,4,0,0,0,0,133250.0,565950.0,4693,1,3,1,3,4,1,4,3,1,3,1,1,0.0,0.0,0.0,0,0.0,0.0,5.0,8.0,6.0,11.0,5.0,6
4694,4694,96,52,566050.0,133250.0,10960052,1,0,4,0,0,0,0,133250.0,566050.0,4694,0,3,1,3,4,1,0,3,2,4,1,1,0.0,0.0,0.0,0,0.0,0.0,4.0,8.0,6.0,7.0,7.0,6
4695,4695,96,53,566150.0,133250.0,10960053,0,0,4,0,0,0,0,133250.0,566150.0,4695,0,4,1,3,4,1,0,3,2,4,1,1,0.0,0.0,0.0,0,0.0,0.0,4.0,8.0,5.0,7.0,6.0,6
4696,4696,96,54,566250.0,133250.0,10960054,0,0,3,0,0,0,0,133250.0,566250.0,4696,0,4,1,3,4,1,0,4,1,4,1,1,0.0,0.0,0.0,0,0.0,0.0,4.0,7.0,5.0,7.0,5.0,5
4697,4697,96,55,566350.0,133250.0,10960055,0,0,3,0,0,0,0,133250.0,566350.0,4697,0,4,1,3,4,1,0,4,0,4,1,1,1.0,0.0,0.0,0,0.0,0.0,4.0,7.0,6.0,7.0,4.0,5
4698,4698,96,56,566450.0,133250.0,10960056,0,0,3,0,0,0,0,133250.0,566450.0,4698,0,4,0,3,4,0,0,4,0,4,1,1,1.0,0.0,0.0,0,0.0,0.0,4.0,6.0,5.0,7.0,4.0,5
4699,4699,96,57,566550.0,133250.0,10960057,0,0,2,0,0,0,0,133250.0,566550.0,4699,0,4,0,3,4,1,0,4,0,0,1,1,1.0,0.0,0.0,0,0.0,0.0,4.0,5.0,6.0,6.0,0.0,4
4700,4700,96,58,566650.0,133250.0,10960058,0,0,2,0,0,0,0,133250.0,566650.0,4700,0,4,0,3,3,4,0,4,0,0,1,1,1.0,0.0,0.0,0,0.0,0.0,4.0,5.0,8.0,6.0,0.0,4
4701,4701,96,59,566750.0,133250.0,10960059,0,0,2,0,0,0,0,133250.0,566750.0,4701,0,4,0,4,1,2,0,4,0,0,2,1,0.0,0.0,0.0,0,0.0,0.0,4.0,6.0,3.0,6.0,0.0,5
4702,4702,96,60,566850.0,133250.0,10960060,1,0,2,0,0,0,0,133250.0,566850.0,4702,0,4,0,4,0,0,0,4,0,0,2,1,0.0,0.0,0.0,0,0.0,0.0,5.0,6.0,1.0,6.0,1.0,5
4703,4703,96,61,566950.0,133250.0,10960061,1,0,2,0,0,0,0,133250.0,566950.0,4703,0,3,0,4,0,0,0,4,0,0,2,1,0.0,0.0,0.0,0,0.0,0.0,4.0,6.0,1.0,6.0,1.0,5
4704,4704,96,62,567050.0,133250.0,10960062,1,0,2,0,0,0,0,133250.0,567050.0,4704,0,2,0,4,0,0,0,4,0,0,2,1,0.0,0.0,0.0,0,1.0,0.0,4.0,6.0,1.0,6.0,1.0,5
4705,4705,96,63,567150.0,133250.0,10960063,2,0,2,0,0,0,0,133250.0,567150.0,4705,0,1,0,3,0,0,0,4,0,0,2,1,0.0,0.0,0.0,0,1.0,0.0,4.0,5.0,2.0,6.0,2.0,5
4706,4706,96,64,567250.0,133250.0,10960064,1,0,2,0,0,0,0,133250.0,567250.0,4706,0,1,0,3,0,0,0,4,0,0,2,1,0.0,0.0,0.0,0,1.0,0.0,3.0,5.0,1.0,6.0,1.0,5
4707,4707,96,65,567350.0,133250.0,10960065,1,0,3,0,0,0,0,133250.0,567350.0,4707,0,1,0,3,0,0,0,4,0,0,2,1,0.0,0.0,0.0,0,1.0,0.0,3.0,6.0,1.0,7.0,1.0,6
4708,4708,96,66,567450.0,133250.0,10960066,1,0,3,0,0,0,0,133250.0,567450.0,4708,0,1,0,3,0,0,0,4,0,0,3,1,0.0,0.0,0.0,0,1.0,0.0,3.0,6.0,1.0,7.0,1.0,7
4709,4709,96,67,567550.0,133250.0,10960067,1,0,3,0,0,0,0,133250.0,567550.0,4709,0,1,1,3,0,0,0,4,0,0,3,1,0.0,0.0,0.0,0,1.0,0.0,3.0,7.0,1.0,7.0,1.0,7
4710,4710,96,68,567650.0,133250.0,10960068,1,0,4,0,0,0,0,133250.0,567650.0,4710,0,1,1,3,0,0,0,4,0,0,3,2,0.0,0.0,0.0,0,0.0,0.0,2.0,8.0,1.0,8.0,1.0,9
4711,4711,96,69,567750.0,133250.0,10960069,1,0,4,0,0,0,0,133250.0,567750.0,4711,0,2,1,3,0,0,0,3,0,0,3,2,0.0,0.0,0.0,0,0.0,0.0,3.0,8.0,1.0,7.0,1.0,9
4712,4712,96,70,567850.0,133250.0,10960070,0,0,4,0,0,0,0,133250.0,567850.0,4712,0,3,1,3,0,0,4,3,0,0,3,2,0.0,0.0,0.0,0,0.0,0.0,3.0,8.0,0.0,11.0,0.0,9
4713,4713,96,71,567950.0,133250.0,10960071,0,0,4,0,0,0,0,133250.0,567950.0,4713,0,3,1,2,0,0,4,3,0,0,3,2,0.0,0.0,0.0,0,0.0,0.0,3.0,7.0,0.0,11.0,0.0,9
4714,4714,96,72,568050.0,133250.0,10960072,0,0,4,0,0,0,0,133250.0,568050.0,4714,1,3,1,2,0,1,4,3,2,1,3,2,0.0,0.0,0.0,0,0.0,0.0,4.0,7.0,1.0,11.0,3.0,9
4715,4715,96,73,568150.0,133250.0,10960073,1,0,4,0,0,0,0,133250.0,568150.0,4715,2,3,2,2,0,1,4,3,3,2,3,2,0.0,0.0,0.0,0,0.0,0.0,6.0,8.0,2.0,11.0,6.0,9
4716,4716,96,74,568250.0,133250.0,10960074,1,0,4,0,0,0,0,133250.0,568250.0,4716,2,3,2,2,0,1,4,3,3,2,3,2,0.0,0.0,0.0,0,0.0,0.0,6.0,8.0,2.0,11.0,6.0,9
4717,4717,96,75,568350.0,133250.0,10960075,0,0,4,0,0,0,0,133250.0,568350.0,4717,2,3,2,1,0,0,4,3,1,1,3,2,0.0,0.0,0.0,0,0.0,0.0,5.0,7.0,0.0,11.0,2.0,9
4718,4718,96,76,568450.0,133250.0,10960076,0,0,4,0,0,0,0,133250.0,568450.0,4718,3,3,2,1,0,0,4,3,0,1,3,2,0.0,0.0,0.0,0,0.0,0.0,6.0,7.0,0.0,11.0,1.0,9
4719,4719,96,77,568550.0,133250.0,10960077,0,0,4,0,0,0,0,133250.0,568550.0,4719,3,3,2,1,0,0,4,3,0,0,3,2,0.0,0.0,0.0,0,0.0,0.0,6.0,7.0,0.0,11.0,0.0,9
4720,4720,96,78,568650.0,133250.0,10960078,0,0,4,0,0,0,0,133250.0,568650.0,4720,3,3,2,1,0,0,4,3,0,0,3,2,0.0,0.0,0.0,0,0.0,0.0,6.0,7.0,0.0,11.0,0.0,9
4721,4721,96,79,568750.0,133250.0,10960079,1,0,4,0,0,0,0,133250.0,568750.0,4721,3,3,2,2,0,0,4,3,0,0,3,2,0.0,0.0,0.0,0,0.0,0.0,7.0,8.0,1.0,11.0,1.0,9
4722,4722,96,80,568850.0,133250.0,10960080,1,0,4,0,0,0,0,133250.0,568850.0,4722,3,3,2,2,0,0,4,3,0,0,3,2,0.0,0.0,0.0,0,0.0,0.0,7.0,8.0,1.0,11.0,1.0,9
4723,4723,96,81,568950.0,133250.0,10960081,2,0,4,0,0,0,0,133250.0,568950.0,4723,3,3,1,2,0,0,4,3,0,0,3,2,0.0,0.0,0.0,0,0.0,0.0,8.0,7.0,2.0,11.0,2.0,9
4724,4724,96,82,569050.0,133250.0,10960082,2,0,4,0,0,0,0,133250.0,569050.0,4724,3,3,1,2,0,0,4,3,1,0,3,2,0.0,0.0,0.0,0,0.0,0.0,8.0,7.0,2.0,11.0,3.0,9
4725,4725,96,83,569150.0,133250.0,10960083,2,0,4,0,0,0,0,133250.0,569150.0,4725,2,2,1,3,1,3,4,0,1,1,3,2,0.0,0.0,0.0,0,0.0,0.0,6.0,8.0,6.0,8.0,4.0,9
4726,4726,96,84,569250.0,133250.0,10960084,1,0,4,0,0,0,0,133250.0,569250.0,4726,2,2,1,3,1,2,4,0,1,1,3,2,0.0,0.0,0.0,0,0.0,0.0,5.0,8.0,4.0,8.0,3.0,9
4727,4727,96,85,569350.0,133250.0,10960085,1,0,4,0,0,0,0,133250.0,569350.0,4727,2,2,1,3,0,1,4,0,2,1,3,2,0.0,0.0,0.0,0,0.0,0.0,5.0,8.0,2.0,8.0,4.0,9
4728,4728,96,86,569450.0,133250.0,10960086,1,0,3,0,0,0,0,133250.0,569450.0,4728,2,1,1,3,0,1,4,0,2,1,3,2,0.0,0.0,0.0,0,0.0,0.0,4.0,7.0,2.0,7.0,4.0,8
4729,4729,96,87,569550.0,133250.0,10960087,0,0,3,0,0,0,0,133250.0,569550.0,4729,1,1,0,3,0,0,4,0,2,1,3,2,0.0,0.0,0.0,0,0.0,0.0,2.0,6.0,0.0,7.0,3.0,8
4730,4730,96,88,569650.0,133250.0,10960088,0,0,3,0,0,0,0,133250.0,569650.0,4730,1,1,0,3,0,0,4,0,2,1,3,2,0.0,0.0,0.0,0,0.0,0.0,2.0,6.0,0.0,7.0,3.0,8
4731,4731,96,89,569750.0,133250.0,10960089,1,0,2,0,0,0,0,133250.0,569750.0,4731,1,1,0,3,0,0,4,0,2,1,3,2,0.0,0.0,0.0,0,0.0,0.0,3.0,5.0,1.0,6.0,4.0,7
4732,4732,96,90,569850.0,133250.0,10960090,1,0,2,0,0,0,0,133250.0,569850.0,4732,1,1,0,3,0,1,4,0,2,1,3,2,0.0,0.0,0.0,0,0.0,0.0,3.0,5.0,2.0,6.0,4.0,7
4733,4733,96,91,569950.0,133250.0,10960091,1,0,2,0,0,0,0,133250.0,569950.0,4733,1,1,0,3,1,1,4,0,2,1,3,2,0.0,0.0,0.0,0,0.0,0.0,3.0,5.0,3.0,6.0,4.0,7
4734,4734,96,92,570050.0,133250.0,10960092,2,0,2,0,0,0,0,133250.0,570050.0,4734,1,1,0,3,2,2,4,0,2,1,3,2,0.0,0.0,0.0,0,0.0,0.0,4.0,5.0,6.0,6.0,5.0,7
4735,4735,96,93,570150.0,133250.0,10960093,1,0,2,0,0,0,0,133250.0,570150.0,4735,1,1,0,3,3,2,4,0,2,1,3,2,0.0,0.0,0.0,0,0.0,0.0,3.0,5.0,6.0,6.0,4.0,7
4736,4736,96,94,570250.0,133250.0,10960094,1,0,2,0,0,0,0,133250.0,570250.0,4736,1,1,0,3,3,2,4,0,2,1,3,2,0.0,0.0,0.0,0,0.0,0.0,3.0,5.0,6.0,6.0,4.0,7
4737,4737,96,95,570350.0,133250.0,10960095,0,0,3,0,0,0,0,133250.0,570350.0,4737,1,1,0,3,3,2,4,0,1,1,3,2,0.0,0.0,0.0,0,0.0,0.0,2.0,6.0,5.0,7.0,2.0,8
4738,4738,96,96,570450.0,133250.0,10960096,0,0,2,0,0,0,0,133250.0,570450.0,4738,1,1,0,3,4,2,4,0,1,1,3,2,0.0,0.0,0.0,0,0.0,0.0,2.0,5.0,6.0,6.0,2.0,7
4739,4739,96,97,570550.0,133250.0,10960097,0,0,2,0,0,0,0,133250.0,570550.0,4739,1,2,1,3,4,1,4,0,1,2,3,2,0.0,0.0,0.0,0,0.0,0.0,3.0,6.0,5.0,6.0,3.0,7
4740,4740,96,98,570650.0,133250.0,10960098,1,0,1,0,0,0,0,133250.0,570650.0,4740,1,2,1,3,4,1,4,0,1,2,3,2,1.0,0.0,0.0,0,0.0,0.0,4.0,5.0,7.0,5.0,4.0,6
4741,4741,96,99,570750.0,133250.0,10960099,1,0,1,0,0,0,0,133250.0,570750.0,4741,0,3,1,3,4,0,4,0,0,3,3,2,1.0,0.0,0.0,0,0.0,0.0,4.0,5.0,6.0,5.0,4.0,6
4742,4742,96,100,570850.0,133250.0,10960100,0,0,0,0,0,0,0,133250.0,570850.0,4742,0,3,1,3,4,0,4,0,0,3,3,2,1.75,0.0,0.0,0,0.0,0.0,3.0,4.0,5.75,4.0,3.0,5
4743,4743,96,101,570950.0,133250.0,10960101,0,0,0,0,0,0,0,133250.0,570950.0,4743,0,3,1,3,4,0,4,3,0,3,3,2,1.75,0.0,0.0,0,0.0,0.0,3.0,4.0,5.75,7.0,3.0,5
4744,4744,96,102,571050.0,133250.0,10960102,0,0,0,0,0,0,0,133250.0,571050.0,4744,0,3,1,2,4,0,4,3,0,3,3,2,2.25,0.0,0.0,0,0.0,0.0,3.0,3.0,6.25,7.0,3.0,5
4745,4745,96,103,571150.0,133250.0,10960103,0,0,0,0,0,0,0,133250.0,571150.0,4745,0,3,2,2,4,0,4,3,0,3,3,2,2.25,0.0,0.0,0,0.0,0.0,3.0,4.0,6.25,7.0,3.0,5
4746,4746,96,104,571250.0,133250.0,10960104,1,0,1,0,0,0,0,133250.0,571250.0,4746,1,3,3,2,4,0,4,3,0,3,2,2,2.5,0.0,0.0,0,0.0,0.0,5.0,6.0,7.5,8.0,4.0,5
4747,4747,96,105,571350.0,133250.0,10960105,1,0,1,0,0,0,0,133250.0,571350.0,4747,1,3,3,2,4,0,4,3,1,3,2,2,2.5,0.0,0.0,0,0.0,0.0,5.0,6.0,7.5,8.0,5.0,5
4748,4748,96,106,571450.0,133250.0,10960106,1,0,2,0,0,0,0,133250.0,571450.0,4748,1,3,3,2,4,0,4,3,1,2,2,2,2.5,0.0,0.0,0,0.0,0.0,5.0,7.0,7.5,9.0,4.0,6
4749,4749,96,107,571550.0,133250.0,10960107,1,0,2,0,0,0,0,133250.0,571550.0,4749,2,3,3,2,4,0,4,3,1,2,2,2,2.5,0.0,0.0,0,0.0,0.0,6.0,7.0,7.5,9.0,4.0,6
4750,4750,96,108,571650.0,133250.0,10960108,1,0,3,0,0,0,0,133250.0,571650.0,4750,2,3,3,2,4,0,4,3,2,2,2,2,2.5,0.0,0.0,0,0.0,0.0,6.0,8.0,7.5,10.0,5.0,7
4751,4751,96,109,571750.0,133250.0,10960109,0,0,3,0,0,0,0,133250.0,571750.0,4751,2,2,3,2,4,0,4,3,2,2,2,2,2.5,0.0,0.0,0,0.0,0.0,4.0,8.0,6.5,10.0,4.0,7
4752,4752,96,110,571850.0,133250.0,10960110,0,0,4,0,0,0,0,133250.0,571850.0,4752,2,2,3,2,4,0,4,3,2,2,2,2,2.5,0.0,0.0,0,0.0,0.0,4.0,9.0,6.5,11.0,4.0,8
4753,4753,96,111,571950.0,133250.0,10960111,1,0,4,0,0,0,0,133250.0,571950.0,4753,2,2,3,2,4,0,4,3,2,2,2,2,2.5,0.0,0.0,0,0.0,0.0,5.0,9.0,7.5,11.0,5.0,8
4754,4754,96,112,572050.0,133250.0,10960112,1,0,4,0,0,0,0,133250.0,572050.0,4754,2,2,2,2,4,0,4,3,2,2,2,2,2.5,0.0,0.0,0,0.0,0.0,5.0,8.0,7.5,11.0,5.0,8
4755,4755,96,113,572150.0,133250.0,10960113,1,0,4,0,0,0,0,133250.0,572150.0,4755,2,2,2,1,4,0,4,3,2,2,2,2,2.5,0.0,0.0,0,0.0,0.0,5.0,7.0,7.5,11.0,5.0,8
4756,4756,97,32,564050.0,133150.0,10970032,4,0,4,0,0,0,0,133150.0,564050.0,4756,3,3,2,1,3,2,4,3,3,2,2,1,0.0,0.0,0.0,0,0.0,0.0,10.0,7.0,9.0,11.0,9.0,7
4757,4757,97,33,564150.0,133150.0,10970033,4,0,4,0,0,0,0,133150.0,564150.0,4757,3,3,2,1,3,2,4,3,3,2,2,1,0.0,0.0,0.0,0,0.0,0.0,10.0,7.0,9.0,11.0,9.0,7
4758,4758,97,34,564250.0,133150.0,10970034,4,0,4,0,0,0,0,133150.0,564250.0,4758,3,3,2,1,3,2,4,3,3,2,2,1,0.0,0.0,0.0,0,0.0,0.0,10.0,7.0,9.0,11.0,9.0,7
4759,4759,97,35,564350.0,133150.0,10970035,4,0,4,0,0,0,0,133150.0,564350.0,4759,3,3,2,1,3,2,4,3,3,3,2,1,0.0,0.0,0.0,0,0.0,0.0,10.0,7.0,9.0,11.0,10.0,7
4760,4760,97,36,564450.0,133150.0,10970036,4,0,4,0,0,0,0,133150.0,564450.0,4760,3,3,2,1,3,2,4,3,3,3,2,1,0.0,0.0,0.0,0,0.0,0.0,10.0,7.0,9.0,11.0,10.0,7
4761,4761,97,37,564550.0,133150.0,10970037,4,0,4,0,0,0,0,133150.0,564550.0,4761,3,3,2,1,3,1,4,3,3,3,2,1,0.0,0.0,0.0,0,0.0,0.0,10.0,7.0,8.0,11.0,10.0,7
4762,4762,97,38,564650.0,133150.0,10970038,4,0,4,0,0,0,0,133150.0,564650.0,4762,3,3,2,1,3,1,4,3,3,3,2,1,0.0,0.0,0.0,0,0.0,0.0,10.0,7.0,8.0,11.0,10.0,7
4763,4763,97,39,564750.0,133150.0,10970039,4,0,4,0,0,0,0,133150.0,564750.0,4763,3,3,2,2,3,1,4,3,3,3,2,1,0.0,0.0,0.0,0,0.0,0.0,10.0,8.0,8.0,11.0,10.0,7
4764,4764,97,40,564850.0,133150.0,10970040,4,0,4,0,0,0,0,133150.0,564850.0,4764,3,3,2,2,3,1,4,3,3,3,2,1,0.0,0.0,0.0,0,0.0,0.0,10.0,8.0,8.0,11.0,10.0,7
4765,4765,97,41,564950.0,133150.0,10970041,4,0,4,0,0,0,0,133150.0,564950.0,4765,3,3,2,2,3,1,4,3,3,3,2,1,0.0,0.0,0.0,0,0.0,0.0,10.0,8.0,8.0,11.0,10.0,7
4766,4766,97,42,565050.0,133150.0,10970042,4,0,4,0,0,0,0,133150.0,565050.0,4766,3,3,2,2,3,1,4,3,3,3,2,1,0.0,0.0,0.0,0,0.0,0.0,10.0,8.0,8.0,11.0,10.0,7
4767,4767,97,43,565150.0,133150.0,10970043,4,0,4,0,0,0,0,133150.0,565150.0,4767,3,3,2,2,3,1,4,3,3,3,2,1,0.0,0.0,0.0,0,0.0,0.0,10.0,8.0,8.0,11.0,10.0,7
4768,4768,97,44,565250.0,133150.0,10970044,4,0,4,0,0,0,0,133150.0,565250.0,4768,3,3,3,2,4,1,4,3,2,3,2,1,0.0,0.0,0.0,0,0.0,0.0,10.0,9.0,9.0,11.0,9.0,7
4769,4769,97,45,565350.0,133150.0,10970045,4,0,4,0,0,0,0,133150.0,565350.0,4769,3,3,3,2,4,1,4,3,2,3,2,1,0.0,0.0,0.0,0,0.0,0.0,10.0,9.0,9.0,11.0,9.0,7
4770,4770,97,46,565450.0,133150.0,10970046,4,0,4,0,0,0,0,133150.0,565450.0,4770,3,3,3,2,4,1,4,3,1,1,2,1,0.0,0.0,0.0,0,0.0,0.0,10.0,9.0,9.0,11.0,6.0,7
4771,4771,97,47,565550.0,133150.0,10970047,3,0,4,0,0,0,0,133150.0,565550.0,4771,2,3,3,2,4,1,4,3,1,1,2,1,0.0,0.0,0.0,0,0.0,0.0,8.0,9.0,8.0,11.0,5.0,7
4772,4772,97,48,565650.0,133150.0,10970048,3,0,4,0,0,0,0,133150.0,565650.0,4772,2,3,3,2,4,1,4,3,1,1,1,1,0.0,0.0,0.0,0,0.0,0.0,8.0,9.0,8.0,11.0,5.0,6
4773,4773,97,49,565750.0,133150.0,10970049,2,0,4,0,0,0,0,133150.0,565750.0,4773,2,3,2,2,4,1,4,3,0,1,1,1,0.0,0.0,0.0,0,0.0,0.0,7.0,8.0,7.0,11.0,3.0,6
4774,4774,97,50,565850.0,133150.0,10970050,2,0,4,0,0,0,0,133150.0,565850.0,4774,2,3,2,3,4,1,4,3,0,2,1,1,0.0,0.0,0.0,0,0.0,0.0,7.0,9.0,7.0,11.0,4.0,6
4775,4775,97,51,565950.0,133150.0,10970051,1,0,4,0,0,0,0,133150.0,565950.0,4775,1,3,1,3,4,1,4,3,0,2,1,1,0.0,0.0,0.0,0,0.0,0.0,5.0,8.0,6.0,11.0,3.0,6
4776,4776,97,52,566050.0,133150.0,10970052,1,0,4,0,0,0,0,133150.0,566050.0,4776,1,4,1,3,4,1,4,3,0,3,1,1,0.0,0.0,0.0,0,0.0,0.0,6.0,8.0,6.0,11.0,4.0,6
4777,4777,97,53,566150.0,133150.0,10970053,0,0,4,0,0,0,0,133150.0,566150.0,4777,0,4,1,3,4,1,0,3,0,3,1,1,0.0,0.0,0.0,0,0.0,0.0,4.0,8.0,5.0,7.0,3.0,6
4778,4778,97,54,566250.0,133150.0,10970054,0,0,4,0,0,0,0,133150.0,566250.0,4778,0,4,1,3,4,0,0,4,0,4,1,1,0.0,0.0,0.0,0,0.0,0.0,4.0,8.0,4.0,8.0,4.0,6
4779,4779,97,55,566350.0,133150.0,10970055,0,0,3,0,0,0,0,133150.0,566350.0,4779,0,4,1,3,4,0,0,4,0,4,1,1,0.0,0.0,0.0,0,0.0,0.0,4.0,7.0,4.0,7.0,4.0,5
4780,4780,97,56,566450.0,133150.0,10970056,0,0,3,0,0,0,0,133150.0,566450.0,4780,0,4,1,3,4,0,0,4,0,4,1,1,0.0,0.0,0.0,0,0.0,0.0,4.0,7.0,4.0,7.0,4.0,5
4781,4781,97,57,566550.0,133150.0,10970057,0,0,3,0,0,0,0,133150.0,566550.0,4781,0,4,0,3,4,1,0,4,0,4,1,1,0.0,0.0,0.0,0,0.0,0.0,4.0,6.0,5.0,7.0,4.0,5
4782,4782,97,58,566650.0,133150.0,10970058,0,0,2,0,0,0,0,133150.0,566650.0,4782,0,4,0,3,4,4,0,4,0,4,2,1,0.0,0.0,0.0,0,0.0,0.0,4.0,5.0,8.0,6.0,4.0,5
4783,4783,97,59,566750.0,133150.0,10970059,0,0,2,0,0,0,0,133150.0,566750.0,4783,0,4,0,3,2,2,0,4,0,4,2,1,0.0,0.0,0.0,0,0.0,0.0,4.0,5.0,4.0,6.0,4.0,5
4784,4784,97,60,566850.0,133150.0,10970060,0,0,2,0,0,0,0,133150.0,566850.0,4784,0,3,0,3,1,1,0,4,0,4,2,1,0.0,0.0,0.0,0,0.0,0.0,3.0,5.0,2.0,6.0,4.0,5
4785,4785,97,61,566950.0,133150.0,10970061,1,0,2,0,0,0,0,133150.0,566950.0,4785,0,3,0,3,0,0,0,4,0,3,2,1,0.0,0.0,0.0,0,0.0,0.0,4.0,5.0,1.0,6.0,4.0,5
4786,4786,97,62,567050.0,133150.0,10970062,1,0,2,0,0,0,0,133150.0,567050.0,4786,0,2,0,3,0,0,0,4,0,2,2,1,0.0,0.0,0.0,0,0.0,0.0,3.0,5.0,1.0,6.0,3.0,5
4787,4787,97,63,567150.0,133150.0,10970063,2,0,2,0,0,0,0,133150.0,567150.0,4787,0,1,0,3,0,0,0,4,0,1,2,1,0.0,0.0,0.0,0,0.0,0.0,3.0,5.0,2.0,6.0,3.0,5
4788,4788,97,64,567250.0,133150.0,10970064,2,0,3,0,0,0,0,133150.0,567250.0,4788,0,1,0,3,0,0,0,4,0,1,2,1,0.0,0.0,0.0,0,0.0,0.0,3.0,6.0,2.0,7.0,3.0,6
4789,4789,97,65,567350.0,133150.0,10970065,2,0,3,0,0,0,0,133150.0,567350.0,4789,0,1,0,3,0,0,0,4,0,1,2,1,0.0,0.0,0.0,0,0.0,0.0,3.0,6.0,2.0,7.0,3.0,6
4790,4790,97,66,567450.0,133150.0,10970066,2,0,3,0,0,0,0,133150.0,567450.0,4790,0,1,1,3,0,0,0,4,0,0,2,1,0.0,0.0,0.0,0,0.0,0.0,3.0,7.0,2.0,7.0,2.0,6
4791,4791,97,67,567550.0,133150.0,10970067,2,0,4,0,0,0,0,133150.0,567550.0,4791,0,1,1,3,0,0,0,4,0,0,3,2,0.0,0.0,0.0,0,0.0,0.0,3.0,8.0,2.0,8.0,2.0,9
4792,4792,97,68,567650.0,133150.0,10970068,1,0,4,0,0,0,0,133150.0,567650.0,4792,0,1,1,3,0,0,0,3,0,0,3,2,0.0,0.0,0.0,0,0.0,0.0,2.0,8.0,1.0,7.0,1.0,9
4793,4793,97,69,567750.0,133150.0,10970069,1,0,4,0,0,0,0,133150.0,567750.0,4793,0,2,1,3,0,0,0,3,0,0,3,2,0.0,0.0,0.0,0,0.0,0.0,3.0,8.0,1.0,7.0,1.0,9
4794,4794,97,70,567850.0,133150.0,10970070,1,0,4,0,0,0,0,133150.0,567850.0,4794,0,2,1,3,0,0,4,3,0,0,3,2,0.0,0.0,0.0,0,0.0,0.0,3.0,8.0,1.0,11.0,1.0,9
4795,4795,97,71,567950.0,133150.0,10970071,1,0,4,0,0,0,0,133150.0,567950.0,4795,0,3,1,2,0,0,4,3,1,1,3,2,0.0,0.0,0.0,0,0.0,0.0,4.0,7.0,1.0,11.0,3.0,9
4796,4796,97,72,568050.0,133150.0,10970072,1,0,4,0,0,0,0,133150.0,568050.0,4796,1,3,2,2,0,1,4,3,3,1,3,2,0.0,0.0,0.0,0,0.0,0.0,5.0,8.0,2.0,11.0,5.0,9
4797,4797,97,73,568150.0,133150.0,10970073,1,0,4,0,0,0,0,133150.0,568150.0,4797,1,3,2,2,0,1,4,3,3,2,3,2,0.0,0.0,0.0,0,0.0,0.0,5.0,8.0,2.0,11.0,6.0,9
4798,4798,97,74,568250.0,133150.0,10970074,1,0,4,0,0,0,0,133150.0,568250.0,4798,1,3,2,2,0,0,4,3,2,1,3,2,0.0,0.0,0.0,0,0.0,0.0,5.0,8.0,1.0,11.0,4.0,9
4799,4799,97,75,568350.0,133150.0,10970075,0,0,4,0,0,0,0,133150.0,568350.0,4799,2,3,2,2,0,0,4,3,1,1,3,2,0.0,0.0,0.0,0,0.0,0.0,5.0,8.0,0.0,11.0,2.0,9
4800,4800,97,76,568450.0,133150.0,10970076,0,0,4,0,0,0,0,133150.0,568450.0,4800,2,3,2,2,0,0,4,3,0,1,3,2,0.0,0.0,0.0,0,0.0,0.0,5.0,8.0,0.0,11.0,1.0,9
4801,4801,97,77,568550.0,133150.0,10970077,0,0,4,0,0,0,0,133150.0,568550.0,4801,2,3,2,2,0,0,4,3,0,0,3,2,0.0,0.0,0.0,0,0.0,0.0,5.0,8.0,0.0,11.0,0.0,9
4802,4802,97,78,568650.0,133150.0,10970078,1,0,4,0,0,0,0,133150.0,568650.0,4802,2,3,2,2,0,0,4,3,0,0,3,2,0.0,0.0,0.0,0,0.0,0.0,6.0,8.0,1.0,11.0,1.0,9
4803,4803,97,79,568750.0,133150.0,10970079,1,0,4,0,0,0,0,133150.0,568750.0,4803,2,3,2,2,0,0,4,3,0,0,3,2,0.0,0.0,0.0,0,0.0,0.0,6.0,8.0,1.0,11.0,1.0,9
4804,4804,97,80,568850.0,133150.0,10970080,1,0,4,0,0,0,0,133150.0,568850.0,4804,2,2,1,2,0,0,4,3,0,0,3,2,0.0,0.0,0.0,0,0.0,0.0,5.0,7.0,1.0,11.0,1.0,9
4805,4805,97,81,568950.0,133150.0,10970081,2,0,4,0,0,0,0,133150.0,568950.0,4805,2,2,1,2,0,0,4,3,0,0,3,2,0.0,0.0,0.0,0,0.0,0.0,6.0,7.0,2.0,11.0,2.0,9
4806,4806,97,82,569050.0,133150.0,10970082,2,0,4,0,0,0,0,133150.0,569050.0,4806,2,2,1,3,0,1,4,3,1,1,3,2,0.0,0.0,0.0,0,0.0,0.0,6.0,8.0,3.0,11.0,4.0,9
4807,4807,97,83,569150.0,133150.0,10970083,2,0,4,0,0,0,0,133150.0,569150.0,4807,2,2,1,3,1,3,4,0,1,1,3,2,0.0,0.0,0.0,0,0.0,0.0,6.0,8.0,6.0,8.0,4.0,9
4808,4808,97,84,569250.0,133150.0,10970084,1,0,4,0,0,0,0,133150.0,569250.0,4808,2,2,1,3,0,2,4,0,1,1,3,2,0.0,0.0,0.0,0,0.0,0.0,5.0,8.0,3.0,8.0,3.0,9
4809,4809,97,85,569350.0,133150.0,10970085,1,0,3,0,0,0,0,133150.0,569350.0,4809,2,1,1,3,0,1,4,0,2,1,3,2,0.0,0.0,0.0,0,0.0,0.0,4.0,7.0,2.0,7.0,4.0,8
4810,4810,97,86,569450.0,133150.0,10970086,0,0,3,0,0,0,0,133150.0,569450.0,4810,2,1,0,3,0,1,4,0,2,1,3,2,0.0,0.0,0.0,0,0.0,0.0,3.0,6.0,1.0,7.0,3.0,8
4811,4811,97,87,569550.0,133150.0,10970087,0,0,3,0,0,0,0,133150.0,569550.0,4811,2,1,0,3,0,0,4,0,2,1,3,2,0.0,0.0,0.0,0,0.0,0.0,3.0,6.0,0.0,7.0,3.0,8
4812,4812,97,88,569650.0,133150.0,10970088,0,0,2,0,0,0,0,133150.0,569650.0,4812,1,1,0,3,0,1,4,0,2,1,3,2,0.0,0.0,0.0,0,0.0,0.0,2.0,5.0,1.0,6.0,3.0,7
4813,4813,97,89,569750.0,133150.0,10970089,0,0,2,0,0,0,0,133150.0,569750.0,4813,1,1,0,3,1,1,4,0,2,1,3,2,0.0,0.0,0.0,0,0.0,0.0,2.0,5.0,2.0,6.0,3.0,7
4814,4814,97,90,569850.0,133150.0,10970090,1,0,2,0,0,0,0,133150.0,569850.0,4814,1,1,0,4,2,2,4,0,2,1,3,2,0.0,0.0,0.0,0,0.0,0.0,3.0,6.0,5.0,6.0,4.0,7
4815,4815,97,91,569950.0,133150.0,10970091,1,0,2,0,0,0,0,133150.0,569950.0,4815,1,1,0,4,3,2,4,0,2,1,3,2,0.0,0.0,0.0,0,0.0,0.0,3.0,6.0,6.0,6.0,4.0,7
4816,4816,97,92,570050.0,133150.0,10970092,2,0,2,0,0,0,0,133150.0,570050.0,4816,1,1,0,4,3,2,4,0,2,1,3,2,0.0,0.0,0.0,0,0.0,0.0,4.0,6.0,7.0,6.0,5.0,7
4817,4817,97,93,570150.0,133150.0,10970093,1,0,2,0,0,0,0,133150.0,570150.0,4817,1,1,0,4,4,2,4,0,2,1,3,2,1.0,0.0,0.0,0,0.0,0.0,3.0,6.0,8.0,6.0,4.0,7
4818,4818,97,94,570250.0,133150.0,10970094,1,0,2,0,0,0,0,133150.0,570250.0,4818,1,1,0,3,4,2,4,0,2,1,3,2,1.0,0.0,0.0,0,0.0,0.0,3.0,5.0,8.0,6.0,4.0,7
4819,4819,97,95,570350.0,133150.0,10970095,0,0,2,0,0,0,0,133150.0,570350.0,4819,1,1,0,3,4,2,4,0,2,1,3,2,1.0,0.0,0.0,0,0.0,0.0,2.0,5.0,7.0,6.0,3.0,7
4820,4820,97,96,570450.0,133150.0,10970096,0,0,2,0,0,0,0,133150.0,570450.0,4820,1,1,0,3,4,1,4,0,1,2,3,2,1.0,0.0,0.0,0,0.0,0.0,2.0,5.0,6.0,6.0,3.0,7
4821,4821,97,97,570550.0,133150.0,10970097,0,0,2,0,0,0,0,133150.0,570550.0,4821,1,2,0,3,4,1,4,0,1,2,3,2,1.0,0.0,0.0,0,0.0,0.0,3.0,5.0,6.0,6.0,3.0,7
4822,4822,97,98,570650.0,133150.0,10970098,1,0,1,0,0,0,0,133150.0,570650.0,4822,1,2,1,3,4,0,4,0,1,2,3,2,1.0,0.0,0.0,0,0.0,0.0,4.0,5.0,6.0,5.0,4.0,6
4823,4823,97,99,570750.0,133150.0,10970099,1,0,1,0,0,0,0,133150.0,570750.0,4823,0,2,1,3,4,0,4,0,0,3,3,2,1.75,0.0,0.0,0,0.0,0.0,3.0,5.0,6.75,5.0,4.0,6
4824,4824,97,100,570850.0,133150.0,10970100,0,0,0,0,0,0,0,133150.0,570850.0,4824,0,3,1,3,4,0,4,0,0,3,3,2,1.75,0.0,0.0,0,0.0,0.0,3.0,4.0,5.75,4.0,3.0,5
4825,4825,97,101,570950.0,133150.0,10970101,0,0,0,0,0,0,0,133150.0,570950.0,4825,0,3,1,3,4,0,4,3,0,3,3,2,2.25,0.0,0.0,0,0.0,0.0,3.0,4.0,6.25,7.0,3.0,5
4826,4826,97,102,571050.0,133150.0,10970102,0,0,0,0,0,0,0,133150.0,571050.0,4826,1,3,1,3,4,0,4,3,0,3,3,2,2.25,0.0,0.0,0,0.0,0.0,4.0,4.0,6.25,7.0,3.0,5
4827,4827,97,103,571150.0,133150.0,10970103,0,0,0,0,0,0,0,133150.0,571150.0,4827,1,3,2,2,4,0,4,3,0,3,2,2,2.5,0.0,0.0,0,0.0,0.0,4.0,4.0,6.5,7.0,3.0,4
4828,4828,97,104,571250.0,133150.0,10970104,1,0,1,0,0,0,0,133150.0,571250.0,4828,1,3,2,2,4,0,4,3,0,3,2,2,2.5,0.0,0.0,0,0.0,0.0,5.0,5.0,7.5,8.0,4.0,5
4829,4829,97,105,571350.0,133150.0,10970105,1,0,1,0,0,0,0,133150.0,571350.0,4829,1,3,3,2,4,0,4,3,1,3,2,2,2.5,0.0,0.0,0,0.0,0.0,5.0,6.0,7.5,8.0,5.0,5
4830,4830,97,106,571450.0,133150.0,10970106,2,0,2,0,0,0,0,133150.0,571450.0,4830,1,3,3,2,4,0,4,3,1,2,2,2,2.5,0.0,0.0,0,0.0,0.0,6.0,7.0,8.5,9.0,5.0,6
4831,4831,97,107,571550.0,133150.0,10970107,1,0,2,0,0,0,0,133150.0,571550.0,4831,2,3,3,2,4,0,4,3,1,2,2,2,2.5,0.0,0.0,0,0.0,0.0,6.0,7.0,7.5,9.0,4.0,6
4832,4832,97,108,571650.0,133150.0,10970108,1,0,3,0,0,0,0,133150.0,571650.0,4832,2,2,3,2,4,0,4,3,2,2,2,2,2.5,0.0,0.0,0,0.0,0.0,5.0,8.0,7.5,10.0,5.0,7
4833,4833,97,109,571750.0,133150.0,10970109,1,0,3,0,0,0,0,133150.0,571750.0,4833,2,2,3,2,4,0,4,3,2,2,2,2,2.5,0.0,0.0,0,0.0,0.0,5.0,8.0,7.5,10.0,5.0,7
4834,4834,97,110,571850.0,133150.0,10970110,1,0,4,0,0,0,0,133150.0,571850.0,4834,2,2,3,2,4,0,4,3,2,2,2,2,2.5,0.0,0.0,0,0.0,0.0,5.0,9.0,7.5,11.0,5.0,8
4835,4835,97,111,571950.0,133150.0,10970111,1,0,4,0,0,0,0,133150.0,571950.0,4835,2,2,3,2,4,0,4,3,2,2,2,2,2.5,0.0,0.0,0,0.0,0.0,5.0,9.0,7.5,11.0,5.0,8
4836,4836,97,112,572050.0,133150.0,10970112,1,0,4,0,0,0,0,133150.0,572050.0,4836,2,2,2,2,4,0,4,3,2,2,2,2,2.5,0.0,0.0,0,0.0,0.0,5.0,8.0,7.5,11.0,5.0,8
4837,4837,97,113,572150.0,133150.0,10970113,2,0,4,0,0,0,0,133150.0,572150.0,4837,2,2,2,1,4,0,4,3,2,2,2,2,1.5,0.0,0.0,0,0.0,0.0,6.0,7.0,7.5,11.0,6.0,8
4838,4838,98,32,564050.0,133050.0,10980032,4,0,4,0,0,0,0,133050.0,564050.0,4838,3,3,2,1,3,2,4,3,3,2,2,1,0.0,0.0,0.0,0,0.0,0.0,10.0,7.0,9.0,11.0,9.0,7
4839,4839,98,33,564150.0,133050.0,10980033,4,0,4,0,0,0,0,133050.0,564150.0,4839,3,3,2,1,3,2,4,3,3,2,2,1,0.0,0.0,0.0,0,0.0,0.0,10.0,7.0,9.0,11.0,9.0,7
4840,4840,98,34,564250.0,133050.0,10980034,4,0,4,0,0,0,0,133050.0,564250.0,4840,3,3,2,1,3,2,4,3,3,2,2,1,0.0,0.0,0.0,0,0.0,0.0,10.0,7.0,9.0,11.0,9.0,7
4841,4841,98,35,564350.0,133050.0,10980035,4,0,4,0,0,0,0,133050.0,564350.0,4841,3,3,2,1,3,2,4,3,3,3,2,1,0.0,0.0,0.0,0,0.0,0.0,10.0,7.0,9.0,11.0,10.0,7
4842,4842,98,36,564450.0,133050.0,10980036,4,0,4,0,0,0,0,133050.0,564450.0,4842,3,3,2,1,3,2,4,3,3,3,2,1,0.0,0.0,0.0,0,0.0,0.0,10.0,7.0,9.0,11.0,10.0,7
4843,4843,98,37,564550.0,133050.0,10980037,4,0,4,0,0,0,0,133050.0,564550.0,4843,3,3,2,1,3,1,4,3,3,3,2,1,0.0,0.0,0.0,0,0.0,0.0,10.0,7.0,8.0,11.0,10.0,7
4844,4844,98,38,564650.0,133050.0,10980038,4,0,4,0,0,0,0,133050.0,564650.0,4844,3,3,2,1,3,1,4,3,3,3,2,1,0.0,0.0,0.0,0,0.0,0.0,10.0,7.0,8.0,11.0,10.0,7
4845,4845,98,39,564750.0,133050.0,10980039,4,0,4,0,0,0,0,133050.0,564750.0,4845,3,3,2,1,3,1,4,3,3,3,2,1,0.0,0.0,0.0,0,0.0,0.0,10.0,7.0,8.0,11.0,10.0,7
4846,4846,98,40,564850.0,133050.0,10980040,4,0,4,0,0,0,0,133050.0,564850.0,4846,3,3,2,2,3,1,4,3,3,3,2,1,0.0,0.0,0.0,0,0.0,0.0,10.0,8.0,8.0,11.0,10.0,7
4847,4847,98,41,564950.0,133050.0,10980041,4,0,4,0,0,0,0,133050.0,564950.0,4847,3,3,2,2,3,1,4,3,3,3,2,1,0.0,0.0,0.0,0,0.0,0.0,10.0,8.0,8.0,11.0,10.0,7
4848,4848,98,42,565050.0,133050.0,10980042,4,0,4,0,0,0,0,133050.0,565050.0,4848,3,3,2,2,3,1,4,3,3,3,2,1,0.0,0.0,0.0,0,0.0,0.0,10.0,8.0,8.0,11.0,10.0,7
4849,4849,98,43,565150.0,133050.0,10980043,4,0,4,0,0,0,0,133050.0,565150.0,4849,3,3,2,2,3,1,4,3,3,3,2,1,0.0,0.0,0.0,0,0.0,0.0,10.0,8.0,8.0,11.0,10.0,7
4850,4850,98,44,565250.0,133050.0,10980044,4,0,4,0,0,0,0,133050.0,565250.0,4850,3,3,2,2,4,1,4,3,2,3,2,1,0.0,0.0,0.0,0,0.0,0.0,10.0,8.0,9.0,11.0,9.0,7
4851,4851,98,45,565350.0,133050.0,10980045,4,0,4,0,0,0,0,133050.0,565350.0,4851,3,3,3,2,4,1,4,3,2,3,2,1,0.0,0.0,0.0,0,0.0,0.0,10.0,9.0,9.0,11.0,9.0,7
4852,4852,98,46,565450.0,133050.0,10980046,4,0,4,0,0,0,0,133050.0,565450.0,4852,3,3,3,2,4,1,4,3,1,2,2,1,0.0,0.0,0.0,0,0.0,0.0,10.0,9.0,9.0,11.0,7.0,7
4853,4853,98,47,565550.0,133050.0,10980047,3,0,4,0,0,0,0,133050.0,565550.0,4853,3,3,3,2,4,1,4,3,1,1,2,1,0.0,0.0,0.0,0,0.0,0.0,9.0,9.0,8.0,11.0,5.0,7
4854,4854,98,48,565650.0,133050.0,10980048,3,0,4,0,0,0,0,133050.0,565650.0,4854,3,3,3,2,4,1,4,3,1,1,2,1,0.0,0.0,0.0,0,0.0,0.0,9.0,9.0,8.0,11.0,5.0,7
4855,4855,98,49,565750.0,133050.0,10980049,3,0,4,0,0,0,0,133050.0,565750.0,4855,2,3,2,2,4,1,4,3,0,1,2,1,0.0,0.0,0.0,0,0.0,0.0,8.0,8.0,8.0,11.0,4.0,7
4856,4856,98,50,565850.0,133050.0,10980050,2,0,4,0,0,0,0,133050.0,565850.0,4856,2,3,2,2,4,1,4,3,0,2,2,1,0.0,0.0,0.0,0,0.0,0.0,7.0,8.0,7.0,11.0,4.0,7
4857,4857,98,51,565950.0,133050.0,10980051,2,0,4,0,0,0,0,133050.0,565950.0,4857,2,3,1,3,4,1,4,3,0,2,2,1,0.0,0.0,0.0,0,0.0,0.0,7.0,8.0,7.0,11.0,4.0,7
4858,4858,98,52,566050.0,133050.0,10980052,1,0,4,0,0,0,0,133050.0,566050.0,4858,1,4,1,3,4,1,4,3,0,3,2,1,0.0,0.0,0.0,0,0.0,0.0,6.0,8.0,6.0,11.0,4.0,7
4859,4859,98,53,566150.0,133050.0,10980053,1,0,4,0,0,0,0,133050.0,566150.0,4859,1,4,1,3,4,0,0,3,0,3,2,1,0.0,0.0,0.0,0,0.0,0.0,6.0,8.0,5.0,7.0,4.0,7
4860,4860,98,54,566250.0,133050.0,10980054,0,0,4,0,0,0,0,133050.0,566250.0,4860,0,4,1,3,4,0,0,3,0,4,2,1,0.0,0.0,0.0,0,0.0,0.0,4.0,8.0,4.0,7.0,4.0,7
4861,4861,98,55,566350.0,133050.0,10980055,0,0,4,0,0,0,0,133050.0,566350.0,4861,0,4,1,3,4,0,0,4,0,4,2,1,0.0,0.0,0.0,0,0.0,0.0,4.0,8.0,4.0,8.0,4.0,7
4862,4862,98,56,566450.0,133050.0,10980056,0,0,3,0,0,0,0,133050.0,566450.0,4862,0,4,1,3,4,0,0,4,0,4,2,1,0.0,0.0,0.0,0,0.0,0.0,4.0,7.0,4.0,7.0,4.0,6
4863,4863,98,57,566550.0,133050.0,10980057,0,0,3,0,0,0,0,133050.0,566550.0,4863,0,4,1,3,4,1,0,4,0,4,2,1,0.0,0.0,0.0,0,0.0,0.0,4.0,7.0,5.0,7.0,4.0,6
4864,4864,98,58,566650.0,133050.0,10980058,0,0,3,0,0,0,0,133050.0,566650.0,4864,0,4,0,3,4,3,0,4,0,4,2,1,0.0,0.0,0.0,0,0.0,0.0,4.0,6.0,7.0,7.0,4.0,6
4865,4865,98,59,566750.0,133050.0,10980059,0,0,3,0,0,0,0,133050.0,566750.0,4865,0,4,0,3,3,3,0,4,0,4,2,1,0.0,0.0,0.0,0,0.0,0.0,4.0,6.0,6.0,7.0,4.0,6
4866,4866,98,60,566850.0,133050.0,10980060,0,0,3,0,0,0,0,133050.0,566850.0,4866,0,3,0,3,1,2,0,4,0,4,2,1,0.0,0.0,0.0,0,0.0,0.0,3.0,6.0,3.0,7.0,4.0,6
4867,4867,98,61,566950.0,133050.0,10980061,1,0,3,0,0,0,0,133050.0,566950.0,4867,0,3,0,3,1,1,0,4,0,4,2,1,0.0,0.0,0.0,0,0.0,0.0,4.0,6.0,3.0,7.0,5.0,6
4868,4868,98,62,567050.0,133050.0,10980062,1,0,3,0,0,0,0,133050.0,567050.0,4868,0,2,0,3,0,0,0,4,0,3,2,1,0.0,0.0,0.0,0,0.0,0.0,3.0,6.0,1.0,7.0,4.0,6
4869,4869,98,63,567150.0,133050.0,10980063,2,0,3,0,0,0,0,133050.0,567150.0,4869,0,1,0,3,0,0,0,4,0,2,2,1,0.0,0.0,0.0,0,0.0,0.0,3.0,6.0,2.0,7.0,4.0,6
4870,4870,98,64,567250.0,133050.0,10980064,2,0,3,0,0,0,0,133050.0,567250.0,4870,0,1,1,3,0,0,0,4,0,1,2,1,0.0,0.0,0.0,0,0.0,0.0,3.0,7.0,2.0,7.0,3.0,6
4871,4871,98,65,567350.0,133050.0,10980065,2,0,3,0,0,0,0,133050.0,567350.0,4871,0,1,1,3,0,0,0,4,0,1,2,1,0.0,0.0,0.0,0,0.0,0.0,3.0,7.0,2.0,7.0,3.0,6
4872,4872,98,66,567450.0,133050.0,10980066,2,0,4,0,0,0,0,133050.0,567450.0,4872,0,1,1,3,0,0,0,4,0,1,2,1,0.0,0.0,0.0,0,0.0,0.0,3.0,8.0,2.0,8.0,3.0,7
4873,4873,98,67,567550.0,133050.0,10980067,1,0,4,0,0,0,0,133050.0,567550.0,4873,0,1,1,3,0,0,0,3,0,0,3,2,0.0,0.0,0.0,0,0.0,0.0,2.0,8.0,1.0,7.0,1.0,9
4874,4874,98,68,567650.0,133050.0,10980068,1,0,4,0,0,0,0,133050.0,567650.0,4874,0,1,1,3,0,0,0,3,0,0,3,2,0.0,0.0,0.0,0,0.0,0.0,2.0,8.0,1.0,7.0,1.0,9
4875,4875,98,69,567750.0,133050.0,10980069,1,0,4,0,0,0,0,133050.0,567750.0,4875,0,2,1,3,0,0,4,3,0,0,3,2,0.0,0.0,0.0,0,0.0,0.0,3.0,8.0,1.0,11.0,1.0,9
4876,4876,98,70,567850.0,133050.0,10980070,1,0,4,0,0,0,0,133050.0,567850.0,4876,0,2,1,3,0,0,4,3,1,1,3,2,0.0,0.0,0.0,0,0.0,0.0,3.0,8.0,1.0,11.0,3.0,9
4877,4877,98,71,567950.0,133050.0,10980071,1,0,4,0,0,0,0,133050.0,567950.0,4877,1,2,1,2,0,0,4,3,3,1,3,2,0.0,0.0,0.0,0,0.0,0.0,4.0,7.0,1.0,11.0,5.0,9
4878,4878,98,72,568050.0,133050.0,10980072,1,0,4,0,0,0,0,133050.0,568050.0,4878,1,2,2,2,0,1,4,3,3,2,3,2,0.0,0.0,0.0,0,0.0,0.0,4.0,8.0,2.0,11.0,6.0,9
4879,4879,98,73,568150.0,133050.0,10980073,1,0,4,0,0,0,0,133050.0,568150.0,4879,1,2,2,2,0,1,4,3,2,2,3,2,0.0,0.0,0.0,0,0.0,0.0,4.0,8.0,2.0,11.0,5.0,9
4880,4880,98,74,568250.0,133050.0,10980074,1,0,4,0,0,0,0,133050.0,568250.0,4880,1,2,2,2,0,0,4,3,1,2,3,2,0.0,0.0,0.0,0,0.0,0.0,4.0,8.0,1.0,11.0,4.0,9
4881,4881,98,75,568350.0,133050.0,10980075,1,0,4,0,0,0,0,133050.0,568350.0,4881,1,2,2,2,0,0,4,3,0,1,3,2,0.0,0.0,0.0,0,0.0,0.0,4.0,8.0,1.0,11.0,2.0,9
4882,4882,98,76,568450.0,133050.0,10980076,0,0,4,0,0,0,0,133050.0,568450.0,4882,1,2,2,2,0,0,4,3,0,1,3,2,0.0,0.0,0.0,0,0.0,0.0,3.0,8.0,0.0,11.0,1.0,9
4883,4883,98,77,568550.0,133050.0,10980077,1,0,4,0,0,0,0,133050.0,568550.0,4883,2,2,2,2,0,0,4,3,0,0,3,2,0.0,0.0,0.0,0,0.0,0.0,5.0,8.0,1.0,11.0,1.0,9
4884,4884,98,78,568650.0,133050.0,10980078,1,0,4,0,0,0,0,133050.0,568650.0,4884,2,2,2,2,0,0,4,3,0,0,3,2,0.0,0.0,0.0,0,0.0,0.0,5.0,8.0,1.0,11.0,1.0,9
4885,4885,98,79,568750.0,133050.0,10980079,1,0,4,0,0,0,0,133050.0,568750.0,4885,2,2,2,2,0,0,4,3,0,0,3,2,0.0,0.0,0.0,0,0.0,0.0,5.0,8.0,1.0,11.0,1.0,9
4886,4886,98,80,568850.0,133050.0,10980080,2,0,4,0,0,0,0,133050.0,568850.0,4886,2,2,1,2,0,0,4,3,0,0,3,2,0.0,0.0,0.0,0,0.0,0.0,6.0,7.0,2.0,11.0,2.0,9
4887,4887,98,81,568950.0,133050.0,10980081,2,0,4,0,0,0,0,133050.0,568950.0,4887,2,2,1,3,0,1,4,3,0,1,3,2,0.0,0.0,0.0,0,0.0,0.0,6.0,8.0,3.0,11.0,3.0,9
4888,4888,98,82,569050.0,133050.0,10980082,2,0,4,0,0,0,0,133050.0,569050.0,4888,2,2,1,3,1,4,4,0,1,1,3,2,0.0,0.0,0.0,0,0.0,0.0,6.0,8.0,7.0,8.0,4.0,9
4889,4889,98,83,569150.0,133050.0,10980083,2,0,4,0,0,0,0,133050.0,569150.0,4889,2,2,1,3,1,3,4,0,1,1,3,2,0.0,0.0,0.0,0,0.0,0.0,6.0,8.0,6.0,8.0,4.0,9
4890,4890,98,84,569250.0,133050.0,10980084,1,0,4,0,0,0,0,133050.0,569250.0,4890,2,1,1,3,1,2,4,0,2,1,3,2,0.0,0.0,0.0,0,0.0,0.0,4.0,8.0,4.0,8.0,4.0,9
4891,4891,98,85,569350.0,133050.0,10980085,1,0,3,0,0,0,0,133050.0,569350.0,4891,2,1,1,3,1,2,4,0,2,1,3,2,0.0,0.0,0.0,0,0.0,0.0,4.0,7.0,4.0,7.0,4.0,8
4892,4892,98,86,569450.0,133050.0,10980086,0,0,3,0,0,0,0,133050.0,569450.0,4892,2,1,0,3,1,2,4,0,2,1,3,2,0.0,0.0,0.0,0,0.0,0.0,3.0,6.0,3.0,7.0,3.0,8
4893,4893,98,87,569550.0,133050.0,10980087,0,0,2,0,0,0,0,133050.0,569550.0,4893,2,1,0,3,1,1,4,0,2,1,3,2,0.0,0.0,0.0,0,0.0,0.0,3.0,5.0,2.0,6.0,3.0,7
4894,4894,98,88,569650.0,133050.0,10980088,0,0,2,0,0,0,0,133050.0,569650.0,4894,2,1,0,4,1,2,4,0,2,1,3,2,0.0,0.0,0.0,0,0.0,0.0,3.0,6.0,3.0,6.0,3.0,7
4895,4895,98,89,569750.0,133050.0,10980089,0,0,1,0,0,0,0,133050.0,569750.0,4895,1,1,0,4,2,3,4,0,2,1,3,2,0.0,0.0,0.0,0,0.0,0.0,2.0,5.0,5.0,5.0,3.0,6
4896,4896,98,90,569850.0,133050.0,10980090,1,0,1,0,0,0,0,133050.0,569850.0,4896,1,1,0,4,3,3,0,0,2,1,3,2,0.0,0.0,0.0,0,0.0,0.0,3.0,5.0,7.0,1.0,4.0,6
4897,4897,98,91,569950.0,133050.0,10980091,1,0,1,0,0,0,0,133050.0,569950.0,4897,1,1,0,4,4,3,0,0,2,1,3,2,0.0,0.0,0.0,0,0.0,0.0,3.0,5.0,8.0,1.0,4.0,6
4898,4898,98,92,570050.0,133050.0,10980092,2,0,1,0,0,0,0,133050.0,570050.0,4898,1,1,0,4,4,2,0,0,2,1,3,2,1.0,0.0,0.0,0,0.0,0.0,4.0,5.0,9.0,1.0,5.0,6
4899,4899,98,93,570150.0,133050.0,10980093,1,0,1,0,0,0,0,133050.0,570150.0,4899,1,1,0,4,4,2,0,0,2,1,3,2,1.0,0.0,0.0,0,0.0,0.0,3.0,5.0,8.0,1.0,4.0,6
4900,4900,98,94,570250.0,133050.0,10980094,1,0,2,0,0,0,0,133050.0,570250.0,4900,1,1,0,4,4,1,4,0,2,1,3,2,1.0,0.0,0.0,0,0.0,0.0,3.0,6.0,7.0,6.0,4.0,7
4901,4901,98,95,570350.0,133050.0,10980095,1,0,2,0,0,0,0,133050.0,570350.0,4901,1,1,0,4,4,1,4,0,2,2,3,2,1.0,0.0,0.0,0,0.0,0.0,3.0,6.0,7.0,6.0,5.0,7
4902,4902,98,96,570450.0,133050.0,10980096,1,0,2,0,0,0,0,133050.0,570450.0,4902,1,1,0,3,4,1,4,0,1,2,3,2,1.0,0.0,0.0,0,0.0,0.0,3.0,5.0,7.0,6.0,4.0,7
4903,4903,98,97,570550.0,133050.0,10980097,1,0,2,0,0,0,0,133050.0,570550.0,4903,1,2,0,3,4,0,4,0,1,2,3,2,1.75,0.0,0.0,0,0.0,0.0,4.0,5.0,6.75,6.0,4.0,7
4904,4904,98,98,570650.0,133050.0,10980098,1,0,1,0,0,0,0,133050.0,570650.0,4904,1,2,1,3,4,0,4,0,1,3,3,2,1.75,0.0,0.0,0,0.0,0.0,4.0,5.0,6.75,5.0,5.0,6
4905,4905,98,99,570750.0,133050.0,10980099,1,0,1,0,0,0,0,133050.0,570750.0,4905,1,3,1,3,4,0,4,0,1,3,3,2,2.25,0.0,0.0,0,0.0,0.0,5.0,5.0,7.25,5.0,5.0,6
4906,4906,98,100,570850.0,133050.0,10980100,1,0,1,0,0,0,0,133050.0,570850.0,4906,1,3,1,3,4,0,4,0,0,3,3,2,2.25,0.0,0.0,0,0.0,0.0,5.0,5.0,7.25,5.0,4.0,6
4907,4907,98,101,570950.0,133050.0,10980101,0,0,0,0,0,0,0,133050.0,570950.0,4907,1,3,1,3,4,0,4,3,0,3,3,2,2.5,0.0,0.0,0,0.0,0.0,4.0,4.0,6.5,7.0,3.0,5
4908,4908,98,102,571050.0,133050.0,10980102,0,0,0,0,0,0,0,133050.0,571050.0,4908,1,3,1,3,4,0,4,3,0,3,2,2,2.5,0.0,0.0,0,0.0,0.0,4.0,4.0,6.5,7.0,3.0,4
4909,4909,98,103,571150.0,133050.0,10980103,1,0,1,0,0,0,0,133050.0,571150.0,4909,1,3,2,2,3,0,4,3,0,3,2,2,2.5,0.0,0.0,0,0.0,0.0,5.0,5.0,6.5,8.0,4.0,5
4910,4910,98,104,571250.0,133050.0,10980104,1,0,1,0,0,0,0,133050.0,571250.0,4910,1,3,2,2,3,0,4,3,0,3,2,2,2.5,0.0,0.0,0,0.0,0.0,5.0,5.0,6.5,8.0,4.0,5
4911,4911,98,105,571350.0,133050.0,10980105,1,0,1,0,0,0,0,133050.0,571350.0,4911,1,3,3,2,3,0,4,3,1,3,2,2,2.5,0.0,0.0,0,0.0,0.0,5.0,6.0,6.5,8.0,5.0,5
4912,4912,98,106,571450.0,133050.0,10980106,2,0,2,0,0,0,0,133050.0,571450.0,4912,2,3,3,2,3,0,4,3,1,3,2,2,2.5,0.0,0.0,0,0.0,0.0,7.0,7.0,7.5,9.0,6.0,6
4913,4913,98,107,571550.0,133050.0,10980107,2,0,2,0,0,0,0,133050.0,571550.0,4913,2,2,3,2,3,0,4,3,1,2,2,2,2.5,0.0,0.0,0,0.0,0.0,6.0,7.0,7.5,9.0,5.0,6
4914,4914,98,108,571650.0,133050.0,10980108,1,0,3,0,0,0,0,133050.0,571650.0,4914,2,2,3,2,3,0,4,3,2,2,2,2,2.5,0.0,0.0,0,0.0,0.0,5.0,8.0,6.5,10.0,5.0,7
4915,4915,98,109,571750.0,133050.0,10980109,1,0,3,0,0,0,0,133050.0,571750.0,4915,2,2,3,2,3,0,4,3,2,2,2,2,2.5,0.0,0.0,0,0.0,0.0,5.0,8.0,6.5,10.0,5.0,7
4916,4916,98,110,571850.0,133050.0,10980110,1,0,4,0,0,0,0,133050.0,571850.0,4916,2,2,3,2,4,0,4,3,2,2,2,2,2.5,0.0,0.0,0,0.0,0.0,5.0,9.0,7.5,11.0,5.0,8
4917,4917,98,111,571950.0,133050.0,10980111,1,0,4,0,0,0,0,133050.0,571950.0,4917,2,2,3,2,4,0,4,3,2,2,2,2,2.5,0.0,0.0,0,0.0,0.0,5.0,9.0,7.5,11.0,5.0,8
4918,4918,98,112,572050.0,133050.0,10980112,2,0,4,0,0,0,0,133050.0,572050.0,4918,2,2,2,2,4,0,4,3,2,2,2,2,1.5,0.0,0.0,0,0.0,0.0,6.0,8.0,7.5,11.0,6.0,8
4919,4919,98,113,572150.0,133050.0,10980113,1,0,4,0,0,0,0,133050.0,572150.0,4919,2,2,2,1,4,0,4,3,2,2,2,2,0.75,0.0,0.0,0,0.0,0.0,5.0,7.0,5.75,11.0,5.0,8
4920,4920,99,32,564050.0,132950.0,10990032,4,0,4,0,0,0,0,132950.0,564050.0,4920,3,3,2,1,3,2,4,3,3,2,2,2,0.0,0.0,0.0,0,0.0,0.0,10.0,7.0,9.0,11.0,9.0,8
4921,4921,99,33,564150.0,132950.0,10990033,4,0,4,0,0,0,0,132950.0,564150.0,4921,3,3,2,1,3,2,4,3,3,2,2,1,0.0,0.0,0.0,0,0.0,0.0,10.0,7.0,9.0,11.0,9.0,7
4922,4922,99,34,564250.0,132950.0,10990034,4,0,4,0,0,0,0,132950.0,564250.0,4922,3,3,2,1,3,2,4,3,3,2,2,1,0.0,0.0,0.0,0,0.0,0.0,10.0,7.0,9.0,11.0,9.0,7
4923,4923,99,35,564350.0,132950.0,10990035,4,0,4,0,0,0,0,132950.0,564350.0,4923,3,3,2,1,3,2,4,3,3,2,2,1,0.0,0.0,0.0,0,0.0,0.0,10.0,7.0,9.0,11.0,9.0,7
4924,4924,99,36,564450.0,132950.0,10990036,4,0,4,0,0,0,0,132950.0,564450.0,4924,3,3,2,1,3,2,4,3,3,3,2,1,0.0,0.0,0.0,0,0.0,0.0,10.0,7.0,9.0,11.0,10.0,7
4925,4925,99,37,564550.0,132950.0,10990037,4,0,4,0,0,0,0,132950.0,564550.0,4925,3,3,2,1,3,1,4,3,3,3,2,1,0.0,0.0,0.0,0,0.0,0.0,10.0,7.0,8.0,11.0,10.0,7
4926,4926,99,38,564650.0,132950.0,10990038,4,0,4,0,0,0,0,132950.0,564650.0,4926,3,3,2,1,3,1,4,3,3,3,2,1,0.0,0.0,0.0,0,0.0,0.0,10.0,7.0,8.0,11.0,10.0,7
4927,4927,99,39,564750.0,132950.0,10990039,4,0,4,0,0,0,0,132950.0,564750.0,4927,3,3,2,1,3,1,4,3,3,3,2,1,0.0,0.0,0.0,0,0.0,0.0,10.0,7.0,8.0,11.0,10.0,7
4928,4928,99,40,564850.0,132950.0,10990040,4,0,4,0,0,0,0,132950.0,564850.0,4928,3,3,2,2,3,1,4,3,3,3,2,1,0.0,0.0,0.0,0,0.0,0.0,10.0,8.0,8.0,11.0,10.0,7
4929,4929,99,41,564950.0,132950.0,10990041,4,0,4,0,0,0,0,132950.0,564950.0,4929,3,3,2,2,3,1,4,3,3,3,2,1,0.0,0.0,0.0,0,0.0,0.0,10.0,8.0,8.0,11.0,10.0,7
4930,4930,99,42,565050.0,132950.0,10990042,4,0,4,0,0,0,0,132950.0,565050.0,4930,3,3,2,2,3,1,4,3,3,3,2,1,0.0,0.0,0.0,0,0.0,0.0,10.0,8.0,8.0,11.0,10.0,7
4931,4931,99,43,565150.0,132950.0,10990043,4,0,4,0,0,0,0,132950.0,565150.0,4931,3,3,2,2,3,1,4,3,3,3,2,1,0.0,0.0,0.0,0,0.0,0.0,10.0,8.0,8.0,11.0,10.0,7
4932,4932,99,44,565250.0,132950.0,10990044,4,0,4,0,0,0,0,132950.0,565250.0,4932,3,3,2,2,3,1,4,3,2,3,2,1,0.0,0.0,0.0,0,0.0,0.0,10.0,8.0,8.0,11.0,9.0,7
4933,4933,99,45,565350.0,132950.0,10990045,4,0,4,0,0,0,0,132950.0,565350.0,4933,3,3,2,2,4,1,4,3,2,3,2,1,0.0,0.0,0.0,0,0.0,0.0,10.0,8.0,9.0,11.0,9.0,7
4934,4934,99,46,565450.0,132950.0,10990046,4,0,4,0,0,0,0,132950.0,565450.0,4934,3,3,3,2,4,1,4,3,2,3,2,1,0.0,0.0,0.0,0,0.0,0.0,10.0,9.0,9.0,11.0,9.0,7
4935,4935,99,47,565550.0,132950.0,10990047,4,0,4,0,0,0,0,132950.0,565550.0,4935,3,3,3,2,4,1,4,3,1,2,2,1,0.0,0.0,0.0,0,0.0,0.0,10.0,9.0,9.0,11.0,7.0,7
4936,4936,99,48,565650.0,132950.0,10990048,3,0,4,0,0,0,0,132950.0,565650.0,4936,3,3,3,2,4,1,4,3,1,1,2,1,0.0,0.0,0.0,0,0.0,0.0,9.0,9.0,8.0,11.0,5.0,7
4937,4937,99,49,565750.0,132950.0,10990049,3,0,4,0,0,0,0,132950.0,565750.0,4937,3,3,3,2,4,1,4,3,0,1,2,1,0.0,0.0,0.0,0,0.0,0.0,9.0,9.0,8.0,11.0,4.0,7
4938,4938,99,50,565850.0,132950.0,10990050,2,0,4,0,0,0,0,132950.0,565850.0,4938,2,3,2,2,4,1,4,3,0,2,2,1,0.0,0.0,0.0,0,0.0,0.0,7.0,8.0,7.0,11.0,4.0,7
4939,4939,99,51,565950.0,132950.0,10990051,2,0,4,0,0,0,0,132950.0,565950.0,4939,2,3,2,2,4,1,4,3,0,2,2,1,0.0,0.0,0.0,0,0.0,0.0,7.0,8.0,7.0,11.0,4.0,7
4940,4940,99,52,566050.0,132950.0,10990052,1,0,4,0,0,0,0,132950.0,566050.0,4940,2,4,1,3,4,0,4,3,0,3,2,1,0.0,0.0,0.0,0,0.0,0.0,7.0,8.0,5.0,11.0,4.0,7
4941,4941,99,53,566150.0,132950.0,10990053,1,0,4,0,0,0,0,132950.0,566150.0,4941,1,4,1,3,4,0,4,3,0,3,2,1,0.0,0.0,0.0,0,0.0,0.0,6.0,8.0,5.0,11.0,4.0,7
4942,4942,99,54,566250.0,132950.0,10990054,1,0,4,0,0,0,0,132950.0,566250.0,4942,1,4,1,3,4,0,0,3,0,4,2,1,0.0,0.0,0.0,0,0.0,0.0,6.0,8.0,5.0,7.0,5.0,7
4943,4943,99,55,566350.0,132950.0,10990055,1,0,4,0,0,0,0,132950.0,566350.0,4943,1,4,1,3,4,0,0,3,0,4,2,1,0.0,0.0,0.0,0,0.0,0.0,6.0,8.0,5.0,7.0,5.0,7
4944,4944,99,56,566450.0,132950.0,10990056,1,0,4,0,0,0,0,132950.0,566450.0,4944,0,4,1,3,4,0,0,3,0,4,2,1,0.0,0.0,0.0,0,0.0,0.0,5.0,8.0,5.0,7.0,5.0,7
4945,4945,99,57,566550.0,132950.0,10990057,1,0,4,0,0,0,0,132950.0,566550.0,4945,0,4,1,3,4,1,0,4,0,4,2,1,0.0,0.0,0.0,0,0.0,0.0,5.0,8.0,6.0,8.0,5.0,7
4946,4946,99,58,566650.0,132950.0,10990058,0,0,3,0,0,0,0,132950.0,566650.0,4946,0,4,1,3,4,2,0,4,0,4,2,1,0.0,0.0,0.0,0,0.0,0.0,4.0,7.0,6.0,7.0,4.0,6
4947,4947,99,59,566750.0,132950.0,10990059,0,0,3,0,0,0,0,132950.0,566750.0,4947,0,3,1,3,4,4,0,4,0,4,2,1,0.0,0.0,0.0,0,0.0,0.0,3.0,7.0,8.0,7.0,4.0,6
4948,4948,99,60,566850.0,132950.0,10990060,1,0,3,0,0,0,0,132950.0,566850.0,4948,0,3,1,3,3,4,0,4,0,4,2,1,0.0,0.0,0.0,0,0.0,0.0,4.0,7.0,8.0,7.0,5.0,6
4949,4949,99,61,566950.0,132950.0,10990061,1,0,3,0,0,0,0,132950.0,566950.0,4949,0,2,1,3,1,2,0,4,0,4,2,1,0.0,0.0,0.0,0,0.0,0.0,3.0,7.0,4.0,7.0,5.0,6
4950,4950,99,62,567050.0,132950.0,10990062,2,0,3,0,0,0,0,132950.0,567050.0,4950,0,1,1,3,1,1,0,4,0,3,2,1,0.0,0.0,0.0,0,0.0,0.0,3.0,7.0,4.0,7.0,5.0,6
4951,4951,99,63,567150.0,132950.0,10990063,2,0,3,0,0,0,0,132950.0,567150.0,4951,0,1,1,3,0,1,0,4,0,2,2,1,0.0,0.0,0.0,0,0.0,0.0,3.0,7.0,3.0,7.0,4.0,6
4952,4952,99,64,567250.0,132950.0,10990064,2,0,3,0,0,0,0,132950.0,567250.0,4952,0,1,1,3,0,0,0,4,0,1,2,1,0.0,0.0,0.0,0,0.0,0.0,3.0,7.0,2.0,7.0,3.0,6
4953,4953,99,65,567350.0,132950.0,10990065,2,0,4,0,0,0,0,132950.0,567350.0,4953,0,1,1,3,0,0,0,4,0,1,2,1,0.0,0.0,0.0,0,0.0,0.0,3.0,8.0,2.0,8.0,3.0,7
4954,4954,99,66,567450.0,132950.0,10990066,1,0,4,0,0,0,0,132950.0,567450.0,4954,0,1,1,3,0,0,0,3,0,1,2,1,0.0,0.0,0.0,0,0.0,0.0,2.0,8.0,1.0,7.0,2.0,7
4955,4955,99,67,567550.0,132950.0,10990067,1,0,4,0,0,0,0,132950.0,567550.0,4955,0,1,1,3,0,0,0,3,0,1,2,2,0.0,0.0,0.0,0,0.0,0.0,2.0,8.0,1.0,7.0,2.0,8
4956,4956,99,68,567650.0,132950.0,10990068,1,0,4,0,0,0,0,132950.0,567650.0,4956,1,1,1,3,0,0,4,3,0,1,3,2,0.0,0.0,0.0,0,0.0,0.0,3.0,8.0,1.0,11.0,2.0,9
4957,4957,99,69,567750.0,132950.0,10990069,0,0,4,0,0,0,0,132950.0,567750.0,4957,1,1,1,3,0,0,4,3,1,1,3,2,0.0,0.0,0.0,0,0.0,0.0,2.0,8.0,0.0,11.0,2.0,9
4958,4958,99,70,567850.0,132950.0,10990070,0,0,4,0,0,0,0,132950.0,567850.0,4958,1,2,1,2,0,0,4,3,3,2,3,2,0.0,0.0,0.0,0,0.0,0.0,3.0,7.0,0.0,11.0,5.0,9
4959,4959,99,71,567950.0,132950.0,10990071,1,0,4,0,0,0,0,132950.0,567950.0,4959,1,2,2,2,0,0,4,3,3,2,3,2,0.0,0.0,0.0,0,0.0,0.0,4.0,8.0,1.0,11.0,6.0,9
4960,4960,99,72,568050.0,132950.0,10990072,1,0,4,0,0,0,0,132950.0,568050.0,4960,1,2,2,2,0,1,4,3,3,2,3,2,0.0,0.0,0.0,0,0.0,0.0,4.0,8.0,2.0,11.0,6.0,9
4961,4961,99,73,568150.0,132950.0,10990073,2,0,4,0,0,0,0,132950.0,568150.0,4961,1,2,3,2,0,0,4,3,2,2,3,2,0.0,0.0,0.0,0,0.0,0.0,5.0,9.0,2.0,11.0,6.0,9
4962,4962,99,74,568250.0,132950.0,10990074,1,0,4,0,0,0,0,132950.0,568250.0,4962,1,2,3,2,0,0,4,3,1,1,3,2,0.0,0.0,0.0,0,0.0,0.0,4.0,9.0,1.0,11.0,3.0,9
4963,4963,99,75,568350.0,132950.0,10990075,1,0,4,0,0,0,0,132950.0,568350.0,4963,1,1,3,2,0,0,4,3,1,1,3,2,0.0,0.0,0.0,0,0.0,0.0,3.0,9.0,1.0,11.0,3.0,9
4964,4964,99,76,568450.0,132950.0,10990076,1,0,4,0,0,0,0,132950.0,568450.0,4964,1,1,3,2,0,0,4,3,0,1,3,2,0.0,0.0,0.0,0,0.0,0.0,3.0,9.0,1.0,11.0,2.0,9
4965,4965,99,77,568550.0,132950.0,10990077,1,0,4,0,0,0,0,132950.0,568550.0,4965,1,1,3,2,0,0,4,3,0,0,3,2,0.0,0.0,0.0,0,0.0,0.0,3.0,9.0,1.0,11.0,1.0,9
4966,4966,99,78,568650.0,132950.0,10990078,1,0,4,0,0,0,0,132950.0,568650.0,4966,2,1,2,2,0,0,4,3,0,0,3,2,0.0,0.0,0.0,0,0.0,0.0,4.0,8.0,1.0,11.0,1.0,9
4967,4967,99,79,568750.0,132950.0,10990079,2,0,4,0,0,0,0,132950.0,568750.0,4967,2,2,2,2,0,0,4,3,0,0,3,2,0.0,0.0,0.0,0,0.0,0.0,6.0,8.0,2.0,11.0,2.0,9
4968,4968,99,80,568850.0,132950.0,10990080,2,0,4,0,0,0,0,132950.0,568850.0,4968,2,2,1,2,0,0,4,3,0,1,3,2,0.0,0.0,0.0,0,0.0,0.0,6.0,7.0,2.0,11.0,3.0,9
4969,4969,99,81,568950.0,132950.0,10990081,2,0,4,0,0,0,0,132950.0,568950.0,4969,2,2,1,3,1,2,4,3,1,1,3,2,0.0,0.0,0.0,0,0.0,0.0,6.0,8.0,5.0,11.0,4.0,9
4970,4970,99,82,569050.0,132950.0,10990082,2,0,4,0,0,0,0,132950.0,569050.0,4970,2,2,1,3,1,4,4,0,1,1,3,2,0.0,0.0,0.0,0,0.0,0.0,6.0,8.0,7.0,8.0,4.0,9
4971,4971,99,83,569150.0,132950.0,10990083,2,0,4,0,0,0,0,132950.0,569150.0,4971,2,1,1,3,1,3,4,0,1,1,3,2,0.0,0.0,0.0,0,0.0,0.0,5.0,8.0,6.0,8.0,4.0,9
4972,4972,99,84,569250.0,132950.0,10990084,1,0,3,0,0,0,0,132950.0,569250.0,4972,2,1,1,3,1,3,4,0,2,1,3,2,0.0,0.0,0.0,0,0.0,0.0,4.0,7.0,5.0,7.0,4.0,8
4973,4973,99,85,569350.0,132950.0,10990085,1,0,3,0,0,0,0,132950.0,569350.0,4973,2,1,0,3,2,3,4,0,2,1,3,2,0.0,0.0,0.0,0,0.0,0.0,4.0,6.0,6.0,7.0,4.0,8
4974,4974,99,86,569450.0,132950.0,10990086,0,0,2,0,0,0,0,132950.0,569450.0,4974,2,1,0,3,2,3,4,0,2,1,3,2,0.0,0.0,0.0,0,0.0,0.0,3.0,5.0,5.0,6.0,3.0,7
4975,4975,99,87,569550.0,132950.0,10990087,0,0,2,0,0,0,0,132950.0,569550.0,4975,2,1,0,3,2,3,4,0,2,1,3,2,0.0,0.0,0.0,0,0.0,0.0,3.0,5.0,5.0,6.0,3.0,7
4976,4976,99,88,569650.0,132950.0,10990088,0,0,2,0,0,0,0,132950.0,569650.0,4976,2,1,0,4,3,3,4,0,2,1,3,2,0.0,0.0,0.0,0,0.0,0.0,3.0,6.0,6.0,6.0,3.0,7
4977,4977,99,89,569750.0,132950.0,10990089,1,0,1,0,0,0,0,132950.0,569750.0,4977,2,1,0,4,3,3,0,0,2,1,3,2,0.0,0.0,0.0,0,0.0,0.0,4.0,5.0,7.0,1.0,4.0,6
4978,4978,99,90,569850.0,132950.0,10990090,1,0,1,0,0,0,0,132950.0,569850.0,4978,2,1,0,4,4,2,0,0,2,1,3,2,0.0,0.0,0.0,0,0.0,0.0,4.0,5.0,7.0,1.0,4.0,6
4979,4979,99,91,569950.0,132950.0,10990091,1,0,1,0,0,0,0,132950.0,569950.0,4979,2,1,0,4,4,2,0,0,2,1,3,2,1.0,0.0,0.0,0,0.0,0.0,4.0,5.0,8.0,1.0,4.0,6
4980,4980,99,92,570050.0,132950.0,10990092,2,0,1,0,0,0,0,132950.0,570050.0,4980,1,1,0,4,4,1,0,0,2,1,3,2,1.0,0.0,0.0,0,0.0,0.0,4.0,5.0,8.0,1.0,5.0,6
4981,4981,99,93,570150.0,132950.0,10990093,2,0,1,0,0,0,0,132950.0,570150.0,4981,1,1,0,4,4,1,0,0,2,1,3,2,1.0,0.0,0.0,0,0.0,0.0,4.0,5.0,8.0,1.0,5.0,6
4982,4982,99,94,570250.0,132950.0,10990094,2,0,1,0,0,0,0,132950.0,570250.0,4982,1,1,0,4,4,1,0,0,2,1,3,2,1.75,0.0,0.0,0,0.0,0.0,4.0,5.0,8.75,1.0,5.0,6
4983,4983,99,95,570350.0,132950.0,10990095,1,0,2,0,0,0,0,132950.0,570350.0,4983,1,1,0,4,4,0,4,0,2,2,3,2,2.25,0.0,0.0,0,0.0,0.0,3.0,6.0,7.25,6.0,5.0,7
4984,4984,99,96,570450.0,132950.0,10990096,1,0,2,0,0,0,0,132950.0,570450.0,4984,1,2,0,3,4,0,4,0,2,2,3,2,2.25,0.0,0.0,0,0.0,0.0,4.0,5.0,7.25,6.0,5.0,7
4985,4985,99,97,570550.0,132950.0,10990097,1,0,2,0,0,0,0,132950.0,570550.0,4985,1,2,0,3,4,0,4,0,1,2,3,2,2.5,0.0,0.0,0,0.0,0.0,4.0,5.0,7.5,6.0,4.0,7
4986,4986,99,98,570650.0,132950.0,10990098,1,0,2,0,0,0,0,132950.0,570650.0,4986,1,3,0,3,4,0,4,0,1,3,3,2,2.5,0.0,0.0,0,0.0,0.0,5.0,5.0,7.5,6.0,5.0,7
4987,4987,99,99,570750.0,132950.0,10990099,1,0,1,0,0,0,0,132950.0,570750.0,4987,1,3,1,3,4,0,4,0,1,3,3,2,2.5,0.0,0.0,0,0.0,0.0,5.0,5.0,7.5,5.0,5.0,6
4988,4988,99,100,570850.0,132950.0,10990100,1,0,1,0,0,0,0,132950.0,570850.0,4988,1,3,1,3,4,0,4,0,1,3,2,2,2.5,0.0,0.0,0,0.0,0.0,5.0,5.0,7.5,5.0,5.0,5
4989,4989,99,101,570950.0,132950.0,10990101,1,0,1,0,0,0,0,132950.0,570950.0,4989,1,3,1,3,4,0,4,0,0,3,2,2,2.5,0.0,0.0,0,0.0,0.0,5.0,5.0,7.5,5.0,4.0,5
4990,4990,99,102,571050.0,132950.0,10990102,1,0,1,0,0,0,0,132950.0,571050.0,4990,1,3,1,3,3,0,4,3,0,3,2,2,2.5,0.0,0.0,0,0.0,0.0,5.0,5.0,6.5,8.0,4.0,5
4991,4991,99,103,571150.0,132950.0,10990103,1,0,1,0,0,0,0,132950.0,571150.0,4991,1,3,2,2,3,0,4,3,1,3,2,2,2.5,0.0,0.0,0,0.0,0.0,5.0,5.0,6.5,8.0,5.0,5
4992,4992,99,104,571250.0,132950.0,10990104,1,0,1,0,0,0,0,132950.0,571250.0,4992,2,3,2,2,3,0,4,3,1,3,2,2,2.5,0.0,0.0,0,0.0,0.0,6.0,5.0,6.5,8.0,5.0,5
4993,4993,99,105,571350.0,132950.0,10990105,2,0,2,0,0,0,0,132950.0,571350.0,4993,2,3,3,2,3,0,4,3,1,3,2,2,2.5,0.0,0.0,0,0.0,0.0,7.0,7.0,7.5,9.0,6.0,6
4994,4994,99,106,571450.0,132950.0,10990106,2,0,2,0,0,0,0,132950.0,571450.0,4994,2,2,3,2,3,0,4,3,1,3,2,2,2.5,0.0,0.0,0,0.0,0.0,6.0,7.0,7.5,9.0,6.0,6
4995,4995,99,107,571550.0,132950.0,10990107,2,0,3,0,0,0,0,132950.0,571550.0,4995,2,2,3,2,3,0,4,3,2,2,2,2,2.5,0.0,0.0,0,0.0,0.0,6.0,8.0,7.5,10.0,6.0,7
4996,4996,99,108,571650.0,132950.0,10990108,2,0,3,0,0,0,0,132950.0,571650.0,4996,2,2,3,2,3,0,4,3,2,2,2,2,2.5,0.0,0.0,0,0.0,0.0,6.0,8.0,7.5,10.0,6.0,7
4997,4997,99,109,571750.0,132950.0,10990109,2,0,3,0,0,0,0,132950.0,571750.0,4997,2,2,3,2,3,0,4,3,2,2,2,2,2.5,0.0,0.0,0,0.0,0.0,6.0,8.0,7.5,10.0,6.0,7
4998,4998,99,110,571850.0,132950.0,10990110,2,0,4,0,0,0,0,132950.0,571850.0,4998,2,2,3,2,4,0,4,3,2,2,2,2,2.5,0.0,0.0,0,0.0,0.0,6.0,9.0,8.5,11.0,6.0,8
4999,4999,99,111,571950.0,132950.0,10990111,2,0,4,0,0,0,0,132950.0,571950.0,4999,2,2,3,2,4,0,4,3,2,2,2,2,1.5,0.0,0.0,0,0.0,0.0,6.0,9.0,7.5,11.0,6.0,8
5000,5000,99,112,572050.0,132950.0,10990112,1,0,4,0,0,0,0,132950.0,572050.0,5000,2,2,2,2,4,0,4,3,2,2,2,2,0.75,0.0,0.0,0,0.0,0.0,5.0,8.0,5.75,11.0,5.0,8
5001,5001,99,113,572150.0,132950.0,10990113,1,0,4,0,0,0,0,132950.0,572150.0,5001,2,2,2,1,4,0,4,3,3,2,2,2,0.0,0.0,0.0,0,0.0,0.0,5.0,7.0,5.0,11.0,6.0,8
5002,5002,100,32,564050.0,132850.0,11000032,4,0,4,0,0,0,0,132850.0,564050.0,5002,3,3,2,1,3,2,4,3,3,2,2,2,0.0,0.0,0.0,0,0.0,0.0,10.0,7.0,9.0,11.0,9.0,8
5003,5003,100,33,564150.0,132850.0,11000033,4,0,4,0,0,0,0,132850.0,564150.0,5003,3,3,2,1,3,2,4,3,3,2,2,2,0.0,0.0,0.0,0,0.0,0.0,10.0,7.0,9.0,11.0,9.0,8
5004,5004,100,34,564250.0,132850.0,11000034,4,0,4,0,0,0,0,132850.0,564250.0,5004,3,3,2,1,3,2,4,3,3,2,2,1,0.0,0.0,0.0,0,0.0,0.0,10.0,7.0,9.0,11.0,9.0,7
5005,5005,100,35,564350.0,132850.0,11000035,4,0,4,0,0,0,0,132850.0,564350.0,5005,3,3,2,1,3,2,4,3,3,2,2,1,0.0,0.0,0.0,0,0.0,0.0,10.0,7.0,9.0,11.0,9.0,7
5006,5006,100,36,564450.0,132850.0,11000036,4,0,4,0,0,0,0,132850.0,564450.0,5006,3,3,2,1,3,2,4,3,3,2,2,1,0.0,0.0,0.0,0,0.0,0.0,10.0,7.0,9.0,11.0,9.0,7
5007,5007,100,37,564550.0,132850.0,11000037,4,0,4,0,0,0,0,132850.0,564550.0,5007,3,3,2,1,3,1,4,3,3,3,2,1,0.0,0.0,0.0,0,0.0,0.0,10.0,7.0,8.0,11.0,10.0,7
5008,5008,100,38,564650.0,132850.0,11000038,4,0,4,0,0,0,0,132850.0,564650.0,5008,3,3,2,1,3,1,4,3,3,3,2,1,0.0,0.0,0.0,0,0.0,0.0,10.0,7.0,8.0,11.0,10.0,7
5009,5009,100,39,564750.0,132850.0,11000039,4,0,4,0,0,0,0,132850.0,564750.0,5009,3,3,2,1,3,1,4,3,3,3,2,1,0.0,0.0,0.0,0,0.0,0.0,10.0,7.0,8.0,11.0,10.0,7
5010,5010,100,40,564850.0,132850.0,11000040,4,0,4,0,0,0,0,132850.0,564850.0,5010,3,3,2,1,3,1,4,3,3,3,2,1,0.0,0.0,0.0,0,0.0,0.0,10.0,7.0,8.0,11.0,10.0,7
5011,5011,100,41,564950.0,132850.0,11000041,4,0,4,0,0,0,0,132850.0,564950.0,5011,3,3,2,2,3,1,4,3,3,3,2,1,0.0,0.0,0.0,0,0.0,0.0,10.0,8.0,8.0,11.0,10.0,7
5012,5012,100,42,565050.0,132850.0,11000042,4,0,4,0,0,0,0,132850.0,565050.0,5012,3,3,2,2,3,1,4,3,3,3,2,1,0.0,0.0,0.0,0,0.0,0.0,10.0,8.0,8.0,11.0,10.0,7
5013,5013,100,43,565150.0,132850.0,11000043,4,0,4,0,0,0,0,132850.0,565150.0,5013,3,3,2,2,3,1,4,3,3,3,2,1,0.0,0.0,0.0,0,0.0,0.0,10.0,8.0,8.0,11.0,10.0,7
5014,5014,100,44,565250.0,132850.0,11000044,4,0,4,0,0,0,0,132850.0,565250.0,5014,3,3,2,2,3,1,4,3,3,3,2,1,0.0,0.0,0.0,0,0.0,0.0,10.0,8.0,8.0,11.0,10.0,7
5015,5015,100,45,565350.0,132850.0,11000045,4,0,4,0,0,0,0,132850.0,565350.0,5015,3,3,2,2,4,1,4,3,2,3,2,1,0.0,0.0,0.0,0,0.0,0.0,10.0,8.0,9.0,11.0,9.0,7
5016,5016,100,46,565450.0,132850.0,11000046,4,0,4,0,0,0,0,132850.0,565450.0,5016,3,3,2,2,4,1,4,3,2,3,2,1,0.0,0.0,0.0,0,0.0,0.0,10.0,8.0,9.0,11.0,9.0,7
5017,5017,100,47,565550.0,132850.0,11000047,4,0,4,0,0,0,0,132850.0,565550.0,5017,3,3,2,2,4,1,4,3,2,3,2,1,0.0,0.0,0.0,0,0.0,0.0,10.0,8.0,9.0,11.0,9.0,7
5018,5018,100,48,565650.0,132850.0,11000048,3,0,4,0,0,0,0,132850.0,565650.0,5018,3,3,3,2,4,1,4,3,1,2,2,1,0.0,0.0,0.0,0,0.0,0.0,9.0,9.0,8.0,11.0,6.0,7
5019,5019,100,49,565750.0,132850.0,11000049,3,0,4,0,0,0,0,132850.0,565750.0,5019,3,3,3,2,4,1,4,3,1,1,2,1,0.0,0.0,0.0,0,0.0,0.0,9.0,9.0,8.0,11.0,5.0,7
5020,5020,100,50,565850.0,132850.0,11000050,3,0,4,0,0,0,0,132850.0,565850.0,5020,3,3,2,2,4,1,4,3,0,2,2,1,0.0,0.0,0.0,0,0.0,0.0,9.0,8.0,8.0,11.0,5.0,7
5021,5021,100,51,565950.0,132850.0,11000051,2,0,4,0,0,0,0,132850.0,565950.0,5021,2,3,2,2,4,1,4,3,0,2,2,1,0.0,0.0,0.0,0,0.0,0.0,7.0,8.0,7.0,11.0,4.0,7
5022,5022,100,52,566050.0,132850.0,11000052,2,0,4,0,0,0,0,132850.0,566050.0,5022,2,4,2,2,4,1,4,3,0,2,2,1,0.0,0.0,0.0,0,0.0,0.0,8.0,8.0,7.0,11.0,4.0,7
5023,5023,100,53,566150.0,132850.0,11000053,2,0,4,0,0,0,0,132850.0,566150.0,5023,2,4,1,3,4,1,4,3,0,3,2,1,0.0,0.0,0.0,0,0.0,0.0,8.0,8.0,7.0,11.0,5.0,7
5024,5024,100,54,566250.0,132850.0,11000054,1,0,4,0,0,0,0,132850.0,566250.0,5024,2,4,1,3,4,1,4,3,0,3,2,1,0.0,0.0,0.0,0,0.0,0.0,7.0,8.0,6.0,11.0,4.0,7
5025,5025,100,55,566350.0,132850.0,11000055,1,0,4,0,0,0,0,132850.0,566350.0,5025,1,4,1,3,4,1,0,3,0,4,2,1,0.0,0.0,0.0,0,0.0,0.0,6.0,8.0,6.0,7.0,5.0,7
5026,5026,100,56,566450.0,132850.0,11000056,1,0,4,0,0,0,0,132850.0,566450.0,5026,1,4,1,3,4,1,0,3,0,4,2,1,0.0,0.0,0.0,0,0.0,0.0,6.0,8.0,6.0,7.0,5.0,7
5027,5027,100,57,566550.0,132850.0,11000057,1,0,4,0,0,0,0,132850.0,566550.0,5027,1,4,1,3,4,1,0,3,0,4,2,1,0.0,0.0,0.0,0,0.0,0.0,6.0,8.0,6.0,7.0,5.0,7
5028,5028,100,58,566650.0,132850.0,11000058,1,0,4,0,0,0,0,132850.0,566650.0,5028,0,3,1,3,4,2,0,3,0,4,2,1,0.0,0.0,0.0,0,0.0,0.0,4.0,8.0,7.0,7.0,5.0,7
5029,5029,100,59,566750.0,132850.0,11000059,1,0,4,0,0,0,0,132850.0,566750.0,5029,0,3,1,3,4,3,0,4,0,4,2,1,0.0,0.0,0.0,0,0.0,0.0,4.0,8.0,8.0,8.0,5.0,7
5030,5030,100,60,566850.0,132850.0,11000060,1,0,4,0,0,0,0,132850.0,566850.0,5030,0,2,1,3,3,4,0,4,0,4,2,1,0.0,0.0,0.0,0,0.0,0.0,3.0,8.0,8.0,8.0,5.0,7
5031,5031,100,61,566950.0,132850.0,11000061,1,0,4,0,0,0,0,132850.0,566950.0,5031,0,2,1,3,2,4,0,4,0,3,2,1,0.0,0.0,0.0,0,0.0,0.0,3.0,8.0,7.0,8.0,4.0,7
5032,5032,100,62,567050.0,132850.0,11000062,2,0,4,0,0,0,0,132850.0,567050.0,5032,0,1,1,3,1,2,0,4,0,3,2,1,0.0,0.0,0.0,0,0.0,0.0,3.0,8.0,5.0,8.0,5.0,7
5033,5033,100,63,567150.0,132850.0,11000063,2,0,4,0,0,0,0,132850.0,567150.0,5033,0,1,1,3,1,1,0,4,0,2,2,1,0.0,0.0,0.0,0,0.0,0.0,3.0,8.0,4.0,8.0,4.0,7
5034,5034,100,64,567250.0,132850.0,11000064,2,0,4,0,0,0,0,132850.0,567250.0,5034,0,1,1,3,0,1,0,3,0,2,2,1,0.0,0.0,0.0,0,0.0,0.0,3.0,8.0,3.0,7.0,4.0,7
5035,5035,100,65,567350.0,132850.0,11000065,2,0,4,0,0,0,0,132850.0,567350.0,5035,1,1,1,3,0,0,0,3,0,1,2,1,0.0,0.0,0.0,0,0.0,0.0,4.0,8.0,2.0,7.0,3.0,7
5036,5036,100,66,567450.0,132850.0,11000066,1,0,4,0,0,0,0,132850.0,567450.0,5036,1,1,1,3,0,0,0,3,0,1,2,1,0.0,0.0,0.0,0,0.0,0.0,3.0,8.0,1.0,7.0,2.0,7
5037,5037,100,67,567550.0,132850.0,11000067,1,0,4,0,0,0,0,132850.0,567550.0,5037,1,1,1,3,0,0,4,3,0,1,2,2,0.0,0.0,0.0,0,0.0,0.0,3.0,8.0,1.0,11.0,2.0,8
5038,5038,100,68,567650.0,132850.0,11000068,0,0,4,0,0,0,0,132850.0,567650.0,5038,1,1,1,3,0,0,4,3,1,1,2,2,0.0,0.0,0.0,0,0.0,0.0,2.0,8.0,0.0,11.0,2.0,8
5039,5039,100,69,567750.0,132850.0,11000069,0,0,4,0,0,0,0,132850.0,567750.0,5039,1,1,1,2,0,0,4,3,3,2,3,2,0.0,0.0,0.0,0,0.0,0.0,2.0,7.0,0.0,11.0,5.0,9
5040,5040,100,70,567850.0,132850.0,11000070,0,0,4,0,0,0,0,132850.0,567850.0,5040,1,1,2,2,0,0,4,3,3,3,3,2,0.0,0.0,0.0,0,0.0,0.0,2.0,8.0,0.0,11.0,6.0,9
5041,5041,100,71,567950.0,132850.0,11000071,0,0,4,0,0,0,0,132850.0,567950.0,5041,1,2,2,2,0,0,4,3,3,2,3,2,0.0,0.0,0.0,0,0.0,0.0,3.0,8.0,0.0,11.0,5.0,9
5042,5042,100,72,568050.0,132850.0,11000072,1,0,4,0,0,0,0,132850.0,568050.0,5042,1,2,3,2,0,1,4,3,2,2,3,2,0.0,0.0,0.0,0,0.0,0.0,4.0,9.0,2.0,11.0,5.0,9
5043,5043,100,73,568150.0,132850.0,11000073,1,0,4,0,0,0,0,132850.0,568150.0,5043,1,1,3,2,0,0,4,3,2,2,3,2,0.0,0.0,0.0,0,0.0,0.0,3.0,9.0,1.0,11.0,5.0,9
5044,5044,100,74,568250.0,132850.0,11000074,1,0,4,0,0,0,0,132850.0,568250.0,5044,1,1,3,2,0,0,4,3,1,1,3,2,0.0,0.0,0.0,0,0.0,0.0,3.0,9.0,1.0,11.0,3.0,9
5045,5045,100,75,568350.0,132850.0,11000075,1,0,4,0,0,0,0,132850.0,568350.0,5045,1,1,3,2,0,0,4,3,1,1,3,2,0.0,0.0,0.0,0,0.0,0.0,3.0,9.0,1.0,11.0,3.0,9
5046,5046,100,76,568450.0,132850.0,11000076,1,0,4,0,0,0,0,132850.0,568450.0,5046,1,1,3,2,0,0,4,3,0,1,3,2,0.0,0.0,0.0,0,0.0,0.0,3.0,9.0,1.0,11.0,2.0,9
5047,5047,100,77,568550.0,132850.0,11000077,1,0,4,0,0,0,0,132850.0,568550.0,5047,1,1,3,2,0,0,4,3,0,1,3,2,0.0,0.0,0.0,0,0.0,0.0,3.0,9.0,1.0,11.0,2.0,9
5048,5048,100,78,568650.0,132850.0,11000078,1,0,4,0,0,0,0,132850.0,568650.0,5048,1,1,2,2,0,0,4,3,0,1,3,2,0.0,0.0,0.0,0,0.0,0.0,3.0,8.0,1.0,11.0,2.0,9
5049,5049,100,79,568750.0,132850.0,11000079,2,0,4,0,0,0,0,132850.0,568750.0,5049,2,1,2,2,0,0,4,3,0,1,3,2,0.0,0.0,0.0,0,0.0,0.0,5.0,8.0,2.0,11.0,3.0,9
5050,5050,100,80,568850.0,132850.0,11000080,2,0,4,0,0,0,0,132850.0,568850.0,5050,2,1,1,3,0,1,4,3,1,1,3,2,0.0,0.0,0.0,0,0.0,0.0,5.0,8.0,3.0,11.0,4.0,9
5051,5051,100,81,568950.0,132850.0,11000081,2,0,4,0,0,0,0,132850.0,568950.0,5051,2,1,1,3,1,4,4,3,1,1,3,2,0.0,0.0,0.0,0,0.0,0.0,5.0,8.0,7.0,11.0,4.0,9
5052,5052,100,82,569050.0,132850.0,11000082,2,0,4,0,0,0,0,132850.0,569050.0,5052,2,1,1,3,2,3,4,0,1,1,3,2,0.0,0.0,0.0,0,0.0,0.0,5.0,8.0,7.0,8.0,4.0,9
5053,5053,100,83,569150.0,132850.0,11000083,2,0,4,0,0,0,0,132850.0,569150.0,5053,2,1,1,3,2,3,4,0,2,1,3,2,0.0,0.0,0.0,0,0.0,0.0,5.0,8.0,7.0,8.0,5.0,9
5054,5054,100,84,569250.0,132850.0,11000084,2,0,3,0,0,0,0,132850.0,569250.0,5054,2,1,1,3,2,3,4,0,2,1,3,2,0.0,0.0,0.0,0,0.0,0.0,5.0,7.0,7.0,7.0,5.0,8
5055,5055,100,85,569350.0,132850.0,11000085,1,0,3,0,0,0,0,132850.0,569350.0,5055,2,1,0,3,3,3,4,0,2,1,3,2,0.0,0.0,0.0,0,0.0,0.0,4.0,6.0,7.0,7.0,4.0,8
5056,5056,100,86,569450.0,132850.0,11000086,1,0,2,0,0,0,0,132850.0,569450.0,5056,2,1,0,3,3,3,4,0,2,1,3,2,0.0,0.0,0.0,0,0.0,0.0,4.0,5.0,7.0,6.0,4.0,7
5057,5057,100,87,569550.0,132850.0,11000087,1,0,2,0,0,0,0,132850.0,569550.0,5057,2,1,0,4,3,2,4,0,2,1,3,2,0.0,0.0,0.0,0,0.0,0.0,4.0,6.0,6.0,6.0,4.0,7
5058,5058,100,88,569650.0,132850.0,11000088,1,0,1,0,0,0,0,132850.0,569650.0,5058,2,1,0,4,4,2,0,0,2,1,3,2,0.0,0.0,0.0,0,0.0,0.0,4.0,5.0,7.0,1.0,4.0,6
5059,5059,100,89,569750.0,132850.0,11000089,1,0,1,0,0,0,0,132850.0,569750.0,5059,2,1,0,4,4,2,0,0,2,1,3,2,0.0,0.0,0.0,0,0.0,0.0,4.0,5.0,7.0,1.0,4.0,6
5060,5060,100,90,569850.0,132850.0,11000090,1,0,0,0,0,0,0,132850.0,569850.0,5060,2,1,0,4,4,1,0,0,2,1,3,2,0.0,0.0,0.0,0,0.0,0.0,4.0,4.0,6.0,0.0,4.0,5
5061,5061,100,91,569950.0,132850.0,11000091,2,0,0,0,0,0,0,132850.0,569950.0,5061,2,1,0,4,4,1,0,0,2,1,3,2,1.0,0.0,0.0,0,0.0,0.0,5.0,4.0,8.0,0.0,5.0,5
5062,5062,100,92,570050.0,132850.0,11000092,2,0,0,0,0,0,0,132850.0,570050.0,5062,2,1,0,4,4,1,0,0,2,1,3,2,1.0,0.0,0.0,0,0.0,0.0,5.0,4.0,8.0,0.0,5.0,5
5063,5063,100,93,570150.0,132850.0,11000093,2,0,0,0,0,0,0,132850.0,570150.0,5063,2,2,0,4,4,0,0,0,2,1,3,2,1.75,0.0,0.0,0,0.0,0.0,6.0,4.0,7.75,0.0,5.0,5
5064,5064,100,94,570250.0,132850.0,11000094,2,0,1,0,0,0,0,132850.0,570250.0,5064,2,2,0,4,4,0,0,0,2,2,3,2,1.75,0.0,0.0,0,0.0,0.0,6.0,5.0,7.75,1.0,6.0,6
5065,5065,100,95,570350.0,132850.0,11000095,2,0,1,0,0,0,0,132850.0,570350.0,5065,2,2,0,4,4,0,0,0,2,2,3,2,2.25,0.0,0.0,0,0.0,0.0,6.0,5.0,8.25,1.0,6.0,6
5066,5066,100,96,570450.0,132850.0,11000096,1,0,2,0,0,0,0,132850.0,570450.0,5066,2,2,0,4,4,0,4,0,2,2,3,2,2.5,0.0,0.0,0,0.0,0.0,5.0,6.0,7.5,6.0,5.0,7
5067,5067,100,97,570550.0,132850.0,11000097,1,0,2,0,0,0,0,132850.0,570550.0,5067,2,2,0,3,4,0,4,0,1,2,3,2,2.5,0.0,0.0,0,0.0,0.0,5.0,5.0,7.5,6.0,4.0,7
5068,5068,100,98,570650.0,132850.0,11000098,0,0,2,0,0,0,0,132850.0,570650.0,5068,2,3,0,3,4,0,4,0,1,2,3,2,2.5,0.0,0.0,0,0.0,0.0,5.0,5.0,6.5,6.0,3.0,7
5069,5069,100,99,570750.0,132850.0,11000099,0,0,2,0,0,0,0,132850.0,570750.0,5069,2,3,1,3,4,0,4,0,1,3,2,2,2.5,0.0,0.0,0,0.0,0.0,5.0,6.0,6.5,6.0,4.0,6
5070,5070,100,100,570850.0,132850.0,11000100,1,0,1,0,0,0,0,132850.0,570850.0,5070,2,3,1,3,3,0,4,0,1,3,2,2,2.5,0.0,0.0,0,0.0,0.0,6.0,5.0,6.5,5.0,5.0,5
5071,5071,100,101,570950.0,132850.0,11000101,1,0,1,0,0,0,0,132850.0,570950.0,5071,2,3,1,3,3,0,4,0,1,3,2,2,2.5,0.0,0.0,0,0.0,0.0,6.0,5.0,6.5,5.0,5.0,5
5072,5072,100,102,571050.0,132850.0,11000102,1,0,1,0,0,0,0,132850.0,571050.0,5072,2,3,1,3,3,0,4,3,1,3,2,2,2.5,0.0,0.0,0,0.0,0.0,6.0,5.0,6.5,8.0,5.0,5
5073,5073,100,103,571150.0,132850.0,11000103,1,0,1,0,0,0,0,132850.0,571150.0,5073,2,3,1,2,3,0,4,3,1,3,2,2,2.5,0.0,0.0,0,0.0,0.0,6.0,4.0,6.5,8.0,5.0,5
5074,5074,100,104,571250.0,132850.0,11000104,2,0,2,0,0,0,0,132850.0,571250.0,5074,2,3,2,2,3,0,4,3,1,3,2,2,2.5,0.0,0.0,0,0.0,0.0,7.0,6.0,7.5,9.0,6.0,6
5075,5075,100,105,571350.0,132850.0,11000105,2,0,2,0,0,0,0,132850.0,571350.0,5075,2,2,3,2,3,0,4,3,1,3,2,2,2.5,0.0,0.0,0,0.0,0.0,6.0,7.0,7.5,9.0,6.0,6
5076,5076,100,106,571450.0,132850.0,11000106,2,0,2,0,0,0,0,132850.0,571450.0,5076,2,2,3,2,3,0,4,3,1,3,2,2,2.5,0.0,0.0,0,0.0,0.0,6.0,7.0,7.5,9.0,6.0,6
5077,5077,100,107,571550.0,132850.0,11000107,3,0,3,0,0,0,0,132850.0,571550.0,5077,2,2,3,2,3,0,4,3,2,2,2,2,2.5,0.0,0.0,0,0.0,0.0,7.0,8.0,8.5,10.0,7.0,7
5078,5078,100,108,571650.0,132850.0,11000108,2,0,3,0,0,0,0,132850.0,571650.0,5078,2,2,3,2,3,0,4,3,2,2,2,2,2.5,0.0,0.0,0,0.0,0.0,6.0,8.0,7.5,10.0,6.0,7
5079,5079,100,109,571750.0,132850.0,11000109,2,0,4,0,0,0,0,132850.0,571750.0,5079,2,2,3,2,3,0,4,3,2,2,2,2,1.5,0.0,0.0,0,0.0,0.0,6.0,9.0,6.5,11.0,6.0,8
5080,5080,100,110,571850.0,132850.0,11000110,2,0,4,0,0,0,0,132850.0,571850.0,5080,2,2,3,2,4,0,4,3,2,2,2,2,0.75,0.0,0.0,0,0.0,0.0,6.0,9.0,6.75,11.0,6.0,8
5081,5081,100,111,571950.0,132850.0,11000111,2,0,4,0,0,0,0,132850.0,571950.0,5081,2,2,3,2,4,0,4,3,2,2,2,2,0.25,0.0,0.0,0,0.0,0.0,6.0,9.0,6.25,11.0,6.0,8
5082,5082,100,112,572050.0,132850.0,11000112,1,0,4,0,0,0,0,132850.0,572050.0,5082,2,2,2,2,4,0,4,3,2,2,2,2,0.0,0.0,0.0,0,0.0,0.0,5.0,8.0,5.0,11.0,5.0,8
5083,5083,100,113,572150.0,132850.0,11000113,1,0,4,0,0,0,0,132850.0,572150.0,5083,2,2,2,2,4,0,4,3,3,2,2,2,0.0,0.0,0.0,0,0.0,0.0,5.0,8.0,5.0,11.0,6.0,8
5084,5084,101,32,564050.0,132750.0,11010032,4,0,4,0,0,0,0,132750.0,564050.0,5084,3,3,2,1,3,2,4,3,3,2,2,2,0.0,0.0,0.0,0,0.0,0.0,10.0,7.0,9.0,11.0,9.0,8
5085,5085,101,33,564150.0,132750.0,11010033,4,0,4,0,0,0,0,132750.0,564150.0,5085,3,3,2,1,3,2,4,3,3,2,2,2,0.0,0.0,0.0,0,0.0,0.0,10.0,7.0,9.0,11.0,9.0,8
5086,5086,101,34,564250.0,132750.0,11010034,4,0,4,0,0,0,0,132750.0,564250.0,5086,3,3,2,1,3,2,4,3,3,2,2,2,0.0,0.0,0.0,0,0.0,0.0,10.0,7.0,9.0,11.0,9.0,8
5087,5087,101,35,564350.0,132750.0,11010035,4,0,4,0,0,0,0,132750.0,564350.0,5087,3,3,2,1,3,2,4,3,3,2,2,2,0.0,0.0,0.0,0,0.0,0.0,10.0,7.0,9.0,11.0,9.0,8
5088,5088,101,36,564450.0,132750.0,11010036,4,0,4,0,0,0,0,132750.0,564450.0,5088,3,3,2,1,3,2,4,3,3,2,2,1,0.0,0.0,0.0,0,0.0,0.0,10.0,7.0,9.0,11.0,9.0,7
5089,5089,101,37,564550.0,132750.0,11010037,4,0,4,0,0,0,0,132750.0,564550.0,5089,3,3,2,1,3,1,4,3,3,3,2,1,0.0,0.0,0.0,0,0.0,0.0,10.0,7.0,8.0,11.0,10.0,7
5090,5090,101,38,564650.0,132750.0,11010038,4,0,4,0,0,0,0,132750.0,564650.0,5090,3,3,2,1,3,1,4,3,3,3,2,1,0.0,0.0,0.0,0,0.0,0.0,10.0,7.0,8.0,11.0,10.0,7
5091,5091,101,39,564750.0,132750.0,11010039,4,0,4,0,0,0,0,132750.0,564750.0,5091,3,3,2,1,3,1,4,3,3,3,2,1,0.0,0.0,0.0,0,0.0,0.0,10.0,7.0,8.0,11.0,10.0,7
5092,5092,101,40,564850.0,132750.0,11010040,4,0,4,0,0,0,0,132750.0,564850.0,5092,3,3,2,1,3,1,4,3,3,3,2,1,0.0,0.0,0.0,0,0.0,0.0,10.0,7.0,8.0,11.0,10.0,7
5093,5093,101,41,564950.0,132750.0,11010041,4,0,4,0,0,0,0,132750.0,564950.0,5093,3,3,2,2,3,1,4,3,3,3,2,1,0.0,0.0,0.0,0,0.0,0.0,10.0,8.0,8.0,11.0,10.0,7
5094,5094,101,42,565050.0,132750.0,11010042,4,0,4,0,0,0,0,132750.0,565050.0,5094,3,3,2,2,3,1,4,3,3,3,2,1,0.0,0.0,0.0,0,0.0,0.0,10.0,8.0,8.0,11.0,10.0,7
5095,5095,101,43,565150.0,132750.0,11010043,4,0,4,0,0,0,0,132750.0,565150.0,5095,3,3,2,2,3,1,4,3,3,3,2,1,0.0,0.0,0.0,0,0.0,0.0,10.0,8.0,8.0,11.0,10.0,7
5096,5096,101,44,565250.0,132750.0,11010044,4,0,4,0,0,0,0,132750.0,565250.0,5096,3,3,2,2,3,1,4,3,3,3,2,1,0.0,0.0,0.0,0,0.0,0.0,10.0,8.0,8.0,11.0,10.0,7
5097,5097,101,45,565350.0,132750.0,11010045,4,0,4,0,0,0,0,132750.0,565350.0,5097,3,3,2,2,4,1,4,3,3,3,2,1,0.0,0.0,0.0,0,0.0,0.0,10.0,8.0,9.0,11.0,10.0,7
5098,5098,101,46,565450.0,132750.0,11010046,4,0,4,0,0,0,0,132750.0,565450.0,5098,3,3,2,2,4,1,4,3,2,3,2,1,0.0,0.0,0.0,0,0.0,0.0,10.0,8.0,9.0,11.0,9.0,7
5099,5099,101,47,565550.0,132750.0,11010047,4,0,4,0,0,0,0,132750.0,565550.0,5099,3,3,2,2,4,1,4,3,2,3,2,1,0.0,0.0,0.0,0,0.0,0.0,10.0,8.0,9.0,11.0,9.0,7
5100,5100,101,48,565650.0,132750.0,11010048,4,0,4,0,0,0,0,132750.0,565650.0,5100,3,3,2,2,4,1,4,3,2,3,2,1,0.0,0.0,0.0,0,0.0,0.0,10.0,8.0,9.0,11.0,9.0,7
5101,5101,101,49,565750.0,132750.0,11010049,3,0,4,0,0,0,0,132750.0,565750.0,5101,3,3,2,2,4,1,4,3,1,2,2,1,0.0,0.0,0.0,0,0.0,0.0,9.0,8.0,8.0,11.0,6.0,7
5102,5102,101,50,565850.0,132750.0,11010050,3,0,4,0,0,0,0,132750.0,565850.0,5102,3,3,2,2,4,1,4,3,1,1,2,1,0.0,0.0,0.0,0,0.0,0.0,9.0,8.0,8.0,11.0,5.0,7
5103,5103,101,51,565950.0,132750.0,11010051,3,0,4,0,0,0,0,132750.0,565950.0,5103,3,3,2,2,4,1,4,3,0,2,2,1,0.0,0.0,0.0,0,0.0,0.0,9.0,8.0,8.0,11.0,5.0,7
5104,5104,101,52,566050.0,132750.0,11010052,2,0,4,0,0,0,0,132750.0,566050.0,5104,3,3,2,2,4,1,4,3,0,2,2,1,0.0,0.0,0.0,0,0.0,0.0,8.0,8.0,7.0,11.0,4.0,7
5105,5105,101,53,566150.0,132750.0,11010053,2,0,4,0,0,0,0,132750.0,566150.0,5105,2,4,1,2,4,1,4,3,0,3,2,1,0.0,0.0,0.0,0,0.0,0.0,8.0,7.0,7.0,11.0,5.0,7
5106,5106,101,54,566250.0,132750.0,11010054,2,0,4,0,0,0,0,132750.0,566250.0,5106,2,4,1,3,4,1,4,3,0,3,2,1,0.0,0.0,0.0,0,0.0,0.0,8.0,8.0,7.0,11.0,5.0,7
5107,5107,101,55,566350.0,132750.0,11010055,2,0,4,0,0,0,0,132750.0,566350.0,5107,2,4,1,3,4,1,4,3,0,3,2,1,0.0,0.0,0.0,0,0.0,0.0,8.0,8.0,7.0,11.0,5.0,7
5108,5108,101,56,566450.0,132750.0,11010056,2,0,4,0,0,0,0,132750.0,566450.0,5108,2,4,1,3,4,1,4,3,0,4,2,1,0.0,0.0,0.0,0,0.0,0.0,8.0,8.0,7.0,11.0,6.0,7
5109,5109,101,57,566550.0,132750.0,11010057,2,0,4,0,0,0,0,132750.0,566550.0,5109,1,4,1,3,4,1,0,3,0,4,2,1,0.0,0.0,0.0,0,0.0,0.0,7.0,8.0,7.0,7.0,6.0,7
5110,5110,101,58,566650.0,132750.0,11010058,1,0,4,0,0,0,0,132750.0,566650.0,5110,1,3,1,3,4,2,0,3,0,4,2,1,0.0,0.0,0.0,0,0.0,0.0,5.0,8.0,7.0,7.0,5.0,7
5111,5111,101,59,566750.0,132750.0,11010059,1,0,4,0,0,0,0,132750.0,566750.0,5111,1,3,1,3,4,3,0,3,0,4,2,1,0.0,0.0,0.0,0,0.0,0.0,5.0,8.0,8.0,7.0,5.0,7
5112,5112,101,60,566850.0,132750.0,11010060,2,0,4,0,0,0,0,132750.0,566850.0,5112,0,2,1,3,3,4,0,3,0,4,2,1,0.0,0.0,0.0,0,0.0,0.0,4.0,8.0,9.0,7.0,6.0,7
5113,5113,101,61,566950.0,132750.0,11010061,2,0,4,0,0,0,0,132750.0,566950.0,5113,0,1,1,3,3,4,0,3,0,3,2,1,0.0,0.0,0.0,0,0.0,0.0,3.0,8.0,9.0,7.0,5.0,7
5114,5114,101,62,567050.0,132750.0,11010062,2,0,4,0,0,0,0,132750.0,567050.0,5114,1,1,1,3,2,3,0,3,0,3,2,1,0.0,0.0,0.0,0,0.0,0.0,4.0,8.0,7.0,7.0,5.0,7
5115,5115,101,63,567150.0,132750.0,11010063,3,0,4,0,0,0,0,132750.0,567150.0,5115,1,1,1,3,1,2,0,3,0,2,2,1,0.0,0.0,0.0,0,0.0,0.0,5.0,8.0,6.0,7.0,5.0,7
5116,5116,101,64,567250.0,132750.0,11010064,2,0,4,0,0,0,0,132750.0,567250.0,5116,1,1,1,3,1,1,0,3,0,2,2,1,0.0,0.0,0.0,0,0.0,0.0,4.0,8.0,4.0,7.0,4.0,7
5117,5117,101,65,567350.0,132750.0,11010065,2,0,4,0,0,0,0,132750.0,567350.0,5117,1,1,1,3,0,1,4,3,0,1,2,1,0.0,0.0,0.0,0,0.0,0.0,4.0,8.0,3.0,11.0,3.0,7
5118,5118,101,66,567450.0,132750.0,11010066,1,0,4,0,0,0,0,132750.0,567450.0,5118,1,1,1,3,0,1,4,3,0,1,2,1,0.0,0.0,0.0,0,0.0,0.0,3.0,8.0,2.0,11.0,2.0,7
5119,5119,101,67,567550.0,132750.0,11010067,1,0,4,0,0,0,0,132750.0,567550.0,5119,1,1,1,3,0,0,4,3,2,2,2,2,0.0,0.0,0.0,0,0.0,0.0,3.0,8.0,1.0,11.0,5.0,8
5120,5120,101,68,567650.0,132750.0,11010068,0,0,4,0,0,0,0,132750.0,567650.0,5120,1,1,1,2,0,0,4,3,3,3,2,2,0.0,0.0,0.0,0,0.0,0.0,2.0,7.0,0.0,11.0,6.0,8
5121,5121,101,69,567750.0,132750.0,11010069,0,0,4,0,0,0,0,132750.0,567750.0,5121,1,1,2,2,0,0,4,3,3,3,2,2,0.0,0.0,0.0,0,0.0,0.0,2.0,8.0,0.0,11.0,6.0,8
5122,5122,101,70,567850.0,132750.0,11010070,0,0,4,0,0,0,0,132750.0,567850.0,5122,1,1,2,2,0,0,4,3,3,3,3,2,0.0,0.0,0.0,0,0.0,0.0,2.0,8.0,0.0,11.0,6.0,9
5123,5123,101,71,567950.0,132750.0,11010071,0,0,4,0,0,0,0,132750.0,567950.0,5123,1,1,3,2,0,0,4,3,3,2,3,2,0.0,0.0,0.0,0,0.0,0.0,2.0,9.0,0.0,11.0,5.0,9
5124,5124,101,72,568050.0,132750.0,11010072,1,0,4,0,0,0,0,132750.0,568050.0,5124,1,1,3,2,0,1,4,3,2,2,3,2,0.0,0.0,0.0,0,0.0,0.0,3.0,9.0,2.0,11.0,5.0,9
5125,5125,101,73,568150.0,132750.0,11010073,1,0,4,0,0,0,0,132750.0,568150.0,5125,1,1,3,2,0,0,4,3,2,1,3,2,0.0,0.0,0.0,0,0.0,0.0,3.0,9.0,1.0,11.0,4.0,9
5126,5126,101,74,568250.0,132750.0,11010074,1,0,4,0,0,0,0,132750.0,568250.0,5126,1,1,3,2,0,0,4,3,1,1,3,2,0.0,0.0,0.0,0,0.0,0.0,3.0,9.0,1.0,11.0,3.0,9
5127,5127,101,75,568350.0,132750.0,11010075,0,0,4,0,0,0,0,132750.0,568350.0,5127,1,1,3,2,0,0,4,3,1,1,3,2,0.0,0.0,0.0,0,0.0,0.0,2.0,9.0,0.0,11.0,2.0,9
5128,5128,101,76,568450.0,132750.0,11010076,0,0,4,0,0,0,0,132750.0,568450.0,5128,1,1,3,2,0,0,4,3,1,1,3,2,0.0,0.0,0.0,0,0.0,0.0,2.0,9.0,0.0,11.0,2.0,9
5129,5129,101,77,568550.0,132750.0,11010077,1,0,4,0,0,0,0,132750.0,568550.0,5129,1,1,3,2,0,0,4,3,1,1,3,2,0.0,0.0,0.0,0,0.0,0.0,3.0,9.0,1.0,11.0,3.0,9
5130,5130,101,78,568650.0,132750.0,11010078,1,0,4,0,0,0,0,132750.0,568650.0,5130,1,1,2,2,0,0,4,3,1,1,3,2,0.0,0.0,0.0,0,0.0,0.0,3.0,8.0,1.0,11.0,3.0,9
5131,5131,101,79,568750.0,132750.0,11010079,1,0,4,0,0,0,0,132750.0,568750.0,5131,2,1,2,2,0,1,4,3,1,1,3,2,0.0,0.0,0.0,0,0.0,0.0,4.0,8.0,2.0,11.0,3.0,9
5132,5132,101,80,568850.0,132750.0,11010080,2,0,4,0,0,0,0,132750.0,568850.0,5132,2,1,1,3,1,3,4,3,1,1,3,2,0.0,0.0,0.0,0,0.0,0.0,5.0,8.0,6.0,11.0,4.0,9
5133,5133,101,81,568950.0,132750.0,11010081,2,0,4,0,0,0,0,132750.0,568950.0,5133,2,1,1,3,1,3,4,3,1,1,3,2,0.0,0.0,0.0,0,0.0,0.0,5.0,8.0,6.0,11.0,4.0,9
5134,5134,101,82,569050.0,132750.0,11010082,3,0,4,0,0,0,0,132750.0,569050.0,5134,2,2,1,3,2,2,4,0,1,1,3,2,0.0,0.0,0.0,0,0.0,0.0,7.0,8.0,7.0,8.0,5.0,9
5135,5135,101,83,569150.0,132750.0,11010083,2,0,4,0,0,0,0,132750.0,569150.0,5135,2,2,1,3,3,2,4,0,2,1,3,2,0.0,0.0,0.0,0,0.0,0.0,6.0,8.0,7.0,8.0,5.0,9
5136,5136,101,84,569250.0,132750.0,11010084,2,0,3,0,0,0,0,132750.0,569250.0,5136,2,2,1,3,3,2,4,0,2,1,3,2,0.0,0.0,0.0,0,0.0,0.0,6.0,7.0,7.0,7.0,5.0,8
5137,5137,101,85,569350.0,132750.0,11010085,2,0,3,0,0,0,0,132750.0,569350.0,5137,2,2,0,3,3,2,4,0,2,1,3,2,0.0,0.0,0.0,0,0.0,0.0,6.0,6.0,7.0,7.0,5.0,8
5138,5138,101,86,569450.0,132750.0,11010086,1,0,2,0,0,0,0,132750.0,569450.0,5138,2,2,0,3,4,2,4,0,2,1,3,2,0.0,0.0,0.0,0,0.0,0.0,5.0,5.0,7.0,6.0,4.0,7
5139,5139,101,87,569550.0,132750.0,11010087,1,0,2,0,0,0,0,132750.0,569550.0,5139,2,2,0,4,4,2,4,0,2,1,3,2,0.0,0.0,0.0,0,0.0,0.0,5.0,6.0,7.0,6.0,4.0,7
5140,5140,101,88,569650.0,132750.0,11010088,1,0,1,0,0,0,0,132750.0,569650.0,5140,2,2,0,4,4,1,0,0,2,1,3,2,0.0,0.0,0.0,0,0.0,0.0,5.0,5.0,6.0,1.0,4.0,6
5141,5141,101,89,569750.0,132750.0,11010089,1,0,1,0,0,0,0,132750.0,569750.0,5141,2,2,0,4,4,1,0,0,3,1,3,2,0.0,0.0,0.0,0,0.0,0.0,5.0,5.0,6.0,1.0,5.0,6
5142,5142,101,90,569850.0,132750.0,11010090,2,0,0,0,0,0,0,132750.0,569850.0,5142,2,2,0,4,4,1,0,0,3,1,3,2,0.0,0.0,0.0,0,0.0,0.0,6.0,4.0,7.0,0.0,6.0,5
5143,5143,101,91,569950.0,132750.0,11010091,2,0,0,0,0,0,0,132750.0,569950.0,5143,2,2,0,4,4,0,0,0,2,1,3,2,1.0,0.0,0.0,0,0.0,0.0,6.0,4.0,7.0,0.0,5.0,5
5144,5144,101,92,570050.0,132750.0,11010092,2,0,0,0,0,0,0,132750.0,570050.0,5144,2,2,0,4,4,0,0,0,2,2,3,2,1.0,0.0,0.0,0,0.0,0.0,6.0,4.0,7.0,0.0,6.0,5
5145,5145,101,93,570150.0,132750.0,11010093,2,0,0,0,0,0,0,132750.0,570150.0,5145,2,2,0,4,4,0,0,0,2,2,3,2,1.75,0.0,0.0,0,0.0,0.0,6.0,4.0,7.75,0.0,6.0,5
5146,5146,101,94,570250.0,132750.0,11010094,2,0,1,0,0,0,0,132750.0,570250.0,5146,2,2,0,4,4,0,0,0,2,2,3,2,2.25,0.0,0.0,0,0.0,0.0,6.0,5.0,8.25,1.0,6.0,6
5147,5147,101,95,570350.0,132750.0,11010095,1,0,1,0,0,0,0,132750.0,570350.0,5147,2,2,0,4,4,0,0,0,2,2,3,2,2.25,0.0,0.0,0,0.0,0.0,5.0,5.0,7.25,1.0,5.0,6
5148,5148,101,96,570450.0,132750.0,11010096,1,0,2,0,0,0,0,132750.0,570450.0,5148,2,2,0,4,4,0,4,0,2,2,3,2,2.5,0.0,0.0,0,0.0,0.0,5.0,6.0,7.5,6.0,5.0,7
5149,5149,101,97,570550.0,132750.0,11010097,0,0,2,0,0,0,0,132750.0,570550.0,5149,2,2,0,3,4,0,4,0,2,2,2,2,2.5,0.0,0.0,0,0.0,0.0,4.0,5.0,6.5,6.0,4.0,6
5150,5150,101,98,570650.0,132750.0,11010098,0,0,2,0,0,0,0,132750.0,570650.0,5150,2,3,0,3,4,0,4,0,1,2,2,2,2.5,0.0,0.0,0,0.0,0.0,5.0,5.0,6.5,6.0,3.0,6
5151,5151,101,99,570750.0,132750.0,11010099,0,0,2,0,0,0,0,132750.0,570750.0,5151,2,3,1,3,3,0,4,0,1,3,2,2,2.5,0.0,0.0,0,0.0,0.0,5.0,6.0,5.5,6.0,4.0,6
5152,5152,101,100,570850.0,132750.0,11010100,0,0,2,0,0,0,0,132750.0,570850.0,5152,2,3,1,3,3,0,4,0,1,3,2,2,2.5,0.0,0.0,0,0.0,0.0,5.0,6.0,5.5,6.0,4.0,6
5153,5153,101,101,570950.0,132750.0,11010101,1,0,2,0,0,0,0,132750.0,570950.0,5153,2,3,1,3,2,0,4,0,1,3,2,2,2.5,0.0,0.0,0,0.0,0.0,6.0,6.0,5.5,6.0,5.0,6
5154,5154,101,102,571050.0,132750.0,11010102,1,0,2,0,0,0,0,132750.0,571050.0,5154,2,3,1,3,2,0,4,3,1,3,2,2,2.5,0.0,0.0,0,0.0,0.0,6.0,6.0,5.5,9.0,5.0,6
5155,5155,101,103,571150.0,132750.0,11010103,2,0,2,0,0,0,0,132750.0,571150.0,5155,2,3,1,3,2,0,4,3,1,3,2,2,2.5,0.0,0.0,0,0.0,0.0,7.0,6.0,6.5,9.0,6.0,6
5156,5156,101,104,571250.0,132750.0,11010104,2,0,2,0,0,0,0,132750.0,571250.0,5156,2,2,2,2,2,0,4,3,1,3,2,2,2.5,0.0,0.0,0,0.0,0.0,6.0,6.0,6.5,9.0,6.0,6
5157,5157,101,105,571350.0,132750.0,11010105,2,0,2,0,0,0,0,132750.0,571350.0,5157,2,2,3,2,3,0,4,3,1,3,2,2,2.5,0.0,0.0,0,0.0,0.0,6.0,7.0,7.5,9.0,6.0,6
5158,5158,101,106,571450.0,132750.0,11010106,3,0,3,0,0,0,0,132750.0,571450.0,5158,2,2,3,2,3,0,4,3,2,2,2,2,2.5,0.0,0.0,0,0.0,0.0,7.0,8.0,8.5,10.0,7.0,7
5159,5159,101,107,571550.0,132750.0,11010107,3,0,3,0,0,0,0,132750.0,571550.0,5159,2,2,3,2,3,0,4,3,2,2,2,2,1.5,0.0,0.0,0,0.0,0.0,7.0,8.0,7.5,10.0,7.0,7
5160,5160,101,108,571650.0,132750.0,11010108,3,0,3,0,0,0,0,132750.0,571650.0,5160,2,2,3,2,3,0,4,3,2,2,2,2,0.75,0.0,0.0,0,0.0,0.0,7.0,8.0,6.75,10.0,7.0,7
5161,5161,101,109,571750.0,132750.0,11010109,3,0,4,0,0,0,0,132750.0,571750.0,5161,2,2,3,2,3,0,4,3,2,2,2,2,0.25,0.0,0.0,0,0.0,0.0,7.0,9.0,6.25,11.0,7.0,8
5162,5162,101,110,571850.0,132750.0,11010110,2,0,4,0,0,0,0,132750.0,571850.0,5162,2,2,3,2,4,0,4,3,2,2,2,2,0.0,0.0,0.0,0,0.0,0.0,6.0,9.0,6.0,11.0,6.0,8
5163,5163,101,111,571950.0,132750.0,11010111,2,0,4,0,0,0,0,132750.0,571950.0,5163,2,2,3,2,4,0,4,3,2,2,2,2,0.0,0.0,0.0,0,0.0,0.0,6.0,9.0,6.0,11.0,6.0,8
5164,5164,101,112,572050.0,132750.0,11010112,1,0,4,0,0,0,0,132750.0,572050.0,5164,2,2,2,2,4,0,4,3,2,2,2,2,0.0,0.0,0.0,0,0.0,0.0,5.0,8.0,5.0,11.0,5.0,8
5165,5165,101,113,572150.0,132750.0,11010113,1,0,4,0,0,0,0,132750.0,572150.0,5165,2,2,2,2,4,0,4,3,3,2,2,2,0.0,0.0,0.0,0,0.0,0.0,5.0,8.0,5.0,11.0,6.0,8
5166,5166,102,32,564050.0,132650.0,11020032,4,0,4,0,0,0,0,132650.0,564050.0,5166,3,3,2,1,3,2,4,3,3,2,2,2,0.0,0.0,0.0,0,0.0,0.0,10.0,7.0,9.0,11.0,9.0,8
5167,5167,102,33,564150.0,132650.0,11020033,4,0,4,0,0,0,0,132650.0,564150.0,5167,3,3,2,1,3,2,4,3,3,2,2,2,0.0,0.0,0.0,0,0.0,0.0,10.0,7.0,9.0,11.0,9.0,8
5168,5168,102,34,564250.0,132650.0,11020034,4,0,4,0,0,0,0,132650.0,564250.0,5168,3,3,2,1,3,2,4,3,3,2,2,2,0.0,0.0,0.0,0,0.0,0.0,10.0,7.0,9.0,11.0,9.0,8
5169,5169,102,35,564350.0,132650.0,11020035,4,0,4,0,0,0,0,132650.0,564350.0,5169,3,3,2,1,3,2,4,3,3,2,2,2,0.0,0.0,0.0,0,0.0,0.0,10.0,7.0,9.0,11.0,9.0,8
5170,5170,102,36,564450.0,132650.0,11020036,4,0,4,0,0,0,0,132650.0,564450.0,5170,3,3,2,1,3,2,4,3,3,2,2,2,0.0,0.0,0.0,0,0.0,0.0,10.0,7.0,9.0,11.0,9.0,8
5171,5171,102,37,564550.0,132650.0,11020037,4,0,4,0,0,0,0,132650.0,564550.0,5171,3,3,2,1,3,1,4,3,3,2,2,1,0.0,0.0,0.0,0,0.0,0.0,10.0,7.0,8.0,11.0,9.0,7
5172,5172,102,38,564650.0,132650.0,11020038,4,0,4,0,0,0,0,132650.0,564650.0,5172,3,3,2,1,3,1,4,3,3,3,2,1,0.0,0.0,0.0,0,0.0,0.0,10.0,7.0,8.0,11.0,10.0,7
5173,5173,102,39,564750.0,132650.0,11020039,4,0,4,0,0,0,0,132650.0,564750.0,5173,3,3,2,1,3,1,4,3,3,3,2,1,0.0,0.0,0.0,0,0.0,0.0,10.0,7.0,8.0,11.0,10.0,7
5174,5174,102,40,564850.0,132650.0,11020040,4,0,4,0,0,0,0,132650.0,564850.0,5174,3,3,2,1,3,1,4,3,3,3,2,1,0.0,0.0,0.0,0,0.0,0.0,10.0,7.0,8.0,11.0,10.0,7
5175,5175,102,41,564950.0,132650.0,11020041,4,0,4,0,0,0,0,132650.0,564950.0,5175,3,3,2,1,3,1,4,3,3,3,2,1,0.0,0.0,0.0,0,0.0,0.0,10.0,7.0,8.0,11.0,10.0,7
5176,5176,102,42,565050.0,132650.0,11020042,4,0,4,0,0,0,0,132650.0,565050.0,5176,3,3,2,2,3,1,4,3,3,3,2,1,0.0,0.0,0.0,0,0.0,0.0,10.0,8.0,8.0,11.0,10.0,7
5177,5177,102,43,565150.0,132650.0,11020043,4,0,4,0,0,0,0,132650.0,565150.0,5177,3,3,2,2,3,1,4,3,3,3,2,1,0.0,0.0,0.0,0,0.0,0.0,10.0,8.0,8.0,11.0,10.0,7
5178,5178,102,44,565250.0,132650.0,11020044,4,0,4,0,0,0,0,132650.0,565250.0,5178,3,3,2,2,3,1,4,3,3,3,2,1,0.0,0.0,0.0,0,0.0,0.0,10.0,8.0,8.0,11.0,10.0,7
5179,5179,102,45,565350.0,132650.0,11020045,4,0,4,0,0,0,0,132650.0,565350.0,5179,3,3,2,2,3,1,4,3,3,3,2,1,0.0,0.0,0.0,0,0.0,0.0,10.0,8.0,8.0,11.0,10.0,7
5180,5180,102,46,565450.0,132650.0,11020046,4,0,4,0,0,0,0,132650.0,565450.0,5180,3,3,2,2,4,1,4,3,3,3,2,1,0.0,0.0,0.0,0,0.0,0.0,10.0,8.0,9.0,11.0,10.0,7
5181,5181,102,47,565550.0,132650.0,11020047,4,0,4,0,0,0,0,132650.0,565550.0,5181,3,3,2,2,4,1,4,3,3,3,2,1,0.0,0.0,0.0,0,0.0,0.0,10.0,8.0,9.0,11.0,10.0,7
5182,5182,102,48,565650.0,132650.0,11020048,4,0,4,0,0,0,0,132650.0,565650.0,5182,3,3,2,2,4,1,4,3,2,3,2,1,0.0,0.0,0.0,0,0.0,0.0,10.0,8.0,9.0,11.0,9.0,7
5183,5183,102,49,565750.0,132650.0,11020049,4,0,4,0,0,0,0,132650.0,565750.0,5183,3,3,2,2,4,1,4,3,2,3,2,1,0.0,0.0,0.0,0,0.0,0.0,10.0,8.0,9.0,11.0,9.0,7
5184,5184,102,50,565850.0,132650.0,11020050,3,0,4,0,0,0,0,132650.0,565850.0,5184,3,3,2,2,4,1,4,3,1,2,2,1,0.0,0.0,0.0,0,0.0,0.0,9.0,8.0,8.0,11.0,6.0,7
5185,5185,102,51,565950.0,132650.0,11020051,3,0,4,0,0,0,0,132650.0,565950.0,5185,3,3,2,2,4,1,4,3,0,2,2,1,0.0,0.0,0.0,0,0.0,0.0,9.0,8.0,8.0,11.0,5.0,7
5186,5186,102,52,566050.0,132650.0,11020052,3,0,4,0,0,0,0,132650.0,566050.0,5186,3,3,2,2,4,1,4,3,0,2,2,1,0.0,0.0,0.0,0,0.0,0.0,9.0,8.0,8.0,11.0,5.0,7
5187,5187,102,53,566150.0,132650.0,11020053,2,0,4,0,0,0,0,132650.0,566150.0,5187,3,3,2,2,4,1,4,3,0,2,2,1,0.0,0.0,0.0,0,0.0,0.0,8.0,8.0,7.0,11.0,4.0,7
5188,5188,102,54,566250.0,132650.0,11020054,2,0,4,0,0,0,0,132650.0,566250.0,5188,3,3,2,2,4,1,4,3,0,3,2,1,0.0,0.0,0.0,0,0.0,0.0,8.0,8.0,7.0,11.0,5.0,7
5189,5189,102,55,566350.0,132650.0,11020055,2,0,4,0,0,0,0,132650.0,566350.0,5189,2,3,1,2,4,1,4,3,0,3,2,1,0.0,0.0,0.0,0,0.0,0.0,7.0,7.0,7.0,11.0,5.0,7
5190,5190,102,56,566450.0,132650.0,11020056,2,0,4,0,0,0,0,132650.0,566450.0,5190,2,3,1,3,4,1,4,3,0,3,2,1,0.0,0.0,0.0,0,0.0,0.0,7.0,8.0,7.0,11.0,5.0,7
5191,5191,102,57,566550.0,132650.0,11020057,2,0,4,0,0,0,0,132650.0,566550.0,5191,2,3,1,3,4,1,4,3,0,3,2,1,0.0,0.0,0.0,0,0.0,0.0,7.0,8.0,7.0,11.0,5.0,7
5192,5192,102,58,566650.0,132650.0,11020058,2,0,4,0,0,0,0,132650.0,566650.0,5192,2,3,1,3,4,2,4,3,0,3,2,1,0.0,0.0,0.0,0,0.0,0.0,7.0,8.0,8.0,11.0,5.0,7
5193,5193,102,59,566750.0,132650.0,11020059,2,0,4,0,0,0,0,132650.0,566750.0,5193,1,3,1,3,4,3,4,3,0,3,2,1,0.0,0.0,0.0,0,0.0,0.0,6.0,8.0,9.0,11.0,5.0,7
5194,5194,102,60,566850.0,132650.0,11020060,2,0,4,0,0,0,0,132650.0,566850.0,5194,1,2,1,3,4,4,4,3,0,3,2,1,0.0,0.0,0.0,0,0.0,0.0,5.0,8.0,10.0,11.0,5.0,7
5195,5195,102,61,566950.0,132650.0,11020061,2,0,4,0,0,0,0,132650.0,566950.0,5195,1,1,1,3,3,4,4,3,0,3,2,1,0.0,0.0,0.0,0,0.0,0.0,4.0,8.0,9.0,11.0,5.0,7
5196,5196,102,62,567050.0,132650.0,11020062,3,0,4,0,0,0,0,132650.0,567050.0,5196,1,1,1,3,3,4,4,3,0,2,2,1,0.0,0.0,0.0,0,0.0,0.0,5.0,8.0,10.0,11.0,5.0,7
5197,5197,102,63,567150.0,132650.0,11020063,3,0,4,0,0,0,0,132650.0,567150.0,5197,1,1,1,3,2,3,4,3,0,2,2,1,0.0,0.0,0.0,0,0.0,0.0,5.0,8.0,8.0,11.0,5.0,7
5198,5198,102,64,567250.0,132650.0,11020064,2,0,4,0,0,0,0,132650.0,567250.0,5198,1,1,1,3,1,2,4,3,0,1,2,1,0.0,0.0,0.0,0,0.0,0.0,4.0,8.0,5.0,11.0,3.0,7
5199,5199,102,65,567350.0,132650.0,11020065,2,0,4,0,0,0,0,132650.0,567350.0,5199,1,1,1,3,1,2,4,3,1,2,2,1,0.0,0.0,0.0,0,0.0,0.0,4.0,8.0,5.0,11.0,5.0,7
5200,5200,102,66,567450.0,132650.0,11020066,1,0,4,0,0,0,0,132650.0,567450.0,5200,1,1,1,3,0,1,4,3,2,3,2,1,0.0,0.0,0.0,0,0.0,0.0,3.0,8.0,2.0,11.0,6.0,7
5201,5201,102,67,567550.0,132650.0,11020067,1,0,4,0,0,0,0,132650.0,567550.0,5201,1,1,2,2,0,1,4,3,3,3,2,2,0.0,0.0,0.0,0,0.0,0.0,3.0,8.0,2.0,11.0,7.0,8
5202,5202,102,68,567650.0,132650.0,11020068,0,0,4,0,0,0,0,132650.0,567650.0,5202,1,1,2,2,0,0,4,3,3,3,2,2,0.0,0.0,0.0,0,0.0,0.0,2.0,8.0,0.0,11.0,6.0,8
5203,5203,102,69,567750.0,132650.0,11020069,0,0,4,0,0,0,0,132650.0,567750.0,5203,1,1,2,2,0,0,4,3,3,3,2,2,0.0,0.0,0.0,0,0.0,0.0,2.0,8.0,0.0,11.0,6.0,8
5204,5204,102,70,567850.0,132650.0,11020070,0,0,4,0,0,0,0,132650.0,567850.0,5204,1,1,3,2,0,1,4,3,3,2,2,2,0.0,0.0,0.0,0,0.0,0.0,2.0,9.0,1.0,11.0,5.0,8
5205,5205,102,71,567950.0,132650.0,11020071,1,0,4,0,0,0,0,132650.0,567950.0,5205,1,1,3,2,0,1,4,3,2,2,3,2,0.0,0.0,0.0,0,0.0,0.0,3.0,9.0,2.0,11.0,5.0,9
5206,5206,102,72,568050.0,132650.0,11020072,1,0,4,0,0,0,0,132650.0,568050.0,5206,1,1,3,2,0,1,4,3,2,2,3,2,0.0,0.0,0.0,0,0.0,0.0,3.0,9.0,2.0,11.0,5.0,9
5207,5207,102,73,568150.0,132650.0,11020073,1,0,4,0,0,0,0,132650.0,568150.0,5207,1,1,3,2,0,1,4,3,2,1,3,2,0.0,0.0,0.0,0,0.0,0.0,3.0,9.0,2.0,11.0,4.0,9
5208,5208,102,74,568250.0,132650.0,11020074,0,0,4,0,0,0,0,132650.0,568250.0,5208,1,1,3,2,0,0,4,3,1,1,3,2,0.0,0.0,0.0,0,0.0,0.0,2.0,9.0,0.0,11.0,2.0,9
5209,5209,102,75,568350.0,132650.0,11020075,0,0,4,0,0,0,0,132650.0,568350.0,5209,1,1,3,2,0,0,4,3,1,1,3,2,0.0,0.0,0.0,0,0.0,0.0,2.0,9.0,0.0,11.0,2.0,9
5210,5210,102,76,568450.0,132650.0,11020076,0,0,4,0,0,0,0,132650.0,568450.0,5210,1,1,3,2,0,0,4,3,1,1,3,2,0.0,0.0,0.0,0,0.0,0.0,2.0,9.0,0.0,11.0,2.0,9
5211,5211,102,77,568550.0,132650.0,11020077,0,0,4,0,0,0,0,132650.0,568550.0,5211,1,1,3,2,0,0,4,3,1,1,3,2,0.0,0.0,0.0,0,0.0,0.0,2.0,9.0,0.0,11.0,2.0,9
5212,5212,102,78,568650.0,132650.0,11020078,1,0,4,0,0,0,0,132650.0,568650.0,5212,1,1,3,2,0,0,4,3,1,1,3,2,0.0,0.0,0.0,0,0.0,0.0,3.0,9.0,1.0,11.0,3.0,9
5213,5213,102,79,568750.0,132650.0,11020079,1,0,4,0,0,0,0,132650.0,568750.0,5213,2,1,2,2,1,2,4,3,1,1,3,2,0.0,0.0,0.0,0,0.0,0.0,4.0,8.0,4.0,11.0,3.0,9
5214,5214,102,80,568850.0,132650.0,11020080,2,0,4,0,0,0,0,132650.0,568850.0,5214,2,1,1,3,1,2,4,3,1,1,3,2,0.0,0.0,0.0,0,0.0,0.0,5.0,8.0,5.0,11.0,4.0,9
5215,5215,102,81,568950.0,132650.0,11020081,2,0,4,0,0,0,0,132650.0,568950.0,5215,2,1,1,3,2,2,4,3,1,1,3,2,0.0,0.0,0.0,0,0.0,0.0,5.0,8.0,6.0,11.0,4.0,9
5216,5216,102,82,569050.0,132650.0,11020082,3,0,4,0,0,0,0,132650.0,569050.0,5216,2,2,1,3,2,2,4,0,2,1,3,2,0.0,0.0,0.0,0,0.0,0.0,7.0,8.0,7.0,8.0,6.0,9
5217,5217,102,83,569150.0,132650.0,11020083,3,0,4,0,0,0,0,132650.0,569150.0,5217,2,2,1,3,3,2,4,0,2,1,3,2,0.0,0.0,0.0,0,0.0,0.0,7.0,8.0,8.0,8.0,6.0,9
5218,5218,102,84,569250.0,132650.0,11020084,2,0,3,0,0,0,0,132650.0,569250.0,5218,2,2,1,3,3,2,4,0,2,1,3,2,0.0,0.0,0.0,0,0.0,0.0,6.0,7.0,7.0,7.0,5.0,8
5219,5219,102,85,569350.0,132650.0,11020085,2,0,3,0,0,0,0,132650.0,569350.0,5219,2,2,0,3,4,2,4,0,2,1,3,2,0.0,0.0,0.0,0,0.0,0.0,6.0,6.0,8.0,7.0,5.0,8
5220,5220,102,86,569450.0,132650.0,11020086,2,0,2,0,0,0,0,132650.0,569450.0,5220,2,2,0,3,4,1,4,0,2,1,3,2,0.0,0.0,0.0,0,0.0,0.0,6.0,5.0,7.0,6.0,5.0,7
5221,5221,102,87,569550.0,132650.0,11020087,2,0,2,0,0,0,0,132650.0,569550.0,5221,2,2,0,4,4,1,4,0,2,1,3,2,0.0,0.0,0.0,0,0.0,0.0,6.0,6.0,7.0,6.0,5.0,7
5222,5222,102,88,569650.0,132650.0,11020088,2,0,1,0,0,0,0,132650.0,569650.0,5222,2,2,0,4,4,1,0,0,3,1,3,2,0.0,0.0,0.0,0,0.0,0.0,6.0,5.0,7.0,1.0,6.0,6
5223,5223,102,89,569750.0,132650.0,11020089,2,0,1,0,0,0,0,132650.0,569750.0,5223,2,2,0,4,4,1,0,0,3,1,3,2,0.0,0.0,0.0,0,0.0,0.0,6.0,5.0,7.0,1.0,6.0,6
5224,5224,102,90,569850.0,132650.0,11020090,1,0,0,0,0,0,0,132650.0,569850.0,5224,2,2,0,4,4,0,0,0,3,2,3,2,0.0,0.0,0.0,0,0.0,0.0,5.0,4.0,5.0,0.0,6.0,5
5225,5225,102,91,569950.0,132650.0,11020091,1,0,0,0,0,0,0,132650.0,569950.0,5225,2,2,0,4,4,0,0,0,3,2,3,2,1.0,0.0,0.0,0,0.0,0.0,5.0,4.0,6.0,0.0,6.0,5
5226,5226,102,92,570050.0,132650.0,11020092,1,0,0,0,0,0,0,132650.0,570050.0,5226,2,2,0,4,4,0,0,0,2,2,3,2,1.0,0.0,0.0,0,0.0,0.0,5.0,4.0,6.0,0.0,5.0,5
5227,5227,102,93,570150.0,132650.0,11020093,1,0,0,0,0,0,0,132650.0,570150.0,5227,2,2,0,4,4,0,0,0,2,2,3,2,1.0,0.0,0.0,0,0.0,0.0,5.0,4.0,6.0,0.0,5.0,5
5228,5228,102,94,570250.0,132650.0,11020094,1,0,1,0,0,0,0,132650.0,570250.0,5228,2,2,0,4,4,0,0,0,2,2,3,2,1.75,0.0,0.0,0,0.0,0.0,5.0,5.0,6.75,1.0,5.0,6
5229,5229,102,95,570350.0,132650.0,11020095,1,0,1,0,0,0,0,132650.0,570350.0,5229,2,2,0,4,4,0,0,0,2,2,2,2,2.25,0.0,0.0,0,0.0,0.0,5.0,5.0,7.25,1.0,5.0,5
5230,5230,102,96,570450.0,132650.0,11020096,1,0,2,0,0,0,0,132650.0,570450.0,5230,2,2,0,4,4,0,4,0,2,2,2,2,2.25,0.0,0.0,0,0.0,0.0,5.0,6.0,7.25,6.0,5.0,6
5231,5231,102,97,570550.0,132650.0,11020097,0,0,2,0,0,0,0,132650.0,570550.0,5231,2,2,0,3,4,0,4,0,2,2,2,2,2.5,0.0,0.0,0,0.0,0.0,4.0,5.0,6.5,6.0,4.0,6
5232,5232,102,98,570650.0,132650.0,11020098,0,0,3,0,0,0,0,132650.0,570650.0,5232,2,2,0,3,3,0,4,0,2,2,2,2,2.5,0.0,0.0,0,0.0,0.0,4.0,6.0,5.5,7.0,4.0,7
5233,5233,102,99,570750.0,132650.0,11020099,0,0,3,0,0,0,0,132650.0,570750.0,5233,2,2,1,3,2,0,4,0,2,2,2,2,2.5,0.0,0.0,0,0.0,0.0,4.0,7.0,4.5,7.0,4.0,7
5234,5234,102,100,570850.0,132650.0,11020100,0,0,2,0,0,0,0,132650.0,570850.0,5234,2,3,1,3,2,0,4,0,1,3,2,2,2.5,0.0,0.0,0,0.0,0.0,5.0,6.0,4.5,6.0,4.0,6
5235,5235,102,101,570950.0,132650.0,11020101,1,0,2,0,0,0,0,132650.0,570950.0,5235,2,2,1,3,2,0,4,0,1,3,2,2,2.5,0.0,0.0,0,0.0,0.0,5.0,6.0,5.5,6.0,5.0,6
5236,5236,102,102,571050.0,132650.0,11020102,1,0,2,0,0,0,0,132650.0,571050.0,5236,2,2,1,3,2,0,4,3,1,3,2,2,2.5,0.0,0.0,0,0.0,0.0,5.0,6.0,5.5,9.0,5.0,6
5237,5237,102,103,571150.0,132650.0,11020103,2,0,2,0,0,0,0,132650.0,571150.0,5237,2,2,1,2,2,0,4,3,1,3,2,2,1.5,0.0,0.0,0,0.0,0.0,6.0,5.0,5.5,9.0,6.0,6
5238,5238,102,104,571250.0,132650.0,11020104,2,0,3,0,0,0,0,132650.0,571250.0,5238,2,2,2,2,2,0,4,3,2,3,2,2,0.75,0.0,0.0,0,0.0,0.0,6.0,7.0,4.75,10.0,7.0,7
5239,5239,102,105,571350.0,132650.0,11020105,3,0,3,0,0,0,0,132650.0,571350.0,5239,2,2,3,2,3,0,4,3,2,3,2,2,0.25,0.0,0.0,0,0.0,0.0,7.0,8.0,6.25,10.0,8.0,7
5240,5240,102,106,571450.0,132650.0,11020106,3,0,3,0,0,0,0,132650.0,571450.0,5240,2,2,3,2,3,0,4,3,2,2,2,2,0.0,0.0,0.0,0,0.0,0.0,7.0,8.0,6.0,10.0,7.0,7
5241,5241,102,107,571550.0,132650.0,11020107,3,0,3,0,0,0,0,132650.0,571550.0,5241,2,2,3,2,3,0,4,3,2,2,2,2,0.0,0.0,0.0,0,0.0,0.0,7.0,8.0,6.0,10.0,7.0,7
5242,5242,102,108,571650.0,132650.0,11020108,3,0,4,0,0,0,0,132650.0,571650.0,5242,2,2,3,2,3,0,4,3,2,2,2,2,0.0,0.0,0.0,0,0.0,0.0,7.0,9.0,6.0,11.0,7.0,8
5243,5243,102,109,571750.0,132650.0,11020109,3,0,4,0,0,0,0,132650.0,571750.0,5243,2,2,3,2,3,0,4,3,2,2,2,2,0.0,0.0,0.0,0,0.0,0.0,7.0,9.0,6.0,11.0,7.0,8
5244,5244,102,110,571850.0,132650.0,11020110,2,0,4,0,0,0,0,132650.0,571850.0,5244,2,2,3,2,4,0,4,3,2,2,2,2,0.0,0.0,0.0,0,0.0,0.0,6.0,9.0,6.0,11.0,6.0,8
5245,5245,102,111,571950.0,132650.0,11020111,2,0,4,0,0,0,0,132650.0,571950.0,5245,2,2,3,2,4,0,4,3,2,2,2,2,0.0,0.0,0.0,0,0.0,0.0,6.0,9.0,6.0,11.0,6.0,8
5246,5246,102,112,572050.0,132650.0,11020112,1,0,4,0,0,0,0,132650.0,572050.0,5246,2,2,2,2,4,0,4,3,3,2,2,2,0.0,0.0,0.0,0,0.0,0.0,5.0,8.0,5.0,11.0,6.0,8
5247,5247,102,113,572150.0,132650.0,11020113,1,0,4,0,0,0,0,132650.0,572150.0,5247,3,2,2,2,4,0,4,3,3,2,2,2,0.0,0.0,0.0,0,0.0,0.0,6.0,8.0,5.0,11.0,6.0,8
5248,5248,103,32,564050.0,132550.0,11030032,4,0,4,0,0,0,0,132550.0,564050.0,5248,3,3,2,1,3,2,4,3,3,2,2,2,0.0,0.0,0.0,0,0.0,0.0,10.0,7.0,9.0,11.0,9.0,8
5249,5249,103,33,564150.0,132550.0,11030033,4,0,4,0,0,0,0,132550.0,564150.0,5249,3,3,2,1,3,2,4,3,3,2,2,2,0.0,0.0,0.0,0,0.0,0.0,10.0,7.0,9.0,11.0,9.0,8
5250,5250,103,34,564250.0,132550.0,11030034,4,0,4,0,0,0,0,132550.0,564250.0,5250,3,3,2,1,3,2,4,3,3,2,2,2,0.0,0.0,0.0,0,0.0,0.0,10.0,7.0,9.0,11.0,9.0,8
5251,5251,103,35,564350.0,132550.0,11030035,4,0,4,0,0,0,0,132550.0,564350.0,5251,3,3,2,1,3,2,4,3,3,2,2,2,0.0,0.0,0.0,0,0.0,0.0,10.0,7.0,9.0,11.0,9.0,8
5252,5252,103,36,564450.0,132550.0,11030036,4,0,4,0,0,0,0,132550.0,564450.0,5252,3,3,2,1,3,2,4,3,3,2,2,2,0.0,0.0,0.0,0,0.0,0.0,10.0,7.0,9.0,11.0,9.0,8
5253,5253,103,37,564550.0,132550.0,11030037,4,0,4,0,0,0,0,132550.0,564550.0,5253,3,3,2,1,3,1,4,3,3,2,2,2,0.0,0.0,0.0,0,0.0,0.0,10.0,7.0,8.0,11.0,9.0,8
5254,5254,103,38,564650.0,132550.0,11030038,4,0,4,0,0,0,0,132550.0,564650.0,5254,3,3,2,1,3,1,4,3,3,3,2,2,0.0,0.0,0.0,0,0.0,0.0,10.0,7.0,8.0,11.0,10.0,8
5255,5255,103,39,564750.0,132550.0,11030039,4,0,4,0,0,0,0,132550.0,564750.0,5255,3,3,2,1,3,1,4,3,3,3,2,1,0.0,0.0,0.0,0,0.0,0.0,10.0,7.0,8.0,11.0,10.0,7
5256,5256,103,40,564850.0,132550.0,11030040,4,0,4,0,0,0,0,132550.0,564850.0,5256,3,3,2,1,3,1,4,3,3,3,2,1,0.0,0.0,0.0,0,0.0,0.0,10.0,7.0,8.0,11.0,10.0,7
5257,5257,103,41,564950.0,132550.0,11030041,4,0,4,0,0,0,0,132550.0,564950.0,5257,3,3,2,1,3,1,4,3,3,3,2,1,0.0,0.0,0.0,0,0.0,0.0,10.0,7.0,8.0,11.0,10.0,7
5258,5258,103,42,565050.0,132550.0,11030042,4,0,4,0,0,0,0,132550.0,565050.0,5258,3,3,2,1,3,1,4,3,3,3,2,1,0.0,0.0,0.0,0,0.0,0.0,10.0,7.0,8.0,11.0,10.0,7
5259,5259,103,43,565150.0,132550.0,11030043,4,0,4,0,0,0,0,132550.0,565150.0,5259,3,3,2,2,3,1,4,3,3,3,2,1,0.0,0.0,0.0,0,0.0,0.0,10.0,8.0,8.0,11.0,10.0,7
5260,5260,103,44,565250.0,132550.0,11030044,4,0,4,0,0,0,0,132550.0,565250.0,5260,3,3,2,2,3,1,4,3,3,3,2,1,0.0,0.0,0.0,0,0.0,0.0,10.0,8.0,8.0,11.0,10.0,7
5261,5261,103,45,565350.0,132550.0,11030045,4,0,4,0,0,0,0,132550.0,565350.0,5261,3,3,2,2,3,1,4,3,3,3,2,1,0.0,0.0,0.0,0,0.0,0.0,10.0,8.0,8.0,11.0,10.0,7
5262,5262,103,46,565450.0,132550.0,11030046,4,0,4,0,0,0,0,132550.0,565450.0,5262,3,3,2,2,4,1,4,3,3,3,2,1,0.0,0.0,0.0,0,0.0,0.0,10.0,8.0,9.0,11.0,10.0,7
5263,5263,103,47,565550.0,132550.0,11030047,4,0,4,0,0,0,0,132550.0,565550.0,5263,3,3,2,2,4,1,4,3,3,3,2,1,0.0,0.0,0.0,0,0.0,0.0,10.0,8.0,9.0,11.0,10.0,7
5264,5264,103,48,565650.0,132550.0,11030048,4,0,4,0,0,0,0,132550.0,565650.0,5264,3,3,2,2,4,1,4,3,3,3,2,1,0.0,0.0,0.0,0,0.0,0.0,10.0,8.0,9.0,11.0,10.0,7
5265,5265,103,49,565750.0,132550.0,11030049,4,0,4,0,0,0,0,132550.0,565750.0,5265,3,3,2,2,4,1,4,3,2,3,2,1,0.0,0.0,0.0,0,0.0,0.0,10.0,8.0,9.0,11.0,9.0,7
5266,5266,103,50,565850.0,132550.0,11030050,4,0,4,0,0,0,0,132550.0,565850.0,5266,3,3,2,2,4,1,4,3,2,3,2,1,0.0,0.0,0.0,0,0.0,0.0,10.0,8.0,9.0,11.0,9.0,7
5267,5267,103,51,565950.0,132550.0,11030051,3,0,4,0,0,0,0,132550.0,565950.0,5267,3,3,2,2,4,1,4,3,2,3,2,1,0.0,0.0,0.0,0,0.0,0.0,9.0,8.0,8.0,11.0,8.0,7
5268,5268,103,52,566050.0,132550.0,11030052,3,0,4,0,0,0,0,132550.0,566050.0,5268,3,3,2,2,4,1,4,3,1,3,2,1,0.0,0.0,0.0,0,0.0,0.0,9.0,8.0,8.0,11.0,7.0,7
5269,5269,103,53,566150.0,132550.0,11030053,3,0,4,0,0,0,0,132550.0,566150.0,5269,3,3,2,2,4,1,4,3,1,2,2,1,0.0,0.0,0.0,0,0.0,0.0,9.0,8.0,8.0,11.0,6.0,7
5270,5270,103,54,566250.0,132550.0,11030054,3,0,4,0,0,0,0,132550.0,566250.0,5270,3,3,2,2,4,1,4,3,0,2,2,1,0.0,0.0,0.0,0,0.0,0.0,9.0,8.0,8.0,11.0,5.0,7
5271,5271,103,55,566350.0,132550.0,11030055,3,0,4,0,0,0,0,132550.0,566350.0,5271,3,3,2,2,4,1,4,3,0,2,2,1,0.0,0.0,0.0,0,0.0,0.0,9.0,8.0,8.0,11.0,5.0,7
5272,5272,103,56,566450.0,132550.0,11030056,3,0,4,0,0,0,0,132550.0,566450.0,5272,3,3,1,2,4,1,4,3,0,3,2,1,0.0,0.0,0.0,0,0.0,0.0,9.0,7.0,8.0,11.0,6.0,7
5273,5273,103,57,566550.0,132550.0,11030057,3,0,4,0,0,0,0,132550.0,566550.0,5273,2,3,1,2,4,2,4,3,0,3,2,1,0.0,0.0,0.0,0,0.0,0.0,8.0,7.0,9.0,11.0,6.0,7
5274,5274,103,58,566650.0,132550.0,11030058,2,0,4,0,0,0,0,132550.0,566650.0,5274,2,3,1,3,4,2,4,3,0,3,2,1,0.0,0.0,0.0,0,0.0,0.0,7.0,8.0,8.0,11.0,5.0,7
5275,5275,103,59,566750.0,132550.0,11030059,2,0,4,0,0,0,0,132550.0,566750.0,5275,2,3,1,3,4,3,4,3,0,3,2,1,0.0,0.0,0.0,0,0.0,0.0,7.0,8.0,9.0,11.0,5.0,7
5276,5276,103,60,566850.0,132550.0,11030060,3,0,4,0,0,0,0,132550.0,566850.0,5276,2,2,1,3,4,4,4,3,0,3,2,1,0.0,0.0,0.0,0,0.0,0.0,7.0,8.0,11.0,11.0,6.0,7
5277,5277,103,61,566950.0,132550.0,11030061,3,0,4,0,0,0,0,132550.0,566950.0,5277,1,2,1,3,3,4,4,3,0,2,2,1,0.0,0.0,0.0,0,0.0,0.0,6.0,8.0,10.0,11.0,5.0,7
5278,5278,103,62,567050.0,132550.0,11030062,3,0,4,0,0,0,0,132550.0,567050.0,5278,1,1,1,3,3,4,4,3,1,3,2,1,0.0,0.0,0.0,0,0.0,0.0,5.0,8.0,10.0,11.0,7.0,7
5279,5279,103,63,567150.0,132550.0,11030063,3,0,4,0,0,0,0,132550.0,567150.0,5279,1,1,1,3,2,4,4,3,1,3,2,1,0.0,0.0,0.0,0,0.0,0.0,5.0,8.0,9.0,11.0,7.0,7
5280,5280,103,64,567250.0,132550.0,11030064,2,0,4,0,0,0,0,132550.0,567250.0,5280,1,1,1,2,1,3,4,3,2,3,2,1,0.0,0.0,0.0,0,0.0,0.0,4.0,7.0,6.0,11.0,7.0,7
5281,5281,103,65,567350.0,132550.0,11030065,2,0,4,0,0,0,0,132550.0,567350.0,5281,1,1,2,2,1,2,4,3,3,3,2,1,0.0,0.0,0.0,0,0.0,0.0,4.0,8.0,5.0,11.0,8.0,7
5282,5282,103,66,567450.0,132550.0,11030066,2,0,4,0,0,0,0,132550.0,567450.0,5282,1,1,2,2,0,1,4,3,3,3,2,2,0.0,0.0,0.0,0,0.0,0.0,4.0,8.0,3.0,11.0,8.0,8
5283,5283,103,67,567550.0,132550.0,11030067,1,0,4,0,0,0,0,132550.0,567550.0,5283,1,1,2,2,0,1,4,3,3,3,2,2,0.0,0.0,0.0,0,0.0,0.0,3.0,8.0,2.0,11.0,7.0,8
5284,5284,103,68,567650.0,132550.0,11030068,1,0,4,0,0,0,0,132550.0,567650.0,5284,1,1,2,2,0,1,4,3,3,3,2,2,0.0,0.0,0.0,0,0.0,0.0,3.0,8.0,2.0,11.0,7.0,8
5285,5285,103,69,567750.0,132550.0,11030069,1,0,4,0,0,0,0,132550.0,567750.0,5285,1,1,3,2,0,1,4,3,3,3,2,2,0.0,0.0,0.0,0,0.0,0.0,3.0,9.0,2.0,11.0,7.0,8
5286,5286,103,70,567850.0,132550.0,11030070,1,0,4,0,0,0,0,132550.0,567850.0,5286,1,1,3,2,0,1,4,3,3,2,2,2,0.0,0.0,0.0,0,0.0,0.0,3.0,9.0,2.0,11.0,6.0,8
5287,5287,103,71,567950.0,132550.0,11030071,1,0,4,0,0,0,0,132550.0,567950.0,5287,1,1,3,2,0,1,4,3,2,2,2,2,0.0,0.0,0.0,0,0.0,0.0,3.0,9.0,2.0,11.0,5.0,8
5288,5288,103,72,568050.0,132550.0,11030072,1,0,4,0,0,0,0,132550.0,568050.0,5288,1,1,3,2,0,1,4,3,2,2,2,2,0.0,0.0,0.0,0,0.0,0.0,3.0,9.0,2.0,11.0,5.0,8
5289,5289,103,73,568150.0,132550.0,11030073,1,0,4,0,0,0,0,132550.0,568150.0,5289,1,1,3,2,0,1,4,3,2,1,3,2,0.0,0.0,0.0,0,0.0,0.0,3.0,9.0,2.0,11.0,4.0,9
5290,5290,103,74,568250.0,132550.0,11030074,0,0,4,0,0,0,0,132550.0,568250.0,5290,1,1,3,2,0,0,4,3,2,1,3,2,0.0,0.0,0.0,0,0.0,0.0,2.0,9.0,0.0,11.0,3.0,9
5291,5291,103,75,568350.0,132550.0,11030075,0,0,4,0,0,0,0,132550.0,568350.0,5291,1,1,3,2,0,0,4,3,1,1,3,2,0.0,0.0,0.0,0,0.0,0.0,2.0,9.0,0.0,11.0,2.0,9
5292,5292,103,76,568450.0,132550.0,11030076,0,0,4,0,0,0,0,132550.0,568450.0,5292,1,1,3,2,0,0,4,3,1,1,3,2,0.0,0.0,0.0,0,0.0,0.0,2.0,9.0,0.0,11.0,2.0,9
5293,5293,103,77,568550.0,132550.0,11030077,0,0,4,0,0,0,0,132550.0,568550.0,5293,1,1,3,2,0,0,4,3,1,1,3,2,0.0,0.0,0.0,0,0.0,0.0,2.0,9.0,0.0,11.0,2.0,9
5294,5294,103,78,568650.0,132550.0,11030078,1,0,4,0,0,0,0,132550.0,568650.0,5294,2,1,3,2,1,2,4,3,1,1,3,2,0.0,0.0,0.0,0,0.0,0.0,4.0,9.0,4.0,11.0,3.0,9
5295,5295,103,79,568750.0,132550.0,11030079,1,0,4,0,0,0,0,132550.0,568750.0,5295,2,1,2,2,1,2,4,3,1,1,3,2,0.0,0.0,0.0,0,0.0,0.0,4.0,8.0,4.0,11.0,3.0,9
5296,5296,103,80,568850.0,132550.0,11030080,2,0,4,0,0,0,0,132550.0,568850.0,5296,2,1,1,3,1,2,4,3,2,1,3,2,0.0,0.0,0.0,0,0.0,0.0,5.0,8.0,5.0,11.0,5.0,9
5297,5297,103,81,568950.0,132550.0,11030081,2,0,4,0,0,0,0,132550.0,568950.0,5297,2,2,1,3,2,2,4,3,2,1,3,2,0.0,0.0,0.0,0,0.0,0.0,6.0,8.0,6.0,11.0,5.0,9
5298,5298,103,82,569050.0,132550.0,11030082,3,0,4,0,0,0,0,132550.0,569050.0,5298,2,2,1,3,2,1,4,0,2,1,3,2,0.0,0.0,0.0,0,0.0,0.0,7.0,8.0,6.0,8.0,6.0,9
5299,5299,103,83,569150.0,132550.0,11030083,3,0,4,0,0,0,0,132550.0,569150.0,5299,2,2,1,3,3,1,4,0,2,1,3,2,0.0,0.0,0.0,0,0.0,0.0,7.0,8.0,7.0,8.0,6.0,9
5300,5300,103,84,569250.0,132550.0,11030084,3,0,3,0,0,0,0,132550.0,569250.0,5300,2,2,1,3,3,1,4,0,2,1,3,2,0.0,0.0,0.0,0,0.0,0.0,7.0,7.0,7.0,7.0,6.0,8
5301,5301,103,85,569350.0,132550.0,11030085,2,0,3,0,0,0,0,132550.0,569350.0,5301,3,2,0,3,4,1,4,0,2,1,3,2,0.0,0.0,0.0,0,0.0,0.0,7.0,6.0,7.0,7.0,5.0,8
5302,5302,103,86,569450.0,132550.0,11030086,2,0,2,0,0,0,0,132550.0,569450.0,5302,3,2,0,3,4,1,4,0,2,1,3,2,0.0,0.0,0.0,0,0.0,0.0,7.0,5.0,7.0,6.0,5.0,7
5303,5303,103,87,569550.0,132550.0,11030087,2,0,2,0,0,0,0,132550.0,569550.0,5303,3,2,0,3,4,1,4,0,3,1,3,2,0.0,0.0,0.0,0,0.0,0.0,7.0,5.0,7.0,6.0,6.0,7
5304,5304,103,88,569650.0,132550.0,11030088,2,0,1,0,0,0,0,132550.0,569650.0,5304,3,2,0,4,4,0,4,0,3,1,3,2,0.0,0.0,0.0,0,0.0,0.0,7.0,5.0,6.0,5.0,6.0,6
5305,5305,103,89,569750.0,132550.0,11030089,1,0,1,0,0,0,0,132550.0,569750.0,5305,3,2,0,4,4,0,0,0,3,1,3,2,0.0,0.0,0.0,0,0.0,0.0,6.0,5.0,5.0,1.0,5.0,6
5306,5306,103,90,569850.0,132550.0,11030090,1,0,1,0,0,0,0,132550.0,569850.0,5306,3,2,0,4,4,0,0,0,3,2,3,2,0.0,0.0,0.0,0,0.0,0.0,6.0,5.0,5.0,1.0,6.0,6
5307,5307,103,91,569950.0,132550.0,11030091,1,0,0,0,0,0,0,132550.0,569950.0,5307,3,2,0,4,4,0,0,0,3,2,3,2,0.0,0.0,0.0,0,0.0,0.0,6.0,4.0,5.0,0.0,6.0,5
5308,5308,103,92,570050.0,132550.0,11030092,1,0,0,0,0,0,0,132550.0,570050.0,5308,3,2,0,4,4,0,0,0,3,2,3,2,0.0,0.0,0.0,0,0.0,0.0,6.0,4.0,5.0,0.0,6.0,5
5309,5309,103,93,570150.0,132550.0,11030093,1,0,1,0,0,0,0,132550.0,570150.0,5309,3,2,0,4,4,0,0,0,2,2,2,2,0.0,0.0,0.0,0,0.0,0.0,6.0,5.0,5.0,1.0,5.0,5
5310,5310,103,94,570250.0,132550.0,11030094,1,0,1,0,0,0,0,132550.0,570250.0,5310,2,2,0,4,4,0,0,0,2,2,2,2,0.0,0.0,0.0,0,0.0,0.0,5.0,5.0,5.0,1.0,5.0,5
5311,5311,103,95,570350.0,132550.0,11030095,1,0,2,0,0,0,0,132550.0,570350.0,5311,2,2,0,4,4,0,4,0,2,2,2,2,0.0,0.0,0.0,0,0.0,0.0,5.0,6.0,5.0,6.0,5.0,6
5312,5312,103,96,570450.0,132550.0,11030096,1,0,2,0,0,0,0,132550.0,570450.0,5312,2,2,0,3,3,0,4,0,2,2,2,2,0.0,0.0,0.0,0,0.0,0.0,5.0,5.0,4.0,6.0,5.0,6
5313,5313,103,97,570550.0,132550.0,11030097,1,0,2,0,0,0,0,132550.0,570550.0,5313,2,2,0,3,3,0,4,0,2,2,2,2,0.0,0.0,0.0,0,0.0,0.0,5.0,5.0,4.0,6.0,5.0,6
5314,5314,103,98,570650.0,132550.0,11030098,0,0,3,0,0,0,0,132550.0,570650.0,5314,2,2,0,3,2,0,4,0,2,2,2,2,0.0,0.0,0.0,0,0.0,0.0,4.0,6.0,2.0,7.0,4.0,7
5315,5315,103,99,570750.0,132550.0,11030099,0,0,3,0,0,0,0,132550.0,570750.0,5315,2,2,1,3,1,0,4,0,2,2,2,2,0.0,0.0,0.0,0,0.0,0.0,4.0,7.0,1.0,7.0,4.0,7
5316,5316,103,100,570850.0,132550.0,11030100,0,0,3,0,0,0,0,132550.0,570850.0,5316,2,2,1,3,1,0,4,0,2,2,2,2,0.0,0.0,0.0,0,0.0,0.0,4.0,7.0,1.0,7.0,4.0,7
5317,5317,103,101,570950.0,132550.0,11030101,1,0,3,0,0,0,0,132550.0,570950.0,5317,2,2,1,3,1,0,4,0,2,3,2,2,0.0,0.0,0.0,0,0.0,0.0,5.0,7.0,2.0,7.0,6.0,7
5318,5318,103,102,571050.0,132550.0,11030102,1,0,3,0,0,0,0,132550.0,571050.0,5318,2,2,1,3,2,0,4,3,2,3,2,2,0.0,0.0,0.0,0,0.0,0.0,5.0,7.0,3.0,10.0,6.0,7
5319,5319,103,103,571150.0,132550.0,11030103,2,0,3,0,0,0,0,132550.0,571150.0,5319,2,2,2,2,2,0,4,3,2,3,2,2,0.0,0.0,0.0,0,0.0,0.0,6.0,7.0,4.0,10.0,7.0,7
5320,5320,103,104,571250.0,132550.0,11030104,2,0,3,0,0,0,0,132550.0,571250.0,5320,2,2,2,2,3,0,4,3,2,3,2,2,0.0,0.0,0.0,0,0.0,0.0,6.0,7.0,5.0,10.0,7.0,7
5321,5321,103,105,571350.0,132550.0,11030105,3,0,3,0,0,0,0,132550.0,571350.0,5321,2,2,3,2,3,0,4,3,2,2,2,2,0.0,0.0,0.0,0,0.0,0.0,7.0,8.0,6.0,10.0,7.0,7
5322,5322,103,106,571450.0,132550.0,11030106,3,0,3,0,0,0,0,132550.0,571450.0,5322,2,2,3,2,3,0,4,3,2,2,2,2,0.0,0.0,0.0,0,0.0,0.0,7.0,8.0,6.0,10.0,7.0,7
5323,5323,103,107,571550.0,132550.0,11030107,4,0,4,0,0,0,0,132550.0,571550.0,5323,2,2,3,2,3,0,4,3,2,2,2,2,0.0,0.0,0.0,0,0.0,0.0,8.0,9.0,7.0,11.0,8.0,8
5324,5324,103,108,571650.0,132550.0,11030108,3,0,4,0,0,0,0,132550.0,571650.0,5324,2,2,3,2,3,0,4,3,2,2,2,2,0.0,0.0,0.0,0,0.0,0.0,7.0,9.0,6.0,11.0,7.0,8
5325,5325,103,109,571750.0,132550.0,11030109,3,0,4,0,0,0,0,132550.0,571750.0,5325,2,2,3,2,3,0,4,3,2,2,2,2,0.0,0.0,0.0,0,0.0,0.0,7.0,9.0,6.0,11.0,7.0,8
5326,5326,103,110,571850.0,132550.0,11030110,2,0,4,0,0,0,0,132550.0,571850.0,5326,2,2,3,2,3,0,4,3,2,2,2,2,0.0,0.0,0.0,0,0.0,0.0,6.0,9.0,5.0,11.0,6.0,8
5327,5327,103,111,571950.0,132550.0,11030111,2,0,4,0,0,0,0,132550.0,571950.0,5327,2,2,3,2,4,0,4,3,3,2,2,2,0.0,0.0,0.0,0,0.0,0.0,6.0,9.0,6.0,11.0,7.0,8
5328,5328,103,112,572050.0,132550.0,11030112,2,0,4,0,0,0,0,132550.0,572050.0,5328,3,2,2,2,4,0,4,3,3,2,2,2,0.0,0.0,0.0,0,0.0,0.0,7.0,8.0,6.0,11.0,7.0,8
5329,5329,103,113,572150.0,132550.0,11030113,1,0,4,0,0,0,0,132550.0,572150.0,5329,3,2,2,1,4,0,4,3,3,2,2,2,0.0,0.0,0.0,0,0.0,0.0,6.0,7.0,5.0,11.0,6.0,8
