NAME,VAL,TYPE,EVENT_WL,EVENT_CHEM,COLLECTION_PURPOSE,CP_note,XCOORDS,YCOORDS,ZCOORDS,GW_AREA_OF_INTEREST,ELE_m_df4,Easting,Northing,ELE_m_new,Concentration,Type,Elev_flag,Unnamed: 7,ELE_m,Nearby_Wells,index_right,ID,I,J,HSU,NAME_norm,Final_Assignment
299-W10-201,50.0,CHARACTERIZATION,na,4/24/2023 13:30,C,,566017.2,136957.24,214.203,200-ZP,133.919,,,,,,Calc,,133.919,[],1183.0,1184.0,21.0,4.0,6_rwie,299-W10-201,UU/MU
299-W10-201,50.0,CHARACTERIZATION,na,4/24/2023 13:30,C,,566017.2,136957.24,214.203,200-ZP,133.919,,,,,,Calc,,133.919,[],1183.0,1184.0,21.0,4.0,6_rwie,299-W10-201,UU/MU
299-W10-201,50.0,CHARACTERIZATION,na,4/24/2023 13:30,C,,566017.2,136957.24,214.203,200-ZP,133.919,,,,,,Calc,,133.919,[],1183.0,1184.0,21.0,4.0,6_rwie,299-W10-201,UU/MU
299-W10-201,112.5,CHARACTERIZATION,na,4/26/2023 9:50,C,,566017.2,136957.24,214.203,200-ZP,128.707,,,,,,Calc,,128.707,[],1183.0,1184.0,21.0,4.0,6_rwie,299-W10-201,UU/MU
299-W10-201,112.5,CHARACTERIZATION,na,4/26/2023 9:50,C,,566017.2,136957.24,214.203,200-ZP,128.707,,,,,,Calc,,128.707,[],1183.0,1184.0,21.0,4.0,6_rwie,299-W10-201,UU/MU
299-W10-201,112.5,CHARACTERIZATION,na,4/26/2023 9:50,C,,566017.2,136957.24,214.203,200-ZP,128.707,,,,,,Calc,,128.707,[],1183.0,1184.0,21.0,4.0,6_rwie,299-W10-201,UU/MU
299-W10-202,50.0,CHARACTERIZATION,na,6/20/2023 13:10,C,,566015.96,136906.28,214.431,200-ZP,135.181,,,,,,Calc,,135.181,[],1242.0,1243.0,22.0,4.0,6_rwie,299-W10-202,UU/MU
299-W10-202,50.0,CHARACTERIZATION,na,6/20/2023 13:10,C,,566015.96,136906.28,214.431,200-ZP,135.181,,,,,,Calc,,135.181,[],1242.0,1243.0,22.0,4.0,6_rwie,299-W10-202,UU/MU
299-W10-202,50.0,CHARACTERIZATION,na,6/20/2023 13:10,C,,566015.96,136906.28,214.431,200-ZP,135.181,,,,,,Calc,,135.181,[],1242.0,1243.0,22.0,4.0,6_rwie,299-W10-202,UU/MU
299-W10-202,50.0,CHARACTERIZATION,na,6/21/2023 13:31,C,,566015.96,136906.28,214.431,200-ZP,130.154,,,,,,Calc,,130.154,[],1242.0,1243.0,22.0,4.0,6_rwie,299-W10-202,UU/MU
299-W10-202,50.0,CHARACTERIZATION,na,6/21/2023 13:31,C,,566015.96,136906.28,214.431,200-ZP,130.154,,,,,,Calc,,130.154,[],1242.0,1243.0,22.0,4.0,6_rwie,299-W10-202,UU/MU
299-W10-202,50.0,CHARACTERIZATION,na,6/21/2023 13:31,C,,566015.96,136906.28,214.431,200-ZP,130.154,,,,,,Calc,,130.154,[],1242.0,1243.0,22.0,4.0,6_rwie,299-W10-202,UU/MU
299-W10-203,50.0,CHARACTERIZATION,na,9/13/2023 12:00,C,,566018.8,136710.81,213.67,200-ZP,135.093,,,,,,Calc,,135.093,[],1360.0,1361.0,24.0,4.0,6_rwie,299-W10-203,UU/MU
299-W10-203,50.0,CHARACTERIZATION,na,9/13/2023 12:00,C,,566018.8,136710.81,213.67,200-ZP,135.093,,,,,,Calc,,135.093,[],1360.0,1361.0,24.0,4.0,6_rwie,299-W10-203,UU/MU
299-W10-203,50.0,CHARACTERIZATION,na,9/13/2023 12:00,C,,566018.8,136710.81,213.67,200-ZP,135.093,,,,,,Calc,,135.093,[],1360.0,1361.0,24.0,4.0,6_rwie,299-W10-203,UU/MU
299-W10-203,50.0,CHARACTERIZATION,na,9/18/2023 10:20,C,,566018.8,136710.81,213.67,200-ZP,128.33,,,,,,Calc,,128.33,[],1360.0,1361.0,24.0,4.0,6_rwie,299-W10-203,UU/MU
299-W10-203,50.0,CHARACTERIZATION,na,9/18/2023 10:20,C,,566018.8,136710.81,213.67,200-ZP,128.33,,,,,,Calc,,128.33,[],1360.0,1361.0,24.0,4.0,6_rwie,299-W10-203,UU/MU
299-W10-203,50.0,CHARACTERIZATION,na,9/18/2023 10:20,C,,566018.8,136710.81,213.67,200-ZP,128.33,,,,,,Calc,,128.33,[],1360.0,1361.0,24.0,4.0,6_rwie,299-W10-203,UU/MU
299-W10-203,50.0,CHARACTERIZATION,na,9/19/2023 12:20,C,,566018.8,136710.81,213.67,200-ZP,122.53,,,,,,Calc,,122.53,[],1360.0,1361.0,24.0,4.0,6_rwie,299-W10-203,UU/MU
299-W10-203,50.0,CHARACTERIZATION,na,9/19/2023 12:20,C,,566018.8,136710.81,213.67,200-ZP,122.53,,,,,,Calc,,122.53,[],1360.0,1361.0,24.0,4.0,6_rwie,299-W10-203,UU/MU
299-W10-203,50.0,CHARACTERIZATION,na,9/19/2023 12:20,C,,566018.8,136710.81,213.67,200-ZP,122.53,,,,,,Calc,,122.53,[],1360.0,1361.0,24.0,4.0,6_rwie,299-W10-203,UU/MU
299-W10-203,80.8,CHARACTERIZATION,na,9/21/2023 10:43,C,,566018.8,136710.81,213.67,200-ZP,133.29548,,,,,,Calc,,133.29548,[],1360.0,1361.0,24.0,4.0,6_rwie,299-W10-203,UU/MU
299-W10-203,80.8,CHARACTERIZATION,na,9/21/2023 10:43,C,,566018.8,136710.81,213.67,200-ZP,133.29548,,,,,,Calc,,133.29548,[],1360.0,1361.0,24.0,4.0,6_rwie,299-W10-203,UU/MU
299-W10-203,80.8,CHARACTERIZATION,na,9/21/2023 10:43,C,,566018.8,136710.81,213.67,200-ZP,133.29548,,,,,,Calc,,133.29548,[],1360.0,1361.0,24.0,4.0,6_rwie,299-W10-203,UU/MU
299-W10-203,110.0,CHARACTERIZATION,na,9/26/2023 12:16,C,,566018.8,136710.81,213.67,200-ZP,110.67,,,,,,Calc,,110.67,[],1360.0,1361.0,24.0,4.0,6_rwie,299-W10-203,UU/MU
299-W10-203,110.0,CHARACTERIZATION,na,9/26/2023 12:16,C,,566018.8,136710.81,213.67,200-ZP,110.67,,,,,,Calc,,110.67,[],1360.0,1361.0,24.0,4.0,6_rwie,299-W10-203,UU/MU
299-W10-203,110.0,CHARACTERIZATION,na,9/26/2023 12:16,C,,566018.8,136710.81,213.67,200-ZP,110.67,,,,,,Calc,,110.67,[],1360.0,1361.0,24.0,4.0,6_rwie,299-W10-203,UU/MU
299-W10-203,94.2,CHARACTERIZATION,na,9/28/2023 8:55,C,,566018.8,136710.81,213.67,200-ZP,104.57,,,,,,Calc,,104.57,[],1360.0,1361.0,24.0,4.0,6_rwie,299-W10-203,UU/MU
299-W10-203,94.2,CHARACTERIZATION,na,9/28/2023 8:55,C,,566018.8,136710.81,213.67,200-ZP,104.57,,,,,,Calc,,104.57,[],1360.0,1361.0,24.0,4.0,6_rwie,299-W10-203,UU/MU
299-W10-203,94.2,CHARACTERIZATION,na,9/28/2023 8:55,C,,566018.8,136710.81,213.67,200-ZP,104.57,,,,,,Calc,,104.57,[],1360.0,1361.0,24.0,4.0,6_rwie,299-W10-203,UU/MU
299-W10-203,97.6,CHARACTERIZATION,na,10/3/2023 9:02,C,,566018.8,136710.81,213.67,200-ZP,98.47,,,,,,Calc,,98.47,[],1360.0,1361.0,24.0,4.0,6_rwie,299-W10-203,UU/MU
299-W10-203,97.6,CHARACTERIZATION,na,10/3/2023 9:02,C,,566018.8,136710.81,213.67,200-ZP,98.47,,,,,,Calc,,98.47,[],1360.0,1361.0,24.0,4.0,6_rwie,299-W10-203,UU/MU
299-W10-203,97.6,CHARACTERIZATION,na,10/3/2023 9:02,C,,566018.8,136710.81,213.67,200-ZP,98.47,,,,,,Calc,,98.47,[],1360.0,1361.0,24.0,4.0,6_rwie,299-W10-203,UU/MU
299-W10-203,50.0,CHARACTERIZATION,na,10/4/2023 12:50,C,,566018.8,136710.81,213.67,200-ZP,92.37,,,,,,Calc,,92.37,[],1360.0,1361.0,24.0,4.0,6_rwie,299-W10-203,UU/MU
299-W10-203,50.0,CHARACTERIZATION,na,10/4/2023 12:50,C,,566018.8,136710.81,213.67,200-ZP,92.37,,,,,,Calc,,92.37,[],1360.0,1361.0,24.0,4.0,6_rwie,299-W10-203,UU/MU
299-W10-203,50.0,CHARACTERIZATION,na,10/4/2023 12:50,C,,566018.8,136710.81,213.67,200-ZP,92.37,,,,,,Calc,,92.37,[],1360.0,1361.0,24.0,4.0,6_rwie,299-W10-203,UU/MU
299-W10-203,50.0,CHARACTERIZATION,na,10/6/2023 9:40,C,,566018.8,136710.81,213.67,200-ZP,86.27,,,,,,Calc,,86.27,[],1360.0,1361.0,24.0,4.0,6_rwie,299-W10-203,UU/MU
299-W10-203,50.0,CHARACTERIZATION,na,10/6/2023 9:40,C,,566018.8,136710.81,213.67,200-ZP,86.27,,,,,,Calc,,86.27,[],1360.0,1361.0,24.0,4.0,6_rwie,299-W10-203,UU/MU
299-W10-203,50.0,CHARACTERIZATION,na,10/6/2023 9:40,C,,566018.8,136710.81,213.67,200-ZP,86.27,,,,,,Calc,,86.27,[],1360.0,1361.0,24.0,4.0,6_rwie,299-W10-203,UU/MU
299-W10-203,50.0,CHARACTERIZATION,na,10/11/2023 9:30,C,,566018.8,136710.81,213.67,200-ZP,80.17,,,,,,Calc,,80.17,[],1360.0,1361.0,24.0,4.0,5_rlm,299-W10-203,UU/MU
299-W10-203,50.0,CHARACTERIZATION,na,10/11/2023 9:30,C,,566018.8,136710.81,213.67,200-ZP,80.17,,,,,,Calc,,80.17,[],1360.0,1361.0,24.0,4.0,5_rlm,299-W10-203,UU/MU
299-W10-203,50.0,CHARACTERIZATION,na,10/11/2023 9:30,C,,566018.8,136710.81,213.67,200-ZP,80.17,,,,,,Calc,,80.17,[],1360.0,1361.0,24.0,4.0,5_rlm,299-W10-203,UU/MU
299-W10-203,50.0,CHARACTERIZATION,na,10/18/2023 9:50,C,,566018.8,136710.81,213.67,200-ZP,61.79,,,,,,Calc,,61.79,[],1360.0,1361.0,24.0,4.0,4_rwia,299-W10-203,UU/MU
299-W10-203,50.0,CHARACTERIZATION,na,10/18/2023 9:50,C,,566018.8,136710.81,213.67,200-ZP,61.79,,,,,,Calc,,61.79,[],1360.0,1361.0,24.0,4.0,4_rwia,299-W10-203,UU/MU
299-W10-203,50.0,CHARACTERIZATION,na,10/18/2023 9:50,C,,566018.8,136710.81,213.67,200-ZP,61.79,,,,,,Calc,,61.79,[],1360.0,1361.0,24.0,4.0,4_rwia,299-W10-203,UU/MU
299-W10-203,50.0,CHARACTERIZATION,na,10/19/2023 11:28,C,,566018.8,136710.81,213.67,200-ZP,55.84,,,,,,Calc,,55.84,[],1360.0,1361.0,24.0,4.0,4_rwia,299-W10-203,UU/MU
299-W10-203,50.0,CHARACTERIZATION,na,10/19/2023 11:28,C,,566018.8,136710.81,213.67,200-ZP,55.84,,,,,,Calc,,55.84,[],1360.0,1361.0,24.0,4.0,4_rwia,299-W10-203,UU/MU
299-W10-203,50.0,CHARACTERIZATION,na,10/19/2023 11:28,C,,566018.8,136710.81,213.67,200-ZP,55.84,,,,,,Calc,,55.84,[],1360.0,1361.0,24.0,4.0,4_rwia,299-W10-203,UU/MU
299-W10-204,50.0,CHARACTERIZATION,na,7/19/2022 10:10,C,,566256.17,136901.49,210.602,200-ZP,132.572,,,,,,Calc,,132.572,[],1245.0,1246.0,22.0,7.0,5_rlm,299-W10-204,UU/MU
299-W10-204,50.0,CHARACTERIZATION,na,7/19/2022 10:10,C,,566256.17,136901.49,210.602,200-ZP,132.572,,,,,,Calc,,132.572,[],1245.0,1246.0,22.0,7.0,5_rlm,299-W10-204,UU/MU
299-W10-204,50.0,CHARACTERIZATION,na,7/19/2022 10:10,C,,566256.17,136901.49,210.602,200-ZP,132.572,,,,,,Calc,,132.572,[],1245.0,1246.0,22.0,7.0,5_rlm,299-W10-204,UU/MU
299-W10-204,50.0,CHARACTERIZATION,na,7/20/2022 12:09,C,,566256.17,136901.49,210.602,200-ZP,126.325,,,,,,Calc,,126.325,[],1245.0,1246.0,22.0,7.0,5_rlm,299-W10-204,UU/MU
299-W10-204,50.0,CHARACTERIZATION,na,7/20/2022 12:09,C,,566256.17,136901.49,210.602,200-ZP,126.325,,,,,,Calc,,126.325,[],1245.0,1246.0,22.0,7.0,5_rlm,299-W10-204,UU/MU
299-W10-204,50.0,CHARACTERIZATION,na,7/20/2022 12:09,C,,566256.17,136901.49,210.602,200-ZP,126.325,,,,,,Calc,,126.325,[],1245.0,1246.0,22.0,7.0,5_rlm,299-W10-204,UU/MU
299-W10-205,50.0,CHARACTERIZATION,na,9/20/2022 12:35,C,,566785.69,137184.87,208.954,200-ZP,130.59,,,,,,Calc,,130.59,[],1073.0,1074.0,19.0,12.0,5_rlm,299-W10-205,UU/MU
299-W10-205,50.0,CHARACTERIZATION,na,9/20/2022 12:35,C,,566785.69,137184.87,208.954,200-ZP,130.59,,,,,,Calc,,130.59,[],1073.0,1074.0,19.0,12.0,5_rlm,299-W10-205,UU/MU
299-W10-205,50.0,CHARACTERIZATION,na,9/20/2022 12:35,C,,566785.69,137184.87,208.954,200-ZP,130.59,,,,,,Calc,,130.59,[],1073.0,1074.0,19.0,12.0,5_rlm,299-W10-205,UU/MU
299-W10-205,50.0,CHARACTERIZATION,na,9/22/2022 11:17,C,,566785.69,137184.87,208.954,200-ZP,123.304,,,,,,Calc,,123.304,[],1073.0,1074.0,19.0,12.0,5_rlm,299-W10-205,UU/MU
299-W10-205,50.0,CHARACTERIZATION,na,9/22/2022 11:17,C,,566785.69,137184.87,208.954,200-ZP,123.304,,,,,,Calc,,123.304,[],1073.0,1074.0,19.0,12.0,5_rlm,299-W10-205,UU/MU
299-W10-205,50.0,CHARACTERIZATION,na,9/22/2022 11:17,C,,566785.69,137184.87,208.954,200-ZP,123.304,,,,,,Calc,,123.304,[],1073.0,1074.0,19.0,12.0,5_rlm,299-W10-205,UU/MU
299-W10-205,50.0,CHARACTERIZATION,na,9/27/2022 12:56,C,,566785.69,137184.87,208.954,200-ZP,118.424,,,,,,Calc,,118.424,[],1073.0,1074.0,19.0,12.0,5_rlm,299-W10-205,UU/MU
299-W10-205,50.0,CHARACTERIZATION,na,9/27/2022 12:56,C,,566785.69,137184.87,208.954,200-ZP,118.424,,,,,,Calc,,118.424,[],1073.0,1074.0,19.0,12.0,5_rlm,299-W10-205,UU/MU
299-W10-205,50.0,CHARACTERIZATION,na,9/27/2022 12:56,C,,566785.69,137184.87,208.954,200-ZP,118.424,,,,,,Calc,,118.424,[],1073.0,1074.0,19.0,12.0,5_rlm,299-W10-205,UU/MU
299-W10-205,45.3,CHARACTERIZATION,na,10/6/2022 10:25,C,,566785.69,137184.87,208.954,200-ZP,111.414,,,,,,Calc,,111.414,[],1073.0,1074.0,19.0,12.0,5_rlm,299-W10-205,UU/MU
299-W10-205,45.3,CHARACTERIZATION,na,10/6/2022 10:25,C,,566785.69,137184.87,208.954,200-ZP,111.414,,,,,,Calc,,111.414,[],1073.0,1074.0,19.0,12.0,5_rlm,299-W10-205,UU/MU
299-W10-205,45.3,CHARACTERIZATION,na,10/6/2022 10:25,C,,566785.69,137184.87,208.954,200-ZP,111.414,,,,,,Calc,,111.414,[],1073.0,1074.0,19.0,12.0,5_rlm,299-W10-205,UU/MU
299-W10-205,50.0,CHARACTERIZATION,na,10/12/2022 10:53,C,,566785.69,137184.87,208.954,200-ZP,105.354,,,,,,Calc,,105.354,[],1073.0,1074.0,19.0,12.0,5_rlm,299-W10-205,UU/MU
299-W10-205,50.0,CHARACTERIZATION,na,10/12/2022 10:53,C,,566785.69,137184.87,208.954,200-ZP,105.354,,,,,,Calc,,105.354,[],1073.0,1074.0,19.0,12.0,5_rlm,299-W10-205,UU/MU
299-W10-205,50.0,CHARACTERIZATION,na,10/12/2022 10:53,C,,566785.69,137184.87,208.954,200-ZP,105.354,,,,,,Calc,,105.354,[],1073.0,1074.0,19.0,12.0,5_rlm,299-W10-205,UU/MU
299-W10-205,50.0,CHARACTERIZATION,na,10/19/2022 12:20,C,,566785.69,137184.87,208.954,200-ZP,99.254,,,,,,Calc,,99.254,[],1073.0,1074.0,19.0,12.0,4_rwia,299-W10-205,UU/MU
299-W10-205,50.0,CHARACTERIZATION,na,10/19/2022 12:20,C,,566785.69,137184.87,208.954,200-ZP,99.254,,,,,,Calc,,99.254,[],1073.0,1074.0,19.0,12.0,4_rwia,299-W10-205,UU/MU
299-W10-205,50.0,CHARACTERIZATION,na,10/19/2022 12:20,C,,566785.69,137184.87,208.954,200-ZP,99.254,,,,,,Calc,,99.254,[],1073.0,1074.0,19.0,12.0,4_rwia,299-W10-205,UU/MU
299-W10-205,50.0,CHARACTERIZATION,na,10/20/2022 13:43,C,,566785.69,137184.87,208.954,200-ZP,93.154,,,,,,Calc,,93.154,[],1073.0,1074.0,19.0,12.0,4_rwia,299-W10-205,UU/MU
299-W10-205,50.0,CHARACTERIZATION,na,10/20/2022 13:43,C,,566785.69,137184.87,208.954,200-ZP,93.154,,,,,,Calc,,93.154,[],1073.0,1074.0,19.0,12.0,4_rwia,299-W10-205,UU/MU
299-W10-205,50.0,CHARACTERIZATION,na,10/20/2022 13:43,C,,566785.69,137184.87,208.954,200-ZP,93.154,,,,,,Calc,,93.154,[],1073.0,1074.0,19.0,12.0,4_rwia,299-W10-205,UU/MU
299-W10-205,50.0,CHARACTERIZATION,na,10/25/2022 13:35,C,,566785.69,137184.87,208.954,200-ZP,87.054,,,,,,Calc,,87.054,[],1073.0,1074.0,19.0,12.0,4_rwia,299-W10-205,UU/MU
299-W10-205,50.0,CHARACTERIZATION,na,10/25/2022 13:35,C,,566785.69,137184.87,208.954,200-ZP,87.054,,,,,,Calc,,87.054,[],1073.0,1074.0,19.0,12.0,4_rwia,299-W10-205,UU/MU
299-W10-205,50.0,CHARACTERIZATION,na,10/25/2022 13:35,C,,566785.69,137184.87,208.954,200-ZP,87.054,,,,,,Calc,,87.054,[],1073.0,1074.0,19.0,12.0,4_rwia,299-W10-205,UU/MU
299-W10-205,50.0,CHARACTERIZATION,na,10/26/2022 14:03,C,,566785.69,137184.87,208.954,200-ZP,80.954,,,,,,Calc,,80.954,[],1073.0,1074.0,19.0,12.0,4_rwia,299-W10-205,UU/MU
299-W10-205,50.0,CHARACTERIZATION,na,10/26/2022 14:03,C,,566785.69,137184.87,208.954,200-ZP,80.954,,,,,,Calc,,80.954,[],1073.0,1074.0,19.0,12.0,4_rwia,299-W10-205,UU/MU
299-W10-205,50.0,CHARACTERIZATION,na,10/26/2022 14:03,C,,566785.69,137184.87,208.954,200-ZP,80.954,,,,,,Calc,,80.954,[],1073.0,1074.0,19.0,12.0,4_rwia,299-W10-205,UU/MU
299-W10-205,50.0,CHARACTERIZATION,na,10/27/2022 13:36,C,,566785.69,137184.87,208.954,200-ZP,74.854,,,,,,Calc,,74.854,[],1073.0,1074.0,19.0,12.0,4_rwia,299-W10-205,UU/MU
299-W10-205,50.0,CHARACTERIZATION,na,10/27/2022 13:36,C,,566785.69,137184.87,208.954,200-ZP,74.854,,,,,,Calc,,74.854,[],1073.0,1074.0,19.0,12.0,4_rwia,299-W10-205,UU/MU
299-W10-205,50.0,CHARACTERIZATION,na,10/27/2022 13:36,C,,566785.69,137184.87,208.954,200-ZP,74.854,,,,,,Calc,,74.854,[],1073.0,1074.0,19.0,12.0,4_rwia,299-W10-205,UU/MU
299-W10-205,50.0,CHARACTERIZATION,na,11/1/2022 9:40,C,,566785.69,137184.87,208.954,200-ZP,68.754,,,,,,Calc,,68.754,[],1073.0,1074.0,19.0,12.0,4_rwia,299-W10-205,UU/MU
299-W10-205,50.0,CHARACTERIZATION,na,11/1/2022 9:40,C,,566785.69,137184.87,208.954,200-ZP,68.754,,,,,,Calc,,68.754,[],1073.0,1074.0,19.0,12.0,4_rwia,299-W10-205,UU/MU
299-W10-205,50.0,CHARACTERIZATION,na,11/1/2022 9:40,C,,566785.69,137184.87,208.954,200-ZP,68.754,,,,,,Calc,,68.754,[],1073.0,1074.0,19.0,12.0,4_rwia,299-W10-205,UU/MU
299-W11-100,410.0,CHARACTERIZATION,na,10/31/2024 12:10,C,,567605.826,136490.562,220.618,200-ZP,96.838,,,,,,Calc,,96.838,[],1494.0,1495.0,26.0,20.0,4_rwia,299-W11-100,LU/CR
299-W11-100,410.0,CHARACTERIZATION,na,10/31/2024 12:10,C,,567605.826,136490.562,220.618,200-ZP,96.838,,,,,,Calc,,96.838,[],1494.0,1495.0,26.0,20.0,4_rwia,299-W11-100,LU/CR
299-W11-103,50.0,CHARACTERIZATION,na,10/14/2020 12:15,C,,568040.73,136482.53,223.35,200-ZP,118.62,,,,,,Calc,,118.62,['299-W11-106'],1498.0,1499.0,26.0,24.0,5_rlm,299-W11-103,NAN
299-W11-103,50.0,CHARACTERIZATION,na,10/15/2020 12:47,C,,568040.73,136482.53,223.35,200-ZP,112.49,,,,,,Calc,,112.49,['299-W11-106'],1498.0,1499.0,26.0,24.0,5_rlm,299-W11-103,NAN
299-W11-103,50.0,CHARACTERIZATION,na,10/19/2020 10:50,C,,568040.73,136482.53,223.35,200-ZP,106.292,,,,,,Calc,,106.292,['299-W11-106'],1498.0,1499.0,26.0,24.0,5_rlm,299-W11-103,NAN
299-W11-103,50.0,CHARACTERIZATION,na,11/3/2020 12:02,C,,568040.73,136482.53,223.35,200-ZP,100.476,,,,,,Calc,,100.476,['299-W11-106'],1498.0,1499.0,26.0,24.0,4_rwia,299-W11-103,NAN
299-W11-103,52.9,CHARACTERIZATION,na,11/4/2020 10:30,C,,568040.73,136482.53,223.35,200-ZP,94.139,,,,,,Calc,,94.139,['299-W11-106'],1498.0,1499.0,26.0,24.0,4_rwia,299-W11-103,NAN
299-W11-103,50.0,CHARACTERIZATION,na,11/9/2020 11:41,C,,568040.73,136482.53,223.35,200-ZP,87.9,,,,,,Calc,,87.9,['299-W11-106'],1498.0,1499.0,26.0,24.0,4_rwia,299-W11-103,NAN
299-W11-103,50.0,CHARACTERIZATION,na,11/10/2020 11:00,C,,568040.73,136482.53,223.35,200-ZP,81.837,,,,,,Calc,,81.837,['299-W11-106'],1498.0,1499.0,26.0,24.0,4_rwia,299-W11-103,NAN
299-W11-103,50.0,CHARACTERIZATION,na,3/16/2021 13:38,C,,568040.73,136482.53,223.35,200-ZP,67.591,,,,,,Calc,,67.591,['299-W11-106'],1498.0,1499.0,26.0,24.0,0_bslt,299-W11-103,NAN
299-W11-104,141.0,CHARACTERIZATION,na,9/1/2020 12:51,C,,567577.67,136581.38,219.5,200-ZP,121.117,,,,,,Calc,,121.117,['299-W11-107'],1435.0,1436.0,25.0,20.0,5_rlm,299-W11-104,NAN
299-W11-104,83.3,CHARACTERIZATION,na,9/8/2020 9:10,C,,567577.67,136581.38,219.5,200-ZP,115.182,,,,,,Calc,,115.182,['299-W11-107'],1435.0,1436.0,25.0,20.0,5_rlm,299-W11-104,NAN
299-W11-104,253.0,CHARACTERIZATION,na,9/9/2020 8:20,C,,567577.67,136581.38,219.5,200-ZP,109.111,,,,,,Calc,,109.111,['299-W11-107'],1435.0,1436.0,25.0,20.0,5_rlm,299-W11-104,NAN
299-W11-104,447.0,CHARACTERIZATION,na,9/10/2020 9:24,C,,567577.67,136581.38,219.5,200-ZP,102.984,,,,,,Calc,,102.984,['299-W11-107'],1435.0,1436.0,25.0,20.0,4_rwia,299-W11-104,NAN
299-W11-104,425.0,CHARACTERIZATION,na,9/17/2020 10:15,C,,567577.67,136581.38,219.5,200-ZP,96.772,,,,,,Calc,,96.772,['299-W11-107'],1435.0,1436.0,25.0,20.0,4_rwia,299-W11-104,NAN
299-W11-104,301.0,CHARACTERIZATION,na,9/21/2020 13:13,C,,567577.67,136581.38,219.5,200-ZP,90.9,,,,,,Calc,,90.9,['299-W11-107'],1435.0,1436.0,25.0,20.0,4_rwia,299-W11-104,NAN
299-W11-104,133.0,CHARACTERIZATION,na,9/22/2020 11:40,C,,567577.67,136581.38,219.5,200-ZP,84.69,,,,,,Calc,,84.69,['299-W11-107'],1435.0,1436.0,25.0,20.0,4_rwia,299-W11-104,NAN
299-W11-104,102.0,CHARACTERIZATION,na,9/23/2020 14:03,C,,567577.67,136581.38,219.5,200-ZP,78.554,,,,,,Calc,,78.554,['299-W11-107'],1435.0,1436.0,25.0,20.0,4_rwia,299-W11-104,NAN
299-W11-104,79.1,CHARACTERIZATION,na,9/28/2020 14:00,C,,567577.67,136581.38,219.5,200-ZP,72.324,,,,,,Calc,,72.324,['299-W11-107'],1435.0,1436.0,25.0,20.0,0_bslt,299-W11-104,NAN
299-W11-104,67.0,CHARACTERIZATION,na,10/1/2020 8:45,C,,567577.67,136581.38,219.5,200-ZP,66.442,,,,,,Calc,,66.442,['299-W11-107'],1435.0,1436.0,25.0,20.0,0_bslt,299-W11-104,NAN
299-W11-104,50.0,CHARACTERIZATION,na,10/5/2020 14:57,C,,567577.67,136581.38,219.5,200-ZP,62.781,,,,,,Calc,,62.781,['299-W11-107'],1435.0,1436.0,25.0,20.0,0_bslt,299-W11-104,NAN
299-W11-106,51.4,CHARACTERIZATION,na,9/18/2023 8:03,C,,568036.76,136481.53,224.191,200-ZP,118.301,,,,,,Calc,,118.301,['299-W11-106'],1498.0,1499.0,26.0,24.0,5_rlm,299-W11-106,UU/MU
299-W11-106,51.4,CHARACTERIZATION,na,9/18/2023 8:03,C,,568036.76,136481.53,224.191,200-ZP,118.301,,,,,,Calc,,118.301,['299-W11-106'],1498.0,1499.0,26.0,24.0,5_rlm,299-W11-106,UU/MU
299-W11-107,75.2,CHARACTERIZATION,na,12/14/2023 11:07,C,,567573.99,136583.6,220.427,200-ZP,65.027,,,,,,Calc,,65.027,['299-W11-107'],1435.0,1436.0,25.0,20.0,0_bslt,299-W11-107,LU/CR
299-W11-107,75.2,CHARACTERIZATION,na,12/14/2023 11:07,C,,567573.99,136583.6,220.427,200-ZP,65.027,,,,,,Calc,,65.027,['299-W11-107'],1435.0,1436.0,25.0,20.0,0_bslt,299-W11-107,LU/CR
299-W11-116,50.0,CHARACTERIZATION,na,10/2/2024 9:50,C,,567928.757,136407.124,223.02,200-ZP,114.752,,,,,,Calc,,114.752,['299-W11-116'],1556.0,1557.0,27.0,23.0,5_rlm,299-W11-116,UU/MU
299-W11-116,116.0,CHARACTERIZATION,na,10/3/2024 12:37,C,,567928.757,136407.124,223.02,200-ZP,108.412,,,,,,Calc,,108.412,['299-W11-116'],1556.0,1557.0,27.0,23.0,5_rlm,299-W11-116,UU/MU
299-W11-116,86.2,CHARACTERIZATION,na,10/7/2024 13:14,C,,567928.757,136407.124,223.02,200-ZP,102.085,,,,,,Calc,,102.085,['299-W11-116'],1556.0,1557.0,27.0,23.0,4_rwia,299-W11-116,UU/MU
299-W11-116,50.0,CHARACTERIZATION,na,10/8/2024 13:40,C,,567928.757,136407.124,223.02,200-ZP,95.967,,,,,,Calc,,95.967,['299-W11-116'],1556.0,1557.0,27.0,23.0,4_rwia,299-W11-116,UU/MU
299-W11-116,51.1,CHARACTERIZATION,na,10/9/2024 13:40,C,,567928.757,136407.124,223.02,200-ZP,89.749,,,,,,Calc,,89.749,['299-W11-116'],1556.0,1557.0,27.0,23.0,4_rwia,299-W11-116,UU/MU
299-W11-116,44.3,CHARACTERIZATION,na,10/14/2024 13:21,C,,567928.757,136407.124,223.02,200-ZP,83.952,,,,,,Calc,,83.952,['299-W11-116'],1556.0,1557.0,27.0,23.0,4_rwia,299-W11-116,UU/MU
299-W11-116,51.4,CHARACTERIZATION,na,10/16/2024 14:11,C,,567928.757,136407.124,223.02,200-ZP,77.591,,,,,,Calc,,77.591,['299-W11-116'],1556.0,1557.0,27.0,23.0,4_rwia,299-W11-116,UU/MU
299-W11-116,50.0,CHARACTERIZATION,na,10/29/2024 12:11,C,,567928.757,136407.124,223.02,200-ZP,65.31,,,,,,Calc,,65.31,['299-W11-116'],1556.0,1557.0,27.0,23.0,0_bslt,299-W11-116,UU/MU
299-W11-98,50.0,CHARACTERIZATION,na,10/16/2023 14:05,C,,567596.33,136479.36,220.714,200-ZP,120.892,,,,,,Calc,,120.892,[],1494.0,1495.0,26.0,20.0,5_rlm,299-W11-98,LU/CR
299-W11-98,50.0,CHARACTERIZATION,na,10/16/2023 14:05,C,,567596.33,136479.36,220.714,200-ZP,120.892,,,,,,Calc,,120.892,[],1494.0,1495.0,26.0,20.0,5_rlm,299-W11-98,LU/CR
299-W11-98,201.0,CHARACTERIZATION,na,10/17/2023 13:15,C,,567596.33,136479.36,220.714,200-ZP,115.134,,,,,,Calc,,115.134,[],1494.0,1495.0,26.0,20.0,5_rlm,299-W11-98,LU/CR
299-W11-98,201.0,CHARACTERIZATION,na,10/17/2023 13:15,C,,567596.33,136479.36,220.714,200-ZP,115.134,,,,,,Calc,,115.134,[],1494.0,1495.0,26.0,20.0,5_rlm,299-W11-98,LU/CR
299-W11-98,108.0,CHARACTERIZATION,na,10/19/2023 8:41,C,,567596.33,136479.36,220.714,200-ZP,109.094,,,,,,Calc,,109.094,[],1494.0,1495.0,26.0,20.0,5_rlm,299-W11-98,LU/CR
299-W11-98,108.0,CHARACTERIZATION,na,10/19/2023 8:41,C,,567596.33,136479.36,220.714,200-ZP,109.094,,,,,,Calc,,109.094,[],1494.0,1495.0,26.0,20.0,5_rlm,299-W11-98,LU/CR
299-W11-98,291.5,CHARACTERIZATION,na,10/23/2023 13:35,C,,567596.33,136479.36,220.714,200-ZP,102.961,,,,,,Calc,,102.961,[],1494.0,1495.0,26.0,20.0,4_rwia,299-W11-98,LU/CR
299-W11-98,291.5,CHARACTERIZATION,na,10/23/2023 13:35,C,,567596.33,136479.36,220.714,200-ZP,102.961,,,,,,Calc,,102.961,[],1494.0,1495.0,26.0,20.0,4_rwia,299-W11-98,LU/CR
299-W11-98,336.0,CHARACTERIZATION,na,10/24/2023 14:01,C,,567596.33,136479.36,220.714,200-ZP,96.877,,,,,,Calc,,96.877,[],1494.0,1495.0,26.0,20.0,4_rwia,299-W11-98,LU/CR
299-W11-98,336.0,CHARACTERIZATION,na,10/24/2023 14:01,C,,567596.33,136479.36,220.714,200-ZP,96.877,,,,,,Calc,,96.877,[],1494.0,1495.0,26.0,20.0,4_rwia,299-W11-98,LU/CR
299-W11-98,329.0,CHARACTERIZATION,na,10/26/2023 10:31,C,,567596.33,136479.36,220.714,200-ZP,90.714,,,,,,Calc,,90.714,[],1494.0,1495.0,26.0,20.0,4_rwia,299-W11-98,LU/CR
299-W11-98,329.0,CHARACTERIZATION,na,10/26/2023 10:31,C,,567596.33,136479.36,220.714,200-ZP,90.714,,,,,,Calc,,90.714,[],1494.0,1495.0,26.0,20.0,4_rwia,299-W11-98,LU/CR
299-W11-98,377.0,CHARACTERIZATION,na,10/27/2023 13:01,C,,567596.33,136479.36,220.714,200-ZP,84.624,,,,,,Calc,,84.624,[],1494.0,1495.0,26.0,20.0,4_rwia,299-W11-98,LU/CR
299-W11-98,377.0,CHARACTERIZATION,na,10/27/2023 13:01,C,,567596.33,136479.36,220.714,200-ZP,84.624,,,,,,Calc,,84.624,[],1494.0,1495.0,26.0,20.0,4_rwia,299-W11-98,LU/CR
299-W11-98,328.0,CHARACTERIZATION,na,10/31/2023 11:20,C,,567596.33,136479.36,220.714,200-ZP,78.443,,,,,,Calc,,78.443,[],1494.0,1495.0,26.0,20.0,4_rwia,299-W11-98,LU/CR
299-W11-98,328.0,CHARACTERIZATION,na,10/31/2023 11:20,C,,567596.33,136479.36,220.714,200-ZP,78.443,,,,,,Calc,,78.443,[],1494.0,1495.0,26.0,20.0,4_rwia,299-W11-98,LU/CR
299-W11-98,311.0,CHARACTERIZATION,na,11/1/2023 11:21,C,,567596.33,136479.36,220.714,200-ZP,72.464,,,,,,Calc,,72.464,[],1494.0,1495.0,26.0,20.0,0_bslt,299-W11-98,LU/CR
299-W11-98,311.0,CHARACTERIZATION,na,11/1/2023 11:21,C,,567596.33,136479.36,220.714,200-ZP,72.464,,,,,,Calc,,72.464,[],1494.0,1495.0,26.0,20.0,0_bslt,299-W11-98,LU/CR
299-W11-98,292.0,CHARACTERIZATION,na,11/3/2023 11:05,C,,567596.33,136479.36,220.714,200-ZP,68.494,,,,,,Calc,,68.494,[],1494.0,1495.0,26.0,20.0,0_bslt,299-W11-98,LU/CR
299-W11-98,292.0,CHARACTERIZATION,na,11/3/2023 11:05,C,,567596.33,136479.36,220.714,200-ZP,68.494,,,,,,Calc,,68.494,[],1494.0,1495.0,26.0,20.0,0_bslt,299-W11-98,LU/CR
299-W11-98,63.1,CHARACTERIZATION,na,12/19/2023 7:41,C,,567596.33,136479.36,220.714,200-ZP,71.207,,,,,,Calc,,71.207,[],1494.0,1495.0,26.0,20.0,0_bslt,299-W11-98,LU/CR
299-W11-98,63.1,CHARACTERIZATION,na,12/19/2023 7:41,C,,567596.33,136479.36,220.714,200-ZP,71.207,,,,,,Calc,,71.207,[],1494.0,1495.0,26.0,20.0,0_bslt,299-W11-98,LU/CR
299-W11-99,95.4,CHARACTERIZATION,na,8/15/2024 16:47,C,,567615.778,136481.217,220.861,200-ZP,112.246,,,,,,Calc,,112.246,[],1494.0,1495.0,26.0,20.0,5_rlm,299-W11-99,LU/CR
299-W11-99,95.4,CHARACTERIZATION,na,8/15/2024 16:47,C,,567615.778,136481.217,220.861,200-ZP,112.246,,,,,,Calc,,112.246,[],1494.0,1495.0,26.0,20.0,5_rlm,299-W11-99,LU/CR
299-W12-5,121.0,CHARACTERIZATION,na,9/28/2020 10:26,C,,568101.7,136735.54,222.881,200-ZP,118.801,,,,,,Calc,,118.801,['299-W12-5'],1381.0,1382.0,24.0,25.0,5_rlm,299-W12-5,UU/MU
299-W12-5,410.0,CHARACTERIZATION,na,9/29/2020 9:21,C,,568101.7,136735.54,222.881,200-ZP,112.881,,,,,,Calc,,112.881,['299-W12-5'],1381.0,1382.0,24.0,25.0,5_rlm,299-W12-5,UU/MU
299-W12-5,412.0,CHARACTERIZATION,na,9/30/2020 11:03,C,,568101.7,136735.54,222.881,200-ZP,106.572,,,,,,Calc,,106.572,['299-W12-5'],1381.0,1382.0,24.0,25.0,4_rwia,299-W12-5,UU/MU
299-W12-5,358.0,CHARACTERIZATION,na,10/1/2020 10:49,C,,568101.7,136735.54,222.881,200-ZP,100.422,,,,,,Calc,,100.422,['299-W12-5'],1381.0,1382.0,24.0,25.0,4_rwia,299-W12-5,UU/MU
299-W12-5,189.0,CHARACTERIZATION,na,10/5/2020 14:12,C,,568101.7,136735.54,222.881,200-ZP,94.307,,,,,,Calc,,94.307,['299-W12-5'],1381.0,1382.0,24.0,25.0,4_rwia,299-W12-5,UU/MU
299-W12-5,234.0,CHARACTERIZATION,na,10/6/2020 14:14,C,,568101.7,136735.54,222.881,200-ZP,88.184,,,,,,Calc,,88.184,['299-W12-5'],1381.0,1382.0,24.0,25.0,4_rwia,299-W12-5,UU/MU
299-W12-5,65.85,CHARACTERIZATION,na,10/7/2020 13:31,C,,568101.7,136735.54,222.881,200-ZP,82.112,,,,,,Calc,,82.112,['299-W12-5'],1381.0,1382.0,24.0,25.0,4_rwia,299-W12-5,UU/MU
299-W12-5,102.0,CHARACTERIZATION,na,10/12/2020 14:27,C,,568101.7,136735.54,222.881,200-ZP,75.913,,,,,,Calc,,75.913,['299-W12-5'],1381.0,1382.0,24.0,25.0,0_bslt,299-W12-5,UU/MU
299-W12-5,46.9,CHARACTERIZATION,na,10/14/2020 13:40,C,,568101.7,136735.54,222.881,200-ZP,71.136,,,,,,Calc,,71.136,['299-W12-5'],1381.0,1382.0,24.0,25.0,0_bslt,299-W12-5,UU/MU
299-W12-5,197.0,CHARACTERIZATION,na,4/19/2021 8:20,C,,568101.7,136735.54,222.881,200-ZP,124.55,,,,,,Calc,,124.55,['299-W12-5'],1381.0,1382.0,24.0,25.0,5_rlm,299-W12-5,UU/MU
299-W12-6,50.0,CHARACTERIZATION,na,7/2/2024 12:45,C,,568139.873,136521.266,223.446,200-ZP,120.719,,,,,,Calc,,120.719,['299-W12-6'],1499.0,1500.0,26.0,25.0,5_rlm,299-W12-6,LU/CR
299-W12-6,50.0,CHARACTERIZATION,na,7/2/2024 12:45,C,,568139.873,136521.266,223.446,200-ZP,120.719,,,,,,Calc,,120.719,['299-W12-6'],1499.0,1500.0,26.0,25.0,5_rlm,299-W12-6,LU/CR
299-W12-6,50.0,CHARACTERIZATION,na,7/15/2024 11:55,C,,568139.873,136521.266,223.446,200-ZP,114.638,,,,,,Calc,,114.638,['299-W12-6'],1499.0,1500.0,26.0,25.0,5_rlm,299-W12-6,LU/CR
299-W12-6,50.0,CHARACTERIZATION,na,7/15/2024 11:55,C,,568139.873,136521.266,223.446,200-ZP,114.638,,,,,,Calc,,114.638,['299-W12-6'],1499.0,1500.0,26.0,25.0,5_rlm,299-W12-6,LU/CR
299-W12-6,50.0,CHARACTERIZATION,na,7/16/2024 13:20,C,,568139.873,136521.266,223.446,200-ZP,108.521,,,,,,Calc,,108.521,['299-W12-6'],1499.0,1500.0,26.0,25.0,5_rlm,299-W12-6,LU/CR
299-W12-6,50.0,CHARACTERIZATION,na,7/16/2024 13:20,C,,568139.873,136521.266,223.446,200-ZP,108.521,,,,,,Calc,,108.521,['299-W12-6'],1499.0,1500.0,26.0,25.0,5_rlm,299-W12-6,LU/CR
299-W12-6,85.25,CHARACTERIZATION,na,7/17/2024 12:10,C,,568139.873,136521.266,223.446,200-ZP,102.541,,,,,,Calc,,102.541,['299-W12-6'],1499.0,1500.0,26.0,25.0,4_rwia,299-W12-6,LU/CR
299-W12-6,85.25,CHARACTERIZATION,na,7/17/2024 12:10,C,,568139.873,136521.266,223.446,200-ZP,102.541,,,,,,Calc,,102.541,['299-W12-6'],1499.0,1500.0,26.0,25.0,4_rwia,299-W12-6,LU/CR
299-W12-6,136.0,CHARACTERIZATION,na,7/18/2024 11:52,C,,568139.873,136521.266,223.446,200-ZP,96.346,,,,,,Calc,,96.346,['299-W12-6'],1499.0,1500.0,26.0,25.0,4_rwia,299-W12-6,LU/CR
299-W12-6,136.0,CHARACTERIZATION,na,7/18/2024 11:52,C,,568139.873,136521.266,223.446,200-ZP,96.346,,,,,,Calc,,96.346,['299-W12-6'],1499.0,1500.0,26.0,25.0,4_rwia,299-W12-6,LU/CR
299-W12-6,139.0,CHARACTERIZATION,na,7/22/2024 14:12,C,,568139.873,136521.266,223.446,200-ZP,90.163,,,,,,Calc,,90.163,['299-W12-6'],1499.0,1500.0,26.0,25.0,4_rwia,299-W12-6,LU/CR
299-W12-6,139.0,CHARACTERIZATION,na,7/22/2024 14:12,C,,568139.873,136521.266,223.446,200-ZP,90.163,,,,,,Calc,,90.163,['299-W12-6'],1499.0,1500.0,26.0,25.0,4_rwia,299-W12-6,LU/CR
299-W12-6,122.0,CHARACTERIZATION,na,7/23/2024 13:45,C,,568139.873,136521.266,223.446,200-ZP,114.556,,,,,,Calc,,114.556,['299-W12-6'],1499.0,1500.0,26.0,25.0,5_rlm,299-W12-6,LU/CR
299-W12-6,122.0,CHARACTERIZATION,na,7/23/2024 13:45,C,,568139.873,136521.266,223.446,200-ZP,114.556,,,,,,Calc,,114.556,['299-W12-6'],1499.0,1500.0,26.0,25.0,5_rlm,299-W12-6,LU/CR
299-W12-6,119.0,CHARACTERIZATION,na,8/12/2024 12:50,C,,568139.873,136521.266,223.446,200-ZP,78.379,,,,,,Calc,,78.379,['299-W12-6'],1499.0,1500.0,26.0,25.0,0_bslt,299-W12-6,LU/CR
299-W12-6,119.0,CHARACTERIZATION,na,8/12/2024 12:50,C,,568139.873,136521.266,223.446,200-ZP,78.379,,,,,,Calc,,78.379,['299-W12-6'],1499.0,1500.0,26.0,25.0,0_bslt,299-W12-6,LU/CR
299-W12-6,135.0,CHARACTERIZATION,na,8/15/2024 12:56,C,,568139.873,136521.266,223.446,200-ZP,71.896,,,,,,Calc,,71.896,['299-W12-6'],1499.0,1500.0,26.0,25.0,0_bslt,299-W12-6,LU/CR
299-W12-6,135.0,CHARACTERIZATION,na,8/15/2024 12:56,C,,568139.873,136521.266,223.446,200-ZP,71.896,,,,,,Calc,,71.896,['299-W12-6'],1499.0,1500.0,26.0,25.0,0_bslt,299-W12-6,LU/CR
299-W12-6,87.0,CHARACTERIZATION,na,10/30/2024 9:12,C,,568139.873,136521.266,223.446,200-ZP,116.146,,,,,,Calc,,116.146,['299-W12-6'],1499.0,1500.0,26.0,25.0,5_rlm,299-W12-6,LU/CR
299-W12-6,87.0,CHARACTERIZATION,na,10/30/2024 9:12,C,,568139.873,136521.266,223.446,200-ZP,116.146,,,,,,Calc,,116.146,['299-W12-6'],1499.0,1500.0,26.0,25.0,5_rlm,299-W12-6,LU/CR
299-W13-3,50.0,CHARACTERIZATION,na,3/14/2023 12:52,C,,568846.25,135819.64,226.327,200-UP,96.607,,,,,,Calc,,96.607,[],1919.0,1920.0,33.0,32.0,5_rlm,299-W13-3,LU/CR
299-W13-3,50.0,CHARACTERIZATION,na,3/14/2023 12:52,C,,568846.25,135819.64,226.327,200-UP,96.607,,,,,,Calc,,96.607,[],1919.0,1920.0,33.0,32.0,5_rlm,299-W13-3,LU/CR
299-W13-3,50.0,CHARACTERIZATION,na,3/15/2023 11:16,C,,568846.25,135819.64,226.327,200-UP,90.728,,,,,,Calc,,90.728,[],1919.0,1920.0,33.0,32.0,5_rlm,299-W13-3,LU/CR
299-W13-3,50.0,CHARACTERIZATION,na,3/15/2023 11:16,C,,568846.25,135819.64,226.327,200-UP,90.728,,,,,,Calc,,90.728,[],1919.0,1920.0,33.0,32.0,5_rlm,299-W13-3,LU/CR
299-W13-3,50.0,CHARACTERIZATION,na,3/16/2023 8:48,C,,568846.25,135819.64,226.327,200-UP,84.659,,,,,,Calc,,84.659,[],1919.0,1920.0,33.0,32.0,4_rwia,299-W13-3,LU/CR
299-W13-3,50.0,CHARACTERIZATION,na,3/16/2023 8:48,C,,568846.25,135819.64,226.327,200-UP,84.659,,,,,,Calc,,84.659,[],1919.0,1920.0,33.0,32.0,4_rwia,299-W13-3,LU/CR
299-W13-3,50.0,CHARACTERIZATION,na,3/20/2023 10:25,C,,568846.25,135819.64,226.327,200-UP,78.536,,,,,,Calc,,78.536,[],1919.0,1920.0,33.0,32.0,0_bslt,299-W13-3,LU/CR
299-W13-3,50.0,CHARACTERIZATION,na,3/20/2023 10:25,C,,568846.25,135819.64,226.327,200-UP,78.536,,,,,,Calc,,78.536,[],1919.0,1920.0,33.0,32.0,0_bslt,299-W13-3,LU/CR
299-W13-3,50.0,CHARACTERIZATION,na,3/21/2023 13:35,C,,568846.25,135819.64,226.327,200-UP,72.467,,,,,,Calc,,72.467,[],1919.0,1920.0,33.0,32.0,0_bslt,299-W13-3,LU/CR
299-W13-3,50.0,CHARACTERIZATION,na,3/21/2023 13:35,C,,568846.25,135819.64,226.327,200-UP,72.467,,,,,,Calc,,72.467,[],1919.0,1920.0,33.0,32.0,0_bslt,299-W13-3,LU/CR
299-W13-3,50.0,CHARACTERIZATION,na,3/22/2023 11:30,C,,568846.25,135819.64,226.327,200-UP,66.383,,,,,,Calc,,66.383,[],1919.0,1920.0,33.0,32.0,0_bslt,299-W13-3,LU/CR
299-W13-3,50.0,CHARACTERIZATION,na,3/22/2023 11:30,C,,568846.25,135819.64,226.327,200-UP,66.383,,,,,,Calc,,66.383,[],1919.0,1920.0,33.0,32.0,0_bslt,299-W13-3,LU/CR
299-W13-3,50.0,CHARACTERIZATION,na,5/4/2023 11:30,C,,568846.25,135819.64,226.327,200-UP,77.527,,,,,,Calc,,77.527,[],1919.0,1920.0,33.0,32.0,0_bslt,299-W13-3,LU/CR
299-W13-3,50.0,CHARACTERIZATION,na,5/4/2023 11:30,C,,568846.25,135819.64,226.327,200-UP,77.527,,,,,,Calc,,77.527,[],1919.0,1920.0,33.0,32.0,0_bslt,299-W13-3,LU/CR
299-W13-5,66.8,CHARACTERIZATION,na,7/18/2023 9:03,C,,568110.39,135702.89,222.871,200-UP,86.871,,,,,,Calc,,86.871,['299-W13-5'],1971.0,1972.0,34.0,25.0,4_rwia,299-W13-5,LU/CR
299-W13-5,66.8,CHARACTERIZATION,na,7/18/2023 9:03,C,,568110.39,135702.89,222.871,200-UP,86.871,,,,,,Calc,,86.871,['299-W13-5'],1971.0,1972.0,34.0,25.0,4_rwia,299-W13-5,LU/CR
299-W14-24,83.1,CHARACTERIZATION,na,5/25/2023 11:10,C,,567161.35,135839.99,213.67,200-ZP,123.45,,,,,,Calc,,123.45,[],1903.0,1904.0,33.0,16.0,6_rwie,299-W14-24,UU/MU
299-W14-24,83.1,CHARACTERIZATION,na,5/25/2023 11:10,C,,567161.35,135839.99,213.67,200-ZP,123.45,,,,,,Calc,,123.45,[],1903.0,1904.0,33.0,16.0,6_rwie,299-W14-24,LU/CR
299-W14-24,279.0,CHARACTERIZATION,na,6/1/2023 11:01,C,,567161.35,135839.99,213.67,200-ZP,119.99,,,,,,Calc,,119.99,[],1903.0,1904.0,33.0,16.0,6_rwie,299-W14-24,UU/MU
299-W14-24,279.0,CHARACTERIZATION,na,6/1/2023 11:01,C,,567161.35,135839.99,213.67,200-ZP,119.99,,,,,,Calc,,119.99,[],1903.0,1904.0,33.0,16.0,6_rwie,299-W14-24,LU/CR
299-W14-24,321.0,CHARACTERIZATION,na,6/5/2023 9:55,C,,567161.35,135839.99,213.67,200-ZP,112.766,,,,,,Calc,,112.766,[],1903.0,1904.0,33.0,16.0,6_rwie,299-W14-24,UU/MU
299-W14-24,321.0,CHARACTERIZATION,na,6/5/2023 9:55,C,,567161.35,135839.99,213.67,200-ZP,112.766,,,,,,Calc,,112.766,[],1903.0,1904.0,33.0,16.0,6_rwie,299-W14-24,LU/CR
299-W14-24,222.0,CHARACTERIZATION,na,6/6/2023 10:05,C,,567161.35,135839.99,213.67,200-ZP,106.56,,,,,,Calc,,106.56,[],1903.0,1904.0,33.0,16.0,6_rwie,299-W14-24,UU/MU
299-W14-24,222.0,CHARACTERIZATION,na,6/6/2023 10:05,C,,567161.35,135839.99,213.67,200-ZP,106.56,,,,,,Calc,,106.56,[],1903.0,1904.0,33.0,16.0,6_rwie,299-W14-24,LU/CR
299-W14-24,142.0,CHARACTERIZATION,na,6/7/2023 13:41,C,,567161.35,135839.99,213.67,200-ZP,100.248,,,,,,Calc,,100.248,[],1903.0,1904.0,33.0,16.0,6_rwie,299-W14-24,UU/MU
299-W14-24,142.0,CHARACTERIZATION,na,6/7/2023 13:41,C,,567161.35,135839.99,213.67,200-ZP,100.248,,,,,,Calc,,100.248,[],1903.0,1904.0,33.0,16.0,6_rwie,299-W14-24,LU/CR
299-W14-24,138.0,CHARACTERIZATION,na,6/12/2023 8:50,C,,567161.35,135839.99,213.67,200-ZP,94.25,,,,,,Calc,,94.25,[],1903.0,1904.0,33.0,16.0,6_rwie,299-W14-24,UU/MU
299-W14-24,138.0,CHARACTERIZATION,na,6/12/2023 8:50,C,,567161.35,135839.99,213.67,200-ZP,94.25,,,,,,Calc,,94.25,[],1903.0,1904.0,33.0,16.0,6_rwie,299-W14-24,LU/CR
299-W14-24,169.0,CHARACTERIZATION,na,6/13/2023 13:45,C,,567161.35,135839.99,213.67,200-ZP,88.24,,,,,,Calc,,88.24,[],1903.0,1904.0,33.0,16.0,6_rwie,299-W14-24,UU/MU
299-W14-24,169.0,CHARACTERIZATION,na,6/13/2023 13:45,C,,567161.35,135839.99,213.67,200-ZP,88.24,,,,,,Calc,,88.24,[],1903.0,1904.0,33.0,16.0,6_rwie,299-W14-24,LU/CR
299-W14-24,95.7,CHARACTERIZATION,na,6/14/2023 12:15,C,,567161.35,135839.99,213.67,200-ZP,82.03,,,,,,Calc,,82.03,[],1903.0,1904.0,33.0,16.0,6_rwie,299-W14-24,UU/MU
299-W14-24,95.7,CHARACTERIZATION,na,6/14/2023 12:15,C,,567161.35,135839.99,213.67,200-ZP,82.03,,,,,,Calc,,82.03,[],1903.0,1904.0,33.0,16.0,6_rwie,299-W14-24,LU/CR
299-W14-24,50.0,CHARACTERIZATION,na,6/22/2023 8:03,C,,567161.35,135839.99,213.67,200-ZP,74.998,,,,,,Calc,,74.998,[],1903.0,1904.0,33.0,16.0,5_rlm,299-W14-24,UU/MU
299-W14-24,50.0,CHARACTERIZATION,na,6/22/2023 8:03,C,,567161.35,135839.99,213.67,200-ZP,74.998,,,,,,Calc,,74.998,[],1903.0,1904.0,33.0,16.0,5_rlm,299-W14-24,LU/CR
299-W14-24,50.0,CHARACTERIZATION,na,6/26/2023 11:52,C,,567161.35,135839.99,213.67,200-ZP,69.119,,,,,,Calc,,69.119,[],1903.0,1904.0,33.0,16.0,4_rwia,299-W14-24,UU/MU
299-W14-24,50.0,CHARACTERIZATION,na,6/26/2023 11:52,C,,567161.35,135839.99,213.67,200-ZP,69.119,,,,,,Calc,,69.119,[],1903.0,1904.0,33.0,16.0,4_rwia,299-W14-24,LU/CR
299-W14-24,50.0,CHARACTERIZATION,na,7/5/2023 9:28,C,,567161.35,135839.99,213.67,200-ZP,62.95,,,,,,Calc,,62.95,[],1903.0,1904.0,33.0,16.0,4_rwia,299-W14-24,UU/MU
299-W14-24,50.0,CHARACTERIZATION,na,7/5/2023 9:28,C,,567161.35,135839.99,213.67,200-ZP,62.95,,,,,,Calc,,62.95,[],1903.0,1904.0,33.0,16.0,4_rwia,299-W14-24,LU/CR
299-W14-24,50.0,CHARACTERIZATION,na,7/6/2023 13:03,C,,567161.35,135839.99,213.67,200-ZP,56.82,,,,,,Calc,,56.82,[],1903.0,1904.0,33.0,16.0,0_bslt,299-W14-24,UU/MU
299-W14-24,50.0,CHARACTERIZATION,na,7/6/2023 13:03,C,,567161.35,135839.99,213.67,200-ZP,56.82,,,,,,Calc,,56.82,[],1903.0,1904.0,33.0,16.0,0_bslt,299-W14-24,LU/CR
299-W14-24,50.0,CHARACTERIZATION,na,9/21/2023 10:52,C,,567161.35,135839.99,213.67,200-ZP,62.476764,,,,,,Calc,,62.476764,[],1903.0,1904.0,33.0,16.0,4_rwia,299-W14-24,UU/MU
299-W14-24,50.0,CHARACTERIZATION,na,9/21/2023 10:52,C,,567161.35,135839.99,213.67,200-ZP,62.476764,,,,,,Calc,,62.476764,[],1903.0,1904.0,33.0,16.0,4_rwia,299-W14-24,LU/CR
299-W14-25,92.2,CHARACTERIZATION,na,7/29/2024 13:57,C,,567169.051,135845.699,213.829,200-ZP,95.844,,,,,,Calc,,95.844,[],1903.0,1904.0,33.0,16.0,6_rwie,299-W14-25,UU/MU
299-W14-25,92.2,CHARACTERIZATION,na,7/29/2024 13:57,C,,567169.051,135845.699,213.829,200-ZP,95.844,,,,,,Calc,,95.844,[],1903.0,1904.0,33.0,16.0,6_rwie,299-W14-25,UU/MU
299-W14-27,50.0,CHARACTERIZATION,na,12/8/2020 12:30,C,,568000.0,136200.0,222.0,200-ZP,117.588,,,,,,Calc,,117.588,['299-W14-75'],1675.0,1676.0,29.0,24.0,5_rlm,299-W14-27,NAN
299-W14-27,50.0,CHARACTERIZATION,na,12/10/2020 12:20,C,,568000.0,136200.0,222.0,200-ZP,111.583,,,,,,Calc,,111.583,['299-W14-75'],1675.0,1676.0,29.0,24.0,5_rlm,299-W14-27,NAN
299-W14-27,50.0,CHARACTERIZATION,na,12/14/2020 9:57,C,,568000.0,136200.0,222.0,200-ZP,105.524,,,,,,Calc,,105.524,['299-W14-75'],1675.0,1676.0,29.0,24.0,5_rlm,299-W14-27,NAN
299-W14-27,50.0,CHARACTERIZATION,na,12/15/2020 10:12,C,,568000.0,136200.0,222.0,200-ZP,99.342,,,,,,Calc,,99.342,['299-W14-75'],1675.0,1676.0,29.0,24.0,4_rwia,299-W14-27,NAN
299-W14-27,50.0,CHARACTERIZATION,na,12/17/2020 11:07,C,,568000.0,136200.0,222.0,200-ZP,93.277,,,,,,Calc,,93.277,['299-W14-75'],1675.0,1676.0,29.0,24.0,4_rwia,299-W14-27,NAN
299-W14-27,50.0,CHARACTERIZATION,na,12/17/2020 11:51,C,,568000.0,136200.0,222.0,200-ZP,87.1,,,,,,Calc,,87.1,['299-W14-75'],1675.0,1676.0,29.0,24.0,4_rwia,299-W14-27,NAN
299-W14-27,50.0,CHARACTERIZATION,na,12/21/2020 11:43,C,,568000.0,136200.0,222.0,200-ZP,81.2,,,,,,Calc,,81.2,['299-W14-75'],1675.0,1676.0,29.0,24.0,4_rwia,299-W14-27,NAN
299-W14-27,50.0,CHARACTERIZATION,na,12/22/2020 12:50,C,,568000.0,136200.0,222.0,200-ZP,75.1,,,,,,Calc,,75.1,['299-W14-75'],1675.0,1676.0,29.0,24.0,0_bslt,299-W14-27,NAN
299-W14-27,50.0,CHARACTERIZATION,na,12/29/2020 12:31,C,,568000.0,136200.0,222.0,200-ZP,68.92,,,,,,Calc,,68.92,['299-W14-75'],1675.0,1676.0,29.0,24.0,0_bslt,299-W14-27,NAN
299-W14-27,50.0,CHARACTERIZATION,na,1/5/2021 14:39,C,,568000.0,136200.0,222.0,200-ZP,63.675,,,,,,Calc,,63.675,['299-W14-75'],1675.0,1676.0,29.0,24.0,0_bslt,299-W14-27,NAN
299-W14-28,1260.0,CHARACTERIZATION,na,11/29/2023 11:00,C,,567471.073,136463.557,220.246,200-ZP,123.914,,,,,,Calc,,123.914,['299-W14-28'],1493.0,1494.0,26.0,19.0,5_rlm,299-W14-28,UU/MU
299-W14-28,1260.0,CHARACTERIZATION,na,11/29/2023 11:00,C,,567471.073,136463.557,220.246,200-ZP,123.914,,,,,,Calc,,123.914,['299-W14-28'],1493.0,1494.0,26.0,19.0,5_rlm,299-W14-28,UU/MU
299-W14-28,1330.0,CHARACTERIZATION,na,11/30/2023 11:32,C,,567471.073,136463.557,220.246,200-ZP,117.763,,,,,,Calc,,117.763,['299-W14-28'],1493.0,1494.0,26.0,19.0,5_rlm,299-W14-28,UU/MU
299-W14-28,1330.0,CHARACTERIZATION,na,11/30/2023 11:32,C,,567471.073,136463.557,220.246,200-ZP,117.763,,,,,,Calc,,117.763,['299-W14-28'],1493.0,1494.0,26.0,19.0,5_rlm,299-W14-28,UU/MU
299-W14-28,526.0,CHARACTERIZATION,na,12/4/2023 11:25,C,,567471.073,136463.557,220.246,200-ZP,111.984,,,,,,Calc,,111.984,['299-W14-28'],1493.0,1494.0,26.0,19.0,5_rlm,299-W14-28,UU/MU
299-W14-28,526.0,CHARACTERIZATION,na,12/4/2023 11:25,C,,567471.073,136463.557,220.246,200-ZP,111.984,,,,,,Calc,,111.984,['299-W14-28'],1493.0,1494.0,26.0,19.0,5_rlm,299-W14-28,UU/MU
299-W14-28,451.0,CHARACTERIZATION,na,12/5/2023 12:46,C,,567471.073,136463.557,220.246,200-ZP,105.894,,,,,,Calc,,105.894,['299-W14-28'],1493.0,1494.0,26.0,19.0,5_rlm,299-W14-28,UU/MU
299-W14-28,451.0,CHARACTERIZATION,na,12/5/2023 12:46,C,,567471.073,136463.557,220.246,200-ZP,105.894,,,,,,Calc,,105.894,['299-W14-28'],1493.0,1494.0,26.0,19.0,5_rlm,299-W14-28,UU/MU
299-W14-28,350.0,CHARACTERIZATION,na,12/7/2023 9:30,C,,567471.073,136463.557,220.246,200-ZP,99.804,,,,,,Calc,,99.804,['299-W14-28'],1493.0,1494.0,26.0,19.0,4_rwia,299-W14-28,UU/MU
299-W14-28,350.0,CHARACTERIZATION,na,12/7/2023 9:30,C,,567471.073,136463.557,220.246,200-ZP,99.804,,,,,,Calc,,99.804,['299-W14-28'],1493.0,1494.0,26.0,19.0,4_rwia,299-W14-28,UU/MU
299-W14-28,430.0,CHARACTERIZATION,na,12/8/2023 10:40,C,,567471.073,136463.557,220.246,200-ZP,93.769,,,,,,Calc,,93.769,['299-W14-28'],1493.0,1494.0,26.0,19.0,4_rwia,299-W14-28,UU/MU
299-W14-28,430.0,CHARACTERIZATION,na,12/8/2023 10:40,C,,567471.073,136463.557,220.246,200-ZP,93.769,,,,,,Calc,,93.769,['299-W14-28'],1493.0,1494.0,26.0,19.0,4_rwia,299-W14-28,UU/MU
299-W14-28,262.0,CHARACTERIZATION,na,12/12/2023 8:31,C,,567471.073,136463.557,220.246,200-ZP,87.646,,,,,,Calc,,87.646,['299-W14-28'],1493.0,1494.0,26.0,19.0,4_rwia,299-W14-28,UU/MU
299-W14-28,262.0,CHARACTERIZATION,na,12/12/2023 8:31,C,,567471.073,136463.557,220.246,200-ZP,87.646,,,,,,Calc,,87.646,['299-W14-28'],1493.0,1494.0,26.0,19.0,4_rwia,299-W14-28,UU/MU
299-W14-28,308.0,CHARACTERIZATION,na,12/21/2023 9:17,C,,567471.073,136463.557,220.246,200-ZP,82.135,,,,,,Calc,,82.135,['299-W14-28'],1493.0,1494.0,26.0,19.0,4_rwia,299-W14-28,UU/MU
299-W14-28,308.0,CHARACTERIZATION,na,12/21/2023 9:17,C,,567471.073,136463.557,220.246,200-ZP,82.135,,,,,,Calc,,82.135,['299-W14-28'],1493.0,1494.0,26.0,19.0,4_rwia,299-W14-28,UU/MU
299-W14-28,328.0,CHARACTERIZATION,na,1/5/2024 10:30,C,,567471.073,136463.557,220.246,200-ZP,76.222,,,,,,Calc,,76.222,['299-W14-28'],1493.0,1494.0,26.0,19.0,4_rwia,299-W14-28,UU/MU
299-W14-28,328.0,CHARACTERIZATION,na,1/5/2024 10:30,C,,567471.073,136463.557,220.246,200-ZP,76.222,,,,,,Calc,,76.222,['299-W14-28'],1493.0,1494.0,26.0,19.0,4_rwia,299-W14-28,UU/MU
299-W14-28,351.0,CHARACTERIZATION,na,1/9/2024 10:27,C,,567471.073,136463.557,220.246,200-ZP,69.778,,,,,,Calc,,69.778,['299-W14-28'],1493.0,1494.0,26.0,19.0,0_bslt,299-W14-28,UU/MU
299-W14-28,351.0,CHARACTERIZATION,na,1/9/2024 10:27,C,,567471.073,136463.557,220.246,200-ZP,69.778,,,,,,Calc,,69.778,['299-W14-28'],1493.0,1494.0,26.0,19.0,0_bslt,299-W14-28,UU/MU
299-W14-28,349.0,CHARACTERIZATION,na,1/11/2024 11:15,C,,567471.073,136463.557,220.246,200-ZP,63.841,,,,,,Calc,,63.841,['299-W14-28'],1493.0,1494.0,26.0,19.0,0_bslt,299-W14-28,UU/MU
299-W14-28,349.0,CHARACTERIZATION,na,1/11/2024 11:15,C,,567471.073,136463.557,220.246,200-ZP,63.841,,,,,,Calc,,63.841,['299-W14-28'],1493.0,1494.0,26.0,19.0,0_bslt,299-W14-28,UU/MU
299-W14-28,385.0,CHARACTERIZATION,na,5/22/2024 8:25,C,,567471.073,136463.557,220.246,200-ZP,119.497,,,,,,Calc,,119.497,['299-W14-28'],1493.0,1494.0,26.0,19.0,5_rlm,299-W14-28,UU/MU
299-W14-28,385.0,CHARACTERIZATION,na,5/22/2024 8:25,C,,567471.073,136463.557,220.246,200-ZP,119.497,,,,,,Calc,,119.497,['299-W14-28'],1493.0,1494.0,26.0,19.0,5_rlm,299-W14-28,UU/MU
299-W14-29,52.3,CHARACTERIZATION,na,4/25/2024 8:10,C,,568068.098,136864.485,222.639,200-ZP,120.708,,,,,,Calc,,120.708,['299-W14-29'],1263.0,1264.0,22.0,25.0,5_rlm,299-W14-29,LU/CR
299-W14-29,52.3,CHARACTERIZATION,na,4/25/2024 8:10,C,,568068.098,136864.485,222.639,200-ZP,120.708,,,,,,Calc,,120.708,['299-W14-29'],1263.0,1264.0,22.0,25.0,5_rlm,299-W14-29,LU/CR
299-W14-29,233.0,CHARACTERIZATION,na,4/25/2024 12:46,C,,568068.098,136864.485,222.639,200-ZP,114.725,,,,,,Calc,,114.725,['299-W14-29'],1263.0,1264.0,22.0,25.0,5_rlm,299-W14-29,LU/CR
299-W14-29,233.0,CHARACTERIZATION,na,4/25/2024 12:46,C,,568068.098,136864.485,222.639,200-ZP,114.725,,,,,,Calc,,114.725,['299-W14-29'],1263.0,1264.0,22.0,25.0,5_rlm,299-W14-29,LU/CR
299-W14-29,358.0,CHARACTERIZATION,na,4/26/2024 10:35,C,,568068.098,136864.485,222.639,200-ZP,108.459,,,,,,Calc,,108.459,['299-W14-29'],1263.0,1264.0,22.0,25.0,4_rwia,299-W14-29,LU/CR
299-W14-29,358.0,CHARACTERIZATION,na,4/26/2024 10:35,C,,568068.098,136864.485,222.639,200-ZP,108.459,,,,,,Calc,,108.459,['299-W14-29'],1263.0,1264.0,22.0,25.0,4_rwia,299-W14-29,LU/CR
299-W14-29,360.0,CHARACTERIZATION,na,4/29/2024 13:55,C,,568068.098,136864.485,222.639,200-ZP,102.475,,,,,,Calc,,102.475,['299-W14-29'],1263.0,1264.0,22.0,25.0,4_rwia,299-W14-29,LU/CR
299-W14-29,360.0,CHARACTERIZATION,na,4/29/2024 13:55,C,,568068.098,136864.485,222.639,200-ZP,102.475,,,,,,Calc,,102.475,['299-W14-29'],1263.0,1264.0,22.0,25.0,4_rwia,299-W14-29,LU/CR
299-W14-29,270.0,CHARACTERIZATION,na,4/30/2024 13:21,C,,568068.098,136864.485,222.639,200-ZP,96.389,,,,,,Calc,,96.389,['299-W14-29'],1263.0,1264.0,22.0,25.0,4_rwia,299-W14-29,LU/CR
299-W14-29,270.0,CHARACTERIZATION,na,4/30/2024 13:21,C,,568068.098,136864.485,222.639,200-ZP,96.389,,,,,,Calc,,96.389,['299-W14-29'],1263.0,1264.0,22.0,25.0,4_rwia,299-W14-29,LU/CR
299-W14-29,269.0,CHARACTERIZATION,na,5/2/2024 8:33,C,,568068.098,136864.485,222.639,200-ZP,90.299,,,,,,Calc,,90.299,['299-W14-29'],1263.0,1264.0,22.0,25.0,4_rwia,299-W14-29,LU/CR
299-W14-29,269.0,CHARACTERIZATION,na,5/2/2024 8:33,C,,568068.098,136864.485,222.639,200-ZP,90.299,,,,,,Calc,,90.299,['299-W14-29'],1263.0,1264.0,22.0,25.0,4_rwia,299-W14-29,LU/CR
299-W14-29,73.8,CHARACTERIZATION,na,5/3/2024 8:09,C,,568068.098,136864.485,222.639,200-ZP,84.229,,,,,,Calc,,84.229,['299-W14-29'],1263.0,1264.0,22.0,25.0,4_rwia,299-W14-29,LU/CR
299-W14-29,73.8,CHARACTERIZATION,na,5/3/2024 8:09,C,,568068.098,136864.485,222.639,200-ZP,84.229,,,,,,Calc,,84.229,['299-W14-29'],1263.0,1264.0,22.0,25.0,4_rwia,299-W14-29,LU/CR
299-W14-29,41.2,CHARACTERIZATION,na,5/6/2024 12:55,C,,568068.098,136864.485,222.639,200-ZP,78.142,,,,,,Calc,,78.142,['299-W14-29'],1263.0,1264.0,22.0,25.0,0_bslt,299-W14-29,LU/CR
299-W14-29,41.2,CHARACTERIZATION,na,5/6/2024 12:55,C,,568068.098,136864.485,222.639,200-ZP,78.142,,,,,,Calc,,78.142,['299-W14-29'],1263.0,1264.0,22.0,25.0,0_bslt,299-W14-29,LU/CR
299-W14-29,49.1,CHARACTERIZATION,na,5/8/2024 8:06,C,,568068.098,136864.485,222.639,200-ZP,72.559,,,,,,Calc,,72.559,['299-W14-29'],1263.0,1264.0,22.0,25.0,0_bslt,299-W14-29,LU/CR
299-W14-29,49.1,CHARACTERIZATION,na,5/8/2024 8:06,C,,568068.098,136864.485,222.639,200-ZP,72.559,,,,,,Calc,,72.559,['299-W14-29'],1263.0,1264.0,22.0,25.0,0_bslt,299-W14-29,LU/CR
299-W14-29,226.0,CHARACTERIZATION,na,8/5/2024 11:55,C,,568068.098,136864.485,222.639,200-ZP,117.029,,,,,,Calc,,117.029,['299-W14-29'],1263.0,1264.0,22.0,25.0,5_rlm,299-W14-29,LU/CR
299-W14-29,226.0,CHARACTERIZATION,na,8/5/2024 11:55,C,,568068.098,136864.485,222.639,200-ZP,117.029,,,,,,Calc,,117.029,['299-W14-29'],1263.0,1264.0,22.0,25.0,5_rlm,299-W14-29,LU/CR
299-W14-30,50.0,CHARACTERIZATION,na,9/6/2023 12:20,C,,568093.697,136358.527,223.867,200-ZP,116.949,,,,,,Calc,,116.949,['299-W14-30'],1558.0,1559.0,27.0,25.0,5_rlm,299-W14-30,LU/CR
299-W14-30,50.0,CHARACTERIZATION,na,9/6/2023 12:20,C,,568093.697,136358.527,223.867,200-ZP,116.949,,,,,,Calc,,116.949,['299-W14-30'],1558.0,1559.0,27.0,25.0,5_rlm,299-W14-30,LU/CR
299-W14-30,50.0,CHARACTERIZATION,na,9/11/2023 10:31,C,,568093.697,136358.527,223.867,200-ZP,110.82,,,,,,Calc,,110.82,['299-W14-30'],1558.0,1559.0,27.0,25.0,5_rlm,299-W14-30,LU/CR
299-W14-30,50.0,CHARACTERIZATION,na,9/11/2023 10:31,C,,568093.697,136358.527,223.867,200-ZP,110.82,,,,,,Calc,,110.82,['299-W14-30'],1558.0,1559.0,27.0,25.0,5_rlm,299-W14-30,LU/CR
299-W14-30,50.0,CHARACTERIZATION,na,9/14/2023 8:40,C,,568093.697,136358.527,223.867,200-ZP,104.699,,,,,,Calc,,104.699,['299-W14-30'],1558.0,1559.0,27.0,25.0,5_rlm,299-W14-30,LU/CR
299-W14-30,50.0,CHARACTERIZATION,na,9/14/2023 8:40,C,,568093.697,136358.527,223.867,200-ZP,104.699,,,,,,Calc,,104.699,['299-W14-30'],1558.0,1559.0,27.0,25.0,5_rlm,299-W14-30,LU/CR
299-W14-30,50.0,CHARACTERIZATION,na,9/18/2023 12:05,C,,568093.697,136358.527,223.867,200-ZP,98.664,,,,,,Calc,,98.664,['299-W14-30'],1558.0,1559.0,27.0,25.0,4_rwia,299-W14-30,LU/CR
299-W14-30,50.0,CHARACTERIZATION,na,9/18/2023 12:05,C,,568093.697,136358.527,223.867,200-ZP,98.664,,,,,,Calc,,98.664,['299-W14-30'],1558.0,1559.0,27.0,25.0,4_rwia,299-W14-30,LU/CR
299-W14-30,50.0,CHARACTERIZATION,na,9/21/2023 11:46,C,,568093.697,136358.527,223.867,200-ZP,92.587,,,,,,Calc,,92.587,['299-W14-30'],1558.0,1559.0,27.0,25.0,4_rwia,299-W14-30,LU/CR
299-W14-30,50.0,CHARACTERIZATION,na,9/21/2023 11:46,C,,568093.697,136358.527,223.867,200-ZP,92.587,,,,,,Calc,,92.587,['299-W14-30'],1558.0,1559.0,27.0,25.0,4_rwia,299-W14-30,LU/CR
299-W14-30,50.0,CHARACTERIZATION,na,9/26/2023 10:08,C,,568093.697,136358.527,223.867,200-ZP,86.411,,,,,,Calc,,86.411,['299-W14-30'],1558.0,1559.0,27.0,25.0,4_rwia,299-W14-30,LU/CR
299-W14-30,50.0,CHARACTERIZATION,na,9/26/2023 10:08,C,,568093.697,136358.527,223.867,200-ZP,86.411,,,,,,Calc,,86.411,['299-W14-30'],1558.0,1559.0,27.0,25.0,4_rwia,299-W14-30,LU/CR
299-W14-30,50.0,CHARACTERIZATION,na,9/27/2023 10:30,C,,568093.697,136358.527,223.867,200-ZP,80.3,,,,,,Calc,,80.3,['299-W14-30'],1558.0,1559.0,27.0,25.0,4_rwia,299-W14-30,LU/CR
299-W14-30,50.0,CHARACTERIZATION,na,9/27/2023 10:30,C,,568093.697,136358.527,223.867,200-ZP,80.3,,,,,,Calc,,80.3,['299-W14-30'],1558.0,1559.0,27.0,25.0,4_rwia,299-W14-30,LU/CR
299-W14-30,50.0,CHARACTERIZATION,na,10/2/2023 12:15,C,,568093.697,136358.527,223.867,200-ZP,74.107,,,,,,Calc,,74.107,['299-W14-30'],1558.0,1559.0,27.0,25.0,0_bslt,299-W14-30,LU/CR
299-W14-30,50.0,CHARACTERIZATION,na,10/2/2023 12:15,C,,568093.697,136358.527,223.867,200-ZP,74.107,,,,,,Calc,,74.107,['299-W14-30'],1558.0,1559.0,27.0,25.0,0_bslt,299-W14-30,LU/CR
299-W14-30,50.0,CHARACTERIZATION,na,10/4/2023 8:40,C,,568093.697,136358.527,223.867,200-ZP,68.105,,,,,,Calc,,68.105,['299-W14-30'],1558.0,1559.0,27.0,25.0,0_bslt,299-W14-30,LU/CR
299-W14-30,50.0,CHARACTERIZATION,na,10/4/2023 8:40,C,,568093.697,136358.527,223.867,200-ZP,68.105,,,,,,Calc,,68.105,['299-W14-30'],1558.0,1559.0,27.0,25.0,0_bslt,299-W14-30,LU/CR
299-W14-30,50.0,CHARACTERIZATION,na,2/28/2024 10:15,C,,568093.697,136358.527,223.867,200-ZP,109.028,,,,,,Calc,,109.028,['299-W14-30'],1558.0,1559.0,27.0,25.0,5_rlm,299-W14-30,LU/CR
299-W14-30,50.0,CHARACTERIZATION,na,2/28/2024 10:15,C,,568093.697,136358.527,223.867,200-ZP,109.028,,,,,,Calc,,109.028,['299-W14-30'],1558.0,1559.0,27.0,25.0,5_rlm,299-W14-30,LU/CR
299-W14-31,50.0,CHARACTERIZATION,na,2/29/2024 13:46,C,,567778.283,136542.037,222.034,200-ZP,119.691,,,,,,Calc,,119.691,[],1496.0,1497.0,26.0,22.0,5_rlm,299-W14-31,LU/CR
299-W14-31,50.0,CHARACTERIZATION,na,2/29/2024 13:46,C,,567778.283,136542.037,222.034,200-ZP,119.691,,,,,,Calc,,119.691,[],1496.0,1497.0,26.0,22.0,5_rlm,299-W14-31,LU/CR
299-W14-31,133.0,CHARACTERIZATION,na,3/1/2024 10:41,C,,567778.283,136542.037,222.034,200-ZP,113.494,,,,,,Calc,,113.494,[],1496.0,1497.0,26.0,22.0,5_rlm,299-W14-31,LU/CR
299-W14-31,133.0,CHARACTERIZATION,na,3/1/2024 10:41,C,,567778.283,136542.037,222.034,200-ZP,113.494,,,,,,Calc,,113.494,[],1496.0,1497.0,26.0,22.0,5_rlm,299-W14-31,LU/CR
299-W14-31,110.0,CHARACTERIZATION,na,3/4/2024 11:30,C,,567778.283,136542.037,222.034,200-ZP,107.464,,,,,,Calc,,107.464,[],1496.0,1497.0,26.0,22.0,5_rlm,299-W14-31,LU/CR
299-W14-31,110.0,CHARACTERIZATION,na,3/4/2024 11:30,C,,567778.283,136542.037,222.034,200-ZP,107.464,,,,,,Calc,,107.464,[],1496.0,1497.0,26.0,22.0,5_rlm,299-W14-31,LU/CR
299-W14-31,344.5,CHARACTERIZATION,na,3/5/2024 11:45,C,,567778.283,136542.037,222.034,200-ZP,101.424,,,,,,Calc,,101.424,[],1496.0,1497.0,26.0,22.0,4_rwia,299-W14-31,LU/CR
299-W14-31,344.5,CHARACTERIZATION,na,3/5/2024 11:45,C,,567778.283,136542.037,222.034,200-ZP,101.424,,,,,,Calc,,101.424,[],1496.0,1497.0,26.0,22.0,4_rwia,299-W14-31,LU/CR
299-W14-31,313.0,CHARACTERIZATION,na,3/6/2024 10:25,C,,567778.283,136542.037,222.034,200-ZP,95.264,,,,,,Calc,,95.264,[],1496.0,1497.0,26.0,22.0,4_rwia,299-W14-31,LU/CR
299-W14-31,313.0,CHARACTERIZATION,na,3/6/2024 10:25,C,,567778.283,136542.037,222.034,200-ZP,95.264,,,,,,Calc,,95.264,[],1496.0,1497.0,26.0,22.0,4_rwia,299-W14-31,LU/CR
299-W14-31,268.0,CHARACTERIZATION,na,3/7/2024 11:45,C,,567778.283,136542.037,222.034,200-ZP,89.234,,,,,,Calc,,89.234,[],1496.0,1497.0,26.0,22.0,4_rwia,299-W14-31,LU/CR
299-W14-31,268.0,CHARACTERIZATION,na,3/7/2024 11:45,C,,567778.283,136542.037,222.034,200-ZP,89.234,,,,,,Calc,,89.234,[],1496.0,1497.0,26.0,22.0,4_rwia,299-W14-31,LU/CR
299-W14-31,223.0,CHARACTERIZATION,na,3/8/2024 12:05,C,,567778.283,136542.037,222.034,200-ZP,83.104,,,,,,Calc,,83.104,[],1496.0,1497.0,26.0,22.0,4_rwia,299-W14-31,LU/CR
299-W14-31,223.0,CHARACTERIZATION,na,3/8/2024 12:05,C,,567778.283,136542.037,222.034,200-ZP,83.104,,,,,,Calc,,83.104,[],1496.0,1497.0,26.0,22.0,4_rwia,299-W14-31,LU/CR
299-W14-31,167.0,CHARACTERIZATION,na,3/12/2024 14:40,C,,567778.283,136542.037,222.034,200-ZP,77.053,,,,,,Calc,,77.053,[],1496.0,1497.0,26.0,22.0,4_rwia,299-W14-31,LU/CR
299-W14-31,167.0,CHARACTERIZATION,na,3/12/2024 14:40,C,,567778.283,136542.037,222.034,200-ZP,77.053,,,,,,Calc,,77.053,[],1496.0,1497.0,26.0,22.0,4_rwia,299-W14-31,LU/CR
299-W14-31,73.2,CHARACTERIZATION,na,3/14/2024 9:55,C,,567778.283,136542.037,222.034,200-ZP,70.974,,,,,,Calc,,70.974,[],1496.0,1497.0,26.0,22.0,0_bslt,299-W14-31,LU/CR
299-W14-31,73.2,CHARACTERIZATION,na,3/14/2024 9:55,C,,567778.283,136542.037,222.034,200-ZP,70.974,,,,,,Calc,,70.974,[],1496.0,1497.0,26.0,22.0,0_bslt,299-W14-31,LU/CR
299-W14-31,64.2,CHARACTERIZATION,na,3/15/2024 10:37,C,,567778.283,136542.037,222.034,200-ZP,64.884,,,,,,Calc,,64.884,[],1496.0,1497.0,26.0,22.0,0_bslt,299-W14-31,LU/CR
299-W14-31,64.2,CHARACTERIZATION,na,3/15/2024 10:37,C,,567778.283,136542.037,222.034,200-ZP,64.884,,,,,,Calc,,64.884,[],1496.0,1497.0,26.0,22.0,0_bslt,299-W14-31,LU/CR
299-W14-31,170.0,CHARACTERIZATION,na,7/1/2024 8:45,C,,567778.283,136542.037,222.034,200-ZP,118.661,,,,,,Calc,,118.661,[],1496.0,1497.0,26.0,22.0,5_rlm,299-W14-31,LU/CR
299-W14-31,170.0,CHARACTERIZATION,na,7/1/2024 8:45,C,,567778.283,136542.037,222.034,200-ZP,118.661,,,,,,Calc,,118.661,[],1496.0,1497.0,26.0,22.0,5_rlm,299-W14-31,LU/CR
299-W14-31,186.0,CHARACTERIZATION,na,12/11/2024 10:31,C,,567778.283,136542.037,222.034,200-ZP,94.934204,,,,,,Calc,,94.934204,[],1496.0,1497.0,26.0,22.0,4_rwia,299-W14-31,LU/CR
299-W14-31,186.0,CHARACTERIZATION,na,12/11/2024 10:31,C,,567778.283,136542.037,222.034,200-ZP,94.934204,,,,,,Calc,,94.934204,[],1496.0,1497.0,26.0,22.0,4_rwia,299-W14-31,LU/CR
299-W14-32,50.0,CHARACTERIZATION,na,10/5/2023 8:35,C,,568127.499,136054.322,223.638,200-ZP,121.143,,,,,,Calc,,121.143,['299-W14-32'],1735.0,1736.0,30.0,25.0,5_rlm,299-W14-32,LU/CR
299-W14-32,50.0,CHARACTERIZATION,na,10/5/2023 8:35,C,,568127.499,136054.322,223.638,200-ZP,121.143,,,,,,Calc,,121.143,['299-W14-32'],1735.0,1736.0,30.0,25.0,5_rlm,299-W14-32,LU/CR
299-W14-32,50.0,CHARACTERIZATION,na,10/5/2023 13:40,C,,568127.499,136054.322,223.638,200-ZP,117.12,,,,,,Calc,,117.12,['299-W14-32'],1735.0,1736.0,30.0,25.0,5_rlm,299-W14-32,LU/CR
299-W14-32,50.0,CHARACTERIZATION,na,10/5/2023 13:40,C,,568127.499,136054.322,223.638,200-ZP,117.12,,,,,,Calc,,117.12,['299-W14-32'],1735.0,1736.0,30.0,25.0,5_rlm,299-W14-32,LU/CR
299-W14-32,50.0,CHARACTERIZATION,na,10/9/2023 8:58,C,,568127.499,136054.322,223.638,200-ZP,108.799,,,,,,Calc,,108.799,['299-W14-32'],1735.0,1736.0,30.0,25.0,5_rlm,299-W14-32,LU/CR
299-W14-32,50.0,CHARACTERIZATION,na,10/9/2023 8:58,C,,568127.499,136054.322,223.638,200-ZP,108.799,,,,,,Calc,,108.799,['299-W14-32'],1735.0,1736.0,30.0,25.0,5_rlm,299-W14-32,LU/CR
299-W14-32,50.0,CHARACTERIZATION,na,10/10/2023 10:20,C,,568127.499,136054.322,223.638,200-ZP,102.879,,,,,,Calc,,102.879,['299-W14-32'],1735.0,1736.0,30.0,25.0,5_rlm,299-W14-32,LU/CR
299-W14-32,50.0,CHARACTERIZATION,na,10/10/2023 10:20,C,,568127.499,136054.322,223.638,200-ZP,102.879,,,,,,Calc,,102.879,['299-W14-32'],1735.0,1736.0,30.0,25.0,5_rlm,299-W14-32,LU/CR
299-W14-32,50.0,CHARACTERIZATION,na,10/16/2023 10:10,C,,568127.499,136054.322,223.638,200-ZP,96.646,,,,,,Calc,,96.646,['299-W14-32'],1735.0,1736.0,30.0,25.0,4_rwia,299-W14-32,LU/CR
299-W14-32,50.0,CHARACTERIZATION,na,10/16/2023 10:10,C,,568127.499,136054.322,223.638,200-ZP,96.646,,,,,,Calc,,96.646,['299-W14-32'],1735.0,1736.0,30.0,25.0,4_rwia,299-W14-32,LU/CR
299-W14-32,50.0,CHARACTERIZATION,na,10/17/2023 10:37,C,,568127.499,136054.322,223.638,200-ZP,90.614,,,,,,Calc,,90.614,['299-W14-32'],1735.0,1736.0,30.0,25.0,4_rwia,299-W14-32,LU/CR
299-W14-32,50.0,CHARACTERIZATION,na,10/17/2023 10:37,C,,568127.499,136054.322,223.638,200-ZP,90.614,,,,,,Calc,,90.614,['299-W14-32'],1735.0,1736.0,30.0,25.0,4_rwia,299-W14-32,LU/CR
299-W14-32,50.0,CHARACTERIZATION,na,10/18/2023 10:40,C,,568127.499,136054.322,223.638,200-ZP,84.498,,,,,,Calc,,84.498,['299-W14-32'],1735.0,1736.0,30.0,25.0,4_rwia,299-W14-32,LU/CR
299-W14-32,50.0,CHARACTERIZATION,na,10/18/2023 10:40,C,,568127.499,136054.322,223.638,200-ZP,84.498,,,,,,Calc,,84.498,['299-W14-32'],1735.0,1736.0,30.0,25.0,4_rwia,299-W14-32,LU/CR
299-W14-32,50.0,CHARACTERIZATION,na,10/19/2023 12:05,C,,568127.499,136054.322,223.638,200-ZP,78.154,,,,,,Calc,,78.154,['299-W14-32'],1735.0,1736.0,30.0,25.0,4_rwia,299-W14-32,LU/CR
299-W14-32,50.0,CHARACTERIZATION,na,10/19/2023 12:05,C,,568127.499,136054.322,223.638,200-ZP,78.154,,,,,,Calc,,78.154,['299-W14-32'],1735.0,1736.0,30.0,25.0,4_rwia,299-W14-32,LU/CR
299-W14-32,50.0,CHARACTERIZATION,na,10/30/2023 13:35,C,,568127.499,136054.322,223.638,200-ZP,72.509,,,,,,Calc,,72.509,['299-W14-32'],1735.0,1736.0,30.0,25.0,0_bslt,299-W14-32,LU/CR
299-W14-32,50.0,CHARACTERIZATION,na,10/30/2023 13:35,C,,568127.499,136054.322,223.638,200-ZP,72.509,,,,,,Calc,,72.509,['299-W14-32'],1735.0,1736.0,30.0,25.0,0_bslt,299-W14-32,LU/CR
299-W14-32,50.0,CHARACTERIZATION,na,11/1/2023 9:00,C,,568127.499,136054.322,223.638,200-ZP,66.303,,,,,,Calc,,66.303,['299-W14-32'],1735.0,1736.0,30.0,25.0,0_bslt,299-W14-32,LU/CR
299-W14-32,50.0,CHARACTERIZATION,na,11/1/2023 9:00,C,,568127.499,136054.322,223.638,200-ZP,66.303,,,,,,Calc,,66.303,['299-W14-32'],1735.0,1736.0,30.0,25.0,0_bslt,299-W14-32,LU/CR
299-W14-32,50.0,CHARACTERIZATION,na,3/4/2024 9:05,C,,568127.499,136054.322,223.638,200-ZP,60.287,,,,,,Calc,,60.287,['299-W14-32'],1735.0,1736.0,30.0,25.0,0_bslt,299-W14-32,LU/CR
299-W14-32,50.0,CHARACTERIZATION,na,3/4/2024 9:05,C,,568127.499,136054.322,223.638,200-ZP,60.287,,,,,,Calc,,60.287,['299-W14-32'],1735.0,1736.0,30.0,25.0,0_bslt,299-W14-32,LU/CR
299-W14-33,50.0,CHARACTERIZATION,na,11/10/2020 9:00,C,,568101.33,135699.45,221.6,200-UP,117.39,,,,,,Calc,,117.39,['299-W13-5'],1971.0,1972.0,34.0,25.0,5_rlm,299-W14-33,NAN
299-W14-33,50.0,CHARACTERIZATION,na,11/10/2020 14:11,C,,568101.33,135699.45,221.6,200-UP,111.317,,,,,,Calc,,111.317,['299-W13-5'],1971.0,1972.0,34.0,25.0,5_rlm,299-W14-33,NAN
299-W14-33,50.0,CHARACTERIZATION,na,11/11/2020 10:50,C,,568101.33,135699.45,221.6,200-UP,105.14,,,,,,Calc,,105.14,['299-W13-5'],1971.0,1972.0,34.0,25.0,5_rlm,299-W14-33,NAN
299-W14-33,50.0,CHARACTERIZATION,na,11/12/2020 10:10,C,,568101.33,135699.45,221.6,200-UP,99.064,,,,,,Calc,,99.064,['299-W13-5'],1971.0,1972.0,34.0,25.0,5_rlm,299-W14-33,NAN
299-W14-33,50.0,CHARACTERIZATION,na,11/17/2020 10:53,C,,568101.33,135699.45,221.6,200-UP,92.938,,,,,,Calc,,92.938,['299-W13-5'],1971.0,1972.0,34.0,25.0,5_rlm,299-W14-33,NAN
299-W14-33,50.0,CHARACTERIZATION,na,11/18/2020 11:24,C,,568101.33,135699.45,221.6,200-UP,86.784,,,,,,Calc,,86.784,['299-W13-5'],1971.0,1972.0,34.0,25.0,4_rwia,299-W14-33,NAN
299-W14-33,50.0,CHARACTERIZATION,na,11/19/2020 11:11,C,,568101.33,135699.45,221.6,200-UP,80.712,,,,,,Calc,,80.712,['299-W13-5'],1971.0,1972.0,34.0,25.0,4_rwia,299-W14-33,NAN
299-W14-33,50.0,CHARACTERIZATION,na,12/1/2020 12:15,C,,568101.33,135699.45,221.6,200-UP,74.851,,,,,,Calc,,74.851,['299-W13-5'],1971.0,1972.0,34.0,25.0,4_rwia,299-W14-33,NAN
299-W14-33,50.0,CHARACTERIZATION,na,12/3/2020 13:14,C,,568101.33,135699.45,221.6,200-UP,68.93,,,,,,Calc,,68.93,['299-W13-5'],1971.0,1972.0,34.0,25.0,0_bslt,299-W14-33,NAN
299-W14-33,50.0,CHARACTERIZATION,na,12/8/2020 13:25,C,,568101.33,135699.45,221.6,200-UP,62.723,,,,,,Calc,,62.723,['299-W13-5'],1971.0,1972.0,34.0,25.0,0_bslt,299-W14-33,NAN
299-W14-33,50.0,CHARACTERIZATION,na,12/9/2020 13:37,C,,568101.33,135699.45,221.6,200-UP,58.663,,,,,,Calc,,58.663,['299-W13-5'],1971.0,1972.0,34.0,25.0,0_bslt,299-W14-33,NAN
299-W14-75,50.0,CHARACTERIZATION,na,10/23/2023 8:43,C,,568000.13,136204.5,223.15,200-ZP,117.17,,,,,,Calc,,117.17,['299-W14-75'],1675.0,1676.0,29.0,24.0,5_rlm,299-W14-75,LU/CR
299-W14-75,50.0,CHARACTERIZATION,na,10/23/2023 8:43,C,,568000.13,136204.5,223.15,200-ZP,117.17,,,,,,Calc,,117.17,['299-W14-75'],1675.0,1676.0,29.0,24.0,5_rlm,299-W14-75,LU/CR
299-W15-232,87.25,CHARACTERIZATION,na,3/27/2024 13:15,C,,566090.046,135729.045,213.872,200-ZP,133.744,,,,,,Calc,,133.744,[],1951.0,1952.0,34.0,5.0,6_rwie,299-W15-232,UU/MU
299-W15-232,87.25,CHARACTERIZATION,na,3/27/2024 13:15,C,,566090.046,135729.045,213.872,200-ZP,133.744,,,,,,Calc,,133.744,[],1951.0,1952.0,34.0,5.0,6_rwie,299-W15-232,UU/MU
299-W15-232,87.25,CHARACTERIZATION,na,3/27/2024 13:15,C,,566090.046,135729.045,213.872,200-ZP,133.744,,,,,,Calc,,133.744,[],1951.0,1952.0,34.0,5.0,6_rwie,299-W15-232,UU/MU
299-W15-232,95.2,CHARACTERIZATION,na,3/28/2024 11:05,C,,566090.046,135729.045,213.872,200-ZP,129.257,,,,,,Calc,,129.257,[],1951.0,1952.0,34.0,5.0,6_rwie,299-W15-232,UU/MU
299-W15-232,95.2,CHARACTERIZATION,na,3/28/2024 11:05,C,,566090.046,135729.045,213.872,200-ZP,129.257,,,,,,Calc,,129.257,[],1951.0,1952.0,34.0,5.0,6_rwie,299-W15-232,UU/MU
299-W15-232,95.2,CHARACTERIZATION,na,3/28/2024 11:05,C,,566090.046,135729.045,213.872,200-ZP,129.257,,,,,,Calc,,129.257,[],1951.0,1952.0,34.0,5.0,6_rwie,299-W15-232,UU/MU
299-W18-263,93.45,CHARACTERIZATION,na,5/1/2024 13:41,C,,566088.783,135457.955,213.345,200-ZP,133.201,,,,,,Calc,,133.201,[],2069.0,2070.0,36.0,5.0,6_rwie,299-W18-263,UU/MU
299-W18-263,90.9,CHARACTERIZATION,na,5/6/2024 14:05,C,,566088.783,135457.955,213.345,200-ZP,129.3,,,,,,Calc,,129.3,[],2069.0,2070.0,36.0,5.0,6_rwie,299-W18-263,UU/MU
299-W18-45,82.65,CHARACTERIZATION,na,5/17/2022 13:41,C,,566213.05,134976.94,208.495,200-UP,131.624,,,,,,Calc,,131.624,[],2365.0,2366.0,41.0,6.0,6_rwie,299-W18-45,UU/MU
299-W18-45,82.65,CHARACTERIZATION,na,5/17/2022 13:41,C,,566213.05,134976.94,208.495,200-UP,131.624,,,,,,Calc,,131.624,[],2365.0,2366.0,41.0,6.0,6_rwie,299-W18-45,UU/MU
299-W18-45,82.65,CHARACTERIZATION,na,5/17/2022 13:41,C,,566213.05,134976.94,208.495,200-UP,131.624,,,,,,Calc,,131.624,[],2365.0,2366.0,41.0,6.0,6_rwie,299-W18-45,UU/MU
299-W18-45,82.65,CHARACTERIZATION,na,5/17/2022 13:41,C,,566213.05,134976.94,208.495,200-UP,131.624,,,,,,Calc,,131.624,[],2365.0,2366.0,41.0,6.0,6_rwie,299-W18-45,UU/MU
299-W18-45,109.0,CHARACTERIZATION,na,5/18/2022 12:21,C,,566213.05,134976.94,208.495,200-UP,127.296,,,,,,Calc,,127.296,[],2365.0,2366.0,41.0,6.0,6_rwie,299-W18-45,UU/MU
299-W18-45,109.0,CHARACTERIZATION,na,5/18/2022 12:21,C,,566213.05,134976.94,208.495,200-UP,127.296,,,,,,Calc,,127.296,[],2365.0,2366.0,41.0,6.0,6_rwie,299-W18-45,UU/MU
299-W18-45,109.0,CHARACTERIZATION,na,5/18/2022 12:21,C,,566213.05,134976.94,208.495,200-UP,127.296,,,,,,Calc,,127.296,[],2365.0,2366.0,41.0,6.0,6_rwie,299-W18-45,UU/MU
299-W18-45,109.0,CHARACTERIZATION,na,5/18/2022 12:21,C,,566213.05,134976.94,208.495,200-UP,127.296,,,,,,Calc,,127.296,[],2365.0,2366.0,41.0,6.0,6_rwie,299-W18-45,UU/MU
299-W18-46,40.3,CHARACTERIZATION,na,6/20/2022 8:30,C,,566333.51,135008.82,210.329,200-UP,132.909,,,,,,Calc,,132.909,[],2366.0,2367.0,41.0,7.0,6_rwie,299-W18-46,UU/MU
299-W18-46,40.3,CHARACTERIZATION,na,6/20/2022 8:30,C,,566333.51,135008.82,210.329,200-UP,132.909,,,,,,Calc,,132.909,[],2366.0,2367.0,41.0,7.0,6_rwie,299-W18-46,UU/MU
299-W18-46,40.3,CHARACTERIZATION,na,6/20/2022 8:30,C,,566333.51,135008.82,210.329,200-UP,132.909,,,,,,Calc,,132.909,[],2366.0,2367.0,41.0,7.0,6_rwie,299-W18-46,UU/MU
299-W18-46,100.1,CHARACTERIZATION,na,6/21/2022 12:40,C,,566333.51,135008.82,210.329,200-UP,128.029,,,,,,Calc,,128.029,[],2366.0,2367.0,41.0,7.0,6_rwie,299-W18-46,UU/MU
299-W18-46,100.1,CHARACTERIZATION,na,6/21/2022 12:40,C,,566333.51,135008.82,210.329,200-UP,128.029,,,,,,Calc,,128.029,[],2366.0,2367.0,41.0,7.0,6_rwie,299-W18-46,UU/MU
299-W18-46,100.1,CHARACTERIZATION,na,6/21/2022 12:40,C,,566333.51,135008.82,210.329,200-UP,128.029,,,,,,Calc,,128.029,[],2366.0,2367.0,41.0,7.0,6_rwie,299-W18-46,UU/MU
299-W18-46,121.0,CHARACTERIZATION,na,6/22/2022 13:50,C,,566333.51,135008.82,210.329,200-UP,121.329,,,,,,Calc,,121.329,[],2366.0,2367.0,41.0,7.0,6_rwie,299-W18-46,UU/MU
299-W18-46,121.0,CHARACTERIZATION,na,6/22/2022 13:50,C,,566333.51,135008.82,210.329,200-UP,121.329,,,,,,Calc,,121.329,[],2366.0,2367.0,41.0,7.0,6_rwie,299-W18-46,UU/MU
299-W18-46,121.0,CHARACTERIZATION,na,6/22/2022 13:50,C,,566333.51,135008.82,210.329,200-UP,121.329,,,,,,Calc,,121.329,[],2366.0,2367.0,41.0,7.0,6_rwie,299-W18-46,UU/MU
299-W18-46,127.0,CHARACTERIZATION,na,6/23/2022 13:45,C,,566333.51,135008.82,210.329,200-UP,116.481,,,,,,Calc,,116.481,[],2366.0,2367.0,41.0,7.0,6_rwie,299-W18-46,UU/MU
299-W18-46,127.0,CHARACTERIZATION,na,6/23/2022 13:45,C,,566333.51,135008.82,210.329,200-UP,116.481,,,,,,Calc,,116.481,[],2366.0,2367.0,41.0,7.0,6_rwie,299-W18-46,UU/MU
299-W18-46,127.0,CHARACTERIZATION,na,6/23/2022 13:45,C,,566333.51,135008.82,210.329,200-UP,116.481,,,,,,Calc,,116.481,[],2366.0,2367.0,41.0,7.0,6_rwie,299-W18-46,UU/MU
299-W18-46,126.0,CHARACTERIZATION,na,6/27/2022 10:17,C,,566333.51,135008.82,210.329,200-UP,110.781,,,,,,Calc,,110.781,[],2366.0,2367.0,41.0,7.0,6_rwie,299-W18-46,UU/MU
299-W18-46,126.0,CHARACTERIZATION,na,6/27/2022 10:17,C,,566333.51,135008.82,210.329,200-UP,110.781,,,,,,Calc,,110.781,[],2366.0,2367.0,41.0,7.0,6_rwie,299-W18-46,UU/MU
299-W18-46,126.0,CHARACTERIZATION,na,6/27/2022 10:17,C,,566333.51,135008.82,210.329,200-UP,110.781,,,,,,Calc,,110.781,[],2366.0,2367.0,41.0,7.0,6_rwie,299-W18-46,UU/MU
299-W18-46,149.0,CHARACTERIZATION,na,6/28/2022 11:05,C,,566333.51,135008.82,210.329,200-UP,103.629,,,,,,Calc,,103.629,[],2366.0,2367.0,41.0,7.0,6_rwie,299-W18-46,UU/MU
299-W18-46,149.0,CHARACTERIZATION,na,6/28/2022 11:05,C,,566333.51,135008.82,210.329,200-UP,103.629,,,,,,Calc,,103.629,[],2366.0,2367.0,41.0,7.0,6_rwie,299-W18-46,UU/MU
299-W18-46,149.0,CHARACTERIZATION,na,6/28/2022 11:05,C,,566333.51,135008.82,210.329,200-UP,103.629,,,,,,Calc,,103.629,[],2366.0,2367.0,41.0,7.0,6_rwie,299-W18-46,UU/MU
299-W18-46,144.0,CHARACTERIZATION,na,7/11/2022 14:14,C,,566333.51,135008.82,210.329,200-UP,98.069,,,,,,Calc,,98.069,[],2366.0,2367.0,41.0,7.0,6_rwie,299-W18-46,UU/MU
299-W18-46,144.0,CHARACTERIZATION,na,7/11/2022 14:14,C,,566333.51,135008.82,210.329,200-UP,98.069,,,,,,Calc,,98.069,[],2366.0,2367.0,41.0,7.0,6_rwie,299-W18-46,UU/MU
299-W18-46,144.0,CHARACTERIZATION,na,7/11/2022 14:14,C,,566333.51,135008.82,210.329,200-UP,98.069,,,,,,Calc,,98.069,[],2366.0,2367.0,41.0,7.0,6_rwie,299-W18-46,UU/MU
299-W18-46,50.0,CHARACTERIZATION,na,7/12/2022 14:02,C,,566333.51,135008.82,210.329,200-UP,90.829,,,,,,Calc,,90.829,[],2366.0,2367.0,41.0,7.0,6_rwie,299-W18-46,UU/MU
299-W18-46,50.0,CHARACTERIZATION,na,7/12/2022 14:02,C,,566333.51,135008.82,210.329,200-UP,90.829,,,,,,Calc,,90.829,[],2366.0,2367.0,41.0,7.0,6_rwie,299-W18-46,UU/MU
299-W18-46,50.0,CHARACTERIZATION,na,7/12/2022 14:02,C,,566333.51,135008.82,210.329,200-UP,90.829,,,,,,Calc,,90.829,[],2366.0,2367.0,41.0,7.0,6_rwie,299-W18-46,UU/MU
299-W18-46,50.0,CHARACTERIZATION,na,7/14/2022 9:22,C,,566333.51,135008.82,210.329,200-UP,84.729,,,,,,Calc,,84.729,[],2366.0,2367.0,41.0,7.0,6_rwie,299-W18-46,UU/MU
299-W18-46,50.0,CHARACTERIZATION,na,7/14/2022 9:22,C,,566333.51,135008.82,210.329,200-UP,84.729,,,,,,Calc,,84.729,[],2366.0,2367.0,41.0,7.0,6_rwie,299-W18-46,UU/MU
299-W18-46,50.0,CHARACTERIZATION,na,7/14/2022 9:22,C,,566333.51,135008.82,210.329,200-UP,84.729,,,,,,Calc,,84.729,[],2366.0,2367.0,41.0,7.0,6_rwie,299-W18-46,UU/MU
299-W18-46,50.0,CHARACTERIZATION,na,7/18/2022 13:41,C,,566333.51,135008.82,210.329,200-UP,78.629,,,,,,Calc,,78.629,[],2366.0,2367.0,41.0,7.0,6_rwie,299-W18-46,UU/MU
299-W18-46,50.0,CHARACTERIZATION,na,7/18/2022 13:41,C,,566333.51,135008.82,210.329,200-UP,78.629,,,,,,Calc,,78.629,[],2366.0,2367.0,41.0,7.0,6_rwie,299-W18-46,UU/MU
299-W18-46,50.0,CHARACTERIZATION,na,7/18/2022 13:41,C,,566333.51,135008.82,210.329,200-UP,78.629,,,,,,Calc,,78.629,[],2366.0,2367.0,41.0,7.0,6_rwie,299-W18-46,UU/MU
299-W18-46,50.0,CHARACTERIZATION,na,7/19/2022 14:03,C,,566333.51,135008.82,210.329,200-UP,72.529,,,,,,Calc,,72.529,[],2366.0,2367.0,41.0,7.0,6_rwie,299-W18-46,UU/MU
299-W18-46,50.0,CHARACTERIZATION,na,7/19/2022 14:03,C,,566333.51,135008.82,210.329,200-UP,72.529,,,,,,Calc,,72.529,[],2366.0,2367.0,41.0,7.0,6_rwie,299-W18-46,UU/MU
299-W18-46,50.0,CHARACTERIZATION,na,7/19/2022 14:03,C,,566333.51,135008.82,210.329,200-UP,72.529,,,,,,Calc,,72.529,[],2366.0,2367.0,41.0,7.0,6_rwie,299-W18-46,UU/MU
299-W18-46,50.0,CHARACTERIZATION,na,7/22/2022 10:20,C,,566333.51,135008.82,210.329,200-UP,66.429,,,,,,Calc,,66.429,[],2366.0,2367.0,41.0,7.0,5_rlm,299-W18-46,UU/MU
299-W18-46,50.0,CHARACTERIZATION,na,7/22/2022 10:20,C,,566333.51,135008.82,210.329,200-UP,66.429,,,,,,Calc,,66.429,[],2366.0,2367.0,41.0,7.0,5_rlm,299-W18-46,UU/MU
299-W18-46,50.0,CHARACTERIZATION,na,7/22/2022 10:20,C,,566333.51,135008.82,210.329,200-UP,66.429,,,,,,Calc,,66.429,[],2366.0,2367.0,41.0,7.0,5_rlm,299-W18-46,UU/MU
299-W18-46,50.0,CHARACTERIZATION,na,7/26/2022 11:25,C,,566333.51,135008.82,210.329,200-UP,52.539,,,,,,Calc,,52.539,[],2366.0,2367.0,41.0,7.0,4_rwia,299-W18-46,UU/MU
299-W18-46,50.0,CHARACTERIZATION,na,7/26/2022 11:25,C,,566333.51,135008.82,210.329,200-UP,52.539,,,,,,Calc,,52.539,[],2366.0,2367.0,41.0,7.0,4_rwia,299-W18-46,UU/MU
299-W18-46,50.0,CHARACTERIZATION,na,7/26/2022 11:25,C,,566333.51,135008.82,210.329,200-UP,52.539,,,,,,Calc,,52.539,[],2366.0,2367.0,41.0,7.0,4_rwia,299-W18-46,UU/MU
299-W18-46,50.0,CHARACTERIZATION,na,7/27/2022 11:39,C,,566333.51,135008.82,210.329,200-UP,48.129,,,,,,Calc,,48.129,[],2366.0,2367.0,41.0,7.0,4_rwia,299-W18-46,UU/MU
299-W18-46,50.0,CHARACTERIZATION,na,7/27/2022 11:39,C,,566333.51,135008.82,210.329,200-UP,48.129,,,,,,Calc,,48.129,[],2366.0,2367.0,41.0,7.0,4_rwia,299-W18-46,UU/MU
299-W18-46,50.0,CHARACTERIZATION,na,7/27/2022 11:39,C,,566333.51,135008.82,210.329,200-UP,48.129,,,,,,Calc,,48.129,[],2366.0,2367.0,41.0,7.0,4_rwia,299-W18-46,UU/MU
299-W18-46,50.0,CHARACTERIZATION,na,8/1/2022 8:08,C,,566333.51,135008.82,210.329,200-UP,42.129,,,,,,Calc,,42.129,[],2366.0,2367.0,41.0,7.0,4_rwia,299-W18-46,UU/MU
299-W18-46,50.0,CHARACTERIZATION,na,8/1/2022 8:08,C,,566333.51,135008.82,210.329,200-UP,42.129,,,,,,Calc,,42.129,[],2366.0,2367.0,41.0,7.0,4_rwia,299-W18-46,UU/MU
299-W18-46,50.0,CHARACTERIZATION,na,8/1/2022 8:08,C,,566333.51,135008.82,210.329,200-UP,42.129,,,,,,Calc,,42.129,[],2366.0,2367.0,41.0,7.0,4_rwia,299-W18-46,UU/MU
299-W18-46,50.0,CHARACTERIZATION,na,8/1/2022 12:13,C,,566333.51,135008.82,210.329,200-UP,36.029,,,,,,Calc,,36.029,[],2366.0,2367.0,41.0,7.0,4_rwia,299-W18-46,UU/MU
299-W18-46,50.0,CHARACTERIZATION,na,8/1/2022 12:13,C,,566333.51,135008.82,210.329,200-UP,36.029,,,,,,Calc,,36.029,[],2366.0,2367.0,41.0,7.0,4_rwia,299-W18-46,UU/MU
299-W18-46,50.0,CHARACTERIZATION,na,8/1/2022 12:13,C,,566333.51,135008.82,210.329,200-UP,36.029,,,,,,Calc,,36.029,[],2366.0,2367.0,41.0,7.0,4_rwia,299-W18-46,UU/MU
299-W18-47,84.95,CHARACTERIZATION,na,6/6/2022 9:53,C,,566103.44,134978.72,205.289,200-UP,134.728,,,,,,Calc,,134.728,[],2364.0,2365.0,41.0,5.0,6_rwie,299-W18-47,UU/MU
299-W18-47,84.95,CHARACTERIZATION,na,6/6/2022 9:53,C,,566103.44,134978.72,205.289,200-UP,134.728,,,,,,Calc,,134.728,[],2364.0,2365.0,41.0,5.0,6_rwie,299-W18-47,UU/MU
299-W18-47,84.95,CHARACTERIZATION,na,6/6/2022 9:53,C,,566103.44,134978.72,205.289,200-UP,134.728,,,,,,Calc,,134.728,[],2364.0,2365.0,41.0,5.0,6_rwie,299-W18-47,UU/MU
299-W18-47,86.0,CHARACTERIZATION,na,6/7/2022 12:50,C,,566103.44,134978.72,205.289,200-UP,128.632,,,,,,Calc,,128.632,[],2364.0,2365.0,41.0,5.0,6_rwie,299-W18-47,UU/MU
299-W18-47,86.0,CHARACTERIZATION,na,6/7/2022 12:50,C,,566103.44,134978.72,205.289,200-UP,128.632,,,,,,Calc,,128.632,[],2364.0,2365.0,41.0,5.0,6_rwie,299-W18-47,UU/MU
299-W18-47,86.0,CHARACTERIZATION,na,6/7/2022 12:50,C,,566103.44,134978.72,205.289,200-UP,128.632,,,,,,Calc,,128.632,[],2364.0,2365.0,41.0,5.0,6_rwie,299-W18-47,UU/MU
299-W19-127,664.5,CHARACTERIZATION,na,1/19/2023 13:15,C,,567036.73,135110.71,210.904,200-UP,128.604,,,,,,Calc,,128.604,[],2314.0,2315.0,40.0,14.0,6_rwie,299-W19-127,UU/MU
299-W19-127,664.5,CHARACTERIZATION,na,1/19/2023 13:15,C,,567036.73,135110.71,210.904,200-UP,128.604,,,,,,Calc,,128.604,[],2314.0,2315.0,40.0,14.0,6_rwie,299-W19-127,UU/MU
299-W19-127,576.5,CHARACTERIZATION,na,1/23/2023 13:20,C,,567036.73,135110.71,210.904,200-UP,125.469,,,,,,Calc,,125.469,[],2314.0,2315.0,40.0,14.0,6_rwie,299-W19-127,UU/MU
299-W19-127,576.5,CHARACTERIZATION,na,1/23/2023 13:20,C,,567036.73,135110.71,210.904,200-UP,125.469,,,,,,Calc,,125.469,[],2314.0,2315.0,40.0,14.0,6_rwie,299-W19-127,UU/MU
299-W19-127,987.5,CHARACTERIZATION,na,1/24/2023 13:10,C,,567036.73,135110.71,210.904,200-UP,122.514,,,,,,Calc,,122.514,[],2314.0,2315.0,40.0,14.0,6_rwie,299-W19-127,UU/MU
299-W19-127,987.5,CHARACTERIZATION,na,1/24/2023 13:10,C,,567036.73,135110.71,210.904,200-UP,122.514,,,,,,Calc,,122.514,[],2314.0,2315.0,40.0,14.0,6_rwie,299-W19-127,UU/MU
299-W19-127,48.55,CHARACTERIZATION,na,1/30/2023 13:20,C,,567036.73,135110.71,210.904,200-UP,119.007,,,,,,Calc,,119.007,[],2314.0,2315.0,40.0,14.0,6_rwie,299-W19-127,UU/MU
299-W19-127,48.55,CHARACTERIZATION,na,1/30/2023 13:20,C,,567036.73,135110.71,210.904,200-UP,119.007,,,,,,Calc,,119.007,[],2314.0,2315.0,40.0,14.0,6_rwie,299-W19-127,UU/MU
299-W19-127,50.0,CHARACTERIZATION,na,1/31/2023 14:08,C,,567036.73,135110.71,210.904,200-UP,113.216,,,,,,Calc,,113.216,[],2314.0,2315.0,40.0,14.0,6_rwie,299-W19-127,UU/MU
299-W19-127,50.0,CHARACTERIZATION,na,1/31/2023 14:08,C,,567036.73,135110.71,210.904,200-UP,113.216,,,,,,Calc,,113.216,[],2314.0,2315.0,40.0,14.0,6_rwie,299-W19-127,UU/MU
299-W19-127,50.0,CHARACTERIZATION,na,2/7/2023 11:00,C,,567036.73,135110.71,210.904,200-UP,107.304,,,,,,Calc,,107.304,[],2314.0,2315.0,40.0,14.0,6_rwie,299-W19-127,UU/MU
299-W19-127,50.0,CHARACTERIZATION,na,2/7/2023 11:00,C,,567036.73,135110.71,210.904,200-UP,107.304,,,,,,Calc,,107.304,[],2314.0,2315.0,40.0,14.0,6_rwie,299-W19-127,UU/MU
299-W19-127,31.0,CHARACTERIZATION,na,2/8/2023 13:15,C,,567036.73,135110.71,210.904,200-UP,101.204,,,,,,Calc,,101.204,[],2314.0,2315.0,40.0,14.0,6_rwie,299-W19-127,UU/MU
299-W19-127,31.0,CHARACTERIZATION,na,2/8/2023 13:15,C,,567036.73,135110.71,210.904,200-UP,101.204,,,,,,Calc,,101.204,[],2314.0,2315.0,40.0,14.0,6_rwie,299-W19-127,UU/MU
299-W19-127,50.0,CHARACTERIZATION,na,2/9/2023 12:49,C,,567036.73,135110.71,210.904,200-UP,95.104,,,,,,Calc,,95.104,[],2314.0,2315.0,40.0,14.0,6_rwie,299-W19-127,UU/MU
299-W19-127,50.0,CHARACTERIZATION,na,2/9/2023 12:49,C,,567036.73,135110.71,210.904,200-UP,95.104,,,,,,Calc,,95.104,[],2314.0,2315.0,40.0,14.0,6_rwie,299-W19-127,UU/MU
299-W19-127,50.0,CHARACTERIZATION,na,2/14/2023 10:48,C,,567036.73,135110.71,210.904,200-UP,89.004,,,,,,Calc,,89.004,[],2314.0,2315.0,40.0,14.0,6_rwie,299-W19-127,UU/MU
299-W19-127,50.0,CHARACTERIZATION,na,2/14/2023 10:48,C,,567036.73,135110.71,210.904,200-UP,89.004,,,,,,Calc,,89.004,[],2314.0,2315.0,40.0,14.0,6_rwie,299-W19-127,UU/MU
299-W19-127,50.0,CHARACTERIZATION,na,2/16/2023 9:30,C,,567036.73,135110.71,210.904,200-UP,84.404,,,,,,Calc,,84.404,[],2314.0,2315.0,40.0,14.0,6_rwie,299-W19-127,UU/MU
299-W19-127,50.0,CHARACTERIZATION,na,2/16/2023 9:30,C,,567036.73,135110.71,210.904,200-UP,84.404,,,,,,Calc,,84.404,[],2314.0,2315.0,40.0,14.0,6_rwie,299-W19-127,UU/MU
299-W19-127,705.0,CHARACTERIZATION,na,3/6/2023 9:59,C,,567036.73,135110.71,210.904,200-UP,123.152,,,,,,Calc,,123.152,[],2314.0,2315.0,40.0,14.0,6_rwie,299-W19-127,UU/MU
299-W19-127,705.0,CHARACTERIZATION,na,3/6/2023 9:59,C,,567036.73,135110.71,210.904,200-UP,123.152,,,,,,Calc,,123.152,[],2314.0,2315.0,40.0,14.0,6_rwie,299-W19-127,UU/MU
299-W19-128,2710.0,CHARACTERIZATION,na,3/28/2023 10:18,C,,567002.55,135254.98,210.481,200-UP,127.362,,,,,,Calc,,127.362,[],2196.0,2197.0,38.0,14.0,6_rwie,299-W19-128,UU/MU
299-W19-128,2710.0,CHARACTERIZATION,na,3/28/2023 10:18,C,,567002.55,135254.98,210.481,200-UP,127.362,,,,,,Calc,,127.362,[],2196.0,2197.0,38.0,14.0,6_rwie,299-W19-128,UU/MU
299-W19-128,2555.0,CHARACTERIZATION,na,3/29/2023 11:30,C,,567002.55,135254.98,210.481,200-UP,124.07,,,,,,Calc,,124.07,[],2196.0,2197.0,38.0,14.0,6_rwie,299-W19-128,UU/MU
299-W19-128,2555.0,CHARACTERIZATION,na,3/29/2023 11:30,C,,567002.55,135254.98,210.481,200-UP,124.07,,,,,,Calc,,124.07,[],2196.0,2197.0,38.0,14.0,6_rwie,299-W19-128,UU/MU
299-W19-128,2085.0,CHARACTERIZATION,na,3/30/2023 10:50,C,,567002.55,135254.98,210.481,200-UP,121.083,,,,,,Calc,,121.083,[],2196.0,2197.0,38.0,14.0,6_rwie,299-W19-128,UU/MU
299-W19-128,2085.0,CHARACTERIZATION,na,3/30/2023 10:50,C,,567002.55,135254.98,210.481,200-UP,121.083,,,,,,Calc,,121.083,[],2196.0,2197.0,38.0,14.0,6_rwie,299-W19-128,UU/MU
299-W19-128,33.75,CHARACTERIZATION,na,4/3/2023 13:45,C,,567002.55,135254.98,210.481,200-UP,115.018,,,,,,Calc,,115.018,[],2196.0,2197.0,38.0,14.0,6_rwie,299-W19-128,UU/MU
299-W19-128,33.75,CHARACTERIZATION,na,4/3/2023 13:45,C,,567002.55,135254.98,210.481,200-UP,115.018,,,,,,Calc,,115.018,[],2196.0,2197.0,38.0,14.0,6_rwie,299-W19-128,UU/MU
299-W19-128,51.8,CHARACTERIZATION,na,4/11/2023 10:40,C,,567002.55,135254.98,210.481,200-UP,108.861,,,,,,Calc,,108.861,[],2196.0,2197.0,38.0,14.0,6_rwie,299-W19-128,UU/MU
299-W19-128,51.8,CHARACTERIZATION,na,4/11/2023 10:40,C,,567002.55,135254.98,210.481,200-UP,108.861,,,,,,Calc,,108.861,[],2196.0,2197.0,38.0,14.0,6_rwie,299-W19-128,UU/MU
299-W19-128,77.9,CHARACTERIZATION,na,4/12/2023 14:30,C,,567002.55,135254.98,210.481,200-UP,102.761,,,,,,Calc,,102.761,[],2196.0,2197.0,38.0,14.0,6_rwie,299-W19-128,UU/MU
299-W19-128,77.9,CHARACTERIZATION,na,4/12/2023 14:30,C,,567002.55,135254.98,210.481,200-UP,102.761,,,,,,Calc,,102.761,[],2196.0,2197.0,38.0,14.0,6_rwie,299-W19-128,UU/MU
299-W19-128,58.6,CHARACTERIZATION,na,4/13/2023 13:07,C,,567002.55,135254.98,210.481,200-UP,96.897,,,,,,Calc,,96.897,[],2196.0,2197.0,38.0,14.0,6_rwie,299-W19-128,UU/MU
299-W19-128,58.6,CHARACTERIZATION,na,4/13/2023 13:07,C,,567002.55,135254.98,210.481,200-UP,96.897,,,,,,Calc,,96.897,[],2196.0,2197.0,38.0,14.0,6_rwie,299-W19-128,UU/MU
299-W19-128,50.0,CHARACTERIZATION,na,4/17/2023 14:20,C,,567002.55,135254.98,210.481,200-UP,90.905,,,,,,Calc,,90.905,[],2196.0,2197.0,38.0,14.0,6_rwie,299-W19-128,UU/MU
299-W19-128,50.0,CHARACTERIZATION,na,4/17/2023 14:20,C,,567002.55,135254.98,210.481,200-UP,90.905,,,,,,Calc,,90.905,[],2196.0,2197.0,38.0,14.0,6_rwie,299-W19-128,UU/MU
299-W19-128,2590.0,CHARACTERIZATION,na,5/22/2023 13:02,C,,567002.55,135254.98,210.481,200-UP,126.905,,,,,,Calc,,126.905,[],2196.0,2197.0,38.0,14.0,6_rwie,299-W19-128,UU/MU
299-W19-128,2590.0,CHARACTERIZATION,na,5/22/2023 13:02,C,,567002.55,135254.98,210.481,200-UP,126.905,,,,,,Calc,,126.905,[],2196.0,2197.0,38.0,14.0,6_rwie,299-W19-128,UU/MU
299-W19-132,241.0,CHARACTERIZATION,na,3/28/2022 8:35,C,,567646.1,134691.91,213.048,200-UP,128.466,,,,,,Calc,,128.466,[],2556.0,2557.0,44.0,20.0,6_rwie,299-W19-132,UU/MU
299-W19-132,241.0,CHARACTERIZATION,na,3/28/2022 8:35,C,,567646.1,134691.91,213.048,200-UP,128.466,,,,,,Calc,,128.466,[],2556.0,2557.0,44.0,20.0,6_rwie,299-W19-132,UU/MU
299-W19-132,241.0,CHARACTERIZATION,na,3/28/2022 8:35,C,,567646.1,134691.91,213.048,200-UP,128.466,,,,,,Calc,,128.466,[],2556.0,2557.0,44.0,20.0,6_rwie,299-W19-132,UU/MU
299-W19-132,241.0,CHARACTERIZATION,na,3/28/2022 8:35,C,,567646.1,134691.91,213.048,200-UP,128.466,,,,,,Calc,,128.466,[],2556.0,2557.0,44.0,20.0,6_rwie,299-W19-132,UU/MU
299-W19-132,1325.0,CHARACTERIZATION,na,3/29/2022 12:00,C,,567646.1,134691.91,213.048,200-UP,125.388,,,,,,Calc,,125.388,[],2556.0,2557.0,44.0,20.0,6_rwie,299-W19-132,UU/MU
299-W19-132,1325.0,CHARACTERIZATION,na,3/29/2022 12:00,C,,567646.1,134691.91,213.048,200-UP,125.388,,,,,,Calc,,125.388,[],2556.0,2557.0,44.0,20.0,6_rwie,299-W19-132,UU/MU
299-W19-132,1325.0,CHARACTERIZATION,na,3/29/2022 12:00,C,,567646.1,134691.91,213.048,200-UP,125.388,,,,,,Calc,,125.388,[],2556.0,2557.0,44.0,20.0,6_rwie,299-W19-132,UU/MU
299-W19-132,1325.0,CHARACTERIZATION,na,3/29/2022 12:00,C,,567646.1,134691.91,213.048,200-UP,125.388,,,,,,Calc,,125.388,[],2556.0,2557.0,44.0,20.0,6_rwie,299-W19-132,UU/MU
299-W19-132,1920.0,CHARACTERIZATION,na,3/30/2022 11:01,C,,567646.1,134691.91,213.048,200-UP,122.675,,,,,,Calc,,122.675,[],2556.0,2557.0,44.0,20.0,6_rwie,299-W19-132,UU/MU
299-W19-132,1920.0,CHARACTERIZATION,na,3/30/2022 11:01,C,,567646.1,134691.91,213.048,200-UP,122.675,,,,,,Calc,,122.675,[],2556.0,2557.0,44.0,20.0,6_rwie,299-W19-132,UU/MU
299-W19-132,1920.0,CHARACTERIZATION,na,3/30/2022 11:01,C,,567646.1,134691.91,213.048,200-UP,122.675,,,,,,Calc,,122.675,[],2556.0,2557.0,44.0,20.0,6_rwie,299-W19-132,UU/MU
299-W19-132,1920.0,CHARACTERIZATION,na,3/30/2022 11:01,C,,567646.1,134691.91,213.048,200-UP,122.675,,,,,,Calc,,122.675,[],2556.0,2557.0,44.0,20.0,6_rwie,299-W19-132,UU/MU
299-W19-132,109.0,CHARACTERIZATION,na,3/31/2022 12:21,C,,567646.1,134691.91,213.048,200-UP,110.238,,,,,,Calc,,110.238,[],2556.0,2557.0,44.0,20.0,6_rwie,299-W19-132,UU/MU
299-W19-132,109.0,CHARACTERIZATION,na,3/31/2022 12:21,C,,567646.1,134691.91,213.048,200-UP,110.238,,,,,,Calc,,110.238,[],2556.0,2557.0,44.0,20.0,6_rwie,299-W19-132,UU/MU
299-W19-132,109.0,CHARACTERIZATION,na,3/31/2022 12:21,C,,567646.1,134691.91,213.048,200-UP,110.238,,,,,,Calc,,110.238,[],2556.0,2557.0,44.0,20.0,6_rwie,299-W19-132,UU/MU
299-W19-132,109.0,CHARACTERIZATION,na,3/31/2022 12:21,C,,567646.1,134691.91,213.048,200-UP,110.238,,,,,,Calc,,110.238,[],2556.0,2557.0,44.0,20.0,6_rwie,299-W19-132,UU/MU
299-W19-132,50.0,CHARACTERIZATION,na,4/7/2022 8:37,C,,567646.1,134691.91,213.048,200-UP,98.448,,,,,,Calc,,98.448,[],2556.0,2557.0,44.0,20.0,6_rwie,299-W19-132,UU/MU
299-W19-132,50.0,CHARACTERIZATION,na,4/7/2022 8:37,C,,567646.1,134691.91,213.048,200-UP,98.448,,,,,,Calc,,98.448,[],2556.0,2557.0,44.0,20.0,6_rwie,299-W19-132,UU/MU
299-W19-132,50.0,CHARACTERIZATION,na,4/7/2022 8:37,C,,567646.1,134691.91,213.048,200-UP,98.448,,,,,,Calc,,98.448,[],2556.0,2557.0,44.0,20.0,6_rwie,299-W19-132,UU/MU
299-W19-132,50.0,CHARACTERIZATION,na,4/7/2022 8:37,C,,567646.1,134691.91,213.048,200-UP,98.448,,,,,,Calc,,98.448,[],2556.0,2557.0,44.0,20.0,6_rwie,299-W19-132,UU/MU
299-W19-132,50.0,CHARACTERIZATION,na,4/14/2022 9:41,C,,567646.1,134691.91,213.048,200-UP,84.058,,,,,,Calc,,84.058,[],2556.0,2557.0,44.0,20.0,6_rwie,299-W19-132,UU/MU
299-W19-132,50.0,CHARACTERIZATION,na,4/14/2022 9:41,C,,567646.1,134691.91,213.048,200-UP,84.058,,,,,,Calc,,84.058,[],2556.0,2557.0,44.0,20.0,6_rwie,299-W19-132,UU/MU
299-W19-132,50.0,CHARACTERIZATION,na,4/14/2022 9:41,C,,567646.1,134691.91,213.048,200-UP,84.058,,,,,,Calc,,84.058,[],2556.0,2557.0,44.0,20.0,6_rwie,299-W19-132,UU/MU
299-W19-132,50.0,CHARACTERIZATION,na,4/14/2022 9:41,C,,567646.1,134691.91,213.048,200-UP,84.058,,,,,,Calc,,84.058,[],2556.0,2557.0,44.0,20.0,6_rwie,299-W19-132,UU/MU
299-W19-134,462.0,CHARACTERIZATION,na,10/5/2022 12:50,C,,567630.02,135018.24,215.833,200-UP,126.006,,,,,,Calc,,126.006,"['299-W19-113', '299-W19-134']",2379.0,2380.0,41.0,20.0,6_rwie,299-W19-134,UU/MU
299-W19-134,462.0,CHARACTERIZATION,na,10/5/2022 12:50,C,,567630.02,135018.24,215.833,200-UP,126.006,,,,,,Calc,,126.006,"['299-W19-113', '299-W19-134']",2379.0,2380.0,41.0,20.0,6_rwie,299-W19-134,UU/MU
299-W19-134,209.0,CHARACTERIZATION,na,10/13/2022 13:15,C,,567630.02,135018.24,215.833,200-UP,122.982,,,,,,Calc,,122.982,"['299-W19-113', '299-W19-134']",2379.0,2380.0,41.0,20.0,6_rwie,299-W19-134,UU/MU
299-W19-134,209.0,CHARACTERIZATION,na,10/13/2022 13:15,C,,567630.02,135018.24,215.833,200-UP,122.982,,,,,,Calc,,122.982,"['299-W19-113', '299-W19-134']",2379.0,2380.0,41.0,20.0,6_rwie,299-W19-134,UU/MU
299-W19-134,263.0,CHARACTERIZATION,na,10/26/2022 11:36,C,,567630.02,135018.24,215.833,200-UP,119.837,,,,,,Calc,,119.837,"['299-W19-113', '299-W19-134']",2379.0,2380.0,41.0,20.0,6_rwie,299-W19-134,UU/MU
299-W19-134,263.0,CHARACTERIZATION,na,10/26/2022 11:36,C,,567630.02,135018.24,215.833,200-UP,119.837,,,,,,Calc,,119.837,"['299-W19-113', '299-W19-134']",2379.0,2380.0,41.0,20.0,6_rwie,299-W19-134,UU/MU
299-W19-134,629.0,CHARACTERIZATION,na,11/8/2022 14:00,C,,567630.02,135018.24,215.833,200-UP,116.621,,,,,,Calc,,116.621,"['299-W19-113', '299-W19-134']",2379.0,2380.0,41.0,20.0,6_rwie,299-W19-134,UU/MU
299-W19-134,629.0,CHARACTERIZATION,na,11/8/2022 14:00,C,,567630.02,135018.24,215.833,200-UP,116.621,,,,,,Calc,,116.621,"['299-W19-113', '299-W19-134']",2379.0,2380.0,41.0,20.0,6_rwie,299-W19-134,UU/MU
299-W19-134,69.5,CHARACTERIZATION,na,11/28/2022 13:22,C,,567630.02,135018.24,215.833,200-UP,110.893,,,,,,Calc,,110.893,"['299-W19-113', '299-W19-134']",2379.0,2380.0,41.0,20.0,6_rwie,299-W19-134,UU/MU
299-W19-134,69.5,CHARACTERIZATION,na,11/28/2022 13:22,C,,567630.02,135018.24,215.833,200-UP,110.893,,,,,,Calc,,110.893,"['299-W19-113', '299-W19-134']",2379.0,2380.0,41.0,20.0,6_rwie,299-W19-134,UU/MU
299-W19-134,238.0,CHARACTERIZATION,na,12/14/2022 12:35,C,,567630.02,135018.24,215.833,200-UP,107.293,,,,,,Calc,,107.293,"['299-W19-113', '299-W19-134']",2379.0,2380.0,41.0,20.0,6_rwie,299-W19-134,UU/MU
299-W19-134,238.0,CHARACTERIZATION,na,12/14/2022 12:35,C,,567630.02,135018.24,215.833,200-UP,107.293,,,,,,Calc,,107.293,"['299-W19-113', '299-W19-134']",2379.0,2380.0,41.0,20.0,6_rwie,299-W19-134,UU/MU
299-W19-134,157.0,CHARACTERIZATION,na,1/26/2023 12:30,C,,567630.02,135018.24,215.833,200-UP,101.496,,,,,,Calc,,101.496,"['299-W19-113', '299-W19-134']",2379.0,2380.0,41.0,20.0,6_rwie,299-W19-134,UU/MU
299-W19-134,157.0,CHARACTERIZATION,na,1/26/2023 12:30,C,,567630.02,135018.24,215.833,200-UP,101.496,,,,,,Calc,,101.496,"['299-W19-113', '299-W19-134']",2379.0,2380.0,41.0,20.0,6_rwie,299-W19-134,UU/MU
299-W19-134,167.0,CHARACTERIZATION,na,2/1/2023 12:45,C,,567630.02,135018.24,215.833,200-UP,95.08,,,,,,Calc,,95.08,"['299-W19-113', '299-W19-134']",2379.0,2380.0,41.0,20.0,6_rwie,299-W19-134,UU/MU
299-W19-134,167.0,CHARACTERIZATION,na,2/1/2023 12:45,C,,567630.02,135018.24,215.833,200-UP,95.08,,,,,,Calc,,95.08,"['299-W19-113', '299-W19-134']",2379.0,2380.0,41.0,20.0,6_rwie,299-W19-134,UU/MU
299-W19-134,50.0,CHARACTERIZATION,na,2/9/2023 12:05,C,,567630.02,135018.24,215.833,200-UP,89.033,,,,,,Calc,,89.033,"['299-W19-113', '299-W19-134']",2379.0,2380.0,41.0,20.0,6_rwie,299-W19-134,UU/MU
299-W19-134,50.0,CHARACTERIZATION,na,2/9/2023 12:05,C,,567630.02,135018.24,215.833,200-UP,89.033,,,,,,Calc,,89.033,"['299-W19-113', '299-W19-134']",2379.0,2380.0,41.0,20.0,6_rwie,299-W19-134,UU/MU
299-W19-134,544.0,CHARACTERIZATION,na,4/11/2023 9:00,C,,567630.02,135018.24,215.833,200-UP,112.473,,,,,,Calc,,112.473,"['299-W19-113', '299-W19-134']",2379.0,2380.0,41.0,20.0,6_rwie,299-W19-134,UU/MU
299-W19-134,544.0,CHARACTERIZATION,na,4/11/2023 9:00,C,,567630.02,135018.24,215.833,200-UP,112.473,,,,,,Calc,,112.473,"['299-W19-113', '299-W19-134']",2379.0,2380.0,41.0,20.0,6_rwie,299-W19-134,UU/MU
299-W19-134,380.0,CHARACTERIZATION,na,4/29/2024 8:05,C,,567630.02,135018.24,215.833,200-UP,118.999464,,,,,,Calc,,118.999464,"['299-W19-113', '299-W19-134']",2379.0,2380.0,41.0,20.0,6_rwie,299-W19-134,UU/MU
299-W19-134,380.0,CHARACTERIZATION,na,4/29/2024 8:05,C,,567630.02,135018.24,215.833,200-UP,118.999464,,,,,,Calc,,118.999464,"['299-W19-113', '299-W19-134']",2379.0,2380.0,41.0,20.0,6_rwie,299-W19-134,UU/MU
299-W19-134,334.0,CHARACTERIZATION,na,7/30/2024 9:45,C,,567630.02,135018.24,215.833,200-UP,118.999464,,,,,,Calc,,118.999464,"['299-W19-113', '299-W19-134']",2379.0,2380.0,41.0,20.0,6_rwie,299-W19-134,UU/MU
299-W19-134,334.0,CHARACTERIZATION,na,7/30/2024 9:45,C,,567630.02,135018.24,215.833,200-UP,118.999464,,,,,,Calc,,118.999464,"['299-W19-113', '299-W19-134']",2379.0,2380.0,41.0,20.0,6_rwie,299-W19-134,UU/MU
299-W19-135,34.8,CHARACTERIZATION,na,10/18/2023 14:10,C,,567601.98,135006.96,215.82,200-UP,125.133,,,,,,Calc,,125.133,"['299-W19-123', '299-W19-113', '299-W19-134']",2379.0,2380.0,41.0,20.0,6_rwie,299-W19-135,UU/MU
299-W19-135,34.8,CHARACTERIZATION,na,10/18/2023 14:10,C,,567601.98,135006.96,215.82,200-UP,125.133,,,,,,Calc,,125.133,"['299-W19-123', '299-W19-113', '299-W19-134']",2379.0,2380.0,41.0,20.0,6_rwie,299-W19-135,UU/MU
299-W19-135,34.8,CHARACTERIZATION,na,10/18/2023 14:10,C,,567601.98,135006.96,215.82,200-UP,125.133,,,,,,Calc,,125.133,"['299-W19-123', '299-W19-113', '299-W19-134']",2379.0,2380.0,41.0,20.0,6_rwie,299-W19-135,UU/MU
299-W19-135,102.0,CHARACTERIZATION,na,10/19/2023 13:35,C,,567601.98,135006.96,215.82,200-UP,122.094,,,,,,Calc,,122.094,"['299-W19-123', '299-W19-113', '299-W19-134']",2379.0,2380.0,41.0,20.0,6_rwie,299-W19-135,UU/MU
299-W19-135,102.0,CHARACTERIZATION,na,10/19/2023 13:35,C,,567601.98,135006.96,215.82,200-UP,122.094,,,,,,Calc,,122.094,"['299-W19-123', '299-W19-113', '299-W19-134']",2379.0,2380.0,41.0,20.0,6_rwie,299-W19-135,UU/MU
299-W19-135,102.0,CHARACTERIZATION,na,10/19/2023 13:35,C,,567601.98,135006.96,215.82,200-UP,122.094,,,,,,Calc,,122.094,"['299-W19-123', '299-W19-113', '299-W19-134']",2379.0,2380.0,41.0,20.0,6_rwie,299-W19-135,UU/MU
299-W19-135,50.0,CHARACTERIZATION,na,10/30/2023 9:17,C,,567601.98,135006.96,215.82,200-UP,118.787,,,,,,Calc,,118.787,"['299-W19-123', '299-W19-113', '299-W19-134']",2379.0,2380.0,41.0,20.0,6_rwie,299-W19-135,UU/MU
299-W19-135,50.0,CHARACTERIZATION,na,10/30/2023 9:17,C,,567601.98,135006.96,215.82,200-UP,118.787,,,,,,Calc,,118.787,"['299-W19-123', '299-W19-113', '299-W19-134']",2379.0,2380.0,41.0,20.0,6_rwie,299-W19-135,UU/MU
299-W19-135,50.0,CHARACTERIZATION,na,10/30/2023 9:17,C,,567601.98,135006.96,215.82,200-UP,118.787,,,,,,Calc,,118.787,"['299-W19-123', '299-W19-113', '299-W19-134']",2379.0,2380.0,41.0,20.0,6_rwie,299-W19-135,UU/MU
299-W19-135,208.0,CHARACTERIZATION,na,11/1/2023 10:20,C,,567601.98,135006.96,215.82,200-UP,116.014,,,,,,Calc,,116.014,"['299-W19-123', '299-W19-113', '299-W19-134']",2379.0,2380.0,41.0,20.0,6_rwie,299-W19-135,UU/MU
299-W19-135,208.0,CHARACTERIZATION,na,11/1/2023 10:20,C,,567601.98,135006.96,215.82,200-UP,116.014,,,,,,Calc,,116.014,"['299-W19-123', '299-W19-113', '299-W19-134']",2379.0,2380.0,41.0,20.0,6_rwie,299-W19-135,UU/MU
299-W19-135,208.0,CHARACTERIZATION,na,11/1/2023 10:20,C,,567601.98,135006.96,215.82,200-UP,116.014,,,,,,Calc,,116.014,"['299-W19-123', '299-W19-113', '299-W19-134']",2379.0,2380.0,41.0,20.0,6_rwie,299-W19-135,UU/MU
299-W19-135,50.0,CHARACTERIZATION,na,11/2/2023 12:58,C,,567601.98,135006.96,215.82,200-UP,109.917,,,,,,Calc,,109.917,"['299-W19-123', '299-W19-113', '299-W19-134']",2379.0,2380.0,41.0,20.0,6_rwie,299-W19-135,UU/MU
299-W19-135,50.0,CHARACTERIZATION,na,11/2/2023 12:58,C,,567601.98,135006.96,215.82,200-UP,109.917,,,,,,Calc,,109.917,"['299-W19-123', '299-W19-113', '299-W19-134']",2379.0,2380.0,41.0,20.0,6_rwie,299-W19-135,UU/MU
299-W19-135,50.0,CHARACTERIZATION,na,11/2/2023 12:58,C,,567601.98,135006.96,215.82,200-UP,109.917,,,,,,Calc,,109.917,"['299-W19-123', '299-W19-113', '299-W19-134']",2379.0,2380.0,41.0,20.0,6_rwie,299-W19-135,UU/MU
299-W19-135,239.0,CHARACTERIZATION,na,11/6/2023 11:30,C,,567601.98,135006.96,215.82,200-UP,103.92,,,,,,Calc,,103.92,"['299-W19-123', '299-W19-113', '299-W19-134']",2379.0,2380.0,41.0,20.0,6_rwie,299-W19-135,UU/MU
299-W19-135,239.0,CHARACTERIZATION,na,11/6/2023 11:30,C,,567601.98,135006.96,215.82,200-UP,103.92,,,,,,Calc,,103.92,"['299-W19-123', '299-W19-113', '299-W19-134']",2379.0,2380.0,41.0,20.0,6_rwie,299-W19-135,UU/MU
299-W19-135,239.0,CHARACTERIZATION,na,11/6/2023 11:30,C,,567601.98,135006.96,215.82,200-UP,103.92,,,,,,Calc,,103.92,"['299-W19-123', '299-W19-113', '299-W19-134']",2379.0,2380.0,41.0,20.0,6_rwie,299-W19-135,UU/MU
299-W19-135,197.0,CHARACTERIZATION,na,11/7/2023 10:00,C,,567601.98,135006.96,215.82,200-UP,97.731,,,,,,Calc,,97.731,"['299-W19-123', '299-W19-113', '299-W19-134']",2379.0,2380.0,41.0,20.0,6_rwie,299-W19-135,UU/MU
299-W19-135,197.0,CHARACTERIZATION,na,11/7/2023 10:00,C,,567601.98,135006.96,215.82,200-UP,97.731,,,,,,Calc,,97.731,"['299-W19-123', '299-W19-113', '299-W19-134']",2379.0,2380.0,41.0,20.0,6_rwie,299-W19-135,UU/MU
299-W19-135,197.0,CHARACTERIZATION,na,11/7/2023 10:00,C,,567601.98,135006.96,215.82,200-UP,97.731,,,,,,Calc,,97.731,"['299-W19-123', '299-W19-113', '299-W19-134']",2379.0,2380.0,41.0,20.0,6_rwie,299-W19-135,UU/MU
299-W19-135,50.0,CHARACTERIZATION,na,11/9/2023 9:50,C,,567601.98,135006.96,215.82,200-UP,91.715,,,,,,Calc,,91.715,"['299-W19-123', '299-W19-113', '299-W19-134']",2379.0,2380.0,41.0,20.0,6_rwie,299-W19-135,UU/MU
299-W19-135,50.0,CHARACTERIZATION,na,11/9/2023 9:50,C,,567601.98,135006.96,215.82,200-UP,91.715,,,,,,Calc,,91.715,"['299-W19-123', '299-W19-113', '299-W19-134']",2379.0,2380.0,41.0,20.0,6_rwie,299-W19-135,UU/MU
299-W19-135,50.0,CHARACTERIZATION,na,11/9/2023 9:50,C,,567601.98,135006.96,215.82,200-UP,91.715,,,,,,Calc,,91.715,"['299-W19-123', '299-W19-113', '299-W19-134']",2379.0,2380.0,41.0,20.0,6_rwie,299-W19-135,UU/MU
299-W19-135,50.0,CHARACTERIZATION,na,11/14/2023 13:47,C,,567601.98,135006.96,215.82,200-UP,85.64,,,,,,Calc,,85.64,"['299-W19-123', '299-W19-113', '299-W19-134']",2379.0,2380.0,41.0,20.0,6_rwie,299-W19-135,UU/MU
299-W19-135,50.0,CHARACTERIZATION,na,11/14/2023 13:47,C,,567601.98,135006.96,215.82,200-UP,85.64,,,,,,Calc,,85.64,"['299-W19-123', '299-W19-113', '299-W19-134']",2379.0,2380.0,41.0,20.0,6_rwie,299-W19-135,UU/MU
299-W19-135,50.0,CHARACTERIZATION,na,11/14/2023 13:47,C,,567601.98,135006.96,215.82,200-UP,85.64,,,,,,Calc,,85.64,"['299-W19-123', '299-W19-113', '299-W19-134']",2379.0,2380.0,41.0,20.0,6_rwie,299-W19-135,UU/MU
299-W19-135,224.0,CHARACTERIZATION,na,12/6/2023 11:31,C,,567601.98,135006.96,215.82,200-UP,126.581,,,,,,Calc,,126.581,"['299-W19-123', '299-W19-113', '299-W19-134']",2379.0,2380.0,41.0,20.0,6_rwie,299-W19-135,UU/MU
299-W19-135,224.0,CHARACTERIZATION,na,12/6/2023 11:31,C,,567601.98,135006.96,215.82,200-UP,126.581,,,,,,Calc,,126.581,"['299-W19-123', '299-W19-113', '299-W19-134']",2379.0,2380.0,41.0,20.0,6_rwie,299-W19-135,UU/MU
299-W19-135,224.0,CHARACTERIZATION,na,12/6/2023 11:31,C,,567601.98,135006.96,215.82,200-UP,126.581,,,,,,Calc,,126.581,"['299-W19-123', '299-W19-113', '299-W19-134']",2379.0,2380.0,41.0,20.0,6_rwie,299-W19-135,UU/MU
299-W19-136,1430.0,CHARACTERIZATION,na,1/29/2024 11:30,C,,567703.414,134998.765,215.18,200-UP,124.96,,,,,,Calc,,124.96,"['299-W19-113', '299-W19-134', '299-W19-125']",2380.0,2381.0,41.0,21.0,6_rwie,299-W19-136,UU/MU
299-W19-136,1430.0,CHARACTERIZATION,na,1/29/2024 11:30,C,,567703.414,134998.765,215.18,200-UP,124.96,,,,,,Calc,,124.96,"['299-W19-113', '299-W19-134', '299-W19-125']",2380.0,2381.0,41.0,21.0,6_rwie,299-W19-136,UU/MU
299-W19-136,1430.0,CHARACTERIZATION,na,1/29/2024 11:30,C,,567703.414,134998.765,215.18,200-UP,124.96,,,,,,Calc,,124.96,"['299-W19-113', '299-W19-134', '299-W19-125']",2380.0,2381.0,41.0,21.0,6_rwie,299-W19-136,UU/MU
299-W19-136,539.0,CHARACTERIZATION,na,1/30/2024 13:35,C,,567703.414,134998.765,215.18,200-UP,121.406,,,,,,Calc,,121.406,"['299-W19-113', '299-W19-134', '299-W19-125']",2380.0,2381.0,41.0,21.0,6_rwie,299-W19-136,UU/MU
299-W19-136,539.0,CHARACTERIZATION,na,1/30/2024 13:35,C,,567703.414,134998.765,215.18,200-UP,121.406,,,,,,Calc,,121.406,"['299-W19-113', '299-W19-134', '299-W19-125']",2380.0,2381.0,41.0,21.0,6_rwie,299-W19-136,UU/MU
299-W19-136,539.0,CHARACTERIZATION,na,1/30/2024 13:35,C,,567703.414,134998.765,215.18,200-UP,121.406,,,,,,Calc,,121.406,"['299-W19-113', '299-W19-134', '299-W19-125']",2380.0,2381.0,41.0,21.0,6_rwie,299-W19-136,UU/MU
299-W19-136,398.0,CHARACTERIZATION,na,1/31/2024 13:05,C,,567703.414,134998.765,215.18,200-UP,118.757,,,,,,Calc,,118.757,"['299-W19-113', '299-W19-134', '299-W19-125']",2380.0,2381.0,41.0,21.0,6_rwie,299-W19-136,UU/MU
299-W19-136,398.0,CHARACTERIZATION,na,1/31/2024 13:05,C,,567703.414,134998.765,215.18,200-UP,118.757,,,,,,Calc,,118.757,"['299-W19-113', '299-W19-134', '299-W19-125']",2380.0,2381.0,41.0,21.0,6_rwie,299-W19-136,UU/MU
299-W19-136,398.0,CHARACTERIZATION,na,1/31/2024 13:05,C,,567703.414,134998.765,215.18,200-UP,118.757,,,,,,Calc,,118.757,"['299-W19-113', '299-W19-134', '299-W19-125']",2380.0,2381.0,41.0,21.0,6_rwie,299-W19-136,UU/MU
299-W19-136,273.0,CHARACTERIZATION,na,2/1/2024 12:40,C,,567703.414,134998.765,215.18,200-UP,115.557,,,,,,Calc,,115.557,"['299-W19-113', '299-W19-134', '299-W19-125']",2380.0,2381.0,41.0,21.0,6_rwie,299-W19-136,UU/MU
299-W19-136,273.0,CHARACTERIZATION,na,2/1/2024 12:40,C,,567703.414,134998.765,215.18,200-UP,115.557,,,,,,Calc,,115.557,"['299-W19-113', '299-W19-134', '299-W19-125']",2380.0,2381.0,41.0,21.0,6_rwie,299-W19-136,UU/MU
299-W19-136,273.0,CHARACTERIZATION,na,2/1/2024 12:40,C,,567703.414,134998.765,215.18,200-UP,115.557,,,,,,Calc,,115.557,"['299-W19-113', '299-W19-134', '299-W19-125']",2380.0,2381.0,41.0,21.0,6_rwie,299-W19-136,UU/MU
299-W19-136,95.2,CHARACTERIZATION,na,2/7/2024 11:26,C,,567703.414,134998.765,215.18,200-UP,109.235,,,,,,Calc,,109.235,"['299-W19-113', '299-W19-134', '299-W19-125']",2380.0,2381.0,41.0,21.0,6_rwie,299-W19-136,UU/MU
299-W19-136,95.2,CHARACTERIZATION,na,2/7/2024 11:26,C,,567703.414,134998.765,215.18,200-UP,109.235,,,,,,Calc,,109.235,"['299-W19-113', '299-W19-134', '299-W19-125']",2380.0,2381.0,41.0,21.0,6_rwie,299-W19-136,UU/MU
299-W19-136,95.2,CHARACTERIZATION,na,2/7/2024 11:26,C,,567703.414,134998.765,215.18,200-UP,109.235,,,,,,Calc,,109.235,"['299-W19-113', '299-W19-134', '299-W19-125']",2380.0,2381.0,41.0,21.0,6_rwie,299-W19-136,UU/MU
299-W19-136,50.0,CHARACTERIZATION,na,2/14/2024 11:07,C,,567703.414,134998.765,215.18,200-UP,103.12,,,,,,Calc,,103.12,"['299-W19-113', '299-W19-134', '299-W19-125']",2380.0,2381.0,41.0,21.0,6_rwie,299-W19-136,UU/MU
299-W19-136,50.0,CHARACTERIZATION,na,2/14/2024 11:07,C,,567703.414,134998.765,215.18,200-UP,103.12,,,,,,Calc,,103.12,"['299-W19-113', '299-W19-134', '299-W19-125']",2380.0,2381.0,41.0,21.0,6_rwie,299-W19-136,UU/MU
299-W19-136,50.0,CHARACTERIZATION,na,2/14/2024 11:07,C,,567703.414,134998.765,215.18,200-UP,103.12,,,,,,Calc,,103.12,"['299-W19-113', '299-W19-134', '299-W19-125']",2380.0,2381.0,41.0,21.0,6_rwie,299-W19-136,UU/MU
299-W19-136,50.0,CHARACTERIZATION,na,2/21/2024 12:06,C,,567703.414,134998.765,215.18,200-UP,97.62,,,,,,Calc,,97.62,"['299-W19-113', '299-W19-134', '299-W19-125']",2380.0,2381.0,41.0,21.0,6_rwie,299-W19-136,UU/MU
299-W19-136,50.0,CHARACTERIZATION,na,2/21/2024 12:06,C,,567703.414,134998.765,215.18,200-UP,97.62,,,,,,Calc,,97.62,"['299-W19-113', '299-W19-134', '299-W19-125']",2380.0,2381.0,41.0,21.0,6_rwie,299-W19-136,UU/MU
299-W19-136,50.0,CHARACTERIZATION,na,2/21/2024 12:06,C,,567703.414,134998.765,215.18,200-UP,97.62,,,,,,Calc,,97.62,"['299-W19-113', '299-W19-134', '299-W19-125']",2380.0,2381.0,41.0,21.0,6_rwie,299-W19-136,UU/MU
299-W19-136,50.0,CHARACTERIZATION,na,2/26/2024 13:09,C,,567703.414,134998.765,215.18,200-UP,91.014,,,,,,Calc,,91.014,"['299-W19-113', '299-W19-134', '299-W19-125']",2380.0,2381.0,41.0,21.0,6_rwie,299-W19-136,UU/MU
299-W19-136,50.0,CHARACTERIZATION,na,2/26/2024 13:09,C,,567703.414,134998.765,215.18,200-UP,91.014,,,,,,Calc,,91.014,"['299-W19-113', '299-W19-134', '299-W19-125']",2380.0,2381.0,41.0,21.0,6_rwie,299-W19-136,UU/MU
299-W19-136,50.0,CHARACTERIZATION,na,2/26/2024 13:09,C,,567703.414,134998.765,215.18,200-UP,91.014,,,,,,Calc,,91.014,"['299-W19-113', '299-W19-134', '299-W19-125']",2380.0,2381.0,41.0,21.0,6_rwie,299-W19-136,UU/MU
299-W19-136,1140.0,CHARACTERIZATION,na,3/14/2024 11:21,C,,567703.414,134998.765,215.18,200-UP,125.911,,,,,,Calc,,125.911,"['299-W19-113', '299-W19-134', '299-W19-125']",2380.0,2381.0,41.0,21.0,6_rwie,299-W19-136,UU/MU
299-W19-136,1140.0,CHARACTERIZATION,na,3/14/2024 11:21,C,,567703.414,134998.765,215.18,200-UP,125.911,,,,,,Calc,,125.911,"['299-W19-113', '299-W19-134', '299-W19-125']",2380.0,2381.0,41.0,21.0,6_rwie,299-W19-136,UU/MU
299-W19-136,1140.0,CHARACTERIZATION,na,3/14/2024 11:21,C,,567703.414,134998.765,215.18,200-UP,125.911,,,,,,Calc,,125.911,"['299-W19-113', '299-W19-134', '299-W19-125']",2380.0,2381.0,41.0,21.0,6_rwie,299-W19-136,UU/MU
299-W22-123,37.1,CHARACTERIZATION,na,8/9/2021 9:45,C,,567593.02,133914.0,208.848,200-UP,129.448,,,,,,Calc,,129.448,[],3028.0,3029.0,52.0,20.0,6_rwie,299-W22-123,UU/MU
299-W22-123,37.1,CHARACTERIZATION,na,8/9/2021 9:45,C,,567593.02,133914.0,208.848,200-UP,129.448,,,,,,Calc,,129.448,[],3028.0,3029.0,52.0,20.0,6_rwie,299-W22-123,UU/MU
299-W22-123,50.0,CHARACTERIZATION,na,8/10/2021 9:30,C,,567593.02,133914.0,208.848,200-UP,126.308,,,,,,Calc,,126.308,[],3028.0,3029.0,52.0,20.0,6_rwie,299-W22-123,UU/MU
299-W22-123,50.0,CHARACTERIZATION,na,8/10/2021 9:30,C,,567593.02,133914.0,208.848,200-UP,126.308,,,,,,Calc,,126.308,[],3028.0,3029.0,52.0,20.0,6_rwie,299-W22-123,UU/MU
299-W22-123,50.0,CHARACTERIZATION,na,8/11/2021 10:00,C,,567593.02,133914.0,208.848,200-UP,123.198,,,,,,Calc,,123.198,[],3028.0,3029.0,52.0,20.0,6_rwie,299-W22-123,UU/MU
299-W22-123,50.0,CHARACTERIZATION,na,8/11/2021 10:00,C,,567593.02,133914.0,208.848,200-UP,123.198,,,,,,Calc,,123.198,[],3028.0,3029.0,52.0,20.0,6_rwie,299-W22-123,UU/MU
299-W22-123,50.0,CHARACTERIZATION,na,8/18/2021 13:15,C,,567593.02,133914.0,208.848,200-UP,112.409,,,,,,Calc,,112.409,[],3028.0,3029.0,52.0,20.0,6_rwie,299-W22-123,UU/MU
299-W22-123,50.0,CHARACTERIZATION,na,8/18/2021 13:15,C,,567593.02,133914.0,208.848,200-UP,112.409,,,,,,Calc,,112.409,[],3028.0,3029.0,52.0,20.0,6_rwie,299-W22-123,UU/MU
299-W22-123,50.0,CHARACTERIZATION,na,8/23/2021 11:00,C,,567593.02,133914.0,208.848,200-UP,100.488,,,,,,Calc,,100.488,[],3028.0,3029.0,52.0,20.0,6_rwie,299-W22-123,UU/MU
299-W22-123,50.0,CHARACTERIZATION,na,8/23/2021 11:00,C,,567593.02,133914.0,208.848,200-UP,100.488,,,,,,Calc,,100.488,[],3028.0,3029.0,52.0,20.0,6_rwie,299-W22-123,UU/MU
299-W22-123,50.0,CHARACTERIZATION,na,8/25/2021 11:43,C,,567593.02,133914.0,208.848,200-UP,88.298,,,,,,Calc,,88.298,[],3028.0,3029.0,52.0,20.0,6_rwie,299-W22-123,UU/MU
299-W22-123,50.0,CHARACTERIZATION,na,8/25/2021 11:43,C,,567593.02,133914.0,208.848,200-UP,88.298,,,,,,Calc,,88.298,[],3028.0,3029.0,52.0,20.0,6_rwie,299-W22-123,UU/MU
299-W22-123,50.0,CHARACTERIZATION,na,8/31/2021 9:10,C,,567593.02,133914.0,208.848,200-UP,75.948,,,,,,Calc,,75.948,[],3028.0,3029.0,52.0,20.0,5_rlm,299-W22-123,UU/MU
299-W22-123,50.0,CHARACTERIZATION,na,8/31/2021 9:10,C,,567593.02,133914.0,208.848,200-UP,75.948,,,,,,Calc,,75.948,[],3028.0,3029.0,52.0,20.0,5_rlm,299-W22-123,UU/MU
299-W22-123,50.0,CHARACTERIZATION,na,9/22/2021 10:35,C,,567593.02,133914.0,208.848,200-UP,127.768,,,,,,Calc,,127.768,[],3028.0,3029.0,52.0,20.0,6_rwie,299-W22-123,UU/MU
299-W22-123,50.0,CHARACTERIZATION,na,9/22/2021 10:35,C,,567593.02,133914.0,208.848,200-UP,127.768,,,,,,Calc,,127.768,[],3028.0,3029.0,52.0,20.0,6_rwie,299-W22-123,UU/MU
299-W22-125,592.0,CHARACTERIZATION,na,4/1/2024 13:56,C,,567028.506,134253.724,205.1,200-UP,127.38,,,,,,Calc,,127.38,[],2786.0,2787.0,48.0,14.0,6_rwie,299-W22-125,UU/MU
299-W22-125,592.0,CHARACTERIZATION,na,4/1/2024 13:56,C,,567028.506,134253.724,205.1,200-UP,127.38,,,,,,Calc,,127.38,[],2786.0,2787.0,48.0,14.0,6_rwie,299-W22-125,UU/MU
299-W22-125,592.0,CHARACTERIZATION,na,4/1/2024 13:56,C,,567028.506,134253.724,205.1,200-UP,127.38,,,,,,Calc,,127.38,[],2786.0,2787.0,48.0,14.0,6_rwie,299-W22-125,UU/MU
299-W22-125,435.5,CHARACTERIZATION,na,4/2/2024 13:40,C,,567028.506,134253.724,205.1,200-UP,124.935,,,,,,Calc,,124.935,[],2786.0,2787.0,48.0,14.0,6_rwie,299-W22-125,UU/MU
299-W22-125,435.5,CHARACTERIZATION,na,4/2/2024 13:40,C,,567028.506,134253.724,205.1,200-UP,124.935,,,,,,Calc,,124.935,[],2786.0,2787.0,48.0,14.0,6_rwie,299-W22-125,UU/MU
299-W22-125,435.5,CHARACTERIZATION,na,4/2/2024 13:40,C,,567028.506,134253.724,205.1,200-UP,124.935,,,,,,Calc,,124.935,[],2786.0,2787.0,48.0,14.0,6_rwie,299-W22-125,UU/MU
299-W22-125,79.6,CHARACTERIZATION,na,4/3/2024 12:35,C,,567028.506,134253.724,205.1,200-UP,121.582,,,,,,Calc,,121.582,[],2786.0,2787.0,48.0,14.0,6_rwie,299-W22-125,UU/MU
299-W22-125,79.6,CHARACTERIZATION,na,4/3/2024 12:35,C,,567028.506,134253.724,205.1,200-UP,121.582,,,,,,Calc,,121.582,[],2786.0,2787.0,48.0,14.0,6_rwie,299-W22-125,UU/MU
299-W22-125,79.6,CHARACTERIZATION,na,4/3/2024 12:35,C,,567028.506,134253.724,205.1,200-UP,121.582,,,,,,Calc,,121.582,[],2786.0,2787.0,48.0,14.0,6_rwie,299-W22-125,UU/MU
299-W22-125,50.0,CHARACTERIZATION,na,4/8/2024 13:30,C,,567028.506,134253.724,205.1,200-UP,109.39,,,,,,Calc,,109.39,[],2786.0,2787.0,48.0,14.0,6_rwie,299-W22-125,UU/MU
299-W22-125,50.0,CHARACTERIZATION,na,4/8/2024 13:30,C,,567028.506,134253.724,205.1,200-UP,109.39,,,,,,Calc,,109.39,[],2786.0,2787.0,48.0,14.0,6_rwie,299-W22-125,UU/MU
299-W22-125,50.0,CHARACTERIZATION,na,4/8/2024 13:30,C,,567028.506,134253.724,205.1,200-UP,109.39,,,,,,Calc,,109.39,[],2786.0,2787.0,48.0,14.0,6_rwie,299-W22-125,UU/MU
299-W22-125,50.0,CHARACTERIZATION,na,4/17/2024 9:22,C,,567028.506,134253.724,205.1,200-UP,97.198,,,,,,Calc,,97.198,[],2786.0,2787.0,48.0,14.0,6_rwie,299-W22-125,UU/MU
299-W22-125,50.0,CHARACTERIZATION,na,4/17/2024 9:22,C,,567028.506,134253.724,205.1,200-UP,97.198,,,,,,Calc,,97.198,[],2786.0,2787.0,48.0,14.0,6_rwie,299-W22-125,UU/MU
299-W22-125,50.0,CHARACTERIZATION,na,4/17/2024 9:22,C,,567028.506,134253.724,205.1,200-UP,97.198,,,,,,Calc,,97.198,[],2786.0,2787.0,48.0,14.0,6_rwie,299-W22-125,UU/MU
299-W22-125,50.0,CHARACTERIZATION,na,4/23/2024 9:15,C,,567028.506,134253.724,205.1,200-UP,84.994,,,,,,Calc,,84.994,[],2786.0,2787.0,48.0,14.0,6_rwie,299-W22-125,UU/MU
299-W22-125,50.0,CHARACTERIZATION,na,4/23/2024 9:15,C,,567028.506,134253.724,205.1,200-UP,84.994,,,,,,Calc,,84.994,[],2786.0,2787.0,48.0,14.0,6_rwie,299-W22-125,UU/MU
299-W22-125,50.0,CHARACTERIZATION,na,4/23/2024 9:15,C,,567028.506,134253.724,205.1,200-UP,84.994,,,,,,Calc,,84.994,[],2786.0,2787.0,48.0,14.0,6_rwie,299-W22-125,UU/MU
299-W22-125,50.0,CHARACTERIZATION,na,4/30/2024 8:30,C,,567028.506,134253.724,205.1,200-UP,72.814,,,,,,Calc,,72.814,[],2786.0,2787.0,48.0,14.0,5_rlm,299-W22-125,UU/MU
299-W22-125,50.0,CHARACTERIZATION,na,4/30/2024 8:30,C,,567028.506,134253.724,205.1,200-UP,72.814,,,,,,Calc,,72.814,[],2786.0,2787.0,48.0,14.0,5_rlm,299-W22-125,UU/MU
299-W22-125,50.0,CHARACTERIZATION,na,4/30/2024 8:30,C,,567028.506,134253.724,205.1,200-UP,72.814,,,,,,Calc,,72.814,[],2786.0,2787.0,48.0,14.0,5_rlm,299-W22-125,UU/MU
299-W22-125,671.0,CHARACTERIZATION,na,5/20/2024 12:33,C,,567028.506,134253.724,205.1,200-UP,126.727,,,,,,Calc,,126.727,[],2786.0,2787.0,48.0,14.0,6_rwie,299-W22-125,UU/MU
299-W22-125,671.0,CHARACTERIZATION,na,5/20/2024 12:33,C,,567028.506,134253.724,205.1,200-UP,126.727,,,,,,Calc,,126.727,[],2786.0,2787.0,48.0,14.0,6_rwie,299-W22-125,UU/MU
299-W22-125,671.0,CHARACTERIZATION,na,5/20/2024 12:33,C,,567028.506,134253.724,205.1,200-UP,126.727,,,,,,Calc,,126.727,[],2786.0,2787.0,48.0,14.0,6_rwie,299-W22-125,UU/MU
299-W26-15,50.0,CHARACTERIZATION,na,11/3/2021 13:50,C,,566575.83,133391.21,202.282,200-UP,130.352,,,,,,Calc,,130.352,[],3313.0,3314.0,57.0,10.0,6_rwie,299-W26-15,UU/MU
299-W26-15,50.0,CHARACTERIZATION,na,11/3/2021 13:50,C,,566575.83,133391.21,202.282,200-UP,130.352,,,,,,Calc,,130.352,[],3313.0,3314.0,57.0,10.0,6_rwie,299-W26-15,UU/MU
299-W26-15,50.0,CHARACTERIZATION,na,11/3/2021 13:50,C,,566575.83,133391.21,202.282,200-UP,130.352,,,,,,Calc,,130.352,[],3313.0,3314.0,57.0,10.0,6_rwie,299-W26-15,UU/MU
299-W26-15,50.0,CHARACTERIZATION,na,11/8/2021 13:10,C,,566575.83,133391.21,202.282,200-UP,127.302,,,,,,Calc,,127.302,[],3313.0,3314.0,57.0,10.0,6_rwie,299-W26-15,UU/MU
299-W26-15,50.0,CHARACTERIZATION,na,11/8/2021 13:10,C,,566575.83,133391.21,202.282,200-UP,127.302,,,,,,Calc,,127.302,[],3313.0,3314.0,57.0,10.0,6_rwie,299-W26-15,UU/MU
299-W26-15,50.0,CHARACTERIZATION,na,11/8/2021 13:10,C,,566575.83,133391.21,202.282,200-UP,127.302,,,,,,Calc,,127.302,[],3313.0,3314.0,57.0,10.0,6_rwie,299-W26-15,UU/MU
299-W26-15,50.0,CHARACTERIZATION,na,11/10/2021 8:10,C,,566575.83,133391.21,202.282,200-UP,123.642,,,,,,Calc,,123.642,[],3313.0,3314.0,57.0,10.0,6_rwie,299-W26-15,UU/MU
299-W26-15,50.0,CHARACTERIZATION,na,11/10/2021 8:10,C,,566575.83,133391.21,202.282,200-UP,123.642,,,,,,Calc,,123.642,[],3313.0,3314.0,57.0,10.0,6_rwie,299-W26-15,UU/MU
299-W26-15,50.0,CHARACTERIZATION,na,11/10/2021 8:10,C,,566575.83,133391.21,202.282,200-UP,123.642,,,,,,Calc,,123.642,[],3313.0,3314.0,57.0,10.0,6_rwie,299-W26-15,UU/MU
299-W26-15,50.0,CHARACTERIZATION,na,11/15/2021 9:32,C,,566575.83,133391.21,202.282,200-UP,120.592,,,,,,Calc,,120.592,[],3313.0,3314.0,57.0,10.0,6_rwie,299-W26-15,UU/MU
299-W26-15,50.0,CHARACTERIZATION,na,11/15/2021 9:32,C,,566575.83,133391.21,202.282,200-UP,120.592,,,,,,Calc,,120.592,[],3313.0,3314.0,57.0,10.0,6_rwie,299-W26-15,UU/MU
299-W26-15,50.0,CHARACTERIZATION,na,11/15/2021 9:32,C,,566575.83,133391.21,202.282,200-UP,120.592,,,,,,Calc,,120.592,[],3313.0,3314.0,57.0,10.0,6_rwie,299-W26-15,UU/MU
299-W26-15,50.0,CHARACTERIZATION,na,11/17/2021 9:40,C,,566575.83,133391.21,202.282,200-UP,117.395,,,,,,Calc,,117.395,[],3313.0,3314.0,57.0,10.0,6_rwie,299-W26-15,UU/MU
299-W26-15,50.0,CHARACTERIZATION,na,11/17/2021 9:40,C,,566575.83,133391.21,202.282,200-UP,117.395,,,,,,Calc,,117.395,[],3313.0,3314.0,57.0,10.0,6_rwie,299-W26-15,UU/MU
299-W26-15,50.0,CHARACTERIZATION,na,11/17/2021 9:40,C,,566575.83,133391.21,202.282,200-UP,117.395,,,,,,Calc,,117.395,[],3313.0,3314.0,57.0,10.0,6_rwie,299-W26-15,UU/MU
299-W26-15,50.0,CHARACTERIZATION,na,11/18/2021 13:15,C,,566575.83,133391.21,202.282,200-UP,111.752,,,,,,Calc,,111.752,[],3313.0,3314.0,57.0,10.0,6_rwie,299-W26-15,UU/MU
299-W26-15,50.0,CHARACTERIZATION,na,11/18/2021 13:15,C,,566575.83,133391.21,202.282,200-UP,111.752,,,,,,Calc,,111.752,[],3313.0,3314.0,57.0,10.0,6_rwie,299-W26-15,UU/MU
299-W26-15,50.0,CHARACTERIZATION,na,11/18/2021 13:15,C,,566575.83,133391.21,202.282,200-UP,111.752,,,,,,Calc,,111.752,[],3313.0,3314.0,57.0,10.0,6_rwie,299-W26-15,UU/MU
299-W26-15,50.0,CHARACTERIZATION,na,11/23/2021 8:36,C,,566575.83,133391.21,202.282,200-UP,103.832,,,,,,Calc,,103.832,[],3313.0,3314.0,57.0,10.0,6_rwie,299-W26-15,UU/MU
299-W26-15,50.0,CHARACTERIZATION,na,11/23/2021 8:36,C,,566575.83,133391.21,202.282,200-UP,103.832,,,,,,Calc,,103.832,[],3313.0,3314.0,57.0,10.0,6_rwie,299-W26-15,UU/MU
299-W26-15,50.0,CHARACTERIZATION,na,11/23/2021 8:36,C,,566575.83,133391.21,202.282,200-UP,103.832,,,,,,Calc,,103.832,[],3313.0,3314.0,57.0,10.0,6_rwie,299-W26-15,UU/MU
299-W26-15,50.0,CHARACTERIZATION,na,12/1/2021 12:01,C,,566575.83,133391.21,202.282,200-UP,99.412,,,,,,Calc,,99.412,[],3313.0,3314.0,57.0,10.0,6_rwie,299-W26-15,UU/MU
299-W26-15,50.0,CHARACTERIZATION,na,12/1/2021 12:01,C,,566575.83,133391.21,202.282,200-UP,99.412,,,,,,Calc,,99.412,[],3313.0,3314.0,57.0,10.0,6_rwie,299-W26-15,UU/MU
299-W26-15,50.0,CHARACTERIZATION,na,12/1/2021 12:01,C,,566575.83,133391.21,202.282,200-UP,99.412,,,,,,Calc,,99.412,[],3313.0,3314.0,57.0,10.0,6_rwie,299-W26-15,UU/MU
299-W26-15,50.0,CHARACTERIZATION,na,12/2/2021 11:10,C,,566575.83,133391.21,202.282,200-UP,93.182,,,,,,Calc,,93.182,[],3313.0,3314.0,57.0,10.0,6_rwie,299-W26-15,UU/MU
299-W26-15,50.0,CHARACTERIZATION,na,12/2/2021 11:10,C,,566575.83,133391.21,202.282,200-UP,93.182,,,,,,Calc,,93.182,[],3313.0,3314.0,57.0,10.0,6_rwie,299-W26-15,UU/MU
299-W26-15,50.0,CHARACTERIZATION,na,12/2/2021 11:10,C,,566575.83,133391.21,202.282,200-UP,93.182,,,,,,Calc,,93.182,[],3313.0,3314.0,57.0,10.0,6_rwie,299-W26-15,UU/MU
299-W26-15,50.0,CHARACTERIZATION,na,12/3/2021 10:30,C,,566575.83,133391.21,202.282,200-UP,87.082,,,,,,Calc,,87.082,[],3313.0,3314.0,57.0,10.0,6_rwie,299-W26-15,UU/MU
299-W26-15,50.0,CHARACTERIZATION,na,12/3/2021 10:30,C,,566575.83,133391.21,202.282,200-UP,87.082,,,,,,Calc,,87.082,[],3313.0,3314.0,57.0,10.0,6_rwie,299-W26-15,UU/MU
299-W26-15,50.0,CHARACTERIZATION,na,12/3/2021 10:30,C,,566575.83,133391.21,202.282,200-UP,87.082,,,,,,Calc,,87.082,[],3313.0,3314.0,57.0,10.0,6_rwie,299-W26-15,UU/MU
299-W26-15,50.0,CHARACTERIZATION,na,12/6/2021 11:15,C,,566575.83,133391.21,202.282,200-UP,81.032,,,,,,Calc,,81.032,[],3313.0,3314.0,57.0,10.0,6_rwie,299-W26-15,UU/MU
299-W26-15,50.0,CHARACTERIZATION,na,12/6/2021 11:15,C,,566575.83,133391.21,202.282,200-UP,81.032,,,,,,Calc,,81.032,[],3313.0,3314.0,57.0,10.0,6_rwie,299-W26-15,UU/MU
299-W26-15,50.0,CHARACTERIZATION,na,12/6/2021 11:15,C,,566575.83,133391.21,202.282,200-UP,81.032,,,,,,Calc,,81.032,[],3313.0,3314.0,57.0,10.0,6_rwie,299-W26-15,UU/MU
299-W7-15,50.0,CHARACTERIZATION,na,1/17/2023 13:15,C,,566772.11,137635.28,210.492,200-ZP,130.942,,,,,,Calc,,130.942,[],837.0,838.0,15.0,12.0,5_rlm,299-W7-15,UU/MU
299-W7-15,50.0,CHARACTERIZATION,na,1/17/2023 13:15,C,,566772.11,137635.28,210.492,200-ZP,130.942,,,,,,Calc,,130.942,[],837.0,838.0,15.0,12.0,5_rlm,299-W7-15,UU/MU
299-W7-15,50.0,CHARACTERIZATION,na,1/18/2023 13:45,C,,566772.11,137635.28,210.492,200-ZP,124.842,,,,,,Calc,,124.842,[],837.0,838.0,15.0,12.0,5_rlm,299-W7-15,UU/MU
299-W7-15,50.0,CHARACTERIZATION,na,1/18/2023 13:45,C,,566772.11,137635.28,210.492,200-ZP,124.842,,,,,,Calc,,124.842,[],837.0,838.0,15.0,12.0,5_rlm,299-W7-15,UU/MU
299-W7-16,24.05,CHARACTERIZATION,na,9/5/2023 8:55,C,,566085.14,137265.57,210.665,200-ZP,133.733,,,,,,Calc,,133.733,[],1007.0,1008.0,18.0,5.0,6_rwie,299-W7-16,UU/MU
299-W7-16,24.05,CHARACTERIZATION,na,9/5/2023 8:55,C,,566085.14,137265.57,210.665,200-ZP,133.733,,,,,,Calc,,133.733,[],1007.0,1008.0,18.0,5.0,6_rwie,299-W7-16,UU/MU
299-W7-16,66.5,CHARACTERIZATION,na,9/6/2023 11:00,C,,566085.14,137265.57,210.665,200-ZP,128.857,,,,,,Calc,,128.857,[],1007.0,1008.0,18.0,5.0,6_rwie,299-W7-16,UU/MU
299-W7-16,66.5,CHARACTERIZATION,na,9/6/2023 11:00,C,,566085.14,137265.57,210.665,200-ZP,128.857,,,,,,Calc,,128.857,[],1007.0,1008.0,18.0,5.0,6_rwie,299-W7-16,UU/MU
699-32-77B,50.0,CHARACTERIZATION,na,9/9/2021 8:03,C,,566402.07,133172.13,200.372,200-UP,131.091,,,,,,Calc,,131.091,[],3429.0,3430.0,59.0,8.0,6_rwie,699-32-77B,UU/MU
699-32-77B,50.0,CHARACTERIZATION,na,9/9/2021 8:03,C,,566402.07,133172.13,200.372,200-UP,131.091,,,,,,Calc,,131.091,[],3429.0,3430.0,59.0,8.0,6_rwie,699-32-77B,UU/MU
699-32-77B,50.0,CHARACTERIZATION,na,9/9/2021 11:10,C,,566402.07,133172.13,200.372,200-UP,128.132,,,,,,Calc,,128.132,[],3429.0,3430.0,59.0,8.0,6_rwie,699-32-77B,UU/MU
699-32-77B,50.0,CHARACTERIZATION,na,9/9/2021 11:10,C,,566402.07,133172.13,200.372,200-UP,128.132,,,,,,Calc,,128.132,[],3429.0,3430.0,59.0,8.0,6_rwie,699-32-77B,UU/MU
699-32-77B,50.0,CHARACTERIZATION,na,9/14/2021 14:15,C,,566402.07,133172.13,200.372,200-UP,124.934,,,,,,Calc,,124.934,[],3429.0,3430.0,59.0,8.0,6_rwie,699-32-77B,UU/MU
699-32-77B,50.0,CHARACTERIZATION,na,9/14/2021 14:15,C,,566402.07,133172.13,200.372,200-UP,124.934,,,,,,Calc,,124.934,[],3429.0,3430.0,59.0,8.0,6_rwie,699-32-77B,UU/MU
699-32-77B,50.0,CHARACTERIZATION,na,9/15/2021 13:23,C,,566402.07,133172.13,200.372,200-UP,122.557,,,,,,Calc,,122.557,[],3429.0,3430.0,59.0,8.0,6_rwie,699-32-77B,UU/MU
699-32-77B,50.0,CHARACTERIZATION,na,9/15/2021 13:23,C,,566402.07,133172.13,200.372,200-UP,122.557,,,,,,Calc,,122.557,[],3429.0,3430.0,59.0,8.0,6_rwie,699-32-77B,UU/MU
699-32-77B,50.0,CHARACTERIZATION,na,9/16/2021 10:10,C,,566402.07,133172.13,200.372,200-UP,118.992,,,,,,Calc,,118.992,[],3429.0,3430.0,59.0,8.0,6_rwie,699-32-77B,UU/MU
699-32-77B,50.0,CHARACTERIZATION,na,9/16/2021 10:10,C,,566402.07,133172.13,200.372,200-UP,118.992,,,,,,Calc,,118.992,[],3429.0,3430.0,59.0,8.0,6_rwie,699-32-77B,UU/MU
699-32-77B,50.0,CHARACTERIZATION,na,9/20/2021 14:31,C,,566402.07,133172.13,200.372,200-UP,112.742,,,,,,Calc,,112.742,[],3429.0,3430.0,59.0,8.0,6_rwie,699-32-77B,UU/MU
699-32-77B,50.0,CHARACTERIZATION,na,9/20/2021 14:31,C,,566402.07,133172.13,200.372,200-UP,112.742,,,,,,Calc,,112.742,[],3429.0,3430.0,59.0,8.0,6_rwie,699-32-77B,UU/MU
699-32-77B,50.0,CHARACTERIZATION,na,9/23/2021 13:05,C,,566402.07,133172.13,200.372,200-UP,107.102,,,,,,Calc,,107.102,[],3429.0,3430.0,59.0,8.0,6_rwie,699-32-77B,UU/MU
699-32-77B,50.0,CHARACTERIZATION,na,9/23/2021 13:05,C,,566402.07,133172.13,200.372,200-UP,107.102,,,,,,Calc,,107.102,[],3429.0,3430.0,59.0,8.0,6_rwie,699-32-77B,UU/MU
699-32-77B,50.0,CHARACTERIZATION,na,9/27/2021 14:25,C,,566402.07,133172.13,200.372,200-UP,99.082,,,,,,Calc,,99.082,[],3429.0,3430.0,59.0,8.0,6_rwie,699-32-77B,UU/MU
699-32-77B,50.0,CHARACTERIZATION,na,9/27/2021 14:25,C,,566402.07,133172.13,200.372,200-UP,99.082,,,,,,Calc,,99.082,[],3429.0,3430.0,59.0,8.0,6_rwie,699-32-77B,UU/MU
699-32-77B,50.0,CHARACTERIZATION,na,9/28/2021 14:40,C,,566402.07,133172.13,200.372,200-UP,93.072,,,,,,Calc,,93.072,[],3429.0,3430.0,59.0,8.0,6_rwie,699-32-77B,UU/MU
699-32-77B,50.0,CHARACTERIZATION,na,9/28/2021 14:40,C,,566402.07,133172.13,200.372,200-UP,93.072,,,,,,Calc,,93.072,[],3429.0,3430.0,59.0,8.0,6_rwie,699-32-77B,UU/MU
699-32-77B,50.0,CHARACTERIZATION,na,9/29/2021 14:30,C,,566402.07,133172.13,200.372,200-UP,88.772,,,,,,Calc,,88.772,[],3429.0,3430.0,59.0,8.0,6_rwie,699-32-77B,UU/MU
699-32-77B,50.0,CHARACTERIZATION,na,9/29/2021 14:30,C,,566402.07,133172.13,200.372,200-UP,88.772,,,,,,Calc,,88.772,[],3429.0,3430.0,59.0,8.0,6_rwie,699-32-77B,UU/MU
699-32-77B,50.0,CHARACTERIZATION,na,10/4/2021 11:02,C,,566402.07,133172.13,200.372,200-UP,82.202,,,,,,Calc,,82.202,[],3429.0,3430.0,59.0,8.0,6_rwie,699-32-77B,UU/MU
699-32-77B,50.0,CHARACTERIZATION,na,10/4/2021 11:02,C,,566402.07,133172.13,200.372,200-UP,82.202,,,,,,Calc,,82.202,[],3429.0,3430.0,59.0,8.0,6_rwie,699-32-77B,UU/MU
699-32-77B,50.0,CHARACTERIZATION,na,10/5/2021 11:25,C,,566402.07,133172.13,200.372,200-UP,75.652,,,,,,Calc,,75.652,[],3429.0,3430.0,59.0,8.0,6_rwie,699-32-77B,UU/MU
699-32-77B,50.0,CHARACTERIZATION,na,10/5/2021 11:25,C,,566402.07,133172.13,200.372,200-UP,75.652,,,,,,Calc,,75.652,[],3429.0,3430.0,59.0,8.0,6_rwie,699-32-77B,UU/MU
699-40-70A,275.0,CHARACTERIZATION,na,8/8/2023 13:35,C,,567986.853,137401.816,220.231,200-ZP,116.031,,,,,,Calc,,116.031,['699-40-70A'],967.0,968.0,17.0,24.0,4_rwia,699-40-70A,LU/CR
699-40-70A,275.0,CHARACTERIZATION,na,8/8/2023 13:35,C,,567986.853,137401.816,220.231,200-ZP,116.031,,,,,,Calc,,116.031,['699-40-70A'],967.0,968.0,17.0,24.0,4_rwia,699-40-70A,LU/CR
699-40-70A,236.0,CHARACTERIZATION,na,8/9/2023 13:45,C,,567986.853,137401.816,220.231,200-ZP,109.831,,,,,,Calc,,109.831,['699-40-70A'],967.0,968.0,17.0,24.0,4_rwia,699-40-70A,LU/CR
699-40-70A,236.0,CHARACTERIZATION,na,8/9/2023 13:45,C,,567986.853,137401.816,220.231,200-ZP,109.831,,,,,,Calc,,109.831,['699-40-70A'],967.0,968.0,17.0,24.0,4_rwia,699-40-70A,LU/CR
699-40-70A,302.0,CHARACTERIZATION,na,8/10/2023 14:08,C,,567986.853,137401.816,220.231,200-ZP,103.741,,,,,,Calc,,103.741,['699-40-70A'],967.0,968.0,17.0,24.0,4_rwia,699-40-70A,LU/CR
699-40-70A,302.0,CHARACTERIZATION,na,8/10/2023 14:08,C,,567986.853,137401.816,220.231,200-ZP,103.741,,,,,,Calc,,103.741,['699-40-70A'],967.0,968.0,17.0,24.0,4_rwia,699-40-70A,LU/CR
699-40-70A,223.5,CHARACTERIZATION,na,8/14/2023 10:57,C,,567986.853,137401.816,220.231,200-ZP,97.659,,,,,,Calc,,97.659,['699-40-70A'],967.0,968.0,17.0,24.0,4_rwia,699-40-70A,LU/CR
699-40-70A,223.5,CHARACTERIZATION,na,8/14/2023 10:57,C,,567986.853,137401.816,220.231,200-ZP,97.659,,,,,,Calc,,97.659,['699-40-70A'],967.0,968.0,17.0,24.0,4_rwia,699-40-70A,LU/CR
699-40-70A,237.0,CHARACTERIZATION,na,8/15/2023 12:34,C,,567986.853,137401.816,220.231,200-ZP,91.151,,,,,,Calc,,91.151,['699-40-70A'],967.0,968.0,17.0,24.0,4_rwia,699-40-70A,LU/CR
699-40-70A,237.0,CHARACTERIZATION,na,8/15/2023 12:34,C,,567986.853,137401.816,220.231,200-ZP,91.151,,,,,,Calc,,91.151,['699-40-70A'],967.0,968.0,17.0,24.0,4_rwia,699-40-70A,LU/CR
699-40-70A,235.0,CHARACTERIZATION,na,8/17/2023 10:26,C,,567986.853,137401.816,220.231,200-ZP,83.501,,,,,,Calc,,83.501,['699-40-70A'],967.0,968.0,17.0,24.0,0_bslt,699-40-70A,LU/CR
699-40-70A,235.0,CHARACTERIZATION,na,8/17/2023 10:26,C,,567986.853,137401.816,220.231,200-ZP,83.501,,,,,,Calc,,83.501,['699-40-70A'],967.0,968.0,17.0,24.0,0_bslt,699-40-70A,LU/CR
699-40-70A,148.0,CHARACTERIZATION,na,8/21/2023 10:40,C,,567986.853,137401.816,220.231,200-ZP,78.904,,,,,,Calc,,78.904,['699-40-70A'],967.0,968.0,17.0,24.0,0_bslt,699-40-70A,LU/CR
699-40-70A,148.0,CHARACTERIZATION,na,8/21/2023 10:40,C,,567986.853,137401.816,220.231,200-ZP,78.904,,,,,,Calc,,78.904,['699-40-70A'],967.0,968.0,17.0,24.0,0_bslt,699-40-70A,LU/CR
699-40-70A,242.0,CHARACTERIZATION,na,12/21/2023 8:20,C,,567986.853,137401.816,220.231,200-ZP,75.131,,,,,,Calc,,75.131,['699-40-70A'],967.0,968.0,17.0,24.0,0_bslt,699-40-70A,LU/CR
699-40-70A,242.0,CHARACTERIZATION,na,12/21/2023 8:20,C,,567986.853,137401.816,220.231,200-ZP,75.131,,,,,,Calc,,75.131,['699-40-70A'],967.0,968.0,17.0,24.0,0_bslt,699-40-70A,LU/CR
699-44-70C,71.8,CHARACTERIZATION,na,11/26/2024 11:35,C,,568659.403,136809.374,225.271,200-ZP,119.571,,,,,,Calc,,119.571,[],1328.0,1329.0,23.0,31.0,5_rlm,699-44-70C,UU/MU
699-44-70C,71.8,CHARACTERIZATION,na,11/26/2024 11:35,C,,568659.403,136809.374,225.271,200-ZP,119.571,,,,,,Calc,,119.571,[],1328.0,1329.0,23.0,31.0,5_rlm,699-44-70C,UU/MU
699-45-65,50.0,CHARACTERIZATION,na,5/16/2023 13:13,C,,570000.82,137403.78,217.2,200-ZP,114.711,,,,,,Calc,,114.711,[],987.0,988.0,17.0,44.0,4_rwia,699-45-65,LU/CR
699-45-65,50.0,CHARACTERIZATION,na,5/16/2023 13:13,C,,570000.82,137403.78,217.2,200-ZP,114.711,,,,,,Calc,,114.711,[],987.0,988.0,17.0,44.0,4_rwia,699-45-65,LU/CR
699-45-65,50.0,CHARACTERIZATION,na,5/23/2023 9:30,C,,570000.82,137403.78,217.2,200-ZP,108.716,,,,,,Calc,,108.716,[],987.0,988.0,17.0,44.0,0_bslt,699-45-65,LU/CR
699-45-65,50.0,CHARACTERIZATION,na,5/23/2023 9:30,C,,570000.82,137403.78,217.2,200-ZP,108.716,,,,,,Calc,,108.716,[],987.0,988.0,17.0,44.0,0_bslt,699-45-65,LU/CR
699-45-65,19.5,CHARACTERIZATION,na,5/24/2023 10:03,C,,570000.82,137403.78,217.2,200-ZP,102.492,,,,,,Calc,,102.492,[],987.0,988.0,17.0,44.0,0_bslt,699-45-65,LU/CR
699-45-65,19.5,CHARACTERIZATION,na,5/24/2023 10:03,C,,570000.82,137403.78,217.2,200-ZP,102.492,,,,,,Calc,,102.492,[],987.0,988.0,17.0,44.0,0_bslt,699-45-65,LU/CR
699-45-65,11.7,CHARACTERIZATION,na,5/25/2023 9:09,C,,570000.82,137403.78,217.2,200-ZP,96.396,,,,,,Calc,,96.396,[],987.0,988.0,17.0,44.0,0_bslt,699-45-65,LU/CR
699-45-65,11.7,CHARACTERIZATION,na,5/25/2023 9:09,C,,570000.82,137403.78,217.2,200-ZP,96.396,,,,,,Calc,,96.396,[],987.0,988.0,17.0,44.0,0_bslt,699-45-65,LU/CR
699-45-65,50.0,CHARACTERIZATION,na,5/30/2023 12:45,C,,570000.82,137403.78,217.2,200-ZP,90.4,,,,,,Calc,,90.4,[],987.0,988.0,17.0,44.0,0_bslt,699-45-65,LU/CR
699-45-65,50.0,CHARACTERIZATION,na,5/30/2023 12:45,C,,570000.82,137403.78,217.2,200-ZP,90.4,,,,,,Calc,,90.4,[],987.0,988.0,17.0,44.0,0_bslt,699-45-65,LU/CR
699-45-65,50.0,CHARACTERIZATION,na,6/8/2023 9:04,C,,570000.82,137403.78,217.2,200-ZP,100.59,,,,,,Calc,,100.59,[],987.0,988.0,17.0,44.0,0_bslt,699-45-65,LU/CR
699-45-65,50.0,CHARACTERIZATION,na,6/8/2023 9:04,C,,570000.82,137403.78,217.2,200-ZP,100.59,,,,,,Calc,,100.59,[],987.0,988.0,17.0,44.0,0_bslt,699-45-65,LU/CR
699-45-67C,36.3,CHARACTERIZATION,na,1/5/2021 14:05,C,,569431.19,137131.75,222.785,200-ZP,127.819,,,,,,Calc,,127.819,[],1158.0,1159.0,20.0,38.0,5_rlm,699-45-67C,LU/CR
699-45-67C,36.3,CHARACTERIZATION,na,1/5/2021 14:05,C,,569431.19,137131.75,222.785,200-ZP,127.819,,,,,,Calc,,127.819,[],1158.0,1159.0,20.0,38.0,5_rlm,699-45-67C,LU/CR
699-45-67C,50.0,CHARACTERIZATION,na,2/25/2021 9:23,C,,569431.19,137131.75,222.785,200-ZP,108.11,,,,,,Calc,,108.11,[],1158.0,1159.0,20.0,38.0,0_bslt,699-45-67C,LU/CR
699-45-67C,50.0,CHARACTERIZATION,na,2/25/2021 9:23,C,,569431.19,137131.75,222.785,200-ZP,108.11,,,,,,Calc,,108.11,[],1158.0,1159.0,20.0,38.0,0_bslt,699-45-67C,LU/CR
699-45-67C,50.0,CHARACTERIZATION,na,3/17/2021 9:16,C,,569431.19,137131.75,222.785,200-ZP,105.464,,,,,,Calc,,105.464,[],1158.0,1159.0,20.0,38.0,0_bslt,699-45-67C,LU/CR
699-45-67C,50.0,CHARACTERIZATION,na,3/17/2021 9:16,C,,569431.19,137131.75,222.785,200-ZP,105.464,,,,,,Calc,,105.464,[],1158.0,1159.0,20.0,38.0,0_bslt,699-45-67C,LU/CR
699-45-67C,50.0,CHARACTERIZATION,na,3/24/2021 10:08,C,,569431.19,137131.75,222.785,200-ZP,101.834,,,,,,Calc,,101.834,[],1158.0,1159.0,20.0,38.0,0_bslt,699-45-67C,LU/CR
699-45-67C,50.0,CHARACTERIZATION,na,3/24/2021 10:08,C,,569431.19,137131.75,222.785,200-ZP,101.834,,,,,,Calc,,101.834,[],1158.0,1159.0,20.0,38.0,0_bslt,699-45-67C,LU/CR
699-45-67C,50.0,CHARACTERIZATION,na,4/5/2021 9:30,C,,569431.19,137131.75,222.785,200-ZP,97.055,,,,,,Calc,,97.055,[],1158.0,1159.0,20.0,38.0,0_bslt,699-45-67C,LU/CR
699-45-67C,50.0,CHARACTERIZATION,na,4/5/2021 9:30,C,,569431.19,137131.75,222.785,200-ZP,97.055,,,,,,Calc,,97.055,[],1158.0,1159.0,20.0,38.0,0_bslt,699-45-67C,LU/CR
699-45-67C,50.0,CHARACTERIZATION,na,4/22/2021 12:50,C,,569431.19,137131.75,222.785,200-ZP,92.515,,,,,,Calc,,92.515,[],1158.0,1159.0,20.0,38.0,0_bslt,699-45-67C,LU/CR
699-45-67C,50.0,CHARACTERIZATION,na,4/22/2021 12:50,C,,569431.19,137131.75,222.785,200-ZP,92.515,,,,,,Calc,,92.515,[],1158.0,1159.0,20.0,38.0,0_bslt,699-45-67C,LU/CR
699-45-67C,50.0,CHARACTERIZATION,na,5/5/2021 11:55,C,,569431.19,137131.75,222.785,200-ZP,88.575,,,,,,Calc,,88.575,[],1158.0,1159.0,20.0,38.0,0_bslt,699-45-67C,LU/CR
699-45-67C,50.0,CHARACTERIZATION,na,5/5/2021 11:55,C,,569431.19,137131.75,222.785,200-ZP,88.575,,,,,,Calc,,88.575,[],1158.0,1159.0,20.0,38.0,0_bslt,699-45-67C,LU/CR
699-45-67C,50.0,CHARACTERIZATION,na,5/19/2021 13:20,C,,569431.19,137131.75,222.785,200-ZP,84.555,,,,,,Calc,,84.555,[],1158.0,1159.0,20.0,38.0,0_bslt,699-45-67C,LU/CR
699-45-67C,50.0,CHARACTERIZATION,na,5/19/2021 13:20,C,,569431.19,137131.75,222.785,200-ZP,84.555,,,,,,Calc,,84.555,[],1158.0,1159.0,20.0,38.0,0_bslt,699-45-67C,LU/CR
699-45-67C,50.0,CHARACTERIZATION,na,6/21/2021 12:54,C,,569431.19,137131.75,222.785,200-ZP,107.585,,,,,,Calc,,107.585,[],1158.0,1159.0,20.0,38.0,0_bslt,699-45-67C,LU/CR
699-45-67C,50.0,CHARACTERIZATION,na,6/21/2021 12:54,C,,569431.19,137131.75,222.785,200-ZP,107.585,,,,,,Calc,,107.585,[],1158.0,1159.0,20.0,38.0,0_bslt,699-45-67C,LU/CR
699-46-61B,50.0,CHARACTERIZATION,na,5/16/2024 9:40,C,,571445.857,137435.061,212.041,200-ZP,114.533,,,,,,Calc,,114.533,[],1001.0,1002.0,17.0,58.0,0_bslt,699-46-61B,LU/CR
699-46-61B,50.0,CHARACTERIZATION,na,5/16/2024 9:40,C,,571445.857,137435.061,212.041,200-ZP,114.533,,,,,,Calc,,114.533,[],1001.0,1002.0,17.0,58.0,0_bslt,699-46-61B,LU/CR
699-46-70,154.0,CHARACTERIZATION,na,1/5/2021 12:30,C,,568697.17,137656.02,218.12,200-ZP,123.175,,,,,,Calc,,123.175,[],797.0,798.0,14.0,31.0,4_rwia,699-46-70,LU/CR
699-46-70,154.0,CHARACTERIZATION,na,1/5/2021 12:30,C,,568697.17,137656.02,218.12,200-ZP,123.175,,,,,,Calc,,123.175,[],797.0,798.0,14.0,31.0,4_rwia,699-46-70,LU/CR
699-46-70,268.0,CHARACTERIZATION,na,1/14/2021 10:45,C,,568697.17,137656.02,218.12,200-ZP,118.08,,,,,,Calc,,118.08,[],797.0,798.0,14.0,31.0,4_rwia,699-46-70,LU/CR
699-46-70,268.0,CHARACTERIZATION,na,1/14/2021 10:45,C,,568697.17,137656.02,218.12,200-ZP,118.08,,,,,,Calc,,118.08,[],797.0,798.0,14.0,31.0,4_rwia,699-46-70,LU/CR
699-46-70,345.0,CHARACTERIZATION,na,1/28/2021 11:15,C,,568697.17,137656.02,218.12,200-ZP,113.016,,,,,,Calc,,113.016,[],797.0,798.0,14.0,31.0,4_rwia,699-46-70,LU/CR
699-46-70,345.0,CHARACTERIZATION,na,1/28/2021 11:15,C,,568697.17,137656.02,218.12,200-ZP,113.016,,,,,,Calc,,113.016,[],797.0,798.0,14.0,31.0,4_rwia,699-46-70,LU/CR
699-46-70,325.0,CHARACTERIZATION,na,2/8/2021 13:19,C,,568697.17,137656.02,218.12,200-ZP,110.3,,,,,,Calc,,110.3,[],797.0,798.0,14.0,31.0,4_rwia,699-46-70,LU/CR
699-46-70,325.0,CHARACTERIZATION,na,2/8/2021 13:19,C,,568697.17,137656.02,218.12,200-ZP,110.3,,,,,,Calc,,110.3,[],797.0,798.0,14.0,31.0,4_rwia,699-46-70,LU/CR
699-46-70,299.0,CHARACTERIZATION,na,2/22/2021 13:40,C,,568697.17,137656.02,218.12,200-ZP,106.917,,,,,,Calc,,106.917,[],797.0,798.0,14.0,31.0,4_rwia,699-46-70,LU/CR
699-46-70,299.0,CHARACTERIZATION,na,2/22/2021 13:40,C,,568697.17,137656.02,218.12,200-ZP,106.917,,,,,,Calc,,106.917,[],797.0,798.0,14.0,31.0,4_rwia,699-46-70,LU/CR
699-46-70,253.0,CHARACTERIZATION,na,3/16/2021 12:10,C,,568697.17,137656.02,218.12,200-ZP,101.769,,,,,,Calc,,101.769,[],797.0,798.0,14.0,31.0,0_bslt,699-46-70,LU/CR
699-46-70,253.0,CHARACTERIZATION,na,3/16/2021 12:10,C,,568697.17,137656.02,218.12,200-ZP,101.769,,,,,,Calc,,101.769,[],797.0,798.0,14.0,31.0,0_bslt,699-46-70,LU/CR
699-46-70,136.0,CHARACTERIZATION,na,3/29/2021 10:45,C,,568697.17,137656.02,218.12,200-ZP,96.358,,,,,,Calc,,96.358,[],797.0,798.0,14.0,31.0,0_bslt,699-46-70,LU/CR
699-46-70,136.0,CHARACTERIZATION,na,3/29/2021 10:45,C,,568697.17,137656.02,218.12,200-ZP,96.358,,,,,,Calc,,96.358,[],797.0,798.0,14.0,31.0,0_bslt,699-46-70,LU/CR
699-46-70,196.0,CHARACTERIZATION,na,4/13/2021 10:05,C,,568697.17,137656.02,218.12,200-ZP,90.86,,,,,,Calc,,90.86,[],797.0,798.0,14.0,31.0,0_bslt,699-46-70,LU/CR
699-46-70,196.0,CHARACTERIZATION,na,4/13/2021 10:05,C,,568697.17,137656.02,218.12,200-ZP,90.86,,,,,,Calc,,90.86,[],797.0,798.0,14.0,31.0,0_bslt,699-46-70,LU/CR
699-46-70,56.2,CHARACTERIZATION,na,4/28/2021 14:00,C,,568697.17,137656.02,218.12,200-ZP,82.386,,,,,,Calc,,82.386,[],797.0,798.0,14.0,31.0,0_bslt,699-46-70,LU/CR
699-46-70,56.2,CHARACTERIZATION,na,4/28/2021 14:00,C,,568697.17,137656.02,218.12,200-ZP,82.386,,,,,,Calc,,82.386,[],797.0,798.0,14.0,31.0,0_bslt,699-46-70,LU/CR
699-46-70,212.0,CHARACTERIZATION,na,5/24/2021 9:20,C,,568697.17,137656.02,218.12,200-ZP,97.587,,,,,,Calc,,97.587,[],797.0,798.0,14.0,31.0,0_bslt,699-46-70,LU/CR
699-46-70,212.0,CHARACTERIZATION,na,5/24/2021 9:20,C,,568697.17,137656.02,218.12,200-ZP,97.587,,,,,,Calc,,97.587,[],797.0,798.0,14.0,31.0,0_bslt,699-46-70,LU/CR
